Year,Year Code,Country Name,Country Code,"Physicians (per 1,000 people) [SH.MED.PHYS.ZS]"
1990,YR1990,Africa Eastern and Southern,AFE,0.160500657589408
1990,YR1990,Africa Western and Central,AFW,0.126718244004137
1990,YR1990,Arab World,ARB,0.719201414189664
1990,YR1990,Caribbean small states,CSS,0.6071546104511
1990,YR1990,Central Europe and the Baltics,CEB,2.44555248916578
1990,YR1990,Early-demographic dividend,EAR,0.867341541832104
1990,YR1990,East Asia & Pacific,EAS,0.939018323546348
1990,YR1990,East Asia & Pacific (excluding high income),EAP,0.869134984640793
1990,YR1990,East Asia & Pacific (IDA & IBRD countries),TEA,0.869134984640793
1990,YR1990,Euro area,EMU,3.12761950543472
1990,YR1990,Europe & Central Asia,ECS,3.12125421527251
1990,YR1990,Europe & Central Asia (excluding high income),ECA,2.89458335437038
1990,YR1990,Europe & Central Asia (IDA & IBRD countries),TEC,3.3486555146228
1990,YR1990,European Union,EUU,2.94584165575887
1990,YR1990,Fragile and conflict affected situations,FCS,0.714137182000627
1990,YR1990,Heavily indebted poor countries (HIPC),HPC,0.0875557252160483
1990,YR1990,High income,HIC,2.49093404371388
1990,YR1990,IBRD only,IBD,..
1990,YR1990,IDA & IBRD total,IBT,1.08891122505701
1990,YR1990,IDA blend,IDB,..
1990,YR1990,IDA only,IDX,..
1990,YR1990,IDA total,IDA,..
1990,YR1990,Late-demographic dividend,LTE,1.40748006481951
1990,YR1990,Latin America & Caribbean,LCN,1.21524153911336
1990,YR1990,Latin America & Caribbean (excluding high income),LAC,1.18646485144512
1990,YR1990,Latin America & the Caribbean (IDA & IBRD countries),TLA,1.1546522232434
1990,YR1990,Least developed countries: UN classification,LDC,0.0871604115434094
1990,YR1990,Low & middle income,LMY,0.942470258829293
1990,YR1990,Low income,LIC,0.0897824585341231
1990,YR1990,Lower middle income,LMC,0.830418108007125
1990,YR1990,Middle East & North Africa,MEA,0.680522161790748
1990,YR1990,Middle East & North Africa (excluding high income),MNA,0.573618626916676
1990,YR1990,Middle East & North Africa (IDA & IBRD countries),TMN,0.573618626916676
1990,YR1990,Middle income,MIC,0.993707174455852
1990,YR1990,North America,NAC,1.82995642941219
1990,YR1990,Not classified,INX,..
1990,YR1990,OECD members,OED,2.03853432778845
1990,YR1990,Other small states,OSS,1.32767918350761
1990,YR1990,Pacific island small states,PSS,0.277349892333116
1990,YR1990,Post-demographic dividend,PST,2.39298343521512
1990,YR1990,Pre-demographic dividend,PRE,0.131469038484337
1990,YR1990,Small states,SST,1.04272967173913
1990,YR1990,South Asia,SAS,1.00103708404441
1990,YR1990,South Asia (IDA & IBRD),TSA,1.00103708404441
1990,YR1990,Sub-Saharan Africa,SSF,0.144696813894512
1990,YR1990,Sub-Saharan Africa (excluding high income),SSA,0.144696813894512
1990,YR1990,Sub-Saharan Africa (IDA & IBRD countries),TSS,0.144696813894513
1990,YR1990,Upper middle income,UMC,1.12419258635059
1990,YR1990,World,WLD,1.29539194942795
1990,YR1990,Afghanistan,AFG,0.109
1990,YR1990,Albania,ALB,1.371
1990,YR1990,Algeria,DZA,0.942
1990,YR1990,American Samoa,ASM,..
1990,YR1990,Andorra,AND,..
1990,YR1990,Angola,AGO,0.042
1990,YR1990,Antigua and Barbuda,ATG,0.76
1990,YR1990,Argentina,ARG,2.68
1990,YR1990,Armenia,ARM,..
1990,YR1990,Aruba,ABW,..
1990,YR1990,Australia,AUS,2.17
1990,YR1990,Austria,AUT,3.009
1990,YR1990,Azerbaijan,AZE,3.701
1990,YR1990,"Bahamas, The",BHS,1.29
1990,YR1990,Bahrain,BHR,..
1990,YR1990,Bangladesh,BGD,0.177
1990,YR1990,Barbados,BRB,1.14
1990,YR1990,Belarus,BLR,2.9109
1990,YR1990,Belgium,BEL,3.268
1990,YR1990,Belize,BLZ,0.639
1990,YR1990,Benin,BEN,0.051
1990,YR1990,Bermuda,BMU,..
1990,YR1990,Bhutan,BTN,0.333
1990,YR1990,Bolivia,BOL,0.45
1990,YR1990,Bosnia and Herzegovina,BIH,1.565
1990,YR1990,Botswana,BWA,..
1990,YR1990,Brazil,BRA,1.074
1990,YR1990,British Virgin Islands,VGB,..
1990,YR1990,Brunei Darussalam,BRN,..
1990,YR1990,Bulgaria,BGR,3.25
1990,YR1990,Burkina Faso,BFA,..
1990,YR1990,Burundi,BDI,0.058
1990,YR1990,Cabo Verde,CPV,..
1990,YR1990,Cambodia,KHM,..
1990,YR1990,Cameroon,CMR,0.082
1990,YR1990,Canada,CAN,2.1
1990,YR1990,Cayman Islands,CYM,1.7
1990,YR1990,Central African Republic,CAF,0.038
1990,YR1990,Chad,TCD,..
1990,YR1990,Channel Islands,CHI,..
1990,YR1990,Chile,CHL,1.1
1990,YR1990,China,CHN,1.129
1990,YR1990,Colombia,COL,0.803
1990,YR1990,Comoros,COM,0.113
1990,YR1990,"Congo, Dem. Rep.",COD,0.066
1990,YR1990,"Congo, Rep.",COG,0.276
1990,YR1990,Costa Rica,CRI,1.26
1990,YR1990,Cote d'Ivoire,CIV,0.088
1990,YR1990,Croatia,HRV,2.91
1990,YR1990,Cuba,CUB,3.641
1990,YR1990,Curacao,CUW,..
1990,YR1990,Cyprus,CYP,1.519
1990,YR1990,Czechia,CZE,2.722
1990,YR1990,Denmark,DNK,2.494
1990,YR1990,Djibouti,DJI,0.162
1990,YR1990,Dominica,DMA,0.46
1990,YR1990,Dominican Republic,DOM,1.49
1990,YR1990,Ecuador,ECU,0.936
1990,YR1990,"Egypt, Arab Rep.",EGY,0.76
1990,YR1990,El Salvador,SLV,0.84
1990,YR1990,Equatorial Guinea,GNQ,0.281
1990,YR1990,Eritrea,ERI,..
1990,YR1990,Estonia,EST,3.5
1990,YR1990,Eswatini,SWZ,0.108
1990,YR1990,Ethiopia,ETH,..
1990,YR1990,Faroe Islands,FRO,..
1990,YR1990,Fiji,FJI,..
1990,YR1990,Finland,FIN,2.898
1990,YR1990,France,FRA,3.118
1990,YR1990,French Polynesia,PYF,..
1990,YR1990,Gabon,GAB,..
1990,YR1990,"Gambia, The",GMB,..
1990,YR1990,Georgia,GEO,4.926
1990,YR1990,Germany,DEU,..
1990,YR1990,Ghana,GHA,..
1990,YR1990,Gibraltar,GIB,..
1990,YR1990,Greece,GRC,3.333
1990,YR1990,Greenland,GRL,..
1990,YR1990,Grenada,GRD,0.5
1990,YR1990,Guam,GUM,..
1990,YR1990,Guatemala,GTM,0.78
1990,YR1990,Guinea,GIN,0.134
1990,YR1990,Guinea-Bissau,GNB,..
1990,YR1990,Guyana,GUY,0.17
1990,YR1990,Haiti,HTI,0.08
1990,YR1990,Honduras,HND,0.7
1990,YR1990,"Hong Kong SAR, China",HKG,..
1990,YR1990,Hungary,HUN,2.942
1990,YR1990,Iceland,ISL,2.847
1990,YR1990,India,IND,..
1990,YR1990,Indonesia,IDN,0.144
1990,YR1990,"Iran, Islamic Rep.",IRN,..
1990,YR1990,Iraq,IRQ,0.603
1990,YR1990,Ireland,IRL,1.564
1990,YR1990,Isle of Man,IMN,0.577
1990,YR1990,Israel,ISR,2.992
1990,YR1990,Italy,ITA,4.695
1990,YR1990,Jamaica,JAM,0.57
1990,YR1990,Japan,JPN,1.649
1990,YR1990,Jordan,JOR,..
1990,YR1990,Kazakhstan,KAZ,3.93
1990,YR1990,Kenya,KEN,..
1990,YR1990,Kiribati,KIR,0.193
1990,YR1990,"Korea, Dem. People's Rep.",PRK,..
1990,YR1990,"Korea, Rep.",KOR,0.811
1990,YR1990,Kosovo,XKX,..
1990,YR1990,Kuwait,KWT,..
1990,YR1990,Kyrgyz Republic,KGZ,3.423
1990,YR1990,Lao PDR,LAO,0.234
1990,YR1990,Latvia,LVA,3.51
1990,YR1990,Lebanon,LBN,..
1990,YR1990,Lesotho,LSO,0.043
1990,YR1990,Liberia,LBR,..
1990,YR1990,Libya,LBY,1.071
1990,YR1990,Liechtenstein,LIE,..
1990,YR1990,Lithuania,LTU,3.908
1990,YR1990,Luxembourg,LUX,2.009
1990,YR1990,"Macao SAR, China",MAC,..
1990,YR1990,Madagascar,MDG,0.12
1990,YR1990,Malawi,MWI,0.022
1990,YR1990,Malaysia,MYS,0.392
1990,YR1990,Maldives,MDV,0.07
1990,YR1990,Mali,MLI,0.051
1990,YR1990,Malta,MLT,2.189
1990,YR1990,Marshall Islands,MHL,..
1990,YR1990,Mauritania,MRT,0.063
1990,YR1990,Mauritius,MUS,0.811
1990,YR1990,Mexico,MEX,1.002
1990,YR1990,"Micronesia, Fed. Sts.",FSM,..
1990,YR1990,Moldova,MDA,3.456
1990,YR1990,Monaco,MCO,..
1990,YR1990,Mongolia,MNG,2.538
1990,YR1990,Montenegro,MNE,..
1990,YR1990,Morocco,MAR,..
1990,YR1990,Mozambique,MOZ,0.012
1990,YR1990,Myanmar,MMR,0.078
1990,YR1990,Namibia,NAM,..
1990,YR1990,Nauru,NRU,..
1990,YR1990,Nepal,NPL,0.051
1990,YR1990,Netherlands,NLD,2.507
1990,YR1990,New Caledonia,NCL,..
1990,YR1990,New Zealand,NZL,1.866
1990,YR1990,Nicaragua,NIC,0.657
1990,YR1990,Niger,NER,0.018
1990,YR1990,Nigeria,NGA,..
1990,YR1990,North Macedonia,MKD,2.151
1990,YR1990,Northern Mariana Islands,MNP,..
1990,YR1990,Norway,NOR,..
1990,YR1990,Oman,OMN,0.799
1990,YR1990,Pakistan,PAK,0.462
1990,YR1990,Palau,PLW,..
1990,YR1990,Panama,PAN,1.122
1990,YR1990,Papua New Guinea,PNG,0.073
1990,YR1990,Paraguay,PRY,0.65
1990,YR1990,Peru,PER,1.064
1990,YR1990,Philippines,PHL,0.119
1990,YR1990,Poland,POL,2.145
1990,YR1990,Portugal,PRT,2.8
1990,YR1990,Puerto Rico,PRI,..
1990,YR1990,Qatar,QAT,1.5
1990,YR1990,Romania,ROU,1.802
1990,YR1990,Russian Federation,RUS,4.509
1990,YR1990,Rwanda,RWA,..
1990,YR1990,Samoa,WSM,..
1990,YR1990,San Marino,SMR,..
1990,YR1990,Sao Tome and Principe,STP,0.53
1990,YR1990,Saudi Arabia,SAU,1.433
1990,YR1990,Senegal,SEN,0.055
1990,YR1990,Serbia,SRB,..
1990,YR1990,Seychelles,SYC,..
1990,YR1990,Sierra Leone,SLE,..
1990,YR1990,Singapore,SGP,1.266
1990,YR1990,Sint Maarten (Dutch part),SXM,..
1990,YR1990,Slovak Republic,SVK,..
1990,YR1990,Slovenia,SVN,2.07
1990,YR1990,Solomon Islands,SLB,..
1990,YR1990,Somalia,SOM,..
1990,YR1990,South Africa,ZAF,..
1990,YR1990,South Sudan,SSD,..
1990,YR1990,Spain,ESP,2.047
1990,YR1990,Sri Lanka,LKA,..
1990,YR1990,St. Kitts and Nevis,KNA,0.69
1990,YR1990,St. Lucia,LCA,0.35
1990,YR1990,St. Martin (French part),MAF,..
1990,YR1990,St. Vincent and the Grenadines,VCT,0.46
1990,YR1990,Sudan,SDN,..
1990,YR1990,Suriname,SUR,0.75
1990,YR1990,Sweden,SWE,3.253
1990,YR1990,Switzerland,CHE,2.984
1990,YR1990,Syrian Arab Republic,SYR,0.835
1990,YR1990,Tajikistan,TJK,2.497
1990,YR1990,Tanzania,TZA,..
1990,YR1990,Thailand,THA,0.225
1990,YR1990,Timor-Leste,TLS,..
1990,YR1990,Togo,TGO,..
1990,YR1990,Tonga,TON,..
1990,YR1990,Trinidad and Tobago,TTO,0.72
1990,YR1990,Tunisia,TUN,0.524
1990,YR1990,Turkiye,TUR,0.932
1990,YR1990,Turkmenistan,TKM,3.614
1990,YR1990,Turks and Caicos Islands,TCA,..
1990,YR1990,Tuvalu,TUV,..
1990,YR1990,Uganda,UGA,..
1990,YR1990,Ukraine,UKR,4.29
1990,YR1990,United Arab Emirates,ARE,..
1990,YR1990,United Kingdom,GBR,1.618
1990,YR1990,United States,USA,1.8
1990,YR1990,Uruguay,URY,3.68
1990,YR1990,Uzbekistan,UZB,3.361
1990,YR1990,Vanuatu,VUT,..
1990,YR1990,"Venezuela, RB",VEN,1.564
1990,YR1990,Viet Nam,VNM,0.404
1990,YR1990,Virgin Islands (U.S.),VIR,1.65
1990,YR1990,West Bank and Gaza,PSE,..
1990,YR1990,"Yemen, Rep.",YEM,0.007
1990,YR1990,Zambia,ZMB,0.092
1990,YR1990,Zimbabwe,ZWE,0.131
1991,YR1991,Africa Eastern and Southern,AFE,..
1991,YR1991,Africa Western and Central,AFW,..
1991,YR1991,Arab World,ARB,..
1991,YR1991,Caribbean small states,CSS,..
1991,YR1991,Central Europe and the Baltics,CEB,..
1991,YR1991,Early-demographic dividend,EAR,..
1991,YR1991,East Asia & Pacific,EAS,..
1991,YR1991,East Asia & Pacific (excluding high income),EAP,..
1991,YR1991,East Asia & Pacific (IDA & IBRD countries),TEA,..
1991,YR1991,Euro area,EMU,..
1991,YR1991,Europe & Central Asia,ECS,..
1991,YR1991,Europe & Central Asia (excluding high income),ECA,..
1991,YR1991,Europe & Central Asia (IDA & IBRD countries),TEC,..
1991,YR1991,European Union,EUU,..
1991,YR1991,Fragile and conflict affected situations,FCS,..
1991,YR1991,Heavily indebted poor countries (HIPC),HPC,..
1991,YR1991,High income,HIC,..
1991,YR1991,IBRD only,IBD,..
1991,YR1991,IDA & IBRD total,IBT,..
1991,YR1991,IDA blend,IDB,..
1991,YR1991,IDA only,IDX,..
1991,YR1991,IDA total,IDA,..
1991,YR1991,Late-demographic dividend,LTE,..
1991,YR1991,Latin America & Caribbean,LCN,..
1991,YR1991,Latin America & Caribbean (excluding high income),LAC,..
1991,YR1991,Latin America & the Caribbean (IDA & IBRD countries),TLA,..
1991,YR1991,Least developed countries: UN classification,LDC,..
1991,YR1991,Low & middle income,LMY,..
1991,YR1991,Low income,LIC,..
1991,YR1991,Lower middle income,LMC,..
1991,YR1991,Middle East & North Africa,MEA,..
1991,YR1991,Middle East & North Africa (excluding high income),MNA,..
1991,YR1991,Middle East & North Africa (IDA & IBRD countries),TMN,..
1991,YR1991,Middle income,MIC,..
1991,YR1991,North America,NAC,..
1991,YR1991,Not classified,INX,..
1991,YR1991,OECD members,OED,..
1991,YR1991,Other small states,OSS,..
1991,YR1991,Pacific island small states,PSS,..
1991,YR1991,Post-demographic dividend,PST,..
1991,YR1991,Pre-demographic dividend,PRE,..
1991,YR1991,Small states,SST,..
1991,YR1991,South Asia,SAS,..
1991,YR1991,South Asia (IDA & IBRD),TSA,..
1991,YR1991,Sub-Saharan Africa,SSF,..
1991,YR1991,Sub-Saharan Africa (excluding high income),SSA,..
1991,YR1991,Sub-Saharan Africa (IDA & IBRD countries),TSS,..
1991,YR1991,Upper middle income,UMC,..
1991,YR1991,World,WLD,..
1991,YR1991,Afghanistan,AFG,..
1991,YR1991,Albania,ALB,1.452
1991,YR1991,Algeria,DZA,..
1991,YR1991,American Samoa,ASM,..
1991,YR1991,Andorra,AND,..
1991,YR1991,Angola,AGO,..
1991,YR1991,Antigua and Barbuda,ATG,0.919
1991,YR1991,Argentina,ARG,..
1991,YR1991,Armenia,ARM,..
1991,YR1991,Aruba,ABW,..
1991,YR1991,Australia,AUS,2.336
1991,YR1991,Austria,AUT,3.088
1991,YR1991,Azerbaijan,AZE,3.732
1991,YR1991,"Bahamas, The",BHS,..
1991,YR1991,Bahrain,BHR,1.315
1991,YR1991,Bangladesh,BGD,0.188
1991,YR1991,Barbados,BRB,..
1991,YR1991,Belarus,BLR,2.8961
1991,YR1991,Belgium,BEL,3.331
1991,YR1991,Belize,BLZ,..
1991,YR1991,Benin,BEN,0.042
1991,YR1991,Bermuda,BMU,..
1991,YR1991,Bhutan,BTN,..
1991,YR1991,Bolivia,BOL,..
1991,YR1991,Bosnia and Herzegovina,BIH,1.561
1991,YR1991,Botswana,BWA,..
1991,YR1991,Brazil,BRA,..
1991,YR1991,British Virgin Islands,VGB,..
1991,YR1991,Brunei Darussalam,BRN,0.746
1991,YR1991,Bulgaria,BGR,3.068
1991,YR1991,Burkina Faso,BFA,..
1991,YR1991,Burundi,BDI,0.059
1991,YR1991,Cabo Verde,CPV,..
1991,YR1991,Cambodia,KHM,..
1991,YR1991,Cameroon,CMR,..
1991,YR1991,Canada,CAN,2.1
1991,YR1991,Cayman Islands,CYM,..
1991,YR1991,Central African Republic,CAF,..
1991,YR1991,Chad,TCD,..
1991,YR1991,Channel Islands,CHI,..
1991,YR1991,Chile,CHL,1.066
1991,YR1991,China,CHN,..
1991,YR1991,Colombia,COL,0.859
1991,YR1991,Comoros,COM,..
1991,YR1991,"Congo, Dem. Rep.",COD,..
1991,YR1991,"Congo, Rep.",COG,..
1991,YR1991,Costa Rica,CRI,..
1991,YR1991,Cote d'Ivoire,CIV,..
1991,YR1991,Croatia,HRV,2.628
1991,YR1991,Cuba,CUB,3.979
1991,YR1991,Curacao,CUW,..
1991,YR1991,Cyprus,CYP,1.583
1991,YR1991,Czechia,CZE,2.676
1991,YR1991,Denmark,DNK,2.429
1991,YR1991,Djibouti,DJI,..
1991,YR1991,Dominica,DMA,0.528
1991,YR1991,Dominican Republic,DOM,..
1991,YR1991,Ecuador,ECU,1.142
1991,YR1991,"Egypt, Arab Rep.",EGY,..
1991,YR1991,El Salvador,SLV,..
1991,YR1991,Equatorial Guinea,GNQ,..
1991,YR1991,Eritrea,ERI,..
1991,YR1991,Estonia,EST,3.526
1991,YR1991,Eswatini,SWZ,..
1991,YR1991,Ethiopia,ETH,..
1991,YR1991,Faroe Islands,FRO,..
1991,YR1991,Fiji,FJI,..
1991,YR1991,Finland,FIN,2.985
1991,YR1991,France,FRA,3.171
1991,YR1991,French Polynesia,PYF,..
1991,YR1991,Gabon,GAB,0.187
1991,YR1991,"Gambia, The",GMB,..
1991,YR1991,Georgia,GEO,4.898
1991,YR1991,Germany,DEU,2.762
1991,YR1991,Ghana,GHA,..
1991,YR1991,Gibraltar,GIB,..
1991,YR1991,Greece,GRC,3.584
1991,YR1991,Greenland,GRL,..
1991,YR1991,Grenada,GRD,..
1991,YR1991,Guam,GUM,..
1991,YR1991,Guatemala,GTM,..
1991,YR1991,Guinea,GIN,..
1991,YR1991,Guinea-Bissau,GNB,..
1991,YR1991,Guyana,GUY,..
1991,YR1991,Haiti,HTI,..
1991,YR1991,Honduras,HND,0.411
1991,YR1991,"Hong Kong SAR, China",HKG,..
1991,YR1991,Hungary,HUN,3.029
1991,YR1991,Iceland,ISL,2.845
1991,YR1991,India,IND,1.224
1991,YR1991,Indonesia,IDN,0.148
1991,YR1991,"Iran, Islamic Rep.",IRN,..
1991,YR1991,Iraq,IRQ,..
1991,YR1991,Ireland,IRL,1.711
1991,YR1991,Isle of Man,IMN,..
1991,YR1991,Israel,ISR,3.189
1991,YR1991,Italy,ITA,4.874
1991,YR1991,Jamaica,JAM,..
1991,YR1991,Japan,JPN,..
1991,YR1991,Jordan,JOR,1.348
1991,YR1991,Kazakhstan,KAZ,3.797
1991,YR1991,Kenya,KEN,..
1991,YR1991,Kiribati,KIR,0.176
1991,YR1991,"Korea, Dem. People's Rep.",PRK,..
1991,YR1991,"Korea, Rep.",KOR,0.875
1991,YR1991,Kosovo,XKX,..
1991,YR1991,Kuwait,KWT,..
1991,YR1991,Kyrgyz Republic,KGZ,3.446
1991,YR1991,Lao PDR,LAO,..
1991,YR1991,Latvia,LVA,3.573
1991,YR1991,Lebanon,LBN,1.326
1991,YR1991,Lesotho,LSO,..
1991,YR1991,Liberia,LBR,..
1991,YR1991,Libya,LBY,..
1991,YR1991,Liechtenstein,LIE,..
1991,YR1991,Lithuania,LTU,3.813
1991,YR1991,Luxembourg,LUX,2.019
1991,YR1991,"Macao SAR, China",MAC,..
1991,YR1991,Madagascar,MDG,..
1991,YR1991,Malawi,MWI,..
1991,YR1991,Malaysia,MYS,0.393
1991,YR1991,Maldives,MDV,0.19
1991,YR1991,Mali,MLI,..
1991,YR1991,Malta,MLT,2.373
1991,YR1991,Marshall Islands,MHL,..
1991,YR1991,Mauritania,MRT,..
1991,YR1991,Mauritius,MUS,0.835
1991,YR1991,Mexico,MEX,1.193
1991,YR1991,"Micronesia, Fed. Sts.",FSM,..
1991,YR1991,Moldova,MDA,3.383
1991,YR1991,Monaco,MCO,..
1991,YR1991,Mongolia,MNG,2.695
1991,YR1991,Montenegro,MNE,..
1991,YR1991,Morocco,MAR,..
1991,YR1991,Mozambique,MOZ,..
1991,YR1991,Myanmar,MMR,..
1991,YR1991,Namibia,NAM,0.231
1991,YR1991,Nauru,NRU,..
1991,YR1991,Nepal,NPL,0.062
1991,YR1991,Netherlands,NLD,2.597
1991,YR1991,New Caledonia,NCL,..
1991,YR1991,New Zealand,NZL,1.889
1991,YR1991,Nicaragua,NIC,..
1991,YR1991,Niger,NER,..
1991,YR1991,Nigeria,NGA,..
1991,YR1991,North Macedonia,MKD,2.203
1991,YR1991,Northern Mariana Islands,MNP,..
1991,YR1991,Norway,NOR,2.602
1991,YR1991,Oman,OMN,..
1991,YR1991,Pakistan,PAK,0.48
1991,YR1991,Palau,PLW,..
1991,YR1991,Panama,PAN,1.132
1991,YR1991,Papua New Guinea,PNG,..
1991,YR1991,Paraguay,PRY,0.813
1991,YR1991,Peru,PER,..
1991,YR1991,Philippines,PHL,..
1991,YR1991,Poland,POL,2.173
1991,YR1991,Portugal,PRT,2.838
1991,YR1991,Puerto Rico,PRI,..
1991,YR1991,Qatar,QAT,..
1991,YR1991,Romania,ROU,1.816
1991,YR1991,Russian Federation,RUS,4.259
1991,YR1991,Rwanda,RWA,..
1991,YR1991,Samoa,WSM,..
1991,YR1991,San Marino,SMR,..
1991,YR1991,Sao Tome and Principe,STP,..
1991,YR1991,Saudi Arabia,SAU,..
1991,YR1991,Senegal,SEN,..
1991,YR1991,Serbia,SRB,..
1991,YR1991,Seychelles,SYC,..
1991,YR1991,Sierra Leone,SLE,..
1991,YR1991,Singapore,SGP,1.32
1991,YR1991,Sint Maarten (Dutch part),SXM,..
1991,YR1991,Slovak Republic,SVK,..
1991,YR1991,Slovenia,SVN,2.088
1991,YR1991,Solomon Islands,SLB,..
1991,YR1991,Somalia,SOM,..
1991,YR1991,South Africa,ZAF,..
1991,YR1991,South Sudan,SSD,..
1991,YR1991,Spain,ESP,3.931
1991,YR1991,Sri Lanka,LKA,0.14
1991,YR1991,St. Kitts and Nevis,KNA,0.691
1991,YR1991,St. Lucia,LCA,0.393
1991,YR1991,St. Martin (French part),MAF,..
1991,YR1991,St. Vincent and the Grenadines,VCT,0.135
1991,YR1991,Sudan,SDN,..
1991,YR1991,Suriname,SUR,..
1991,YR1991,Sweden,SWE,3.37
1991,YR1991,Switzerland,CHE,3.031
1991,YR1991,Syrian Arab Republic,SYR,..
1991,YR1991,Tajikistan,TJK,2.549
1991,YR1991,Tanzania,TZA,..
1991,YR1991,Thailand,THA,0.228
1991,YR1991,Timor-Leste,TLS,..
1991,YR1991,Togo,TGO,0.088
1991,YR1991,Tonga,TON,0.508
1991,YR1991,Trinidad and Tobago,TTO,0.732
1991,YR1991,Tunisia,TUN,0.522
1991,YR1991,Turkiye,TUR,0.985
1991,YR1991,Turkmenistan,TKM,3.673
1991,YR1991,Turks and Caicos Islands,TCA,..
1991,YR1991,Tuvalu,TUV,..
1991,YR1991,Uganda,UGA,..
1991,YR1991,Ukraine,UKR,4.345
1991,YR1991,United Arab Emirates,ARE,..
1991,YR1991,United Kingdom,GBR,1.633
1991,YR1991,United States,USA,1.9
1991,YR1991,Uruguay,URY,..
1991,YR1991,Uzbekistan,UZB,3.35
1991,YR1991,Vanuatu,VUT,0.099
1991,YR1991,"Venezuela, RB",VEN,..
1991,YR1991,Viet Nam,VNM,0.407
1991,YR1991,Virgin Islands (U.S.),VIR,..
1991,YR1991,West Bank and Gaza,PSE,..
1991,YR1991,"Yemen, Rep.",YEM,..
1991,YR1991,Zambia,ZMB,..
1991,YR1991,Zimbabwe,ZWE,..
1992,YR1992,Africa Eastern and Southern,AFE,..
1992,YR1992,Africa Western and Central,AFW,..
1992,YR1992,Arab World,ARB,..
1992,YR1992,Caribbean small states,CSS,..
1992,YR1992,Central Europe and the Baltics,CEB,..
1992,YR1992,Early-demographic dividend,EAR,..
1992,YR1992,East Asia & Pacific,EAS,..
1992,YR1992,East Asia & Pacific (excluding high income),EAP,..
1992,YR1992,East Asia & Pacific (IDA & IBRD countries),TEA,..
1992,YR1992,Euro area,EMU,..
1992,YR1992,Europe & Central Asia,ECS,..
1992,YR1992,Europe & Central Asia (excluding high income),ECA,..
1992,YR1992,Europe & Central Asia (IDA & IBRD countries),TEC,..
1992,YR1992,European Union,EUU,..
1992,YR1992,Fragile and conflict affected situations,FCS,..
1992,YR1992,Heavily indebted poor countries (HIPC),HPC,..
1992,YR1992,High income,HIC,..
1992,YR1992,IBRD only,IBD,..
1992,YR1992,IDA & IBRD total,IBT,..
1992,YR1992,IDA blend,IDB,..
1992,YR1992,IDA only,IDX,..
1992,YR1992,IDA total,IDA,..
1992,YR1992,Late-demographic dividend,LTE,..
1992,YR1992,Latin America & Caribbean,LCN,..
1992,YR1992,Latin America & Caribbean (excluding high income),LAC,..
1992,YR1992,Latin America & the Caribbean (IDA & IBRD countries),TLA,..
1992,YR1992,Least developed countries: UN classification,LDC,..
1992,YR1992,Low & middle income,LMY,..
1992,YR1992,Low income,LIC,..
1992,YR1992,Lower middle income,LMC,..
1992,YR1992,Middle East & North Africa,MEA,..
1992,YR1992,Middle East & North Africa (excluding high income),MNA,..
1992,YR1992,Middle East & North Africa (IDA & IBRD countries),TMN,..
1992,YR1992,Middle income,MIC,..
1992,YR1992,North America,NAC,..
1992,YR1992,Not classified,INX,..
1992,YR1992,OECD members,OED,..
1992,YR1992,Other small states,OSS,..
1992,YR1992,Pacific island small states,PSS,..
1992,YR1992,Post-demographic dividend,PST,..
1992,YR1992,Pre-demographic dividend,PRE,..
1992,YR1992,Small states,SST,..
1992,YR1992,South Asia,SAS,..
1992,YR1992,South Asia (IDA & IBRD),TSA,..
1992,YR1992,Sub-Saharan Africa,SSF,..
1992,YR1992,Sub-Saharan Africa (excluding high income),SSA,..
1992,YR1992,Sub-Saharan Africa (IDA & IBRD countries),TSS,..
1992,YR1992,Upper middle income,UMC,..
1992,YR1992,World,WLD,..
1992,YR1992,Afghanistan,AFG,..
1992,YR1992,Albania,ALB,1.593
1992,YR1992,Algeria,DZA,..
1992,YR1992,American Samoa,ASM,..
1992,YR1992,Andorra,AND,..
1992,YR1992,Angola,AGO,..
1992,YR1992,Antigua and Barbuda,ATG,..
1992,YR1992,Argentina,ARG,2.645
1992,YR1992,Armenia,ARM,..
1992,YR1992,Aruba,ABW,..
1992,YR1992,Australia,AUS,2.374
1992,YR1992,Austria,AUT,3.213
1992,YR1992,Azerbaijan,AZE,3.687
1992,YR1992,"Bahamas, The",BHS,..
1992,YR1992,Bahrain,BHR,..
1992,YR1992,Bangladesh,BGD,..
1992,YR1992,Barbados,BRB,..
1992,YR1992,Belarus,BLR,2.9409
1992,YR1992,Belgium,BEL,3.401
1992,YR1992,Belize,BLZ,..
1992,YR1992,Benin,BEN,0.055
1992,YR1992,Bermuda,BMU,..
1992,YR1992,Bhutan,BTN,..
1992,YR1992,Bolivia,BOL,..
1992,YR1992,Bosnia and Herzegovina,BIH,..
1992,YR1992,Botswana,BWA,..
1992,YR1992,Brazil,BRA,1.128
1992,YR1992,British Virgin Islands,VGB,..
1992,YR1992,Brunei Darussalam,BRN,..
1992,YR1992,Bulgaria,BGR,3.119
1992,YR1992,Burkina Faso,BFA,..
1992,YR1992,Burundi,BDI,..
1992,YR1992,Cabo Verde,CPV,0.234
1992,YR1992,Cambodia,KHM,0.107
1992,YR1992,Cameroon,CMR,0.084
1992,YR1992,Canada,CAN,2.1
1992,YR1992,Cayman Islands,CYM,..
1992,YR1992,Central African Republic,CAF,..
1992,YR1992,Chad,TCD,..
1992,YR1992,Channel Islands,CHI,..
1992,YR1992,Chile,CHL,0.99
1992,YR1992,China,CHN,..
1992,YR1992,Colombia,COL,0.917
1992,YR1992,Comoros,COM,0.127
1992,YR1992,"Congo, Dem. Rep.",COD,..
1992,YR1992,"Congo, Rep.",COG,..
1992,YR1992,Costa Rica,CRI,..
1992,YR1992,Cote d'Ivoire,CIV,..
1992,YR1992,Croatia,HRV,2.68
1992,YR1992,Cuba,CUB,4.345
1992,YR1992,Curacao,CUW,..
1992,YR1992,Cyprus,CYP,1.688
1992,YR1992,Czechia,CZE,2.681
1992,YR1992,Denmark,DNK,2.596
1992,YR1992,Djibouti,DJI,..
1992,YR1992,Dominica,DMA,..
1992,YR1992,Dominican Republic,DOM,..
1992,YR1992,Ecuador,ECU,1.178
1992,YR1992,"Egypt, Arab Rep.",EGY,..
1992,YR1992,El Salvador,SLV,..
1992,YR1992,Equatorial Guinea,GNQ,..
1992,YR1992,Eritrea,ERI,..
1992,YR1992,Estonia,EST,3.249
1992,YR1992,Eswatini,SWZ,..
1992,YR1992,Ethiopia,ETH,..
1992,YR1992,Faroe Islands,FRO,..
1992,YR1992,Fiji,FJI,0.472
1992,YR1992,Finland,FIN,3.057
1992,YR1992,France,FRA,3.223
1992,YR1992,French Polynesia,PYF,..
1992,YR1992,Gabon,GAB,..
1992,YR1992,"Gambia, The",GMB,..
1992,YR1992,Georgia,GEO,4.726
1992,YR1992,Germany,DEU,2.841
1992,YR1992,Ghana,GHA,..
1992,YR1992,Gibraltar,GIB,..
1992,YR1992,Greece,GRC,3.697
1992,YR1992,Greenland,GRL,..
1992,YR1992,Grenada,GRD,..
1992,YR1992,Guam,GUM,..
1992,YR1992,Guatemala,GTM,..
1992,YR1992,Guinea,GIN,..
1992,YR1992,Guinea-Bissau,GNB,..
1992,YR1992,Guyana,GUY,..
1992,YR1992,Haiti,HTI,0.084
1992,YR1992,Honduras,HND,..
1992,YR1992,"Hong Kong SAR, China",HKG,..
1992,YR1992,Hungary,HUN,3.007
1992,YR1992,Iceland,ISL,2.951
1992,YR1992,India,IND,..
1992,YR1992,Indonesia,IDN,..
1992,YR1992,"Iran, Islamic Rep.",IRN,..
1992,YR1992,Iraq,IRQ,..
1992,YR1992,Ireland,IRL,2.011
1992,YR1992,Isle of Man,IMN,..
1992,YR1992,Israel,ISR,3.567
1992,YR1992,Italy,ITA,5.017
1992,YR1992,Jamaica,JAM,..
1992,YR1992,Japan,JPN,1.702
1992,YR1992,Jordan,JOR,..
1992,YR1992,Kazakhstan,KAZ,3.89
1992,YR1992,Kenya,KEN,..
1992,YR1992,Kiribati,KIR,0.186
1992,YR1992,"Korea, Dem. People's Rep.",PRK,..
1992,YR1992,"Korea, Rep.",KOR,0.948
1992,YR1992,Kosovo,XKX,..
1992,YR1992,Kuwait,KWT,..
1992,YR1992,Kyrgyz Republic,KGZ,3.376
1992,YR1992,Lao PDR,LAO,..
1992,YR1992,Latvia,LVA,3.076
1992,YR1992,Lebanon,LBN,..
1992,YR1992,Lesotho,LSO,..
1992,YR1992,Liberia,LBR,..
1992,YR1992,Libya,LBY,..
1992,YR1992,Liechtenstein,LIE,..
1992,YR1992,Lithuania,LTU,3.493
1992,YR1992,Luxembourg,LUX,2.079
1992,YR1992,"Macao SAR, China",MAC,..
1992,YR1992,Madagascar,MDG,..
1992,YR1992,Malawi,MWI,..
1992,YR1992,Malaysia,MYS,0.411
1992,YR1992,Maldives,MDV,..
1992,YR1992,Mali,MLI,..
1992,YR1992,Malta,MLT,2.353
1992,YR1992,Marshall Islands,MHL,..
1992,YR1992,Mauritania,MRT,..
1992,YR1992,Mauritius,MUS,0.847
1992,YR1992,Mexico,MEX,1.35
1992,YR1992,"Micronesia, Fed. Sts.",FSM,..
1992,YR1992,Moldova,MDA,3.397
1992,YR1992,Monaco,MCO,2.727
1992,YR1992,Mongolia,MNG,2.618
1992,YR1992,Montenegro,MNE,..
1992,YR1992,Morocco,MAR,..
1992,YR1992,Mozambique,MOZ,..
1992,YR1992,Myanmar,MMR,..
1992,YR1992,Namibia,NAM,0.232
1992,YR1992,Nauru,NRU,..
1992,YR1992,Nepal,NPL,0.076
1992,YR1992,Netherlands,NLD,..
1992,YR1992,New Caledonia,NCL,..
1992,YR1992,New Zealand,NZL,1.903
1992,YR1992,Nicaragua,NIC,..
1992,YR1992,Niger,NER,0.027
1992,YR1992,Nigeria,NGA,0.185
1992,YR1992,North Macedonia,MKD,2.262
1992,YR1992,Northern Mariana Islands,MNP,..
1992,YR1992,Norway,NOR,2.656
1992,YR1992,Oman,OMN,..
1992,YR1992,Pakistan,PAK,0.491
1992,YR1992,Palau,PLW,..
1992,YR1992,Panama,PAN,1.154
1992,YR1992,Papua New Guinea,PNG,..
1992,YR1992,Paraguay,PRY,..
1992,YR1992,Peru,PER,1.03
1992,YR1992,Philippines,PHL,0.108
1992,YR1992,Poland,POL,2.189
1992,YR1992,Portugal,PRT,2.859
1992,YR1992,Puerto Rico,PRI,..
1992,YR1992,Qatar,QAT,..
1992,YR1992,Romania,ROU,1.866
1992,YR1992,Russian Federation,RUS,4.285
1992,YR1992,Rwanda,RWA,..
1992,YR1992,Samoa,WSM,0.365
1992,YR1992,San Marino,SMR,..
1992,YR1992,Sao Tome and Principe,STP,0.328
1992,YR1992,Saudi Arabia,SAU,..
1992,YR1992,Senegal,SEN,0.068
1992,YR1992,Serbia,SRB,..
1992,YR1992,Seychelles,SYC,..
1992,YR1992,Sierra Leone,SLE,..
1992,YR1992,Singapore,SGP,1.348
1992,YR1992,Sint Maarten (Dutch part),SXM,..
1992,YR1992,Slovak Republic,SVK,..
1992,YR1992,Slovenia,SVN,2.094
1992,YR1992,Solomon Islands,SLB,0.157
1992,YR1992,Somalia,SOM,..
1992,YR1992,South Africa,ZAF,0.624
1992,YR1992,South Sudan,SSD,..
1992,YR1992,Spain,ESP,3.982
1992,YR1992,Sri Lanka,LKA,0.167
1992,YR1992,St. Kitts and Nevis,KNA,0.758
1992,YR1992,St. Lucia,LCA,..
1992,YR1992,St. Martin (French part),MAF,..
1992,YR1992,St. Vincent and the Grenadines,VCT,..
1992,YR1992,Sudan,SDN,..
1992,YR1992,Suriname,SUR,..
1992,YR1992,Sweden,SWE,3.479
1992,YR1992,Switzerland,CHE,3.013
1992,YR1992,Syrian Arab Republic,SYR,..
1992,YR1992,Tajikistan,TJK,2.311
1992,YR1992,Tanzania,TZA,..
1992,YR1992,Thailand,THA,..
1992,YR1992,Timor-Leste,TLS,..
1992,YR1992,Togo,TGO,..
1992,YR1992,Tonga,TON,..
1992,YR1992,Trinidad and Tobago,TTO,..
1992,YR1992,Tunisia,TUN,0.579
1992,YR1992,Turkiye,TUR,1.012
1992,YR1992,Turkmenistan,TKM,3.589
1992,YR1992,Turks and Caicos Islands,TCA,..
1992,YR1992,Tuvalu,TUV,..
1992,YR1992,Uganda,UGA,..
1992,YR1992,Ukraine,UKR,4.297
1992,YR1992,United Arab Emirates,ARE,..
1992,YR1992,United Kingdom,GBR,1.646
1992,YR1992,United States,USA,1.9
1992,YR1992,Uruguay,URY,3.226
1992,YR1992,Uzbekistan,UZB,3.341
1992,YR1992,Vanuatu,VUT,..
1992,YR1992,"Venezuela, RB",VEN,..
1992,YR1992,Viet Nam,VNM,0.437
1992,YR1992,Virgin Islands (U.S.),VIR,..
1992,YR1992,West Bank and Gaza,PSE,..
1992,YR1992,"Yemen, Rep.",YEM,..
1992,YR1992,Zambia,ZMB,..
1992,YR1992,Zimbabwe,ZWE,..
1993,YR1993,Africa Eastern and Southern,AFE,..
1993,YR1993,Africa Western and Central,AFW,..
1993,YR1993,Arab World,ARB,..
1993,YR1993,Caribbean small states,CSS,..
1993,YR1993,Central Europe and the Baltics,CEB,..
1993,YR1993,Early-demographic dividend,EAR,..
1993,YR1993,East Asia & Pacific,EAS,..
1993,YR1993,East Asia & Pacific (excluding high income),EAP,..
1993,YR1993,East Asia & Pacific (IDA & IBRD countries),TEA,..
1993,YR1993,Euro area,EMU,..
1993,YR1993,Europe & Central Asia,ECS,..
1993,YR1993,Europe & Central Asia (excluding high income),ECA,..
1993,YR1993,Europe & Central Asia (IDA & IBRD countries),TEC,..
1993,YR1993,European Union,EUU,..
1993,YR1993,Fragile and conflict affected situations,FCS,..
1993,YR1993,Heavily indebted poor countries (HIPC),HPC,..
1993,YR1993,High income,HIC,..
1993,YR1993,IBRD only,IBD,..
1993,YR1993,IDA & IBRD total,IBT,..
1993,YR1993,IDA blend,IDB,..
1993,YR1993,IDA only,IDX,..
1993,YR1993,IDA total,IDA,..
1993,YR1993,Late-demographic dividend,LTE,..
1993,YR1993,Latin America & Caribbean,LCN,..
1993,YR1993,Latin America & Caribbean (excluding high income),LAC,..
1993,YR1993,Latin America & the Caribbean (IDA & IBRD countries),TLA,..
1993,YR1993,Least developed countries: UN classification,LDC,..
1993,YR1993,Low & middle income,LMY,..
1993,YR1993,Low income,LIC,..
1993,YR1993,Lower middle income,LMC,..
1993,YR1993,Middle East & North Africa,MEA,..
1993,YR1993,Middle East & North Africa (excluding high income),MNA,..
1993,YR1993,Middle East & North Africa (IDA & IBRD countries),TMN,..
1993,YR1993,Middle income,MIC,..
1993,YR1993,North America,NAC,..
1993,YR1993,Not classified,INX,..
1993,YR1993,OECD members,OED,..
1993,YR1993,Other small states,OSS,..
1993,YR1993,Pacific island small states,PSS,..
1993,YR1993,Post-demographic dividend,PST,..
1993,YR1993,Pre-demographic dividend,PRE,..
1993,YR1993,Small states,SST,..
1993,YR1993,South Asia,SAS,..
1993,YR1993,South Asia (IDA & IBRD),TSA,..
1993,YR1993,Sub-Saharan Africa,SSF,..
1993,YR1993,Sub-Saharan Africa (excluding high income),SSA,..
1993,YR1993,Sub-Saharan Africa (IDA & IBRD countries),TSS,..
1993,YR1993,Upper middle income,UMC,..
1993,YR1993,World,WLD,..
1993,YR1993,Afghanistan,AFG,0.143
1993,YR1993,Albania,ALB,1.368
1993,YR1993,Algeria,DZA,0.821
1993,YR1993,American Samoa,ASM,..
1993,YR1993,Andorra,AND,..
1993,YR1993,Angola,AGO,..
1993,YR1993,Antigua and Barbuda,ATG,3.03
1993,YR1993,Argentina,ARG,..
1993,YR1993,Armenia,ARM,..
1993,YR1993,Aruba,ABW,..
1993,YR1993,Australia,AUS,2.399
1993,YR1993,Austria,AUT,3.296
1993,YR1993,Azerbaijan,AZE,3.724
1993,YR1993,"Bahamas, The",BHS,1.446
1993,YR1993,Bahrain,BHR,..
1993,YR1993,Bangladesh,BGD,..
1993,YR1993,Barbados,BRB,1.254
1993,YR1993,Belarus,BLR,2.9571
1993,YR1993,Belgium,BEL,3.459
1993,YR1993,Belize,BLZ,0.493
1993,YR1993,Benin,BEN,0.057
1993,YR1993,Bermuda,BMU,..
1993,YR1993,Bhutan,BTN,..
1993,YR1993,Bolivia,BOL,0.426
1993,YR1993,Bosnia and Herzegovina,BIH,..
1993,YR1993,Botswana,BWA,0.194
1993,YR1993,Brazil,BRA,1.155
1993,YR1993,British Virgin Islands,VGB,..
1993,YR1993,Brunei Darussalam,BRN,..
1993,YR1993,Bulgaria,BGR,3.305
1993,YR1993,Burkina Faso,BFA,..
1993,YR1993,Burundi,BDI,0.056
1993,YR1993,Cabo Verde,CPV,..
1993,YR1993,Cambodia,KHM,0.104
1993,YR1993,Cameroon,CMR,0.073
1993,YR1993,Canada,CAN,2.2
1993,YR1993,Cayman Islands,CYM,..
1993,YR1993,Central African Republic,CAF,0.055
1993,YR1993,Chad,TCD,..
1993,YR1993,Channel Islands,CHI,..
1993,YR1993,Chile,CHL,..
1993,YR1993,China,CHN,..
1993,YR1993,Colombia,COL,0.958
1993,YR1993,Comoros,COM,..
1993,YR1993,"Congo, Dem. Rep.",COD,..
1993,YR1993,"Congo, Rep.",COG,..
1993,YR1993,Costa Rica,CRI,0.883
1993,YR1993,Cote d'Ivoire,CIV,..
1993,YR1993,Croatia,HRV,2.692
1993,YR1993,Cuba,CUB,4.709
1993,YR1993,Curacao,CUW,..
1993,YR1993,Cyprus,CYP,1.745
1993,YR1993,Czechia,CZE,2.868
1993,YR1993,Denmark,DNK,2.613
1993,YR1993,Djibouti,DJI,..
1993,YR1993,Dominica,DMA,..
1993,YR1993,Dominican Republic,DOM,1.054
1993,YR1993,Ecuador,ECU,1.091
1993,YR1993,"Egypt, Arab Rep.",EGY,..
1993,YR1993,El Salvador,SLV,0.66
1993,YR1993,Equatorial Guinea,GNQ,..
1993,YR1993,Eritrea,ERI,0.019
1993,YR1993,Estonia,EST,3.185
1993,YR1993,Eswatini,SWZ,..
1993,YR1993,Ethiopia,ETH,..
1993,YR1993,Faroe Islands,FRO,..
1993,YR1993,Fiji,FJI,..
1993,YR1993,Finland,FIN,3.133
1993,YR1993,France,FRA,3.251
1993,YR1993,French Polynesia,PYF,..
1993,YR1993,Gabon,GAB,0.211
1993,YR1993,"Gambia, The",GMB,0.016
1993,YR1993,Georgia,GEO,5.003
1993,YR1993,Germany,DEU,2.937
1993,YR1993,Ghana,GHA,..
1993,YR1993,Gibraltar,GIB,..
1993,YR1993,Greece,GRC,3.798
1993,YR1993,Greenland,GRL,..
1993,YR1993,Grenada,GRD,0.578
1993,YR1993,Guam,GUM,..
1993,YR1993,Guatemala,GTM,0.25
1993,YR1993,Guinea,GIN,..
1993,YR1993,Guinea-Bissau,GNB,..
1993,YR1993,Guyana,GUY,0.112
1993,YR1993,Haiti,HTI,0.092
1993,YR1993,Honduras,HND,..
1993,YR1993,"Hong Kong SAR, China",HKG,1.204
1993,YR1993,Hungary,HUN,2.955
1993,YR1993,Iceland,ISL,2.952
1993,YR1993,India,IND,..
1993,YR1993,Indonesia,IDN,0.058
1993,YR1993,"Iran, Islamic Rep.",IRN,0.318
1993,YR1993,Iraq,IRQ,0.603
1993,YR1993,Ireland,IRL,2.034
1993,YR1993,Isle of Man,IMN,..
1993,YR1993,Israel,ISR,3.582
1993,YR1993,Italy,ITA,..
1993,YR1993,Jamaica,JAM,0.472
1993,YR1993,Japan,JPN,..
1993,YR1993,Jordan,JOR,..
1993,YR1993,Kazakhstan,KAZ,3.797
1993,YR1993,Kenya,KEN,0.138
1993,YR1993,Kiribati,KIR,0.13
1993,YR1993,"Korea, Dem. People's Rep.",PRK,..
1993,YR1993,"Korea, Rep.",KOR,1.012
1993,YR1993,Kosovo,XKX,..
1993,YR1993,Kuwait,KWT,..
1993,YR1993,Kyrgyz Republic,KGZ,3.117
1993,YR1993,Lao PDR,LAO,..
1993,YR1993,Latvia,LVA,2.822
1993,YR1993,Lebanon,LBN,1.862
1993,YR1993,Lesotho,LSO,0.05
1993,YR1993,Liberia,LBR,..
1993,YR1993,Libya,LBY,1.441
1993,YR1993,Liechtenstein,LIE,..
1993,YR1993,Lithuania,LTU,3.507
1993,YR1993,Luxembourg,LUX,2.138
1993,YR1993,"Macao SAR, China",MAC,..
1993,YR1993,Madagascar,MDG,..
1993,YR1993,Malawi,MWI,0.028
1993,YR1993,Malaysia,MYS,0.431
1993,YR1993,Maldives,MDV,0.281
1993,YR1993,Mali,MLI,..
1993,YR1993,Malta,MLT,2.425
1993,YR1993,Marshall Islands,MHL,..
1993,YR1993,Mauritania,MRT,0.063
1993,YR1993,Mauritius,MUS,0.844
1993,YR1993,Mexico,MEX,1.499
1993,YR1993,"Micronesia, Fed. Sts.",FSM,0.451
1993,YR1993,Moldova,MDA,3.44
1993,YR1993,Monaco,MCO,..
1993,YR1993,Mongolia,MNG,..
1993,YR1993,Montenegro,MNE,..
1993,YR1993,Morocco,MAR,0.214
1993,YR1993,Mozambique,MOZ,..
1993,YR1993,Myanmar,MMR,..
1993,YR1993,Namibia,NAM,..
1993,YR1993,Nauru,NRU,..
1993,YR1993,Nepal,NPL,0.074
1993,YR1993,Netherlands,NLD,..
1993,YR1993,New Caledonia,NCL,..
1993,YR1993,New Zealand,NZL,1.923
1993,YR1993,Nicaragua,NIC,..
1993,YR1993,Niger,NER,..
1993,YR1993,Nigeria,NGA,0.192
1993,YR1993,North Macedonia,MKD,2.185
1993,YR1993,Northern Mariana Islands,MNP,..
1993,YR1993,Norway,NOR,2.702
1993,YR1993,Oman,OMN,..
1993,YR1993,Pakistan,PAK,0.502
1993,YR1993,Palau,PLW,..
1993,YR1993,Panama,PAN,1.188
1993,YR1993,Papua New Guinea,PNG,..
1993,YR1993,Paraguay,PRY,..
1993,YR1993,Peru,PER,..
1993,YR1993,Philippines,PHL,..
1993,YR1993,Poland,POL,2.228
1993,YR1993,Portugal,PRT,2.871
1993,YR1993,Puerto Rico,PRI,..
1993,YR1993,Qatar,QAT,..
1993,YR1993,Romania,ROU,1.77
1993,YR1993,Russian Federation,RUS,4.309
1993,YR1993,Rwanda,RWA,0.04
1993,YR1993,Samoa,WSM,..
1993,YR1993,San Marino,SMR,..
1993,YR1993,Sao Tome and Principe,STP,..
1993,YR1993,Saudi Arabia,SAU,1.335
1993,YR1993,Senegal,SEN,..
1993,YR1993,Serbia,SRB,..
1993,YR1993,Seychelles,SYC,1.027
1993,YR1993,Sierra Leone,SLE,..
1993,YR1993,Singapore,SGP,1.385
1993,YR1993,Sint Maarten (Dutch part),SXM,..
1993,YR1993,Slovak Republic,SVK,..
1993,YR1993,Slovenia,SVN,2.028
1993,YR1993,Solomon Islands,SLB,..
1993,YR1993,Somalia,SOM,0.042
1993,YR1993,South Africa,ZAF,..
1993,YR1993,South Sudan,SSD,..
1993,YR1993,Spain,ESP,4.041
1993,YR1993,Sri Lanka,LKA,0.208
1993,YR1993,St. Kitts and Nevis,KNA,0.773
1993,YR1993,St. Lucia,LCA,0.544
1993,YR1993,St. Martin (French part),MAF,..
1993,YR1993,St. Vincent and the Grenadines,VCT,..
1993,YR1993,Sudan,SDN,..
1993,YR1993,Suriname,SUR,0.762
1993,YR1993,Sweden,SWE,3.58
1993,YR1993,Switzerland,CHE,3.062
1993,YR1993,Syrian Arab Republic,SYR,..
1993,YR1993,Tajikistan,TJK,2.122
1993,YR1993,Tanzania,TZA,..
1993,YR1993,Thailand,THA,0.236
1993,YR1993,Timor-Leste,TLS,..
1993,YR1993,Togo,TGO,..
1993,YR1993,Tonga,TON,..
1993,YR1993,Trinidad and Tobago,TTO,0.658
1993,YR1993,Tunisia,TUN,0.586
1993,YR1993,Turkiye,TUR,1.066
1993,YR1993,Turkmenistan,TKM,3.57
1993,YR1993,Turks and Caicos Islands,TCA,..
1993,YR1993,Tuvalu,TUV,..
1993,YR1993,Uganda,UGA,0.04
1993,YR1993,Ukraine,UKR,4.342
1993,YR1993,United Arab Emirates,ARE,..
1993,YR1993,United Kingdom,GBR,1.684
1993,YR1993,United States,USA,1.9
1993,YR1993,Uruguay,URY,..
1993,YR1993,Uzbekistan,UZB,3.311
1993,YR1993,Vanuatu,VUT,..
1993,YR1993,"Venezuela, RB",VEN,..
1993,YR1993,Viet Nam,VNM,..
1993,YR1993,Virgin Islands (U.S.),VIR,..
1993,YR1993,West Bank and Gaza,PSE,..
1993,YR1993,"Yemen, Rep.",YEM,..
1993,YR1993,Zambia,ZMB,..
1993,YR1993,Zimbabwe,ZWE,..
1994,YR1994,Africa Eastern and Southern,AFE,..
1994,YR1994,Africa Western and Central,AFW,..
1994,YR1994,Arab World,ARB,..
1994,YR1994,Caribbean small states,CSS,..
1994,YR1994,Central Europe and the Baltics,CEB,..
1994,YR1994,Early-demographic dividend,EAR,..
1994,YR1994,East Asia & Pacific,EAS,..
1994,YR1994,East Asia & Pacific (excluding high income),EAP,..
1994,YR1994,East Asia & Pacific (IDA & IBRD countries),TEA,..
1994,YR1994,Euro area,EMU,..
1994,YR1994,Europe & Central Asia,ECS,..
1994,YR1994,Europe & Central Asia (excluding high income),ECA,..
1994,YR1994,Europe & Central Asia (IDA & IBRD countries),TEC,..
1994,YR1994,European Union,EUU,..
1994,YR1994,Fragile and conflict affected situations,FCS,..
1994,YR1994,Heavily indebted poor countries (HIPC),HPC,..
1994,YR1994,High income,HIC,..
1994,YR1994,IBRD only,IBD,..
1994,YR1994,IDA & IBRD total,IBT,..
1994,YR1994,IDA blend,IDB,..
1994,YR1994,IDA only,IDX,..
1994,YR1994,IDA total,IDA,..
1994,YR1994,Late-demographic dividend,LTE,..
1994,YR1994,Latin America & Caribbean,LCN,..
1994,YR1994,Latin America & Caribbean (excluding high income),LAC,..
1994,YR1994,Latin America & the Caribbean (IDA & IBRD countries),TLA,..
1994,YR1994,Least developed countries: UN classification,LDC,..
1994,YR1994,Low & middle income,LMY,..
1994,YR1994,Low income,LIC,..
1994,YR1994,Lower middle income,LMC,..
1994,YR1994,Middle East & North Africa,MEA,..
1994,YR1994,Middle East & North Africa (excluding high income),MNA,..
1994,YR1994,Middle East & North Africa (IDA & IBRD countries),TMN,..
1994,YR1994,Middle income,MIC,..
1994,YR1994,North America,NAC,..
1994,YR1994,Not classified,INX,..
1994,YR1994,OECD members,OED,..
1994,YR1994,Other small states,OSS,..
1994,YR1994,Pacific island small states,PSS,..
1994,YR1994,Post-demographic dividend,PST,..
1994,YR1994,Pre-demographic dividend,PRE,..
1994,YR1994,Small states,SST,..
1994,YR1994,South Asia,SAS,..
1994,YR1994,South Asia (IDA & IBRD),TSA,..
1994,YR1994,Sub-Saharan Africa,SSF,..
1994,YR1994,Sub-Saharan Africa (excluding high income),SSA,..
1994,YR1994,Sub-Saharan Africa (IDA & IBRD countries),TSS,..
1994,YR1994,Upper middle income,UMC,..
1994,YR1994,World,WLD,..
1994,YR1994,Afghanistan,AFG,..
1994,YR1994,Albania,ALB,1.285
1994,YR1994,Algeria,DZA,..
1994,YR1994,American Samoa,ASM,..
1994,YR1994,Andorra,AND,..
1994,YR1994,Angola,AGO,..
1994,YR1994,Antigua and Barbuda,ATG,..
1994,YR1994,Argentina,ARG,..
1994,YR1994,Armenia,ARM,..
1994,YR1994,Aruba,ABW,..
1994,YR1994,Australia,AUS,2.438
1994,YR1994,Austria,AUT,3.408
1994,YR1994,Azerbaijan,AZE,3.684
1994,YR1994,"Bahamas, The",BHS,..
1994,YR1994,Bahrain,BHR,..
1994,YR1994,Bangladesh,BGD,..
1994,YR1994,Barbados,BRB,..
1994,YR1994,Belarus,BLR,3.0191
1994,YR1994,Belgium,BEL,3.524
1994,YR1994,Belize,BLZ,..
1994,YR1994,Benin,BEN,0.061
1994,YR1994,Bermuda,BMU,..
1994,YR1994,Bhutan,BTN,0.17
1994,YR1994,Bolivia,BOL,..
1994,YR1994,Bosnia and Herzegovina,BIH,..
1994,YR1994,Botswana,BWA,0.238
1994,YR1994,Brazil,BRA,1.184
1994,YR1994,British Virgin Islands,VGB,..
1994,YR1994,Brunei Darussalam,BRN,..
1994,YR1994,Bulgaria,BGR,3.286
1994,YR1994,Burkina Faso,BFA,..
1994,YR1994,Burundi,BDI,..
1994,YR1994,Cabo Verde,CPV,..
1994,YR1994,Cambodia,KHM,0.105
1994,YR1994,Cameroon,CMR,..
1994,YR1994,Canada,CAN,2.1
1994,YR1994,Cayman Islands,CYM,..
1994,YR1994,Central African Republic,CAF,..
1994,YR1994,Chad,TCD,0.033
1994,YR1994,Channel Islands,CHI,..
1994,YR1994,Chile,CHL,..
1994,YR1994,China,CHN,..
1994,YR1994,Colombia,COL,1.003
1994,YR1994,Comoros,COM,..
1994,YR1994,"Congo, Dem. Rep.",COD,..
1994,YR1994,"Congo, Rep.",COG,..
1994,YR1994,Costa Rica,CRI,0.845
1994,YR1994,Cote d'Ivoire,CIV,..
1994,YR1994,Croatia,HRV,2.649
1994,YR1994,Cuba,CUB,4.966
1994,YR1994,Curacao,CUW,..
1994,YR1994,Cyprus,CYP,1.81
1994,YR1994,Czechia,CZE,2.936
1994,YR1994,Denmark,DNK,2.639
1994,YR1994,Djibouti,DJI,..
1994,YR1994,Dominica,DMA,..
1994,YR1994,Dominican Republic,DOM,..
1994,YR1994,Ecuador,ECU,1.258
1994,YR1994,"Egypt, Arab Rep.",EGY,1.84
1994,YR1994,El Salvador,SLV,..
1994,YR1994,Equatorial Guinea,GNQ,..
1994,YR1994,Eritrea,ERI,..
1994,YR1994,Estonia,EST,3.171
1994,YR1994,Eswatini,SWZ,..
1994,YR1994,Ethiopia,ETH,0.029
1994,YR1994,Faroe Islands,FRO,..
1994,YR1994,Fiji,FJI,0.376
1994,YR1994,Finland,FIN,3.213
1994,YR1994,France,FRA,3.286
1994,YR1994,French Polynesia,PYF,..
1994,YR1994,Gabon,GAB,0.253
1994,YR1994,"Gambia, The",GMB,..
1994,YR1994,Georgia,GEO,4.899
1994,YR1994,Germany,DEU,3.009
1994,YR1994,Ghana,GHA,..
1994,YR1994,Gibraltar,GIB,..
1994,YR1994,Greece,GRC,3.803
1994,YR1994,Greenland,GRL,..
1994,YR1994,Grenada,GRD,..
1994,YR1994,Guam,GUM,..
1994,YR1994,Guatemala,GTM,..
1994,YR1994,Guinea,GIN,0.152
1994,YR1994,Guinea-Bissau,GNB,0.177
1994,YR1994,Guyana,GUY,..
1994,YR1994,Haiti,HTI,..
1994,YR1994,Honduras,HND,..
1994,YR1994,"Hong Kong SAR, China",HKG,1.271
1994,YR1994,Hungary,HUN,2.996
1994,YR1994,Iceland,ISL,2.994
1994,YR1994,India,IND,..
1994,YR1994,Indonesia,IDN,..
1994,YR1994,"Iran, Islamic Rep.",IRN,..
1994,YR1994,Iraq,IRQ,..
1994,YR1994,Ireland,IRL,2.003
1994,YR1994,Isle of Man,IMN,..
1994,YR1994,Israel,ISR,3.616
1994,YR1994,Italy,ITA,..
1994,YR1994,Jamaica,JAM,..
1994,YR1994,Japan,JPN,1.772
1994,YR1994,Jordan,JOR,1.625
1994,YR1994,Kazakhstan,KAZ,3.637
1994,YR1994,Kenya,KEN,..
1994,YR1994,Kiribati,KIR,..
1994,YR1994,"Korea, Dem. People's Rep.",PRK,..
1994,YR1994,"Korea, Rep.",KOR,1.057
1994,YR1994,Kosovo,XKX,..
1994,YR1994,Kuwait,KWT,..
1994,YR1994,Kyrgyz Republic,KGZ,3.084
1994,YR1994,Lao PDR,LAO,..
1994,YR1994,Latvia,LVA,2.797
1994,YR1994,Lebanon,LBN,..
1994,YR1994,Lesotho,LSO,..
1994,YR1994,Liberia,LBR,..
1994,YR1994,Libya,LBY,..
1994,YR1994,Liechtenstein,LIE,..
1994,YR1994,Lithuania,LTU,3.582
1994,YR1994,Luxembourg,LUX,2.164
1994,YR1994,"Macao SAR, China",MAC,..
1994,YR1994,Madagascar,MDG,..
1994,YR1994,Malawi,MWI,..
1994,YR1994,Malaysia,MYS,0.449
1994,YR1994,Maldives,MDV,..
1994,YR1994,Mali,MLI,0.047
1994,YR1994,Malta,MLT,..
1994,YR1994,Marshall Islands,MHL,..
1994,YR1994,Mauritania,MRT,..
1994,YR1994,Mauritius,MUS,0.845
1994,YR1994,Mexico,MEX,1.597
1994,YR1994,"Micronesia, Fed. Sts.",FSM,..
1994,YR1994,Moldova,MDA,3.457
1994,YR1994,Monaco,MCO,..
1994,YR1994,Mongolia,MNG,..
1994,YR1994,Montenegro,MNE,..
1994,YR1994,Morocco,MAR,0.363
1994,YR1994,Mozambique,MOZ,..
1994,YR1994,Myanmar,MMR,..
1994,YR1994,Namibia,NAM,..
1994,YR1994,Nauru,NRU,..
1994,YR1994,Nepal,NPL,..
1994,YR1994,Netherlands,NLD,..
1994,YR1994,New Caledonia,NCL,..
1994,YR1994,New Zealand,NZL,1.983
1994,YR1994,Nicaragua,NIC,..
1994,YR1994,Niger,NER,0.023
1994,YR1994,Nigeria,NGA,..
1994,YR1994,North Macedonia,MKD,2.193
1994,YR1994,Northern Mariana Islands,MNP,..
1994,YR1994,Norway,NOR,2.785
1994,YR1994,Oman,OMN,..
1994,YR1994,Pakistan,PAK,0.512
1994,YR1994,Palau,PLW,..
1994,YR1994,Panama,PAN,1.135
1994,YR1994,Papua New Guinea,PNG,..
1994,YR1994,Paraguay,PRY,0.28
1994,YR1994,Peru,PER,..
1994,YR1994,Philippines,PHL,..
1994,YR1994,Poland,POL,2.286
1994,YR1994,Portugal,PRT,2.89
1994,YR1994,Puerto Rico,PRI,..
1994,YR1994,Qatar,QAT,..
1994,YR1994,Romania,ROU,1.772
1994,YR1994,Russian Federation,RUS,4.279
1994,YR1994,Rwanda,RWA,..
1994,YR1994,Samoa,WSM,..
1994,YR1994,San Marino,SMR,..
1994,YR1994,Sao Tome and Principe,STP,..
1994,YR1994,Saudi Arabia,SAU,..
1994,YR1994,Senegal,SEN,0.096
1994,YR1994,Serbia,SRB,..
1994,YR1994,Seychelles,SYC,..
1994,YR1994,Sierra Leone,SLE,..
1994,YR1994,Singapore,SGP,1.411
1994,YR1994,Sint Maarten (Dutch part),SXM,..
1994,YR1994,Slovak Republic,SVK,..
1994,YR1994,Slovenia,SVN,2.187
1994,YR1994,Solomon Islands,SLB,..
1994,YR1994,Somalia,SOM,..
1994,YR1994,South Africa,ZAF,..
1994,YR1994,South Sudan,SSD,..
1994,YR1994,Spain,ESP,4.091
1994,YR1994,Sri Lanka,LKA,0.186
1994,YR1994,St. Kitts and Nevis,KNA,0.929
1994,YR1994,St. Lucia,LCA,..
1994,YR1994,St. Martin (French part),MAF,..
1994,YR1994,St. Vincent and the Grenadines,VCT,..
1994,YR1994,Sudan,SDN,0.105
1994,YR1994,Suriname,SUR,..
1994,YR1994,Sweden,SWE,3.68
1994,YR1994,Switzerland,CHE,3.116
1994,YR1994,Syrian Arab Republic,SYR,..
1994,YR1994,Tajikistan,TJK,2.178
1994,YR1994,Tanzania,TZA,0.042
1994,YR1994,Thailand,THA,..
1994,YR1994,Timor-Leste,TLS,..
1994,YR1994,Togo,TGO,0.056
1994,YR1994,Tonga,TON,..
1994,YR1994,Trinidad and Tobago,TTO,0.788
1994,YR1994,Tunisia,TUN,0.585
1994,YR1994,Turkiye,TUR,1.129
1994,YR1994,Turkmenistan,TKM,3.535
1994,YR1994,Turks and Caicos Islands,TCA,..
1994,YR1994,Tuvalu,TUV,..
1994,YR1994,Uganda,UGA,..
1994,YR1994,Ukraine,UKR,4.314
1994,YR1994,United Arab Emirates,ARE,..
1994,YR1994,United Kingdom,GBR,1.698
1994,YR1994,United States,USA,..
1994,YR1994,Uruguay,URY,..
1994,YR1994,Uzbekistan,UZB,3.281
1994,YR1994,Vanuatu,VUT,..
1994,YR1994,"Venezuela, RB",VEN,..
1994,YR1994,Viet Nam,VNM,..
1994,YR1994,Virgin Islands (U.S.),VIR,..
1994,YR1994,West Bank and Gaza,PSE,..
1994,YR1994,"Yemen, Rep.",YEM,..
1994,YR1994,Zambia,ZMB,..
1994,YR1994,Zimbabwe,ZWE,..
1995,YR1995,Africa Eastern and Southern,AFE,..
1995,YR1995,Africa Western and Central,AFW,..
1995,YR1995,Arab World,ARB,..
1995,YR1995,Caribbean small states,CSS,..
1995,YR1995,Central Europe and the Baltics,CEB,..
1995,YR1995,Early-demographic dividend,EAR,..
1995,YR1995,East Asia & Pacific,EAS,..
1995,YR1995,East Asia & Pacific (excluding high income),EAP,..
1995,YR1995,East Asia & Pacific (IDA & IBRD countries),TEA,..
1995,YR1995,Euro area,EMU,..
1995,YR1995,Europe & Central Asia,ECS,..
1995,YR1995,Europe & Central Asia (excluding high income),ECA,..
1995,YR1995,Europe & Central Asia (IDA & IBRD countries),TEC,..
1995,YR1995,European Union,EUU,..
1995,YR1995,Fragile and conflict affected situations,FCS,..
1995,YR1995,Heavily indebted poor countries (HIPC),HPC,..
1995,YR1995,High income,HIC,..
1995,YR1995,IBRD only,IBD,..
1995,YR1995,IDA & IBRD total,IBT,..
1995,YR1995,IDA blend,IDB,..
1995,YR1995,IDA only,IDX,..
1995,YR1995,IDA total,IDA,..
1995,YR1995,Late-demographic dividend,LTE,..
1995,YR1995,Latin America & Caribbean,LCN,..
1995,YR1995,Latin America & Caribbean (excluding high income),LAC,..
1995,YR1995,Latin America & the Caribbean (IDA & IBRD countries),TLA,..
1995,YR1995,Least developed countries: UN classification,LDC,..
1995,YR1995,Low & middle income,LMY,..
1995,YR1995,Low income,LIC,..
1995,YR1995,Lower middle income,LMC,..
1995,YR1995,Middle East & North Africa,MEA,..
1995,YR1995,Middle East & North Africa (excluding high income),MNA,..
1995,YR1995,Middle East & North Africa (IDA & IBRD countries),TMN,..
1995,YR1995,Middle income,MIC,..
1995,YR1995,North America,NAC,..
1995,YR1995,Not classified,INX,..
1995,YR1995,OECD members,OED,..
1995,YR1995,Other small states,OSS,..
1995,YR1995,Pacific island small states,PSS,..
1995,YR1995,Post-demographic dividend,PST,..
1995,YR1995,Pre-demographic dividend,PRE,..
1995,YR1995,Small states,SST,..
1995,YR1995,South Asia,SAS,..
1995,YR1995,South Asia (IDA & IBRD),TSA,..
1995,YR1995,Sub-Saharan Africa,SSF,..
1995,YR1995,Sub-Saharan Africa (excluding high income),SSA,..
1995,YR1995,Sub-Saharan Africa (IDA & IBRD countries),TSS,..
1995,YR1995,Upper middle income,UMC,..
1995,YR1995,World,WLD,..
1995,YR1995,Afghanistan,AFG,..
1995,YR1995,Albania,ALB,1.292
1995,YR1995,Algeria,DZA,0.846
1995,YR1995,American Samoa,ASM,..
1995,YR1995,Andorra,AND,2.273
1995,YR1995,Angola,AGO,..
1995,YR1995,Antigua and Barbuda,ATG,0.76
1995,YR1995,Argentina,ARG,..
1995,YR1995,Armenia,ARM,..
1995,YR1995,Aruba,ABW,1.12
1995,YR1995,Australia,AUS,2.476
1995,YR1995,Austria,AUT,3.512
1995,YR1995,Azerbaijan,AZE,3.703
1995,YR1995,"Bahamas, The",BHS,1.49
1995,YR1995,Bahrain,BHR,..
1995,YR1995,Bangladesh,BGD,0.201
1995,YR1995,Barbados,BRB,1.365
1995,YR1995,Belarus,BLR,3.0496
1995,YR1995,Belgium,BEL,3.558
1995,YR1995,Belize,BLZ,0.6
1995,YR1995,Benin,BEN,0.058
1995,YR1995,Bermuda,BMU,1.2
1995,YR1995,Bhutan,BTN,0.16
1995,YR1995,Bolivia,BOL,0.34
1995,YR1995,Bosnia and Herzegovina,BIH,..
1995,YR1995,Botswana,BWA,..
1995,YR1995,Brazil,BRA,1.214
1995,YR1995,British Virgin Islands,VGB,..
1995,YR1995,Brunei Darussalam,BRN,..
1995,YR1995,Bulgaria,BGR,3.429
1995,YR1995,Burkina Faso,BFA,0.034
1995,YR1995,Burundi,BDI,0.055
1995,YR1995,Cabo Verde,CPV,..
1995,YR1995,Cambodia,KHM,..
1995,YR1995,Cameroon,CMR,..
1995,YR1995,Canada,CAN,2.1
1995,YR1995,Cayman Islands,CYM,1.7
1995,YR1995,Central African Republic,CAF,0.035
1995,YR1995,Chad,TCD,..
1995,YR1995,Channel Islands,CHI,..
1995,YR1995,Chile,CHL,..
1995,YR1995,China,CHN,1.194
1995,YR1995,Colombia,COL,1.049
1995,YR1995,Comoros,COM,..
1995,YR1995,"Congo, Dem. Rep.",COD,..
1995,YR1995,"Congo, Rep.",COG,0.251
1995,YR1995,Costa Rica,CRI,0.854
1995,YR1995,Cote d'Ivoire,CIV,..
1995,YR1995,Croatia,HRV,2.612
1995,YR1995,Cuba,CUB,5.202
1995,YR1995,Curacao,CUW,..
1995,YR1995,Cyprus,CYP,1.863
1995,YR1995,Czechia,CZE,3.001
1995,YR1995,Denmark,DNK,2.682
1995,YR1995,Djibouti,DJI,0.191
1995,YR1995,Dominica,DMA,0.47
1995,YR1995,Dominican Republic,DOM,1.5
1995,YR1995,Ecuador,ECU,1.234
1995,YR1995,"Egypt, Arab Rep.",EGY,..
1995,YR1995,El Salvador,SLV,0.91
1995,YR1995,Equatorial Guinea,GNQ,0.208
1995,YR1995,Eritrea,ERI,..
1995,YR1995,Estonia,EST,3.156
1995,YR1995,Eswatini,SWZ,..
1995,YR1995,Ethiopia,ETH,..
1995,YR1995,Faroe Islands,FRO,..
1995,YR1995,Fiji,FJI,..
1995,YR1995,Finland,FIN,2.191
1995,YR1995,France,FRA,3.307
1995,YR1995,French Polynesia,PYF,..
1995,YR1995,Gabon,GAB,0.286
1995,YR1995,"Gambia, The",GMB,..
1995,YR1995,Georgia,GEO,4.792
1995,YR1995,Germany,DEU,3.075
1995,YR1995,Ghana,GHA,..
1995,YR1995,Gibraltar,GIB,..
1995,YR1995,Greece,GRC,3.841
1995,YR1995,Greenland,GRL,..
1995,YR1995,Grenada,GRD,0.65
1995,YR1995,Guam,GUM,..
1995,YR1995,Guatemala,GTM,1.1
1995,YR1995,Guinea,GIN,0.13
1995,YR1995,Guinea-Bissau,GNB,..
1995,YR1995,Guyana,GUY,0.33
1995,YR1995,Haiti,HTI,0.16
1995,YR1995,Honduras,HND,0.65
1995,YR1995,"Hong Kong SAR, China",HKG,1.319
1995,YR1995,Hungary,HUN,3.004
1995,YR1995,Iceland,ISL,3.022
1995,YR1995,India,IND,..
1995,YR1995,Indonesia,IDN,..
1995,YR1995,"Iran, Islamic Rep.",IRN,..
1995,YR1995,Iraq,IRQ,..
1995,YR1995,Ireland,IRL,2.113
1995,YR1995,Isle of Man,IMN,..
1995,YR1995,Israel,ISR,3.621
1995,YR1995,Italy,ITA,3.797
1995,YR1995,Jamaica,JAM,0.57
1995,YR1995,Japan,JPN,..
1995,YR1995,Jordan,JOR,..
1995,YR1995,Kazakhstan,KAZ,3.659
1995,YR1995,Kenya,KEN,0.132
1995,YR1995,Kiribati,KIR,..
1995,YR1995,"Korea, Dem. People's Rep.",PRK,2.97
1995,YR1995,"Korea, Rep.",KOR,1.116
1995,YR1995,Kosovo,XKX,..
1995,YR1995,Kuwait,KWT,1.783
1995,YR1995,Kyrgyz Republic,KGZ,3.128
1995,YR1995,Lao PDR,LAO,0.336
1995,YR1995,Latvia,LVA,2.734
1995,YR1995,Lebanon,LBN,..
1995,YR1995,Lesotho,LSO,0.054
1995,YR1995,Liberia,LBR,..
1995,YR1995,Libya,LBY,..
1995,YR1995,Liechtenstein,LIE,..
1995,YR1995,Lithuania,LTU,3.568
1995,YR1995,Luxembourg,LUX,2.242
1995,YR1995,"Macao SAR, China",MAC,..
1995,YR1995,Madagascar,MDG,0.272
1995,YR1995,Malawi,MWI,..
1995,YR1995,Malaysia,MYS,0.478
1995,YR1995,Maldives,MDV,..
1995,YR1995,Mali,MLI,0.043
1995,YR1995,Malta,MLT,..
1995,YR1995,Marshall Islands,MHL,..
1995,YR1995,Mauritania,MRT,0.138
1995,YR1995,Mauritius,MUS,0.85
1995,YR1995,Mexico,MEX,1.685
1995,YR1995,"Micronesia, Fed. Sts.",FSM,..
1995,YR1995,Moldova,MDA,3.417
1995,YR1995,Monaco,MCO,..
1995,YR1995,Mongolia,MNG,..
1995,YR1995,Montenegro,MNE,..
1995,YR1995,Morocco,MAR,..
1995,YR1995,Mozambique,MOZ,..
1995,YR1995,Myanmar,MMR,0.293
1995,YR1995,Namibia,NAM,..
1995,YR1995,Nauru,NRU,1.553
1995,YR1995,Nepal,NPL,0.04
1995,YR1995,Netherlands,NLD,..
1995,YR1995,New Caledonia,NCL,..
1995,YR1995,New Zealand,NZL,2.05
1995,YR1995,Nicaragua,NIC,0.82
1995,YR1995,Niger,NER,..
1995,YR1995,Nigeria,NGA,..
1995,YR1995,North Macedonia,MKD,2.27
1995,YR1995,Northern Mariana Islands,MNP,..
1995,YR1995,Norway,NOR,2.953
1995,YR1995,Oman,OMN,1.14
1995,YR1995,Pakistan,PAK,0.524
1995,YR1995,Palau,PLW,..
1995,YR1995,Panama,PAN,1.177
1995,YR1995,Papua New Guinea,PNG,..
1995,YR1995,Paraguay,PRY,0.73
1995,YR1995,Peru,PER,0.98
1995,YR1995,Philippines,PHL,..
1995,YR1995,Poland,POL,2.329
1995,YR1995,Portugal,PRT,2.923
1995,YR1995,Puerto Rico,PRI,1.75
1995,YR1995,Qatar,QAT,..
1995,YR1995,Romania,ROU,..
1995,YR1995,Russian Federation,RUS,4.4
1995,YR1995,Rwanda,RWA,..
1995,YR1995,Samoa,WSM,..
1995,YR1995,San Marino,SMR,..
1995,YR1995,Sao Tome and Principe,STP,..
1995,YR1995,Saudi Arabia,SAU,..
1995,YR1995,Senegal,SEN,0.075
1995,YR1995,Serbia,SRB,..
1995,YR1995,Seychelles,SYC,..
1995,YR1995,Sierra Leone,SLE,..
1995,YR1995,Singapore,SGP,..
1995,YR1995,Sint Maarten (Dutch part),SXM,..
1995,YR1995,Slovak Republic,SVK,..
1995,YR1995,Slovenia,SVN,2.117
1995,YR1995,Solomon Islands,SLB,0.14
1995,YR1995,Somalia,SOM,..
1995,YR1995,South Africa,ZAF,..
1995,YR1995,South Sudan,SSD,..
1995,YR1995,Spain,ESP,4.085
1995,YR1995,Sri Lanka,LKA,0.223
1995,YR1995,St. Kitts and Nevis,KNA,1.08
1995,YR1995,St. Lucia,LCA,0.56
1995,YR1995,St. Martin (French part),MAF,..
1995,YR1995,St. Vincent and the Grenadines,VCT,0.46
1995,YR1995,Sudan,SDN,..
1995,YR1995,Suriname,SUR,0.75
1995,YR1995,Sweden,SWE,2.839
1995,YR1995,Switzerland,CHE,3.165
1995,YR1995,Syrian Arab Republic,SYR,..
1995,YR1995,Tajikistan,TJK,2.046
1995,YR1995,Tanzania,TZA,0.041
1995,YR1995,Thailand,THA,0.239
1995,YR1995,Timor-Leste,TLS,..
1995,YR1995,Togo,TGO,0.076
1995,YR1995,Tonga,TON,..
1995,YR1995,Trinidad and Tobago,TTO,0.905
1995,YR1995,Tunisia,TUN,0.642
1995,YR1995,Turkiye,TUR,1.144
1995,YR1995,Turkmenistan,TKM,3.17
1995,YR1995,Turks and Caicos Islands,TCA,..
1995,YR1995,Tuvalu,TUV,..
1995,YR1995,Uganda,UGA,..
1995,YR1995,Ukraine,UKR,4.407
1995,YR1995,United Arab Emirates,ARE,..
1995,YR1995,United Kingdom,GBR,1.757
1995,YR1995,United States,USA,2.434
1995,YR1995,Uruguay,URY,3.56
1995,YR1995,Uzbekistan,UZB,3.223
1995,YR1995,Vanuatu,VUT,..
1995,YR1995,"Venezuela, RB",VEN,1.94
1995,YR1995,Viet Nam,VNM,..
1995,YR1995,Virgin Islands (U.S.),VIR,1.645
1995,YR1995,West Bank and Gaza,PSE,..
1995,YR1995,"Yemen, Rep.",YEM,0.247
1995,YR1995,Zambia,ZMB,0.069
1995,YR1995,Zimbabwe,ZWE,0.148
1996,YR1996,Africa Eastern and Southern,AFE,..
1996,YR1996,Africa Western and Central,AFW,..
1996,YR1996,Arab World,ARB,..
1996,YR1996,Caribbean small states,CSS,..
1996,YR1996,Central Europe and the Baltics,CEB,..
1996,YR1996,Early-demographic dividend,EAR,..
1996,YR1996,East Asia & Pacific,EAS,..
1996,YR1996,East Asia & Pacific (excluding high income),EAP,..
1996,YR1996,East Asia & Pacific (IDA & IBRD countries),TEA,..
1996,YR1996,Euro area,EMU,..
1996,YR1996,Europe & Central Asia,ECS,..
1996,YR1996,Europe & Central Asia (excluding high income),ECA,..
1996,YR1996,Europe & Central Asia (IDA & IBRD countries),TEC,..
1996,YR1996,European Union,EUU,..
1996,YR1996,Fragile and conflict affected situations,FCS,..
1996,YR1996,Heavily indebted poor countries (HIPC),HPC,..
1996,YR1996,High income,HIC,..
1996,YR1996,IBRD only,IBD,..
1996,YR1996,IDA & IBRD total,IBT,..
1996,YR1996,IDA blend,IDB,..
1996,YR1996,IDA only,IDX,..
1996,YR1996,IDA total,IDA,..
1996,YR1996,Late-demographic dividend,LTE,..
1996,YR1996,Latin America & Caribbean,LCN,..
1996,YR1996,Latin America & Caribbean (excluding high income),LAC,..
1996,YR1996,Latin America & the Caribbean (IDA & IBRD countries),TLA,..
1996,YR1996,Least developed countries: UN classification,LDC,..
1996,YR1996,Low & middle income,LMY,..
1996,YR1996,Low income,LIC,..
1996,YR1996,Lower middle income,LMC,..
1996,YR1996,Middle East & North Africa,MEA,..
1996,YR1996,Middle East & North Africa (excluding high income),MNA,..
1996,YR1996,Middle East & North Africa (IDA & IBRD countries),TMN,..
1996,YR1996,Middle income,MIC,..
1996,YR1996,North America,NAC,..
1996,YR1996,Not classified,INX,..
1996,YR1996,OECD members,OED,..
1996,YR1996,Other small states,OSS,..
1996,YR1996,Pacific island small states,PSS,..
1996,YR1996,Post-demographic dividend,PST,..
1996,YR1996,Pre-demographic dividend,PRE,..
1996,YR1996,Small states,SST,..
1996,YR1996,South Asia,SAS,..
1996,YR1996,South Asia (IDA & IBRD),TSA,..
1996,YR1996,Sub-Saharan Africa,SSF,..
1996,YR1996,Sub-Saharan Africa (excluding high income),SSA,..
1996,YR1996,Sub-Saharan Africa (IDA & IBRD countries),TSS,..
1996,YR1996,Upper middle income,UMC,..
1996,YR1996,World,WLD,..
1996,YR1996,Afghanistan,AFG,..
1996,YR1996,Albania,ALB,1.308
1996,YR1996,Algeria,DZA,..
1996,YR1996,American Samoa,ASM,..
1996,YR1996,Andorra,AND,..
1996,YR1996,Angola,AGO,..
1996,YR1996,Antigua and Barbuda,ATG,1.141
1996,YR1996,Argentina,ARG,..
1996,YR1996,Armenia,ARM,..
1996,YR1996,Aruba,ABW,..
1996,YR1996,Australia,AUS,2.403
1996,YR1996,Austria,AUT,3.589
1996,YR1996,Azerbaijan,AZE,3.673
1996,YR1996,"Bahamas, The",BHS,1.518
1996,YR1996,Bahrain,BHR,..
1996,YR1996,Bangladesh,BGD,..
1996,YR1996,Barbados,BRB,..
1996,YR1996,Belarus,BLR,3.1175
1996,YR1996,Belgium,BEL,3.62
1996,YR1996,Belize,BLZ,0.548
1996,YR1996,Benin,BEN,..
1996,YR1996,Bermuda,BMU,..
1996,YR1996,Bhutan,BTN,..
1996,YR1996,Bolivia,BOL,..
1996,YR1996,Bosnia and Herzegovina,BIH,..
1996,YR1996,Botswana,BWA,..
1996,YR1996,Brazil,BRA,1.245
1996,YR1996,British Virgin Islands,VGB,..
1996,YR1996,Brunei Darussalam,BRN,0.848
1996,YR1996,Bulgaria,BGR,3.522
1996,YR1996,Burkina Faso,BFA,0.035
1996,YR1996,Burundi,BDI,..
1996,YR1996,Cabo Verde,CPV,0.171
1996,YR1996,Cambodia,KHM,0.112
1996,YR1996,Cameroon,CMR,0.074
1996,YR1996,Canada,CAN,2.1
1996,YR1996,Cayman Islands,CYM,..
1996,YR1996,Central African Republic,CAF,..
1996,YR1996,Chad,TCD,..
1996,YR1996,Channel Islands,CHI,..
1996,YR1996,Chile,CHL,..
1996,YR1996,China,CHN,1.201
1996,YR1996,Colombia,COL,1.09
1996,YR1996,Comoros,COM,..
1996,YR1996,"Congo, Dem. Rep.",COD,0.069
1996,YR1996,"Congo, Rep.",COG,..
1996,YR1996,Costa Rica,CRI,0.864
1996,YR1996,Cote d'Ivoire,CIV,0.09
1996,YR1996,Croatia,HRV,2.62
1996,YR1996,Cuba,CUB,5.485
1996,YR1996,Curacao,CUW,..
1996,YR1996,Cyprus,CYP,1.869
1996,YR1996,Czechia,CZE,2.99
1996,YR1996,Denmark,DNK,2.703
1996,YR1996,Djibouti,DJI,0.14
1996,YR1996,Dominica,DMA,0.493
1996,YR1996,Dominican Republic,DOM,..
1996,YR1996,Ecuador,ECU,1.307
1996,YR1996,"Egypt, Arab Rep.",EGY,2.02
1996,YR1996,El Salvador,SLV,..
1996,YR1996,Equatorial Guinea,GNQ,0.246
1996,YR1996,Eritrea,ERI,0.03
1996,YR1996,Estonia,EST,3.107
1996,YR1996,Eswatini,SWZ,0.151
1996,YR1996,Ethiopia,ETH,0.025
1996,YR1996,Faroe Islands,FRO,..
1996,YR1996,Fiji,FJI,..
1996,YR1996,Finland,FIN,2.26
1996,YR1996,France,FRA,3.326
1996,YR1996,French Polynesia,PYF,..
1996,YR1996,Gabon,GAB,..
1996,YR1996,"Gambia, The",GMB,..
1996,YR1996,Georgia,GEO,3.119
1996,YR1996,Germany,DEU,3.124
1996,YR1996,Ghana,GHA,0.062
1996,YR1996,Gibraltar,GIB,..
1996,YR1996,Greece,GRC,3.842
1996,YR1996,Greenland,GRL,..
1996,YR1996,Grenada,GRD,..
1996,YR1996,Guam,GUM,..
1996,YR1996,Guatemala,GTM,..
1996,YR1996,Guinea,GIN,..
1996,YR1996,Guinea-Bissau,GNB,0.166
1996,YR1996,Guyana,GUY,..
1996,YR1996,Haiti,HTI,..
1996,YR1996,Honduras,HND,..
1996,YR1996,"Hong Kong SAR, China",HKG,..
1996,YR1996,Hungary,HUN,3.041
1996,YR1996,Iceland,ISL,3.118
1996,YR1996,India,IND,..
1996,YR1996,Indonesia,IDN,..
1996,YR1996,"Iran, Islamic Rep.",IRN,0.85
1996,YR1996,Iraq,IRQ,..
1996,YR1996,Ireland,IRL,2.113
1996,YR1996,Isle of Man,IMN,..
1996,YR1996,Israel,ISR,3.611
1996,YR1996,Italy,ITA,3.896
1996,YR1996,Jamaica,JAM,..
1996,YR1996,Japan,JPN,1.841
1996,YR1996,Jordan,JOR,..
1996,YR1996,Kazakhstan,KAZ,3.589
1996,YR1996,Kenya,KEN,..
1996,YR1996,Kiribati,KIR,..
1996,YR1996,"Korea, Dem. People's Rep.",PRK,..
1996,YR1996,"Korea, Rep.",KOR,1.169
1996,YR1996,Kosovo,XKX,..
1996,YR1996,Kuwait,KWT,..
1996,YR1996,Kyrgyz Republic,KGZ,3.206
1996,YR1996,Lao PDR,LAO,..
1996,YR1996,Latvia,LVA,2.749
1996,YR1996,Lebanon,LBN,..
1996,YR1996,Lesotho,LSO,..
1996,YR1996,Liberia,LBR,..
1996,YR1996,Libya,LBY,..
1996,YR1996,Liechtenstein,LIE,..
1996,YR1996,Lithuania,LTU,3.597
1996,YR1996,Luxembourg,LUX,2.319
1996,YR1996,"Macao SAR, China",MAC,..
1996,YR1996,Madagascar,MDG,0.107
1996,YR1996,Malawi,MWI,..
1996,YR1996,Malaysia,MYS,0.496
1996,YR1996,Maldives,MDV,0.656
1996,YR1996,Mali,MLI,0.063
1996,YR1996,Malta,MLT,..
1996,YR1996,Marshall Islands,MHL,0.422
1996,YR1996,Mauritania,MRT,..
1996,YR1996,Mauritius,MUS,..
1996,YR1996,Mexico,MEX,1.68
1996,YR1996,"Micronesia, Fed. Sts.",FSM,..
1996,YR1996,Moldova,MDA,3.478
1996,YR1996,Monaco,MCO,..
1996,YR1996,Mongolia,MNG,..
1996,YR1996,Montenegro,MNE,..
1996,YR1996,Morocco,MAR,..
1996,YR1996,Mozambique,MOZ,..
1996,YR1996,Myanmar,MMR,..
1996,YR1996,Namibia,NAM,..
1996,YR1996,Nauru,NRU,..
1996,YR1996,Nepal,NPL,0.04
1996,YR1996,Netherlands,NLD,..
1996,YR1996,New Caledonia,NCL,..
1996,YR1996,New Zealand,NZL,2.048
1996,YR1996,Nicaragua,NIC,..
1996,YR1996,Niger,NER,0.024
1996,YR1996,Nigeria,NGA,..
1996,YR1996,North Macedonia,MKD,2.227
1996,YR1996,Northern Mariana Islands,MNP,..
1996,YR1996,Norway,NOR,3.047
1996,YR1996,Oman,OMN,..
1996,YR1996,Pakistan,PAK,0.541
1996,YR1996,Palau,PLW,..
1996,YR1996,Panama,PAN,1.216
1996,YR1996,Papua New Guinea,PNG,..
1996,YR1996,Paraguay,PRY,..
1996,YR1996,Peru,PER,..
1996,YR1996,Philippines,PHL,1.23
1996,YR1996,Poland,POL,2.365
1996,YR1996,Portugal,PRT,3.002
1996,YR1996,Puerto Rico,PRI,..
1996,YR1996,Qatar,QAT,1.26
1996,YR1996,Romania,ROU,..
1996,YR1996,Russian Federation,RUS,4.515
1996,YR1996,Rwanda,RWA,..
1996,YR1996,Samoa,WSM,0.344
1996,YR1996,San Marino,SMR,..
1996,YR1996,Sao Tome and Principe,STP,0.467
1996,YR1996,Saudi Arabia,SAU,..
1996,YR1996,Senegal,SEN,0.093
1996,YR1996,Serbia,SRB,..
1996,YR1996,Seychelles,SYC,1.324
1996,YR1996,Sierra Leone,SLE,0.073
1996,YR1996,Singapore,SGP,..
1996,YR1996,Sint Maarten (Dutch part),SXM,..
1996,YR1996,Slovak Republic,SVK,..
1996,YR1996,Slovenia,SVN,2.135
1996,YR1996,Solomon Islands,SLB,..
1996,YR1996,Somalia,SOM,..
1996,YR1996,South Africa,ZAF,0.593
1996,YR1996,South Sudan,SSD,..
1996,YR1996,Spain,ESP,2.74
1996,YR1996,Sri Lanka,LKA,0.279
1996,YR1996,St. Kitts and Nevis,KNA,1.114
1996,YR1996,St. Lucia,LCA,..
1996,YR1996,St. Martin (French part),MAF,..
1996,YR1996,St. Vincent and the Grenadines,VCT,..
1996,YR1996,Sudan,SDN,0.09
1996,YR1996,Suriname,SUR,0.252
1996,YR1996,Sweden,SWE,2.856
1996,YR1996,Switzerland,CHE,3.213
1996,YR1996,Syrian Arab Republic,SYR,..
1996,YR1996,Tajikistan,TJK,1.982
1996,YR1996,Tanzania,TZA,..
1996,YR1996,Thailand,THA,..
1996,YR1996,Timor-Leste,TLS,..
1996,YR1996,Togo,TGO,..
1996,YR1996,Tonga,TON,..
1996,YR1996,Trinidad and Tobago,TTO,0.729
1996,YR1996,Tunisia,TUN,0.655
1996,YR1996,Turkiye,TUR,1.146
1996,YR1996,Turkmenistan,TKM,3.222
1996,YR1996,Turks and Caicos Islands,TCA,..
1996,YR1996,Tuvalu,TUV,..
1996,YR1996,Uganda,UGA,..
1996,YR1996,Ukraine,UKR,2.992
1996,YR1996,United Arab Emirates,ARE,..
1996,YR1996,United Kingdom,GBR,1.798
1996,YR1996,United States,USA,..
1996,YR1996,Uruguay,URY,3.703
1996,YR1996,Uzbekistan,UZB,3.125
1996,YR1996,Vanuatu,VUT,..
1996,YR1996,"Venezuela, RB",VEN,..
1996,YR1996,Viet Nam,VNM,..
1996,YR1996,Virgin Islands (U.S.),VIR,..
1996,YR1996,West Bank and Gaza,PSE,..
1996,YR1996,"Yemen, Rep.",YEM,0.23
1996,YR1996,Zambia,ZMB,..
1996,YR1996,Zimbabwe,ZWE,..
1997,YR1997,Africa Eastern and Southern,AFE,..
1997,YR1997,Africa Western and Central,AFW,..
1997,YR1997,Arab World,ARB,..
1997,YR1997,Caribbean small states,CSS,..
1997,YR1997,Central Europe and the Baltics,CEB,..
1997,YR1997,Early-demographic dividend,EAR,..
1997,YR1997,East Asia & Pacific,EAS,..
1997,YR1997,East Asia & Pacific (excluding high income),EAP,..
1997,YR1997,East Asia & Pacific (IDA & IBRD countries),TEA,..
1997,YR1997,Euro area,EMU,..
1997,YR1997,Europe & Central Asia,ECS,..
1997,YR1997,Europe & Central Asia (excluding high income),ECA,..
1997,YR1997,Europe & Central Asia (IDA & IBRD countries),TEC,..
1997,YR1997,European Union,EUU,..
1997,YR1997,Fragile and conflict affected situations,FCS,..
1997,YR1997,Heavily indebted poor countries (HIPC),HPC,..
1997,YR1997,High income,HIC,..
1997,YR1997,IBRD only,IBD,..
1997,YR1997,IDA & IBRD total,IBT,..
1997,YR1997,IDA blend,IDB,..
1997,YR1997,IDA only,IDX,..
1997,YR1997,IDA total,IDA,..
1997,YR1997,Late-demographic dividend,LTE,..
1997,YR1997,Latin America & Caribbean,LCN,..
1997,YR1997,Latin America & Caribbean (excluding high income),LAC,..
1997,YR1997,Latin America & the Caribbean (IDA & IBRD countries),TLA,..
1997,YR1997,Least developed countries: UN classification,LDC,..
1997,YR1997,Low & middle income,LMY,..
1997,YR1997,Low income,LIC,..
1997,YR1997,Lower middle income,LMC,..
1997,YR1997,Middle East & North Africa,MEA,..
1997,YR1997,Middle East & North Africa (excluding high income),MNA,..
1997,YR1997,Middle East & North Africa (IDA & IBRD countries),TMN,..
1997,YR1997,Middle income,MIC,..
1997,YR1997,North America,NAC,..
1997,YR1997,Not classified,INX,..
1997,YR1997,OECD members,OED,..
1997,YR1997,Other small states,OSS,..
1997,YR1997,Pacific island small states,PSS,..
1997,YR1997,Post-demographic dividend,PST,..
1997,YR1997,Pre-demographic dividend,PRE,..
1997,YR1997,Small states,SST,..
1997,YR1997,South Asia,SAS,..
1997,YR1997,South Asia (IDA & IBRD),TSA,..
1997,YR1997,Sub-Saharan Africa,SSF,..
1997,YR1997,Sub-Saharan Africa (excluding high income),SSA,..
1997,YR1997,Sub-Saharan Africa (IDA & IBRD countries),TSS,..
1997,YR1997,Upper middle income,UMC,..
1997,YR1997,World,WLD,..
1997,YR1997,Afghanistan,AFG,0.11
1997,YR1997,Albania,ALB,1.323
1997,YR1997,Algeria,DZA,..
1997,YR1997,American Samoa,ASM,..
1997,YR1997,Andorra,AND,2.442
1997,YR1997,Angola,AGO,0.059
1997,YR1997,Antigua and Barbuda,ATG,..
1997,YR1997,Argentina,ARG,..
1997,YR1997,Armenia,ARM,..
1997,YR1997,Aruba,ABW,..
1997,YR1997,Australia,AUS,2.401
1997,YR1997,Austria,AUT,3.668
1997,YR1997,Azerbaijan,AZE,3.609
1997,YR1997,"Bahamas, The",BHS,..
1997,YR1997,Bahrain,BHR,1
1997,YR1997,Bangladesh,BGD,0.2
1997,YR1997,Barbados,BRB,..
1997,YR1997,Belarus,BLR,3.161
1997,YR1997,Belgium,BEL,3.688
1997,YR1997,Belize,BLZ,..
1997,YR1997,Benin,BEN,..
1997,YR1997,Bermuda,BMU,1.766
1997,YR1997,Bhutan,BTN,..
1997,YR1997,Bolivia,BOL,..
1997,YR1997,Bosnia and Herzegovina,BIH,..
1997,YR1997,Botswana,BWA,..
1997,YR1997,Brazil,BRA,1.281
1997,YR1997,British Virgin Islands,VGB,..
1997,YR1997,Brunei Darussalam,BRN,..
1997,YR1997,Bulgaria,BGR,3.445
1997,YR1997,Burkina Faso,BFA,0.038
1997,YR1997,Burundi,BDI,..
1997,YR1997,Cabo Verde,CPV,..
1997,YR1997,Cambodia,KHM,..
1997,YR1997,Cameroon,CMR,..
1997,YR1997,Canada,CAN,2.1
1997,YR1997,Cayman Islands,CYM,1.939
1997,YR1997,Central African Republic,CAF,..
1997,YR1997,Chad,TCD,0.026
1997,YR1997,Channel Islands,CHI,..
1997,YR1997,Chile,CHL,..
1997,YR1997,China,CHN,1.216
1997,YR1997,Colombia,COL,1.133
1997,YR1997,Comoros,COM,0.074
1997,YR1997,"Congo, Dem. Rep.",COD,..
1997,YR1997,"Congo, Rep.",COG,..
1997,YR1997,Costa Rica,CRI,0.872
1997,YR1997,Cote d'Ivoire,CIV,..
1997,YR1997,Croatia,HRV,2.642
1997,YR1997,Cuba,CUB,5.694
1997,YR1997,Curacao,CUW,..
1997,YR1997,Cyprus,CYP,1.877
1997,YR1997,Czechia,CZE,3.12
1997,YR1997,Denmark,DNK,2.78
1997,YR1997,Djibouti,DJI,..
1997,YR1997,Dominica,DMA,0.55
1997,YR1997,Dominican Republic,DOM,2.156
1997,YR1997,Ecuador,ECU,1.324
1997,YR1997,"Egypt, Arab Rep.",EGY,1.6
1997,YR1997,El Salvador,SLV,1.071
1997,YR1997,Equatorial Guinea,GNQ,..
1997,YR1997,Eritrea,ERI,..
1997,YR1997,Estonia,EST,3.189
1997,YR1997,Eswatini,SWZ,..
1997,YR1997,Ethiopia,ETH,0.023
1997,YR1997,Faroe Islands,FRO,..
1997,YR1997,Fiji,FJI,0.476
1997,YR1997,Finland,FIN,2.295
1997,YR1997,France,FRA,3.343
1997,YR1997,French Polynesia,PYF,..
1997,YR1997,Gabon,GAB,..
1997,YR1997,"Gambia, The",GMB,0.035
1997,YR1997,Georgia,GEO,3.707
1997,YR1997,Germany,DEU,3.139
1997,YR1997,Ghana,GHA,..
1997,YR1997,Gibraltar,GIB,..
1997,YR1997,Greece,GRC,3.957
1997,YR1997,Greenland,GRL,..
1997,YR1997,Grenada,GRD,0.389
1997,YR1997,Guam,GUM,..
1997,YR1997,Guatemala,GTM,0.933
1997,YR1997,Guinea,GIN,..
1997,YR1997,Guinea-Bissau,GNB,..
1997,YR1997,Guyana,GUY,0.181
1997,YR1997,Haiti,HTI,..
1997,YR1997,Honduras,HND,0.832
1997,YR1997,"Hong Kong SAR, China",HKG,..
1997,YR1997,Hungary,HUN,3.077
1997,YR1997,Iceland,ISL,3.257
1997,YR1997,India,IND,..
1997,YR1997,Indonesia,IDN,..
1997,YR1997,"Iran, Islamic Rep.",IRN,..
1997,YR1997,Iraq,IRQ,..
1997,YR1997,Ireland,IRL,2.143
1997,YR1997,Isle of Man,IMN,..
1997,YR1997,Israel,ISR,3.68
1997,YR1997,Italy,ITA,3.994
1997,YR1997,Jamaica,JAM,..
1997,YR1997,Japan,JPN,..
1997,YR1997,Jordan,JOR,1.66
1997,YR1997,Kazakhstan,KAZ,3.287
1997,YR1997,Kenya,KEN,..
1997,YR1997,Kiribati,KIR,..
1997,YR1997,"Korea, Dem. People's Rep.",PRK,..
1997,YR1997,"Korea, Rep.",KOR,1.233
1997,YR1997,Kosovo,XKX,..
1997,YR1997,Kuwait,KWT,1.89
1997,YR1997,Kyrgyz Republic,KGZ,3.029
1997,YR1997,Lao PDR,LAO,..
1997,YR1997,Latvia,LVA,2.791
1997,YR1997,Lebanon,LBN,2.1
1997,YR1997,Lesotho,LSO,..
1997,YR1997,Liberia,LBR,0.023
1997,YR1997,Libya,LBY,1.3
1997,YR1997,Liechtenstein,LIE,..
1997,YR1997,Lithuania,LTU,3.637
1997,YR1997,Luxembourg,LUX,2.4
1997,YR1997,"Macao SAR, China",MAC,..
1997,YR1997,Madagascar,MDG,..
1997,YR1997,Malawi,MWI,..
1997,YR1997,Malaysia,MYS,0.658
1997,YR1997,Maldives,MDV,..
1997,YR1997,Mali,MLI,..
1997,YR1997,Malta,MLT,2.379
1997,YR1997,Marshall Islands,MHL,..
1997,YR1997,Mauritania,MRT,..
1997,YR1997,Mauritius,MUS,..
1997,YR1997,Mexico,MEX,1.717
1997,YR1997,"Micronesia, Fed. Sts.",FSM,..
1997,YR1997,Moldova,MDA,3.514
1997,YR1997,Monaco,MCO,..
1997,YR1997,Mongolia,MNG,..
1997,YR1997,Montenegro,MNE,..
1997,YR1997,Morocco,MAR,0.46
1997,YR1997,Mozambique,MOZ,..
1997,YR1997,Myanmar,MMR,..
1997,YR1997,Namibia,NAM,0.295
1997,YR1997,Nauru,NRU,..
1997,YR1997,Nepal,NPL,0.04
1997,YR1997,Netherlands,NLD,..
1997,YR1997,New Caledonia,NCL,..
1997,YR1997,New Zealand,NZL,2.178
1997,YR1997,Nicaragua,NIC,0.856
1997,YR1997,Niger,NER,0.035
1997,YR1997,Nigeria,NGA,..
1997,YR1997,North Macedonia,MKD,2.241
1997,YR1997,Northern Mariana Islands,MNP,..
1997,YR1997,Norway,NOR,3.075
1997,YR1997,Oman,OMN,0.856
1997,YR1997,Pakistan,PAK,0.555
1997,YR1997,Palau,PLW,..
1997,YR1997,Panama,PAN,1.214
1997,YR1997,Papua New Guinea,PNG,..
1997,YR1997,Paraguay,PRY,1.098
1997,YR1997,Peru,PER,0.932
1997,YR1997,Philippines,PHL,1.24
1997,YR1997,Poland,POL,2.373
1997,YR1997,Portugal,PRT,3.043
1997,YR1997,Puerto Rico,PRI,..
1997,YR1997,Qatar,QAT,1.26
1997,YR1997,Romania,ROU,..
1997,YR1997,Russian Federation,RUS,4.552
1997,YR1997,Rwanda,RWA,..
1997,YR1997,Samoa,WSM,..
1997,YR1997,San Marino,SMR,..
1997,YR1997,Sao Tome and Principe,STP,..
1997,YR1997,Saudi Arabia,SAU,1.66
1997,YR1997,Senegal,SEN,0.093
1997,YR1997,Serbia,SRB,..
1997,YR1997,Seychelles,SYC,..
1997,YR1997,Sierra Leone,SLE,..
1997,YR1997,Singapore,SGP,..
1997,YR1997,Sint Maarten (Dutch part),SXM,..
1997,YR1997,Slovak Republic,SVK,..
1997,YR1997,Slovenia,SVN,2.229
1997,YR1997,Solomon Islands,SLB,..
1997,YR1997,Somalia,SOM,0.04
1997,YR1997,South Africa,ZAF,..
1997,YR1997,South Sudan,SSD,..
1997,YR1997,Spain,ESP,2.859
1997,YR1997,Sri Lanka,LKA,0.305
1997,YR1997,St. Kitts and Nevis,KNA,1.098
1997,YR1997,St. Lucia,LCA,0.473
1997,YR1997,St. Martin (French part),MAF,..
1997,YR1997,St. Vincent and the Grenadines,VCT,0.884
1997,YR1997,Sudan,SDN,..
1997,YR1997,Suriname,SUR,..
1997,YR1997,Sweden,SWE,2.867
1997,YR1997,Switzerland,CHE,3.266
1997,YR1997,Syrian Arab Republic,SYR,1.303
1997,YR1997,Tajikistan,TJK,1.925
1997,YR1997,Tanzania,TZA,..
1997,YR1997,Thailand,THA,0.272
1997,YR1997,Timor-Leste,TLS,..
1997,YR1997,Togo,TGO,..
1997,YR1997,Tonga,TON,0.44
1997,YR1997,Trinidad and Tobago,TTO,0.72
1997,YR1997,Tunisia,TUN,0.676
1997,YR1997,Turkiye,TUR,1.168
1997,YR1997,Turkmenistan,TKM,3.171
1997,YR1997,Turks and Caicos Islands,TCA,..
1997,YR1997,Tuvalu,TUV,..
1997,YR1997,Uganda,UGA,..
1997,YR1997,Ukraine,UKR,2.97
1997,YR1997,United Arab Emirates,ARE,..
1997,YR1997,United Kingdom,GBR,1.855
1997,YR1997,United States,USA,..
1997,YR1997,Uruguay,URY,..
1997,YR1997,Uzbekistan,UZB,3.074
1997,YR1997,Vanuatu,VUT,0.112
1997,YR1997,"Venezuela, RB",VEN,..
1997,YR1997,Viet Nam,VNM,0.569
1997,YR1997,Virgin Islands (U.S.),VIR,..
1997,YR1997,West Bank and Gaza,PSE,..
1997,YR1997,"Yemen, Rep.",YEM,0.223
1997,YR1997,Zambia,ZMB,..
1997,YR1997,Zimbabwe,ZWE,..
1998,YR1998,Africa Eastern and Southern,AFE,..
1998,YR1998,Africa Western and Central,AFW,..
1998,YR1998,Arab World,ARB,..
1998,YR1998,Caribbean small states,CSS,..
1998,YR1998,Central Europe and the Baltics,CEB,..
1998,YR1998,Early-demographic dividend,EAR,..
1998,YR1998,East Asia & Pacific,EAS,..
1998,YR1998,East Asia & Pacific (excluding high income),EAP,..
1998,YR1998,East Asia & Pacific (IDA & IBRD countries),TEA,..
1998,YR1998,Euro area,EMU,..
1998,YR1998,Europe & Central Asia,ECS,..
1998,YR1998,Europe & Central Asia (excluding high income),ECA,..
1998,YR1998,Europe & Central Asia (IDA & IBRD countries),TEC,..
1998,YR1998,European Union,EUU,..
1998,YR1998,Fragile and conflict affected situations,FCS,..
1998,YR1998,Heavily indebted poor countries (HIPC),HPC,..
1998,YR1998,High income,HIC,..
1998,YR1998,IBRD only,IBD,..
1998,YR1998,IDA & IBRD total,IBT,..
1998,YR1998,IDA blend,IDB,..
1998,YR1998,IDA only,IDX,..
1998,YR1998,IDA total,IDA,..
1998,YR1998,Late-demographic dividend,LTE,..
1998,YR1998,Latin America & Caribbean,LCN,..
1998,YR1998,Latin America & Caribbean (excluding high income),LAC,..
1998,YR1998,Latin America & the Caribbean (IDA & IBRD countries),TLA,..
1998,YR1998,Least developed countries: UN classification,LDC,..
1998,YR1998,Low & middle income,LMY,..
1998,YR1998,Low income,LIC,..
1998,YR1998,Lower middle income,LMC,..
1998,YR1998,Middle East & North Africa,MEA,..
1998,YR1998,Middle East & North Africa (excluding high income),MNA,..
1998,YR1998,Middle East & North Africa (IDA & IBRD countries),TMN,..
1998,YR1998,Middle income,MIC,..
1998,YR1998,North America,NAC,..
1998,YR1998,Not classified,INX,..
1998,YR1998,OECD members,OED,..
1998,YR1998,Other small states,OSS,..
1998,YR1998,Pacific island small states,PSS,..
1998,YR1998,Post-demographic dividend,PST,..
1998,YR1998,Pre-demographic dividend,PRE,..
1998,YR1998,Small states,SST,..
1998,YR1998,South Asia,SAS,..
1998,YR1998,South Asia (IDA & IBRD),TSA,..
1998,YR1998,Sub-Saharan Africa,SSF,..
1998,YR1998,Sub-Saharan Africa (excluding high income),SSA,..
1998,YR1998,Sub-Saharan Africa (IDA & IBRD countries),TSS,..
1998,YR1998,Upper middle income,UMC,..
1998,YR1998,World,WLD,..
1998,YR1998,Afghanistan,AFG,..
1998,YR1998,Albania,ALB,1.338
1998,YR1998,Algeria,DZA,1
1998,YR1998,American Samoa,ASM,..
1998,YR1998,Andorra,AND,2.485
1998,YR1998,Angola,AGO,..
1998,YR1998,Antigua and Barbuda,ATG,..
1998,YR1998,Argentina,ARG,3.003
1998,YR1998,Armenia,ARM,..
1998,YR1998,Aruba,ABW,..
1998,YR1998,Australia,AUS,2.402
1998,YR1998,Austria,AUT,3.795
1998,YR1998,Azerbaijan,AZE,3.541
1998,YR1998,"Bahamas, The",BHS,0.989
1998,YR1998,Bahrain,BHR,..
1998,YR1998,Bangladesh,BGD,..
1998,YR1998,Barbados,BRB,..
1998,YR1998,Belarus,BLR,3.226
1998,YR1998,Belgium,BEL,3.74
1998,YR1998,Belize,BLZ,..
1998,YR1998,Benin,BEN,..
1998,YR1998,Bermuda,BMU,..
1998,YR1998,Bhutan,BTN,..
1998,YR1998,Bolivia,BOL,..
1998,YR1998,Bosnia and Herzegovina,BIH,..
1998,YR1998,Botswana,BWA,0.256
1998,YR1998,Brazil,BRA,1.267
1998,YR1998,British Virgin Islands,VGB,..
1998,YR1998,Brunei Darussalam,BRN,..
1998,YR1998,Bulgaria,BGR,3.458
1998,YR1998,Burkina Faso,BFA,..
1998,YR1998,Burundi,BDI,..
1998,YR1998,Cabo Verde,CPV,..
1998,YR1998,Cambodia,KHM,0.147
1998,YR1998,Cameroon,CMR,..
1998,YR1998,Canada,CAN,1.8611
1998,YR1998,Cayman Islands,CYM,..
1998,YR1998,Central African Republic,CAF,..
1998,YR1998,Chad,TCD,0.02
1998,YR1998,Channel Islands,CHI,..
1998,YR1998,Chile,CHL,..
1998,YR1998,China,CHN,1.214
1998,YR1998,Colombia,COL,1.18
1998,YR1998,Comoros,COM,..
1998,YR1998,"Congo, Dem. Rep.",COD,..
1998,YR1998,"Congo, Rep.",COG,0.734
1998,YR1998,Costa Rica,CRI,0.901
1998,YR1998,Cote d'Ivoire,CIV,..
1998,YR1998,Croatia,HRV,2.504
1998,YR1998,Cuba,CUB,5.754
1998,YR1998,Curacao,CUW,..
1998,YR1998,Cyprus,CYP,1.882
1998,YR1998,Czechia,CZE,3.039
1998,YR1998,Denmark,DNK,2.858
1998,YR1998,Djibouti,DJI,..
1998,YR1998,Dominica,DMA,..
1998,YR1998,Dominican Republic,DOM,..
1998,YR1998,Ecuador,ECU,1.313
1998,YR1998,"Egypt, Arab Rep.",EGY,..
1998,YR1998,El Salvador,SLV,..
1998,YR1998,Equatorial Guinea,GNQ,..
1998,YR1998,Eritrea,ERI,..
1998,YR1998,Estonia,EST,2.947
1998,YR1998,Eswatini,SWZ,..
1998,YR1998,Ethiopia,ETH,0.021
1998,YR1998,Faroe Islands,FRO,..
1998,YR1998,Fiji,FJI,0.357
1998,YR1998,Finland,FIN,2.32
1998,YR1998,France,FRA,3.355
1998,YR1998,French Polynesia,PYF,..
1998,YR1998,Gabon,GAB,..
1998,YR1998,"Gambia, The",GMB,..
1998,YR1998,Georgia,GEO,3.852
1998,YR1998,Germany,DEU,3.182
1998,YR1998,Ghana,GHA,..
1998,YR1998,Gibraltar,GIB,..
1998,YR1998,Greece,GRC,4.091
1998,YR1998,Greenland,GRL,..
1998,YR1998,Grenada,GRD,..
1998,YR1998,Guam,GUM,..
1998,YR1998,Guatemala,GTM,..
1998,YR1998,Guinea,GIN,..
1998,YR1998,Guinea-Bissau,GNB,..
1998,YR1998,Guyana,GUY,..
1998,YR1998,Haiti,HTI,0.242
1998,YR1998,Honduras,HND,..
1998,YR1998,"Hong Kong SAR, China",HKG,..
1998,YR1998,Hungary,HUN,3.083
1998,YR1998,Iceland,ISL,3.314
1998,YR1998,India,IND,..
1998,YR1998,Indonesia,IDN,..
1998,YR1998,"Iran, Islamic Rep.",IRN,1.049
1998,YR1998,Iraq,IRQ,0.55
1998,YR1998,Ireland,IRL,2.202
1998,YR1998,Isle of Man,IMN,..
1998,YR1998,Israel,ISR,3.76
1998,YR1998,Italy,ITA,4.069
1998,YR1998,Jamaica,JAM,..
1998,YR1998,Japan,JPN,1.89
1998,YR1998,Jordan,JOR,1.009
1998,YR1998,Kazakhstan,KAZ,3.437
1998,YR1998,Kenya,KEN,..
1998,YR1998,Kiribati,KIR,..
1998,YR1998,"Korea, Dem. People's Rep.",PRK,..
1998,YR1998,"Korea, Rep.",KOR,1.269
1998,YR1998,Kosovo,XKX,..
1998,YR1998,Kuwait,KWT,..
1998,YR1998,Kyrgyz Republic,KGZ,2.969
1998,YR1998,Lao PDR,LAO,..
1998,YR1998,Latvia,LVA,2.681
1998,YR1998,Lebanon,LBN,..
1998,YR1998,Lesotho,LSO,..
1998,YR1998,Liberia,LBR,..
1998,YR1998,Libya,LBY,..
1998,YR1998,Liechtenstein,LIE,..
1998,YR1998,Lithuania,LTU,3.604
1998,YR1998,Luxembourg,LUX,2.4354
1998,YR1998,"Macao SAR, China",MAC,..
1998,YR1998,Madagascar,MDG,..
1998,YR1998,Malawi,MWI,..
1998,YR1998,Malaysia,MYS,..
1998,YR1998,Maldives,MDV,..
1998,YR1998,Mali,MLI,..
1998,YR1998,Malta,MLT,2.507
1998,YR1998,Marshall Islands,MHL,..
1998,YR1998,Mauritania,MRT,..
1998,YR1998,Mauritius,MUS,..
1998,YR1998,Mexico,MEX,1.73
1998,YR1998,"Micronesia, Fed. Sts.",FSM,..
1998,YR1998,Moldova,MDA,3.583
1998,YR1998,Monaco,MCO,..
1998,YR1998,Mongolia,MNG,2.433
1998,YR1998,Montenegro,MNE,..
1998,YR1998,Morocco,MAR,..
1998,YR1998,Mozambique,MOZ,..
1998,YR1998,Myanmar,MMR,..
1998,YR1998,Namibia,NAM,..
1998,YR1998,Nauru,NRU,..
1998,YR1998,Nepal,NPL,0.04
1998,YR1998,Netherlands,NLD,..
1998,YR1998,New Caledonia,NCL,..
1998,YR1998,New Zealand,NZL,2.229
1998,YR1998,Nicaragua,NIC,..
1998,YR1998,Niger,NER,0.033
1998,YR1998,Nigeria,NGA,..
1998,YR1998,North Macedonia,MKD,2.24
1998,YR1998,Northern Mariana Islands,MNP,..
1998,YR1998,Norway,NOR,3.166
1998,YR1998,Oman,OMN,0.921
1998,YR1998,Pakistan,PAK,0.568
1998,YR1998,Palau,PLW,1.376
1998,YR1998,Panama,PAN,1.204
1998,YR1998,Papua New Guinea,PNG,0.073
1998,YR1998,Paraguay,PRY,..
1998,YR1998,Peru,PER,..
1998,YR1998,Philippines,PHL,..
1998,YR1998,Poland,POL,2.347
1998,YR1998,Portugal,PRT,3.099
1998,YR1998,Puerto Rico,PRI,..
1998,YR1998,Qatar,QAT,..
1998,YR1998,Romania,ROU,1.864
1998,YR1998,Russian Federation,RUS,4.603
1998,YR1998,Rwanda,RWA,..
1998,YR1998,Samoa,WSM,0.33
1998,YR1998,San Marino,SMR,..
1998,YR1998,Sao Tome and Principe,STP,..
1998,YR1998,Saudi Arabia,SAU,..
1998,YR1998,Senegal,SEN,0.095
1998,YR1998,Serbia,SRB,..
1998,YR1998,Seychelles,SYC,..
1998,YR1998,Sierra Leone,SLE,..
1998,YR1998,Singapore,SGP,1.627
1998,YR1998,Sint Maarten (Dutch part),SXM,..
1998,YR1998,Slovak Republic,SVK,..
1998,YR1998,Slovenia,SVN,2.18
1998,YR1998,Solomon Islands,SLB,..
1998,YR1998,Somalia,SOM,..
1998,YR1998,South Africa,ZAF,..
1998,YR1998,South Sudan,SSD,..
1998,YR1998,Spain,ESP,2.913
1998,YR1998,Sri Lanka,LKA,0.346
1998,YR1998,St. Kitts and Nevis,KNA,1.041
1998,YR1998,St. Lucia,LCA,..
1998,YR1998,St. Martin (French part),MAF,..
1998,YR1998,St. Vincent and the Grenadines,VCT,..
1998,YR1998,Sudan,SDN,..
1998,YR1998,Suriname,SUR,..
1998,YR1998,Sweden,SWE,2.928
1998,YR1998,Switzerland,CHE,3.331
1998,YR1998,Syrian Arab Republic,SYR,1.348
1998,YR1998,Tajikistan,TJK,2.039
1998,YR1998,Tanzania,TZA,..
1998,YR1998,Thailand,THA,0.291
1998,YR1998,Timor-Leste,TLS,..
1998,YR1998,Togo,TGO,..
1998,YR1998,Tonga,TON,..
1998,YR1998,Trinidad and Tobago,TTO,0.896
1998,YR1998,Tunisia,TUN,0.705
1998,YR1998,Turkiye,TUR,1.206
1998,YR1998,Turkmenistan,TKM,..
1998,YR1998,Turks and Caicos Islands,TCA,..
1998,YR1998,Tuvalu,TUV,..
1998,YR1998,Uganda,UGA,..
1998,YR1998,Ukraine,UKR,2.99
1998,YR1998,United Arab Emirates,ARE,..
1998,YR1998,United Kingdom,GBR,1.899
1998,YR1998,United States,USA,..
1998,YR1998,Uruguay,URY,..
1998,YR1998,Uzbekistan,UZB,3.047
1998,YR1998,Vanuatu,VUT,..
1998,YR1998,"Venezuela, RB",VEN,..
1998,YR1998,Viet Nam,VNM,0.48
1998,YR1998,Virgin Islands (U.S.),VIR,..
1998,YR1998,West Bank and Gaza,PSE,0.5
1998,YR1998,"Yemen, Rep.",YEM,..
1998,YR1998,Zambia,ZMB,..
1998,YR1998,Zimbabwe,ZWE,..
1999,YR1999,Africa Eastern and Southern,AFE,..
1999,YR1999,Africa Western and Central,AFW,..
1999,YR1999,Arab World,ARB,..
1999,YR1999,Caribbean small states,CSS,..
1999,YR1999,Central Europe and the Baltics,CEB,..
1999,YR1999,Early-demographic dividend,EAR,..
1999,YR1999,East Asia & Pacific,EAS,..
1999,YR1999,East Asia & Pacific (excluding high income),EAP,..
1999,YR1999,East Asia & Pacific (IDA & IBRD countries),TEA,..
1999,YR1999,Euro area,EMU,..
1999,YR1999,Europe & Central Asia,ECS,..
1999,YR1999,Europe & Central Asia (excluding high income),ECA,..
1999,YR1999,Europe & Central Asia (IDA & IBRD countries),TEC,..
1999,YR1999,European Union,EUU,..
1999,YR1999,Fragile and conflict affected situations,FCS,..
1999,YR1999,Heavily indebted poor countries (HIPC),HPC,..
1999,YR1999,High income,HIC,..
1999,YR1999,IBRD only,IBD,..
1999,YR1999,IDA & IBRD total,IBT,..
1999,YR1999,IDA blend,IDB,..
1999,YR1999,IDA only,IDX,..
1999,YR1999,IDA total,IDA,..
1999,YR1999,Late-demographic dividend,LTE,..
1999,YR1999,Latin America & Caribbean,LCN,..
1999,YR1999,Latin America & Caribbean (excluding high income),LAC,..
1999,YR1999,Latin America & the Caribbean (IDA & IBRD countries),TLA,..
1999,YR1999,Least developed countries: UN classification,LDC,..
1999,YR1999,Low & middle income,LMY,..
1999,YR1999,Low income,LIC,..
1999,YR1999,Lower middle income,LMC,..
1999,YR1999,Middle East & North Africa,MEA,..
1999,YR1999,Middle East & North Africa (excluding high income),MNA,..
1999,YR1999,Middle East & North Africa (IDA & IBRD countries),TMN,..
1999,YR1999,Middle income,MIC,..
1999,YR1999,North America,NAC,..
1999,YR1999,Not classified,INX,..
1999,YR1999,OECD members,OED,..
1999,YR1999,Other small states,OSS,..
1999,YR1999,Pacific island small states,PSS,..
1999,YR1999,Post-demographic dividend,PST,..
1999,YR1999,Pre-demographic dividend,PRE,..
1999,YR1999,Small states,SST,..
1999,YR1999,South Asia,SAS,..
1999,YR1999,South Asia (IDA & IBRD),TSA,..
1999,YR1999,Sub-Saharan Africa,SSF,..
1999,YR1999,Sub-Saharan Africa (excluding high income),SSA,..
1999,YR1999,Sub-Saharan Africa (IDA & IBRD countries),TSS,..
1999,YR1999,Upper middle income,UMC,..
1999,YR1999,World,WLD,..
1999,YR1999,Afghanistan,AFG,..
1999,YR1999,Albania,ALB,..
1999,YR1999,Algeria,DZA,..
1999,YR1999,American Samoa,ASM,0.781
1999,YR1999,Andorra,AND,..
1999,YR1999,Angola,AGO,..
1999,YR1999,Antigua and Barbuda,ATG,0.163
1999,YR1999,Argentina,ARG,..
1999,YR1999,Armenia,ARM,..
1999,YR1999,Aruba,ABW,..
1999,YR1999,Australia,AUS,2.447
1999,YR1999,Austria,AUT,3.789
1999,YR1999,Azerbaijan,AZE,3.516
1999,YR1999,"Bahamas, The",BHS,..
1999,YR1999,Bahrain,BHR,..
1999,YR1999,Bangladesh,BGD,..
1999,YR1999,Barbados,BRB,..
1999,YR1999,Belarus,BLR,3.2903
1999,YR1999,Belgium,BEL,2.801
1999,YR1999,Belize,BLZ,..
1999,YR1999,Benin,BEN,..
1999,YR1999,Bermuda,BMU,..
1999,YR1999,Bhutan,BTN,0.051
1999,YR1999,Bolivia,BOL,..
1999,YR1999,Bosnia and Herzegovina,BIH,..
1999,YR1999,Botswana,BWA,0.3
1999,YR1999,Brazil,BRA,1.364
1999,YR1999,British Virgin Islands,VGB,..
1999,YR1999,Brunei Darussalam,BRN,..
1999,YR1999,Bulgaria,BGR,..
1999,YR1999,Burkina Faso,BFA,..
1999,YR1999,Burundi,BDI,..
1999,YR1999,Cabo Verde,CPV,..
1999,YR1999,Cambodia,KHM,..
1999,YR1999,Cameroon,CMR,..
1999,YR1999,Canada,CAN,2.1
1999,YR1999,Cayman Islands,CYM,..
1999,YR1999,Central African Republic,CAF,..
1999,YR1999,Chad,TCD,0.029
1999,YR1999,Channel Islands,CHI,..
1999,YR1999,Chile,CHL,..
1999,YR1999,China,CHN,1.244
1999,YR1999,Colombia,COL,1.218
1999,YR1999,Comoros,COM,..
1999,YR1999,"Congo, Dem. Rep.",COD,..
1999,YR1999,"Congo, Rep.",COG,..
1999,YR1999,Costa Rica,CRI,1.719
1999,YR1999,Cote d'Ivoire,CIV,..
1999,YR1999,Croatia,HRV,2.42
1999,YR1999,Cuba,CUB,5.859
1999,YR1999,Curacao,CUW,..
1999,YR1999,Cyprus,CYP,..
1999,YR1999,Czechia,CZE,3.088
1999,YR1999,Denmark,DNK,2.884
1999,YR1999,Djibouti,DJI,0.129
1999,YR1999,Dominica,DMA,..
1999,YR1999,Dominican Republic,DOM,..
1999,YR1999,Ecuador,ECU,1.376
1999,YR1999,"Egypt, Arab Rep.",EGY,..
1999,YR1999,El Salvador,SLV,1.227
1999,YR1999,Equatorial Guinea,GNQ,..
1999,YR1999,Eritrea,ERI,..
1999,YR1999,Estonia,EST,2.993
1999,YR1999,Eswatini,SWZ,..
1999,YR1999,Ethiopia,ETH,0.02
1999,YR1999,Faroe Islands,FRO,..
1999,YR1999,Fiji,FJI,0.329
1999,YR1999,Finland,FIN,2.401
1999,YR1999,France,FRA,3.355
1999,YR1999,French Polynesia,PYF,..
1999,YR1999,Gabon,GAB,..
1999,YR1999,"Gambia, The",GMB,..
1999,YR1999,Georgia,GEO,3.927
1999,YR1999,Germany,DEU,3.217
1999,YR1999,Ghana,GHA,..
1999,YR1999,Gibraltar,GIB,..
1999,YR1999,Greece,GRC,4.195
1999,YR1999,Greenland,GRL,..
1999,YR1999,Grenada,GRD,0.552
1999,YR1999,Guam,GUM,1.084
1999,YR1999,Guatemala,GTM,0.869
1999,YR1999,Guinea,GIN,..
1999,YR1999,Guinea-Bissau,GNB,..
1999,YR1999,Guyana,GUY,..
1999,YR1999,Haiti,HTI,..
1999,YR1999,Honduras,HND,..
1999,YR1999,"Hong Kong SAR, China",HKG,..
1999,YR1999,Hungary,HUN,3.106
1999,YR1999,Iceland,ISL,3.379
1999,YR1999,India,IND,..
1999,YR1999,Indonesia,IDN,..
1999,YR1999,"Iran, Islamic Rep.",IRN,..
1999,YR1999,Iraq,IRQ,..
1999,YR1999,Ireland,IRL,2.277
1999,YR1999,Isle of Man,IMN,..
1999,YR1999,Israel,ISR,3.698
1999,YR1999,Italy,ITA,4.115
1999,YR1999,Jamaica,JAM,..
1999,YR1999,Japan,JPN,..
1999,YR1999,Jordan,JOR,1.957
1999,YR1999,Kazakhstan,KAZ,3.314
1999,YR1999,Kenya,KEN,..
1999,YR1999,Kiribati,KIR,..
1999,YR1999,"Korea, Dem. People's Rep.",PRK,..
1999,YR1999,"Korea, Rep.",KOR,1.315
1999,YR1999,Kosovo,XKX,..
1999,YR1999,Kuwait,KWT,..
1999,YR1999,Kyrgyz Republic,KGZ,2.893
1999,YR1999,Lao PDR,LAO,..
1999,YR1999,Latvia,LVA,2.677
1999,YR1999,Lebanon,LBN,..
1999,YR1999,Lesotho,LSO,..
1999,YR1999,Liberia,LBR,..
1999,YR1999,Libya,LBY,..
1999,YR1999,Liechtenstein,LIE,..
1999,YR1999,Lithuania,LTU,3.603
1999,YR1999,Luxembourg,LUX,2.4878
1999,YR1999,"Macao SAR, China",MAC,..
1999,YR1999,Madagascar,MDG,..
1999,YR1999,Malawi,MWI,..
1999,YR1999,Malaysia,MYS,0.683
1999,YR1999,Maldives,MDV,..
1999,YR1999,Mali,MLI,..
1999,YR1999,Malta,MLT,..
1999,YR1999,Marshall Islands,MHL,..
1999,YR1999,Mauritania,MRT,..
1999,YR1999,Mauritius,MUS,..
1999,YR1999,Mexico,MEX,1.732
1999,YR1999,"Micronesia, Fed. Sts.",FSM,0.573
1999,YR1999,Moldova,MDA,..
1999,YR1999,Monaco,MCO,..
1999,YR1999,Mongolia,MNG,2.54
1999,YR1999,Montenegro,MNE,1.802
1999,YR1999,Morocco,MAR,..
1999,YR1999,Mozambique,MOZ,..
1999,YR1999,Myanmar,MMR,0.297
1999,YR1999,Namibia,NAM,..
1999,YR1999,Nauru,NRU,..
1999,YR1999,Nepal,NPL,..
1999,YR1999,Netherlands,NLD,2.38
1999,YR1999,New Caledonia,NCL,1.982
1999,YR1999,New Zealand,NZL,2.248
1999,YR1999,Nicaragua,NIC,..
1999,YR1999,Niger,NER,..
1999,YR1999,Nigeria,NGA,..
1999,YR1999,North Macedonia,MKD,2.179
1999,YR1999,Northern Mariana Islands,MNP,0.445
1999,YR1999,Norway,NOR,3.287
1999,YR1999,Oman,OMN,0.94
1999,YR1999,Pakistan,PAK,0.582
1999,YR1999,Palau,PLW,..
1999,YR1999,Panama,PAN,1.244
1999,YR1999,Papua New Guinea,PNG,..
1999,YR1999,Paraguay,PRY,..
1999,YR1999,Peru,PER,1.135
1999,YR1999,Philippines,PHL,..
1999,YR1999,Poland,POL,2.282
1999,YR1999,Portugal,PRT,3.121
1999,YR1999,Puerto Rico,PRI,..
1999,YR1999,Qatar,QAT,..
1999,YR1999,Romania,ROU,..
1999,YR1999,Russian Federation,RUS,4.632
1999,YR1999,Rwanda,RWA,..
1999,YR1999,Samoa,WSM,0.659
1999,YR1999,San Marino,SMR,..
1999,YR1999,Sao Tome and Principe,STP,..
1999,YR1999,Saudi Arabia,SAU,..
1999,YR1999,Senegal,SEN,..
1999,YR1999,Serbia,SRB,..
1999,YR1999,Seychelles,SYC,..
1999,YR1999,Sierra Leone,SLE,..
1999,YR1999,Singapore,SGP,1.343
1999,YR1999,Sint Maarten (Dutch part),SXM,..
1999,YR1999,Slovak Republic,SVK,3.3192
1999,YR1999,Slovenia,SVN,2.123
1999,YR1999,Solomon Islands,SLB,0.129
1999,YR1999,Somalia,SOM,..
1999,YR1999,South Africa,ZAF,..
1999,YR1999,South Sudan,SSD,..
1999,YR1999,Spain,ESP,3.039
1999,YR1999,Sri Lanka,LKA,0.375
1999,YR1999,St. Kitts and Nevis,KNA,1.027
1999,YR1999,St. Lucia,LCA,..
1999,YR1999,St. Martin (French part),MAF,..
1999,YR1999,St. Vincent and the Grenadines,VCT,..
1999,YR1999,Sudan,SDN,..
1999,YR1999,Suriname,SUR,..
1999,YR1999,Sweden,SWE,2.97
1999,YR1999,Switzerland,CHE,3.364
1999,YR1999,Syrian Arab Republic,SYR,1.345
1999,YR1999,Tajikistan,TJK,2.095
1999,YR1999,Tanzania,TZA,..
1999,YR1999,Thailand,THA,0.291
1999,YR1999,Timor-Leste,TLS,..
1999,YR1999,Togo,TGO,..
1999,YR1999,Tonga,TON,..
1999,YR1999,Trinidad and Tobago,TTO,0.882
1999,YR1999,Tunisia,TUN,0.73
1999,YR1999,Turkiye,TUR,1.261
1999,YR1999,Turkmenistan,TKM,..
1999,YR1999,Turks and Caicos Islands,TCA,..
1999,YR1999,Tuvalu,TUV,..
1999,YR1999,Uganda,UGA,..
1999,YR1999,Ukraine,UKR,2.986
1999,YR1999,United Arab Emirates,ARE,..
1999,YR1999,United Kingdom,GBR,1.913
1999,YR1999,United States,USA,..
1999,YR1999,Uruguay,URY,3.745
1999,YR1999,Uzbekistan,UZB,..
1999,YR1999,Vanuatu,VUT,..
1999,YR1999,"Venezuela, RB",VEN,..
1999,YR1999,Viet Nam,VNM,0.515
1999,YR1999,Virgin Islands (U.S.),VIR,..
1999,YR1999,West Bank and Gaza,PSE,..
1999,YR1999,"Yemen, Rep.",YEM,..
1999,YR1999,Zambia,ZMB,..
1999,YR1999,Zimbabwe,ZWE,..
2000,YR2000,Africa Eastern and Southern,AFE,..
2000,YR2000,Africa Western and Central,AFW,0.19217684816819
2000,YR2000,Arab World,ARB,1.18747278147203
2000,YR2000,Caribbean small states,CSS,0.741893133611325
2000,YR2000,Central Europe and the Baltics,CEB,2.52484009155407
2000,YR2000,Early-demographic dividend,EAR,..
2000,YR2000,East Asia & Pacific,EAS,1.21692004268303
2000,YR2000,East Asia & Pacific (excluding high income),EAP,1.13835704390823
2000,YR2000,East Asia & Pacific (IDA & IBRD countries),TEA,1.13836001382824
2000,YR2000,Euro area,EMU,3.23801799270815
2000,YR2000,Europe & Central Asia,ECS,3.11221228632618
2000,YR2000,Europe & Central Asia (excluding high income),ECA,2.42987053096423
2000,YR2000,Europe & Central Asia (IDA & IBRD countries),TEC,3.15982548153597
2000,YR2000,European Union,EUU,3.06501824965109
2000,YR2000,Fragile and conflict affected situations,FCS,0.618884581895331
2000,YR2000,Heavily indebted poor countries (HIPC),HPC,0.112764392016434
2000,YR2000,High income,HIC,2.77934148029063
2000,YR2000,IBRD only,IBD,..
2000,YR2000,IDA & IBRD total,IBT,1.24198463569548
2000,YR2000,IDA blend,IDB,..
2000,YR2000,IDA only,IDX,..
2000,YR2000,IDA total,IDA,..
2000,YR2000,Late-demographic dividend,LTE,1.51425616064262
2000,YR2000,Latin America & Caribbean,LCN,1.62086770311997
2000,YR2000,Latin America & Caribbean (excluding high income),LAC,1.62068852285754
2000,YR2000,Latin America & the Caribbean (IDA & IBRD countries),TLA,1.52486115272495
2000,YR2000,Least developed countries: UN classification,LDC,0.13645966575045
2000,YR2000,Low & middle income,LMY,1.07892031426148
2000,YR2000,Low income,LIC,..
2000,YR2000,Lower middle income,LMC,..
2000,YR2000,Middle East & North Africa,MEA,1.30359252623524
2000,YR2000,Middle East & North Africa (excluding high income),MNA,1.28704593344298
2000,YR2000,Middle East & North Africa (IDA & IBRD countries),TMN,1.29215921680079
2000,YR2000,Middle income,MIC,1.15549535399063
2000,YR2000,North America,NAC,2.51925217849065
2000,YR2000,Not classified,INX,..
2000,YR2000,OECD members,OED,2.39810864434351
2000,YR2000,Other small states,OSS,1.38214260356895
2000,YR2000,Pacific island small states,PSS,0.35802572181186
2000,YR2000,Post-demographic dividend,PST,2.67966328695826
2000,YR2000,Pre-demographic dividend,PRE,0.174772939256774
2000,YR2000,Small states,SST,1.10623037418953
2000,YR2000,South Asia,SAS,..
2000,YR2000,South Asia (IDA & IBRD),TSA,..
2000,YR2000,Sub-Saharan Africa,SSF,0.12600162220613
2000,YR2000,Sub-Saharan Africa (excluding high income),SSA,0.12600162220613
2000,YR2000,Sub-Saharan Africa (IDA & IBRD countries),TSS,0.12600162220613
2000,YR2000,Upper middle income,UMC,1.38838503335284
2000,YR2000,World,WLD,1.538847132446
2000,YR2000,Afghanistan,AFG,..
2000,YR2000,Albania,ALB,1.359
2000,YR2000,Algeria,DZA,..
2000,YR2000,American Samoa,ASM,..
2000,YR2000,Andorra,AND,2.542
2000,YR2000,Angola,AGO,..
2000,YR2000,Antigua and Barbuda,ATG,..
2000,YR2000,Argentina,ARG,..
2000,YR2000,Armenia,ARM,2.616
2000,YR2000,Aruba,ABW,..
2000,YR2000,Australia,AUS,2.491
2000,YR2000,Austria,AUT,3.878
2000,YR2000,Azerbaijan,AZE,3.545
2000,YR2000,"Bahamas, The",BHS,..
2000,YR2000,Bahrain,BHR,0.953
2000,YR2000,Bangladesh,BGD,..
2000,YR2000,Barbados,BRB,1.379
2000,YR2000,Belarus,BLR,3.2998
2000,YR2000,Belgium,BEL,2.825
2000,YR2000,Belize,BLZ,1.044
2000,YR2000,Benin,BEN,..
2000,YR2000,Bermuda,BMU,..
2000,YR2000,Bhutan,BTN,..
2000,YR2000,Bolivia,BOL,..
2000,YR2000,Bosnia and Herzegovina,BIH,1.306
2000,YR2000,Botswana,BWA,0.289
2000,YR2000,Brazil,BRA,..
2000,YR2000,British Virgin Islands,VGB,..
2000,YR2000,Brunei Darussalam,BRN,1.006
2000,YR2000,Bulgaria,BGR,3.399
2000,YR2000,Burkina Faso,BFA,..
2000,YR2000,Burundi,BDI,0.052
2000,YR2000,Cabo Verde,CPV,..
2000,YR2000,Cambodia,KHM,0.169
2000,YR2000,Cameroon,CMR,..
2000,YR2000,Canada,CAN,..
2000,YR2000,Cayman Islands,CYM,..
2000,YR2000,Central African Republic,CAF,..
2000,YR2000,Chad,TCD,0.029
2000,YR2000,Channel Islands,CHI,..
2000,YR2000,Chile,CHL,..
2000,YR2000,China,CHN,1.268
2000,YR2000,Colombia,COL,1.26
2000,YR2000,Comoros,COM,..
2000,YR2000,"Congo, Dem. Rep.",COD,..
2000,YR2000,"Congo, Rep.",COG,..
2000,YR2000,Costa Rica,CRI,1.308
2000,YR2000,Cote d'Ivoire,CIV,..
2000,YR2000,Croatia,HRV,2.295
2000,YR2000,Cuba,CUB,5.943
2000,YR2000,Curacao,CUW,..
2000,YR2000,Cyprus,CYP,1.898
2000,YR2000,Czechia,CZE,3.381
2000,YR2000,Denmark,DNK,2.912
2000,YR2000,Djibouti,DJI,..
2000,YR2000,Dominica,DMA,..
2000,YR2000,Dominican Republic,DOM,1.835
2000,YR2000,Ecuador,ECU,1.452
2000,YR2000,"Egypt, Arab Rep.",EGY,2.118
2000,YR2000,El Salvador,SLV,..
2000,YR2000,Equatorial Guinea,GNQ,..
2000,YR2000,Eritrea,ERI,0.042
2000,YR2000,Estonia,EST,2.942
2000,YR2000,Eswatini,SWZ,..
2000,YR2000,Ethiopia,ETH,0.021
2000,YR2000,Faroe Islands,FRO,..
2000,YR2000,Fiji,FJI,..
2000,YR2000,Finland,FIN,2.499
2000,YR2000,France,FRA,3.375
2000,YR2000,French Polynesia,PYF,1.697
2000,YR2000,Gabon,GAB,..
2000,YR2000,"Gambia, The",GMB,..
2000,YR2000,Georgia,GEO,3.924
2000,YR2000,Germany,DEU,3.272
2000,YR2000,Ghana,GHA,..
2000,YR2000,Gibraltar,GIB,..
2000,YR2000,Greece,GRC,..
2000,YR2000,Greenland,GRL,..
2000,YR2000,Grenada,GRD,0.54
2000,YR2000,Guam,GUM,..
2000,YR2000,Guatemala,GTM,..
2000,YR2000,Guinea,GIN,0.092
2000,YR2000,Guinea-Bissau,GNB,..
2000,YR2000,Guyana,GUY,0.482
2000,YR2000,Haiti,HTI,..
2000,YR2000,Honduras,HND,0.552
2000,YR2000,"Hong Kong SAR, China",HKG,..
2000,YR2000,Hungary,HUN,2.685
2000,YR2000,Iceland,ISL,3.439
2000,YR2000,India,IND,..
2000,YR2000,Indonesia,IDN,..
2000,YR2000,"Iran, Islamic Rep.",IRN,..
2000,YR2000,Iraq,IRQ,..
2000,YR2000,Ireland,IRL,2.239
2000,YR2000,Isle of Man,IMN,..
2000,YR2000,Israel,ISR,3.693
2000,YR2000,Italy,ITA,3.442
2000,YR2000,Jamaica,JAM,..
2000,YR2000,Japan,JPN,1.935
2000,YR2000,Jordan,JOR,1.894
2000,YR2000,Kazakhstan,KAZ,3.213
2000,YR2000,Kenya,KEN,..
2000,YR2000,Kiribati,KIR,..
2000,YR2000,"Korea, Dem. People's Rep.",PRK,..
2000,YR2000,"Korea, Rep.",KOR,1.302
2000,YR2000,Kosovo,XKX,..
2000,YR2000,Kuwait,KWT,..
2000,YR2000,Kyrgyz Republic,KGZ,2.796
2000,YR2000,Lao PDR,LAO,0.279
2000,YR2000,Latvia,LVA,2.85
2000,YR2000,Lebanon,LBN,..
2000,YR2000,Lesotho,LSO,..
2000,YR2000,Liberia,LBR,..
2000,YR2000,Libya,LBY,..
2000,YR2000,Liechtenstein,LIE,..
2000,YR2000,Lithuania,LTU,3.526
2000,YR2000,Luxembourg,LUX,2.1509
2000,YR2000,"Macao SAR, China",MAC,..
2000,YR2000,Madagascar,MDG,..
2000,YR2000,Malawi,MWI,..
2000,YR2000,Malaysia,MYS,0.681
2000,YR2000,Maldives,MDV,..
2000,YR2000,Mali,MLI,0.044
2000,YR2000,Malta,MLT,2.565
2000,YR2000,Marshall Islands,MHL,0.471
2000,YR2000,Mauritania,MRT,..
2000,YR2000,Mauritius,MUS,0.888
2000,YR2000,Mexico,MEX,1.644
2000,YR2000,"Micronesia, Fed. Sts.",FSM,0.573
2000,YR2000,Moldova,MDA,2.427
2000,YR2000,Monaco,MCO,..
2000,YR2000,Mongolia,MNG,..
2000,YR2000,Montenegro,MNE,1.825
2000,YR2000,Morocco,MAR,..
2000,YR2000,Mozambique,MOZ,0.024
2000,YR2000,Myanmar,MMR,0.302
2000,YR2000,Namibia,NAM,..
2000,YR2000,Nauru,NRU,..
2000,YR2000,Nepal,NPL,..
2000,YR2000,Netherlands,NLD,2.447
2000,YR2000,New Caledonia,NCL,..
2000,YR2000,New Zealand,NZL,2.235
2000,YR2000,Nicaragua,NIC,..
2000,YR2000,Niger,NER,..
2000,YR2000,Nigeria,NGA,0.269
2000,YR2000,North Macedonia,MKD,2.186
2000,YR2000,Northern Mariana Islands,MNP,..
2000,YR2000,Norway,NOR,3.38
2000,YR2000,Oman,OMN,1.39
2000,YR2000,Pakistan,PAK,0.595
2000,YR2000,Palau,PLW,..
2000,YR2000,Panama,PAN,..
2000,YR2000,Papua New Guinea,PNG,0.05
2000,YR2000,Paraguay,PRY,1.17
2000,YR2000,Peru,PER,..
2000,YR2000,Philippines,PHL,1.219
2000,YR2000,Poland,POL,2.208
2000,YR2000,Portugal,PRT,3.202
2000,YR2000,Puerto Rico,PRI,..
2000,YR2000,Qatar,QAT,..
2000,YR2000,Romania,ROU,1.973
2000,YR2000,Russian Federation,RUS,4.632
2000,YR2000,Rwanda,RWA,..
2000,YR2000,Samoa,WSM,..
2000,YR2000,San Marino,SMR,..
2000,YR2000,Sao Tome and Principe,STP,..
2000,YR2000,Saudi Arabia,SAU,0.694
2000,YR2000,Senegal,SEN,..
2000,YR2000,Serbia,SRB,..
2000,YR2000,Seychelles,SYC,..
2000,YR2000,Sierra Leone,SLE,..
2000,YR2000,Singapore,SGP,1.376
2000,YR2000,Sint Maarten (Dutch part),SXM,..
2000,YR2000,Slovak Republic,SVK,3.24
2000,YR2000,Slovenia,SVN,2.156
2000,YR2000,Solomon Islands,SLB,..
2000,YR2000,Somalia,SOM,..
2000,YR2000,South Africa,ZAF,..
2000,YR2000,South Sudan,SSD,..
2000,YR2000,Spain,ESP,3.122
2000,YR2000,Sri Lanka,LKA,0.424
2000,YR2000,St. Kitts and Nevis,KNA,..
2000,YR2000,St. Lucia,LCA,..
2000,YR2000,St. Martin (French part),MAF,..
2000,YR2000,St. Vincent and the Grenadines,VCT,0.782
2000,YR2000,Sudan,SDN,0.158
2000,YR2000,Suriname,SUR,0.399
2000,YR2000,Sweden,SWE,3.027
2000,YR2000,Switzerland,CHE,3.511
2000,YR2000,Syrian Arab Republic,SYR,1.374
2000,YR2000,Tajikistan,TJK,2.152
2000,YR2000,Tanzania,TZA,..
2000,YR2000,Thailand,THA,..
2000,YR2000,Timor-Leste,TLS,..
2000,YR2000,Togo,TGO,..
2000,YR2000,Tonga,TON,0.499
2000,YR2000,Trinidad and Tobago,TTO,0.957
2000,YR2000,Tunisia,TUN,0.752
2000,YR2000,Turkiye,TUR,1.33
2000,YR2000,Turkmenistan,TKM,2.716
2000,YR2000,Turks and Caicos Islands,TCA,..
2000,YR2000,Tuvalu,TUV,..
2000,YR2000,Uganda,UGA,..
2000,YR2000,Ukraine,UKR,3.027
2000,YR2000,United Arab Emirates,ARE,1.724
2000,YR2000,United Kingdom,GBR,1.994
2000,YR2000,United States,USA,2.588
2000,YR2000,Uruguay,URY,..
2000,YR2000,Uzbekistan,UZB,2.944
2000,YR2000,Vanuatu,VUT,..
2000,YR2000,"Venezuela, RB",VEN,..
2000,YR2000,Viet Nam,VNM,..
2000,YR2000,Virgin Islands (U.S.),VIR,..
2000,YR2000,West Bank and Gaza,PSE,..
2000,YR2000,"Yemen, Rep.",YEM,..
2000,YR2000,Zambia,ZMB,..
2000,YR2000,Zimbabwe,ZWE,0.127
2001,YR2001,Africa Eastern and Southern,AFE,..
2001,YR2001,Africa Western and Central,AFW,..
2001,YR2001,Arab World,ARB,..
2001,YR2001,Caribbean small states,CSS,..
2001,YR2001,Central Europe and the Baltics,CEB,..
2001,YR2001,Early-demographic dividend,EAR,..
2001,YR2001,East Asia & Pacific,EAS,..
2001,YR2001,East Asia & Pacific (excluding high income),EAP,..
2001,YR2001,East Asia & Pacific (IDA & IBRD countries),TEA,..
2001,YR2001,Euro area,EMU,..
2001,YR2001,Europe & Central Asia,ECS,..
2001,YR2001,Europe & Central Asia (excluding high income),ECA,..
2001,YR2001,Europe & Central Asia (IDA & IBRD countries),TEC,..
2001,YR2001,European Union,EUU,..
2001,YR2001,Fragile and conflict affected situations,FCS,..
2001,YR2001,Heavily indebted poor countries (HIPC),HPC,..
2001,YR2001,High income,HIC,..
2001,YR2001,IBRD only,IBD,..
2001,YR2001,IDA & IBRD total,IBT,..
2001,YR2001,IDA blend,IDB,..
2001,YR2001,IDA only,IDX,..
2001,YR2001,IDA total,IDA,..
2001,YR2001,Late-demographic dividend,LTE,..
2001,YR2001,Latin America & Caribbean,LCN,..
2001,YR2001,Latin America & Caribbean (excluding high income),LAC,..
2001,YR2001,Latin America & the Caribbean (IDA & IBRD countries),TLA,..
2001,YR2001,Least developed countries: UN classification,LDC,..
2001,YR2001,Low & middle income,LMY,..
2001,YR2001,Low income,LIC,..
2001,YR2001,Lower middle income,LMC,..
2001,YR2001,Middle East & North Africa,MEA,..
2001,YR2001,Middle East & North Africa (excluding high income),MNA,..
2001,YR2001,Middle East & North Africa (IDA & IBRD countries),TMN,..
2001,YR2001,Middle income,MIC,..
2001,YR2001,North America,NAC,..
2001,YR2001,Not classified,INX,..
2001,YR2001,OECD members,OED,..
2001,YR2001,Other small states,OSS,..
2001,YR2001,Pacific island small states,PSS,..
2001,YR2001,Post-demographic dividend,PST,..
2001,YR2001,Pre-demographic dividend,PRE,..
2001,YR2001,Small states,SST,..
2001,YR2001,South Asia,SAS,..
2001,YR2001,South Asia (IDA & IBRD),TSA,..
2001,YR2001,Sub-Saharan Africa,SSF,..
2001,YR2001,Sub-Saharan Africa (excluding high income),SSA,..
2001,YR2001,Sub-Saharan Africa (IDA & IBRD countries),TSS,..
2001,YR2001,Upper middle income,UMC,..
2001,YR2001,World,WLD,..
2001,YR2001,Afghanistan,AFG,0.208
2001,YR2001,Albania,ALB,1.3
2001,YR2001,Algeria,DZA,..
2001,YR2001,American Samoa,ASM,..
2001,YR2001,Andorra,AND,2.581
2001,YR2001,Angola,AGO,..
2001,YR2001,Antigua and Barbuda,ATG,..
2001,YR2001,Argentina,ARG,3.2481
2001,YR2001,Armenia,ARM,2.55
2001,YR2001,Aruba,ABW,..
2001,YR2001,Australia,AUS,2.566
2001,YR2001,Austria,AUT,3.99
2001,YR2001,Azerbaijan,AZE,3.512
2001,YR2001,"Bahamas, The",BHS,..
2001,YR2001,Bahrain,BHR,1.016
2001,YR2001,Bangladesh,BGD,0.247
2001,YR2001,Barbados,BRB,1.583
2001,YR2001,Belarus,BLR,..
2001,YR2001,Belgium,BEL,2.842
2001,YR2001,Belize,BLZ,..
2001,YR2001,Benin,BEN,..
2001,YR2001,Bermuda,BMU,..
2001,YR2001,Bhutan,BTN,..
2001,YR2001,Bolivia,BOL,1.181
2001,YR2001,Bosnia and Herzegovina,BIH,1.298
2001,YR2001,Botswana,BWA,0.29
2001,YR2001,Brazil,BRA,..
2001,YR2001,British Virgin Islands,VGB,..
2001,YR2001,Brunei Darussalam,BRN,..
2001,YR2001,Bulgaria,BGR,3.384
2001,YR2001,Burkina Faso,BFA,0.04
2001,YR2001,Burundi,BDI,..
2001,YR2001,Cabo Verde,CPV,..
2001,YR2001,Cambodia,KHM,..
2001,YR2001,Cameroon,CMR,..
2001,YR2001,Canada,CAN,1.8871
2001,YR2001,Cayman Islands,CYM,..
2001,YR2001,Central African Republic,CAF,..
2001,YR2001,Chad,TCD,..
2001,YR2001,Channel Islands,CHI,..
2001,YR2001,Chile,CHL,..
2001,YR2001,China,CHN,1.287
2001,YR2001,Colombia,COL,1.285
2001,YR2001,Comoros,COM,..
2001,YR2001,"Congo, Dem. Rep.",COD,..
2001,YR2001,"Congo, Rep.",COG,..
2001,YR2001,Costa Rica,CRI,..
2001,YR2001,Cote d'Ivoire,CIV,..
2001,YR2001,Croatia,HRV,2.341
2001,YR2001,Cuba,CUB,5.954
2001,YR2001,Curacao,CUW,..
2001,YR2001,Cyprus,CYP,1.906
2001,YR2001,Czechia,CZE,3.443
2001,YR2001,Denmark,DNK,2.932
2001,YR2001,Djibouti,DJI,..
2001,YR2001,Dominica,DMA,1.818
2001,YR2001,Dominican Republic,DOM,..
2001,YR2001,Ecuador,ECU,1.552
2001,YR2001,"Egypt, Arab Rep.",EGY,..
2001,YR2001,El Salvador,SLV,..
2001,YR2001,Equatorial Guinea,GNQ,..
2001,YR2001,Eritrea,ERI,0.039
2001,YR2001,Estonia,EST,2.783
2001,YR2001,Eswatini,SWZ,0.172
2001,YR2001,Ethiopia,ETH,0.028
2001,YR2001,Faroe Islands,FRO,..
2001,YR2001,Fiji,FJI,..
2001,YR2001,Finland,FIN,2.5
2001,YR2001,France,FRA,3.408
2001,YR2001,French Polynesia,PYF,..
2001,YR2001,Gabon,GAB,..
2001,YR2001,"Gambia, The",GMB,..
2001,YR2001,Georgia,GEO,3.852
2001,YR2001,Germany,DEU,3.327
2001,YR2001,Ghana,GHA,..
2001,YR2001,Gibraltar,GIB,..
2001,YR2001,Greece,GRC,..
2001,YR2001,Greenland,GRL,..
2001,YR2001,Grenada,GRD,0.538
2001,YR2001,Guam,GUM,..
2001,YR2001,Guatemala,GTM,..
2001,YR2001,Guinea,GIN,..
2001,YR2001,Guinea-Bissau,GNB,..
2001,YR2001,Guyana,GUY,..
2001,YR2001,Haiti,HTI,..
2001,YR2001,Honduras,HND,..
2001,YR2001,"Hong Kong SAR, China",HKG,..
2001,YR2001,Hungary,HUN,2.893
2001,YR2001,Iceland,ISL,3.471
2001,YR2001,India,IND,..
2001,YR2001,Indonesia,IDN,..
2001,YR2001,"Iran, Islamic Rep.",IRN,..
2001,YR2001,Iraq,IRQ,0.543
2001,YR2001,Ireland,IRL,2.394
2001,YR2001,Isle of Man,IMN,..
2001,YR2001,Israel,ISR,3.706
2001,YR2001,Italy,ITA,3.506
2001,YR2001,Jamaica,JAM,..
2001,YR2001,Japan,JPN,..
2001,YR2001,Jordan,JOR,2.058
2001,YR2001,Kazakhstan,KAZ,3.356
2001,YR2001,Kenya,KEN,..
2001,YR2001,Kiribati,KIR,..
2001,YR2001,"Korea, Dem. People's Rep.",PRK,..
2001,YR2001,"Korea, Rep.",KOR,1.396
2001,YR2001,Kosovo,XKX,..
2001,YR2001,Kuwait,KWT,..
2001,YR2001,Kyrgyz Republic,KGZ,2.686
2001,YR2001,Lao PDR,LAO,..
2001,YR2001,Latvia,LVA,2.662
2001,YR2001,Lebanon,LBN,2.621
2001,YR2001,Lesotho,LSO,..
2001,YR2001,Liberia,LBR,..
2001,YR2001,Libya,LBY,..
2001,YR2001,Liechtenstein,LIE,..
2001,YR2001,Lithuania,LTU,3.54
2001,YR2001,Luxembourg,LUX,2.2172
2001,YR2001,"Macao SAR, China",MAC,..
2001,YR2001,Madagascar,MDG,0.087
2001,YR2001,Malawi,MWI,..
2001,YR2001,Malaysia,MYS,..
2001,YR2001,Maldives,MDV,..
2001,YR2001,Mali,MLI,..
2001,YR2001,Malta,MLT,3.036
2001,YR2001,Marshall Islands,MHL,..
2001,YR2001,Mauritania,MRT,..
2001,YR2001,Mauritius,MUS,0.904
2001,YR2001,Mexico,MEX,1.53
2001,YR2001,"Micronesia, Fed. Sts.",FSM,..
2001,YR2001,Moldova,MDA,2.285
2001,YR2001,Monaco,MCO,..
2001,YR2001,Mongolia,MNG,..
2001,YR2001,Montenegro,MNE,1.853
2001,YR2001,Morocco,MAR,0.483
2001,YR2001,Mozambique,MOZ,..
2001,YR2001,Myanmar,MMR,..
2001,YR2001,Namibia,NAM,..
2001,YR2001,Nauru,NRU,..
2001,YR2001,Nepal,NPL,0.052
2001,YR2001,Netherlands,NLD,2.525
2001,YR2001,New Caledonia,NCL,..
2001,YR2001,New Zealand,NZL,2.183
2001,YR2001,Nicaragua,NIC,..
2001,YR2001,Niger,NER,..
2001,YR2001,Nigeria,NGA,..
2001,YR2001,North Macedonia,MKD,2.172
2001,YR2001,Northern Mariana Islands,MNP,..
2001,YR2001,Norway,NOR,3.54
2001,YR2001,Oman,OMN,1.431
2001,YR2001,Pakistan,PAK,0.605
2001,YR2001,Palau,PLW,..
2001,YR2001,Panama,PAN,1.256
2001,YR2001,Papua New Guinea,PNG,..
2001,YR2001,Paraguay,PRY,..
2001,YR2001,Peru,PER,..
2001,YR2001,Philippines,PHL,1.221
2001,YR2001,Poland,POL,2.243
2001,YR2001,Portugal,PRT,3.252
2001,YR2001,Puerto Rico,PRI,..
2001,YR2001,Qatar,QAT,2.217
2001,YR2001,Romania,ROU,1.999
2001,YR2001,Russian Federation,RUS,4.635
2001,YR2001,Rwanda,RWA,..
2001,YR2001,Samoa,WSM,..
2001,YR2001,San Marino,SMR,..
2001,YR2001,Sao Tome and Principe,STP,..
2001,YR2001,Saudi Arabia,SAU,0.655
2001,YR2001,Senegal,SEN,..
2001,YR2001,Serbia,SRB,..
2001,YR2001,Seychelles,SYC,..
2001,YR2001,Sierra Leone,SLE,..
2001,YR2001,Singapore,SGP,1.437
2001,YR2001,Sint Maarten (Dutch part),SXM,..
2001,YR2001,Slovak Republic,SVK,3.225
2001,YR2001,Slovenia,SVN,2.182
2001,YR2001,Solomon Islands,SLB,..
2001,YR2001,Somalia,SOM,..
2001,YR2001,South Africa,ZAF,..
2001,YR2001,South Sudan,SSD,..
2001,YR2001,Spain,ESP,3.127
2001,YR2001,Sri Lanka,LKA,0.443
2001,YR2001,St. Kitts and Nevis,KNA,1.065
2001,YR2001,St. Lucia,LCA,0.819
2001,YR2001,St. Martin (French part),MAF,..
2001,YR2001,St. Vincent and the Grenadines,VCT,0.546
2001,YR2001,Sudan,SDN,..
2001,YR2001,Suriname,SUR,..
2001,YR2001,Sweden,SWE,3.122
2001,YR2001,Switzerland,CHE,3.515
2001,YR2001,Syrian Arab Republic,SYR,..
2001,YR2001,Tajikistan,TJK,2.094
2001,YR2001,Tanzania,TZA,..
2001,YR2001,Thailand,THA,0.298
2001,YR2001,Timor-Leste,TLS,..
2001,YR2001,Togo,TGO,0.057
2001,YR2001,Tonga,TON,0.339
2001,YR2001,Trinidad and Tobago,TTO,0.922
2001,YR2001,Tunisia,TUN,0.777
2001,YR2001,Turkiye,TUR,1.38
2001,YR2001,Turkmenistan,TKM,2.726
2001,YR2001,Turks and Caicos Islands,TCA,..
2001,YR2001,Tuvalu,TUV,..
2001,YR2001,Uganda,UGA,..
2001,YR2001,Ukraine,UKR,3.027
2001,YR2001,United Arab Emirates,ARE,1.896
2001,YR2001,United Kingdom,GBR,2.043
2001,YR2001,United States,USA,..
2001,YR2001,Uruguay,URY,..
2001,YR2001,Uzbekistan,UZB,2.893
2001,YR2001,Vanuatu,VUT,..
2001,YR2001,"Venezuela, RB",VEN,1.929
2001,YR2001,Viet Nam,VNM,0.53
2001,YR2001,Virgin Islands (U.S.),VIR,..
2001,YR2001,West Bank and Gaza,PSE,0.837
2001,YR2001,"Yemen, Rep.",YEM,..
2001,YR2001,Zambia,ZMB,..
2001,YR2001,Zimbabwe,ZWE,..
2002,YR2002,Africa Eastern and Southern,AFE,..
2002,YR2002,Africa Western and Central,AFW,..
2002,YR2002,Arab World,ARB,..
2002,YR2002,Caribbean small states,CSS,..
2002,YR2002,Central Europe and the Baltics,CEB,..
2002,YR2002,Early-demographic dividend,EAR,..
2002,YR2002,East Asia & Pacific,EAS,..
2002,YR2002,East Asia & Pacific (excluding high income),EAP,..
2002,YR2002,East Asia & Pacific (IDA & IBRD countries),TEA,..
2002,YR2002,Euro area,EMU,..
2002,YR2002,Europe & Central Asia,ECS,..
2002,YR2002,Europe & Central Asia (excluding high income),ECA,..
2002,YR2002,Europe & Central Asia (IDA & IBRD countries),TEC,..
2002,YR2002,European Union,EUU,..
2002,YR2002,Fragile and conflict affected situations,FCS,..
2002,YR2002,Heavily indebted poor countries (HIPC),HPC,..
2002,YR2002,High income,HIC,..
2002,YR2002,IBRD only,IBD,..
2002,YR2002,IDA & IBRD total,IBT,..
2002,YR2002,IDA blend,IDB,..
2002,YR2002,IDA only,IDX,..
2002,YR2002,IDA total,IDA,..
2002,YR2002,Late-demographic dividend,LTE,..
2002,YR2002,Latin America & Caribbean,LCN,..
2002,YR2002,Latin America & Caribbean (excluding high income),LAC,..
2002,YR2002,Latin America & the Caribbean (IDA & IBRD countries),TLA,..
2002,YR2002,Least developed countries: UN classification,LDC,..
2002,YR2002,Low & middle income,LMY,..
2002,YR2002,Low income,LIC,..
2002,YR2002,Lower middle income,LMC,..
2002,YR2002,Middle East & North Africa,MEA,..
2002,YR2002,Middle East & North Africa (excluding high income),MNA,..
2002,YR2002,Middle East & North Africa (IDA & IBRD countries),TMN,..
2002,YR2002,Middle income,MIC,..
2002,YR2002,North America,NAC,..
2002,YR2002,Not classified,INX,..
2002,YR2002,OECD members,OED,..
2002,YR2002,Other small states,OSS,..
2002,YR2002,Pacific island small states,PSS,..
2002,YR2002,Post-demographic dividend,PST,..
2002,YR2002,Pre-demographic dividend,PRE,..
2002,YR2002,Small states,SST,..
2002,YR2002,South Asia,SAS,..
2002,YR2002,South Asia (IDA & IBRD),TSA,..
2002,YR2002,Sub-Saharan Africa,SSF,..
2002,YR2002,Sub-Saharan Africa (excluding high income),SSA,..
2002,YR2002,Sub-Saharan Africa (IDA & IBRD countries),TSS,..
2002,YR2002,Upper middle income,UMC,..
2002,YR2002,World,WLD,..
2002,YR2002,Afghanistan,AFG,..
2002,YR2002,Albania,ALB,1.17
2002,YR2002,Algeria,DZA,1.118
2002,YR2002,American Samoa,ASM,..
2002,YR2002,Andorra,AND,2.867
2002,YR2002,Angola,AGO,..
2002,YR2002,Antigua and Barbuda,ATG,..
2002,YR2002,Argentina,ARG,..
2002,YR2002,Armenia,ARM,2.505
2002,YR2002,Aruba,ABW,..
2002,YR2002,Australia,AUS,2.562
2002,YR2002,Austria,AUT,4.061
2002,YR2002,Azerbaijan,AZE,3.521
2002,YR2002,"Bahamas, The",BHS,..
2002,YR2002,Bahrain,BHR,1.058
2002,YR2002,Bangladesh,BGD,..
2002,YR2002,Barbados,BRB,..
2002,YR2002,Belarus,BLR,..
2002,YR2002,Belgium,BEL,2.852
2002,YR2002,Belize,BLZ,..
2002,YR2002,Benin,BEN,..
2002,YR2002,Bermuda,BMU,..
2002,YR2002,Bhutan,BTN,..
2002,YR2002,Bolivia,BOL,..
2002,YR2002,Bosnia and Herzegovina,BIH,1.296
2002,YR2002,Botswana,BWA,0.299
2002,YR2002,Brazil,BRA,..
2002,YR2002,British Virgin Islands,VGB,..
2002,YR2002,Brunei Darussalam,BRN,1.151
2002,YR2002,Bulgaria,BGR,3.472
2002,YR2002,Burkina Faso,BFA,..
2002,YR2002,Burundi,BDI,..
2002,YR2002,Cabo Verde,CPV,..
2002,YR2002,Cambodia,KHM,..
2002,YR2002,Cameroon,CMR,..
2002,YR2002,Canada,CAN,1.8969
2002,YR2002,Cayman Islands,CYM,..
2002,YR2002,Central African Republic,CAF,..
2002,YR2002,Chad,TCD,..
2002,YR2002,Channel Islands,CHI,..
2002,YR2002,Chile,CHL,0.892
2002,YR2002,China,CHN,1.143
2002,YR2002,Colombia,COL,1.317
2002,YR2002,Comoros,COM,..
2002,YR2002,"Congo, Dem. Rep.",COD,..
2002,YR2002,"Congo, Rep.",COG,..
2002,YR2002,Costa Rica,CRI,..
2002,YR2002,Cote d'Ivoire,CIV,..
2002,YR2002,Croatia,HRV,2.362
2002,YR2002,Cuba,CUB,6.005
2002,YR2002,Curacao,CUW,..
2002,YR2002,Cyprus,CYP,1.868
2002,YR2002,Czechia,CZE,3.492
2002,YR2002,Denmark,DNK,3.035
2002,YR2002,Djibouti,DJI,..
2002,YR2002,Dominica,DMA,..
2002,YR2002,Dominican Republic,DOM,..
2002,YR2002,Ecuador,ECU,1.575
2002,YR2002,"Egypt, Arab Rep.",EGY,..
2002,YR2002,El Salvador,SLV,1.321
2002,YR2002,Equatorial Guinea,GNQ,..
2002,YR2002,Eritrea,ERI,0.052
2002,YR2002,Estonia,EST,2.965
2002,YR2002,Eswatini,SWZ,..
2002,YR2002,Ethiopia,ETH,0.029
2002,YR2002,Faroe Islands,FRO,..
2002,YR2002,Fiji,FJI,..
2002,YR2002,Finland,FIN,2.527
2002,YR2002,France,FRA,3.435
2002,YR2002,French Polynesia,PYF,..
2002,YR2002,Gabon,GAB,..
2002,YR2002,"Gambia, The",GMB,..
2002,YR2002,Georgia,GEO,3.992
2002,YR2002,Germany,DEU,3.364
2002,YR2002,Ghana,GHA,0.09
2002,YR2002,Gibraltar,GIB,..
2002,YR2002,Greece,GRC,..
2002,YR2002,Greenland,GRL,..
2002,YR2002,Grenada,GRD,0.536
2002,YR2002,Guam,GUM,..
2002,YR2002,Guatemala,GTM,..
2002,YR2002,Guinea,GIN,..
2002,YR2002,Guinea-Bissau,GNB,..
2002,YR2002,Guyana,GUY,..
2002,YR2002,Haiti,HTI,..
2002,YR2002,Honduras,HND,..
2002,YR2002,"Hong Kong SAR, China",HKG,..
2002,YR2002,Hungary,HUN,3.198
2002,YR2002,Iceland,ISL,3.575
2002,YR2002,India,IND,..
2002,YR2002,Indonesia,IDN,..
2002,YR2002,"Iran, Islamic Rep.",IRN,..
2002,YR2002,Iraq,IRQ,..
2002,YR2002,Ireland,IRL,2.425
2002,YR2002,Isle of Man,IMN,..
2002,YR2002,Israel,ISR,3.716
2002,YR2002,Italy,ITA,3.563
2002,YR2002,Jamaica,JAM,..
2002,YR2002,Japan,JPN,1.979
2002,YR2002,Jordan,JOR,2.221
2002,YR2002,Kazakhstan,KAZ,3.498
2002,YR2002,Kenya,KEN,0.138
2002,YR2002,Kiribati,KIR,..
2002,YR2002,"Korea, Dem. People's Rep.",PRK,..
2002,YR2002,"Korea, Rep.",KOR,1.499
2002,YR2002,Kosovo,XKX,..
2002,YR2002,Kuwait,KWT,..
2002,YR2002,Kyrgyz Republic,KGZ,2.568
2002,YR2002,Lao PDR,LAO,..
2002,YR2002,Latvia,LVA,2.77
2002,YR2002,Lebanon,LBN,..
2002,YR2002,Lesotho,LSO,..
2002,YR2002,Liberia,LBR,..
2002,YR2002,Libya,LBY,..
2002,YR2002,Liechtenstein,LIE,..
2002,YR2002,Lithuania,LTU,3.626
2002,YR2002,Luxembourg,LUX,2.2696
2002,YR2002,"Macao SAR, China",MAC,..
2002,YR2002,Madagascar,MDG,0.133
2002,YR2002,Malawi,MWI,..
2002,YR2002,Malaysia,MYS,0.723
2002,YR2002,Maldives,MDV,..
2002,YR2002,Mali,MLI,..
2002,YR2002,Malta,MLT,3.217
2002,YR2002,Marshall Islands,MHL,..
2002,YR2002,Mauritania,MRT,..
2002,YR2002,Mauritius,MUS,0.961
2002,YR2002,Mexico,MEX,1.538
2002,YR2002,"Micronesia, Fed. Sts.",FSM,..
2002,YR2002,Moldova,MDA,2.327
2002,YR2002,Monaco,MCO,..
2002,YR2002,Mongolia,MNG,2.699
2002,YR2002,Montenegro,MNE,1.843
2002,YR2002,Morocco,MAR,..
2002,YR2002,Mozambique,MOZ,..
2002,YR2002,Myanmar,MMR,..
2002,YR2002,Namibia,NAM,..
2002,YR2002,Nauru,NRU,..
2002,YR2002,Nepal,NPL,..
2002,YR2002,Netherlands,NLD,2.59
2002,YR2002,New Caledonia,NCL,..
2002,YR2002,New Zealand,NZL,2.126
2002,YR2002,Nicaragua,NIC,..
2002,YR2002,Niger,NER,0.033
2002,YR2002,Nigeria,NGA,..
2002,YR2002,North Macedonia,MKD,2.215
2002,YR2002,Northern Mariana Islands,MNP,..
2002,YR2002,Norway,NOR,3.218
2002,YR2002,Oman,OMN,1.471
2002,YR2002,Pakistan,PAK,..
2002,YR2002,Palau,PLW,..
2002,YR2002,Panama,PAN,1.347
2002,YR2002,Papua New Guinea,PNG,..
2002,YR2002,Paraguay,PRY,1.202
2002,YR2002,Peru,PER,..
2002,YR2002,Philippines,PHL,1.112
2002,YR2002,Poland,POL,2.279
2002,YR2002,Portugal,PRT,3.285
2002,YR2002,Puerto Rico,PRI,..
2002,YR2002,Qatar,QAT,..
2002,YR2002,Romania,ROU,2.115
2002,YR2002,Russian Federation,RUS,4.687
2002,YR2002,Rwanda,RWA,0.019
2002,YR2002,Samoa,WSM,..
2002,YR2002,San Marino,SMR,..
2002,YR2002,Sao Tome and Principe,STP,..
2002,YR2002,Saudi Arabia,SAU,..
2002,YR2002,Senegal,SEN,..
2002,YR2002,Serbia,SRB,..
2002,YR2002,Seychelles,SYC,..
2002,YR2002,Sierra Leone,SLE,..
2002,YR2002,Singapore,SGP,1.443
2002,YR2002,Sint Maarten (Dutch part),SXM,..
2002,YR2002,Slovak Republic,SVK,3.203
2002,YR2002,Slovenia,SVN,2.238
2002,YR2002,Solomon Islands,SLB,..
2002,YR2002,Somalia,SOM,..
2002,YR2002,South Africa,ZAF,..
2002,YR2002,South Sudan,SSD,..
2002,YR2002,Spain,ESP,3.126
2002,YR2002,Sri Lanka,LKA,..
2002,YR2002,St. Kitts and Nevis,KNA,..
2002,YR2002,St. Lucia,LCA,0.4391
2002,YR2002,St. Martin (French part),MAF,..
2002,YR2002,St. Vincent and the Grenadines,VCT,..
2002,YR2002,Sudan,SDN,..
2002,YR2002,Suriname,SUR,..
2002,YR2002,Sweden,SWE,3.213
2002,YR2002,Switzerland,CHE,3.562
2002,YR2002,Syrian Arab Republic,SYR,1.461
2002,YR2002,Tajikistan,TJK,2.005
2002,YR2002,Tanzania,TZA,0.023
2002,YR2002,Thailand,THA,0.296
2002,YR2002,Timor-Leste,TLS,..
2002,YR2002,Togo,TGO,..
2002,YR2002,Tonga,TON,0.289
2002,YR2002,Trinidad and Tobago,TTO,0.783
2002,YR2002,Tunisia,TUN,0.789
2002,YR2002,Turkiye,TUR,1.393
2002,YR2002,Turkmenistan,TKM,..
2002,YR2002,Turks and Caicos Islands,TCA,..
2002,YR2002,Tuvalu,TUV,0.625
2002,YR2002,Uganda,UGA,0.047
2002,YR2002,Ukraine,UKR,3.019
2002,YR2002,United Arab Emirates,ARE,1.917
2002,YR2002,United Kingdom,GBR,2.114
2002,YR2002,United States,USA,..
2002,YR2002,Uruguay,URY,3.746
2002,YR2002,Uzbekistan,UZB,2.829
2002,YR2002,Vanuatu,VUT,..
2002,YR2002,"Venezuela, RB",VEN,..
2002,YR2002,Viet Nam,VNM,0.558
2002,YR2002,Virgin Islands (U.S.),VIR,..
2002,YR2002,West Bank and Gaza,PSE,..
2002,YR2002,"Yemen, Rep.",YEM,..
2002,YR2002,Zambia,ZMB,..
2002,YR2002,Zimbabwe,ZWE,..
2003,YR2003,Africa Eastern and Southern,AFE,..
2003,YR2003,Africa Western and Central,AFW,..
2003,YR2003,Arab World,ARB,..
2003,YR2003,Caribbean small states,CSS,..
2003,YR2003,Central Europe and the Baltics,CEB,..
2003,YR2003,Early-demographic dividend,EAR,..
2003,YR2003,East Asia & Pacific,EAS,..
2003,YR2003,East Asia & Pacific (excluding high income),EAP,..
2003,YR2003,East Asia & Pacific (IDA & IBRD countries),TEA,..
2003,YR2003,Euro area,EMU,..
2003,YR2003,Europe & Central Asia,ECS,..
2003,YR2003,Europe & Central Asia (excluding high income),ECA,..
2003,YR2003,Europe & Central Asia (IDA & IBRD countries),TEC,..
2003,YR2003,European Union,EUU,..
2003,YR2003,Fragile and conflict affected situations,FCS,..
2003,YR2003,Heavily indebted poor countries (HIPC),HPC,..
2003,YR2003,High income,HIC,..
2003,YR2003,IBRD only,IBD,..
2003,YR2003,IDA & IBRD total,IBT,..
2003,YR2003,IDA blend,IDB,..
2003,YR2003,IDA only,IDX,..
2003,YR2003,IDA total,IDA,..
2003,YR2003,Late-demographic dividend,LTE,..
2003,YR2003,Latin America & Caribbean,LCN,..
2003,YR2003,Latin America & Caribbean (excluding high income),LAC,..
2003,YR2003,Latin America & the Caribbean (IDA & IBRD countries),TLA,..
2003,YR2003,Least developed countries: UN classification,LDC,..
2003,YR2003,Low & middle income,LMY,..
2003,YR2003,Low income,LIC,..
2003,YR2003,Lower middle income,LMC,..
2003,YR2003,Middle East & North Africa,MEA,..
2003,YR2003,Middle East & North Africa (excluding high income),MNA,..
2003,YR2003,Middle East & North Africa (IDA & IBRD countries),TMN,..
2003,YR2003,Middle income,MIC,..
2003,YR2003,North America,NAC,..
2003,YR2003,Not classified,INX,..
2003,YR2003,OECD members,OED,..
2003,YR2003,Other small states,OSS,..
2003,YR2003,Pacific island small states,PSS,..
2003,YR2003,Post-demographic dividend,PST,..
2003,YR2003,Pre-demographic dividend,PRE,..
2003,YR2003,Small states,SST,..
2003,YR2003,South Asia,SAS,..
2003,YR2003,South Asia (IDA & IBRD),TSA,..
2003,YR2003,Sub-Saharan Africa,SSF,..
2003,YR2003,Sub-Saharan Africa (excluding high income),SSA,..
2003,YR2003,Sub-Saharan Africa (IDA & IBRD countries),TSS,..
2003,YR2003,Upper middle income,UMC,..
2003,YR2003,World,WLD,..
2003,YR2003,Afghanistan,AFG,..
2003,YR2003,Albania,ALB,1.196
2003,YR2003,Algeria,DZA,..
2003,YR2003,American Samoa,ASM,..
2003,YR2003,Andorra,AND,3.302
2003,YR2003,Angola,AGO,..
2003,YR2003,Antigua and Barbuda,ATG,..
2003,YR2003,Argentina,ARG,..
2003,YR2003,Armenia,ARM,2.404
2003,YR2003,Aruba,ABW,..
2003,YR2003,Australia,AUS,2.631
2003,YR2003,Austria,AUT,4.146
2003,YR2003,Azerbaijan,AZE,3.508
2003,YR2003,"Bahamas, The",BHS,..
2003,YR2003,Bahrain,BHR,1.048
2003,YR2003,Bangladesh,BGD,0.268
2003,YR2003,Barbados,BRB,..
2003,YR2003,Belarus,BLR,..
2003,YR2003,Belgium,BEL,2.85
2003,YR2003,Belize,BLZ,..
2003,YR2003,Benin,BEN,..
2003,YR2003,Bermuda,BMU,..
2003,YR2003,Bhutan,BTN,..
2003,YR2003,Bolivia,BOL,..
2003,YR2003,Bosnia and Herzegovina,BIH,1.329
2003,YR2003,Botswana,BWA,0.288
2003,YR2003,Brazil,BRA,..
2003,YR2003,British Virgin Islands,VGB,..
2003,YR2003,Brunei Darussalam,BRN,..
2003,YR2003,Bulgaria,BGR,3.553
2003,YR2003,Burkina Faso,BFA,..
2003,YR2003,Burundi,BDI,..
2003,YR2003,Cabo Verde,CPV,..
2003,YR2003,Cambodia,KHM,..
2003,YR2003,Cameroon,CMR,..
2003,YR2003,Canada,CAN,..
2003,YR2003,Cayman Islands,CYM,..
2003,YR2003,Central African Republic,CAF,..
2003,YR2003,Chad,TCD,..
2003,YR2003,Channel Islands,CHI,..
2003,YR2003,Chile,CHL,0.946
2003,YR2003,China,CHN,1.19
2003,YR2003,Colombia,COL,1.348
2003,YR2003,Comoros,COM,..
2003,YR2003,"Congo, Dem. Rep.",COD,..
2003,YR2003,"Congo, Rep.",COG,..
2003,YR2003,Costa Rica,CRI,..
2003,YR2003,Cote d'Ivoire,CIV,..
2003,YR2003,Croatia,HRV,2.425
2003,YR2003,Cuba,CUB,6.073
2003,YR2003,Curacao,CUW,..
2003,YR2003,Cyprus,CYP,1.849
2003,YR2003,Czechia,CZE,3.509
2003,YR2003,Denmark,DNK,3.078
2003,YR2003,Djibouti,DJI,..
2003,YR2003,Dominica,DMA,..
2003,YR2003,Dominican Republic,DOM,..
2003,YR2003,Ecuador,ECU,1.505
2003,YR2003,"Egypt, Arab Rep.",EGY,0.507
2003,YR2003,El Salvador,SLV,..
2003,YR2003,Equatorial Guinea,GNQ,..
2003,YR2003,Eritrea,ERI,0.039
2003,YR2003,Estonia,EST,2.996
2003,YR2003,Eswatini,SWZ,0.151
2003,YR2003,Ethiopia,ETH,0.027
2003,YR2003,Faroe Islands,FRO,..
2003,YR2003,Fiji,FJI,0.443
2003,YR2003,Finland,FIN,2.564
2003,YR2003,France,FRA,3.454
2003,YR2003,French Polynesia,PYF,..
2003,YR2003,Gabon,GAB,..
2003,YR2003,"Gambia, The",GMB,0.1
2003,YR2003,Georgia,GEO,4.037
2003,YR2003,Germany,DEU,3.401
2003,YR2003,Ghana,GHA,..
2003,YR2003,Gibraltar,GIB,..
2003,YR2003,Greece,GRC,..
2003,YR2003,Greenland,GRL,..
2003,YR2003,Grenada,GRD,0.534
2003,YR2003,Guam,GUM,..
2003,YR2003,Guatemala,GTM,..
2003,YR2003,Guinea,GIN,..
2003,YR2003,Guinea-Bissau,GNB,..
2003,YR2003,Guyana,GUY,..
2003,YR2003,Haiti,HTI,..
2003,YR2003,Honduras,HND,..
2003,YR2003,"Hong Kong SAR, China",HKG,..
2003,YR2003,Hungary,HUN,3.251
2003,YR2003,Iceland,ISL,3.613
2003,YR2003,India,IND,..
2003,YR2003,Indonesia,IDN,0.132
2003,YR2003,"Iran, Islamic Rep.",IRN,..
2003,YR2003,Iraq,IRQ,..
2003,YR2003,Ireland,IRL,2.594
2003,YR2003,Isle of Man,IMN,..
2003,YR2003,Israel,ISR,3.715
2003,YR2003,Italy,ITA,3.624
2003,YR2003,Jamaica,JAM,0.85
2003,YR2003,Japan,JPN,..
2003,YR2003,Jordan,JOR,2.293
2003,YR2003,Kazakhstan,KAZ,3.543
2003,YR2003,Kenya,KEN,..
2003,YR2003,Kiribati,KIR,..
2003,YR2003,"Korea, Dem. People's Rep.",PRK,3.137
2003,YR2003,"Korea, Rep.",KOR,1.579
2003,YR2003,Kosovo,XKX,..
2003,YR2003,Kuwait,KWT,1.9
2003,YR2003,Kyrgyz Republic,KGZ,2.541
2003,YR2003,Lao PDR,LAO,..
2003,YR2003,Latvia,LVA,2.824
2003,YR2003,Lebanon,LBN,..
2003,YR2003,Lesotho,LSO,0.045
2003,YR2003,Liberia,LBR,..
2003,YR2003,Libya,LBY,..
2003,YR2003,Liechtenstein,LIE,..
2003,YR2003,Lithuania,LTU,3.611
2003,YR2003,Luxembourg,LUX,2.4011
2003,YR2003,"Macao SAR, China",MAC,..
2003,YR2003,Madagascar,MDG,0.144
2003,YR2003,Malawi,MWI,0.011
2003,YR2003,Malaysia,MYS,0.735
2003,YR2003,Maldives,MDV,..
2003,YR2003,Mali,MLI,..
2003,YR2003,Malta,MLT,3.082
2003,YR2003,Marshall Islands,MHL,..
2003,YR2003,Mauritania,MRT,..
2003,YR2003,Mauritius,MUS,0.944
2003,YR2003,Mexico,MEX,1.589
2003,YR2003,"Micronesia, Fed. Sts.",FSM,0.537
2003,YR2003,Moldova,MDA,2.327
2003,YR2003,Monaco,MCO,..
2003,YR2003,Mongolia,MNG,..
2003,YR2003,Montenegro,MNE,1.801
2003,YR2003,Morocco,MAR,..
2003,YR2003,Mozambique,MOZ,..
2003,YR2003,Myanmar,MMR,..
2003,YR2003,Namibia,NAM,..
2003,YR2003,Nauru,NRU,..
2003,YR2003,Nepal,NPL,..
2003,YR2003,Netherlands,NLD,2.632
2003,YR2003,New Caledonia,NCL,..
2003,YR2003,New Zealand,NZL,2.179
2003,YR2003,Nicaragua,NIC,0.384
2003,YR2003,Niger,NER,..
2003,YR2003,Nigeria,NGA,0.262
2003,YR2003,North Macedonia,MKD,2.148
2003,YR2003,Northern Mariana Islands,MNP,..
2003,YR2003,Norway,NOR,3.23
2003,YR2003,Oman,OMN,1.532
2003,YR2003,Pakistan,PAK,..
2003,YR2003,Palau,PLW,..
2003,YR2003,Panama,PAN,1.352
2003,YR2003,Papua New Guinea,PNG,..
2003,YR2003,Paraguay,PRY,..
2003,YR2003,Peru,PER,..
2003,YR2003,Philippines,PHL,1.227
2003,YR2003,Poland,POL,2.408
2003,YR2003,Portugal,PRT,3.336
2003,YR2003,Puerto Rico,PRI,..
2003,YR2003,Qatar,QAT,..
2003,YR2003,Romania,ROU,..
2003,YR2003,Russian Federation,RUS,4.733
2003,YR2003,Rwanda,RWA,..
2003,YR2003,Samoa,WSM,0.267
2003,YR2003,San Marino,SMR,..
2003,YR2003,Sao Tome and Principe,STP,..
2003,YR2003,Saudi Arabia,SAU,..
2003,YR2003,Senegal,SEN,..
2003,YR2003,Serbia,SRB,2.605
2003,YR2003,Seychelles,SYC,..
2003,YR2003,Sierra Leone,SLE,..
2003,YR2003,Singapore,SGP,1.489
2003,YR2003,Sint Maarten (Dutch part),SXM,..
2003,YR2003,Slovak Republic,SVK,3.149
2003,YR2003,Slovenia,SVN,2.254
2003,YR2003,Solomon Islands,SLB,0.13
2003,YR2003,Somalia,SOM,..
2003,YR2003,South Africa,ZAF,..
2003,YR2003,South Sudan,SSD,..
2003,YR2003,Spain,ESP,3.22
2003,YR2003,Sri Lanka,LKA,..
2003,YR2003,St. Kitts and Nevis,KNA,..
2003,YR2003,St. Lucia,LCA,0.4673
2003,YR2003,St. Martin (French part),MAF,..
2003,YR2003,St. Vincent and the Grenadines,VCT,..
2003,YR2003,Sudan,SDN,..
2003,YR2003,Suriname,SUR,..
2003,YR2003,Sweden,SWE,3.283
2003,YR2003,Switzerland,CHE,3.659
2003,YR2003,Syrian Arab Republic,SYR,1.39
2003,YR2003,Tajikistan,TJK,1.902
2003,YR2003,Tanzania,TZA,..
2003,YR2003,Thailand,THA,..
2003,YR2003,Timor-Leste,TLS,..
2003,YR2003,Togo,TGO,..
2003,YR2003,Tonga,TON,..
2003,YR2003,Trinidad and Tobago,TTO,0.767
2003,YR2003,Tunisia,TUN,0.803
2003,YR2003,Turkiye,TUR,1.413
2003,YR2003,Turkmenistan,TKM,2.607
2003,YR2003,Turks and Caicos Islands,TCA,..
2003,YR2003,Tuvalu,TUV,1.031
2003,YR2003,Uganda,UGA,..
2003,YR2003,Ukraine,UKR,3.008
2003,YR2003,United Arab Emirates,ARE,2.021
2003,YR2003,United Kingdom,GBR,2.201
2003,YR2003,United States,USA,..
2003,YR2003,Uruguay,URY,..
2003,YR2003,Uzbekistan,UZB,2.765
2003,YR2003,Vanuatu,VUT,..
2003,YR2003,"Venezuela, RB",VEN,..
2003,YR2003,Viet Nam,VNM,..
2003,YR2003,Virgin Islands (U.S.),VIR,..
2003,YR2003,West Bank and Gaza,PSE,..
2003,YR2003,"Yemen, Rep.",YEM,..
2003,YR2003,Zambia,ZMB,..
2003,YR2003,Zimbabwe,ZWE,..
2004,YR2004,Africa Eastern and Southern,AFE,..
2004,YR2004,Africa Western and Central,AFW,..
2004,YR2004,Arab World,ARB,..
2004,YR2004,Caribbean small states,CSS,..
2004,YR2004,Central Europe and the Baltics,CEB,..
2004,YR2004,Early-demographic dividend,EAR,..
2004,YR2004,East Asia & Pacific,EAS,..
2004,YR2004,East Asia & Pacific (excluding high income),EAP,..
2004,YR2004,East Asia & Pacific (IDA & IBRD countries),TEA,..
2004,YR2004,Euro area,EMU,..
2004,YR2004,Europe & Central Asia,ECS,..
2004,YR2004,Europe & Central Asia (excluding high income),ECA,..
2004,YR2004,Europe & Central Asia (IDA & IBRD countries),TEC,..
2004,YR2004,European Union,EUU,..
2004,YR2004,Fragile and conflict affected situations,FCS,..
2004,YR2004,Heavily indebted poor countries (HIPC),HPC,..
2004,YR2004,High income,HIC,..
2004,YR2004,IBRD only,IBD,..
2004,YR2004,IDA & IBRD total,IBT,..
2004,YR2004,IDA blend,IDB,..
2004,YR2004,IDA only,IDX,..
2004,YR2004,IDA total,IDA,..
2004,YR2004,Late-demographic dividend,LTE,..
2004,YR2004,Latin America & Caribbean,LCN,..
2004,YR2004,Latin America & Caribbean (excluding high income),LAC,..
2004,YR2004,Latin America & the Caribbean (IDA & IBRD countries),TLA,..
2004,YR2004,Least developed countries: UN classification,LDC,..
2004,YR2004,Low & middle income,LMY,..
2004,YR2004,Low income,LIC,..
2004,YR2004,Lower middle income,LMC,..
2004,YR2004,Middle East & North Africa,MEA,..
2004,YR2004,Middle East & North Africa (excluding high income),MNA,..
2004,YR2004,Middle East & North Africa (IDA & IBRD countries),TMN,..
2004,YR2004,Middle income,MIC,..
2004,YR2004,North America,NAC,..
2004,YR2004,Not classified,INX,..
2004,YR2004,OECD members,OED,..
2004,YR2004,Other small states,OSS,..
2004,YR2004,Pacific island small states,PSS,..
2004,YR2004,Post-demographic dividend,PST,..
2004,YR2004,Pre-demographic dividend,PRE,..
2004,YR2004,Small states,SST,..
2004,YR2004,South Asia,SAS,..
2004,YR2004,South Asia (IDA & IBRD),TSA,..
2004,YR2004,Sub-Saharan Africa,SSF,..
2004,YR2004,Sub-Saharan Africa (excluding high income),SSA,..
2004,YR2004,Sub-Saharan Africa (IDA & IBRD countries),TSS,..
2004,YR2004,Upper middle income,UMC,..
2004,YR2004,World,WLD,..
2004,YR2004,Afghanistan,AFG,..
2004,YR2004,Albania,ALB,1.208
2004,YR2004,Algeria,DZA,..
2004,YR2004,American Samoa,ASM,..
2004,YR2004,Andorra,AND,3.108
2004,YR2004,Angola,AGO,0.062
2004,YR2004,Antigua and Barbuda,ATG,..
2004,YR2004,Argentina,ARG,3.1857
2004,YR2004,Armenia,ARM,2.408
2004,YR2004,Aruba,ABW,..
2004,YR2004,Australia,AUS,2.708
2004,YR2004,Austria,AUT,4.233
2004,YR2004,Azerbaijan,AZE,3.512
2004,YR2004,"Bahamas, The",BHS,..
2004,YR2004,Bahrain,BHR,0.963
2004,YR2004,Bangladesh,BGD,0.277
2004,YR2004,Barbados,BRB,..
2004,YR2004,Belarus,BLR,..
2004,YR2004,Belgium,BEL,2.859
2004,YR2004,Belize,BLZ,..
2004,YR2004,Benin,BEN,0.039
2004,YR2004,Bermuda,BMU,..
2004,YR2004,Bhutan,BTN,0.182
2004,YR2004,Bolivia,BOL,..
2004,YR2004,Bosnia and Herzegovina,BIH,1.371
2004,YR2004,Botswana,BWA,0.385
2004,YR2004,Brazil,BRA,..
2004,YR2004,British Virgin Islands,VGB,..
2004,YR2004,Brunei Darussalam,BRN,1.284
2004,YR2004,Bulgaria,BGR,3.484
2004,YR2004,Burkina Faso,BFA,0.053
2004,YR2004,Burundi,BDI,0.028
2004,YR2004,Cabo Verde,CPV,0.493
2004,YR2004,Cambodia,KHM,..
2004,YR2004,Cameroon,CMR,0.186
2004,YR2004,Canada,CAN,1.8971
2004,YR2004,Cayman Islands,CYM,..
2004,YR2004,Central African Republic,CAF,0.08
2004,YR2004,Chad,TCD,0.036
2004,YR2004,Channel Islands,CHI,..
2004,YR2004,Chile,CHL,0.984
2004,YR2004,China,CHN,1.22
2004,YR2004,Colombia,COL,1.387
2004,YR2004,Comoros,COM,0.198
2004,YR2004,"Congo, Dem. Rep.",COD,0.107
2004,YR2004,"Congo, Rep.",COG,0.213
2004,YR2004,Costa Rica,CRI,..
2004,YR2004,Cote d'Ivoire,CIV,0.112
2004,YR2004,Croatia,HRV,2.497
2004,YR2004,Cuba,CUB,6.21
2004,YR2004,Curacao,CUW,..
2004,YR2004,Cyprus,CYP,1.897
2004,YR2004,Czechia,CZE,3.499
2004,YR2004,Denmark,DNK,3.22
2004,YR2004,Djibouti,DJI,0.158
2004,YR2004,Dominica,DMA,..
2004,YR2004,Dominican Republic,DOM,..
2004,YR2004,Ecuador,ECU,..
2004,YR2004,"Egypt, Arab Rep.",EGY,..
2004,YR2004,El Salvador,SLV,..
2004,YR2004,Equatorial Guinea,GNQ,0.185
2004,YR2004,Eritrea,ERI,0.051
2004,YR2004,Estonia,EST,3.024
2004,YR2004,Eswatini,SWZ,0.16
2004,YR2004,Ethiopia,ETH,0.027
2004,YR2004,Faroe Islands,FRO,..
2004,YR2004,Fiji,FJI,..
2004,YR2004,Finland,FIN,3.653
2004,YR2004,France,FRA,3.473
2004,YR2004,French Polynesia,PYF,..
2004,YR2004,Gabon,GAB,0.279
2004,YR2004,"Gambia, The",GMB,0.103
2004,YR2004,Georgia,GEO,4.027
2004,YR2004,Germany,DEU,3.426
2004,YR2004,Ghana,GHA,0.148
2004,YR2004,Gibraltar,GIB,..
2004,YR2004,Greece,GRC,..
2004,YR2004,Greenland,GRL,..
2004,YR2004,Grenada,GRD,..
2004,YR2004,Guam,GUM,..
2004,YR2004,Guatemala,GTM,..
2004,YR2004,Guinea,GIN,0.11
2004,YR2004,Guinea-Bissau,GNB,0.14
2004,YR2004,Guyana,GUY,..
2004,YR2004,Haiti,HTI,..
2004,YR2004,Honduras,HND,..
2004,YR2004,"Hong Kong SAR, China",HKG,..
2004,YR2004,Hungary,HUN,3.341
2004,YR2004,Iceland,ISL,3.612
2004,YR2004,India,IND,..
2004,YR2004,Indonesia,IDN,..
2004,YR2004,"Iran, Islamic Rep.",IRN,0.88
2004,YR2004,Iraq,IRQ,0.658
2004,YR2004,Ireland,IRL,2.763
2004,YR2004,Isle of Man,IMN,..
2004,YR2004,Israel,ISR,3.68
2004,YR2004,Italy,ITA,3.687
2004,YR2004,Jamaica,JAM,..
2004,YR2004,Japan,JPN,2.031
2004,YR2004,Jordan,JOR,2.06
2004,YR2004,Kazakhstan,KAZ,3.528
2004,YR2004,Kenya,KEN,..
2004,YR2004,Kiribati,KIR,..
2004,YR2004,"Korea, Dem. People's Rep.",PRK,..
2004,YR2004,"Korea, Rep.",KOR,1.576
2004,YR2004,Kosovo,XKX,..
2004,YR2004,Kuwait,KWT,1.5
2004,YR2004,Kyrgyz Republic,KGZ,2.512
2004,YR2004,Lao PDR,LAO,0.347
2004,YR2004,Latvia,LVA,2.917
2004,YR2004,Lebanon,LBN,..
2004,YR2004,Lesotho,LSO,..
2004,YR2004,Liberia,LBR,0.033
2004,YR2004,Libya,LBY,1.243
2004,YR2004,Liechtenstein,LIE,..
2004,YR2004,Lithuania,LTU,3.578
2004,YR2004,Luxembourg,LUX,2.4568
2004,YR2004,"Macao SAR, China",MAC,..
2004,YR2004,Madagascar,MDG,0.152
2004,YR2004,Malawi,MWI,0.021
2004,YR2004,Malaysia,MYS,0.72
2004,YR2004,Maldives,MDV,1
2004,YR2004,Mali,MLI,0.057
2004,YR2004,Malta,MLT,..
2004,YR2004,Marshall Islands,MHL,..
2004,YR2004,Mauritania,MRT,0.106
2004,YR2004,Mauritius,MUS,1.042
2004,YR2004,Mexico,MEX,1.662
2004,YR2004,"Micronesia, Fed. Sts.",FSM,..
2004,YR2004,Moldova,MDA,2.247
2004,YR2004,Monaco,MCO,..
2004,YR2004,Mongolia,MNG,..
2004,YR2004,Montenegro,MNE,1.883
2004,YR2004,Morocco,MAR,0.532
2004,YR2004,Mozambique,MOZ,0.026
2004,YR2004,Myanmar,MMR,0.376
2004,YR2004,Namibia,NAM,0.308
2004,YR2004,Nauru,NRU,0.971
2004,YR2004,Nepal,NPL,0.207
2004,YR2004,Netherlands,NLD,2.662
2004,YR2004,New Caledonia,NCL,..
2004,YR2004,New Zealand,NZL,2.192
2004,YR2004,Nicaragua,NIC,..
2004,YR2004,Niger,NER,0.022
2004,YR2004,Nigeria,NGA,..
2004,YR2004,North Macedonia,MKD,2.163
2004,YR2004,Northern Mariana Islands,MNP,..
2004,YR2004,Norway,NOR,3.4
2004,YR2004,Oman,OMN,1.568
2004,YR2004,Pakistan,PAK,0.682
2004,YR2004,Palau,PLW,..
2004,YR2004,Panama,PAN,1.332
2004,YR2004,Papua New Guinea,PNG,..
2004,YR2004,Paraguay,PRY,..
2004,YR2004,Peru,PER,..
2004,YR2004,Philippines,PHL,1.109
2004,YR2004,Poland,POL,2.266
2004,YR2004,Portugal,PRT,3.411
2004,YR2004,Puerto Rico,PRI,..
2004,YR2004,Qatar,QAT,..
2004,YR2004,Romania,ROU,2.262
2004,YR2004,Russian Federation,RUS,4.768
2004,YR2004,Rwanda,RWA,0.049
2004,YR2004,Samoa,WSM,..
2004,YR2004,San Marino,SMR,..
2004,YR2004,Sao Tome and Principe,STP,0.514
2004,YR2004,Saudi Arabia,SAU,..
2004,YR2004,Senegal,SEN,0.056
2004,YR2004,Serbia,SRB,2.667
2004,YR2004,Seychelles,SYC,1.429
2004,YR2004,Sierra Leone,SLE,0.03
2004,YR2004,Singapore,SGP,1.52
2004,YR2004,Sint Maarten (Dutch part),SXM,..
2004,YR2004,Slovak Republic,SVK,3.151
2004,YR2004,Slovenia,SVN,2.298
2004,YR2004,Solomon Islands,SLB,..
2004,YR2004,Somalia,SOM,..
2004,YR2004,South Africa,ZAF,0.717
2004,YR2004,South Sudan,SSD,..
2004,YR2004,Spain,ESP,3.441
2004,YR2004,Sri Lanka,LKA,0.538
2004,YR2004,St. Kitts and Nevis,KNA,..
2004,YR2004,St. Lucia,LCA,0.4203
2004,YR2004,St. Martin (French part),MAF,..
2004,YR2004,St. Vincent and the Grenadines,VCT,0.897
2004,YR2004,Sudan,SDN,0.262
2004,YR2004,Suriname,SUR,0.783
2004,YR2004,Sweden,SWE,3.37
2004,YR2004,Switzerland,CHE,3.697
2004,YR2004,Syrian Arab Republic,SYR,1.432
2004,YR2004,Tajikistan,TJK,1.911
2004,YR2004,Tanzania,TZA,..
2004,YR2004,Thailand,THA,0.29
2004,YR2004,Timor-Leste,TLS,0.082
2004,YR2004,Togo,TGO,0.044
2004,YR2004,Tonga,TON,..
2004,YR2004,Trinidad and Tobago,TTO,..
2004,YR2004,Tunisia,TUN,1.295
2004,YR2004,Turkiye,TUR,1.433
2004,YR2004,Turkmenistan,TKM,2.55
2004,YR2004,Turks and Caicos Islands,TCA,..
2004,YR2004,Tuvalu,TUV,..
2004,YR2004,Uganda,UGA,0.081
2004,YR2004,Ukraine,UKR,3.013
2004,YR2004,United Arab Emirates,ARE,1.954
2004,YR2004,United Kingdom,GBR,2.331
2004,YR2004,United States,USA,2.7
2004,YR2004,Uruguay,URY,..
2004,YR2004,Uzbekistan,UZB,2.705
2004,YR2004,Vanuatu,VUT,0.141
2004,YR2004,"Venezuela, RB",VEN,..
2004,YR2004,Viet Nam,VNM,..
2004,YR2004,Virgin Islands (U.S.),VIR,..
2004,YR2004,West Bank and Gaza,PSE,..
2004,YR2004,"Yemen, Rep.",YEM,0.325
2004,YR2004,Zambia,ZMB,0.134
2004,YR2004,Zimbabwe,ZWE,0.172
2005,YR2005,Africa Eastern and Southern,AFE,..
2005,YR2005,Africa Western and Central,AFW,..
2005,YR2005,Arab World,ARB,..
2005,YR2005,Caribbean small states,CSS,..
2005,YR2005,Central Europe and the Baltics,CEB,..
2005,YR2005,Early-demographic dividend,EAR,..
2005,YR2005,East Asia & Pacific,EAS,..
2005,YR2005,East Asia & Pacific (excluding high income),EAP,..
2005,YR2005,East Asia & Pacific (IDA & IBRD countries),TEA,..
2005,YR2005,Euro area,EMU,..
2005,YR2005,Europe & Central Asia,ECS,..
2005,YR2005,Europe & Central Asia (excluding high income),ECA,..
2005,YR2005,Europe & Central Asia (IDA & IBRD countries),TEC,..
2005,YR2005,European Union,EUU,..
2005,YR2005,Fragile and conflict affected situations,FCS,..
2005,YR2005,Heavily indebted poor countries (HIPC),HPC,..
2005,YR2005,High income,HIC,..
2005,YR2005,IBRD only,IBD,..
2005,YR2005,IDA & IBRD total,IBT,..
2005,YR2005,IDA blend,IDB,..
2005,YR2005,IDA only,IDX,..
2005,YR2005,IDA total,IDA,..
2005,YR2005,Late-demographic dividend,LTE,..
2005,YR2005,Latin America & Caribbean,LCN,..
2005,YR2005,Latin America & Caribbean (excluding high income),LAC,..
2005,YR2005,Latin America & the Caribbean (IDA & IBRD countries),TLA,..
2005,YR2005,Least developed countries: UN classification,LDC,..
2005,YR2005,Low & middle income,LMY,..
2005,YR2005,Low income,LIC,..
2005,YR2005,Lower middle income,LMC,..
2005,YR2005,Middle East & North Africa,MEA,..
2005,YR2005,Middle East & North Africa (excluding high income),MNA,..
2005,YR2005,Middle East & North Africa (IDA & IBRD countries),TMN,..
2005,YR2005,Middle income,MIC,..
2005,YR2005,North America,NAC,..
2005,YR2005,Not classified,INX,..
2005,YR2005,OECD members,OED,..
2005,YR2005,Other small states,OSS,..
2005,YR2005,Pacific island small states,PSS,..
2005,YR2005,Post-demographic dividend,PST,..
2005,YR2005,Pre-demographic dividend,PRE,..
2005,YR2005,Small states,SST,..
2005,YR2005,South Asia,SAS,..
2005,YR2005,South Asia (IDA & IBRD),TSA,..
2005,YR2005,Sub-Saharan Africa,SSF,..
2005,YR2005,Sub-Saharan Africa (excluding high income),SSA,..
2005,YR2005,Sub-Saharan Africa (IDA & IBRD countries),TSS,..
2005,YR2005,Upper middle income,UMC,..
2005,YR2005,World,WLD,..
2005,YR2005,Afghanistan,AFG,..
2005,YR2005,Albania,ALB,..
2005,YR2005,Algeria,DZA,1.03
2005,YR2005,American Samoa,ASM,..
2005,YR2005,Andorra,AND,3.196
2005,YR2005,Angola,AGO,..
2005,YR2005,Antigua and Barbuda,ATG,..
2005,YR2005,Argentina,ARG,..
2005,YR2005,Armenia,ARM,2.509
2005,YR2005,Aruba,ABW,..
2005,YR2005,Australia,AUS,2.78
2005,YR2005,Austria,AUT,4.35
2005,YR2005,Azerbaijan,AZE,3.533
2005,YR2005,"Bahamas, The",BHS,..
2005,YR2005,Bahrain,BHR,1.029
2005,YR2005,Bangladesh,BGD,0.304
2005,YR2005,Barbados,BRB,1.815
2005,YR2005,Belarus,BLR,..
2005,YR2005,Belgium,BEL,2.86
2005,YR2005,Belize,BLZ,..
2005,YR2005,Benin,BEN,..
2005,YR2005,Bermuda,BMU,..
2005,YR2005,Bhutan,BTN,..
2005,YR2005,Bolivia,BOL,..
2005,YR2005,Bosnia and Herzegovina,BIH,1.41
2005,YR2005,Botswana,BWA,0.246
2005,YR2005,Brazil,BRA,..
2005,YR2005,British Virgin Islands,VGB,..
2005,YR2005,Brunei Darussalam,BRN,1.064
2005,YR2005,Bulgaria,BGR,3.605
2005,YR2005,Burkina Faso,BFA,..
2005,YR2005,Burundi,BDI,..
2005,YR2005,Cabo Verde,CPV,..
2005,YR2005,Cambodia,KHM,..
2005,YR2005,Cameroon,CMR,0.061
2005,YR2005,Canada,CAN,..
2005,YR2005,Cayman Islands,CYM,..
2005,YR2005,Central African Republic,CAF,..
2005,YR2005,Chad,TCD,..
2005,YR2005,Channel Islands,CHI,..
2005,YR2005,Chile,CHL,0.981
2005,YR2005,China,CHN,1.244
2005,YR2005,Colombia,COL,1.429
2005,YR2005,Comoros,COM,0.196
2005,YR2005,"Congo, Dem. Rep.",COD,..
2005,YR2005,"Congo, Rep.",COG,..
2005,YR2005,Costa Rica,CRI,..
2005,YR2005,Cote d'Ivoire,CIV,0.09
2005,YR2005,Croatia,HRV,2.506
2005,YR2005,Cuba,CUB,6.277
2005,YR2005,Curacao,CUW,..
2005,YR2005,Cyprus,CYP,1.879
2005,YR2005,Czechia,CZE,3.539
2005,YR2005,Denmark,DNK,3.324
2005,YR2005,Djibouti,DJI,0.169
2005,YR2005,Dominica,DMA,..
2005,YR2005,Dominican Republic,DOM,..
2005,YR2005,Ecuador,ECU,..
2005,YR2005,"Egypt, Arab Rep.",EGY,..
2005,YR2005,El Salvador,SLV,1.715
2005,YR2005,Equatorial Guinea,GNQ,..
2005,YR2005,Eritrea,ERI,0.043
2005,YR2005,Estonia,EST,3.142
2005,YR2005,Eswatini,SWZ,..
2005,YR2005,Ethiopia,ETH,0.032
2005,YR2005,Faroe Islands,FRO,..
2005,YR2005,Fiji,FJI,..
2005,YR2005,Finland,FIN,3.674
2005,YR2005,France,FRA,3.476
2005,YR2005,French Polynesia,PYF,..
2005,YR2005,Gabon,GAB,..
2005,YR2005,"Gambia, The",GMB,0.1
2005,YR2005,Georgia,GEO,4.056
2005,YR2005,Germany,DEU,3.448
2005,YR2005,Ghana,GHA,..
2005,YR2005,Gibraltar,GIB,..
2005,YR2005,Greece,GRC,4.999
2005,YR2005,Greenland,GRL,..
2005,YR2005,Grenada,GRD,..
2005,YR2005,Guam,GUM,..
2005,YR2005,Guatemala,GTM,..
2005,YR2005,Guinea,GIN,0.103
2005,YR2005,Guinea-Bissau,GNB,..
2005,YR2005,Guyana,GUY,..
2005,YR2005,Haiti,HTI,..
2005,YR2005,Honduras,HND,0.354
2005,YR2005,"Hong Kong SAR, China",HKG,..
2005,YR2005,Hungary,HUN,2.785
2005,YR2005,Iceland,ISL,3.609
2005,YR2005,India,IND,..
2005,YR2005,Indonesia,IDN,..
2005,YR2005,"Iran, Islamic Rep.",IRN,0.882
2005,YR2005,Iraq,IRQ,0.66
2005,YR2005,Ireland,IRL,3.56
2005,YR2005,Isle of Man,IMN,..
2005,YR2005,Israel,ISR,3.634
2005,YR2005,Italy,ITA,3.707
2005,YR2005,Jamaica,JAM,..
2005,YR2005,Japan,JPN,..
2005,YR2005,Jordan,JOR,2.273
2005,YR2005,Kazakhstan,KAZ,3.546
2005,YR2005,Kenya,KEN,..
2005,YR2005,Kiribati,KIR,..
2005,YR2005,"Korea, Dem. People's Rep.",PRK,..
2005,YR2005,"Korea, Rep.",KOR,1.636
2005,YR2005,Kosovo,XKX,..
2005,YR2005,Kuwait,KWT,1.8
2005,YR2005,Kyrgyz Republic,KGZ,2.46
2005,YR2005,Lao PDR,LAO,0.268
2005,YR2005,Latvia,LVA,2.968
2005,YR2005,Lebanon,LBN,..
2005,YR2005,Lesotho,LSO,..
2005,YR2005,Liberia,LBR,..
2005,YR2005,Libya,LBY,..
2005,YR2005,Liechtenstein,LIE,..
2005,YR2005,Lithuania,LTU,3.664
2005,YR2005,Luxembourg,LUX,2.56
2005,YR2005,"Macao SAR, China",MAC,..
2005,YR2005,Madagascar,MDG,0.176
2005,YR2005,Malawi,MWI,..
2005,YR2005,Malaysia,MYS,0.776
2005,YR2005,Maldives,MDV,..
2005,YR2005,Mali,MLI,0.062
2005,YR2005,Malta,MLT,..
2005,YR2005,Marshall Islands,MHL,..
2005,YR2005,Mauritania,MRT,..
2005,YR2005,Mauritius,MUS,1.067
2005,YR2005,Mexico,MEX,1.775
2005,YR2005,"Micronesia, Fed. Sts.",FSM,0.559
2005,YR2005,Moldova,MDA,2.472
2005,YR2005,Monaco,MCO,..
2005,YR2005,Mongolia,MNG,..
2005,YR2005,Montenegro,MNE,1.901
2005,YR2005,Morocco,MAR,..
2005,YR2005,Mozambique,MOZ,..
2005,YR2005,Myanmar,MMR,0.389
2005,YR2005,Namibia,NAM,..
2005,YR2005,Nauru,NRU,..
2005,YR2005,Nepal,NPL,..
2005,YR2005,Netherlands,NLD,2.717
2005,YR2005,New Caledonia,NCL,..
2005,YR2005,New Zealand,NZL,2.107
2005,YR2005,Nicaragua,NIC,0.498
2005,YR2005,Niger,NER,..
2005,YR2005,Nigeria,NGA,0.279
2005,YR2005,North Macedonia,MKD,2.113
2005,YR2005,Northern Mariana Islands,MNP,..
2005,YR2005,Norway,NOR,3.563
2005,YR2005,Oman,OMN,1.663
2005,YR2005,Pakistan,PAK,0.725
2005,YR2005,Palau,PLW,..
2005,YR2005,Panama,PAN,1.358
2005,YR2005,Papua New Guinea,PNG,..
2005,YR2005,Paraguay,PRY,..
2005,YR2005,Peru,PER,..
2005,YR2005,Philippines,PHL,1.23
2005,YR2005,Poland,POL,2.115
2005,YR2005,Portugal,PRT,3.495
2005,YR2005,Puerto Rico,PRI,..
2005,YR2005,Qatar,QAT,2.533
2005,YR2005,Romania,ROU,2.247
2005,YR2005,Russian Federation,RUS,4.8
2005,YR2005,Rwanda,RWA,0.024
2005,YR2005,Samoa,WSM,0.265
2005,YR2005,San Marino,SMR,..
2005,YR2005,Sao Tome and Principe,STP,..
2005,YR2005,Saudi Arabia,SAU,..
2005,YR2005,Senegal,SEN,..
2005,YR2005,Serbia,SRB,2.654
2005,YR2005,Seychelles,SYC,1.211
2005,YR2005,Sierra Leone,SLE,..
2005,YR2005,Singapore,SGP,1.553
2005,YR2005,Sint Maarten (Dutch part),SXM,..
2005,YR2005,Slovak Republic,SVK,3.035
2005,YR2005,Slovenia,SVN,2.34
2005,YR2005,Solomon Islands,SLB,0.185
2005,YR2005,Somalia,SOM,..
2005,YR2005,South Africa,ZAF,..
2005,YR2005,South Sudan,SSD,..
2005,YR2005,Spain,ESP,3.543
2005,YR2005,Sri Lanka,LKA,0.518
2005,YR2005,St. Kitts and Nevis,KNA,..
2005,YR2005,St. Lucia,LCA,0.508
2005,YR2005,St. Martin (French part),MAF,..
2005,YR2005,St. Vincent and the Grenadines,VCT,..
2005,YR2005,Sudan,SDN,..
2005,YR2005,Suriname,SUR,..
2005,YR2005,Sweden,SWE,3.447
2005,YR2005,Switzerland,CHE,3.741
2005,YR2005,Syrian Arab Republic,SYR,1.52
2005,YR2005,Tajikistan,TJK,1.915
2005,YR2005,Tanzania,TZA,..
2005,YR2005,Thailand,THA,..
2005,YR2005,Timor-Leste,TLS,..
2005,YR2005,Togo,TGO,..
2005,YR2005,Tonga,TON,..
2005,YR2005,Trinidad and Tobago,TTO,..
2005,YR2005,Tunisia,TUN,0.907
2005,YR2005,Turkiye,TUR,1.468
2005,YR2005,Turkmenistan,TKM,2.437
2005,YR2005,Turks and Caicos Islands,TCA,..
2005,YR2005,Tuvalu,TUV,..
2005,YR2005,Uganda,UGA,0.12
2005,YR2005,Ukraine,UKR,3.017
2005,YR2005,United Arab Emirates,ARE,1.628
2005,YR2005,United Kingdom,GBR,2.408
2005,YR2005,United States,USA,..
2005,YR2005,Uruguay,URY,..
2005,YR2005,Uzbekistan,UZB,2.655
2005,YR2005,Vanuatu,VUT,..
2005,YR2005,"Venezuela, RB",VEN,..
2005,YR2005,Viet Nam,VNM,0.619
2005,YR2005,Virgin Islands (U.S.),VIR,..
2005,YR2005,West Bank and Gaza,PSE,..
2005,YR2005,"Yemen, Rep.",YEM,..
2005,YR2005,Zambia,ZMB,0.056
2005,YR2005,Zimbabwe,ZWE,0.124
2006,YR2006,Africa Eastern and Southern,AFE,..
2006,YR2006,Africa Western and Central,AFW,..
2006,YR2006,Arab World,ARB,..
2006,YR2006,Caribbean small states,CSS,..
2006,YR2006,Central Europe and the Baltics,CEB,..
2006,YR2006,Early-demographic dividend,EAR,..
2006,YR2006,East Asia & Pacific,EAS,..
2006,YR2006,East Asia & Pacific (excluding high income),EAP,..
2006,YR2006,East Asia & Pacific (IDA & IBRD countries),TEA,..
2006,YR2006,Euro area,EMU,..
2006,YR2006,Europe & Central Asia,ECS,..
2006,YR2006,Europe & Central Asia (excluding high income),ECA,..
2006,YR2006,Europe & Central Asia (IDA & IBRD countries),TEC,..
2006,YR2006,European Union,EUU,..
2006,YR2006,Fragile and conflict affected situations,FCS,..
2006,YR2006,Heavily indebted poor countries (HIPC),HPC,..
2006,YR2006,High income,HIC,..
2006,YR2006,IBRD only,IBD,..
2006,YR2006,IDA & IBRD total,IBT,..
2006,YR2006,IDA blend,IDB,..
2006,YR2006,IDA only,IDX,..
2006,YR2006,IDA total,IDA,..
2006,YR2006,Late-demographic dividend,LTE,..
2006,YR2006,Latin America & Caribbean,LCN,..
2006,YR2006,Latin America & Caribbean (excluding high income),LAC,..
2006,YR2006,Latin America & the Caribbean (IDA & IBRD countries),TLA,..
2006,YR2006,Least developed countries: UN classification,LDC,..
2006,YR2006,Low & middle income,LMY,..
2006,YR2006,Low income,LIC,..
2006,YR2006,Lower middle income,LMC,..
2006,YR2006,Middle East & North Africa,MEA,..
2006,YR2006,Middle East & North Africa (excluding high income),MNA,..
2006,YR2006,Middle East & North Africa (IDA & IBRD countries),TMN,..
2006,YR2006,Middle income,MIC,..
2006,YR2006,North America,NAC,..
2006,YR2006,Not classified,INX,..
2006,YR2006,OECD members,OED,..
2006,YR2006,Other small states,OSS,..
2006,YR2006,Pacific island small states,PSS,..
2006,YR2006,Post-demographic dividend,PST,..
2006,YR2006,Pre-demographic dividend,PRE,..
2006,YR2006,Small states,SST,..
2006,YR2006,South Asia,SAS,..
2006,YR2006,South Asia (IDA & IBRD),TSA,..
2006,YR2006,Sub-Saharan Africa,SSF,..
2006,YR2006,Sub-Saharan Africa (excluding high income),SSA,..
2006,YR2006,Sub-Saharan Africa (IDA & IBRD countries),TSS,..
2006,YR2006,Upper middle income,UMC,..
2006,YR2006,World,WLD,..
2006,YR2006,Afghanistan,AFG,0.166
2006,YR2006,Albania,ALB,1.207
2006,YR2006,Algeria,DZA,..
2006,YR2006,American Samoa,ASM,..
2006,YR2006,Andorra,AND,3.042
2006,YR2006,Angola,AGO,..
2006,YR2006,Antigua and Barbuda,ATG,..
2006,YR2006,Argentina,ARG,..
2006,YR2006,Armenia,ARM,2.531
2006,YR2006,Aruba,ABW,..
2006,YR2006,Australia,AUS,2.842
2006,YR2006,Austria,AUT,4.478
2006,YR2006,Azerbaijan,AZE,3.511
2006,YR2006,"Bahamas, The",BHS,..
2006,YR2006,Bahrain,BHR,1.001
2006,YR2006,Bangladesh,BGD,0.313
2006,YR2006,Barbados,BRB,..
2006,YR2006,Belarus,BLR,..
2006,YR2006,Belgium,BEL,2.876
2006,YR2006,Belize,BLZ,..
2006,YR2006,Benin,BEN,..
2006,YR2006,Bermuda,BMU,..
2006,YR2006,Bhutan,BTN,..
2006,YR2006,Bolivia,BOL,..
2006,YR2006,Bosnia and Herzegovina,BIH,1.462
2006,YR2006,Botswana,BWA,0.306
2006,YR2006,Brazil,BRA,..
2006,YR2006,British Virgin Islands,VGB,..
2006,YR2006,Brunei Darussalam,BRN,1.07
2006,YR2006,Bulgaria,BGR,3.617
2006,YR2006,Burkina Faso,BFA,..
2006,YR2006,Burundi,BDI,..
2006,YR2006,Cabo Verde,CPV,..
2006,YR2006,Cambodia,KHM,..
2006,YR2006,Cameroon,CMR,..
2006,YR2006,Canada,CAN,1.9086
2006,YR2006,Cayman Islands,CYM,..
2006,YR2006,Central African Republic,CAF,..
2006,YR2006,Chad,TCD,0.036
2006,YR2006,Channel Islands,CHI,..
2006,YR2006,Chile,CHL,1.042
2006,YR2006,China,CHN,1.278
2006,YR2006,Colombia,COL,1.467
2006,YR2006,Comoros,COM,..
2006,YR2006,"Congo, Dem. Rep.",COD,..
2006,YR2006,"Congo, Rep.",COG,0.205
2006,YR2006,Costa Rica,CRI,2.026
2006,YR2006,Cote d'Ivoire,CIV,..
2006,YR2006,Croatia,HRV,2.547
2006,YR2006,Cuba,CUB,6.349
2006,YR2006,Curacao,CUW,..
2006,YR2006,Cyprus,CYP,1.82
2006,YR2006,Czechia,CZE,3.551
2006,YR2006,Denmark,DNK,3.411
2006,YR2006,Djibouti,DJI,0.218
2006,YR2006,Dominica,DMA,..
2006,YR2006,Dominican Republic,DOM,..
2006,YR2006,Ecuador,ECU,..
2006,YR2006,"Egypt, Arab Rep.",EGY,..
2006,YR2006,El Salvador,SLV,..
2006,YR2006,Equatorial Guinea,GNQ,..
2006,YR2006,Eritrea,ERI,0.047
2006,YR2006,Estonia,EST,3.183
2006,YR2006,Eswatini,SWZ,..
2006,YR2006,Ethiopia,ETH,0.027
2006,YR2006,Faroe Islands,FRO,..
2006,YR2006,Fiji,FJI,..
2006,YR2006,Finland,FIN,3.69
2006,YR2006,France,FRA,3.469
2006,YR2006,French Polynesia,PYF,..
2006,YR2006,Gabon,GAB,..
2006,YR2006,"Gambia, The",GMB,0.102
2006,YR2006,Georgia,GEO,4.12
2006,YR2006,Germany,DEU,3.487
2006,YR2006,Ghana,GHA,..
2006,YR2006,Gibraltar,GIB,..
2006,YR2006,Greece,GRC,5.366
2006,YR2006,Greenland,GRL,..
2006,YR2006,Grenada,GRD,0.622
2006,YR2006,Guam,GUM,..
2006,YR2006,Guatemala,GTM,..
2006,YR2006,Guinea,GIN,..
2006,YR2006,Guinea-Bissau,GNB,..
2006,YR2006,Guyana,GUY,..
2006,YR2006,Haiti,HTI,..
2006,YR2006,Honduras,HND,..
2006,YR2006,"Hong Kong SAR, China",HKG,..
2006,YR2006,Hungary,HUN,3.04
2006,YR2006,Iceland,ISL,3.601
2006,YR2006,India,IND,..
2006,YR2006,Indonesia,IDN,..
2006,YR2006,"Iran, Islamic Rep.",IRN,0.531
2006,YR2006,Iraq,IRQ,..
2006,YR2006,Ireland,IRL,3.66
2006,YR2006,Isle of Man,IMN,..
2006,YR2006,Israel,ISR,3.599
2006,YR2006,Italy,ITA,3.706
2006,YR2006,Jamaica,JAM,..
2006,YR2006,Japan,JPN,2.083
2006,YR2006,Jordan,JOR,2.259
2006,YR2006,Kazakhstan,KAZ,3.635
2006,YR2006,Kenya,KEN,..
2006,YR2006,Kiribati,KIR,..
2006,YR2006,"Korea, Dem. People's Rep.",PRK,..
2006,YR2006,"Korea, Rep.",KOR,1.7
2006,YR2006,Kosovo,XKX,..
2006,YR2006,Kuwait,KWT,1.461
2006,YR2006,Kyrgyz Republic,KGZ,2.392
2006,YR2006,Lao PDR,LAO,..
2006,YR2006,Latvia,LVA,3.049
2006,YR2006,Lebanon,LBN,2.492
2006,YR2006,Lesotho,LSO,..
2006,YR2006,Liberia,LBR,..
2006,YR2006,Libya,LBY,..
2006,YR2006,Liechtenstein,LIE,..
2006,YR2006,Lithuania,LTU,3.731
2006,YR2006,Luxembourg,LUX,2.578
2006,YR2006,"Macao SAR, China",MAC,..
2006,YR2006,Madagascar,MDG,0.166
2006,YR2006,Malawi,MWI,..
2006,YR2006,Malaysia,MYS,0.828
2006,YR2006,Maldives,MDV,..
2006,YR2006,Mali,MLI,0.058
2006,YR2006,Malta,MLT,..
2006,YR2006,Marshall Islands,MHL,..
2006,YR2006,Mauritania,MRT,..
2006,YR2006,Mauritius,MUS,1.107
2006,YR2006,Mexico,MEX,1.893
2006,YR2006,"Micronesia, Fed. Sts.",FSM,..
2006,YR2006,Moldova,MDA,2.5
2006,YR2006,Monaco,MCO,..
2006,YR2006,Mongolia,MNG,..
2006,YR2006,Montenegro,MNE,1.946
2006,YR2006,Morocco,MAR,..
2006,YR2006,Mozambique,MOZ,0.026
2006,YR2006,Myanmar,MMR,0.426
2006,YR2006,Namibia,NAM,..
2006,YR2006,Nauru,NRU,..
2006,YR2006,Nepal,NPL,..
2006,YR2006,Netherlands,NLD,2.799
2006,YR2006,New Caledonia,NCL,..
2006,YR2006,New Zealand,NZL,2.274
2006,YR2006,Nicaragua,NIC,0.491
2006,YR2006,Niger,NER,..
2006,YR2006,Nigeria,NGA,0.344
2006,YR2006,North Macedonia,MKD,2.492
2006,YR2006,Northern Mariana Islands,MNP,..
2006,YR2006,Norway,NOR,3.731
2006,YR2006,Oman,OMN,1.788
2006,YR2006,Pakistan,PAK,..
2006,YR2006,Palau,PLW,1.327
2006,YR2006,Panama,PAN,1.358
2006,YR2006,Papua New Guinea,PNG,..
2006,YR2006,Paraguay,PRY,..
2006,YR2006,Peru,PER,..
2006,YR2006,Philippines,PHL,1.236
2006,YR2006,Poland,POL,2.156
2006,YR2006,Portugal,PRT,3.565
2006,YR2006,Puerto Rico,PRI,..
2006,YR2006,Qatar,QAT,2.279
2006,YR2006,Romania,ROU,2.245
2006,YR2006,Russian Federation,RUS,4.899
2006,YR2006,Rwanda,RWA,..
2006,YR2006,Samoa,WSM,..
2006,YR2006,San Marino,SMR,..
2006,YR2006,Sao Tome and Principe,STP,..
2006,YR2006,Saudi Arabia,SAU,..
2006,YR2006,Senegal,SEN,..
2006,YR2006,Serbia,SRB,2.682
2006,YR2006,Seychelles,SYC,0.861
2006,YR2006,Sierra Leone,SLE,..
2006,YR2006,Singapore,SGP,1.545
2006,YR2006,Sint Maarten (Dutch part),SXM,..
2006,YR2006,Slovak Republic,SVK,3.169
2006,YR2006,Slovenia,SVN,2.354
2006,YR2006,Solomon Islands,SLB,..
2006,YR2006,Somalia,SOM,0.028
2006,YR2006,South Africa,ZAF,..
2006,YR2006,South Sudan,SSD,..
2006,YR2006,Spain,ESP,3.623
2006,YR2006,Sri Lanka,LKA,0.517
2006,YR2006,St. Kitts and Nevis,KNA,..
2006,YR2006,St. Lucia,LCA,..
2006,YR2006,St. Martin (French part),MAF,..
2006,YR2006,St. Vincent and the Grenadines,VCT,..
2006,YR2006,Sudan,SDN,0.365
2006,YR2006,Suriname,SUR,..
2006,YR2006,Sweden,SWE,3.534
2006,YR2006,Switzerland,CHE,3.792
2006,YR2006,Syrian Arab Republic,SYR,..
2006,YR2006,Tajikistan,TJK,1.88
2006,YR2006,Tanzania,TZA,..
2006,YR2006,Thailand,THA,0.285
2006,YR2006,Timor-Leste,TLS,..
2006,YR2006,Togo,TGO,..
2006,YR2006,Tonga,TON,..
2006,YR2006,Trinidad and Tobago,TTO,1.156
2006,YR2006,Tunisia,TUN,..
2006,YR2006,Turkiye,TUR,1.501
2006,YR2006,Turkmenistan,TKM,2.323
2006,YR2006,Turks and Caicos Islands,TCA,..
2006,YR2006,Tuvalu,TUV,..
2006,YR2006,Uganda,UGA,..
2006,YR2006,Ukraine,UKR,3.085
2006,YR2006,United Arab Emirates,ARE,1.439
2006,YR2006,United Kingdom,GBR,2.46
2006,YR2006,United States,USA,..
2006,YR2006,Uruguay,URY,..
2006,YR2006,Uzbekistan,UZB,2.639
2006,YR2006,Vanuatu,VUT,..
2006,YR2006,"Venezuela, RB",VEN,..
2006,YR2006,Viet Nam,VNM,0.629
2006,YR2006,Virgin Islands (U.S.),VIR,..
2006,YR2006,West Bank and Gaza,PSE,..
2006,YR2006,"Yemen, Rep.",YEM,..
2006,YR2006,Zambia,ZMB,0.054
2006,YR2006,Zimbabwe,ZWE,..
2007,YR2007,Africa Eastern and Southern,AFE,..
2007,YR2007,Africa Western and Central,AFW,..
2007,YR2007,Arab World,ARB,..
2007,YR2007,Caribbean small states,CSS,..
2007,YR2007,Central Europe and the Baltics,CEB,..
2007,YR2007,Early-demographic dividend,EAR,..
2007,YR2007,East Asia & Pacific,EAS,..
2007,YR2007,East Asia & Pacific (excluding high income),EAP,..
2007,YR2007,East Asia & Pacific (IDA & IBRD countries),TEA,..
2007,YR2007,Euro area,EMU,..
2007,YR2007,Europe & Central Asia,ECS,..
2007,YR2007,Europe & Central Asia (excluding high income),ECA,..
2007,YR2007,Europe & Central Asia (IDA & IBRD countries),TEC,..
2007,YR2007,European Union,EUU,..
2007,YR2007,Fragile and conflict affected situations,FCS,..
2007,YR2007,Heavily indebted poor countries (HIPC),HPC,..
2007,YR2007,High income,HIC,..
2007,YR2007,IBRD only,IBD,..
2007,YR2007,IDA & IBRD total,IBT,..
2007,YR2007,IDA blend,IDB,..
2007,YR2007,IDA only,IDX,..
2007,YR2007,IDA total,IDA,..
2007,YR2007,Late-demographic dividend,LTE,..
2007,YR2007,Latin America & Caribbean,LCN,..
2007,YR2007,Latin America & Caribbean (excluding high income),LAC,..
2007,YR2007,Latin America & the Caribbean (IDA & IBRD countries),TLA,..
2007,YR2007,Least developed countries: UN classification,LDC,..
2007,YR2007,Low & middle income,LMY,..
2007,YR2007,Low income,LIC,..
2007,YR2007,Lower middle income,LMC,..
2007,YR2007,Middle East & North Africa,MEA,..
2007,YR2007,Middle East & North Africa (excluding high income),MNA,..
2007,YR2007,Middle East & North Africa (IDA & IBRD countries),TMN,..
2007,YR2007,Middle income,MIC,..
2007,YR2007,North America,NAC,..
2007,YR2007,Not classified,INX,..
2007,YR2007,OECD members,OED,..
2007,YR2007,Other small states,OSS,..
2007,YR2007,Pacific island small states,PSS,..
2007,YR2007,Post-demographic dividend,PST,..
2007,YR2007,Pre-demographic dividend,PRE,..
2007,YR2007,Small states,SST,..
2007,YR2007,South Asia,SAS,..
2007,YR2007,South Asia (IDA & IBRD),TSA,..
2007,YR2007,Sub-Saharan Africa,SSF,..
2007,YR2007,Sub-Saharan Africa (excluding high income),SSA,..
2007,YR2007,Sub-Saharan Africa (IDA & IBRD countries),TSS,..
2007,YR2007,Upper middle income,UMC,..
2007,YR2007,World,WLD,..
2007,YR2007,Afghanistan,AFG,0.182
2007,YR2007,Albania,ALB,1.218
2007,YR2007,Algeria,DZA,1.202
2007,YR2007,American Samoa,ASM,..
2007,YR2007,Andorra,AND,3.184
2007,YR2007,Angola,AGO,..
2007,YR2007,Antigua and Barbuda,ATG,1.756
2007,YR2007,Argentina,ARG,..
2007,YR2007,Armenia,ARM,2.609
2007,YR2007,Aruba,ABW,..
2007,YR2007,Australia,AUS,3.008
2007,YR2007,Austria,AUT,4.563
2007,YR2007,Azerbaijan,AZE,3.648
2007,YR2007,"Bahamas, The",BHS,..
2007,YR2007,Bahrain,BHR,1.011
2007,YR2007,Bangladesh,BGD,0.326
2007,YR2007,Barbados,BRB,..
2007,YR2007,Belarus,BLR,..
2007,YR2007,Belgium,BEL,2.897
2007,YR2007,Belize,BLZ,..
2007,YR2007,Benin,BEN,..
2007,YR2007,Bermuda,BMU,..
2007,YR2007,Bhutan,BTN,0.211
2007,YR2007,Bolivia,BOL,0.326
2007,YR2007,Bosnia and Herzegovina,BIH,1.543
2007,YR2007,Botswana,BWA,0.36
2007,YR2007,Brazil,BRA,..
2007,YR2007,British Virgin Islands,VGB,..
2007,YR2007,Brunei Darussalam,BRN,1.038
2007,YR2007,Bulgaria,BGR,3.612
2007,YR2007,Burkina Faso,BFA,..
2007,YR2007,Burundi,BDI,..
2007,YR2007,Cabo Verde,CPV,..
2007,YR2007,Cambodia,KHM,..
2007,YR2007,Cameroon,CMR,0.072
2007,YR2007,Canada,CAN,..
2007,YR2007,Cayman Islands,CYM,..
2007,YR2007,Central African Republic,CAF,..
2007,YR2007,Chad,TCD,..
2007,YR2007,Channel Islands,CHI,..
2007,YR2007,Chile,CHL,1.039
2007,YR2007,China,CHN,1.298
2007,YR2007,Colombia,COL,1.509
2007,YR2007,Comoros,COM,..
2007,YR2007,"Congo, Dem. Rep.",COD,..
2007,YR2007,"Congo, Rep.",COG,0.101
2007,YR2007,Costa Rica,CRI,2.074
2007,YR2007,Cote d'Ivoire,CIV,..
2007,YR2007,Croatia,HRV,2.678
2007,YR2007,Cuba,CUB,6.426
2007,YR2007,Curacao,CUW,..
2007,YR2007,Cyprus,CYP,1.996
2007,YR2007,Czechia,CZE,3.561
2007,YR2007,Denmark,DNK,3.447
2007,YR2007,Djibouti,DJI,..
2007,YR2007,Dominica,DMA,..
2007,YR2007,Dominican Republic,DOM,..
2007,YR2007,Ecuador,ECU,..
2007,YR2007,"Egypt, Arab Rep.",EGY,..
2007,YR2007,El Salvador,SLV,..
2007,YR2007,Equatorial Guinea,GNQ,..
2007,YR2007,Eritrea,ERI,0.042
2007,YR2007,Estonia,EST,3.26
2007,YR2007,Eswatini,SWZ,..
2007,YR2007,Ethiopia,ETH,0.022
2007,YR2007,Faroe Islands,FRO,..
2007,YR2007,Fiji,FJI,..
2007,YR2007,Finland,FIN,3.729
2007,YR2007,France,FRA,3.449
2007,YR2007,French Polynesia,PYF,..
2007,YR2007,Gabon,GAB,..
2007,YR2007,"Gambia, The",GMB,0.09
2007,YR2007,Georgia,GEO,4.163
2007,YR2007,Germany,DEU,3.533
2007,YR2007,Ghana,GHA,0.07
2007,YR2007,Gibraltar,GIB,..
2007,YR2007,Greece,GRC,5.609
2007,YR2007,Greenland,GRL,..
2007,YR2007,Grenada,GRD,..
2007,YR2007,Guam,GUM,..
2007,YR2007,Guatemala,GTM,..
2007,YR2007,Guinea,GIN,..
2007,YR2007,Guinea-Bissau,GNB,..
2007,YR2007,Guyana,GUY,..
2007,YR2007,Haiti,HTI,..
2007,YR2007,Honduras,HND,..
2007,YR2007,"Hong Kong SAR, China",HKG,..
2007,YR2007,Hungary,HUN,2.807
2007,YR2007,Iceland,ISL,3.61
2007,YR2007,India,IND,..
2007,YR2007,Indonesia,IDN,..
2007,YR2007,"Iran, Islamic Rep.",IRN,..
2007,YR2007,Iraq,IRQ,0.528
2007,YR2007,Ireland,IRL,3.867
2007,YR2007,Isle of Man,IMN,..
2007,YR2007,Israel,ISR,3.563
2007,YR2007,Italy,ITA,3.773
2007,YR2007,Jamaica,JAM,..
2007,YR2007,Japan,JPN,..
2007,YR2007,Jordan,JOR,2.36
2007,YR2007,Kazakhstan,KAZ,3.585
2007,YR2007,Kenya,KEN,..
2007,YR2007,Kiribati,KIR,..
2007,YR2007,"Korea, Dem. People's Rep.",PRK,..
2007,YR2007,"Korea, Rep.",KOR,1.752
2007,YR2007,Kosovo,XKX,..
2007,YR2007,Kuwait,KWT,1.879
2007,YR2007,Kyrgyz Republic,KGZ,2.309
2007,YR2007,Lao PDR,LAO,..
2007,YR2007,Latvia,LVA,3.178
2007,YR2007,Lebanon,LBN,2.326
2007,YR2007,Lesotho,LSO,..
2007,YR2007,Liberia,LBR,..
2007,YR2007,Libya,LBY,..
2007,YR2007,Liechtenstein,LIE,..
2007,YR2007,Lithuania,LTU,3.835
2007,YR2007,Luxembourg,LUX,2.694
2007,YR2007,"Macao SAR, China",MAC,..
2007,YR2007,Madagascar,MDG,0.177
2007,YR2007,Malawi,MWI,..
2007,YR2007,Malaysia,MYS,0.876
2007,YR2007,Maldives,MDV,1.698
2007,YR2007,Mali,MLI,0.061
2007,YR2007,Malta,MLT,..
2007,YR2007,Marshall Islands,MHL,0.574
2007,YR2007,Mauritania,MRT,..
2007,YR2007,Mauritius,MUS,1.122
2007,YR2007,Mexico,MEX,1.937
2007,YR2007,"Micronesia, Fed. Sts.",FSM,..
2007,YR2007,Moldova,MDA,2.543
2007,YR2007,Monaco,MCO,..
2007,YR2007,Mongolia,MNG,..
2007,YR2007,Montenegro,MNE,1.951
2007,YR2007,Morocco,MAR,0.585
2007,YR2007,Mozambique,MOZ,..
2007,YR2007,Myanmar,MMR,0.45
2007,YR2007,Namibia,NAM,0.385
2007,YR2007,Nauru,NRU,..
2007,YR2007,Nepal,NPL,..
2007,YR2007,Netherlands,NLD,2.792
2007,YR2007,New Caledonia,NCL,..
2007,YR2007,New Zealand,NZL,2.299
2007,YR2007,Nicaragua,NIC,0.525
2007,YR2007,Niger,NER,..
2007,YR2007,Nigeria,NGA,0.373
2007,YR2007,North Macedonia,MKD,2.425
2007,YR2007,Northern Mariana Islands,MNP,..
2007,YR2007,Norway,NOR,3.844
2007,YR2007,Oman,OMN,1.884
2007,YR2007,Pakistan,PAK,0.703
2007,YR2007,Palau,PLW,..
2007,YR2007,Panama,PAN,1.312
2007,YR2007,Papua New Guinea,PNG,..
2007,YR2007,Paraguay,PRY,..
2007,YR2007,Peru,PER,1.649
2007,YR2007,Philippines,PHL,1.242
2007,YR2007,Poland,POL,2.168
2007,YR2007,Portugal,PRT,3.651
2007,YR2007,Puerto Rico,PRI,..
2007,YR2007,Qatar,QAT,..
2007,YR2007,Romania,ROU,2.324
2007,YR2007,Russian Federation,RUS,4.942
2007,YR2007,Rwanda,RWA,..
2007,YR2007,Samoa,WSM,..
2007,YR2007,San Marino,SMR,..
2007,YR2007,Sao Tome and Principe,STP,..
2007,YR2007,Saudi Arabia,SAU,..
2007,YR2007,Senegal,SEN,..
2007,YR2007,Serbia,SRB,2.751
2007,YR2007,Seychelles,SYC,1.031
2007,YR2007,Sierra Leone,SLE,..
2007,YR2007,Singapore,SGP,1.583
2007,YR2007,Sint Maarten (Dutch part),SXM,..
2007,YR2007,Slovak Republic,SVK,3.387
2007,YR2007,Slovenia,SVN,2.379
2007,YR2007,Solomon Islands,SLB,..
2007,YR2007,Somalia,SOM,..
2007,YR2007,South Africa,ZAF,..
2007,YR2007,South Sudan,SSD,..
2007,YR2007,Spain,ESP,3.559
2007,YR2007,Sri Lanka,LKA,0.549
2007,YR2007,St. Kitts and Nevis,KNA,..
2007,YR2007,St. Lucia,LCA,0.185
2007,YR2007,St. Martin (French part),MAF,..
2007,YR2007,St. Vincent and the Grenadines,VCT,..
2007,YR2007,Sudan,SDN,0.364
2007,YR2007,Suriname,SUR,..
2007,YR2007,Sweden,SWE,3.62
2007,YR2007,Switzerland,CHE,3.789
2007,YR2007,Syrian Arab Republic,SYR,1.429
2007,YR2007,Tajikistan,TJK,1.863
2007,YR2007,Tanzania,TZA,..
2007,YR2007,Thailand,THA,0.293
2007,YR2007,Timor-Leste,TLS,0.034
2007,YR2007,Togo,TGO,0.048
2007,YR2007,Tonga,TON,..
2007,YR2007,Trinidad and Tobago,TTO,1.114
2007,YR2007,Tunisia,TUN,0.998
2007,YR2007,Turkiye,TUR,1.538
2007,YR2007,Turkmenistan,TKM,2.269
2007,YR2007,Turks and Caicos Islands,TCA,..
2007,YR2007,Tuvalu,TUV,..
2007,YR2007,Uganda,UGA,..
2007,YR2007,Ukraine,UKR,3.092
2007,YR2007,United Arab Emirates,ARE,1.476
2007,YR2007,United Kingdom,GBR,2.492
2007,YR2007,United States,USA,..
2007,YR2007,Uruguay,URY,..
2007,YR2007,Uzbekistan,UZB,2.623
2007,YR2007,Vanuatu,VUT,0.114
2007,YR2007,"Venezuela, RB",VEN,..
2007,YR2007,Viet Nam,VNM,0.647
2007,YR2007,Virgin Islands (U.S.),VIR,..
2007,YR2007,West Bank and Gaza,PSE,..
2007,YR2007,"Yemen, Rep.",YEM,..
2007,YR2007,Zambia,ZMB,..
2007,YR2007,Zimbabwe,ZWE,0.0544
2008,YR2008,Africa Eastern and Southern,AFE,..
2008,YR2008,Africa Western and Central,AFW,..
2008,YR2008,Arab World,ARB,..
2008,YR2008,Caribbean small states,CSS,..
2008,YR2008,Central Europe and the Baltics,CEB,..
2008,YR2008,Early-demographic dividend,EAR,..
2008,YR2008,East Asia & Pacific,EAS,..
2008,YR2008,East Asia & Pacific (excluding high income),EAP,..
2008,YR2008,East Asia & Pacific (IDA & IBRD countries),TEA,..
2008,YR2008,Euro area,EMU,..
2008,YR2008,Europe & Central Asia,ECS,..
2008,YR2008,Europe & Central Asia (excluding high income),ECA,..
2008,YR2008,Europe & Central Asia (IDA & IBRD countries),TEC,..
2008,YR2008,European Union,EUU,..
2008,YR2008,Fragile and conflict affected situations,FCS,..
2008,YR2008,Heavily indebted poor countries (HIPC),HPC,..
2008,YR2008,High income,HIC,..
2008,YR2008,IBRD only,IBD,..
2008,YR2008,IDA & IBRD total,IBT,..
2008,YR2008,IDA blend,IDB,..
2008,YR2008,IDA only,IDX,..
2008,YR2008,IDA total,IDA,..
2008,YR2008,Late-demographic dividend,LTE,..
2008,YR2008,Latin America & Caribbean,LCN,..
2008,YR2008,Latin America & Caribbean (excluding high income),LAC,..
2008,YR2008,Latin America & the Caribbean (IDA & IBRD countries),TLA,..
2008,YR2008,Least developed countries: UN classification,LDC,..
2008,YR2008,Low & middle income,LMY,..
2008,YR2008,Low income,LIC,..
2008,YR2008,Lower middle income,LMC,..
2008,YR2008,Middle East & North Africa,MEA,..
2008,YR2008,Middle East & North Africa (excluding high income),MNA,..
2008,YR2008,Middle East & North Africa (IDA & IBRD countries),TMN,..
2008,YR2008,Middle income,MIC,..
2008,YR2008,North America,NAC,..
2008,YR2008,Not classified,INX,..
2008,YR2008,OECD members,OED,..
2008,YR2008,Other small states,OSS,..
2008,YR2008,Pacific island small states,PSS,..
2008,YR2008,Post-demographic dividend,PST,..
2008,YR2008,Pre-demographic dividend,PRE,..
2008,YR2008,Small states,SST,..
2008,YR2008,South Asia,SAS,..
2008,YR2008,South Asia (IDA & IBRD),TSA,..
2008,YR2008,Sub-Saharan Africa,SSF,..
2008,YR2008,Sub-Saharan Africa (excluding high income),SSA,..
2008,YR2008,Sub-Saharan Africa (IDA & IBRD countries),TSS,..
2008,YR2008,Upper middle income,UMC,..
2008,YR2008,World,WLD,..
2008,YR2008,Afghanistan,AFG,0.183
2008,YR2008,Albania,ALB,..
2008,YR2008,Algeria,DZA,..
2008,YR2008,American Samoa,ASM,..
2008,YR2008,Andorra,AND,..
2008,YR2008,Angola,AGO,..
2008,YR2008,Antigua and Barbuda,ATG,0.54
2008,YR2008,Argentina,ARG,..
2008,YR2008,Armenia,ARM,2.674
2008,YR2008,Aruba,ABW,..
2008,YR2008,Australia,AUS,3.018
2008,YR2008,Austria,AUT,4.628
2008,YR2008,Azerbaijan,AZE,3.612
2008,YR2008,"Bahamas, The",BHS,2.61
2008,YR2008,Bahrain,BHR,0.993
2008,YR2008,Bangladesh,BGD,0.339
2008,YR2008,Barbados,BRB,..
2008,YR2008,Belarus,BLR,..
2008,YR2008,Belgium,BEL,2.916
2008,YR2008,Belize,BLZ,..
2008,YR2008,Benin,BEN,0.061
2008,YR2008,Bermuda,BMU,..
2008,YR2008,Bhutan,BTN,0.248
2008,YR2008,Bolivia,BOL,..
2008,YR2008,Bosnia and Herzegovina,BIH,1.591
2008,YR2008,Botswana,BWA,0.357
2008,YR2008,Brazil,BRA,..
2008,YR2008,British Virgin Islands,VGB,..
2008,YR2008,Brunei Darussalam,BRN,1.467
2008,YR2008,Bulgaria,BGR,3.577
2008,YR2008,Burkina Faso,BFA,0.031
2008,YR2008,Burundi,BDI,..
2008,YR2008,Cabo Verde,CPV,..
2008,YR2008,Cambodia,KHM,0.243
2008,YR2008,Cameroon,CMR,..
2008,YR2008,Canada,CAN,1.959
2008,YR2008,Cayman Islands,CYM,..
2008,YR2008,Central African Republic,CAF,0.0405
2008,YR2008,Chad,TCD,..
2008,YR2008,Channel Islands,CHI,..
2008,YR2008,Chile,CHL,1.042
2008,YR2008,China,CHN,1.347
2008,YR2008,Colombia,COL,1.561
2008,YR2008,Comoros,COM,..
2008,YR2008,"Congo, Dem. Rep.",COD,..
2008,YR2008,"Congo, Rep.",COG,..
2008,YR2008,Costa Rica,CRI,2.139
2008,YR2008,Cote d'Ivoire,CIV,0.136
2008,YR2008,Croatia,HRV,2.686
2008,YR2008,Cuba,CUB,6.611
2008,YR2008,Curacao,CUW,..
2008,YR2008,Cyprus,CYP,2.03
2008,YR2008,Czechia,CZE,3.557
2008,YR2008,Denmark,DNK,3.573
2008,YR2008,Djibouti,DJI,..
2008,YR2008,Dominica,DMA,..
2008,YR2008,Dominican Republic,DOM,1.091
2008,YR2008,Ecuador,ECU,..
2008,YR2008,"Egypt, Arab Rep.",EGY,..
2008,YR2008,El Salvador,SLV,1.902
2008,YR2008,Equatorial Guinea,GNQ,..
2008,YR2008,Eritrea,ERI,0.042
2008,YR2008,Estonia,EST,3.343
2008,YR2008,Eswatini,SWZ,..
2008,YR2008,Ethiopia,ETH,0.025
2008,YR2008,Faroe Islands,FRO,..
2008,YR2008,Fiji,FJI,0.376
2008,YR2008,Finland,FIN,3.742
2008,YR2008,France,FRA,3.443
2008,YR2008,French Polynesia,PYF,..
2008,YR2008,Gabon,GAB,0.0968
2008,YR2008,"Gambia, The",GMB,0.096
2008,YR2008,Georgia,GEO,4.271
2008,YR2008,Germany,DEU,3.58
2008,YR2008,Ghana,GHA,0.076
2008,YR2008,Gibraltar,GIB,..
2008,YR2008,Greece,GRC,5.711
2008,YR2008,Greenland,GRL,..
2008,YR2008,Grenada,GRD,..
2008,YR2008,Guam,GUM,..
2008,YR2008,Guatemala,GTM,..
2008,YR2008,Guinea,GIN,..
2008,YR2008,Guinea-Bissau,GNB,0.052
2008,YR2008,Guyana,GUY,..
2008,YR2008,Haiti,HTI,..
2008,YR2008,Honduras,HND,..
2008,YR2008,"Hong Kong SAR, China",HKG,..
2008,YR2008,Hungary,HUN,3.095
2008,YR2008,Iceland,ISL,3.639
2008,YR2008,India,IND,..
2008,YR2008,Indonesia,IDN,..
2008,YR2008,"Iran, Islamic Rep.",IRN,..
2008,YR2008,Iraq,IRQ,..
2008,YR2008,Ireland,IRL,3.981
2008,YR2008,Isle of Man,IMN,..
2008,YR2008,Israel,ISR,3.524
2008,YR2008,Italy,ITA,3.761
2008,YR2008,Jamaica,JAM,0.407
2008,YR2008,Japan,JPN,2.147
2008,YR2008,Jordan,JOR,2.198
2008,YR2008,Kazakhstan,KAZ,3.639
2008,YR2008,Kenya,KEN,0.169
2008,YR2008,Kiribati,KIR,0.24
2008,YR2008,"Korea, Dem. People's Rep.",PRK,3.267
2008,YR2008,"Korea, Rep.",KOR,1.871
2008,YR2008,Kosovo,XKX,..
2008,YR2008,Kuwait,KWT,1.884
2008,YR2008,Kyrgyz Republic,KGZ,2.313
2008,YR2008,Lao PDR,LAO,..
2008,YR2008,Latvia,LVA,3.274
2008,YR2008,Lebanon,LBN,..
2008,YR2008,Lesotho,LSO,..
2008,YR2008,Liberia,LBR,0.014
2008,YR2008,Libya,LBY,1.792
2008,YR2008,Liechtenstein,LIE,..
2008,YR2008,Lithuania,LTU,3.85
2008,YR2008,Luxembourg,LUX,2.718
2008,YR2008,"Macao SAR, China",MAC,..
2008,YR2008,Madagascar,MDG,0.181
2008,YR2008,Malawi,MWI,0.019
2008,YR2008,Malaysia,MYS,0.907
2008,YR2008,Maldives,MDV,..
2008,YR2008,Mali,MLI,0.064
2008,YR2008,Malta,MLT,3.324
2008,YR2008,Marshall Islands,MHL,..
2008,YR2008,Mauritania,MRT,..
2008,YR2008,Mauritius,MUS,1.137
2008,YR2008,Mexico,MEX,1.97
2008,YR2008,"Micronesia, Fed. Sts.",FSM,0.589
2008,YR2008,Moldova,MDA,2.54
2008,YR2008,Monaco,MCO,..
2008,YR2008,Mongolia,MNG,2.879
2008,YR2008,Montenegro,MNE,2.078
2008,YR2008,Morocco,MAR,..
2008,YR2008,Mozambique,MOZ,..
2008,YR2008,Myanmar,MMR,0.487
2008,YR2008,Namibia,NAM,..
2008,YR2008,Nauru,NRU,0.98
2008,YR2008,Nepal,NPL,..
2008,YR2008,Netherlands,NLD,2.868
2008,YR2008,New Caledonia,NCL,..
2008,YR2008,New Zealand,NZL,2.464
2008,YR2008,Nicaragua,NIC,0.646
2008,YR2008,Niger,NER,0.019
2008,YR2008,Nigeria,NGA,0.371
2008,YR2008,North Macedonia,MKD,2.571
2008,YR2008,Northern Mariana Islands,MNP,..
2008,YR2008,Norway,NOR,3.955
2008,YR2008,Oman,OMN,1.959
2008,YR2008,Pakistan,PAK,0.721
2008,YR2008,Palau,PLW,..
2008,YR2008,Panama,PAN,1.389
2008,YR2008,Papua New Guinea,PNG,0.047
2008,YR2008,Paraguay,PRY,..
2008,YR2008,Peru,PER,..
2008,YR2008,Philippines,PHL,1.251
2008,YR2008,Poland,POL,2.139
2008,YR2008,Portugal,PRT,3.746
2008,YR2008,Puerto Rico,PRI,..
2008,YR2008,Qatar,QAT,3.192
2008,YR2008,Romania,ROU,2.44
2008,YR2008,Russian Federation,RUS,4.919
2008,YR2008,Rwanda,RWA,0.052
2008,YR2008,Samoa,WSM,0.443
2008,YR2008,San Marino,SMR,..
2008,YR2008,Sao Tome and Principe,STP,..
2008,YR2008,Saudi Arabia,SAU,1.673
2008,YR2008,Senegal,SEN,0.062
2008,YR2008,Serbia,SRB,2.841
2008,YR2008,Seychelles,SYC,0.781
2008,YR2008,Sierra Leone,SLE,0.0155
2008,YR2008,Singapore,SGP,1.621
2008,YR2008,Sint Maarten (Dutch part),SXM,..
2008,YR2008,Slovak Republic,SVK,3.367
2008,YR2008,Slovenia,SVN,2.386
2008,YR2008,Solomon Islands,SLB,0.173
2008,YR2008,Somalia,SOM,..
2008,YR2008,South Africa,ZAF,..
2008,YR2008,South Sudan,SSD,..
2008,YR2008,Spain,ESP,3.544
2008,YR2008,Sri Lanka,LKA,0.615
2008,YR2008,St. Kitts and Nevis,KNA,..
2008,YR2008,St. Lucia,LCA,0.1588
2008,YR2008,St. Martin (French part),MAF,..
2008,YR2008,St. Vincent and the Grenadines,VCT,..
2008,YR2008,Sudan,SDN,0.337
2008,YR2008,Suriname,SUR,..
2008,YR2008,Sweden,SWE,3.679
2008,YR2008,Switzerland,CHE,3.822
2008,YR2008,Syrian Arab Republic,SYR,1.43
2008,YR2008,Tajikistan,TJK,1.899
2008,YR2008,Tanzania,TZA,..
2008,YR2008,Thailand,THA,0.313
2008,YR2008,Timor-Leste,TLS,0.037
2008,YR2008,Togo,TGO,0.056
2008,YR2008,Tonga,TON,0.533
2008,YR2008,Trinidad and Tobago,TTO,..
2008,YR2008,Tunisia,TUN,1.08
2008,YR2008,Turkiye,TUR,1.587
2008,YR2008,Turkmenistan,TKM,2.228
2008,YR2008,Turks and Caicos Islands,TCA,..
2008,YR2008,Tuvalu,TUV,0.971
2008,YR2008,Uganda,UGA,..
2008,YR2008,Ukraine,UKR,3.124
2008,YR2008,United Arab Emirates,ARE,1.664
2008,YR2008,United Kingdom,GBR,2.571
2008,YR2008,United States,USA,..
2008,YR2008,Uruguay,URY,3.956
2008,YR2008,Uzbekistan,UZB,2.595
2008,YR2008,Vanuatu,VUT,0.111
2008,YR2008,"Venezuela, RB",VEN,..
2008,YR2008,Viet Nam,VNM,0.67
2008,YR2008,Virgin Islands (U.S.),VIR,..
2008,YR2008,West Bank and Gaza,PSE,..
2008,YR2008,"Yemen, Rep.",YEM,0.296
2008,YR2008,Zambia,ZMB,0.062
2008,YR2008,Zimbabwe,ZWE,0.0596
2009,YR2009,Africa Eastern and Southern,AFE,..
2009,YR2009,Africa Western and Central,AFW,..
2009,YR2009,Arab World,ARB,..
2009,YR2009,Caribbean small states,CSS,..
2009,YR2009,Central Europe and the Baltics,CEB,..
2009,YR2009,Early-demographic dividend,EAR,..
2009,YR2009,East Asia & Pacific,EAS,..
2009,YR2009,East Asia & Pacific (excluding high income),EAP,..
2009,YR2009,East Asia & Pacific (IDA & IBRD countries),TEA,..
2009,YR2009,Euro area,EMU,..
2009,YR2009,Europe & Central Asia,ECS,..
2009,YR2009,Europe & Central Asia (excluding high income),ECA,..
2009,YR2009,Europe & Central Asia (IDA & IBRD countries),TEC,..
2009,YR2009,European Union,EUU,..
2009,YR2009,Fragile and conflict affected situations,FCS,..
2009,YR2009,Heavily indebted poor countries (HIPC),HPC,..
2009,YR2009,High income,HIC,..
2009,YR2009,IBRD only,IBD,..
2009,YR2009,IDA & IBRD total,IBT,..
2009,YR2009,IDA blend,IDB,..
2009,YR2009,IDA only,IDX,..
2009,YR2009,IDA total,IDA,..
2009,YR2009,Late-demographic dividend,LTE,..
2009,YR2009,Latin America & Caribbean,LCN,..
2009,YR2009,Latin America & Caribbean (excluding high income),LAC,..
2009,YR2009,Latin America & the Caribbean (IDA & IBRD countries),TLA,..
2009,YR2009,Least developed countries: UN classification,LDC,..
2009,YR2009,Low & middle income,LMY,..
2009,YR2009,Low income,LIC,..
2009,YR2009,Lower middle income,LMC,..
2009,YR2009,Middle East & North Africa,MEA,..
2009,YR2009,Middle East & North Africa (excluding high income),MNA,..
2009,YR2009,Middle East & North Africa (IDA & IBRD countries),TMN,..
2009,YR2009,Middle income,MIC,..
2009,YR2009,North America,NAC,..
2009,YR2009,Not classified,INX,..
2009,YR2009,OECD members,OED,..
2009,YR2009,Other small states,OSS,..
2009,YR2009,Pacific island small states,PSS,..
2009,YR2009,Post-demographic dividend,PST,..
2009,YR2009,Pre-demographic dividend,PRE,..
2009,YR2009,Small states,SST,..
2009,YR2009,South Asia,SAS,..
2009,YR2009,South Asia (IDA & IBRD),TSA,..
2009,YR2009,Sub-Saharan Africa,SSF,..
2009,YR2009,Sub-Saharan Africa (excluding high income),SSA,..
2009,YR2009,Sub-Saharan Africa (IDA & IBRD countries),TSS,..
2009,YR2009,Upper middle income,UMC,..
2009,YR2009,World,WLD,..
2009,YR2009,Afghanistan,AFG,0.22
2009,YR2009,Albania,ALB,1.248
2009,YR2009,Algeria,DZA,..
2009,YR2009,American Samoa,ASM,..
2009,YR2009,Andorra,AND,3.6
2009,YR2009,Angola,AGO,0.131
2009,YR2009,Antigua and Barbuda,ATG,..
2009,YR2009,Argentina,ARG,..
2009,YR2009,Armenia,ARM,2.697
2009,YR2009,Aruba,ABW,..
2009,YR2009,Australia,AUS,3.121
2009,YR2009,Austria,AUT,4.723
2009,YR2009,Azerbaijan,AZE,3.596
2009,YR2009,"Bahamas, The",BHS,..
2009,YR2009,Bahrain,BHR,0.974
2009,YR2009,Bangladesh,BGD,0.353
2009,YR2009,Barbados,BRB,..
2009,YR2009,Belarus,BLR,..
2009,YR2009,Belgium,BEL,2.924
2009,YR2009,Belize,BLZ,0.767
2009,YR2009,Benin,BEN,..
2009,YR2009,Bermuda,BMU,..
2009,YR2009,Bhutan,BTN,..
2009,YR2009,Bolivia,BOL,..
2009,YR2009,Bosnia and Herzegovina,BIH,1.674
2009,YR2009,Botswana,BWA,0.338
2009,YR2009,Brazil,BRA,..
2009,YR2009,British Virgin Islands,VGB,..
2009,YR2009,Brunei Darussalam,BRN,1.14
2009,YR2009,Bulgaria,BGR,3.661
2009,YR2009,Burkina Faso,BFA,0.043
2009,YR2009,Burundi,BDI,..
2009,YR2009,Cabo Verde,CPV,0.487
2009,YR2009,Cambodia,KHM,0.237
2009,YR2009,Cameroon,CMR,0.07
2009,YR2009,Canada,CAN,..
2009,YR2009,Cayman Islands,CYM,..
2009,YR2009,Central African Republic,CAF,0.045
2009,YR2009,Chad,TCD,..
2009,YR2009,Channel Islands,CHI,..
2009,YR2009,Chile,CHL,1.033
2009,YR2009,China,CHN,1.423
2009,YR2009,Colombia,COL,1.616
2009,YR2009,Comoros,COM,0.199
2009,YR2009,"Congo, Dem. Rep.",COD,0.091
2009,YR2009,"Congo, Rep.",COG,..
2009,YR2009,Costa Rica,CRI,2.197
2009,YR2009,Cote d'Ivoire,CIV,..
2009,YR2009,Croatia,HRV,2.696
2009,YR2009,Cuba,CUB,6.636
2009,YR2009,Curacao,CUW,..
2009,YR2009,Cyprus,CYP,2.082
2009,YR2009,Czechia,CZE,3.584
2009,YR2009,Denmark,DNK,3.648
2009,YR2009,Djibouti,DJI,..
2009,YR2009,Dominica,DMA,..
2009,YR2009,Dominican Republic,DOM,..
2009,YR2009,Ecuador,ECU,1.602
2009,YR2009,"Egypt, Arab Rep.",EGY,..
2009,YR2009,El Salvador,SLV,..
2009,YR2009,Equatorial Guinea,GNQ,..
2009,YR2009,Eritrea,ERI,0.042
2009,YR2009,Estonia,EST,3.28
2009,YR2009,Eswatini,SWZ,0.158
2009,YR2009,Ethiopia,ETH,0.025
2009,YR2009,Faroe Islands,FRO,..
2009,YR2009,Fiji,FJI,0.413
2009,YR2009,Finland,FIN,3.775
2009,YR2009,France,FRA,3.394
2009,YR2009,French Polynesia,PYF,..
2009,YR2009,Gabon,GAB,..
2009,YR2009,"Gambia, The",GMB,..
2009,YR2009,Georgia,GEO,4.511
2009,YR2009,Germany,DEU,3.648
2009,YR2009,Ghana,GHA,0.082
2009,YR2009,Gibraltar,GIB,..
2009,YR2009,Greece,GRC,5.819
2009,YR2009,Greenland,GRL,..
2009,YR2009,Grenada,GRD,..
2009,YR2009,Guam,GUM,..
2009,YR2009,Guatemala,GTM,0.908
2009,YR2009,Guinea,GIN,..
2009,YR2009,Guinea-Bissau,GNB,0.081
2009,YR2009,Guyana,GUY,0.214
2009,YR2009,Haiti,HTI,..
2009,YR2009,Honduras,HND,..
2009,YR2009,"Hong Kong SAR, China",HKG,..
2009,YR2009,Hungary,HUN,3.025
2009,YR2009,Iceland,ISL,3.645
2009,YR2009,India,IND,..
2009,YR2009,Indonesia,IDN,0.143
2009,YR2009,"Iran, Islamic Rep.",IRN,..
2009,YR2009,Iraq,IRQ,..
2009,YR2009,Ireland,IRL,4.034
2009,YR2009,Isle of Man,IMN,..
2009,YR2009,Israel,ISR,3.529
2009,YR2009,Italy,ITA,3.761
2009,YR2009,Jamaica,JAM,..
2009,YR2009,Japan,JPN,..
2009,YR2009,Jordan,JOR,2.164
2009,YR2009,Kazakhstan,KAZ,3.698
2009,YR2009,Kenya,KEN,0.171
2009,YR2009,Kiribati,KIR,..
2009,YR2009,"Korea, Dem. People's Rep.",PRK,..
2009,YR2009,"Korea, Rep.",KOR,1.949
2009,YR2009,Kosovo,XKX,..
2009,YR2009,Kuwait,KWT,1.91
2009,YR2009,Kyrgyz Republic,KGZ,2.307
2009,YR2009,Lao PDR,LAO,0.197
2009,YR2009,Latvia,LVA,3.176
2009,YR2009,Lebanon,LBN,..
2009,YR2009,Lesotho,LSO,..
2009,YR2009,Liberia,LBR,0.023
2009,YR2009,Libya,LBY,1.888
2009,YR2009,Liechtenstein,LIE,..
2009,YR2009,Lithuania,LTU,3.833
2009,YR2009,Luxembourg,LUX,2.709
2009,YR2009,"Macao SAR, China",MAC,..
2009,YR2009,Madagascar,MDG,0.177
2009,YR2009,Malawi,MWI,0.019
2009,YR2009,Malaysia,MYS,1.082
2009,YR2009,Maldives,MDV,1.507
2009,YR2009,Mali,MLI,0.119
2009,YR2009,Malta,MLT,1.899
2009,YR2009,Marshall Islands,MHL,..
2009,YR2009,Mauritania,MRT,0.134
2009,YR2009,Mauritius,MUS,1.152
2009,YR2009,Mexico,MEX,2.004
2009,YR2009,"Micronesia, Fed. Sts.",FSM,0.1942
2009,YR2009,Moldova,MDA,2.613
2009,YR2009,Monaco,MCO,..
2009,YR2009,Mongolia,MNG,2.678
2009,YR2009,Montenegro,MNE,2.075
2009,YR2009,Morocco,MAR,0.645
2009,YR2009,Mozambique,MOZ,0.046
2009,YR2009,Myanmar,MMR,0.501
2009,YR2009,Namibia,NAM,..
2009,YR2009,Nauru,NRU,0.98
2009,YR2009,Nepal,NPL,..
2009,YR2009,Netherlands,NLD,2.922
2009,YR2009,New Caledonia,NCL,..
2009,YR2009,New Zealand,NZL,2.581
2009,YR2009,Nicaragua,NIC,0.7
2009,YR2009,Niger,NER,0.027
2009,YR2009,Nigeria,NGA,0.373
2009,YR2009,North Macedonia,MKD,2.567
2009,YR2009,Northern Mariana Islands,MNP,..
2009,YR2009,Norway,NOR,4.048
2009,YR2009,Oman,OMN,2.062
2009,YR2009,Pakistan,PAK,0.734
2009,YR2009,Palau,PLW,1.543
2009,YR2009,Panama,PAN,1.317
2009,YR2009,Papua New Guinea,PNG,..
2009,YR2009,Paraguay,PRY,..
2009,YR2009,Peru,PER,0.94
2009,YR2009,Philippines,PHL,1.256
2009,YR2009,Poland,POL,2.148
2009,YR2009,Portugal,PRT,3.853
2009,YR2009,Puerto Rico,PRI,..
2009,YR2009,Qatar,QAT,3.183
2009,YR2009,Romania,ROU,2.462
2009,YR2009,Russian Federation,RUS,4.968
2009,YR2009,Rwanda,RWA,0.055
2009,YR2009,Samoa,WSM,..
2009,YR2009,San Marino,SMR,..
2009,YR2009,Sao Tome and Principe,STP,..
2009,YR2009,Saudi Arabia,SAU,1.647
2009,YR2009,Senegal,SEN,..
2009,YR2009,Serbia,SRB,2.872
2009,YR2009,Seychelles,SYC,1.132
2009,YR2009,Sierra Leone,SLE,..
2009,YR2009,Singapore,SGP,1.661
2009,YR2009,Sint Maarten (Dutch part),SXM,..
2009,YR2009,Slovak Republic,SVK,3.303
2009,YR2009,Slovenia,SVN,2.403
2009,YR2009,Solomon Islands,SLB,..
2009,YR2009,Somalia,SOM,..
2009,YR2009,South Africa,ZAF,..
2009,YR2009,South Sudan,SSD,..
2009,YR2009,Spain,ESP,3.597
2009,YR2009,Sri Lanka,LKA,0.671
2009,YR2009,St. Kitts and Nevis,KNA,..
2009,YR2009,St. Lucia,LCA,0.1045
2009,YR2009,St. Martin (French part),MAF,..
2009,YR2009,St. Vincent and the Grenadines,VCT,..
2009,YR2009,Sudan,SDN,..
2009,YR2009,Suriname,SUR,0.683
2009,YR2009,Sweden,SWE,3.75
2009,YR2009,Switzerland,CHE,3.837
2009,YR2009,Syrian Arab Republic,SYR,1.371
2009,YR2009,Tajikistan,TJK,1.621
2009,YR2009,Tanzania,TZA,..
2009,YR2009,Thailand,THA,0.334
2009,YR2009,Timor-Leste,TLS,0.044
2009,YR2009,Togo,TGO,..
2009,YR2009,Tonga,TON,0.579
2009,YR2009,Trinidad and Tobago,TTO,1.422
2009,YR2009,Tunisia,TUN,..
2009,YR2009,Turkiye,TUR,1.643
2009,YR2009,Turkmenistan,TKM,2.215
2009,YR2009,Turks and Caicos Islands,TCA,..
2009,YR2009,Tuvalu,TUV,1.154
2009,YR2009,Uganda,UGA,..
2009,YR2009,Ukraine,UKR,3.499
2009,YR2009,United Arab Emirates,ARE,1.503
2009,YR2009,United Kingdom,GBR,2.653
2009,YR2009,United States,USA,..
2009,YR2009,Uruguay,URY,..
2009,YR2009,Uzbekistan,UZB,2.561
2009,YR2009,Vanuatu,VUT,..
2009,YR2009,"Venezuela, RB",VEN,..
2009,YR2009,Viet Nam,VNM,0.703
2009,YR2009,Virgin Islands (U.S.),VIR,..
2009,YR2009,West Bank and Gaza,PSE,..
2009,YR2009,"Yemen, Rep.",YEM,0.297
2009,YR2009,Zambia,ZMB,0.06
2009,YR2009,Zimbabwe,ZWE,0.12
2010,YR2010,Africa Eastern and Southern,AFE,0.103441048626541
2010,YR2010,Africa Western and Central,AFW,0.215193875990293
2010,YR2010,Arab World,ARB,..
2010,YR2010,Caribbean small states,CSS,1.00213963363065
2010,YR2010,Central Europe and the Baltics,CEB,2.72230494487402
2010,YR2010,Early-demographic dividend,EAR,..
2010,YR2010,East Asia & Pacific,EAS,1.30147296597963
2010,YR2010,East Asia & Pacific (excluding high income),EAP,1.19707682548667
2010,YR2010,East Asia & Pacific (IDA & IBRD countries),TEA,1.16868099276731
2010,YR2010,Euro area,EMU,3.68271822980649
2010,YR2010,Europe & Central Asia,ECS,3.46283622121773
2010,YR2010,Europe & Central Asia (excluding high income),ECA,2.6590781916714
2010,YR2010,Europe & Central Asia (IDA & IBRD countries),TEC,3.38625439774908
2010,YR2010,European Union,EUU,3.47962761643544
2010,YR2010,Fragile and conflict affected situations,FCS,0.507209767928918
2010,YR2010,Heavily indebted poor countries (HIPC),HPC,0.107646720538119
2010,YR2010,High income,HIC,3.22850662940981
2010,YR2010,IBRD only,IBD,..
2010,YR2010,IDA & IBRD total,IBT,1.20074062599588
2010,YR2010,IDA blend,IDB,..
2010,YR2010,IDA only,IDX,..
2010,YR2010,IDA total,IDA,..
2010,YR2010,Late-demographic dividend,LTE,1.75675593774416
2010,YR2010,Latin America & Caribbean,LCN,1.78601384261402
2010,YR2010,Latin America & Caribbean (excluding high income),LAC,1.78782824967052
2010,YR2010,Latin America & the Caribbean (IDA & IBRD countries),TLA,1.67369040593259
2010,YR2010,Least developed countries: UN classification,LDC,0.193144157429387
2010,YR2010,Low & middle income,LMY,1.07033711288617
2010,YR2010,Low income,LIC,0.335184137132967
2010,YR2010,Lower middle income,LMC,..
2010,YR2010,Middle East & North Africa,MEA,..
2010,YR2010,Middle East & North Africa (excluding high income),MNA,..
2010,YR2010,Middle East & North Africa (IDA & IBRD countries),TMN,..
2010,YR2010,Middle income,MIC,1.1717038290357
2010,YR2010,North America,NAC,..
2010,YR2010,Not classified,INX,..
2010,YR2010,OECD members,OED,2.73721140946565
2010,YR2010,Other small states,OSS,1.31626849174609
2010,YR2010,Pacific island small states,PSS,0.344344815006164
2010,YR2010,Post-demographic dividend,PST,3.17248661122641
2010,YR2010,Pre-demographic dividend,PRE,0.194553473793974
2010,YR2010,Small states,SST,1.128869324385
2010,YR2010,South Asia,SAS,..
2010,YR2010,South Asia (IDA & IBRD),TSA,..
2010,YR2010,Sub-Saharan Africa,SSF,0.152079010576567
2010,YR2010,Sub-Saharan Africa (excluding high income),SSA,0.151973678941591
2010,YR2010,Sub-Saharan Africa (IDA & IBRD countries),TSS,0.152079010576567
2010,YR2010,Upper middle income,UMC,1.46262364390018
2010,YR2010,World,WLD,1.49362042226407
2010,YR2010,Afghanistan,AFG,0.245
2010,YR2010,Albania,ALB,1.249
2010,YR2010,Algeria,DZA,..
2010,YR2010,American Samoa,ASM,..
2010,YR2010,Andorra,AND,..
2010,YR2010,Angola,AGO,..
2010,YR2010,Antigua and Barbuda,ATG,..
2010,YR2010,Argentina,ARG,..
2010,YR2010,Armenia,ARM,2.775
2010,YR2010,Aruba,ABW,..
2010,YR2010,Australia,AUS,3.364
2010,YR2010,Austria,AUT,4.829
2010,YR2010,Azerbaijan,AZE,3.582
2010,YR2010,"Bahamas, The",BHS,..
2010,YR2010,Bahrain,BHR,0.971
2010,YR2010,Bangladesh,BGD,0.362
2010,YR2010,Barbados,BRB,..
2010,YR2010,Belarus,BLR,..
2010,YR2010,Belgium,BEL,2.925
2010,YR2010,Belize,BLZ,..
2010,YR2010,Benin,BEN,0.054
2010,YR2010,Bermuda,BMU,..
2010,YR2010,Bhutan,BTN,..
2010,YR2010,Bolivia,BOL,0.431
2010,YR2010,Bosnia and Herzegovina,BIH,1.749
2010,YR2010,Botswana,BWA,0.392
2010,YR2010,Brazil,BRA,..
2010,YR2010,British Virgin Islands,VGB,..
2010,YR2010,Brunei Darussalam,BRN,1.421
2010,YR2010,Bulgaria,BGR,3.683
2010,YR2010,Burkina Faso,BFA,0.044
2010,YR2010,Burundi,BDI,0.046
2010,YR2010,Cabo Verde,CPV,0.56
2010,YR2010,Cambodia,KHM,0.229
2010,YR2010,Cameroon,CMR,0.086
2010,YR2010,Canada,CAN,2.0384
2010,YR2010,Cayman Islands,CYM,..
2010,YR2010,Central African Republic,CAF,..
2010,YR2010,Chad,TCD,..
2010,YR2010,Channel Islands,CHI,..
2010,YR2010,Chile,CHL,1.438
2010,YR2010,China,CHN,1.463
2010,YR2010,Colombia,COL,1.664
2010,YR2010,Comoros,COM,..
2010,YR2010,"Congo, Dem. Rep.",COD,..
2010,YR2010,"Congo, Rep.",COG,0.111
2010,YR2010,Costa Rica,CRI,2.283
2010,YR2010,Cote d'Ivoire,CIV,..
2010,YR2010,Croatia,HRV,2.816
2010,YR2010,Cuba,CUB,6.776
2010,YR2010,Curacao,CUW,..
2010,YR2010,Cyprus,CYP,2.124
2010,YR2010,Czechia,CZE,3.599
2010,YR2010,Denmark,DNK,3.724
2010,YR2010,Djibouti,DJI,..
2010,YR2010,Dominica,DMA,..
2010,YR2010,Dominican Republic,DOM,..
2010,YR2010,Ecuador,ECU,2.114
2010,YR2010,"Egypt, Arab Rep.",EGY,..
2010,YR2010,El Salvador,SLV,..
2010,YR2010,Equatorial Guinea,GNQ,..
2010,YR2010,Eritrea,ERI,0.041
2010,YR2010,Estonia,EST,3.244
2010,YR2010,Eswatini,SWZ,..
2010,YR2010,Ethiopia,ETH,..
2010,YR2010,Faroe Islands,FRO,..
2010,YR2010,Fiji,FJI,..
2010,YR2010,Finland,FIN,3.44
2010,YR2010,France,FRA,3.397
2010,YR2010,French Polynesia,PYF,..
2010,YR2010,Gabon,GAB,..
2010,YR2010,"Gambia, The",GMB,..
2010,YR2010,Georgia,GEO,4.751
2010,YR2010,Germany,DEU,3.734
2010,YR2010,Ghana,GHA,0.091
2010,YR2010,Gibraltar,GIB,..
2010,YR2010,Greece,GRC,5.803
2010,YR2010,Greenland,GRL,..
2010,YR2010,Grenada,GRD,..
2010,YR2010,Guam,GUM,..
2010,YR2010,Guatemala,GTM,..
2010,YR2010,Guinea,GIN,..
2010,YR2010,Guinea-Bissau,GNB,..
2010,YR2010,Guyana,GUY,0.689
2010,YR2010,Haiti,HTI,..
2010,YR2010,Honduras,HND,0.29
2010,YR2010,"Hong Kong SAR, China",HKG,..
2010,YR2010,Hungary,HUN,2.872
2010,YR2010,Iceland,ISL,3.588
2010,YR2010,India,IND,..
2010,YR2010,Indonesia,IDN,0.138
2010,YR2010,"Iran, Islamic Rep.",IRN,..
2010,YR2010,Iraq,IRQ,0.631
2010,YR2010,Ireland,IRL,4.16
2010,YR2010,Isle of Man,IMN,1.449
2010,YR2010,Israel,ISR,3.519
2010,YR2010,Italy,ITA,3.784
2010,YR2010,Jamaica,JAM,..
2010,YR2010,Japan,JPN,2.213
2010,YR2010,Jordan,JOR,2.339
2010,YR2010,Kazakhstan,KAZ,3.839
2010,YR2010,Kenya,KEN,0.172
2010,YR2010,Kiribati,KIR,0.38
2010,YR2010,"Korea, Dem. People's Rep.",PRK,..
2010,YR2010,"Korea, Rep.",KOR,2.014
2010,YR2010,Kosovo,XKX,..
2010,YR2010,Kuwait,KWT,2.47
2010,YR2010,Kyrgyz Republic,KGZ,2.313
2010,YR2010,Lao PDR,LAO,0.332
2010,YR2010,Latvia,LVA,3.101
2010,YR2010,Lebanon,LBN,2.319
2010,YR2010,Lesotho,LSO,0.068
2010,YR2010,Liberia,LBR,0.022
2010,YR2010,Libya,LBY,..
2010,YR2010,Liechtenstein,LIE,..
2010,YR2010,Lithuania,LTU,3.895
2010,YR2010,Luxembourg,LUX,2.773
2010,YR2010,"Macao SAR, China",MAC,..
2010,YR2010,Madagascar,MDG,0.19
2010,YR2010,Malawi,MWI,..
2010,YR2010,Malaysia,MYS,1.148
2010,YR2010,Maldives,MDV,1.452
2010,YR2010,Mali,MLI,0.099
2010,YR2010,Malta,MLT,2.13
2010,YR2010,Marshall Islands,MHL,0.599
2010,YR2010,Mauritania,MRT,0.16
2010,YR2010,Mauritius,MUS,1.169
2010,YR2010,Mexico,MEX,2.026
2010,YR2010,"Micronesia, Fed. Sts.",FSM,..
2010,YR2010,Moldova,MDA,2.645
2010,YR2010,Monaco,MCO,..
2010,YR2010,Mongolia,MNG,2.774
2010,YR2010,Montenegro,MNE,2.022
2010,YR2010,Morocco,MAR,..
2010,YR2010,Mozambique,MOZ,0.05
2010,YR2010,Myanmar,MMR,0.535
2010,YR2010,Namibia,NAM,..
2010,YR2010,Nauru,NRU,1.078
2010,YR2010,Nepal,NPL,..
2010,YR2010,Netherlands,NLD,2.963
2010,YR2010,New Caledonia,NCL,..
2010,YR2010,New Zealand,NZL,2.626
2010,YR2010,Nicaragua,NIC,0.724
2010,YR2010,Niger,NER,..
2010,YR2010,Nigeria,NGA,..
2010,YR2010,North Macedonia,MKD,2.646
2010,YR2010,Northern Mariana Islands,MNP,..
2010,YR2010,Norway,NOR,4.114
2010,YR2010,Oman,OMN,2.034
2010,YR2010,Pakistan,PAK,0.745
2010,YR2010,Palau,PLW,1.568
2010,YR2010,Panama,PAN,1.413
2010,YR2010,Papua New Guinea,PNG,0.05
2010,YR2010,Paraguay,PRY,..
2010,YR2010,Peru,PER,..
2010,YR2010,Philippines,PHL,1.263
2010,YR2010,Poland,POL,2.156
2010,YR2010,Portugal,PRT,3.979
2010,YR2010,Puerto Rico,PRI,..
2010,YR2010,Qatar,QAT,4.038
2010,YR2010,Romania,ROU,2.497
2010,YR2010,Russian Federation,RUS,4.997
2010,YR2010,Rwanda,RWA,0.055
2010,YR2010,Samoa,WSM,0.329
2010,YR2010,San Marino,SMR,..
2010,YR2010,Sao Tome and Principe,STP,..
2010,YR2010,Saudi Arabia,SAU,1.92
2010,YR2010,Senegal,SEN,..
2010,YR2010,Serbia,SRB,2.916
2010,YR2010,Seychelles,SYC,1.082
2010,YR2010,Sierra Leone,SLE,0.021
2010,YR2010,Singapore,SGP,1.749
2010,YR2010,Sint Maarten (Dutch part),SXM,..
2010,YR2010,Slovak Republic,SVK,3.356
2010,YR2010,Slovenia,SVN,2.42
2010,YR2010,Solomon Islands,SLB,..
2010,YR2010,Somalia,SOM,..
2010,YR2010,South Africa,ZAF,..
2010,YR2010,South Sudan,SSD,..
2010,YR2010,Spain,ESP,3.758
2010,YR2010,Sri Lanka,LKA,0.71
2010,YR2010,St. Kitts and Nevis,KNA,..
2010,YR2010,St. Lucia,LCA,1.679
2010,YR2010,St. Martin (French part),MAF,..
2010,YR2010,St. Vincent and the Grenadines,VCT,0.659
2010,YR2010,Sudan,SDN,..
2010,YR2010,Suriname,SUR,..
2010,YR2010,Sweden,SWE,3.807
2010,YR2010,Switzerland,CHE,3.81
2010,YR2010,Syrian Arab Republic,SYR,1.397
2010,YR2010,Tajikistan,TJK,1.677
2010,YR2010,Tanzania,TZA,..
2010,YR2010,Thailand,THA,0.384
2010,YR2010,Timor-Leste,TLS,0.079
2010,YR2010,Togo,TGO,0.0506
2010,YR2010,Tonga,TON,0.54
2010,YR2010,Trinidad and Tobago,TTO,1.703
2010,YR2010,Tunisia,TUN,1.193
2010,YR2010,Turkiye,TUR,1.687
2010,YR2010,Turkmenistan,TKM,2.196
2010,YR2010,Turks and Caicos Islands,TCA,..
2010,YR2010,Tuvalu,TUV,..
2010,YR2010,Uganda,UGA,..
2010,YR2010,Ukraine,UKR,3.491
2010,YR2010,United Arab Emirates,ARE,1.431
2010,YR2010,United Kingdom,GBR,2.656
2010,YR2010,United States,USA,..
2010,YR2010,Uruguay,URY,..
2010,YR2010,Uzbekistan,UZB,2.535
2010,YR2010,Vanuatu,VUT,..
2010,YR2010,"Venezuela, RB",VEN,..
2010,YR2010,Viet Nam,VNM,0.715
2010,YR2010,Virgin Islands (U.S.),VIR,..
2010,YR2010,West Bank and Gaza,PSE,..
2010,YR2010,"Yemen, Rep.",YEM,..
2010,YR2010,Zambia,ZMB,0.061
2010,YR2010,Zimbabwe,ZWE,0.126
2011,YR2011,Africa Eastern and Southern,AFE,..
2011,YR2011,Africa Western and Central,AFW,..
2011,YR2011,Arab World,ARB,..
2011,YR2011,Caribbean small states,CSS,..
2011,YR2011,Central Europe and the Baltics,CEB,..
2011,YR2011,Early-demographic dividend,EAR,..
2011,YR2011,East Asia & Pacific,EAS,..
2011,YR2011,East Asia & Pacific (excluding high income),EAP,..
2011,YR2011,East Asia & Pacific (IDA & IBRD countries),TEA,..
2011,YR2011,Euro area,EMU,..
2011,YR2011,Europe & Central Asia,ECS,..
2011,YR2011,Europe & Central Asia (excluding high income),ECA,..
2011,YR2011,Europe & Central Asia (IDA & IBRD countries),TEC,..
2011,YR2011,European Union,EUU,..
2011,YR2011,Fragile and conflict affected situations,FCS,..
2011,YR2011,Heavily indebted poor countries (HIPC),HPC,..
2011,YR2011,High income,HIC,..
2011,YR2011,IBRD only,IBD,..
2011,YR2011,IDA & IBRD total,IBT,..
2011,YR2011,IDA blend,IDB,..
2011,YR2011,IDA only,IDX,..
2011,YR2011,IDA total,IDA,..
2011,YR2011,Late-demographic dividend,LTE,..
2011,YR2011,Latin America & Caribbean,LCN,..
2011,YR2011,Latin America & Caribbean (excluding high income),LAC,..
2011,YR2011,Latin America & the Caribbean (IDA & IBRD countries),TLA,..
2011,YR2011,Least developed countries: UN classification,LDC,..
2011,YR2011,Low & middle income,LMY,..
2011,YR2011,Low income,LIC,..
2011,YR2011,Lower middle income,LMC,..
2011,YR2011,Middle East & North Africa,MEA,..
2011,YR2011,Middle East & North Africa (excluding high income),MNA,..
2011,YR2011,Middle East & North Africa (IDA & IBRD countries),TMN,..
2011,YR2011,Middle income,MIC,..
2011,YR2011,North America,NAC,..
2011,YR2011,Not classified,INX,..
2011,YR2011,OECD members,OED,..
2011,YR2011,Other small states,OSS,..
2011,YR2011,Pacific island small states,PSS,..
2011,YR2011,Post-demographic dividend,PST,..
2011,YR2011,Pre-demographic dividend,PRE,..
2011,YR2011,Small states,SST,..
2011,YR2011,South Asia,SAS,..
2011,YR2011,South Asia (IDA & IBRD),TSA,..
2011,YR2011,Sub-Saharan Africa,SSF,..
2011,YR2011,Sub-Saharan Africa (excluding high income),SSA,..
2011,YR2011,Sub-Saharan Africa (IDA & IBRD countries),TSS,..
2011,YR2011,Upper middle income,UMC,..
2011,YR2011,World,WLD,..
2011,YR2011,Afghanistan,AFG,0.259
2011,YR2011,Albania,ALB,1.234
2011,YR2011,Algeria,DZA,..
2011,YR2011,American Samoa,ASM,..
2011,YR2011,Andorra,AND,..
2011,YR2011,Angola,AGO,..
2011,YR2011,Antigua and Barbuda,ATG,..
2011,YR2011,Argentina,ARG,..
2011,YR2011,Armenia,ARM,2.816
2011,YR2011,Aruba,ABW,..
2011,YR2011,Australia,AUS,3.314
2011,YR2011,Austria,AUT,4.876
2011,YR2011,Azerbaijan,AZE,3.359
2011,YR2011,"Bahamas, The",BHS,2.196
2011,YR2011,Bahrain,BHR,0.997
2011,YR2011,Bangladesh,BGD,0.382
2011,YR2011,Barbados,BRB,..
2011,YR2011,Belarus,BLR,4.618
2011,YR2011,Belgium,BEL,2.938
2011,YR2011,Belize,BLZ,..
2011,YR2011,Benin,BEN,0.056
2011,YR2011,Bermuda,BMU,..
2011,YR2011,Bhutan,BTN,..
2011,YR2011,Bolivia,BOL,0.459
2011,YR2011,Bosnia and Herzegovina,BIH,1.838
2011,YR2011,Botswana,BWA,0.384
2011,YR2011,Brazil,BRA,1.843
2011,YR2011,British Virgin Islands,VGB,..
2011,YR2011,Brunei Darussalam,BRN,1.514
2011,YR2011,Bulgaria,BGR,3.763
2011,YR2011,Burkina Faso,BFA,0.037
2011,YR2011,Burundi,BDI,0.038
2011,YR2011,Cabo Verde,CPV,0.554
2011,YR2011,Cambodia,KHM,0.226
2011,YR2011,Cameroon,CMR,0.09
2011,YR2011,Canada,CAN,..
2011,YR2011,Cayman Islands,CYM,..
2011,YR2011,Central African Republic,CAF,..
2011,YR2011,Chad,TCD,..
2011,YR2011,Channel Islands,CHI,..
2011,YR2011,Chile,CHL,1.591
2011,YR2011,China,CHN,1.489
2011,YR2011,Colombia,COL,1.726
2011,YR2011,Comoros,COM,..
2011,YR2011,"Congo, Dem. Rep.",COD,..
2011,YR2011,"Congo, Rep.",COG,0.158
2011,YR2011,Costa Rica,CRI,2.348
2011,YR2011,Cote d'Ivoire,CIV,0.149
2011,YR2011,Croatia,HRV,2.87
2011,YR2011,Cuba,CUB,6.959
2011,YR2011,Curacao,CUW,..
2011,YR2011,Cyprus,CYP,2.209
2011,YR2011,Czechia,CZE,3.637
2011,YR2011,Denmark,DNK,3.785
2011,YR2011,Djibouti,DJI,..
2011,YR2011,Dominica,DMA,..
2011,YR2011,Dominican Republic,DOM,1.513
2011,YR2011,Ecuador,ECU,1.659
2011,YR2011,"Egypt, Arab Rep.",EGY,..
2011,YR2011,El Salvador,SLV,..
2011,YR2011,Equatorial Guinea,GNQ,..
2011,YR2011,Eritrea,ERI,0.042
2011,YR2011,Estonia,EST,3.294
2011,YR2011,Eswatini,SWZ,0.099
2011,YR2011,Ethiopia,ETH,..
2011,YR2011,Faroe Islands,FRO,..
2011,YR2011,Fiji,FJI,..
2011,YR2011,Finland,FIN,3.543
2011,YR2011,France,FRA,3.172
2011,YR2011,French Polynesia,PYF,..
2011,YR2011,Gabon,GAB,..
2011,YR2011,"Gambia, The",GMB,..
2011,YR2011,Georgia,GEO,4.806
2011,YR2011,Germany,DEU,3.822
2011,YR2011,Ghana,GHA,0.095
2011,YR2011,Gibraltar,GIB,..
2011,YR2011,Greece,GRC,5.829
2011,YR2011,Greenland,GRL,..
2011,YR2011,Grenada,GRD,..
2011,YR2011,Guam,GUM,..
2011,YR2011,Guatemala,GTM,..
2011,YR2011,Guinea,GIN,..
2011,YR2011,Guinea-Bissau,GNB,0.062
2011,YR2011,Guyana,GUY,..
2011,YR2011,Haiti,HTI,0.14
2011,YR2011,Honduras,HND,..
2011,YR2011,"Hong Kong SAR, China",HKG,..
2011,YR2011,Hungary,HUN,2.964
2011,YR2011,Iceland,ISL,3.501
2011,YR2011,India,IND,..
2011,YR2011,Indonesia,IDN,..
2011,YR2011,"Iran, Islamic Rep.",IRN,..
2011,YR2011,Iraq,IRQ,..
2011,YR2011,Ireland,IRL,4.136
2011,YR2011,Isle of Man,IMN,..
2011,YR2011,Israel,ISR,3.525
2011,YR2011,Italy,ITA,3.856
2011,YR2011,Jamaica,JAM,..
2011,YR2011,Japan,JPN,..
2011,YR2011,Jordan,JOR,..
2011,YR2011,Kazakhstan,KAZ,3.861
2011,YR2011,Kenya,KEN,0.177
2011,YR2011,Kiribati,KIR,0.137
2011,YR2011,"Korea, Dem. People's Rep.",PRK,..
2011,YR2011,"Korea, Rep.",KOR,2.062
2011,YR2011,Kosovo,XKX,..
2011,YR2011,Kuwait,KWT,2.475
2011,YR2011,Kyrgyz Republic,KGZ,2.272
2011,YR2011,Lao PDR,LAO,..
2011,YR2011,Latvia,LVA,3.108
2011,YR2011,Lebanon,LBN,2.702
2011,YR2011,Lesotho,LSO,..
2011,YR2011,Liberia,LBR,..
2011,YR2011,Libya,LBY,..
2011,YR2011,Liechtenstein,LIE,..
2011,YR2011,Lithuania,LTU,4.003
2011,YR2011,Luxembourg,LUX,2.767
2011,YR2011,"Macao SAR, China",MAC,..
2011,YR2011,Madagascar,MDG,0.14
2011,YR2011,Malawi,MWI,..
2011,YR2011,Malaysia,MYS,1.254
2011,YR2011,Maldives,MDV,..
2011,YR2011,Mali,MLI,0.114
2011,YR2011,Malta,MLT,2.207
2011,YR2011,Marshall Islands,MHL,0.623
2011,YR2011,Mauritania,MRT,..
2011,YR2011,Mauritius,MUS,1.407
2011,YR2011,Mexico,MEX,2.129
2011,YR2011,"Micronesia, Fed. Sts.",FSM,..
2011,YR2011,Moldova,MDA,2.739
2011,YR2011,Monaco,MCO,6.814
2011,YR2011,Mongolia,MNG,2.895
2011,YR2011,Montenegro,MNE,1.993
2011,YR2011,Morocco,MAR,..
2011,YR2011,Mozambique,MOZ,0.053
2011,YR2011,Myanmar,MMR,0.564
2011,YR2011,Namibia,NAM,..
2011,YR2011,Nauru,NRU,1.359
2011,YR2011,Nepal,NPL,..
2011,YR2011,Netherlands,NLD,3.131
2011,YR2011,New Caledonia,NCL,..
2011,YR2011,New Zealand,NZL,2.655
2011,YR2011,Nicaragua,NIC,0.808
2011,YR2011,Niger,NER,..
2011,YR2011,Nigeria,NGA,..
2011,YR2011,North Macedonia,MKD,2.694
2011,YR2011,Northern Mariana Islands,MNP,..
2011,YR2011,Norway,NOR,4.188
2011,YR2011,Oman,OMN,1.973
2011,YR2011,Pakistan,PAK,0.767
2011,YR2011,Palau,PLW,..
2011,YR2011,Panama,PAN,1.505
2011,YR2011,Papua New Guinea,PNG,..
2011,YR2011,Paraguay,PRY,..
2011,YR2011,Peru,PER,..
2011,YR2011,Philippines,PHL,..
2011,YR2011,Poland,POL,2.181
2011,YR2011,Portugal,PRT,4.12
2011,YR2011,Puerto Rico,PRI,..
2011,YR2011,Qatar,QAT,..
2011,YR2011,Romania,ROU,2.53
2011,YR2011,Russian Federation,RUS,4.24
2011,YR2011,Rwanda,RWA,0.0129
2011,YR2011,Samoa,WSM,..
2011,YR2011,San Marino,SMR,4.769
2011,YR2011,Sao Tome and Principe,STP,..
2011,YR2011,Saudi Arabia,SAU,1.966
2011,YR2011,Senegal,SEN,..
2011,YR2011,Serbia,SRB,2.941
2011,YR2011,Seychelles,SYC,1.141
2011,YR2011,Sierra Leone,SLE,0.025
2011,YR2011,Singapore,SGP,1.826
2011,YR2011,Sint Maarten (Dutch part),SXM,..
2011,YR2011,Slovak Republic,SVK,3.304
2011,YR2011,Slovenia,SVN,2.479
2011,YR2011,Solomon Islands,SLB,0.197
2011,YR2011,Somalia,SOM,..
2011,YR2011,South Africa,ZAF,..
2011,YR2011,South Sudan,SSD,..
2011,YR2011,Spain,ESP,3.836
2011,YR2011,Sri Lanka,LKA,0.723
2011,YR2011,St. Kitts and Nevis,KNA,..
2011,YR2011,St. Lucia,LCA,1.842
2011,YR2011,St. Martin (French part),MAF,..
2011,YR2011,St. Vincent and the Grenadines,VCT,..
2011,YR2011,Sudan,SDN,..
2011,YR2011,Suriname,SUR,..
2011,YR2011,Sweden,SWE,3.882
2011,YR2011,Switzerland,CHE,3.834
2011,YR2011,Syrian Arab Republic,SYR,..
2011,YR2011,Tajikistan,TJK,1.702
2011,YR2011,Tanzania,TZA,..
2011,YR2011,Thailand,THA,..
2011,YR2011,Timor-Leste,TLS,0.078
2011,YR2011,Togo,TGO,..
2011,YR2011,Tonga,TON,..
2011,YR2011,Trinidad and Tobago,TTO,1.712
2011,YR2011,Tunisia,TUN,..
2011,YR2011,Turkiye,TUR,1.699
2011,YR2011,Turkmenistan,TKM,2.205
2011,YR2011,Turks and Caicos Islands,TCA,..
2011,YR2011,Tuvalu,TUV,..
2011,YR2011,Uganda,UGA,..
2011,YR2011,Ukraine,UKR,3.492
2011,YR2011,United Arab Emirates,ARE,1.499
2011,YR2011,United Kingdom,GBR,2.691
2011,YR2011,United States,USA,..
2011,YR2011,Uruguay,URY,..
2011,YR2011,Uzbekistan,UZB,2.497
2011,YR2011,Vanuatu,VUT,..
2011,YR2011,"Venezuela, RB",VEN,..
2011,YR2011,Viet Nam,VNM,..
2011,YR2011,Virgin Islands (U.S.),VIR,..
2011,YR2011,West Bank and Gaza,PSE,..
2011,YR2011,"Yemen, Rep.",YEM,..
2011,YR2011,Zambia,ZMB,..
2011,YR2011,Zimbabwe,ZWE,0.081
2012,YR2012,Africa Eastern and Southern,AFE,..
2012,YR2012,Africa Western and Central,AFW,..
2012,YR2012,Arab World,ARB,..
2012,YR2012,Caribbean small states,CSS,..
2012,YR2012,Central Europe and the Baltics,CEB,..
2012,YR2012,Early-demographic dividend,EAR,..
2012,YR2012,East Asia & Pacific,EAS,..
2012,YR2012,East Asia & Pacific (excluding high income),EAP,..
2012,YR2012,East Asia & Pacific (IDA & IBRD countries),TEA,..
2012,YR2012,Euro area,EMU,..
2012,YR2012,Europe & Central Asia,ECS,..
2012,YR2012,Europe & Central Asia (excluding high income),ECA,..
2012,YR2012,Europe & Central Asia (IDA & IBRD countries),TEC,..
2012,YR2012,European Union,EUU,..
2012,YR2012,Fragile and conflict affected situations,FCS,..
2012,YR2012,Heavily indebted poor countries (HIPC),HPC,..
2012,YR2012,High income,HIC,..
2012,YR2012,IBRD only,IBD,..
2012,YR2012,IDA & IBRD total,IBT,..
2012,YR2012,IDA blend,IDB,..
2012,YR2012,IDA only,IDX,..
2012,YR2012,IDA total,IDA,..
2012,YR2012,Late-demographic dividend,LTE,..
2012,YR2012,Latin America & Caribbean,LCN,..
2012,YR2012,Latin America & Caribbean (excluding high income),LAC,..
2012,YR2012,Latin America & the Caribbean (IDA & IBRD countries),TLA,..
2012,YR2012,Least developed countries: UN classification,LDC,..
2012,YR2012,Low & middle income,LMY,..
2012,YR2012,Low income,LIC,..
2012,YR2012,Lower middle income,LMC,..
2012,YR2012,Middle East & North Africa,MEA,..
2012,YR2012,Middle East & North Africa (excluding high income),MNA,..
2012,YR2012,Middle East & North Africa (IDA & IBRD countries),TMN,..
2012,YR2012,Middle income,MIC,..
2012,YR2012,North America,NAC,..
2012,YR2012,Not classified,INX,..
2012,YR2012,OECD members,OED,..
2012,YR2012,Other small states,OSS,..
2012,YR2012,Pacific island small states,PSS,..
2012,YR2012,Post-demographic dividend,PST,..
2012,YR2012,Pre-demographic dividend,PRE,..
2012,YR2012,Small states,SST,..
2012,YR2012,South Asia,SAS,..
2012,YR2012,South Asia (IDA & IBRD),TSA,..
2012,YR2012,Sub-Saharan Africa,SSF,..
2012,YR2012,Sub-Saharan Africa (excluding high income),SSA,..
2012,YR2012,Sub-Saharan Africa (IDA & IBRD countries),TSS,..
2012,YR2012,Upper middle income,UMC,..
2012,YR2012,World,WLD,..
2012,YR2012,Afghanistan,AFG,0.247
2012,YR2012,Albania,ALB,1.278
2012,YR2012,Algeria,DZA,..
2012,YR2012,American Samoa,ASM,..
2012,YR2012,Andorra,AND,..
2012,YR2012,Angola,AGO,..
2012,YR2012,Antigua and Barbuda,ATG,..
2012,YR2012,Argentina,ARG,..
2012,YR2012,Armenia,ARM,2.867
2012,YR2012,Aruba,ABW,..
2012,YR2012,Australia,AUS,3.311
2012,YR2012,Austria,AUT,4.928
2012,YR2012,Azerbaijan,AZE,3.409
2012,YR2012,"Bahamas, The",BHS,..
2012,YR2012,Bahrain,BHR,1.016
2012,YR2012,Bangladesh,BGD,0.397
2012,YR2012,Barbados,BRB,..
2012,YR2012,Belarus,BLR,4.697
2012,YR2012,Belgium,BEL,2.954
2012,YR2012,Belize,BLZ,1.148
2012,YR2012,Benin,BEN,..
2012,YR2012,Bermuda,BMU,..
2012,YR2012,Bhutan,BTN,0.269
2012,YR2012,Bolivia,BOL,..
2012,YR2012,Bosnia and Herzegovina,BIH,1.912
2012,YR2012,Botswana,BWA,0.377
2012,YR2012,Brazil,BRA,..
2012,YR2012,British Virgin Islands,VGB,..
2012,YR2012,Brunei Darussalam,BRN,1.466
2012,YR2012,Bulgaria,BGR,3.819
2012,YR2012,Burkina Faso,BFA,0.046
2012,YR2012,Burundi,BDI,0.051
2012,YR2012,Cabo Verde,CPV,0.487
2012,YR2012,Cambodia,KHM,0.165
2012,YR2012,Cameroon,CMR,..
2012,YR2012,Canada,CAN,2.3962
2012,YR2012,Cayman Islands,CYM,..
2012,YR2012,Central African Republic,CAF,..
2012,YR2012,Chad,TCD,0.041
2012,YR2012,Channel Islands,CHI,..
2012,YR2012,Chile,CHL,1.753
2012,YR2012,China,CHN,1.565
2012,YR2012,Colombia,COL,1.785
2012,YR2012,Comoros,COM,0.18
2012,YR2012,"Congo, Dem. Rep.",COD,..
2012,YR2012,"Congo, Rep.",COG,..
2012,YR2012,Costa Rica,CRI,2.433
2012,YR2012,Cote d'Ivoire,CIV,..
2012,YR2012,Croatia,HRV,2.949
2012,YR2012,Cuba,CUB,7.256
2012,YR2012,Curacao,CUW,..
2012,YR2012,Cyprus,CYP,2.253
2012,YR2012,Czechia,CZE,3.675
2012,YR2012,Denmark,DNK,3.831
2012,YR2012,Djibouti,DJI,..
2012,YR2012,Dominica,DMA,..
2012,YR2012,Dominican Republic,DOM,..
2012,YR2012,Ecuador,ECU,..
2012,YR2012,"Egypt, Arab Rep.",EGY,..
2012,YR2012,El Salvador,SLV,..
2012,YR2012,Equatorial Guinea,GNQ,..
2012,YR2012,Eritrea,ERI,0.047
2012,YR2012,Estonia,EST,3.283
2012,YR2012,Eswatini,SWZ,..
2012,YR2012,Ethiopia,ETH,..
2012,YR2012,Faroe Islands,FRO,..
2012,YR2012,Fiji,FJI,..
2012,YR2012,Finland,FIN,3.556
2012,YR2012,France,FRA,3.188
2012,YR2012,French Polynesia,PYF,..
2012,YR2012,Gabon,GAB,..
2012,YR2012,"Gambia, The",GMB,..
2012,YR2012,Georgia,GEO,4.793
2012,YR2012,Germany,DEU,3.892
2012,YR2012,Ghana,GHA,0.093
2012,YR2012,Gibraltar,GIB,..
2012,YR2012,Greece,GRC,5.823
2012,YR2012,Greenland,GRL,..
2012,YR2012,Grenada,GRD,..
2012,YR2012,Guam,GUM,..
2012,YR2012,Guatemala,GTM,..
2012,YR2012,Guinea,GIN,..
2012,YR2012,Guinea-Bissau,GNB,..
2012,YR2012,Guyana,GUY,..
2012,YR2012,Haiti,HTI,..
2012,YR2012,Honduras,HND,..
2012,YR2012,"Hong Kong SAR, China",HKG,..
2012,YR2012,Hungary,HUN,3.088
2012,YR2012,Iceland,ISL,3.558
2012,YR2012,India,IND,..
2012,YR2012,Indonesia,IDN,0.199
2012,YR2012,"Iran, Islamic Rep.",IRN,..
2012,YR2012,Iraq,IRQ,..
2012,YR2012,Ireland,IRL,3.98
2012,YR2012,Isle of Man,IMN,..
2012,YR2012,Israel,ISR,3.51
2012,YR2012,Italy,ITA,3.832
2012,YR2012,Jamaica,JAM,0.365
2012,YR2012,Japan,JPN,2.284
2012,YR2012,Jordan,JOR,..
2012,YR2012,Kazakhstan,KAZ,3.831
2012,YR2012,Kenya,KEN,0.185
2012,YR2012,Kiribati,KIR,..
2012,YR2012,"Korea, Dem. People's Rep.",PRK,3.434
2012,YR2012,"Korea, Rep.",KOR,2.098
2012,YR2012,Kosovo,XKX,..
2012,YR2012,Kuwait,KWT,2.433
2012,YR2012,Kyrgyz Republic,KGZ,2.258
2012,YR2012,Lao PDR,LAO,0.321
2012,YR2012,Latvia,LVA,3.115
2012,YR2012,Lebanon,LBN,..
2012,YR2012,Lesotho,LSO,..
2012,YR2012,Liberia,LBR,..
2012,YR2012,Libya,LBY,..
2012,YR2012,Liechtenstein,LIE,..
2012,YR2012,Lithuania,LTU,4.115
2012,YR2012,Luxembourg,LUX,2.806
2012,YR2012,"Macao SAR, China",MAC,..
2012,YR2012,Madagascar,MDG,0.139
2012,YR2012,Malawi,MWI,..
2012,YR2012,Malaysia,MYS,1.305
2012,YR2012,Maldives,MDV,..
2012,YR2012,Mali,MLI,0.103
2012,YR2012,Malta,MLT,2.312
2012,YR2012,Marshall Islands,MHL,0.46
2012,YR2012,Mauritania,MRT,..
2012,YR2012,Mauritius,MUS,1.336
2012,YR2012,Mexico,MEX,2.14
2012,YR2012,"Micronesia, Fed. Sts.",FSM,0.665
2012,YR2012,Moldova,MDA,2.805
2012,YR2012,Monaco,MCO,6.772
2012,YR2012,Mongolia,MNG,3.079
2012,YR2012,Montenegro,MNE,2.016
2012,YR2012,Morocco,MAR,..
2012,YR2012,Mozambique,MOZ,0.056
2012,YR2012,Myanmar,MMR,0.594
2012,YR2012,Namibia,NAM,..
2012,YR2012,Nauru,NRU,..
2012,YR2012,Nepal,NPL,0.51
2012,YR2012,Netherlands,NLD,3.248
2012,YR2012,New Caledonia,NCL,..
2012,YR2012,New Zealand,NZL,2.714
2012,YR2012,Nicaragua,NIC,0.854
2012,YR2012,Niger,NER,0.053
2012,YR2012,Nigeria,NGA,..
2012,YR2012,North Macedonia,MKD,2.741
2012,YR2012,Northern Mariana Islands,MNP,..
2012,YR2012,Norway,NOR,4.231
2012,YR2012,Oman,OMN,1.995
2012,YR2012,Pakistan,PAK,0.796
2012,YR2012,Palau,PLW,..
2012,YR2012,Panama,PAN,1.605
2012,YR2012,Papua New Guinea,PNG,..
2012,YR2012,Paraguay,PRY,1.385
2012,YR2012,Peru,PER,1.132
2012,YR2012,Philippines,PHL,..
2012,YR2012,Poland,POL,2.201
2012,YR2012,Portugal,PRT,4.238
2012,YR2012,Puerto Rico,PRI,..
2012,YR2012,Qatar,QAT,..
2012,YR2012,Romania,ROU,2.6
2012,YR2012,Russian Federation,RUS,4.022
2012,YR2012,Rwanda,RWA,..
2012,YR2012,Samoa,WSM,..
2012,YR2012,San Marino,SMR,4.955
2012,YR2012,Sao Tome and Principe,STP,..
2012,YR2012,Saudi Arabia,SAU,1.996
2012,YR2012,Senegal,SEN,..
2012,YR2012,Serbia,SRB,2.94
2012,YR2012,Seychelles,SYC,0.976
2012,YR2012,Sierra Leone,SLE,..
2012,YR2012,Singapore,SGP,1.9
2012,YR2012,Sint Maarten (Dutch part),SXM,..
2012,YR2012,Slovak Republic,SVK,3.363
2012,YR2012,Slovenia,SVN,2.526
2012,YR2012,Solomon Islands,SLB,0.152
2012,YR2012,Somalia,SOM,..
2012,YR2012,South Africa,ZAF,..
2012,YR2012,South Sudan,SSD,..
2012,YR2012,Spain,ESP,3.825
2012,YR2012,Sri Lanka,LKA,0.747
2012,YR2012,St. Kitts and Nevis,KNA,..
2012,YR2012,St. Lucia,LCA,2.184
2012,YR2012,St. Martin (French part),MAF,..
2012,YR2012,St. Vincent and the Grenadines,VCT,0.944
2012,YR2012,Sudan,SDN,..
2012,YR2012,Suriname,SUR,..
2012,YR2012,Sweden,SWE,3.954
2012,YR2012,Switzerland,CHE,3.916
2012,YR2012,Syrian Arab Republic,SYR,..
2012,YR2012,Tajikistan,TJK,1.709
2012,YR2012,Tanzania,TZA,0.031
2012,YR2012,Thailand,THA,..
2012,YR2012,Timor-Leste,TLS,..
2012,YR2012,Togo,TGO,..
2012,YR2012,Tonga,TON,..
2012,YR2012,Trinidad and Tobago,TTO,..
2012,YR2012,Tunisia,TUN,..
2012,YR2012,Turkiye,TUR,1.724
2012,YR2012,Turkmenistan,TKM,2.159
2012,YR2012,Turks and Caicos Islands,TCA,..
2012,YR2012,Tuvalu,TUV,..
2012,YR2012,Uganda,UGA,0.098
2012,YR2012,Ukraine,UKR,3.495
2012,YR2012,United Arab Emirates,ARE,1.558
2012,YR2012,United Kingdom,GBR,2.697
2012,YR2012,United States,USA,..
2012,YR2012,Uruguay,URY,..
2012,YR2012,Uzbekistan,UZB,2.441
2012,YR2012,Vanuatu,VUT,0.179
2012,YR2012,"Venezuela, RB",VEN,..
2012,YR2012,Viet Nam,VNM,0.826
2012,YR2012,Virgin Islands (U.S.),VIR,..
2012,YR2012,West Bank and Gaza,PSE,..
2012,YR2012,"Yemen, Rep.",YEM,..
2012,YR2012,Zambia,ZMB,..
2012,YR2012,Zimbabwe,ZWE,0.08
2013,YR2013,Africa Eastern and Southern,AFE,..
2013,YR2013,Africa Western and Central,AFW,..
2013,YR2013,Arab World,ARB,..
2013,YR2013,Caribbean small states,CSS,..
2013,YR2013,Central Europe and the Baltics,CEB,..
2013,YR2013,Early-demographic dividend,EAR,..
2013,YR2013,East Asia & Pacific,EAS,..
2013,YR2013,East Asia & Pacific (excluding high income),EAP,..
2013,YR2013,East Asia & Pacific (IDA & IBRD countries),TEA,..
2013,YR2013,Euro area,EMU,..
2013,YR2013,Europe & Central Asia,ECS,..
2013,YR2013,Europe & Central Asia (excluding high income),ECA,..
2013,YR2013,Europe & Central Asia (IDA & IBRD countries),TEC,..
2013,YR2013,European Union,EUU,..
2013,YR2013,Fragile and conflict affected situations,FCS,..
2013,YR2013,Heavily indebted poor countries (HIPC),HPC,..
2013,YR2013,High income,HIC,..
2013,YR2013,IBRD only,IBD,..
2013,YR2013,IDA & IBRD total,IBT,..
2013,YR2013,IDA blend,IDB,..
2013,YR2013,IDA only,IDX,..
2013,YR2013,IDA total,IDA,..
2013,YR2013,Late-demographic dividend,LTE,..
2013,YR2013,Latin America & Caribbean,LCN,..
2013,YR2013,Latin America & Caribbean (excluding high income),LAC,..
2013,YR2013,Latin America & the Caribbean (IDA & IBRD countries),TLA,..
2013,YR2013,Least developed countries: UN classification,LDC,..
2013,YR2013,Low & middle income,LMY,..
2013,YR2013,Low income,LIC,..
2013,YR2013,Lower middle income,LMC,..
2013,YR2013,Middle East & North Africa,MEA,..
2013,YR2013,Middle East & North Africa (excluding high income),MNA,..
2013,YR2013,Middle East & North Africa (IDA & IBRD countries),TMN,..
2013,YR2013,Middle income,MIC,..
2013,YR2013,North America,NAC,..
2013,YR2013,Not classified,INX,..
2013,YR2013,OECD members,OED,..
2013,YR2013,Other small states,OSS,..
2013,YR2013,Pacific island small states,PSS,..
2013,YR2013,Post-demographic dividend,PST,..
2013,YR2013,Pre-demographic dividend,PRE,..
2013,YR2013,Small states,SST,..
2013,YR2013,South Asia,SAS,..
2013,YR2013,South Asia (IDA & IBRD),TSA,..
2013,YR2013,Sub-Saharan Africa,SSF,..
2013,YR2013,Sub-Saharan Africa (excluding high income),SSA,..
2013,YR2013,Sub-Saharan Africa (IDA & IBRD countries),TSS,..
2013,YR2013,Upper middle income,UMC,..
2013,YR2013,World,WLD,..
2013,YR2013,Afghanistan,AFG,0.291
2013,YR2013,Albania,ALB,1.285
2013,YR2013,Algeria,DZA,..
2013,YR2013,American Samoa,ASM,..
2013,YR2013,Andorra,AND,..
2013,YR2013,Angola,AGO,..
2013,YR2013,Antigua and Barbuda,ATG,..
2013,YR2013,Argentina,ARG,3.9385
2013,YR2013,Armenia,ARM,2.899
2013,YR2013,Aruba,ABW,..
2013,YR2013,Australia,AUS,3.374
2013,YR2013,Austria,AUT,5.019
2013,YR2013,Azerbaijan,AZE,3.373
2013,YR2013,"Bahamas, The",BHS,..
2013,YR2013,Bahrain,BHR,0.994
2013,YR2013,Bangladesh,BGD,0.418
2013,YR2013,Barbados,BRB,..
2013,YR2013,Belarus,BLR,4.719
2013,YR2013,Belgium,BEL,2.972
2013,YR2013,Belize,BLZ,..
2013,YR2013,Benin,BEN,..
2013,YR2013,Bermuda,BMU,..
2013,YR2013,Bhutan,BTN,0.279
2013,YR2013,Bolivia,BOL,..
2013,YR2013,Bosnia and Herzegovina,BIH,1.993
2013,YR2013,Botswana,BWA,..
2013,YR2013,Brazil,BRA,1.876
2013,YR2013,British Virgin Islands,VGB,..
2013,YR2013,Brunei Darussalam,BRN,1.593
2013,YR2013,Bulgaria,BGR,3.888
2013,YR2013,Burkina Faso,BFA,0.046
2013,YR2013,Burundi,BDI,0.055
2013,YR2013,Cabo Verde,CPV,0.571
2013,YR2013,Cambodia,KHM,..
2013,YR2013,Cameroon,CMR,..
2013,YR2013,Canada,CAN,2.4509
2013,YR2013,Cayman Islands,CYM,..
2013,YR2013,Central African Republic,CAF,..
2013,YR2013,Chad,TCD,0.043
2013,YR2013,Channel Islands,CHI,..
2013,YR2013,Chile,CHL,1.887
2013,YR2013,China,CHN,1.661
2013,YR2013,Colombia,COL,1.853
2013,YR2013,Comoros,COM,..
2013,YR2013,"Congo, Dem. Rep.",COD,0.087
2013,YR2013,"Congo, Rep.",COG,..
2013,YR2013,Costa Rica,CRI,2.516
2013,YR2013,Cote d'Ivoire,CIV,..
2013,YR2013,Croatia,HRV,2.995
2013,YR2013,Cuba,CUB,7.393
2013,YR2013,Curacao,CUW,..
2013,YR2013,Cyprus,CYP,2.36
2013,YR2013,Czechia,CZE,3.688
2013,YR2013,Denmark,DNK,3.842
2013,YR2013,Djibouti,DJI,..
2013,YR2013,Dominica,DMA,..
2013,YR2013,Dominican Republic,DOM,..
2013,YR2013,Ecuador,ECU,..
2013,YR2013,"Egypt, Arab Rep.",EGY,..
2013,YR2013,El Salvador,SLV,..
2013,YR2013,Equatorial Guinea,GNQ,..
2013,YR2013,Eritrea,ERI,0.052
2013,YR2013,Estonia,EST,3.335
2013,YR2013,Eswatini,SWZ,..
2013,YR2013,Ethiopia,ETH,..
2013,YR2013,Faroe Islands,FRO,..
2013,YR2013,Fiji,FJI,0.773
2013,YR2013,Finland,FIN,3.387
2013,YR2013,France,FRA,3.209
2013,YR2013,French Polynesia,PYF,..
2013,YR2013,Gabon,GAB,..
2013,YR2013,"Gambia, The",GMB,..
2013,YR2013,Georgia,GEO,4.828
2013,YR2013,Germany,DEU,3.984
2013,YR2013,Ghana,GHA,0.099
2013,YR2013,Gibraltar,GIB,..
2013,YR2013,Greece,GRC,5.84
2013,YR2013,Greenland,GRL,..
2013,YR2013,Grenada,GRD,..
2013,YR2013,Guam,GUM,..
2013,YR2013,Guatemala,GTM,..
2013,YR2013,Guinea,GIN,..
2013,YR2013,Guinea-Bissau,GNB,..
2013,YR2013,Guyana,GUY,..
2013,YR2013,Haiti,HTI,0.233
2013,YR2013,Honduras,HND,..
2013,YR2013,"Hong Kong SAR, China",HKG,..
2013,YR2013,Hungary,HUN,3.209
2013,YR2013,Iceland,ISL,3.605
2013,YR2013,India,IND,..
2013,YR2013,Indonesia,IDN,..
2013,YR2013,"Iran, Islamic Rep.",IRN,..
2013,YR2013,Iraq,IRQ,..
2013,YR2013,Ireland,IRL,3.958
2013,YR2013,Isle of Man,IMN,..
2013,YR2013,Israel,ISR,3.483
2013,YR2013,Italy,ITA,3.895
2013,YR2013,Jamaica,JAM,0.482
2013,YR2013,Japan,JPN,..
2013,YR2013,Jordan,JOR,2.43
2013,YR2013,Kazakhstan,KAZ,3.878
2013,YR2013,Kenya,KEN,0.194
2013,YR2013,Kiribati,KIR,0.194
2013,YR2013,"Korea, Dem. People's Rep.",PRK,..
2013,YR2013,"Korea, Rep.",KOR,2.174
2013,YR2013,Kosovo,XKX,..
2013,YR2013,Kuwait,KWT,2.45
2013,YR2013,Kyrgyz Republic,KGZ,2.266
2013,YR2013,Lao PDR,LAO,0.326
2013,YR2013,Latvia,LVA,3.162
2013,YR2013,Lebanon,LBN,2.341
2013,YR2013,Lesotho,LSO,..
2013,YR2013,Liberia,LBR,..
2013,YR2013,Libya,LBY,..
2013,YR2013,Liechtenstein,LIE,..
2013,YR2013,Lithuania,LTU,4.177
2013,YR2013,Luxembourg,LUX,2.83
2013,YR2013,"Macao SAR, China",MAC,..
2013,YR2013,Madagascar,MDG,0.149
2013,YR2013,Malawi,MWI,0.013
2013,YR2013,Malaysia,MYS,1.557
2013,YR2013,Maldives,MDV,..
2013,YR2013,Mali,MLI,0.116
2013,YR2013,Malta,MLT,2.395
2013,YR2013,Marshall Islands,MHL,..
2013,YR2013,Mauritania,MRT,..
2013,YR2013,Mauritius,MUS,1.585
2013,YR2013,Mexico,MEX,2.184
2013,YR2013,"Micronesia, Fed. Sts.",FSM,..
2013,YR2013,Moldova,MDA,2.985
2013,YR2013,Monaco,MCO,8.107
2013,YR2013,Mongolia,MNG,3.132
2013,YR2013,Montenegro,MNE,2.127
2013,YR2013,Morocco,MAR,0.63
2013,YR2013,Mozambique,MOZ,0.058
2013,YR2013,Myanmar,MMR,..
2013,YR2013,Namibia,NAM,..
2013,YR2013,Nauru,NRU,..
2013,YR2013,Nepal,NPL,0.554
2013,YR2013,Netherlands,NLD,3.301
2013,YR2013,New Caledonia,NCL,..
2013,YR2013,New Zealand,NZL,2.824
2013,YR2013,Nicaragua,NIC,0.89
2013,YR2013,Niger,NER,0.051
2013,YR2013,Nigeria,NGA,0.376
2013,YR2013,North Macedonia,MKD,2.761
2013,YR2013,Northern Mariana Islands,MNP,..
2013,YR2013,Norway,NOR,4.305
2013,YR2013,Oman,OMN,2.01
2013,YR2013,Pakistan,PAK,0.817
2013,YR2013,Palau,PLW,..
2013,YR2013,Panama,PAN,1.588
2013,YR2013,Papua New Guinea,PNG,..
2013,YR2013,Paraguay,PRY,..
2013,YR2013,Peru,PER,..
2013,YR2013,Philippines,PHL,..
2013,YR2013,Poland,POL,2.208
2013,YR2013,Portugal,PRT,4.397
2013,YR2013,Puerto Rico,PRI,..
2013,YR2013,Qatar,QAT,..
2013,YR2013,Romania,ROU,2.633
2013,YR2013,Russian Federation,RUS,4.005
2013,YR2013,Rwanda,RWA,0.099
2013,YR2013,Samoa,WSM,0.46
2013,YR2013,San Marino,SMR,4.925
2013,YR2013,Sao Tome and Principe,STP,..
2013,YR2013,Saudi Arabia,SAU,2.159
2013,YR2013,Senegal,SEN,0.3179
2013,YR2013,Serbia,SRB,2.94
2013,YR2013,Seychelles,SYC,..
2013,YR2013,Sierra Leone,SLE,..
2013,YR2013,Singapore,SGP,1.999
2013,YR2013,Sint Maarten (Dutch part),SXM,..
2013,YR2013,Slovak Republic,SVK,3.39
2013,YR2013,Slovenia,SVN,2.613
2013,YR2013,Solomon Islands,SLB,0.184
2013,YR2013,Somalia,SOM,..
2013,YR2013,South Africa,ZAF,..
2013,YR2013,South Sudan,SSD,..
2013,YR2013,Spain,ESP,3.812
2013,YR2013,Sri Lanka,LKA,0.781
2013,YR2013,St. Kitts and Nevis,KNA,..
2013,YR2013,St. Lucia,LCA,2.489
2013,YR2013,St. Martin (French part),MAF,..
2013,YR2013,St. Vincent and the Grenadines,VCT,..
2013,YR2013,Sudan,SDN,..
2013,YR2013,Suriname,SUR,..
2013,YR2013,Sweden,SWE,4.024
2013,YR2013,Switzerland,CHE,4.041
2013,YR2013,Syrian Arab Republic,SYR,..
2013,YR2013,Tajikistan,TJK,1.693
2013,YR2013,Tanzania,TZA,..
2013,YR2013,Thailand,THA,..
2013,YR2013,Timor-Leste,TLS,0.613
2013,YR2013,Togo,TGO,..
2013,YR2013,Tonga,TON,0.514
2013,YR2013,Trinidad and Tobago,TTO,..
2013,YR2013,Tunisia,TUN,..
2013,YR2013,Turkiye,TUR,1.747
2013,YR2013,Turkmenistan,TKM,2.135
2013,YR2013,Turks and Caicos Islands,TCA,..
2013,YR2013,Tuvalu,TUV,..
2013,YR2013,Uganda,UGA,..
2013,YR2013,Ukraine,UKR,3.495
2013,YR2013,United Arab Emirates,ARE,1.83
2013,YR2013,United Kingdom,GBR,2.706
2013,YR2013,United States,USA,..
2013,YR2013,Uruguay,URY,..
2013,YR2013,Uzbekistan,UZB,2.402
2013,YR2013,Vanuatu,VUT,..
2013,YR2013,"Venezuela, RB",VEN,..
2013,YR2013,Viet Nam,VNM,..
2013,YR2013,Virgin Islands (U.S.),VIR,..
2013,YR2013,West Bank and Gaza,PSE,..
2013,YR2013,"Yemen, Rep.",YEM,..
2013,YR2013,Zambia,ZMB,..
2013,YR2013,Zimbabwe,ZWE,0.082
2014,YR2014,Africa Eastern and Southern,AFE,..
2014,YR2014,Africa Western and Central,AFW,..
2014,YR2014,Arab World,ARB,..
2014,YR2014,Caribbean small states,CSS,..
2014,YR2014,Central Europe and the Baltics,CEB,..
2014,YR2014,Early-demographic dividend,EAR,..
2014,YR2014,East Asia & Pacific,EAS,..
2014,YR2014,East Asia & Pacific (excluding high income),EAP,..
2014,YR2014,East Asia & Pacific (IDA & IBRD countries),TEA,..
2014,YR2014,Euro area,EMU,..
2014,YR2014,Europe & Central Asia,ECS,..
2014,YR2014,Europe & Central Asia (excluding high income),ECA,..
2014,YR2014,Europe & Central Asia (IDA & IBRD countries),TEC,..
2014,YR2014,European Union,EUU,..
2014,YR2014,Fragile and conflict affected situations,FCS,..
2014,YR2014,Heavily indebted poor countries (HIPC),HPC,..
2014,YR2014,High income,HIC,..
2014,YR2014,IBRD only,IBD,..
2014,YR2014,IDA & IBRD total,IBT,..
2014,YR2014,IDA blend,IDB,..
2014,YR2014,IDA only,IDX,..
2014,YR2014,IDA total,IDA,..
2014,YR2014,Late-demographic dividend,LTE,..
2014,YR2014,Latin America & Caribbean,LCN,..
2014,YR2014,Latin America & Caribbean (excluding high income),LAC,..
2014,YR2014,Latin America & the Caribbean (IDA & IBRD countries),TLA,..
2014,YR2014,Least developed countries: UN classification,LDC,..
2014,YR2014,Low & middle income,LMY,..
2014,YR2014,Low income,LIC,..
2014,YR2014,Lower middle income,LMC,..
2014,YR2014,Middle East & North Africa,MEA,..
2014,YR2014,Middle East & North Africa (excluding high income),MNA,..
2014,YR2014,Middle East & North Africa (IDA & IBRD countries),TMN,..
2014,YR2014,Middle income,MIC,..
2014,YR2014,North America,NAC,..
2014,YR2014,Not classified,INX,..
2014,YR2014,OECD members,OED,..
2014,YR2014,Other small states,OSS,..
2014,YR2014,Pacific island small states,PSS,..
2014,YR2014,Post-demographic dividend,PST,..
2014,YR2014,Pre-demographic dividend,PRE,..
2014,YR2014,Small states,SST,..
2014,YR2014,South Asia,SAS,..
2014,YR2014,South Asia (IDA & IBRD),TSA,..
2014,YR2014,Sub-Saharan Africa,SSF,..
2014,YR2014,Sub-Saharan Africa (excluding high income),SSA,..
2014,YR2014,Sub-Saharan Africa (IDA & IBRD countries),TSS,..
2014,YR2014,Upper middle income,UMC,..
2014,YR2014,World,WLD,..
2014,YR2014,Afghanistan,AFG,0.304
2014,YR2014,Albania,ALB,..
2014,YR2014,Algeria,DZA,..
2014,YR2014,American Samoa,ASM,..
2014,YR2014,Andorra,AND,..
2014,YR2014,Angola,AGO,..
2014,YR2014,Antigua and Barbuda,ATG,..
2014,YR2014,Argentina,ARG,..
2014,YR2014,Armenia,ARM,2.915
2014,YR2014,Aruba,ABW,..
2014,YR2014,Australia,AUS,3.45
2014,YR2014,Austria,AUT,5.077
2014,YR2014,Azerbaijan,AZE,3.362
2014,YR2014,"Bahamas, The",BHS,..
2014,YR2014,Bahrain,BHR,0.976
2014,YR2014,Bangladesh,BGD,0.484
2014,YR2014,Barbados,BRB,..
2014,YR2014,Belarus,BLR,4.877
2014,YR2014,Belgium,BEL,2.984
2014,YR2014,Belize,BLZ,..
2014,YR2014,Benin,BEN,..
2014,YR2014,Bermuda,BMU,..
2014,YR2014,Bhutan,BTN,0.331
2014,YR2014,Bolivia,BOL,..
2014,YR2014,Bosnia and Herzegovina,BIH,2.08
2014,YR2014,Botswana,BWA,..
2014,YR2014,Brazil,BRA,..
2014,YR2014,British Virgin Islands,VGB,..
2014,YR2014,Brunei Darussalam,BRN,1.486
2014,YR2014,Bulgaria,BGR,3.907
2014,YR2014,Burkina Faso,BFA,0.047
2014,YR2014,Burundi,BDI,0.058
2014,YR2014,Cabo Verde,CPV,..
2014,YR2014,Cambodia,KHM,0.194
2014,YR2014,Cameroon,CMR,..
2014,YR2014,Canada,CAN,2.4961
2014,YR2014,Cayman Islands,CYM,..
2014,YR2014,Central African Republic,CAF,..
2014,YR2014,Chad,TCD,0.044
2014,YR2014,Channel Islands,CHI,..
2014,YR2014,Chile,CHL,2.036
2014,YR2014,China,CHN,1.715
2014,YR2014,Colombia,COL,1.93
2014,YR2014,Comoros,COM,..
2014,YR2014,"Congo, Dem. Rep.",COD,..
2014,YR2014,"Congo, Rep.",COG,..
2014,YR2014,Costa Rica,CRI,2.617
2014,YR2014,Cote d'Ivoire,CIV,0.228
2014,YR2014,Croatia,HRV,3.105
2014,YR2014,Cuba,CUB,7.551
2014,YR2014,Curacao,CUW,..
2014,YR2014,Cyprus,CYP,2.447
2014,YR2014,Czechia,CZE,3.9345
2014,YR2014,Denmark,DNK,3.872
2014,YR2014,Djibouti,DJI,0.203
2014,YR2014,Dominica,DMA,..
2014,YR2014,Dominican Republic,DOM,..
2014,YR2014,Ecuador,ECU,..
2014,YR2014,"Egypt, Arab Rep.",EGY,0.745
2014,YR2014,El Salvador,SLV,..
2014,YR2014,Equatorial Guinea,GNQ,..
2014,YR2014,Eritrea,ERI,0.061
2014,YR2014,Estonia,EST,3.361
2014,YR2014,Eswatini,SWZ,..
2014,YR2014,Ethiopia,ETH,..
2014,YR2014,Faroe Islands,FRO,..
2014,YR2014,Fiji,FJI,..
2014,YR2014,Finland,FIN,3.448
2014,YR2014,France,FRA,3.225
2014,YR2014,French Polynesia,PYF,..
2014,YR2014,Gabon,GAB,..
2014,YR2014,"Gambia, The",GMB,..
2014,YR2014,Georgia,GEO,5.106
2014,YR2014,Germany,DEU,4.064
2014,YR2014,Ghana,GHA,0.107
2014,YR2014,Gibraltar,GIB,..
2014,YR2014,Greece,GRC,5.883
2014,YR2014,Greenland,GRL,..
2014,YR2014,Grenada,GRD,..
2014,YR2014,Guam,GUM,..
2014,YR2014,Guatemala,GTM,..
2014,YR2014,Guinea,GIN,0.163
2014,YR2014,Guinea-Bissau,GNB,..
2014,YR2014,Guyana,GUY,..
2014,YR2014,Haiti,HTI,..
2014,YR2014,Honduras,HND,..
2014,YR2014,"Hong Kong SAR, China",HKG,..
2014,YR2014,Hungary,HUN,3.323
2014,YR2014,Iceland,ISL,3.642
2014,YR2014,India,IND,..
2014,YR2014,Indonesia,IDN,..
2014,YR2014,"Iran, Islamic Rep.",IRN,1.457
2014,YR2014,Iraq,IRQ,0.971
2014,YR2014,Ireland,IRL,3.035
2014,YR2014,Isle of Man,IMN,..
2014,YR2014,Israel,ISR,3.457
2014,YR2014,Italy,ITA,3.91
2014,YR2014,Jamaica,JAM,0.392
2014,YR2014,Japan,JPN,2.354
2014,YR2014,Jordan,JOR,2.27
2014,YR2014,Kazakhstan,KAZ,3.914
2014,YR2014,Kenya,KEN,0.2
2014,YR2014,Kiribati,KIR,..
2014,YR2014,"Korea, Dem. People's Rep.",PRK,3.496
2014,YR2014,"Korea, Rep.",KOR,2.209
2014,YR2014,Kosovo,XKX,..
2014,YR2014,Kuwait,KWT,2.602
2014,YR2014,Kyrgyz Republic,KGZ,2.225
2014,YR2014,Lao PDR,LAO,0.378
2014,YR2014,Latvia,LVA,3.189
2014,YR2014,Lebanon,LBN,2.069
2014,YR2014,Lesotho,LSO,..
2014,YR2014,Liberia,LBR,..
2014,YR2014,Libya,LBY,2.148
2014,YR2014,Liechtenstein,LIE,..
2014,YR2014,Lithuania,LTU,4.218
2014,YR2014,Luxembourg,LUX,2.881
2014,YR2014,"Macao SAR, China",MAC,..
2014,YR2014,Madagascar,MDG,0.177
2014,YR2014,Malawi,MWI,..
2014,YR2014,Malaysia,MYS,1.489
2014,YR2014,Maldives,MDV,1.848
2014,YR2014,Mali,MLI,0.1
2014,YR2014,Malta,MLT,2.563
2014,YR2014,Marshall Islands,MHL,..
2014,YR2014,Mauritania,MRT,0.162
2014,YR2014,Mauritius,MUS,1.88
2014,YR2014,Mexico,MEX,2.256
2014,YR2014,"Micronesia, Fed. Sts.",FSM,..
2014,YR2014,Moldova,MDA,3.02
2014,YR2014,Monaco,MCO,7.756
2014,YR2014,Mongolia,MNG,3.204
2014,YR2014,Montenegro,MNE,2.16
2014,YR2014,Morocco,MAR,0.912
2014,YR2014,Mozambique,MOZ,..
2014,YR2014,Myanmar,MMR,..
2014,YR2014,Namibia,NAM,..
2014,YR2014,Nauru,NRU,..
2014,YR2014,Nepal,NPL,..
2014,YR2014,Netherlands,NLD,3.407
2014,YR2014,New Caledonia,NCL,..
2014,YR2014,New Zealand,NZL,2.894
2014,YR2014,Nicaragua,NIC,0.885
2014,YR2014,Niger,NER,0.027
2014,YR2014,Nigeria,NGA,..
2014,YR2014,North Macedonia,MKD,..
2014,YR2014,Northern Mariana Islands,MNP,..
2014,YR2014,Norway,NOR,4.429
2014,YR2014,Oman,OMN,2.158
2014,YR2014,Pakistan,PAK,0.841
2014,YR2014,Palau,PLW,1.405
2014,YR2014,Panama,PAN,..
2014,YR2014,Papua New Guinea,PNG,..
2014,YR2014,Paraguay,PRY,..
2014,YR2014,Peru,PER,..
2014,YR2014,Philippines,PHL,..
2014,YR2014,Poland,POL,2.273
2014,YR2014,Portugal,PRT,4.561
2014,YR2014,Puerto Rico,PRI,..
2014,YR2014,Qatar,QAT,1.927
2014,YR2014,Romania,ROU,..
2014,YR2014,Russian Federation,RUS,4.138
2014,YR2014,Rwanda,RWA,0.089
2014,YR2014,Samoa,WSM,..
2014,YR2014,San Marino,SMR,6.018
2014,YR2014,Sao Tome and Principe,STP,..
2014,YR2014,Saudi Arabia,SAU,2.14
2014,YR2014,Senegal,SEN,..
2014,YR2014,Serbia,SRB,2.903
2014,YR2014,Seychelles,SYC,..
2014,YR2014,Sierra Leone,SLE,..
2014,YR2014,Singapore,SGP,2.106
2014,YR2014,Sint Maarten (Dutch part),SXM,..
2014,YR2014,Slovak Republic,SVK,3.427
2014,YR2014,Slovenia,SVN,2.753
2014,YR2014,Solomon Islands,SLB,..
2014,YR2014,Somalia,SOM,0.023
2014,YR2014,South Africa,ZAF,..
2014,YR2014,South Sudan,SSD,..
2014,YR2014,Spain,ESP,3.802
2014,YR2014,Sri Lanka,LKA,0.819
2014,YR2014,St. Kitts and Nevis,KNA,..
2014,YR2014,St. Lucia,LCA,1.894
2014,YR2014,St. Martin (French part),MAF,..
2014,YR2014,St. Vincent and the Grenadines,VCT,..
2014,YR2014,Sudan,SDN,..
2014,YR2014,Suriname,SUR,..
2014,YR2014,Sweden,SWE,4.089
2014,YR2014,Switzerland,CHE,4.126
2014,YR2014,Syrian Arab Republic,SYR,1.446
2014,YR2014,Tajikistan,TJK,1.708
2014,YR2014,Tanzania,TZA,0.059
2014,YR2014,Thailand,THA,..
2014,YR2014,Timor-Leste,TLS,0.676
2014,YR2014,Togo,TGO,..
2014,YR2014,Tonga,TON,..
2014,YR2014,Trinidad and Tobago,TTO,..
2014,YR2014,Tunisia,TUN,1.236
2014,YR2014,Turkiye,TUR,1.736
2014,YR2014,Turkmenistan,TKM,2.147
2014,YR2014,Turks and Caicos Islands,TCA,..
2014,YR2014,Tuvalu,TUV,0.917
2014,YR2014,Uganda,UGA,..
2014,YR2014,Ukraine,UKR,2.99
2014,YR2014,United Arab Emirates,ARE,2.081
2014,YR2014,United Kingdom,GBR,2.742
2014,YR2014,United States,USA,..
2014,YR2014,Uruguay,URY,..
2014,YR2014,Uzbekistan,UZB,2.373
2014,YR2014,Vanuatu,VUT,..
2014,YR2014,"Venezuela, RB",VEN,..
2014,YR2014,Viet Nam,VNM,0.787
2014,YR2014,Virgin Islands (U.S.),VIR,..
2014,YR2014,West Bank and Gaza,PSE,..
2014,YR2014,"Yemen, Rep.",YEM,0.294
2014,YR2014,Zambia,ZMB,..
2014,YR2014,Zimbabwe,ZWE,0.122
2015,YR2015,Africa Eastern and Southern,AFE,..
2015,YR2015,Africa Western and Central,AFW,..
2015,YR2015,Arab World,ARB,..
2015,YR2015,Caribbean small states,CSS,..
2015,YR2015,Central Europe and the Baltics,CEB,..
2015,YR2015,Early-demographic dividend,EAR,..
2015,YR2015,East Asia & Pacific,EAS,..
2015,YR2015,East Asia & Pacific (excluding high income),EAP,..
2015,YR2015,East Asia & Pacific (IDA & IBRD countries),TEA,..
2015,YR2015,Euro area,EMU,..
2015,YR2015,Europe & Central Asia,ECS,..
2015,YR2015,Europe & Central Asia (excluding high income),ECA,..
2015,YR2015,Europe & Central Asia (IDA & IBRD countries),TEC,..
2015,YR2015,European Union,EUU,..
2015,YR2015,Fragile and conflict affected situations,FCS,..
2015,YR2015,Heavily indebted poor countries (HIPC),HPC,..
2015,YR2015,High income,HIC,..
2015,YR2015,IBRD only,IBD,..
2015,YR2015,IDA & IBRD total,IBT,..
2015,YR2015,IDA blend,IDB,..
2015,YR2015,IDA only,IDX,..
2015,YR2015,IDA total,IDA,..
2015,YR2015,Late-demographic dividend,LTE,..
2015,YR2015,Latin America & Caribbean,LCN,..
2015,YR2015,Latin America & Caribbean (excluding high income),LAC,..
2015,YR2015,Latin America & the Caribbean (IDA & IBRD countries),TLA,..
2015,YR2015,Least developed countries: UN classification,LDC,..
2015,YR2015,Low & middle income,LMY,..
2015,YR2015,Low income,LIC,..
2015,YR2015,Lower middle income,LMC,..
2015,YR2015,Middle East & North Africa,MEA,..
2015,YR2015,Middle East & North Africa (excluding high income),MNA,..
2015,YR2015,Middle East & North Africa (IDA & IBRD countries),TMN,..
2015,YR2015,Middle income,MIC,..
2015,YR2015,North America,NAC,..
2015,YR2015,Not classified,INX,..
2015,YR2015,OECD members,OED,..
2015,YR2015,Other small states,OSS,..
2015,YR2015,Pacific island small states,PSS,..
2015,YR2015,Post-demographic dividend,PST,..
2015,YR2015,Pre-demographic dividend,PRE,..
2015,YR2015,Small states,SST,..
2015,YR2015,South Asia,SAS,..
2015,YR2015,South Asia (IDA & IBRD),TSA,..
2015,YR2015,Sub-Saharan Africa,SSF,..
2015,YR2015,Sub-Saharan Africa (excluding high income),SSA,..
2015,YR2015,Sub-Saharan Africa (IDA & IBRD countries),TSS,..
2015,YR2015,Upper middle income,UMC,..
2015,YR2015,World,WLD,..
2015,YR2015,Afghanistan,AFG,0.291
2015,YR2015,Albania,ALB,..
2015,YR2015,Algeria,DZA,..
2015,YR2015,American Samoa,ASM,..
2015,YR2015,Andorra,AND,3.626
2015,YR2015,Angola,AGO,..
2015,YR2015,Antigua and Barbuda,ATG,..
2015,YR2015,Argentina,ARG,3.973
2015,YR2015,Armenia,ARM,2.962
2015,YR2015,Aruba,ABW,..
2015,YR2015,Australia,AUS,3.505
2015,YR2015,Austria,AUT,5.125
2015,YR2015,Azerbaijan,AZE,3.291
2015,YR2015,"Bahamas, The",BHS,..
2015,YR2015,Bahrain,BHR,0.932
2015,YR2015,Bangladesh,BGD,0.481
2015,YR2015,Barbados,BRB,..
2015,YR2015,Belarus,BLR,5.051
2015,YR2015,Belgium,BEL,3.025
2015,YR2015,Belize,BLZ,..
2015,YR2015,Benin,BEN,..
2015,YR2015,Bermuda,BMU,..
2015,YR2015,Bhutan,BTN,0.338
2015,YR2015,Bolivia,BOL,..
2015,YR2015,Bosnia and Herzegovina,BIH,2.103
2015,YR2015,Botswana,BWA,..
2015,YR2015,Brazil,BRA,..
2015,YR2015,British Virgin Islands,VGB,..
2015,YR2015,Brunei Darussalam,BRN,1.754
2015,YR2015,Bulgaria,BGR,3.973
2015,YR2015,Burkina Faso,BFA,0.064
2015,YR2015,Burundi,BDI,0.047
2015,YR2015,Cabo Verde,CPV,0.743
2015,YR2015,Cambodia,KHM,..
2015,YR2015,Cameroon,CMR,..
2015,YR2015,Canada,CAN,2.5388
2015,YR2015,Cayman Islands,CYM,..
2015,YR2015,Central African Republic,CAF,0.067
2015,YR2015,Chad,TCD,0.049
2015,YR2015,Channel Islands,CHI,..
2015,YR2015,Chile,CHL,2.159
2015,YR2015,China,CHN,1.8
2015,YR2015,Colombia,COL,1.991
2015,YR2015,Comoros,COM,..
2015,YR2015,"Congo, Dem. Rep.",COD,..
2015,YR2015,"Congo, Rep.",COG,..
2015,YR2015,Costa Rica,CRI,2.705
2015,YR2015,Cote d'Ivoire,CIV,..
2015,YR2015,Croatia,HRV,3.156
2015,YR2015,Cuba,CUB,7.759
2015,YR2015,Curacao,CUW,..
2015,YR2015,Cyprus,CYP,2.566
2015,YR2015,Czechia,CZE,3.9516
2015,YR2015,Denmark,DNK,3.934
2015,YR2015,Djibouti,DJI,..
2015,YR2015,Dominica,DMA,..
2015,YR2015,Dominican Republic,DOM,..
2015,YR2015,Ecuador,ECU,2.067
2015,YR2015,"Egypt, Arab Rep.",EGY,0.777
2015,YR2015,El Salvador,SLV,..
2015,YR2015,Equatorial Guinea,GNQ,..
2015,YR2015,Eritrea,ERI,0.064
2015,YR2015,Estonia,EST,3.417
2015,YR2015,Eswatini,SWZ,..
2015,YR2015,Ethiopia,ETH,..
2015,YR2015,Faroe Islands,FRO,..
2015,YR2015,Fiji,FJI,0.814
2015,YR2015,Finland,FIN,3.421
2015,YR2015,France,FRA,3.24
2015,YR2015,French Polynesia,PYF,..
2015,YR2015,Gabon,GAB,..
2015,YR2015,"Gambia, The",GMB,0.095
2015,YR2015,Georgia,GEO,5.341
2015,YR2015,Germany,DEU,4.12
2015,YR2015,Ghana,GHA,0.113
2015,YR2015,Gibraltar,GIB,..
2015,YR2015,Greece,GRC,5.91
2015,YR2015,Greenland,GRL,..
2015,YR2015,Grenada,GRD,..
2015,YR2015,Guam,GUM,..
2015,YR2015,Guatemala,GTM,..
2015,YR2015,Guinea,GIN,0.084
2015,YR2015,Guinea-Bissau,GNB,0.198
2015,YR2015,Guyana,GUY,..
2015,YR2015,Haiti,HTI,0.086
2015,YR2015,Honduras,HND,..
2015,YR2015,"Hong Kong SAR, China",HKG,..
2015,YR2015,Hungary,HUN,3.097
2015,YR2015,Iceland,ISL,3.772
2015,YR2015,India,IND,..
2015,YR2015,Indonesia,IDN,0.273
2015,YR2015,"Iran, Islamic Rep.",IRN,1.106
2015,YR2015,Iraq,IRQ,..
2015,YR2015,Ireland,IRL,3.143
2015,YR2015,Isle of Man,IMN,..
2015,YR2015,Israel,ISR,3.451
2015,YR2015,Italy,ITA,3.87
2015,YR2015,Jamaica,JAM,0.429
2015,YR2015,Japan,JPN,..
2015,YR2015,Jordan,JOR,2.741
2015,YR2015,Kazakhstan,KAZ,3.909
2015,YR2015,Kenya,KEN,..
2015,YR2015,Kiribati,KIR,..
2015,YR2015,"Korea, Dem. People's Rep.",PRK,..
2015,YR2015,"Korea, Rep.",KOR,2.242
2015,YR2015,Kosovo,XKX,..
2015,YR2015,Kuwait,KWT,2.597
2015,YR2015,Kyrgyz Republic,KGZ,..
2015,YR2015,Lao PDR,LAO,0.4
2015,YR2015,Latvia,LVA,3.175
2015,YR2015,Lebanon,LBN,2.147
2015,YR2015,Lesotho,LSO,..
2015,YR2015,Liberia,LBR,0.036
2015,YR2015,Libya,LBY,1.963
2015,YR2015,Liechtenstein,LIE,..
2015,YR2015,Lithuania,LTU,4.253
2015,YR2015,Luxembourg,LUX,2.908
2015,YR2015,"Macao SAR, China",MAC,..
2015,YR2015,Madagascar,MDG,..
2015,YR2015,Malawi,MWI,..
2015,YR2015,Malaysia,MYS,1.496
2015,YR2015,Maldives,MDV,..
2015,YR2015,Mali,MLI,0.097
2015,YR2015,Malta,MLT,2.716
2015,YR2015,Marshall Islands,MHL,..
2015,YR2015,Mauritania,MRT,0.175
2015,YR2015,Mauritius,MUS,1.972
2015,YR2015,Mexico,MEX,2.358
2015,YR2015,"Micronesia, Fed. Sts.",FSM,..
2015,YR2015,Moldova,MDA,3.085
2015,YR2015,Monaco,MCO,..
2015,YR2015,Mongolia,MNG,3.256
2015,YR2015,Montenegro,MNE,2.35
2015,YR2015,Morocco,MAR,..
2015,YR2015,Mozambique,MOZ,..
2015,YR2015,Myanmar,MMR,..
2015,YR2015,Namibia,NAM,..
2015,YR2015,Nauru,NRU,1.25
2015,YR2015,Nepal,NPL,..
2015,YR2015,Netherlands,NLD,3.471
2015,YR2015,New Caledonia,NCL,..
2015,YR2015,New Zealand,NZL,3.046
2015,YR2015,Nicaragua,NIC,0.92
2015,YR2015,Niger,NER,0.032
2015,YR2015,Nigeria,NGA,..
2015,YR2015,North Macedonia,MKD,2.834
2015,YR2015,Northern Mariana Islands,MNP,..
2015,YR2015,Norway,NOR,4.451
2015,YR2015,Oman,OMN,2.127
2015,YR2015,Pakistan,PAK,0.876
2015,YR2015,Palau,PLW,..
2015,YR2015,Panama,PAN,1.581
2015,YR2015,Papua New Guinea,PNG,..
2015,YR2015,Paraguay,PRY,..
2015,YR2015,Peru,PER,..
2015,YR2015,Philippines,PHL,..
2015,YR2015,Poland,POL,2.294
2015,YR2015,Portugal,PRT,4.75
2015,YR2015,Puerto Rico,PRI,..
2015,YR2015,Qatar,QAT,..
2015,YR2015,Romania,ROU,..
2015,YR2015,Russian Federation,RUS,3.942
2015,YR2015,Rwanda,RWA,0.11
2015,YR2015,Samoa,WSM,..
2015,YR2015,San Marino,SMR,..
2015,YR2015,Sao Tome and Principe,STP,0.313
2015,YR2015,Saudi Arabia,SAU,2.237
2015,YR2015,Senegal,SEN,0.2074
2015,YR2015,Serbia,SRB,2.904
2015,YR2015,Seychelles,SYC,..
2015,YR2015,Sierra Leone,SLE,..
2015,YR2015,Singapore,SGP,2.205
2015,YR2015,Sint Maarten (Dutch part),SXM,..
2015,YR2015,Slovak Republic,SVK,3.451
2015,YR2015,Slovenia,SVN,2.802
2015,YR2015,Solomon Islands,SLB,..
2015,YR2015,Somalia,SOM,..
2015,YR2015,South Africa,ZAF,..
2015,YR2015,South Sudan,SSD,..
2015,YR2015,Spain,ESP,3.847
2015,YR2015,Sri Lanka,LKA,0.845
2015,YR2015,St. Kitts and Nevis,KNA,2.866
2015,YR2015,St. Lucia,LCA,..
2015,YR2015,St. Martin (French part),MAF,..
2015,YR2015,St. Vincent and the Grenadines,VCT,..
2015,YR2015,Sudan,SDN,0.415
2015,YR2015,Suriname,SUR,1.017
2015,YR2015,Sweden,SWE,4.155
2015,YR2015,Switzerland,CHE,4.197
2015,YR2015,Syrian Arab Republic,SYR,..
2015,YR2015,Tajikistan,TJK,..
2015,YR2015,Tanzania,TZA,..
2015,YR2015,Thailand,THA,0.455
2015,YR2015,Timor-Leste,TLS,0.689
2015,YR2015,Togo,TGO,0.048
2015,YR2015,Tonga,TON,..
2015,YR2015,Trinidad and Tobago,TTO,2.487
2015,YR2015,Tunisia,TUN,1.268
2015,YR2015,Turkiye,TUR,1.774
2015,YR2015,Turkmenistan,TKM,..
2015,YR2015,Turks and Caicos Islands,TCA,..
2015,YR2015,Tuvalu,TUV,..
2015,YR2015,Uganda,UGA,0.097
2015,YR2015,Ukraine,UKR,..
2015,YR2015,United Arab Emirates,ARE,2.297
2015,YR2015,United Kingdom,GBR,2.773
2015,YR2015,United States,USA,..
2015,YR2015,Uruguay,URY,..
2015,YR2015,Uzbekistan,UZB,..
2015,YR2015,Vanuatu,VUT,..
2015,YR2015,"Venezuela, RB",VEN,..
2015,YR2015,Viet Nam,VNM,0.801
2015,YR2015,Virgin Islands (U.S.),VIR,..
2015,YR2015,West Bank and Gaza,PSE,..
2015,YR2015,"Yemen, Rep.",YEM,..
2015,YR2015,Zambia,ZMB,..
2015,YR2015,Zimbabwe,ZWE,0.177
2016,YR2016,Africa Eastern and Southern,AFE,..
2016,YR2016,Africa Western and Central,AFW,..
2016,YR2016,Arab World,ARB,..
2016,YR2016,Caribbean small states,CSS,..
2016,YR2016,Central Europe and the Baltics,CEB,..
2016,YR2016,Early-demographic dividend,EAR,..
2016,YR2016,East Asia & Pacific,EAS,..
2016,YR2016,East Asia & Pacific (excluding high income),EAP,..
2016,YR2016,East Asia & Pacific (IDA & IBRD countries),TEA,..
2016,YR2016,Euro area,EMU,..
2016,YR2016,Europe & Central Asia,ECS,..
2016,YR2016,Europe & Central Asia (excluding high income),ECA,..
2016,YR2016,Europe & Central Asia (IDA & IBRD countries),TEC,..
2016,YR2016,European Union,EUU,..
2016,YR2016,Fragile and conflict affected situations,FCS,..
2016,YR2016,Heavily indebted poor countries (HIPC),HPC,..
2016,YR2016,High income,HIC,..
2016,YR2016,IBRD only,IBD,..
2016,YR2016,IDA & IBRD total,IBT,..
2016,YR2016,IDA blend,IDB,..
2016,YR2016,IDA only,IDX,..
2016,YR2016,IDA total,IDA,..
2016,YR2016,Late-demographic dividend,LTE,..
2016,YR2016,Latin America & Caribbean,LCN,..
2016,YR2016,Latin America & Caribbean (excluding high income),LAC,..
2016,YR2016,Latin America & the Caribbean (IDA & IBRD countries),TLA,..
2016,YR2016,Least developed countries: UN classification,LDC,..
2016,YR2016,Low & middle income,LMY,..
2016,YR2016,Low income,LIC,..
2016,YR2016,Lower middle income,LMC,..
2016,YR2016,Middle East & North Africa,MEA,..
2016,YR2016,Middle East & North Africa (excluding high income),MNA,..
2016,YR2016,Middle East & North Africa (IDA & IBRD countries),TMN,..
2016,YR2016,Middle income,MIC,..
2016,YR2016,North America,NAC,..
2016,YR2016,Not classified,INX,..
2016,YR2016,OECD members,OED,..
2016,YR2016,Other small states,OSS,..
2016,YR2016,Pacific island small states,PSS,..
2016,YR2016,Post-demographic dividend,PST,..
2016,YR2016,Pre-demographic dividend,PRE,..
2016,YR2016,Small states,SST,..
2016,YR2016,South Asia,SAS,..
2016,YR2016,South Asia (IDA & IBRD),TSA,..
2016,YR2016,Sub-Saharan Africa,SSF,..
2016,YR2016,Sub-Saharan Africa (excluding high income),SSA,..
2016,YR2016,Sub-Saharan Africa (IDA & IBRD countries),TSS,..
2016,YR2016,Upper middle income,UMC,..
2016,YR2016,World,WLD,..
2016,YR2016,Afghanistan,AFG,0.284
2016,YR2016,Albania,ALB,1.219
2016,YR2016,Algeria,DZA,1.842
2016,YR2016,American Samoa,ASM,..
2016,YR2016,Andorra,AND,..
2016,YR2016,Angola,AGO,..
2016,YR2016,Antigua and Barbuda,ATG,..
2016,YR2016,Argentina,ARG,3.987
2016,YR2016,Armenia,ARM,..
2016,YR2016,Aruba,ABW,..
2016,YR2016,Australia,AUS,3.577
2016,YR2016,Austria,AUT,5.13
2016,YR2016,Azerbaijan,AZE,3.227
2016,YR2016,"Bahamas, The",BHS,..
2016,YR2016,Bahrain,BHR,0.842
2016,YR2016,Bangladesh,BGD,0.492
2016,YR2016,Barbados,BRB,..
2016,YR2016,Belarus,BLR,4.277
2016,YR2016,Belgium,BEL,3.078
2016,YR2016,Belize,BLZ,..
2016,YR2016,Benin,BEN,0.046
2016,YR2016,Bermuda,BMU,..
2016,YR2016,Bhutan,BTN,0.399
2016,YR2016,Bolivia,BOL,1.558
2016,YR2016,Bosnia and Herzegovina,BIH,..
2016,YR2016,Botswana,BWA,0.353
2016,YR2016,Brazil,BRA,..
2016,YR2016,British Virgin Islands,VGB,..
2016,YR2016,Brunei Darussalam,BRN,..
2016,YR2016,Bulgaria,BGR,..
2016,YR2016,Burkina Faso,BFA,0.062
2016,YR2016,Burundi,BDI,..
2016,YR2016,Cabo Verde,CPV,0.731
2016,YR2016,Cambodia,KHM,..
2016,YR2016,Cameroon,CMR,..
2016,YR2016,Canada,CAN,2.3105
2016,YR2016,Cayman Islands,CYM,..
2016,YR2016,Central African Republic,CAF,..
2016,YR2016,Chad,TCD,0.037
2016,YR2016,Channel Islands,CHI,..
2016,YR2016,Chile,CHL,2.31
2016,YR2016,China,CHN,1.891
2016,YR2016,Colombia,COL,2.057
2016,YR2016,Comoros,COM,0.29
2016,YR2016,"Congo, Dem. Rep.",COD,..
2016,YR2016,"Congo, Rep.",COG,0.102
2016,YR2016,Costa Rica,CRI,2.881
2016,YR2016,Cote d'Ivoire,CIV,..
2016,YR2016,Croatia,HRV,3.197
2016,YR2016,Cuba,CUB,7.949
2016,YR2016,Curacao,CUW,..
2016,YR2016,Cyprus,CYP,1.906
2016,YR2016,Czechia,CZE,4.0194
2016,YR2016,Denmark,DNK,4.013
2016,YR2016,Djibouti,DJI,..
2016,YR2016,Dominica,DMA,..
2016,YR2016,Dominican Republic,DOM,..
2016,YR2016,Ecuador,ECU,2.043
2016,YR2016,"Egypt, Arab Rep.",EGY,0.778
2016,YR2016,El Salvador,SLV,1.5662
2016,YR2016,Equatorial Guinea,GNQ,..
2016,YR2016,Eritrea,ERI,0.067
2016,YR2016,Estonia,EST,3.456
2016,YR2016,Eswatini,SWZ,0.094
2016,YR2016,Ethiopia,ETH,..
2016,YR2016,Faroe Islands,FRO,..
2016,YR2016,Fiji,FJI,..
2016,YR2016,Finland,FIN,3.42
2016,YR2016,France,FRA,3.255
2016,YR2016,French Polynesia,PYF,..
2016,YR2016,Gabon,GAB,0.343
2016,YR2016,"Gambia, The",GMB,..
2016,YR2016,Georgia,GEO,6.386
2016,YR2016,Germany,DEU,4.187
2016,YR2016,Ghana,GHA,0.122
2016,YR2016,Gibraltar,GIB,..
2016,YR2016,Greece,GRC,6.137
2016,YR2016,Greenland,GRL,..
2016,YR2016,Grenada,GRD,..
2016,YR2016,Guam,GUM,..
2016,YR2016,Guatemala,GTM,..
2016,YR2016,Guinea,GIN,0.082
2016,YR2016,Guinea-Bissau,GNB,0.1
2016,YR2016,Guyana,GUY,..
2016,YR2016,Haiti,HTI,..
2016,YR2016,Honduras,HND,0.586
2016,YR2016,"Hong Kong SAR, China",HKG,..
2016,YR2016,Hungary,HUN,3.211
2016,YR2016,Iceland,ISL,3.849
2016,YR2016,India,IND,..
2016,YR2016,Indonesia,IDN,..
2016,YR2016,"Iran, Islamic Rep.",IRN,..
2016,YR2016,Iraq,IRQ,0.808
2016,YR2016,Ireland,IRL,3.219
2016,YR2016,Isle of Man,IMN,..
2016,YR2016,Israel,ISR,3.443
2016,YR2016,Italy,ITA,3.986
2016,YR2016,Jamaica,JAM,0.472
2016,YR2016,Japan,JPN,2.426
2016,YR2016,Jordan,JOR,..
2016,YR2016,Kazakhstan,KAZ,4.127
2016,YR2016,Kenya,KEN,..
2016,YR2016,Kiribati,KIR,..
2016,YR2016,"Korea, Dem. People's Rep.",PRK,3.689
2016,YR2016,"Korea, Rep.",KOR,2.289
2016,YR2016,Kosovo,XKX,..
2016,YR2016,Kuwait,KWT,..
2016,YR2016,Kyrgyz Republic,KGZ,..
2016,YR2016,Lao PDR,LAO,0.372
2016,YR2016,Latvia,LVA,3.19
2016,YR2016,Lebanon,LBN,2.158
2016,YR2016,Lesotho,LSO,..
2016,YR2016,Liberia,LBR,..
2016,YR2016,Libya,LBY,..
2016,YR2016,Liechtenstein,LIE,..
2016,YR2016,Lithuania,LTU,4.367
2016,YR2016,Luxembourg,LUX,2.885
2016,YR2016,"Macao SAR, China",MAC,..
2016,YR2016,Madagascar,MDG,..
2016,YR2016,Malawi,MWI,0.031
2016,YR2016,Malaysia,MYS,1.589
2016,YR2016,Maldives,MDV,1.288
2016,YR2016,Mali,MLI,0.12
2016,YR2016,Malta,MLT,..
2016,YR2016,Marshall Islands,MHL,..
2016,YR2016,Mauritania,MRT,..
2016,YR2016,Mauritius,MUS,2.14
2016,YR2016,Mexico,MEX,2.359
2016,YR2016,"Micronesia, Fed. Sts.",FSM,..
2016,YR2016,Moldova,MDA,..
2016,YR2016,Monaco,MCO,..
2016,YR2016,Mongolia,MNG,2.885
2016,YR2016,Montenegro,MNE,2.552
2016,YR2016,Morocco,MAR,..
2016,YR2016,Mozambique,MOZ,..
2016,YR2016,Myanmar,MMR,0.633
2016,YR2016,Namibia,NAM,..
2016,YR2016,Nauru,NRU,..
2016,YR2016,Nepal,NPL,..
2016,YR2016,Netherlands,NLD,3.517
2016,YR2016,New Caledonia,NCL,..
2016,YR2016,New Zealand,NZL,3.147
2016,YR2016,Nicaragua,NIC,0.941
2016,YR2016,Niger,NER,0.033
2016,YR2016,Nigeria,NGA,0.443
2016,YR2016,North Macedonia,MKD,..
2016,YR2016,Northern Mariana Islands,MNP,..
2016,YR2016,Norway,NOR,4.581
2016,YR2016,Oman,OMN,1.96
2016,YR2016,Pakistan,PAK,0.917
2016,YR2016,Palau,PLW,..
2016,YR2016,Panama,PAN,1.574
2016,YR2016,Papua New Guinea,PNG,..
2016,YR2016,Paraguay,PRY,..
2016,YR2016,Peru,PER,1.296
2016,YR2016,Philippines,PHL,..
2016,YR2016,Poland,POL,2.381
2016,YR2016,Portugal,PRT,4.936
2016,YR2016,Puerto Rico,PRI,..
2016,YR2016,Qatar,QAT,2.756
2016,YR2016,Romania,ROU,2.256
2016,YR2016,Russian Federation,RUS,3.982
2016,YR2016,Rwanda,RWA,0.12
2016,YR2016,Samoa,WSM,0.326
2016,YR2016,San Marino,SMR,..
2016,YR2016,Sao Tome and Principe,STP,..
2016,YR2016,Saudi Arabia,SAU,2.267
2016,YR2016,Senegal,SEN,0.078
2016,YR2016,Serbia,SRB,3.678
2016,YR2016,Seychelles,SYC,2.02
2016,YR2016,Sierra Leone,SLE,..
2016,YR2016,Singapore,SGP,2.27
2016,YR2016,Sint Maarten (Dutch part),SXM,..
2016,YR2016,Slovak Republic,SVK,3.473
2016,YR2016,Slovenia,SVN,2.978
2016,YR2016,Solomon Islands,SLB,0.191
2016,YR2016,Somalia,SOM,..
2016,YR2016,South Africa,ZAF,0.765
2016,YR2016,South Sudan,SSD,..
2016,YR2016,Spain,ESP,3.824
2016,YR2016,Sri Lanka,LKA,0.876
2016,YR2016,St. Kitts and Nevis,KNA,..
2016,YR2016,St. Lucia,LCA,..
2016,YR2016,St. Martin (French part),MAF,..
2016,YR2016,St. Vincent and the Grenadines,VCT,..
2016,YR2016,Sudan,SDN,..
2016,YR2016,Suriname,SUR,1.099
2016,YR2016,Sweden,SWE,4.221
2016,YR2016,Switzerland,CHE,4.251
2016,YR2016,Syrian Arab Republic,SYR,1.186
2016,YR2016,Tajikistan,TJK,..
2016,YR2016,Tanzania,TZA,..
2016,YR2016,Thailand,THA,0.435
2016,YR2016,Timor-Leste,TLS,..
2016,YR2016,Togo,TGO,0.045
2016,YR2016,Tonga,TON,..
2016,YR2016,Trinidad and Tobago,TTO,..
2016,YR2016,Tunisia,TUN,1.241
2016,YR2016,Turkiye,TUR,1.788
2016,YR2016,Turkmenistan,TKM,..
2016,YR2016,Turks and Caicos Islands,TCA,..
2016,YR2016,Tuvalu,TUV,..
2016,YR2016,Uganda,UGA,..
2016,YR2016,Ukraine,UKR,..
2016,YR2016,United Arab Emirates,ARE,2.468
2016,YR2016,United Kingdom,GBR,2.783
2016,YR2016,United States,USA,..
2016,YR2016,Uruguay,URY,3.968
2016,YR2016,Uzbekistan,UZB,..
2016,YR2016,Vanuatu,VUT,0.162
2016,YR2016,"Venezuela, RB",VEN,..
2016,YR2016,Viet Nam,VNM,0.833
2016,YR2016,Virgin Islands (U.S.),VIR,..
2016,YR2016,West Bank and Gaza,PSE,..
2016,YR2016,"Yemen, Rep.",YEM,..
2016,YR2016,Zambia,ZMB,0.09
2016,YR2016,Zimbabwe,ZWE,0.174
2017,YR2017,Africa Eastern and Southern,AFE,..
2017,YR2017,Africa Western and Central,AFW,..
2017,YR2017,Arab World,ARB,..
2017,YR2017,Caribbean small states,CSS,..
2017,YR2017,Central Europe and the Baltics,CEB,..
2017,YR2017,Early-demographic dividend,EAR,..
2017,YR2017,East Asia & Pacific,EAS,..
2017,YR2017,East Asia & Pacific (excluding high income),EAP,..
2017,YR2017,East Asia & Pacific (IDA & IBRD countries),TEA,..
2017,YR2017,Euro area,EMU,..
2017,YR2017,Europe & Central Asia,ECS,..
2017,YR2017,Europe & Central Asia (excluding high income),ECA,..
2017,YR2017,Europe & Central Asia (IDA & IBRD countries),TEC,..
2017,YR2017,European Union,EUU,..
2017,YR2017,Fragile and conflict affected situations,FCS,..
2017,YR2017,Heavily indebted poor countries (HIPC),HPC,..
2017,YR2017,High income,HIC,..
2017,YR2017,IBRD only,IBD,..
2017,YR2017,IDA & IBRD total,IBT,..
2017,YR2017,IDA blend,IDB,..
2017,YR2017,IDA only,IDX,..
2017,YR2017,IDA total,IDA,..
2017,YR2017,Late-demographic dividend,LTE,..
2017,YR2017,Latin America & Caribbean,LCN,..
2017,YR2017,Latin America & Caribbean (excluding high income),LAC,..
2017,YR2017,Latin America & the Caribbean (IDA & IBRD countries),TLA,..
2017,YR2017,Least developed countries: UN classification,LDC,..
2017,YR2017,Low & middle income,LMY,..
2017,YR2017,Low income,LIC,..
2017,YR2017,Lower middle income,LMC,..
2017,YR2017,Middle East & North Africa,MEA,..
2017,YR2017,Middle East & North Africa (excluding high income),MNA,..
2017,YR2017,Middle East & North Africa (IDA & IBRD countries),TMN,..
2017,YR2017,Middle income,MIC,..
2017,YR2017,North America,NAC,..
2017,YR2017,Not classified,INX,..
2017,YR2017,OECD members,OED,..
2017,YR2017,Other small states,OSS,..
2017,YR2017,Pacific island small states,PSS,..
2017,YR2017,Post-demographic dividend,PST,..
2017,YR2017,Pre-demographic dividend,PRE,..
2017,YR2017,Small states,SST,..
2017,YR2017,South Asia,SAS,..
2017,YR2017,South Asia (IDA & IBRD),TSA,..
2017,YR2017,Sub-Saharan Africa,SSF,..
2017,YR2017,Sub-Saharan Africa (excluding high income),SSA,..
2017,YR2017,Sub-Saharan Africa (IDA & IBRD countries),TSS,..
2017,YR2017,Upper middle income,UMC,..
2017,YR2017,World,WLD,..
2017,YR2017,Afghanistan,AFG,0.245
2017,YR2017,Albania,ALB,..
2017,YR2017,Algeria,DZA,..
2017,YR2017,American Samoa,ASM,..
2017,YR2017,Andorra,AND,..
2017,YR2017,Angola,AGO,0.212
2017,YR2017,Antigua and Barbuda,ATG,2.898
2017,YR2017,Argentina,ARG,3.979
2017,YR2017,Armenia,ARM,4.546
2017,YR2017,Aruba,ABW,..
2017,YR2017,Australia,AUS,3.677
2017,YR2017,Austria,AUT,5.183
2017,YR2017,Azerbaijan,AZE,3.164
2017,YR2017,"Bahamas, The",BHS,1.855
2017,YR2017,Bahrain,BHR,..
2017,YR2017,Bangladesh,BGD,0.536
2017,YR2017,Barbados,BRB,2.55
2017,YR2017,Belarus,BLR,4.33
2017,YR2017,Belgium,BEL,3.08
2017,YR2017,Belize,BLZ,1.126
2017,YR2017,Benin,BEN,..
2017,YR2017,Bermuda,BMU,..
2017,YR2017,Bhutan,BTN,0.31
2017,YR2017,Bolivia,BOL,1.008
2017,YR2017,Bosnia and Herzegovina,BIH,..
2017,YR2017,Botswana,BWA,..
2017,YR2017,Brazil,BRA,2.158
2017,YR2017,British Virgin Islands,VGB,..
2017,YR2017,Brunei Darussalam,BRN,1.587
2017,YR2017,Bulgaria,BGR,..
2017,YR2017,Burkina Faso,BFA,0.082
2017,YR2017,Burundi,BDI,0.097
2017,YR2017,Cabo Verde,CPV,..
2017,YR2017,Cambodia,KHM,..
2017,YR2017,Cameroon,CMR,..
2017,YR2017,Canada,CAN,2.6102
2017,YR2017,Cayman Islands,CYM,..
2017,YR2017,Central African Republic,CAF,..
2017,YR2017,Chad,TCD,0.043
2017,YR2017,Channel Islands,CHI,..
2017,YR2017,Chile,CHL,2.455
2017,YR2017,China,CHN,2.006
2017,YR2017,Colombia,COL,2.131
2017,YR2017,Comoros,COM,..
2017,YR2017,"Congo, Dem. Rep.",COD,..
2017,YR2017,"Congo, Rep.",COG,..
2017,YR2017,Costa Rica,CRI,2.999
2017,YR2017,Cote d'Ivoire,CIV,..
2017,YR2017,Croatia,HRV,3.312
2017,YR2017,Cuba,CUB,8.297
2017,YR2017,Curacao,CUW,..
2017,YR2017,Cyprus,CYP,2.751
2017,YR2017,Czechia,CZE,4.0676
2017,YR2017,Denmark,DNK,4.129
2017,YR2017,Djibouti,DJI,..
2017,YR2017,Dominica,DMA,1.136
2017,YR2017,Dominican Republic,DOM,..
2017,YR2017,Ecuador,ECU,2.232
2017,YR2017,"Egypt, Arab Rep.",EGY,0.757
2017,YR2017,El Salvador,SLV,..
2017,YR2017,Equatorial Guinea,GNQ,0.35
2017,YR2017,Eritrea,ERI,0.066
2017,YR2017,Estonia,EST,3.468
2017,YR2017,Eswatini,SWZ,0.181
2017,YR2017,Ethiopia,ETH,..
2017,YR2017,Faroe Islands,FRO,..
2017,YR2017,Fiji,FJI,..
2017,YR2017,Finland,FIN,3.461
2017,YR2017,France,FRA,3.275
2017,YR2017,French Polynesia,PYF,..
2017,YR2017,Gabon,GAB,0.658
2017,YR2017,"Gambia, The",GMB,0.097
2017,YR2017,Georgia,GEO,6.515
2017,YR2017,Germany,DEU,4.251
2017,YR2017,Ghana,GHA,0.089
2017,YR2017,Gibraltar,GIB,..
2017,YR2017,Greece,GRC,6.102
2017,YR2017,Greenland,GRL,..
2017,YR2017,Grenada,GRD,1.29
2017,YR2017,Guam,GUM,..
2017,YR2017,Guatemala,GTM,0.286
2017,YR2017,Guinea,GIN,..
2017,YR2017,Guinea-Bissau,GNB,..
2017,YR2017,Guyana,GUY,..
2017,YR2017,Haiti,HTI,..
2017,YR2017,Honduras,HND,0.303
2017,YR2017,"Hong Kong SAR, China",HKG,..
2017,YR2017,Hungary,HUN,3.325
2017,YR2017,Iceland,ISL,3.871
2017,YR2017,India,IND,..
2017,YR2017,Indonesia,IDN,0.377
2017,YR2017,"Iran, Islamic Rep.",IRN,1.078
2017,YR2017,Iraq,IRQ,0.794
2017,YR2017,Ireland,IRL,3.282
2017,YR2017,Isle of Man,IMN,..
2017,YR2017,Israel,ISR,3.452
2017,YR2017,Italy,ITA,4.025
2017,YR2017,Jamaica,JAM,..
2017,YR2017,Japan,JPN,..
2017,YR2017,Jordan,JOR,2.226
2017,YR2017,Kazakhstan,KAZ,3.939
2017,YR2017,Kenya,KEN,..
2017,YR2017,Kiribati,KIR,..
2017,YR2017,"Korea, Dem. People's Rep.",PRK,3.671
2017,YR2017,"Korea, Rep.",KOR,2.342
2017,YR2017,Kosovo,XKX,..
2017,YR2017,Kuwait,KWT,..
2017,YR2017,Kyrgyz Republic,KGZ,..
2017,YR2017,Lao PDR,LAO,0.441
2017,YR2017,Latvia,LVA,3.184
2017,YR2017,Lebanon,LBN,2.261
2017,YR2017,Lesotho,LSO,..
2017,YR2017,Liberia,LBR,..
2017,YR2017,Libya,LBY,2.157
2017,YR2017,Liechtenstein,LIE,..
2017,YR2017,Lithuania,LTU,4.437
2017,YR2017,Luxembourg,LUX,2.985
2017,YR2017,"Macao SAR, China",MAC,..
2017,YR2017,Madagascar,MDG,..
2017,YR2017,Malawi,MWI,..
2017,YR2017,Malaysia,MYS,1.809
2017,YR2017,Maldives,MDV,1.837
2017,YR2017,Mali,MLI,0.116
2017,YR2017,Malta,MLT,..
2017,YR2017,Marshall Islands,MHL,..
2017,YR2017,Mauritania,MRT,0.19
2017,YR2017,Mauritius,MUS,2.261
2017,YR2017,Mexico,MEX,2.42
2017,YR2017,"Micronesia, Fed. Sts.",FSM,..
2017,YR2017,Moldova,MDA,4.093
2017,YR2017,Monaco,MCO,..
2017,YR2017,Mongolia,MNG,..
2017,YR2017,Montenegro,MNE,2.623
2017,YR2017,Morocco,MAR,0.732
2017,YR2017,Mozambique,MOZ,0.076
2017,YR2017,Myanmar,MMR,0.882
2017,YR2017,Namibia,NAM,0.601
2017,YR2017,Nauru,NRU,..
2017,YR2017,Nepal,NPL,0.892
2017,YR2017,Netherlands,NLD,3.588
2017,YR2017,New Caledonia,NCL,..
2017,YR2017,New Zealand,NZL,3.299
2017,YR2017,Nicaragua,NIC,0.975
2017,YR2017,Niger,NER,0.022
2017,YR2017,Nigeria,NGA,..
2017,YR2017,North Macedonia,MKD,..
2017,YR2017,Northern Mariana Islands,MNP,..
2017,YR2017,Norway,NOR,4.735
2017,YR2017,Oman,OMN,2.011
2017,YR2017,Pakistan,PAK,0.961
2017,YR2017,Palau,PLW,..
2017,YR2017,Panama,PAN,1.59
2017,YR2017,Papua New Guinea,PNG,..
2017,YR2017,Paraguay,PRY,..
2017,YR2017,Peru,PER,..
2017,YR2017,Philippines,PHL,0.669
2017,YR2017,Poland,POL,2.343
2017,YR2017,Portugal,PRT,5.115
2017,YR2017,Puerto Rico,PRI,..
2017,YR2017,Qatar,QAT,..
2017,YR2017,Romania,ROU,2.974
2017,YR2017,Russian Federation,RUS,4.078
2017,YR2017,Rwanda,RWA,0.135
2017,YR2017,Samoa,WSM,..
2017,YR2017,San Marino,SMR,..
2017,YR2017,Sao Tome and Principe,STP,..
2017,YR2017,Saudi Arabia,SAU,2.409
2017,YR2017,Senegal,SEN,0.07
2017,YR2017,Serbia,SRB,..
2017,YR2017,Seychelles,SYC,..
2017,YR2017,Sierra Leone,SLE,..
2017,YR2017,Singapore,SGP,2.322
2017,YR2017,Sint Maarten (Dutch part),SXM,..
2017,YR2017,Slovak Republic,SVK,3.421
2017,YR2017,Slovenia,SVN,3.054
2017,YR2017,Solomon Islands,SLB,..
2017,YR2017,Somalia,SOM,..
2017,YR2017,South Africa,ZAF,0.788
2017,YR2017,South Sudan,SSD,..
2017,YR2017,Spain,ESP,3.878
2017,YR2017,Sri Lanka,LKA,0.911
2017,YR2017,St. Kitts and Nevis,KNA,..
2017,YR2017,St. Lucia,LCA,0.655
2017,YR2017,St. Martin (French part),MAF,..
2017,YR2017,St. Vincent and the Grenadines,VCT,..
2017,YR2017,Sudan,SDN,0.263
2017,YR2017,Suriname,SUR,1.15
2017,YR2017,Sweden,SWE,4.27
2017,YR2017,Switzerland,CHE,4.298
2017,YR2017,Syrian Arab Republic,SYR,..
2017,YR2017,Tajikistan,TJK,..
2017,YR2017,Tanzania,TZA,..
2017,YR2017,Thailand,THA,0.788
2017,YR2017,Timor-Leste,TLS,0.751
2017,YR2017,Togo,TGO,0.074
2017,YR2017,Tonga,TON,..
2017,YR2017,Trinidad and Tobago,TTO,3.15
2017,YR2017,Tunisia,TUN,1.261
2017,YR2017,Turkiye,TUR,1.827
2017,YR2017,Turkmenistan,TKM,..
2017,YR2017,Turks and Caicos Islands,TCA,..
2017,YR2017,Tuvalu,TUV,..
2017,YR2017,Uganda,UGA,0.172
2017,YR2017,Ukraine,UKR,..
2017,YR2017,United Arab Emirates,ARE,2.548
2017,YR2017,United Kingdom,GBR,2.814
2017,YR2017,United States,USA,..
2017,YR2017,Uruguay,URY,4.961
2017,YR2017,Uzbekistan,UZB,..
2017,YR2017,Vanuatu,VUT,..
2017,YR2017,"Venezuela, RB",VEN,1.664
2017,YR2017,Viet Nam,VNM,..
2017,YR2017,Virgin Islands (U.S.),VIR,..
2017,YR2017,West Bank and Gaza,PSE,1.774
2017,YR2017,"Yemen, Rep.",YEM,..
2017,YR2017,Zambia,ZMB,..
2017,YR2017,Zimbabwe,ZWE,0.179
2018,YR2018,Africa Eastern and Southern,AFE,..
2018,YR2018,Africa Western and Central,AFW,..
2018,YR2018,Arab World,ARB,..
2018,YR2018,Caribbean small states,CSS,..
2018,YR2018,Central Europe and the Baltics,CEB,..
2018,YR2018,Early-demographic dividend,EAR,..
2018,YR2018,East Asia & Pacific,EAS,..
2018,YR2018,East Asia & Pacific (excluding high income),EAP,..
2018,YR2018,East Asia & Pacific (IDA & IBRD countries),TEA,..
2018,YR2018,Euro area,EMU,..
2018,YR2018,Europe & Central Asia,ECS,..
2018,YR2018,Europe & Central Asia (excluding high income),ECA,..
2018,YR2018,Europe & Central Asia (IDA & IBRD countries),TEC,..
2018,YR2018,European Union,EUU,..
2018,YR2018,Fragile and conflict affected situations,FCS,..
2018,YR2018,Heavily indebted poor countries (HIPC),HPC,..
2018,YR2018,High income,HIC,..
2018,YR2018,IBRD only,IBD,..
2018,YR2018,IDA & IBRD total,IBT,..
2018,YR2018,IDA blend,IDB,..
2018,YR2018,IDA only,IDX,..
2018,YR2018,IDA total,IDA,..
2018,YR2018,Late-demographic dividend,LTE,..
2018,YR2018,Latin America & Caribbean,LCN,..
2018,YR2018,Latin America & Caribbean (excluding high income),LAC,..
2018,YR2018,Latin America & the Caribbean (IDA & IBRD countries),TLA,..
2018,YR2018,Least developed countries: UN classification,LDC,..
2018,YR2018,Low & middle income,LMY,..
2018,YR2018,Low income,LIC,..
2018,YR2018,Lower middle income,LMC,..
2018,YR2018,Middle East & North Africa,MEA,..
2018,YR2018,Middle East & North Africa (excluding high income),MNA,..
2018,YR2018,Middle East & North Africa (IDA & IBRD countries),TMN,..
2018,YR2018,Middle income,MIC,..
2018,YR2018,North America,NAC,..
2018,YR2018,Not classified,INX,..
2018,YR2018,OECD members,OED,..
2018,YR2018,Other small states,OSS,..
2018,YR2018,Pacific island small states,PSS,..
2018,YR2018,Post-demographic dividend,PST,..
2018,YR2018,Pre-demographic dividend,PRE,..
2018,YR2018,Small states,SST,..
2018,YR2018,South Asia,SAS,..
2018,YR2018,South Asia (IDA & IBRD),TSA,..
2018,YR2018,Sub-Saharan Africa,SSF,..
2018,YR2018,Sub-Saharan Africa (excluding high income),SSA,..
2018,YR2018,Sub-Saharan Africa (IDA & IBRD countries),TSS,..
2018,YR2018,Upper middle income,UMC,..
2018,YR2018,World,WLD,..
2018,YR2018,Afghanistan,AFG,0.304
2018,YR2018,Albania,ALB,2.163
2018,YR2018,Algeria,DZA,1.732
2018,YR2018,American Samoa,ASM,..
2018,YR2018,Andorra,AND,..
2018,YR2018,Angola,AGO,0.211
2018,YR2018,Antigua and Barbuda,ATG,..
2018,YR2018,Argentina,ARG,..
2018,YR2018,Armenia,ARM,..
2018,YR2018,Aruba,ABW,..
2018,YR2018,Australia,AUS,3.747
2018,YR2018,Austria,AUT,5.241
2018,YR2018,Azerbaijan,AZE,3.2
2018,YR2018,"Bahamas, The",BHS,..
2018,YR2018,Bahrain,BHR,..
2018,YR2018,Bangladesh,BGD,0.573
2018,YR2018,Barbados,BRB,..
2018,YR2018,Belarus,BLR,4.386
2018,YR2018,Belgium,BEL,3.124
2018,YR2018,Belize,BLZ,1.081
2018,YR2018,Benin,BEN,0.076
2018,YR2018,Bermuda,BMU,..
2018,YR2018,Bhutan,BTN,0.42
2018,YR2018,Bolivia,BOL,..
2018,YR2018,Bosnia and Herzegovina,BIH,..
2018,YR2018,Botswana,BWA,0.348
2018,YR2018,Brazil,BRA,..
2018,YR2018,British Virgin Islands,VGB,..
2018,YR2018,Brunei Darussalam,BRN,..
2018,YR2018,Bulgaria,BGR,4.168
2018,YR2018,Burkina Faso,BFA,0.083
2018,YR2018,Burundi,BDI,0.094
2018,YR2018,Cabo Verde,CPV,0.791
2018,YR2018,Cambodia,KHM,..
2018,YR2018,Cameroon,CMR,0.13
2018,YR2018,Canada,CAN,2.428
2018,YR2018,Cayman Islands,CYM,..
2018,YR2018,Central African Republic,CAF,0.066
2018,YR2018,Chad,TCD,0.052
2018,YR2018,Channel Islands,CHI,..
2018,YR2018,Chile,CHL,2.595
2018,YR2018,China,CHN,2.124
2018,YR2018,Colombia,COL,2.202
2018,YR2018,Comoros,COM,0.283
2018,YR2018,"Congo, Dem. Rep.",COD,0.362
2018,YR2018,"Congo, Rep.",COG,0.1
2018,YR2018,Costa Rica,CRI,2.87
2018,YR2018,Cote d'Ivoire,CIV,0.22
2018,YR2018,Croatia,HRV,3.383
2018,YR2018,Cuba,CUB,8.427
2018,YR2018,Curacao,CUW,..
2018,YR2018,Cyprus,CYP,2.908
2018,YR2018,Czechia,CZE,4.074
2018,YR2018,Denmark,DNK,4.215
2018,YR2018,Djibouti,DJI,..
2018,YR2018,Dominica,DMA,1.116
2018,YR2018,Dominican Republic,DOM,1.392
2018,YR2018,Ecuador,ECU,..
2018,YR2018,"Egypt, Arab Rep.",EGY,0.73
2018,YR2018,El Salvador,SLV,2.936
2018,YR2018,Equatorial Guinea,GNQ,..
2018,YR2018,Eritrea,ERI,0.081
2018,YR2018,Estonia,EST,3.483
2018,YR2018,Eswatini,SWZ,0.24
2018,YR2018,Ethiopia,ETH,0.076
2018,YR2018,Faroe Islands,FRO,..
2018,YR2018,Fiji,FJI,..
2018,YR2018,Finland,FIN,3.48
2018,YR2018,France,FRA,3.276
2018,YR2018,French Polynesia,PYF,..
2018,YR2018,Gabon,GAB,0.624
2018,YR2018,"Gambia, The",GMB,0.122
2018,YR2018,Georgia,GEO,7.555
2018,YR2018,Germany,DEU,4.311
2018,YR2018,Ghana,GHA,0.143
2018,YR2018,Gibraltar,GIB,..
2018,YR2018,Greece,GRC,6.161
2018,YR2018,Greenland,GRL,..
2018,YR2018,Grenada,GRD,1.314
2018,YR2018,Guam,GUM,..
2018,YR2018,Guatemala,GTM,0.363
2018,YR2018,Guinea,GIN,0.222
2018,YR2018,Guinea-Bissau,GNB,0.165
2018,YR2018,Guyana,GUY,1.804
2018,YR2018,Haiti,HTI,0.237
2018,YR2018,Honduras,HND,..
2018,YR2018,"Hong Kong SAR, China",HKG,..
2018,YR2018,Hungary,HUN,3.384
2018,YR2018,Iceland,ISL,3.891
2018,YR2018,India,IND,0.678
2018,YR2018,Indonesia,IDN,0.425
2018,YR2018,"Iran, Islamic Rep.",IRN,1.514
2018,YR2018,Iraq,IRQ,0.67
2018,YR2018,Ireland,IRL,3.302
2018,YR2018,Isle of Man,IMN,..
2018,YR2018,Israel,ISR,3.499
2018,YR2018,Italy,ITA,4.013
2018,YR2018,Jamaica,JAM,0.55
2018,YR2018,Japan,JPN,2.498
2018,YR2018,Jordan,JOR,..
2018,YR2018,Kazakhstan,KAZ,3.931
2018,YR2018,Kenya,KEN,0.161
2018,YR2018,Kiribati,KIR,..
2018,YR2018,"Korea, Dem. People's Rep.",PRK,..
2018,YR2018,"Korea, Rep.",KOR,2.385
2018,YR2018,Kosovo,XKX,..
2018,YR2018,Kuwait,KWT,..
2018,YR2018,Kyrgyz Republic,KGZ,..
2018,YR2018,Lao PDR,LAO,0.362
2018,YR2018,Latvia,LVA,3.289
2018,YR2018,Lebanon,LBN,2.425
2018,YR2018,Lesotho,LSO,0.454
2018,YR2018,Liberia,LBR,0.05
2018,YR2018,Libya,LBY,..
2018,YR2018,Liechtenstein,LIE,..
2018,YR2018,Lithuania,LTU,4.479
2018,YR2018,Luxembourg,LUX,..
2018,YR2018,"Macao SAR, China",MAC,..
2018,YR2018,Madagascar,MDG,0.195
2018,YR2018,Malawi,MWI,0.15
2018,YR2018,Malaysia,MYS,1.888
2018,YR2018,Maldives,MDV,1.799
2018,YR2018,Mali,MLI,0.123
2018,YR2018,Malta,MLT,..
2018,YR2018,Marshall Islands,MHL,..
2018,YR2018,Mauritania,MRT,0.192
2018,YR2018,Mauritius,MUS,1.849
2018,YR2018,Mexico,MEX,2.467
2018,YR2018,"Micronesia, Fed. Sts.",FSM,..
2018,YR2018,Moldova,MDA,..
2018,YR2018,Monaco,MCO,..
2018,YR2018,Mongolia,MNG,3.859
2018,YR2018,Montenegro,MNE,2.74
2018,YR2018,Morocco,MAR,..
2018,YR2018,Mozambique,MOZ,0.084
2018,YR2018,Myanmar,MMR,0.69
2018,YR2018,Namibia,NAM,0.601
2018,YR2018,Nauru,NRU,..
2018,YR2018,Nepal,NPL,0.738
2018,YR2018,Netherlands,NLD,3.661
2018,YR2018,New Caledonia,NCL,..
2018,YR2018,New Zealand,NZL,3.353
2018,YR2018,Nicaragua,NIC,0.664
2018,YR2018,Niger,NER,0.036
2018,YR2018,Nigeria,NGA,0.376
2018,YR2018,North Macedonia,MKD,..
2018,YR2018,Northern Mariana Islands,MNP,..
2018,YR2018,Norway,NOR,4.857
2018,YR2018,Oman,OMN,2.103
2018,YR2018,Pakistan,PAK,0.947
2018,YR2018,Palau,PLW,..
2018,YR2018,Panama,PAN,1.61
2018,YR2018,Papua New Guinea,PNG,0.065
2018,YR2018,Paraguay,PRY,1.462
2018,YR2018,Peru,PER,1.36
2018,YR2018,Philippines,PHL,0.701
2018,YR2018,Poland,POL,..
2018,YR2018,Portugal,PRT,5.294
2018,YR2018,Puerto Rico,PRI,..
2018,YR2018,Qatar,QAT,2.499
2018,YR2018,Romania,ROU,..
2018,YR2018,Russian Federation,RUS,4.119
2018,YR2018,Rwanda,RWA,0.132
2018,YR2018,Samoa,WSM,..
2018,YR2018,San Marino,SMR,..
2018,YR2018,Sao Tome and Principe,STP,..
2018,YR2018,Saudi Arabia,SAU,2.514
2018,YR2018,Senegal,SEN,..
2018,YR2018,Serbia,SRB,..
2018,YR2018,Seychelles,SYC,2.328
2018,YR2018,Sierra Leone,SLE,0.072
2018,YR2018,Singapore,SGP,2.368
2018,YR2018,Sint Maarten (Dutch part),SXM,..
2018,YR2018,Slovak Republic,SVK,3.521
2018,YR2018,Slovenia,SVN,3.13
2018,YR2018,Solomon Islands,SLB,..
2018,YR2018,Somalia,SOM,..
2018,YR2018,South Africa,ZAF,0.759
2018,YR2018,South Sudan,SSD,0.04
2018,YR2018,Spain,ESP,4.021
2018,YR2018,Sri Lanka,LKA,0.988
2018,YR2018,St. Kitts and Nevis,KNA,3.034
2018,YR2018,St. Lucia,LCA,..
2018,YR2018,St. Martin (French part),MAF,..
2018,YR2018,St. Vincent and the Grenadines,VCT,..
2018,YR2018,Sudan,SDN,..
2018,YR2018,Suriname,SUR,0.795
2018,YR2018,Sweden,SWE,4.327
2018,YR2018,Switzerland,CHE,4.339
2018,YR2018,Syrian Arab Republic,SYR,..
2018,YR2018,Tajikistan,TJK,..
2018,YR2018,Tanzania,TZA,0.05
2018,YR2018,Thailand,THA,0.786
2018,YR2018,Timor-Leste,TLS,0.726
2018,YR2018,Togo,TGO,0.076
2018,YR2018,Tonga,TON,..
2018,YR2018,Trinidad and Tobago,TTO,3.849
2018,YR2018,Tunisia,TUN,..
2018,YR2018,Turkiye,TUR,1.849
2018,YR2018,Turkmenistan,TKM,..
2018,YR2018,Turks and Caicos Islands,TCA,..
2018,YR2018,Tuvalu,TUV,..
2018,YR2018,Uganda,UGA,0.414
2018,YR2018,Ukraine,UKR,..
2018,YR2018,United Arab Emirates,ARE,2.664
2018,YR2018,United Kingdom,GBR,2.834
2018,YR2018,United States,USA,2.57
2018,YR2018,Uruguay,URY,..
2018,YR2018,Uzbekistan,UZB,..
2018,YR2018,Vanuatu,VUT,..
2018,YR2018,"Venezuela, RB",VEN,..
2018,YR2018,Viet Nam,VNM,..
2018,YR2018,Virgin Islands (U.S.),VIR,..
2018,YR2018,West Bank and Gaza,PSE,2.168
2018,YR2018,"Yemen, Rep.",YEM,..
2018,YR2018,Zambia,ZMB,0.225
2018,YR2018,Zimbabwe,ZWE,0.201
2019,YR2019,Africa Eastern and Southern,AFE,0.243198234055181
2019,YR2019,Africa Western and Central,AFW,0.242104680152596
2019,YR2019,Arab World,ARB,1.23517990135633
2019,YR2019,Caribbean small states,CSS,1.4251350091276
2019,YR2019,Central Europe and the Baltics,CEB,3.806256105993
2019,YR2019,Early-demographic dividend,EAR,0.973439838173752
2019,YR2019,East Asia & Pacific,EAS,1.98442527931893
2019,YR2019,East Asia & Pacific (excluding high income),EAP,1.9034158937655
2019,YR2019,East Asia & Pacific (IDA & IBRD countries),TEA,1.88152907433946
2019,YR2019,Euro area,EMU,4.33034705500295
2019,YR2019,Europe & Central Asia,ECS,3.83803361139434
2019,YR2019,Europe & Central Asia (excluding high income),ECA,..
2019,YR2019,Europe & Central Asia (IDA & IBRD countries),TEC,3.32755865400424
2019,YR2019,European Union,EUU,4.28314075701631
2019,YR2019,Fragile and conflict affected situations,FCS,0.413591580312035
2019,YR2019,Heavily indebted poor countries (HIPC),HPC,0.180856034005506
2019,YR2019,High income,HIC,3.6158065136029
2019,YR2019,IBRD only,IBD,..
2019,YR2019,IDA & IBRD total,IBT,1.35121717396083
2019,YR2019,IDA blend,IDB,..
2019,YR2019,IDA only,IDX,..
2019,YR2019,IDA total,IDA,..
2019,YR2019,Late-demographic dividend,LTE,2.3943970216477
2019,YR2019,Latin America & Caribbean,LCN,2.33674632142453
2019,YR2019,Latin America & Caribbean (excluding high income),LAC,2.33037393736653
2019,YR2019,Latin America & the Caribbean (IDA & IBRD countries),TLA,2.22760281997883
2019,YR2019,Least developed countries: UN classification,LDC,0.300453835813918
2019,YR2019,Low & middle income,LMY,1.28206236179955
2019,YR2019,Low income,LIC,0.350448688889811
2019,YR2019,Lower middle income,LMC,0.686109306745872
2019,YR2019,Middle East & North Africa,MEA,1.45201554761463
2019,YR2019,Middle East & North Africa (excluding high income),MNA,1.20708035288217
2019,YR2019,Middle East & North Africa (IDA & IBRD countries),TMN,1.19484455769362
2019,YR2019,Middle income,MIC,1.3824563084878
2019,YR2019,North America,NAC,3.44284819755541
2019,YR2019,Not classified,INX,..
2019,YR2019,OECD members,OED,3.39421418664997
2019,YR2019,Other small states,OSS,2.11488123650128
2019,YR2019,Pacific island small states,PSS,0.555968703912507
2019,YR2019,Post-demographic dividend,PST,3.70771994557765
2019,YR2019,Pre-demographic dividend,PRE,0.254373292828163
2019,YR2019,Small states,SST,1.79539398653557
2019,YR2019,South Asia,SAS,0.763090782213635
2019,YR2019,South Asia (IDA & IBRD),TSA,0.763090782213635
2019,YR2019,Sub-Saharan Africa,SSF,0.242748864788927
2019,YR2019,Sub-Saharan Africa (excluding high income),SSA,0.242584231197188
2019,YR2019,Sub-Saharan Africa (IDA & IBRD countries),TSS,0.242748864788928
2019,YR2019,Upper middle income,UMC,2.11434792612283
2019,YR2019,World,WLD,1.70086723452248
2019,YR2019,Afghanistan,AFG,0.214
2019,YR2019,Albania,ALB,1.651
2019,YR2019,Algeria,DZA,..
2019,YR2019,American Samoa,ASM,..
2019,YR2019,Andorra,AND,..
2019,YR2019,Angola,AGO,..
2019,YR2019,Antigua and Barbuda,ATG,..
2019,YR2019,Argentina,ARG,4.0685
2019,YR2019,Armenia,ARM,..
2019,YR2019,Aruba,ABW,..
2019,YR2019,Australia,AUS,3.827
2019,YR2019,Austria,AUT,5.318
2019,YR2019,Azerbaijan,AZE,3.111
2019,YR2019,"Bahamas, The",BHS,..
2019,YR2019,Bahrain,BHR,..
2019,YR2019,Bangladesh,BGD,0.627
2019,YR2019,Barbados,BRB,..
2019,YR2019,Belarus,BLR,4.434
2019,YR2019,Belgium,BEL,3.157
2019,YR2019,Belize,BLZ,..
2019,YR2019,Benin,BEN,0.062
2019,YR2019,Bermuda,BMU,..
2019,YR2019,Bhutan,BTN,0.335
2019,YR2019,Bolivia,BOL,..
2019,YR2019,Bosnia and Herzegovina,BIH,..
2019,YR2019,Botswana,BWA,..
2019,YR2019,Brazil,BRA,2.303
2019,YR2019,British Virgin Islands,VGB,..
2019,YR2019,Brunei Darussalam,BRN,..
2019,YR2019,Bulgaria,BGR,..
2019,YR2019,Burkina Faso,BFA,0.091
2019,YR2019,Burundi,BDI,..
2019,YR2019,Cabo Verde,CPV,..
2019,YR2019,Cambodia,KHM,0.214
2019,YR2019,Cameroon,CMR,..
2019,YR2019,Canada,CAN,2.435
2019,YR2019,Cayman Islands,CYM,..
2019,YR2019,Central African Republic,CAF,..
2019,YR2019,Chad,TCD,0.053
2019,YR2019,Channel Islands,CHI,..
2019,YR2019,Chile,CHL,2.649
2019,YR2019,China,CHN,2.258
2019,YR2019,Colombia,COL,2.259
2019,YR2019,Comoros,COM,..
2019,YR2019,"Congo, Dem. Rep.",COD,..
2019,YR2019,"Congo, Rep.",COG,..
2019,YR2019,Costa Rica,CRI,3.208
2019,YR2019,Cote d'Ivoire,CIV,0.16
2019,YR2019,Croatia,HRV,3.466
2019,YR2019,Cuba,CUB,..
2019,YR2019,Curacao,CUW,..
2019,YR2019,Cyprus,CYP,3.066
2019,YR2019,Czechia,CZE,4.119
2019,YR2019,Denmark,DNK,4.264
2019,YR2019,Djibouti,DJI,..
2019,YR2019,Dominica,DMA,..
2019,YR2019,Dominican Republic,DOM,1.433
2019,YR2019,Ecuador,ECU,..
2019,YR2019,"Egypt, Arab Rep.",EGY,0.709
2019,YR2019,El Salvador,SLV,..
2019,YR2019,Equatorial Guinea,GNQ,..
2019,YR2019,Eritrea,ERI,0.071
2019,YR2019,Estonia,EST,3.469
2019,YR2019,Eswatini,SWZ,..
2019,YR2019,Ethiopia,ETH,..
2019,YR2019,Faroe Islands,FRO,..
2019,YR2019,Fiji,FJI,..
2019,YR2019,Finland,FIN,4.296
2019,YR2019,France,FRA,3.311
2019,YR2019,French Polynesia,PYF,..
2019,YR2019,Gabon,GAB,0.61
2019,YR2019,"Gambia, The",GMB,0.1
2019,YR2019,Georgia,GEO,7.503
2019,YR2019,Germany,DEU,4.391
2019,YR2019,Ghana,GHA,0.103
2019,YR2019,Gibraltar,GIB,..
2019,YR2019,Greece,GRC,6.247
2019,YR2019,Greenland,GRL,..
2019,YR2019,Grenada,GRD,..
2019,YR2019,Guam,GUM,..
2019,YR2019,Guatemala,GTM,..
2019,YR2019,Guinea,GIN,..
2019,YR2019,Guinea-Bissau,GNB,..
2019,YR2019,Guyana,GUY,..
2019,YR2019,Haiti,HTI,..
2019,YR2019,Honduras,HND,..
2019,YR2019,"Hong Kong SAR, China",HKG,..
2019,YR2019,Hungary,HUN,3.493
2019,YR2019,Iceland,ISL,3.891
2019,YR2019,India,IND,..
2019,YR2019,Indonesia,IDN,0.467
2019,YR2019,"Iran, Islamic Rep.",IRN,..
2019,YR2019,Iraq,IRQ,..
2019,YR2019,Ireland,IRL,3.343
2019,YR2019,Isle of Man,IMN,..
2019,YR2019,Israel,ISR,3.542
2019,YR2019,Italy,ITA,4.051
2019,YR2019,Jamaica,JAM,..
2019,YR2019,Japan,JPN,..
2019,YR2019,Jordan,JOR,2.513
2019,YR2019,Kazakhstan,KAZ,3.948
2019,YR2019,Kenya,KEN,..
2019,YR2019,Kiribati,KIR,..
2019,YR2019,"Korea, Dem. People's Rep.",PRK,..
2019,YR2019,"Korea, Rep.",KOR,2.457
2019,YR2019,Kosovo,XKX,..
2019,YR2019,Kuwait,KWT,..
2019,YR2019,Kyrgyz Republic,KGZ,2.168
2019,YR2019,Lao PDR,LAO,0.364
2019,YR2019,Latvia,LVA,3.263
2019,YR2019,Lebanon,LBN,2.617
2019,YR2019,Lesotho,LSO,..
2019,YR2019,Liberia,LBR,..
2019,YR2019,Libya,LBY,..
2019,YR2019,Liechtenstein,LIE,..
2019,YR2019,Lithuania,LTU,4.481
2019,YR2019,Luxembourg,LUX,..
2019,YR2019,"Macao SAR, China",MAC,..
2019,YR2019,Madagascar,MDG,..
2019,YR2019,Malawi,MWI,..
2019,YR2019,Malaysia,MYS,2.06
2019,YR2019,Maldives,MDV,2.161
2019,YR2019,Mali,MLI,..
2019,YR2019,Malta,MLT,..
2019,YR2019,Marshall Islands,MHL,..
2019,YR2019,Mauritania,MRT,..
2019,YR2019,Mauritius,MUS,2.538
2019,YR2019,Mexico,MEX,2.474
2019,YR2019,"Micronesia, Fed. Sts.",FSM,..
2019,YR2019,Moldova,MDA,3.327
2019,YR2019,Monaco,MCO,..
2019,YR2019,Mongolia,MNG,..
2019,YR2019,Montenegro,MNE,2.709
2019,YR2019,Morocco,MAR,..
2019,YR2019,Mozambique,MOZ,0.085
2019,YR2019,Myanmar,MMR,0.751
2019,YR2019,Namibia,NAM,..
2019,YR2019,Nauru,NRU,..
2019,YR2019,Nepal,NPL,0.803
2019,YR2019,Netherlands,NLD,3.751
2019,YR2019,New Caledonia,NCL,..
2019,YR2019,New Zealand,NZL,3.39
2019,YR2019,Nicaragua,NIC,..
2019,YR2019,Niger,NER,0.038
2019,YR2019,Nigeria,NGA,0.367
2019,YR2019,North Macedonia,MKD,..
2019,YR2019,Northern Mariana Islands,MNP,..
2019,YR2019,Norway,NOR,4.968
2019,YR2019,Oman,OMN,2.086
2019,YR2019,Pakistan,PAK,1.084
2019,YR2019,Palau,PLW,..
2019,YR2019,Panama,PAN,1.638
2019,YR2019,Papua New Guinea,PNG,0.061
2019,YR2019,Paraguay,PRY,..
2019,YR2019,Peru,PER,..
2019,YR2019,Philippines,PHL,0.735
2019,YR2019,Poland,POL,..
2019,YR2019,Portugal,PRT,5.45
2019,YR2019,Puerto Rico,PRI,..
2019,YR2019,Qatar,QAT,..
2019,YR2019,Romania,ROU,..
2019,YR2019,Russian Federation,RUS,4.187
2019,YR2019,Rwanda,RWA,0.116
2019,YR2019,Samoa,WSM,..
2019,YR2019,San Marino,SMR,..
2019,YR2019,Sao Tome and Principe,STP,0.489
2019,YR2019,Saudi Arabia,SAU,2.633
2019,YR2019,Senegal,SEN,0.09
2019,YR2019,Serbia,SRB,..
2019,YR2019,Seychelles,SYC,2.107
2019,YR2019,Sierra Leone,SLE,..
2019,YR2019,Singapore,SGP,2.434
2019,YR2019,Sint Maarten (Dutch part),SXM,..
2019,YR2019,Slovak Republic,SVK,3.567
2019,YR2019,Slovenia,SVN,3.224
2019,YR2019,Solomon Islands,SLB,..
2019,YR2019,Somalia,SOM,..
2019,YR2019,South Africa,ZAF,0.799
2019,YR2019,South Sudan,SSD,..
2019,YR2019,Spain,ESP,4.404
2019,YR2019,Sri Lanka,LKA,1.137
2019,YR2019,St. Kitts and Nevis,KNA,..
2019,YR2019,St. Lucia,LCA,..
2019,YR2019,St. Martin (French part),MAF,..
2019,YR2019,St. Vincent and the Grenadines,VCT,..
2019,YR2019,Sudan,SDN,..
2019,YR2019,Suriname,SUR,..
2019,YR2019,Sweden,SWE,4.29
2019,YR2019,Switzerland,CHE,4.35
2019,YR2019,Syrian Arab Republic,SYR,..
2019,YR2019,Tajikistan,TJK,..
2019,YR2019,Tanzania,TZA,..
2019,YR2019,Thailand,THA,0.897
2019,YR2019,Timor-Leste,TLS,0.776
2019,YR2019,Togo,TGO,0.076
2019,YR2019,Tonga,TON,1.019
2019,YR2019,Trinidad and Tobago,TTO,4.108
2019,YR2019,Tunisia,TUN,..
2019,YR2019,Turkiye,TUR,1.926
2019,YR2019,Turkmenistan,TKM,..
2019,YR2019,Turks and Caicos Islands,TCA,..
2019,YR2019,Tuvalu,TUV,..
2019,YR2019,Uganda,UGA,..
2019,YR2019,Ukraine,UKR,..
2019,YR2019,United Arab Emirates,ARE,2.759
2019,YR2019,United Kingdom,GBR,2.942
2019,YR2019,United States,USA,3.518
2019,YR2019,Uruguay,URY,..
2019,YR2019,Uzbekistan,UZB,..
2019,YR2019,Vanuatu,VUT,0.158
2019,YR2019,"Venezuela, RB",VEN,..
2019,YR2019,Viet Nam,VNM,..
2019,YR2019,Virgin Islands (U.S.),VIR,..
2019,YR2019,West Bank and Gaza,PSE,..
2019,YR2019,"Yemen, Rep.",YEM,..
2019,YR2019,Zambia,ZMB,0.239
2019,YR2019,Zimbabwe,ZWE,..
2020,YR2020,Africa Eastern and Southern,AFE,..
2020,YR2020,Africa Western and Central,AFW,..
2020,YR2020,Arab World,ARB,..
2020,YR2020,Caribbean small states,CSS,..
2020,YR2020,Central Europe and the Baltics,CEB,..
2020,YR2020,Early-demographic dividend,EAR,..
2020,YR2020,East Asia & Pacific,EAS,..
2020,YR2020,East Asia & Pacific (excluding high income),EAP,..
2020,YR2020,East Asia & Pacific (IDA & IBRD countries),TEA,..
2020,YR2020,Euro area,EMU,..
2020,YR2020,Europe & Central Asia,ECS,..
2020,YR2020,Europe & Central Asia (excluding high income),ECA,..
2020,YR2020,Europe & Central Asia (IDA & IBRD countries),TEC,..
2020,YR2020,European Union,EUU,..
2020,YR2020,Fragile and conflict affected situations,FCS,..
2020,YR2020,Heavily indebted poor countries (HIPC),HPC,..
2020,YR2020,High income,HIC,..
2020,YR2020,IBRD only,IBD,..
2020,YR2020,IDA & IBRD total,IBT,..
2020,YR2020,IDA blend,IDB,..
2020,YR2020,IDA only,IDX,..
2020,YR2020,IDA total,IDA,..
2020,YR2020,Late-demographic dividend,LTE,..
2020,YR2020,Latin America & Caribbean,LCN,..
2020,YR2020,Latin America & Caribbean (excluding high income),LAC,..
2020,YR2020,Latin America & the Caribbean (IDA & IBRD countries),TLA,..
2020,YR2020,Least developed countries: UN classification,LDC,..
2020,YR2020,Low & middle income,LMY,..
2020,YR2020,Low income,LIC,..
2020,YR2020,Lower middle income,LMC,..
2020,YR2020,Middle East & North Africa,MEA,..
2020,YR2020,Middle East & North Africa (excluding high income),MNA,..
2020,YR2020,Middle East & North Africa (IDA & IBRD countries),TMN,..
2020,YR2020,Middle income,MIC,..
2020,YR2020,North America,NAC,..
2020,YR2020,Not classified,INX,..
2020,YR2020,OECD members,OED,..
2020,YR2020,Other small states,OSS,..
2020,YR2020,Pacific island small states,PSS,..
2020,YR2020,Post-demographic dividend,PST,..
2020,YR2020,Pre-demographic dividend,PRE,..
2020,YR2020,Small states,SST,..
2020,YR2020,South Asia,SAS,..
2020,YR2020,South Asia (IDA & IBRD),TSA,..
2020,YR2020,Sub-Saharan Africa,SSF,..
2020,YR2020,Sub-Saharan Africa (excluding high income),SSA,..
2020,YR2020,Sub-Saharan Africa (IDA & IBRD countries),TSS,..
2020,YR2020,Upper middle income,UMC,..
2020,YR2020,World,WLD,..
2020,YR2020,Afghanistan,AFG,0.254
2020,YR2020,Albania,ALB,1.883
2020,YR2020,Algeria,DZA,..
2020,YR2020,American Samoa,ASM,..
2020,YR2020,Andorra,AND,..
2020,YR2020,Angola,AGO,..
2020,YR2020,Antigua and Barbuda,ATG,..
2020,YR2020,Argentina,ARG,3.895
2020,YR2020,Armenia,ARM,..
2020,YR2020,Aruba,ABW,..
2020,YR2020,Australia,AUS,4.102
2020,YR2020,Austria,AUT,5.352
2020,YR2020,Azerbaijan,AZE,..
2020,YR2020,"Bahamas, The",BHS,..
2020,YR2020,Bahrain,BHR,..
2020,YR2020,Bangladesh,BGD,0.656
2020,YR2020,Barbados,BRB,..
2020,YR2020,Belarus,BLR,..
2020,YR2020,Belgium,BEL,3.208
2020,YR2020,Belize,BLZ,..
2020,YR2020,Benin,BEN,..
2020,YR2020,Bermuda,BMU,..
2020,YR2020,Bhutan,BTN,0.484
2020,YR2020,Bolivia,BOL,..
2020,YR2020,Bosnia and Herzegovina,BIH,..
2020,YR2020,Botswana,BWA,..
2020,YR2020,Brazil,BRA,..
2020,YR2020,British Virgin Islands,VGB,..
2020,YR2020,Brunei Darussalam,BRN,..
2020,YR2020,Bulgaria,BGR,..
2020,YR2020,Burkina Faso,BFA,..
2020,YR2020,Burundi,BDI,0.07
2020,YR2020,Cabo Verde,CPV,..
2020,YR2020,Cambodia,KHM,..
2020,YR2020,Cameroon,CMR,0.097
2020,YR2020,Canada,CAN,2.433
2020,YR2020,Cayman Islands,CYM,..
2020,YR2020,Central African Republic,CAF,..
2020,YR2020,Chad,TCD,0.06
2020,YR2020,Channel Islands,CHI,..
2020,YR2020,Chile,CHL,2.808
2020,YR2020,China,CHN,2.387
2020,YR2020,Colombia,COL,2.325
2020,YR2020,Comoros,COM,..
2020,YR2020,"Congo, Dem. Rep.",COD,..
2020,YR2020,"Congo, Rep.",COG,..
2020,YR2020,Costa Rica,CRI,2.718
2020,YR2020,Cote d'Ivoire,CIV,..
2020,YR2020,Croatia,HRV,..
2020,YR2020,Cuba,CUB,..
2020,YR2020,Curacao,CUW,..
2020,YR2020,Cyprus,CYP,..
2020,YR2020,Czechia,CZE,4.16
2020,YR2020,Denmark,DNK,..
2020,YR2020,Djibouti,DJI,..
2020,YR2020,Dominica,DMA,..
2020,YR2020,Dominican Republic,DOM,..
2020,YR2020,Ecuador,ECU,..
2020,YR2020,"Egypt, Arab Rep.",EGY,..
2020,YR2020,El Salvador,SLV,..
2020,YR2020,Equatorial Guinea,GNQ,..
2020,YR2020,Eritrea,ERI,0.082
2020,YR2020,Estonia,EST,3.863
2020,YR2020,Eswatini,SWZ,0.14
2020,YR2020,Ethiopia,ETH,0.104
2020,YR2020,Faroe Islands,FRO,..
2020,YR2020,Fiji,FJI,..
2020,YR2020,Finland,FIN,4.325
2020,YR2020,France,FRA,3.324
2020,YR2020,French Polynesia,PYF,..
2020,YR2020,Gabon,GAB,0.594
2020,YR2020,"Gambia, The",GMB,0.077
2020,YR2020,Georgia,GEO,4.821
2020,YR2020,Germany,DEU,4.459
2020,YR2020,Ghana,GHA,0.164
2020,YR2020,Gibraltar,GIB,..
2020,YR2020,Greece,GRC,6.306
2020,YR2020,Greenland,GRL,..
2020,YR2020,Grenada,GRD,..
2020,YR2020,Guam,GUM,..
2020,YR2020,Guatemala,GTM,1.28
2020,YR2020,Guinea,GIN,..
2020,YR2020,Guinea-Bissau,GNB,0.191
2020,YR2020,Guyana,GUY,1.405
2020,YR2020,Haiti,HTI,..
2020,YR2020,Honduras,HND,0.489
2020,YR2020,"Hong Kong SAR, China",HKG,..
2020,YR2020,Hungary,HUN,3.139
2020,YR2020,Iceland,ISL,..
2020,YR2020,India,IND,0.727
2020,YR2020,Indonesia,IDN,0.627
2020,YR2020,"Iran, Islamic Rep.",IRN,..
2020,YR2020,Iraq,IRQ,0.913
2020,YR2020,Ireland,IRL,3.484
2020,YR2020,Isle of Man,IMN,..
2020,YR2020,Israel,ISR,3.584
2020,YR2020,Italy,ITA,3.997
2020,YR2020,Jamaica,JAM,..
2020,YR2020,Japan,JPN,2.614
2020,YR2020,Jordan,JOR,..
2020,YR2020,Kazakhstan,KAZ,4.028
2020,YR2020,Kenya,KEN,..
2020,YR2020,Kiribati,KIR,..
2020,YR2020,"Korea, Dem. People's Rep.",PRK,..
2020,YR2020,"Korea, Rep.",KOR,2.508
2020,YR2020,Kosovo,XKX,..
2020,YR2020,Kuwait,KWT,2.293
2020,YR2020,Kyrgyz Republic,KGZ,..
2020,YR2020,Lao PDR,LAO,0.357
2020,YR2020,Latvia,LVA,3.345
2020,YR2020,Lebanon,LBN,..
2020,YR2020,Lesotho,LSO,..
2020,YR2020,Liberia,LBR,..
2020,YR2020,Libya,LBY,..
2020,YR2020,Liechtenstein,LIE,..
2020,YR2020,Lithuania,LTU,4.442
2020,YR2020,Luxembourg,LUX,..
2020,YR2020,"Macao SAR, China",MAC,..
2020,YR2020,Madagascar,MDG,..
2020,YR2020,Malawi,MWI,0.049
2020,YR2020,Malaysia,MYS,2.228
2020,YR2020,Maldives,MDV,..
2020,YR2020,Mali,MLI,..
2020,YR2020,Malta,MLT,..
2020,YR2020,Marshall Islands,MHL,..
2020,YR2020,Mauritania,MRT,..
2020,YR2020,Mauritius,MUS,2.658
2020,YR2020,Mexico,MEX,2.441
2020,YR2020,"Micronesia, Fed. Sts.",FSM,0.963
2020,YR2020,Moldova,MDA,4.057
2020,YR2020,Monaco,MCO,..
2020,YR2020,Mongolia,MNG,..
2020,YR2020,Montenegro,MNE,2.736
2020,YR2020,Morocco,MAR,..
2020,YR2020,Mozambique,MOZ,0.083
2020,YR2020,Myanmar,MMR,..
2020,YR2020,Namibia,NAM,..
2020,YR2020,Nauru,NRU,..
2020,YR2020,Nepal,NPL,0.846
2020,YR2020,Netherlands,NLD,3.836
2020,YR2020,New Caledonia,NCL,..
2020,YR2020,New Zealand,NZL,3.448
2020,YR2020,Nicaragua,NIC,..
2020,YR2020,Niger,NER,0.034
2020,YR2020,Nigeria,NGA,..
2020,YR2020,North Macedonia,MKD,..
2020,YR2020,Northern Mariana Islands,MNP,..
2020,YR2020,Norway,NOR,5.086
2020,YR2020,Oman,OMN,1.994
2020,YR2020,Pakistan,PAK,..
2020,YR2020,Palau,PLW,1.778
2020,YR2020,Panama,PAN,1.629
2020,YR2020,Papua New Guinea,PNG,..
2020,YR2020,Paraguay,PRY,1.0515
2020,YR2020,Peru,PER,..
2020,YR2020,Philippines,PHL,0.752
2020,YR2020,Poland,POL,3.714
2020,YR2020,Portugal,PRT,5.615
2020,YR2020,Puerto Rico,PRI,..
2020,YR2020,Qatar,QAT,..
2020,YR2020,Romania,ROU,..
2020,YR2020,Russian Federation,RUS,3.827
2020,YR2020,Rwanda,RWA,..
2020,YR2020,Samoa,WSM,0.554
2020,YR2020,San Marino,SMR,..
2020,YR2020,Sao Tome and Principe,STP,..
2020,YR2020,Saudi Arabia,SAU,2.648
2020,YR2020,Senegal,SEN,0.084
2020,YR2020,Serbia,SRB,..
2020,YR2020,Seychelles,SYC,..
2020,YR2020,Sierra Leone,SLE,0.07
2020,YR2020,Singapore,SGP,..
2020,YR2020,Sint Maarten (Dutch part),SXM,..
2020,YR2020,Slovak Republic,SVK,3.67
2020,YR2020,Slovenia,SVN,3.279
2020,YR2020,Solomon Islands,SLB,..
2020,YR2020,Somalia,SOM,..
2020,YR2020,South Africa,ZAF,..
2020,YR2020,South Sudan,SSD,..
2020,YR2020,Spain,ESP,4.577
2020,YR2020,Sri Lanka,LKA,1.212
2020,YR2020,St. Kitts and Nevis,KNA,..
2020,YR2020,St. Lucia,LCA,..
2020,YR2020,St. Martin (French part),MAF,..
2020,YR2020,St. Vincent and the Grenadines,VCT,..
2020,YR2020,Sudan,SDN,..
2020,YR2020,Suriname,SUR,..
2020,YR2020,Sweden,SWE,7.062
2020,YR2020,Switzerland,CHE,4.389
2020,YR2020,Syrian Arab Republic,SYR,..
2020,YR2020,Tajikistan,TJK,..
2020,YR2020,Tanzania,TZA,..
2020,YR2020,Thailand,THA,0.928
2020,YR2020,Timor-Leste,TLS,0.767
2020,YR2020,Togo,TGO,0.081
2020,YR2020,Tonga,TON,0.95
2020,YR2020,Trinidad and Tobago,TTO,..
2020,YR2020,Tunisia,TUN,..
2020,YR2020,Turkiye,TUR,2.036
2020,YR2020,Turkmenistan,TKM,..
2020,YR2020,Turks and Caicos Islands,TCA,..
2020,YR2020,Tuvalu,TUV,1.261
2020,YR2020,Uganda,UGA,0.158
2020,YR2020,Ukraine,UKR,..
2020,YR2020,United Arab Emirates,ARE,2.879
2020,YR2020,United Kingdom,GBR,3.041
2020,YR2020,United States,USA,3.555
2020,YR2020,Uruguay,URY,..
2020,YR2020,Uzbekistan,UZB,..
2020,YR2020,Vanuatu,VUT,..
2020,YR2020,"Venezuela, RB",VEN,..
2020,YR2020,Viet Nam,VNM,..
2020,YR2020,Virgin Islands (U.S.),VIR,..
2020,YR2020,West Bank and Gaza,PSE,..
2020,YR2020,"Yemen, Rep.",YEM,..
2020,YR2020,Zambia,ZMB,0.255
2020,YR2020,Zimbabwe,ZWE,0.189
,,,,
,,,,
,,,,
Data from database: Health Nutrition and Population Statistics,,,,
Last Updated: 07/01/2024,,,,
