Year,Year Code,Country Name,Country Code,People using at least basic drinking water services (% of population) [SH.H2O.BASW.ZS]
1990,YR1990,Africa Eastern and Southern,AFE,..
1990,YR1990,Africa Western and Central,AFW,..
1990,YR1990,Arab World,ARB,..
1990,YR1990,Caribbean small states,CSS,..
1990,YR1990,Central Europe and the Baltics,CEB,..
1990,YR1990,Early-demographic dividend,EAR,..
1990,YR1990,East Asia & Pacific,EAS,..
1990,YR1990,East Asia & Pacific (excluding high income),EAP,..
1990,YR1990,East Asia & Pacific (IDA & IBRD countries),TEA,..
1990,YR1990,Euro area,EMU,..
1990,YR1990,Europe & Central Asia,ECS,..
1990,YR1990,Europe & Central Asia (excluding high income),ECA,..
1990,YR1990,Europe & Central Asia (IDA & IBRD countries),TEC,..
1990,YR1990,European Union,EUU,..
1990,YR1990,Fragile and conflict affected situations,FCS,..
1990,YR1990,Heavily indebted poor countries (HIPC),HPC,..
1990,YR1990,High income,HIC,..
1990,YR1990,IBRD only,IBD,..
1990,YR1990,IDA & IBRD total,IBT,..
1990,YR1990,IDA blend,IDB,..
1990,YR1990,IDA only,IDX,..
1990,YR1990,IDA total,IDA,..
1990,YR1990,Late-demographic dividend,LTE,..
1990,YR1990,Latin America & Caribbean,LCN,..
1990,YR1990,Latin America & Caribbean (excluding high income),LAC,..
1990,YR1990,Latin America & the Caribbean (IDA & IBRD countries),TLA,..
1990,YR1990,Least developed countries: UN classification,LDC,..
1990,YR1990,Low & middle income,LMY,..
1990,YR1990,Low income,LIC,..
1990,YR1990,Lower middle income,LMC,..
1990,YR1990,Middle East & North Africa,MEA,..
1990,YR1990,Middle East & North Africa (excluding high income),MNA,..
1990,YR1990,Middle East & North Africa (IDA & IBRD countries),TMN,..
1990,YR1990,Middle income,MIC,..
1990,YR1990,North America,NAC,..
1990,YR1990,Not classified,INX,..
1990,YR1990,OECD members,OED,..
1990,YR1990,Other small states,OSS,..
1990,YR1990,Pacific island small states,PSS,..
1990,YR1990,Post-demographic dividend,PST,..
1990,YR1990,Pre-demographic dividend,PRE,..
1990,YR1990,Small states,SST,..
1990,YR1990,South Asia,SAS,..
1990,YR1990,South Asia (IDA & IBRD),TSA,..
1990,YR1990,Sub-Saharan Africa,SSF,..
1990,YR1990,Sub-Saharan Africa (excluding high income),SSA,..
1990,YR1990,Sub-Saharan Africa (IDA & IBRD countries),TSS,..
1990,YR1990,Upper middle income,UMC,..
1990,YR1990,World,WLD,..
1990,YR1990,Afghanistan,AFG,..
1990,YR1990,Albania,ALB,..
1990,YR1990,Algeria,DZA,..
1990,YR1990,American Samoa,ASM,..
1990,YR1990,Andorra,AND,..
1990,YR1990,Angola,AGO,..
1990,YR1990,Antigua and Barbuda,ATG,..
1990,YR1990,Argentina,ARG,..
1990,YR1990,Armenia,ARM,..
1990,YR1990,Aruba,ABW,..
1990,YR1990,Australia,AUS,..
1990,YR1990,Austria,AUT,..
1990,YR1990,Azerbaijan,AZE,..
1990,YR1990,"Bahamas, The",BHS,..
1990,YR1990,Bahrain,BHR,..
1990,YR1990,Bangladesh,BGD,..
1990,YR1990,Barbados,BRB,..
1990,YR1990,Belarus,BLR,..
1990,YR1990,Belgium,BEL,..
1990,YR1990,Belize,BLZ,..
1990,YR1990,Benin,BEN,..
1990,YR1990,Bermuda,BMU,..
1990,YR1990,Bhutan,BTN,..
1990,YR1990,Bolivia,BOL,..
1990,YR1990,Bosnia and Herzegovina,BIH,..
1990,YR1990,Botswana,BWA,..
1990,YR1990,Brazil,BRA,..
1990,YR1990,British Virgin Islands,VGB,..
1990,YR1990,Brunei Darussalam,BRN,..
1990,YR1990,Bulgaria,BGR,..
1990,YR1990,Burkina Faso,BFA,..
1990,YR1990,Burundi,BDI,..
1990,YR1990,Cabo Verde,CPV,..
1990,YR1990,Cambodia,KHM,..
1990,YR1990,Cameroon,CMR,..
1990,YR1990,Canada,CAN,..
1990,YR1990,Cayman Islands,CYM,..
1990,YR1990,Central African Republic,CAF,..
1990,YR1990,Chad,TCD,..
1990,YR1990,Channel Islands,CHI,..
1990,YR1990,Chile,CHL,..
1990,YR1990,China,CHN,..
1990,YR1990,Colombia,COL,..
1990,YR1990,Comoros,COM,..
1990,YR1990,"Congo, Dem. Rep.",COD,..
1990,YR1990,"Congo, Rep.",COG,..
1990,YR1990,Costa Rica,CRI,..
1990,YR1990,Cote d'Ivoire,CIV,..
1990,YR1990,Croatia,HRV,..
1990,YR1990,Cuba,CUB,..
1990,YR1990,Curacao,CUW,..
1990,YR1990,Cyprus,CYP,..
1990,YR1990,Czechia,CZE,..
1990,YR1990,Denmark,DNK,..
1990,YR1990,Djibouti,DJI,..
1990,YR1990,Dominica,DMA,..
1990,YR1990,Dominican Republic,DOM,..
1990,YR1990,Ecuador,ECU,..
1990,YR1990,"Egypt, Arab Rep.",EGY,..
1990,YR1990,El Salvador,SLV,..
1990,YR1990,Equatorial Guinea,GNQ,..
1990,YR1990,Eritrea,ERI,..
1990,YR1990,Estonia,EST,..
1990,YR1990,Eswatini,SWZ,..
1990,YR1990,Ethiopia,ETH,..
1990,YR1990,Faroe Islands,FRO,..
1990,YR1990,Fiji,FJI,..
1990,YR1990,Finland,FIN,..
1990,YR1990,France,FRA,..
1990,YR1990,French Polynesia,PYF,..
1990,YR1990,Gabon,GAB,..
1990,YR1990,"Gambia, The",GMB,..
1990,YR1990,Georgia,GEO,..
1990,YR1990,Germany,DEU,..
1990,YR1990,Ghana,GHA,..
1990,YR1990,Gibraltar,GIB,..
1990,YR1990,Greece,GRC,..
1990,YR1990,Greenland,GRL,..
1990,YR1990,Grenada,GRD,..
1990,YR1990,Guam,GUM,..
1990,YR1990,Guatemala,GTM,..
1990,YR1990,Guinea,GIN,..
1990,YR1990,Guinea-Bissau,GNB,..
1990,YR1990,Guyana,GUY,..
1990,YR1990,Haiti,HTI,..
1990,YR1990,Honduras,HND,..
1990,YR1990,"Hong Kong SAR, China",HKG,..
1990,YR1990,Hungary,HUN,..
1990,YR1990,Iceland,ISL,..
1990,YR1990,India,IND,..
1990,YR1990,Indonesia,IDN,..
1990,YR1990,"Iran, Islamic Rep.",IRN,..
1990,YR1990,Iraq,IRQ,..
1990,YR1990,Ireland,IRL,..
1990,YR1990,Isle of Man,IMN,..
1990,YR1990,Israel,ISR,..
1990,YR1990,Italy,ITA,..
1990,YR1990,Jamaica,JAM,..
1990,YR1990,Japan,JPN,..
1990,YR1990,Jordan,JOR,..
1990,YR1990,Kazakhstan,KAZ,..
1990,YR1990,Kenya,KEN,..
1990,YR1990,Kiribati,KIR,..
1990,YR1990,"Korea, Dem. People's Rep.",PRK,..
1990,YR1990,"Korea, Rep.",KOR,..
1990,YR1990,Kosovo,XKX,..
1990,YR1990,Kuwait,KWT,..
1990,YR1990,Kyrgyz Republic,KGZ,..
1990,YR1990,Lao PDR,LAO,..
1990,YR1990,Latvia,LVA,..
1990,YR1990,Lebanon,LBN,..
1990,YR1990,Lesotho,LSO,..
1990,YR1990,Liberia,LBR,..
1990,YR1990,Libya,LBY,..
1990,YR1990,Liechtenstein,LIE,..
1990,YR1990,Lithuania,LTU,..
1990,YR1990,Luxembourg,LUX,..
1990,YR1990,"Macao SAR, China",MAC,..
1990,YR1990,Madagascar,MDG,..
1990,YR1990,Malawi,MWI,..
1990,YR1990,Malaysia,MYS,..
1990,YR1990,Maldives,MDV,..
1990,YR1990,Mali,MLI,..
1990,YR1990,Malta,MLT,..
1990,YR1990,Marshall Islands,MHL,..
1990,YR1990,Mauritania,MRT,..
1990,YR1990,Mauritius,MUS,..
1990,YR1990,Mexico,MEX,..
1990,YR1990,"Micronesia, Fed. Sts.",FSM,..
1990,YR1990,Moldova,MDA,..
1990,YR1990,Monaco,MCO,..
1990,YR1990,Mongolia,MNG,..
1990,YR1990,Montenegro,MNE,..
1990,YR1990,Morocco,MAR,..
1990,YR1990,Mozambique,MOZ,..
1990,YR1990,Myanmar,MMR,..
1990,YR1990,Namibia,NAM,..
1990,YR1990,Nauru,NRU,..
1990,YR1990,Nepal,NPL,..
1990,YR1990,Netherlands,NLD,..
1990,YR1990,New Caledonia,NCL,..
1990,YR1990,New Zealand,NZL,..
1990,YR1990,Nicaragua,NIC,..
1990,YR1990,Niger,NER,..
1990,YR1990,Nigeria,NGA,..
1990,YR1990,North Macedonia,MKD,..
1990,YR1990,Northern Mariana Islands,MNP,..
1990,YR1990,Norway,NOR,..
1990,YR1990,Oman,OMN,..
1990,YR1990,Pakistan,PAK,..
1990,YR1990,Palau,PLW,..
1990,YR1990,Panama,PAN,..
1990,YR1990,Papua New Guinea,PNG,..
1990,YR1990,Paraguay,PRY,..
1990,YR1990,Peru,PER,..
1990,YR1990,Philippines,PHL,..
1990,YR1990,Poland,POL,..
1990,YR1990,Portugal,PRT,..
1990,YR1990,Puerto Rico,PRI,..
1990,YR1990,Qatar,QAT,..
1990,YR1990,Romania,ROU,..
1990,YR1990,Russian Federation,RUS,..
1990,YR1990,Rwanda,RWA,..
1990,YR1990,Samoa,WSM,..
1990,YR1990,San Marino,SMR,..
1990,YR1990,Sao Tome and Principe,STP,..
1990,YR1990,Saudi Arabia,SAU,..
1990,YR1990,Senegal,SEN,..
1990,YR1990,Serbia,SRB,..
1990,YR1990,Seychelles,SYC,..
1990,YR1990,Sierra Leone,SLE,..
1990,YR1990,Singapore,SGP,..
1990,YR1990,Sint Maarten (Dutch part),SXM,..
1990,YR1990,Slovak Republic,SVK,..
1990,YR1990,Slovenia,SVN,..
1990,YR1990,Solomon Islands,SLB,..
1990,YR1990,Somalia,SOM,..
1990,YR1990,South Africa,ZAF,..
1990,YR1990,South Sudan,SSD,..
1990,YR1990,Spain,ESP,..
1990,YR1990,Sri Lanka,LKA,..
1990,YR1990,St. Kitts and Nevis,KNA,..
1990,YR1990,St. Lucia,LCA,..
1990,YR1990,St. Martin (French part),MAF,..
1990,YR1990,St. Vincent and the Grenadines,VCT,..
1990,YR1990,Sudan,SDN,..
1990,YR1990,Suriname,SUR,..
1990,YR1990,Sweden,SWE,..
1990,YR1990,Switzerland,CHE,..
1990,YR1990,Syrian Arab Republic,SYR,..
1990,YR1990,Tajikistan,TJK,..
1990,YR1990,Tanzania,TZA,..
1990,YR1990,Thailand,THA,..
1990,YR1990,Timor-Leste,TLS,..
1990,YR1990,Togo,TGO,..
1990,YR1990,Tonga,TON,..
1990,YR1990,Trinidad and Tobago,TTO,..
1990,YR1990,Tunisia,TUN,..
1990,YR1990,Turkiye,TUR,..
1990,YR1990,Turkmenistan,TKM,..
1990,YR1990,Turks and Caicos Islands,TCA,..
1990,YR1990,Tuvalu,TUV,..
1990,YR1990,Uganda,UGA,..
1990,YR1990,Ukraine,UKR,..
1990,YR1990,United Arab Emirates,ARE,..
1990,YR1990,United Kingdom,GBR,..
1990,YR1990,United States,USA,..
1990,YR1990,Uruguay,URY,..
1990,YR1990,Uzbekistan,UZB,..
1990,YR1990,Vanuatu,VUT,..
1990,YR1990,"Venezuela, RB",VEN,..
1990,YR1990,Viet Nam,VNM,..
1990,YR1990,Virgin Islands (U.S.),VIR,..
1990,YR1990,West Bank and Gaza,PSE,..
1990,YR1990,"Yemen, Rep.",YEM,..
1990,YR1990,Zambia,ZMB,..
1990,YR1990,Zimbabwe,ZWE,..
1991,YR1991,Africa Eastern and Southern,AFE,..
1991,YR1991,Africa Western and Central,AFW,..
1991,YR1991,Arab World,ARB,..
1991,YR1991,Caribbean small states,CSS,..
1991,YR1991,Central Europe and the Baltics,CEB,..
1991,YR1991,Early-demographic dividend,EAR,..
1991,YR1991,East Asia & Pacific,EAS,..
1991,YR1991,East Asia & Pacific (excluding high income),EAP,..
1991,YR1991,East Asia & Pacific (IDA & IBRD countries),TEA,..
1991,YR1991,Euro area,EMU,..
1991,YR1991,Europe & Central Asia,ECS,..
1991,YR1991,Europe & Central Asia (excluding high income),ECA,..
1991,YR1991,Europe & Central Asia (IDA & IBRD countries),TEC,..
1991,YR1991,European Union,EUU,..
1991,YR1991,Fragile and conflict affected situations,FCS,..
1991,YR1991,Heavily indebted poor countries (HIPC),HPC,..
1991,YR1991,High income,HIC,..
1991,YR1991,IBRD only,IBD,..
1991,YR1991,IDA & IBRD total,IBT,..
1991,YR1991,IDA blend,IDB,..
1991,YR1991,IDA only,IDX,..
1991,YR1991,IDA total,IDA,..
1991,YR1991,Late-demographic dividend,LTE,..
1991,YR1991,Latin America & Caribbean,LCN,..
1991,YR1991,Latin America & Caribbean (excluding high income),LAC,..
1991,YR1991,Latin America & the Caribbean (IDA & IBRD countries),TLA,..
1991,YR1991,Least developed countries: UN classification,LDC,..
1991,YR1991,Low & middle income,LMY,..
1991,YR1991,Low income,LIC,..
1991,YR1991,Lower middle income,LMC,..
1991,YR1991,Middle East & North Africa,MEA,..
1991,YR1991,Middle East & North Africa (excluding high income),MNA,..
1991,YR1991,Middle East & North Africa (IDA & IBRD countries),TMN,..
1991,YR1991,Middle income,MIC,..
1991,YR1991,North America,NAC,..
1991,YR1991,Not classified,INX,..
1991,YR1991,OECD members,OED,..
1991,YR1991,Other small states,OSS,..
1991,YR1991,Pacific island small states,PSS,..
1991,YR1991,Post-demographic dividend,PST,..
1991,YR1991,Pre-demographic dividend,PRE,..
1991,YR1991,Small states,SST,..
1991,YR1991,South Asia,SAS,..
1991,YR1991,South Asia (IDA & IBRD),TSA,..
1991,YR1991,Sub-Saharan Africa,SSF,..
1991,YR1991,Sub-Saharan Africa (excluding high income),SSA,..
1991,YR1991,Sub-Saharan Africa (IDA & IBRD countries),TSS,..
1991,YR1991,Upper middle income,UMC,..
1991,YR1991,World,WLD,..
1991,YR1991,Afghanistan,AFG,..
1991,YR1991,Albania,ALB,..
1991,YR1991,Algeria,DZA,..
1991,YR1991,American Samoa,ASM,..
1991,YR1991,Andorra,AND,..
1991,YR1991,Angola,AGO,..
1991,YR1991,Antigua and Barbuda,ATG,..
1991,YR1991,Argentina,ARG,..
1991,YR1991,Armenia,ARM,..
1991,YR1991,Aruba,ABW,..
1991,YR1991,Australia,AUS,..
1991,YR1991,Austria,AUT,..
1991,YR1991,Azerbaijan,AZE,..
1991,YR1991,"Bahamas, The",BHS,..
1991,YR1991,Bahrain,BHR,..
1991,YR1991,Bangladesh,BGD,..
1991,YR1991,Barbados,BRB,..
1991,YR1991,Belarus,BLR,..
1991,YR1991,Belgium,BEL,..
1991,YR1991,Belize,BLZ,..
1991,YR1991,Benin,BEN,..
1991,YR1991,Bermuda,BMU,..
1991,YR1991,Bhutan,BTN,..
1991,YR1991,Bolivia,BOL,..
1991,YR1991,Bosnia and Herzegovina,BIH,..
1991,YR1991,Botswana,BWA,..
1991,YR1991,Brazil,BRA,..
1991,YR1991,British Virgin Islands,VGB,..
1991,YR1991,Brunei Darussalam,BRN,..
1991,YR1991,Bulgaria,BGR,..
1991,YR1991,Burkina Faso,BFA,..
1991,YR1991,Burundi,BDI,..
1991,YR1991,Cabo Verde,CPV,..
1991,YR1991,Cambodia,KHM,..
1991,YR1991,Cameroon,CMR,..
1991,YR1991,Canada,CAN,..
1991,YR1991,Cayman Islands,CYM,..
1991,YR1991,Central African Republic,CAF,..
1991,YR1991,Chad,TCD,..
1991,YR1991,Channel Islands,CHI,..
1991,YR1991,Chile,CHL,..
1991,YR1991,China,CHN,..
1991,YR1991,Colombia,COL,..
1991,YR1991,Comoros,COM,..
1991,YR1991,"Congo, Dem. Rep.",COD,..
1991,YR1991,"Congo, Rep.",COG,..
1991,YR1991,Costa Rica,CRI,..
1991,YR1991,Cote d'Ivoire,CIV,..
1991,YR1991,Croatia,HRV,..
1991,YR1991,Cuba,CUB,..
1991,YR1991,Curacao,CUW,..
1991,YR1991,Cyprus,CYP,..
1991,YR1991,Czechia,CZE,..
1991,YR1991,Denmark,DNK,..
1991,YR1991,Djibouti,DJI,..
1991,YR1991,Dominica,DMA,..
1991,YR1991,Dominican Republic,DOM,..
1991,YR1991,Ecuador,ECU,..
1991,YR1991,"Egypt, Arab Rep.",EGY,..
1991,YR1991,El Salvador,SLV,..
1991,YR1991,Equatorial Guinea,GNQ,..
1991,YR1991,Eritrea,ERI,..
1991,YR1991,Estonia,EST,..
1991,YR1991,Eswatini,SWZ,..
1991,YR1991,Ethiopia,ETH,..
1991,YR1991,Faroe Islands,FRO,..
1991,YR1991,Fiji,FJI,..
1991,YR1991,Finland,FIN,..
1991,YR1991,France,FRA,..
1991,YR1991,French Polynesia,PYF,..
1991,YR1991,Gabon,GAB,..
1991,YR1991,"Gambia, The",GMB,..
1991,YR1991,Georgia,GEO,..
1991,YR1991,Germany,DEU,..
1991,YR1991,Ghana,GHA,..
1991,YR1991,Gibraltar,GIB,..
1991,YR1991,Greece,GRC,..
1991,YR1991,Greenland,GRL,..
1991,YR1991,Grenada,GRD,..
1991,YR1991,Guam,GUM,..
1991,YR1991,Guatemala,GTM,..
1991,YR1991,Guinea,GIN,..
1991,YR1991,Guinea-Bissau,GNB,..
1991,YR1991,Guyana,GUY,..
1991,YR1991,Haiti,HTI,..
1991,YR1991,Honduras,HND,..
1991,YR1991,"Hong Kong SAR, China",HKG,..
1991,YR1991,Hungary,HUN,..
1991,YR1991,Iceland,ISL,..
1991,YR1991,India,IND,..
1991,YR1991,Indonesia,IDN,..
1991,YR1991,"Iran, Islamic Rep.",IRN,..
1991,YR1991,Iraq,IRQ,..
1991,YR1991,Ireland,IRL,..
1991,YR1991,Isle of Man,IMN,..
1991,YR1991,Israel,ISR,..
1991,YR1991,Italy,ITA,..
1991,YR1991,Jamaica,JAM,..
1991,YR1991,Japan,JPN,..
1991,YR1991,Jordan,JOR,..
1991,YR1991,Kazakhstan,KAZ,..
1991,YR1991,Kenya,KEN,..
1991,YR1991,Kiribati,KIR,..
1991,YR1991,"Korea, Dem. People's Rep.",PRK,..
1991,YR1991,"Korea, Rep.",KOR,..
1991,YR1991,Kosovo,XKX,..
1991,YR1991,Kuwait,KWT,..
1991,YR1991,Kyrgyz Republic,KGZ,..
1991,YR1991,Lao PDR,LAO,..
1991,YR1991,Latvia,LVA,..
1991,YR1991,Lebanon,LBN,..
1991,YR1991,Lesotho,LSO,..
1991,YR1991,Liberia,LBR,..
1991,YR1991,Libya,LBY,..
1991,YR1991,Liechtenstein,LIE,..
1991,YR1991,Lithuania,LTU,..
1991,YR1991,Luxembourg,LUX,..
1991,YR1991,"Macao SAR, China",MAC,..
1991,YR1991,Madagascar,MDG,..
1991,YR1991,Malawi,MWI,..
1991,YR1991,Malaysia,MYS,..
1991,YR1991,Maldives,MDV,..
1991,YR1991,Mali,MLI,..
1991,YR1991,Malta,MLT,..
1991,YR1991,Marshall Islands,MHL,..
1991,YR1991,Mauritania,MRT,..
1991,YR1991,Mauritius,MUS,..
1991,YR1991,Mexico,MEX,..
1991,YR1991,"Micronesia, Fed. Sts.",FSM,..
1991,YR1991,Moldova,MDA,..
1991,YR1991,Monaco,MCO,..
1991,YR1991,Mongolia,MNG,..
1991,YR1991,Montenegro,MNE,..
1991,YR1991,Morocco,MAR,..
1991,YR1991,Mozambique,MOZ,..
1991,YR1991,Myanmar,MMR,..
1991,YR1991,Namibia,NAM,..
1991,YR1991,Nauru,NRU,..
1991,YR1991,Nepal,NPL,..
1991,YR1991,Netherlands,NLD,..
1991,YR1991,New Caledonia,NCL,..
1991,YR1991,New Zealand,NZL,..
1991,YR1991,Nicaragua,NIC,..
1991,YR1991,Niger,NER,..
1991,YR1991,Nigeria,NGA,..
1991,YR1991,North Macedonia,MKD,..
1991,YR1991,Northern Mariana Islands,MNP,..
1991,YR1991,Norway,NOR,..
1991,YR1991,Oman,OMN,..
1991,YR1991,Pakistan,PAK,..
1991,YR1991,Palau,PLW,..
1991,YR1991,Panama,PAN,..
1991,YR1991,Papua New Guinea,PNG,..
1991,YR1991,Paraguay,PRY,..
1991,YR1991,Peru,PER,..
1991,YR1991,Philippines,PHL,..
1991,YR1991,Poland,POL,..
1991,YR1991,Portugal,PRT,..
1991,YR1991,Puerto Rico,PRI,..
1991,YR1991,Qatar,QAT,..
1991,YR1991,Romania,ROU,..
1991,YR1991,Russian Federation,RUS,..
1991,YR1991,Rwanda,RWA,..
1991,YR1991,Samoa,WSM,..
1991,YR1991,San Marino,SMR,..
1991,YR1991,Sao Tome and Principe,STP,..
1991,YR1991,Saudi Arabia,SAU,..
1991,YR1991,Senegal,SEN,..
1991,YR1991,Serbia,SRB,..
1991,YR1991,Seychelles,SYC,..
1991,YR1991,Sierra Leone,SLE,..
1991,YR1991,Singapore,SGP,..
1991,YR1991,Sint Maarten (Dutch part),SXM,..
1991,YR1991,Slovak Republic,SVK,..
1991,YR1991,Slovenia,SVN,..
1991,YR1991,Solomon Islands,SLB,..
1991,YR1991,Somalia,SOM,..
1991,YR1991,South Africa,ZAF,..
1991,YR1991,South Sudan,SSD,..
1991,YR1991,Spain,ESP,..
1991,YR1991,Sri Lanka,LKA,..
1991,YR1991,St. Kitts and Nevis,KNA,..
1991,YR1991,St. Lucia,LCA,..
1991,YR1991,St. Martin (French part),MAF,..
1991,YR1991,St. Vincent and the Grenadines,VCT,..
1991,YR1991,Sudan,SDN,..
1991,YR1991,Suriname,SUR,..
1991,YR1991,Sweden,SWE,..
1991,YR1991,Switzerland,CHE,..
1991,YR1991,Syrian Arab Republic,SYR,..
1991,YR1991,Tajikistan,TJK,..
1991,YR1991,Tanzania,TZA,..
1991,YR1991,Thailand,THA,..
1991,YR1991,Timor-Leste,TLS,..
1991,YR1991,Togo,TGO,..
1991,YR1991,Tonga,TON,..
1991,YR1991,Trinidad and Tobago,TTO,..
1991,YR1991,Tunisia,TUN,..
1991,YR1991,Turkiye,TUR,..
1991,YR1991,Turkmenistan,TKM,..
1991,YR1991,Turks and Caicos Islands,TCA,..
1991,YR1991,Tuvalu,TUV,..
1991,YR1991,Uganda,UGA,..
1991,YR1991,Ukraine,UKR,..
1991,YR1991,United Arab Emirates,ARE,..
1991,YR1991,United Kingdom,GBR,..
1991,YR1991,United States,USA,..
1991,YR1991,Uruguay,URY,..
1991,YR1991,Uzbekistan,UZB,..
1991,YR1991,Vanuatu,VUT,..
1991,YR1991,"Venezuela, RB",VEN,..
1991,YR1991,Viet Nam,VNM,..
1991,YR1991,Virgin Islands (U.S.),VIR,..
1991,YR1991,West Bank and Gaza,PSE,..
1991,YR1991,"Yemen, Rep.",YEM,..
1991,YR1991,Zambia,ZMB,..
1991,YR1991,Zimbabwe,ZWE,..
1992,YR1992,Africa Eastern and Southern,AFE,..
1992,YR1992,Africa Western and Central,AFW,..
1992,YR1992,Arab World,ARB,..
1992,YR1992,Caribbean small states,CSS,..
1992,YR1992,Central Europe and the Baltics,CEB,..
1992,YR1992,Early-demographic dividend,EAR,..
1992,YR1992,East Asia & Pacific,EAS,..
1992,YR1992,East Asia & Pacific (excluding high income),EAP,..
1992,YR1992,East Asia & Pacific (IDA & IBRD countries),TEA,..
1992,YR1992,Euro area,EMU,..
1992,YR1992,Europe & Central Asia,ECS,..
1992,YR1992,Europe & Central Asia (excluding high income),ECA,..
1992,YR1992,Europe & Central Asia (IDA & IBRD countries),TEC,..
1992,YR1992,European Union,EUU,..
1992,YR1992,Fragile and conflict affected situations,FCS,..
1992,YR1992,Heavily indebted poor countries (HIPC),HPC,..
1992,YR1992,High income,HIC,..
1992,YR1992,IBRD only,IBD,..
1992,YR1992,IDA & IBRD total,IBT,..
1992,YR1992,IDA blend,IDB,..
1992,YR1992,IDA only,IDX,..
1992,YR1992,IDA total,IDA,..
1992,YR1992,Late-demographic dividend,LTE,..
1992,YR1992,Latin America & Caribbean,LCN,..
1992,YR1992,Latin America & Caribbean (excluding high income),LAC,..
1992,YR1992,Latin America & the Caribbean (IDA & IBRD countries),TLA,..
1992,YR1992,Least developed countries: UN classification,LDC,..
1992,YR1992,Low & middle income,LMY,..
1992,YR1992,Low income,LIC,..
1992,YR1992,Lower middle income,LMC,..
1992,YR1992,Middle East & North Africa,MEA,..
1992,YR1992,Middle East & North Africa (excluding high income),MNA,..
1992,YR1992,Middle East & North Africa (IDA & IBRD countries),TMN,..
1992,YR1992,Middle income,MIC,..
1992,YR1992,North America,NAC,..
1992,YR1992,Not classified,INX,..
1992,YR1992,OECD members,OED,..
1992,YR1992,Other small states,OSS,..
1992,YR1992,Pacific island small states,PSS,..
1992,YR1992,Post-demographic dividend,PST,..
1992,YR1992,Pre-demographic dividend,PRE,..
1992,YR1992,Small states,SST,..
1992,YR1992,South Asia,SAS,..
1992,YR1992,South Asia (IDA & IBRD),TSA,..
1992,YR1992,Sub-Saharan Africa,SSF,..
1992,YR1992,Sub-Saharan Africa (excluding high income),SSA,..
1992,YR1992,Sub-Saharan Africa (IDA & IBRD countries),TSS,..
1992,YR1992,Upper middle income,UMC,..
1992,YR1992,World,WLD,..
1992,YR1992,Afghanistan,AFG,..
1992,YR1992,Albania,ALB,..
1992,YR1992,Algeria,DZA,..
1992,YR1992,American Samoa,ASM,..
1992,YR1992,Andorra,AND,..
1992,YR1992,Angola,AGO,..
1992,YR1992,Antigua and Barbuda,ATG,..
1992,YR1992,Argentina,ARG,..
1992,YR1992,Armenia,ARM,..
1992,YR1992,Aruba,ABW,..
1992,YR1992,Australia,AUS,..
1992,YR1992,Austria,AUT,..
1992,YR1992,Azerbaijan,AZE,..
1992,YR1992,"Bahamas, The",BHS,..
1992,YR1992,Bahrain,BHR,..
1992,YR1992,Bangladesh,BGD,..
1992,YR1992,Barbados,BRB,..
1992,YR1992,Belarus,BLR,..
1992,YR1992,Belgium,BEL,..
1992,YR1992,Belize,BLZ,..
1992,YR1992,Benin,BEN,..
1992,YR1992,Bermuda,BMU,..
1992,YR1992,Bhutan,BTN,..
1992,YR1992,Bolivia,BOL,..
1992,YR1992,Bosnia and Herzegovina,BIH,..
1992,YR1992,Botswana,BWA,..
1992,YR1992,Brazil,BRA,..
1992,YR1992,British Virgin Islands,VGB,..
1992,YR1992,Brunei Darussalam,BRN,..
1992,YR1992,Bulgaria,BGR,..
1992,YR1992,Burkina Faso,BFA,..
1992,YR1992,Burundi,BDI,..
1992,YR1992,Cabo Verde,CPV,..
1992,YR1992,Cambodia,KHM,..
1992,YR1992,Cameroon,CMR,..
1992,YR1992,Canada,CAN,..
1992,YR1992,Cayman Islands,CYM,..
1992,YR1992,Central African Republic,CAF,..
1992,YR1992,Chad,TCD,..
1992,YR1992,Channel Islands,CHI,..
1992,YR1992,Chile,CHL,..
1992,YR1992,China,CHN,..
1992,YR1992,Colombia,COL,..
1992,YR1992,Comoros,COM,..
1992,YR1992,"Congo, Dem. Rep.",COD,..
1992,YR1992,"Congo, Rep.",COG,..
1992,YR1992,Costa Rica,CRI,..
1992,YR1992,Cote d'Ivoire,CIV,..
1992,YR1992,Croatia,HRV,..
1992,YR1992,Cuba,CUB,..
1992,YR1992,Curacao,CUW,..
1992,YR1992,Cyprus,CYP,..
1992,YR1992,Czechia,CZE,..
1992,YR1992,Denmark,DNK,..
1992,YR1992,Djibouti,DJI,..
1992,YR1992,Dominica,DMA,..
1992,YR1992,Dominican Republic,DOM,..
1992,YR1992,Ecuador,ECU,..
1992,YR1992,"Egypt, Arab Rep.",EGY,..
1992,YR1992,El Salvador,SLV,..
1992,YR1992,Equatorial Guinea,GNQ,..
1992,YR1992,Eritrea,ERI,..
1992,YR1992,Estonia,EST,..
1992,YR1992,Eswatini,SWZ,..
1992,YR1992,Ethiopia,ETH,..
1992,YR1992,Faroe Islands,FRO,..
1992,YR1992,Fiji,FJI,..
1992,YR1992,Finland,FIN,..
1992,YR1992,France,FRA,..
1992,YR1992,French Polynesia,PYF,..
1992,YR1992,Gabon,GAB,..
1992,YR1992,"Gambia, The",GMB,..
1992,YR1992,Georgia,GEO,..
1992,YR1992,Germany,DEU,..
1992,YR1992,Ghana,GHA,..
1992,YR1992,Gibraltar,GIB,..
1992,YR1992,Greece,GRC,..
1992,YR1992,Greenland,GRL,..
1992,YR1992,Grenada,GRD,..
1992,YR1992,Guam,GUM,..
1992,YR1992,Guatemala,GTM,..
1992,YR1992,Guinea,GIN,..
1992,YR1992,Guinea-Bissau,GNB,..
1992,YR1992,Guyana,GUY,..
1992,YR1992,Haiti,HTI,..
1992,YR1992,Honduras,HND,..
1992,YR1992,"Hong Kong SAR, China",HKG,..
1992,YR1992,Hungary,HUN,..
1992,YR1992,Iceland,ISL,..
1992,YR1992,India,IND,..
1992,YR1992,Indonesia,IDN,..
1992,YR1992,"Iran, Islamic Rep.",IRN,..
1992,YR1992,Iraq,IRQ,..
1992,YR1992,Ireland,IRL,..
1992,YR1992,Isle of Man,IMN,..
1992,YR1992,Israel,ISR,..
1992,YR1992,Italy,ITA,..
1992,YR1992,Jamaica,JAM,..
1992,YR1992,Japan,JPN,..
1992,YR1992,Jordan,JOR,..
1992,YR1992,Kazakhstan,KAZ,..
1992,YR1992,Kenya,KEN,..
1992,YR1992,Kiribati,KIR,..
1992,YR1992,"Korea, Dem. People's Rep.",PRK,..
1992,YR1992,"Korea, Rep.",KOR,..
1992,YR1992,Kosovo,XKX,..
1992,YR1992,Kuwait,KWT,..
1992,YR1992,Kyrgyz Republic,KGZ,..
1992,YR1992,Lao PDR,LAO,..
1992,YR1992,Latvia,LVA,..
1992,YR1992,Lebanon,LBN,..
1992,YR1992,Lesotho,LSO,..
1992,YR1992,Liberia,LBR,..
1992,YR1992,Libya,LBY,..
1992,YR1992,Liechtenstein,LIE,..
1992,YR1992,Lithuania,LTU,..
1992,YR1992,Luxembourg,LUX,..
1992,YR1992,"Macao SAR, China",MAC,..
1992,YR1992,Madagascar,MDG,..
1992,YR1992,Malawi,MWI,..
1992,YR1992,Malaysia,MYS,..
1992,YR1992,Maldives,MDV,..
1992,YR1992,Mali,MLI,..
1992,YR1992,Malta,MLT,..
1992,YR1992,Marshall Islands,MHL,..
1992,YR1992,Mauritania,MRT,..
1992,YR1992,Mauritius,MUS,..
1992,YR1992,Mexico,MEX,..
1992,YR1992,"Micronesia, Fed. Sts.",FSM,..
1992,YR1992,Moldova,MDA,..
1992,YR1992,Monaco,MCO,..
1992,YR1992,Mongolia,MNG,..
1992,YR1992,Montenegro,MNE,..
1992,YR1992,Morocco,MAR,..
1992,YR1992,Mozambique,MOZ,..
1992,YR1992,Myanmar,MMR,..
1992,YR1992,Namibia,NAM,..
1992,YR1992,Nauru,NRU,..
1992,YR1992,Nepal,NPL,..
1992,YR1992,Netherlands,NLD,..
1992,YR1992,New Caledonia,NCL,..
1992,YR1992,New Zealand,NZL,..
1992,YR1992,Nicaragua,NIC,..
1992,YR1992,Niger,NER,..
1992,YR1992,Nigeria,NGA,..
1992,YR1992,North Macedonia,MKD,..
1992,YR1992,Northern Mariana Islands,MNP,..
1992,YR1992,Norway,NOR,..
1992,YR1992,Oman,OMN,..
1992,YR1992,Pakistan,PAK,..
1992,YR1992,Palau,PLW,..
1992,YR1992,Panama,PAN,..
1992,YR1992,Papua New Guinea,PNG,..
1992,YR1992,Paraguay,PRY,..
1992,YR1992,Peru,PER,..
1992,YR1992,Philippines,PHL,..
1992,YR1992,Poland,POL,..
1992,YR1992,Portugal,PRT,..
1992,YR1992,Puerto Rico,PRI,..
1992,YR1992,Qatar,QAT,..
1992,YR1992,Romania,ROU,..
1992,YR1992,Russian Federation,RUS,..
1992,YR1992,Rwanda,RWA,..
1992,YR1992,Samoa,WSM,..
1992,YR1992,San Marino,SMR,..
1992,YR1992,Sao Tome and Principe,STP,..
1992,YR1992,Saudi Arabia,SAU,..
1992,YR1992,Senegal,SEN,..
1992,YR1992,Serbia,SRB,..
1992,YR1992,Seychelles,SYC,..
1992,YR1992,Sierra Leone,SLE,..
1992,YR1992,Singapore,SGP,..
1992,YR1992,Sint Maarten (Dutch part),SXM,..
1992,YR1992,Slovak Republic,SVK,..
1992,YR1992,Slovenia,SVN,..
1992,YR1992,Solomon Islands,SLB,..
1992,YR1992,Somalia,SOM,..
1992,YR1992,South Africa,ZAF,..
1992,YR1992,South Sudan,SSD,..
1992,YR1992,Spain,ESP,..
1992,YR1992,Sri Lanka,LKA,..
1992,YR1992,St. Kitts and Nevis,KNA,..
1992,YR1992,St. Lucia,LCA,..
1992,YR1992,St. Martin (French part),MAF,..
1992,YR1992,St. Vincent and the Grenadines,VCT,..
1992,YR1992,Sudan,SDN,..
1992,YR1992,Suriname,SUR,..
1992,YR1992,Sweden,SWE,..
1992,YR1992,Switzerland,CHE,..
1992,YR1992,Syrian Arab Republic,SYR,..
1992,YR1992,Tajikistan,TJK,..
1992,YR1992,Tanzania,TZA,..
1992,YR1992,Thailand,THA,..
1992,YR1992,Timor-Leste,TLS,..
1992,YR1992,Togo,TGO,..
1992,YR1992,Tonga,TON,..
1992,YR1992,Trinidad and Tobago,TTO,..
1992,YR1992,Tunisia,TUN,..
1992,YR1992,Turkiye,TUR,..
1992,YR1992,Turkmenistan,TKM,..
1992,YR1992,Turks and Caicos Islands,TCA,..
1992,YR1992,Tuvalu,TUV,..
1992,YR1992,Uganda,UGA,..
1992,YR1992,Ukraine,UKR,..
1992,YR1992,United Arab Emirates,ARE,..
1992,YR1992,United Kingdom,GBR,..
1992,YR1992,United States,USA,..
1992,YR1992,Uruguay,URY,..
1992,YR1992,Uzbekistan,UZB,..
1992,YR1992,Vanuatu,VUT,..
1992,YR1992,"Venezuela, RB",VEN,..
1992,YR1992,Viet Nam,VNM,..
1992,YR1992,Virgin Islands (U.S.),VIR,..
1992,YR1992,West Bank and Gaza,PSE,..
1992,YR1992,"Yemen, Rep.",YEM,..
1992,YR1992,Zambia,ZMB,..
1992,YR1992,Zimbabwe,ZWE,..
1993,YR1993,Africa Eastern and Southern,AFE,..
1993,YR1993,Africa Western and Central,AFW,..
1993,YR1993,Arab World,ARB,..
1993,YR1993,Caribbean small states,CSS,..
1993,YR1993,Central Europe and the Baltics,CEB,..
1993,YR1993,Early-demographic dividend,EAR,..
1993,YR1993,East Asia & Pacific,EAS,..
1993,YR1993,East Asia & Pacific (excluding high income),EAP,..
1993,YR1993,East Asia & Pacific (IDA & IBRD countries),TEA,..
1993,YR1993,Euro area,EMU,..
1993,YR1993,Europe & Central Asia,ECS,..
1993,YR1993,Europe & Central Asia (excluding high income),ECA,..
1993,YR1993,Europe & Central Asia (IDA & IBRD countries),TEC,..
1993,YR1993,European Union,EUU,..
1993,YR1993,Fragile and conflict affected situations,FCS,..
1993,YR1993,Heavily indebted poor countries (HIPC),HPC,..
1993,YR1993,High income,HIC,..
1993,YR1993,IBRD only,IBD,..
1993,YR1993,IDA & IBRD total,IBT,..
1993,YR1993,IDA blend,IDB,..
1993,YR1993,IDA only,IDX,..
1993,YR1993,IDA total,IDA,..
1993,YR1993,Late-demographic dividend,LTE,..
1993,YR1993,Latin America & Caribbean,LCN,..
1993,YR1993,Latin America & Caribbean (excluding high income),LAC,..
1993,YR1993,Latin America & the Caribbean (IDA & IBRD countries),TLA,..
1993,YR1993,Least developed countries: UN classification,LDC,..
1993,YR1993,Low & middle income,LMY,..
1993,YR1993,Low income,LIC,..
1993,YR1993,Lower middle income,LMC,..
1993,YR1993,Middle East & North Africa,MEA,..
1993,YR1993,Middle East & North Africa (excluding high income),MNA,..
1993,YR1993,Middle East & North Africa (IDA & IBRD countries),TMN,..
1993,YR1993,Middle income,MIC,..
1993,YR1993,North America,NAC,..
1993,YR1993,Not classified,INX,..
1993,YR1993,OECD members,OED,..
1993,YR1993,Other small states,OSS,..
1993,YR1993,Pacific island small states,PSS,..
1993,YR1993,Post-demographic dividend,PST,..
1993,YR1993,Pre-demographic dividend,PRE,..
1993,YR1993,Small states,SST,..
1993,YR1993,South Asia,SAS,..
1993,YR1993,South Asia (IDA & IBRD),TSA,..
1993,YR1993,Sub-Saharan Africa,SSF,..
1993,YR1993,Sub-Saharan Africa (excluding high income),SSA,..
1993,YR1993,Sub-Saharan Africa (IDA & IBRD countries),TSS,..
1993,YR1993,Upper middle income,UMC,..
1993,YR1993,World,WLD,..
1993,YR1993,Afghanistan,AFG,..
1993,YR1993,Albania,ALB,..
1993,YR1993,Algeria,DZA,..
1993,YR1993,American Samoa,ASM,..
1993,YR1993,Andorra,AND,..
1993,YR1993,Angola,AGO,..
1993,YR1993,Antigua and Barbuda,ATG,..
1993,YR1993,Argentina,ARG,..
1993,YR1993,Armenia,ARM,..
1993,YR1993,Aruba,ABW,..
1993,YR1993,Australia,AUS,..
1993,YR1993,Austria,AUT,..
1993,YR1993,Azerbaijan,AZE,..
1993,YR1993,"Bahamas, The",BHS,..
1993,YR1993,Bahrain,BHR,..
1993,YR1993,Bangladesh,BGD,..
1993,YR1993,Barbados,BRB,..
1993,YR1993,Belarus,BLR,..
1993,YR1993,Belgium,BEL,..
1993,YR1993,Belize,BLZ,..
1993,YR1993,Benin,BEN,..
1993,YR1993,Bermuda,BMU,..
1993,YR1993,Bhutan,BTN,..
1993,YR1993,Bolivia,BOL,..
1993,YR1993,Bosnia and Herzegovina,BIH,..
1993,YR1993,Botswana,BWA,..
1993,YR1993,Brazil,BRA,..
1993,YR1993,British Virgin Islands,VGB,..
1993,YR1993,Brunei Darussalam,BRN,..
1993,YR1993,Bulgaria,BGR,..
1993,YR1993,Burkina Faso,BFA,..
1993,YR1993,Burundi,BDI,..
1993,YR1993,Cabo Verde,CPV,..
1993,YR1993,Cambodia,KHM,..
1993,YR1993,Cameroon,CMR,..
1993,YR1993,Canada,CAN,..
1993,YR1993,Cayman Islands,CYM,..
1993,YR1993,Central African Republic,CAF,..
1993,YR1993,Chad,TCD,..
1993,YR1993,Channel Islands,CHI,..
1993,YR1993,Chile,CHL,..
1993,YR1993,China,CHN,..
1993,YR1993,Colombia,COL,..
1993,YR1993,Comoros,COM,..
1993,YR1993,"Congo, Dem. Rep.",COD,..
1993,YR1993,"Congo, Rep.",COG,..
1993,YR1993,Costa Rica,CRI,..
1993,YR1993,Cote d'Ivoire,CIV,..
1993,YR1993,Croatia,HRV,..
1993,YR1993,Cuba,CUB,..
1993,YR1993,Curacao,CUW,..
1993,YR1993,Cyprus,CYP,..
1993,YR1993,Czechia,CZE,..
1993,YR1993,Denmark,DNK,..
1993,YR1993,Djibouti,DJI,..
1993,YR1993,Dominica,DMA,..
1993,YR1993,Dominican Republic,DOM,..
1993,YR1993,Ecuador,ECU,..
1993,YR1993,"Egypt, Arab Rep.",EGY,..
1993,YR1993,El Salvador,SLV,..
1993,YR1993,Equatorial Guinea,GNQ,..
1993,YR1993,Eritrea,ERI,..
1993,YR1993,Estonia,EST,..
1993,YR1993,Eswatini,SWZ,..
1993,YR1993,Ethiopia,ETH,..
1993,YR1993,Faroe Islands,FRO,..
1993,YR1993,Fiji,FJI,..
1993,YR1993,Finland,FIN,..
1993,YR1993,France,FRA,..
1993,YR1993,French Polynesia,PYF,..
1993,YR1993,Gabon,GAB,..
1993,YR1993,"Gambia, The",GMB,..
1993,YR1993,Georgia,GEO,..
1993,YR1993,Germany,DEU,..
1993,YR1993,Ghana,GHA,..
1993,YR1993,Gibraltar,GIB,..
1993,YR1993,Greece,GRC,..
1993,YR1993,Greenland,GRL,..
1993,YR1993,Grenada,GRD,..
1993,YR1993,Guam,GUM,..
1993,YR1993,Guatemala,GTM,..
1993,YR1993,Guinea,GIN,..
1993,YR1993,Guinea-Bissau,GNB,..
1993,YR1993,Guyana,GUY,..
1993,YR1993,Haiti,HTI,..
1993,YR1993,Honduras,HND,..
1993,YR1993,"Hong Kong SAR, China",HKG,..
1993,YR1993,Hungary,HUN,..
1993,YR1993,Iceland,ISL,..
1993,YR1993,India,IND,..
1993,YR1993,Indonesia,IDN,..
1993,YR1993,"Iran, Islamic Rep.",IRN,..
1993,YR1993,Iraq,IRQ,..
1993,YR1993,Ireland,IRL,..
1993,YR1993,Isle of Man,IMN,..
1993,YR1993,Israel,ISR,..
1993,YR1993,Italy,ITA,..
1993,YR1993,Jamaica,JAM,..
1993,YR1993,Japan,JPN,..
1993,YR1993,Jordan,JOR,..
1993,YR1993,Kazakhstan,KAZ,..
1993,YR1993,Kenya,KEN,..
1993,YR1993,Kiribati,KIR,..
1993,YR1993,"Korea, Dem. People's Rep.",PRK,..
1993,YR1993,"Korea, Rep.",KOR,..
1993,YR1993,Kosovo,XKX,..
1993,YR1993,Kuwait,KWT,..
1993,YR1993,Kyrgyz Republic,KGZ,..
1993,YR1993,Lao PDR,LAO,..
1993,YR1993,Latvia,LVA,..
1993,YR1993,Lebanon,LBN,..
1993,YR1993,Lesotho,LSO,..
1993,YR1993,Liberia,LBR,..
1993,YR1993,Libya,LBY,..
1993,YR1993,Liechtenstein,LIE,..
1993,YR1993,Lithuania,LTU,..
1993,YR1993,Luxembourg,LUX,..
1993,YR1993,"Macao SAR, China",MAC,..
1993,YR1993,Madagascar,MDG,..
1993,YR1993,Malawi,MWI,..
1993,YR1993,Malaysia,MYS,..
1993,YR1993,Maldives,MDV,..
1993,YR1993,Mali,MLI,..
1993,YR1993,Malta,MLT,..
1993,YR1993,Marshall Islands,MHL,..
1993,YR1993,Mauritania,MRT,..
1993,YR1993,Mauritius,MUS,..
1993,YR1993,Mexico,MEX,..
1993,YR1993,"Micronesia, Fed. Sts.",FSM,..
1993,YR1993,Moldova,MDA,..
1993,YR1993,Monaco,MCO,..
1993,YR1993,Mongolia,MNG,..
1993,YR1993,Montenegro,MNE,..
1993,YR1993,Morocco,MAR,..
1993,YR1993,Mozambique,MOZ,..
1993,YR1993,Myanmar,MMR,..
1993,YR1993,Namibia,NAM,..
1993,YR1993,Nauru,NRU,..
1993,YR1993,Nepal,NPL,..
1993,YR1993,Netherlands,NLD,..
1993,YR1993,New Caledonia,NCL,..
1993,YR1993,New Zealand,NZL,..
1993,YR1993,Nicaragua,NIC,..
1993,YR1993,Niger,NER,..
1993,YR1993,Nigeria,NGA,..
1993,YR1993,North Macedonia,MKD,..
1993,YR1993,Northern Mariana Islands,MNP,..
1993,YR1993,Norway,NOR,..
1993,YR1993,Oman,OMN,..
1993,YR1993,Pakistan,PAK,..
1993,YR1993,Palau,PLW,..
1993,YR1993,Panama,PAN,..
1993,YR1993,Papua New Guinea,PNG,..
1993,YR1993,Paraguay,PRY,..
1993,YR1993,Peru,PER,..
1993,YR1993,Philippines,PHL,..
1993,YR1993,Poland,POL,..
1993,YR1993,Portugal,PRT,..
1993,YR1993,Puerto Rico,PRI,..
1993,YR1993,Qatar,QAT,..
1993,YR1993,Romania,ROU,..
1993,YR1993,Russian Federation,RUS,..
1993,YR1993,Rwanda,RWA,..
1993,YR1993,Samoa,WSM,..
1993,YR1993,San Marino,SMR,..
1993,YR1993,Sao Tome and Principe,STP,..
1993,YR1993,Saudi Arabia,SAU,..
1993,YR1993,Senegal,SEN,..
1993,YR1993,Serbia,SRB,..
1993,YR1993,Seychelles,SYC,..
1993,YR1993,Sierra Leone,SLE,..
1993,YR1993,Singapore,SGP,..
1993,YR1993,Sint Maarten (Dutch part),SXM,..
1993,YR1993,Slovak Republic,SVK,..
1993,YR1993,Slovenia,SVN,..
1993,YR1993,Solomon Islands,SLB,..
1993,YR1993,Somalia,SOM,..
1993,YR1993,South Africa,ZAF,..
1993,YR1993,South Sudan,SSD,..
1993,YR1993,Spain,ESP,..
1993,YR1993,Sri Lanka,LKA,..
1993,YR1993,St. Kitts and Nevis,KNA,..
1993,YR1993,St. Lucia,LCA,..
1993,YR1993,St. Martin (French part),MAF,..
1993,YR1993,St. Vincent and the Grenadines,VCT,..
1993,YR1993,Sudan,SDN,..
1993,YR1993,Suriname,SUR,..
1993,YR1993,Sweden,SWE,..
1993,YR1993,Switzerland,CHE,..
1993,YR1993,Syrian Arab Republic,SYR,..
1993,YR1993,Tajikistan,TJK,..
1993,YR1993,Tanzania,TZA,..
1993,YR1993,Thailand,THA,..
1993,YR1993,Timor-Leste,TLS,..
1993,YR1993,Togo,TGO,..
1993,YR1993,Tonga,TON,..
1993,YR1993,Trinidad and Tobago,TTO,..
1993,YR1993,Tunisia,TUN,..
1993,YR1993,Turkiye,TUR,..
1993,YR1993,Turkmenistan,TKM,..
1993,YR1993,Turks and Caicos Islands,TCA,..
1993,YR1993,Tuvalu,TUV,..
1993,YR1993,Uganda,UGA,..
1993,YR1993,Ukraine,UKR,..
1993,YR1993,United Arab Emirates,ARE,..
1993,YR1993,United Kingdom,GBR,..
1993,YR1993,United States,USA,..
1993,YR1993,Uruguay,URY,..
1993,YR1993,Uzbekistan,UZB,..
1993,YR1993,Vanuatu,VUT,..
1993,YR1993,"Venezuela, RB",VEN,..
1993,YR1993,Viet Nam,VNM,..
1993,YR1993,Virgin Islands (U.S.),VIR,..
1993,YR1993,West Bank and Gaza,PSE,..
1993,YR1993,"Yemen, Rep.",YEM,..
1993,YR1993,Zambia,ZMB,..
1993,YR1993,Zimbabwe,ZWE,..
1994,YR1994,Africa Eastern and Southern,AFE,..
1994,YR1994,Africa Western and Central,AFW,..
1994,YR1994,Arab World,ARB,..
1994,YR1994,Caribbean small states,CSS,..
1994,YR1994,Central Europe and the Baltics,CEB,..
1994,YR1994,Early-demographic dividend,EAR,..
1994,YR1994,East Asia & Pacific,EAS,..
1994,YR1994,East Asia & Pacific (excluding high income),EAP,..
1994,YR1994,East Asia & Pacific (IDA & IBRD countries),TEA,..
1994,YR1994,Euro area,EMU,..
1994,YR1994,Europe & Central Asia,ECS,..
1994,YR1994,Europe & Central Asia (excluding high income),ECA,..
1994,YR1994,Europe & Central Asia (IDA & IBRD countries),TEC,..
1994,YR1994,European Union,EUU,..
1994,YR1994,Fragile and conflict affected situations,FCS,..
1994,YR1994,Heavily indebted poor countries (HIPC),HPC,..
1994,YR1994,High income,HIC,..
1994,YR1994,IBRD only,IBD,..
1994,YR1994,IDA & IBRD total,IBT,..
1994,YR1994,IDA blend,IDB,..
1994,YR1994,IDA only,IDX,..
1994,YR1994,IDA total,IDA,..
1994,YR1994,Late-demographic dividend,LTE,..
1994,YR1994,Latin America & Caribbean,LCN,..
1994,YR1994,Latin America & Caribbean (excluding high income),LAC,..
1994,YR1994,Latin America & the Caribbean (IDA & IBRD countries),TLA,..
1994,YR1994,Least developed countries: UN classification,LDC,..
1994,YR1994,Low & middle income,LMY,..
1994,YR1994,Low income,LIC,..
1994,YR1994,Lower middle income,LMC,..
1994,YR1994,Middle East & North Africa,MEA,..
1994,YR1994,Middle East & North Africa (excluding high income),MNA,..
1994,YR1994,Middle East & North Africa (IDA & IBRD countries),TMN,..
1994,YR1994,Middle income,MIC,..
1994,YR1994,North America,NAC,..
1994,YR1994,Not classified,INX,..
1994,YR1994,OECD members,OED,..
1994,YR1994,Other small states,OSS,..
1994,YR1994,Pacific island small states,PSS,..
1994,YR1994,Post-demographic dividend,PST,..
1994,YR1994,Pre-demographic dividend,PRE,..
1994,YR1994,Small states,SST,..
1994,YR1994,South Asia,SAS,..
1994,YR1994,South Asia (IDA & IBRD),TSA,..
1994,YR1994,Sub-Saharan Africa,SSF,..
1994,YR1994,Sub-Saharan Africa (excluding high income),SSA,..
1994,YR1994,Sub-Saharan Africa (IDA & IBRD countries),TSS,..
1994,YR1994,Upper middle income,UMC,..
1994,YR1994,World,WLD,..
1994,YR1994,Afghanistan,AFG,..
1994,YR1994,Albania,ALB,..
1994,YR1994,Algeria,DZA,..
1994,YR1994,American Samoa,ASM,..
1994,YR1994,Andorra,AND,..
1994,YR1994,Angola,AGO,..
1994,YR1994,Antigua and Barbuda,ATG,..
1994,YR1994,Argentina,ARG,..
1994,YR1994,Armenia,ARM,..
1994,YR1994,Aruba,ABW,..
1994,YR1994,Australia,AUS,..
1994,YR1994,Austria,AUT,..
1994,YR1994,Azerbaijan,AZE,..
1994,YR1994,"Bahamas, The",BHS,..
1994,YR1994,Bahrain,BHR,..
1994,YR1994,Bangladesh,BGD,..
1994,YR1994,Barbados,BRB,..
1994,YR1994,Belarus,BLR,..
1994,YR1994,Belgium,BEL,..
1994,YR1994,Belize,BLZ,..
1994,YR1994,Benin,BEN,..
1994,YR1994,Bermuda,BMU,..
1994,YR1994,Bhutan,BTN,..
1994,YR1994,Bolivia,BOL,..
1994,YR1994,Bosnia and Herzegovina,BIH,..
1994,YR1994,Botswana,BWA,..
1994,YR1994,Brazil,BRA,..
1994,YR1994,British Virgin Islands,VGB,..
1994,YR1994,Brunei Darussalam,BRN,..
1994,YR1994,Bulgaria,BGR,..
1994,YR1994,Burkina Faso,BFA,..
1994,YR1994,Burundi,BDI,..
1994,YR1994,Cabo Verde,CPV,..
1994,YR1994,Cambodia,KHM,..
1994,YR1994,Cameroon,CMR,..
1994,YR1994,Canada,CAN,..
1994,YR1994,Cayman Islands,CYM,..
1994,YR1994,Central African Republic,CAF,..
1994,YR1994,Chad,TCD,..
1994,YR1994,Channel Islands,CHI,..
1994,YR1994,Chile,CHL,..
1994,YR1994,China,CHN,..
1994,YR1994,Colombia,COL,..
1994,YR1994,Comoros,COM,..
1994,YR1994,"Congo, Dem. Rep.",COD,..
1994,YR1994,"Congo, Rep.",COG,..
1994,YR1994,Costa Rica,CRI,..
1994,YR1994,Cote d'Ivoire,CIV,..
1994,YR1994,Croatia,HRV,..
1994,YR1994,Cuba,CUB,..
1994,YR1994,Curacao,CUW,..
1994,YR1994,Cyprus,CYP,..
1994,YR1994,Czechia,CZE,..
1994,YR1994,Denmark,DNK,..
1994,YR1994,Djibouti,DJI,..
1994,YR1994,Dominica,DMA,..
1994,YR1994,Dominican Republic,DOM,..
1994,YR1994,Ecuador,ECU,..
1994,YR1994,"Egypt, Arab Rep.",EGY,..
1994,YR1994,El Salvador,SLV,..
1994,YR1994,Equatorial Guinea,GNQ,..
1994,YR1994,Eritrea,ERI,..
1994,YR1994,Estonia,EST,..
1994,YR1994,Eswatini,SWZ,..
1994,YR1994,Ethiopia,ETH,..
1994,YR1994,Faroe Islands,FRO,..
1994,YR1994,Fiji,FJI,..
1994,YR1994,Finland,FIN,..
1994,YR1994,France,FRA,..
1994,YR1994,French Polynesia,PYF,..
1994,YR1994,Gabon,GAB,..
1994,YR1994,"Gambia, The",GMB,..
1994,YR1994,Georgia,GEO,..
1994,YR1994,Germany,DEU,..
1994,YR1994,Ghana,GHA,..
1994,YR1994,Gibraltar,GIB,..
1994,YR1994,Greece,GRC,..
1994,YR1994,Greenland,GRL,..
1994,YR1994,Grenada,GRD,..
1994,YR1994,Guam,GUM,..
1994,YR1994,Guatemala,GTM,..
1994,YR1994,Guinea,GIN,..
1994,YR1994,Guinea-Bissau,GNB,..
1994,YR1994,Guyana,GUY,..
1994,YR1994,Haiti,HTI,..
1994,YR1994,Honduras,HND,..
1994,YR1994,"Hong Kong SAR, China",HKG,..
1994,YR1994,Hungary,HUN,..
1994,YR1994,Iceland,ISL,..
1994,YR1994,India,IND,..
1994,YR1994,Indonesia,IDN,..
1994,YR1994,"Iran, Islamic Rep.",IRN,..
1994,YR1994,Iraq,IRQ,..
1994,YR1994,Ireland,IRL,..
1994,YR1994,Isle of Man,IMN,..
1994,YR1994,Israel,ISR,..
1994,YR1994,Italy,ITA,..
1994,YR1994,Jamaica,JAM,..
1994,YR1994,Japan,JPN,..
1994,YR1994,Jordan,JOR,..
1994,YR1994,Kazakhstan,KAZ,..
1994,YR1994,Kenya,KEN,..
1994,YR1994,Kiribati,KIR,..
1994,YR1994,"Korea, Dem. People's Rep.",PRK,..
1994,YR1994,"Korea, Rep.",KOR,..
1994,YR1994,Kosovo,XKX,..
1994,YR1994,Kuwait,KWT,..
1994,YR1994,Kyrgyz Republic,KGZ,..
1994,YR1994,Lao PDR,LAO,..
1994,YR1994,Latvia,LVA,..
1994,YR1994,Lebanon,LBN,..
1994,YR1994,Lesotho,LSO,..
1994,YR1994,Liberia,LBR,..
1994,YR1994,Libya,LBY,..
1994,YR1994,Liechtenstein,LIE,..
1994,YR1994,Lithuania,LTU,..
1994,YR1994,Luxembourg,LUX,..
1994,YR1994,"Macao SAR, China",MAC,..
1994,YR1994,Madagascar,MDG,..
1994,YR1994,Malawi,MWI,..
1994,YR1994,Malaysia,MYS,..
1994,YR1994,Maldives,MDV,..
1994,YR1994,Mali,MLI,..
1994,YR1994,Malta,MLT,..
1994,YR1994,Marshall Islands,MHL,..
1994,YR1994,Mauritania,MRT,..
1994,YR1994,Mauritius,MUS,..
1994,YR1994,Mexico,MEX,..
1994,YR1994,"Micronesia, Fed. Sts.",FSM,..
1994,YR1994,Moldova,MDA,..
1994,YR1994,Monaco,MCO,..
1994,YR1994,Mongolia,MNG,..
1994,YR1994,Montenegro,MNE,..
1994,YR1994,Morocco,MAR,..
1994,YR1994,Mozambique,MOZ,..
1994,YR1994,Myanmar,MMR,..
1994,YR1994,Namibia,NAM,..
1994,YR1994,Nauru,NRU,..
1994,YR1994,Nepal,NPL,..
1994,YR1994,Netherlands,NLD,..
1994,YR1994,New Caledonia,NCL,..
1994,YR1994,New Zealand,NZL,..
1994,YR1994,Nicaragua,NIC,..
1994,YR1994,Niger,NER,..
1994,YR1994,Nigeria,NGA,..
1994,YR1994,North Macedonia,MKD,..
1994,YR1994,Northern Mariana Islands,MNP,..
1994,YR1994,Norway,NOR,..
1994,YR1994,Oman,OMN,..
1994,YR1994,Pakistan,PAK,..
1994,YR1994,Palau,PLW,..
1994,YR1994,Panama,PAN,..
1994,YR1994,Papua New Guinea,PNG,..
1994,YR1994,Paraguay,PRY,..
1994,YR1994,Peru,PER,..
1994,YR1994,Philippines,PHL,..
1994,YR1994,Poland,POL,..
1994,YR1994,Portugal,PRT,..
1994,YR1994,Puerto Rico,PRI,..
1994,YR1994,Qatar,QAT,..
1994,YR1994,Romania,ROU,..
1994,YR1994,Russian Federation,RUS,..
1994,YR1994,Rwanda,RWA,..
1994,YR1994,Samoa,WSM,..
1994,YR1994,San Marino,SMR,..
1994,YR1994,Sao Tome and Principe,STP,..
1994,YR1994,Saudi Arabia,SAU,..
1994,YR1994,Senegal,SEN,..
1994,YR1994,Serbia,SRB,..
1994,YR1994,Seychelles,SYC,..
1994,YR1994,Sierra Leone,SLE,..
1994,YR1994,Singapore,SGP,..
1994,YR1994,Sint Maarten (Dutch part),SXM,..
1994,YR1994,Slovak Republic,SVK,..
1994,YR1994,Slovenia,SVN,..
1994,YR1994,Solomon Islands,SLB,..
1994,YR1994,Somalia,SOM,..
1994,YR1994,South Africa,ZAF,..
1994,YR1994,South Sudan,SSD,..
1994,YR1994,Spain,ESP,..
1994,YR1994,Sri Lanka,LKA,..
1994,YR1994,St. Kitts and Nevis,KNA,..
1994,YR1994,St. Lucia,LCA,..
1994,YR1994,St. Martin (French part),MAF,..
1994,YR1994,St. Vincent and the Grenadines,VCT,..
1994,YR1994,Sudan,SDN,..
1994,YR1994,Suriname,SUR,..
1994,YR1994,Sweden,SWE,..
1994,YR1994,Switzerland,CHE,..
1994,YR1994,Syrian Arab Republic,SYR,..
1994,YR1994,Tajikistan,TJK,..
1994,YR1994,Tanzania,TZA,..
1994,YR1994,Thailand,THA,..
1994,YR1994,Timor-Leste,TLS,..
1994,YR1994,Togo,TGO,..
1994,YR1994,Tonga,TON,..
1994,YR1994,Trinidad and Tobago,TTO,..
1994,YR1994,Tunisia,TUN,..
1994,YR1994,Turkiye,TUR,..
1994,YR1994,Turkmenistan,TKM,..
1994,YR1994,Turks and Caicos Islands,TCA,..
1994,YR1994,Tuvalu,TUV,..
1994,YR1994,Uganda,UGA,..
1994,YR1994,Ukraine,UKR,..
1994,YR1994,United Arab Emirates,ARE,..
1994,YR1994,United Kingdom,GBR,..
1994,YR1994,United States,USA,..
1994,YR1994,Uruguay,URY,..
1994,YR1994,Uzbekistan,UZB,..
1994,YR1994,Vanuatu,VUT,..
1994,YR1994,"Venezuela, RB",VEN,..
1994,YR1994,Viet Nam,VNM,..
1994,YR1994,Virgin Islands (U.S.),VIR,..
1994,YR1994,West Bank and Gaza,PSE,..
1994,YR1994,"Yemen, Rep.",YEM,..
1994,YR1994,Zambia,ZMB,..
1994,YR1994,Zimbabwe,ZWE,..
1995,YR1995,Africa Eastern and Southern,AFE,..
1995,YR1995,Africa Western and Central,AFW,..
1995,YR1995,Arab World,ARB,..
1995,YR1995,Caribbean small states,CSS,..
1995,YR1995,Central Europe and the Baltics,CEB,..
1995,YR1995,Early-demographic dividend,EAR,..
1995,YR1995,East Asia & Pacific,EAS,..
1995,YR1995,East Asia & Pacific (excluding high income),EAP,..
1995,YR1995,East Asia & Pacific (IDA & IBRD countries),TEA,..
1995,YR1995,Euro area,EMU,..
1995,YR1995,Europe & Central Asia,ECS,..
1995,YR1995,Europe & Central Asia (excluding high income),ECA,..
1995,YR1995,Europe & Central Asia (IDA & IBRD countries),TEC,..
1995,YR1995,European Union,EUU,..
1995,YR1995,Fragile and conflict affected situations,FCS,..
1995,YR1995,Heavily indebted poor countries (HIPC),HPC,..
1995,YR1995,High income,HIC,..
1995,YR1995,IBRD only,IBD,..
1995,YR1995,IDA & IBRD total,IBT,..
1995,YR1995,IDA blend,IDB,..
1995,YR1995,IDA only,IDX,..
1995,YR1995,IDA total,IDA,..
1995,YR1995,Late-demographic dividend,LTE,..
1995,YR1995,Latin America & Caribbean,LCN,..
1995,YR1995,Latin America & Caribbean (excluding high income),LAC,..
1995,YR1995,Latin America & the Caribbean (IDA & IBRD countries),TLA,..
1995,YR1995,Least developed countries: UN classification,LDC,..
1995,YR1995,Low & middle income,LMY,..
1995,YR1995,Low income,LIC,..
1995,YR1995,Lower middle income,LMC,..
1995,YR1995,Middle East & North Africa,MEA,..
1995,YR1995,Middle East & North Africa (excluding high income),MNA,..
1995,YR1995,Middle East & North Africa (IDA & IBRD countries),TMN,..
1995,YR1995,Middle income,MIC,..
1995,YR1995,North America,NAC,..
1995,YR1995,Not classified,INX,..
1995,YR1995,OECD members,OED,..
1995,YR1995,Other small states,OSS,..
1995,YR1995,Pacific island small states,PSS,..
1995,YR1995,Post-demographic dividend,PST,..
1995,YR1995,Pre-demographic dividend,PRE,..
1995,YR1995,Small states,SST,..
1995,YR1995,South Asia,SAS,..
1995,YR1995,South Asia (IDA & IBRD),TSA,..
1995,YR1995,Sub-Saharan Africa,SSF,..
1995,YR1995,Sub-Saharan Africa (excluding high income),SSA,..
1995,YR1995,Sub-Saharan Africa (IDA & IBRD countries),TSS,..
1995,YR1995,Upper middle income,UMC,..
1995,YR1995,World,WLD,..
1995,YR1995,Afghanistan,AFG,..
1995,YR1995,Albania,ALB,..
1995,YR1995,Algeria,DZA,..
1995,YR1995,American Samoa,ASM,..
1995,YR1995,Andorra,AND,..
1995,YR1995,Angola,AGO,..
1995,YR1995,Antigua and Barbuda,ATG,..
1995,YR1995,Argentina,ARG,..
1995,YR1995,Armenia,ARM,..
1995,YR1995,Aruba,ABW,..
1995,YR1995,Australia,AUS,..
1995,YR1995,Austria,AUT,..
1995,YR1995,Azerbaijan,AZE,..
1995,YR1995,"Bahamas, The",BHS,..
1995,YR1995,Bahrain,BHR,..
1995,YR1995,Bangladesh,BGD,..
1995,YR1995,Barbados,BRB,..
1995,YR1995,Belarus,BLR,..
1995,YR1995,Belgium,BEL,..
1995,YR1995,Belize,BLZ,..
1995,YR1995,Benin,BEN,..
1995,YR1995,Bermuda,BMU,..
1995,YR1995,Bhutan,BTN,..
1995,YR1995,Bolivia,BOL,..
1995,YR1995,Bosnia and Herzegovina,BIH,..
1995,YR1995,Botswana,BWA,..
1995,YR1995,Brazil,BRA,..
1995,YR1995,British Virgin Islands,VGB,..
1995,YR1995,Brunei Darussalam,BRN,..
1995,YR1995,Bulgaria,BGR,..
1995,YR1995,Burkina Faso,BFA,..
1995,YR1995,Burundi,BDI,..
1995,YR1995,Cabo Verde,CPV,..
1995,YR1995,Cambodia,KHM,..
1995,YR1995,Cameroon,CMR,..
1995,YR1995,Canada,CAN,..
1995,YR1995,Cayman Islands,CYM,..
1995,YR1995,Central African Republic,CAF,..
1995,YR1995,Chad,TCD,..
1995,YR1995,Channel Islands,CHI,..
1995,YR1995,Chile,CHL,..
1995,YR1995,China,CHN,..
1995,YR1995,Colombia,COL,..
1995,YR1995,Comoros,COM,..
1995,YR1995,"Congo, Dem. Rep.",COD,..
1995,YR1995,"Congo, Rep.",COG,..
1995,YR1995,Costa Rica,CRI,..
1995,YR1995,Cote d'Ivoire,CIV,..
1995,YR1995,Croatia,HRV,..
1995,YR1995,Cuba,CUB,..
1995,YR1995,Curacao,CUW,..
1995,YR1995,Cyprus,CYP,..
1995,YR1995,Czechia,CZE,..
1995,YR1995,Denmark,DNK,..
1995,YR1995,Djibouti,DJI,..
1995,YR1995,Dominica,DMA,..
1995,YR1995,Dominican Republic,DOM,..
1995,YR1995,Ecuador,ECU,..
1995,YR1995,"Egypt, Arab Rep.",EGY,..
1995,YR1995,El Salvador,SLV,..
1995,YR1995,Equatorial Guinea,GNQ,..
1995,YR1995,Eritrea,ERI,..
1995,YR1995,Estonia,EST,..
1995,YR1995,Eswatini,SWZ,..
1995,YR1995,Ethiopia,ETH,..
1995,YR1995,Faroe Islands,FRO,..
1995,YR1995,Fiji,FJI,..
1995,YR1995,Finland,FIN,..
1995,YR1995,France,FRA,..
1995,YR1995,French Polynesia,PYF,..
1995,YR1995,Gabon,GAB,..
1995,YR1995,"Gambia, The",GMB,..
1995,YR1995,Georgia,GEO,..
1995,YR1995,Germany,DEU,..
1995,YR1995,Ghana,GHA,..
1995,YR1995,Gibraltar,GIB,..
1995,YR1995,Greece,GRC,..
1995,YR1995,Greenland,GRL,..
1995,YR1995,Grenada,GRD,..
1995,YR1995,Guam,GUM,..
1995,YR1995,Guatemala,GTM,..
1995,YR1995,Guinea,GIN,..
1995,YR1995,Guinea-Bissau,GNB,..
1995,YR1995,Guyana,GUY,..
1995,YR1995,Haiti,HTI,..
1995,YR1995,Honduras,HND,..
1995,YR1995,"Hong Kong SAR, China",HKG,..
1995,YR1995,Hungary,HUN,..
1995,YR1995,Iceland,ISL,..
1995,YR1995,India,IND,..
1995,YR1995,Indonesia,IDN,..
1995,YR1995,"Iran, Islamic Rep.",IRN,..
1995,YR1995,Iraq,IRQ,..
1995,YR1995,Ireland,IRL,..
1995,YR1995,Isle of Man,IMN,..
1995,YR1995,Israel,ISR,..
1995,YR1995,Italy,ITA,..
1995,YR1995,Jamaica,JAM,..
1995,YR1995,Japan,JPN,..
1995,YR1995,Jordan,JOR,..
1995,YR1995,Kazakhstan,KAZ,..
1995,YR1995,Kenya,KEN,..
1995,YR1995,Kiribati,KIR,..
1995,YR1995,"Korea, Dem. People's Rep.",PRK,..
1995,YR1995,"Korea, Rep.",KOR,..
1995,YR1995,Kosovo,XKX,..
1995,YR1995,Kuwait,KWT,..
1995,YR1995,Kyrgyz Republic,KGZ,..
1995,YR1995,Lao PDR,LAO,..
1995,YR1995,Latvia,LVA,..
1995,YR1995,Lebanon,LBN,..
1995,YR1995,Lesotho,LSO,..
1995,YR1995,Liberia,LBR,..
1995,YR1995,Libya,LBY,..
1995,YR1995,Liechtenstein,LIE,..
1995,YR1995,Lithuania,LTU,..
1995,YR1995,Luxembourg,LUX,..
1995,YR1995,"Macao SAR, China",MAC,..
1995,YR1995,Madagascar,MDG,..
1995,YR1995,Malawi,MWI,..
1995,YR1995,Malaysia,MYS,..
1995,YR1995,Maldives,MDV,..
1995,YR1995,Mali,MLI,..
1995,YR1995,Malta,MLT,..
1995,YR1995,Marshall Islands,MHL,..
1995,YR1995,Mauritania,MRT,..
1995,YR1995,Mauritius,MUS,..
1995,YR1995,Mexico,MEX,..
1995,YR1995,"Micronesia, Fed. Sts.",FSM,..
1995,YR1995,Moldova,MDA,..
1995,YR1995,Monaco,MCO,..
1995,YR1995,Mongolia,MNG,..
1995,YR1995,Montenegro,MNE,..
1995,YR1995,Morocco,MAR,..
1995,YR1995,Mozambique,MOZ,..
1995,YR1995,Myanmar,MMR,..
1995,YR1995,Namibia,NAM,..
1995,YR1995,Nauru,NRU,..
1995,YR1995,Nepal,NPL,..
1995,YR1995,Netherlands,NLD,..
1995,YR1995,New Caledonia,NCL,..
1995,YR1995,New Zealand,NZL,..
1995,YR1995,Nicaragua,NIC,..
1995,YR1995,Niger,NER,..
1995,YR1995,Nigeria,NGA,..
1995,YR1995,North Macedonia,MKD,..
1995,YR1995,Northern Mariana Islands,MNP,..
1995,YR1995,Norway,NOR,..
1995,YR1995,Oman,OMN,..
1995,YR1995,Pakistan,PAK,..
1995,YR1995,Palau,PLW,..
1995,YR1995,Panama,PAN,..
1995,YR1995,Papua New Guinea,PNG,..
1995,YR1995,Paraguay,PRY,..
1995,YR1995,Peru,PER,..
1995,YR1995,Philippines,PHL,..
1995,YR1995,Poland,POL,..
1995,YR1995,Portugal,PRT,..
1995,YR1995,Puerto Rico,PRI,..
1995,YR1995,Qatar,QAT,..
1995,YR1995,Romania,ROU,..
1995,YR1995,Russian Federation,RUS,..
1995,YR1995,Rwanda,RWA,..
1995,YR1995,Samoa,WSM,..
1995,YR1995,San Marino,SMR,..
1995,YR1995,Sao Tome and Principe,STP,..
1995,YR1995,Saudi Arabia,SAU,..
1995,YR1995,Senegal,SEN,..
1995,YR1995,Serbia,SRB,..
1995,YR1995,Seychelles,SYC,..
1995,YR1995,Sierra Leone,SLE,..
1995,YR1995,Singapore,SGP,..
1995,YR1995,Sint Maarten (Dutch part),SXM,..
1995,YR1995,Slovak Republic,SVK,..
1995,YR1995,Slovenia,SVN,..
1995,YR1995,Solomon Islands,SLB,..
1995,YR1995,Somalia,SOM,..
1995,YR1995,South Africa,ZAF,..
1995,YR1995,South Sudan,SSD,..
1995,YR1995,Spain,ESP,..
1995,YR1995,Sri Lanka,LKA,..
1995,YR1995,St. Kitts and Nevis,KNA,..
1995,YR1995,St. Lucia,LCA,..
1995,YR1995,St. Martin (French part),MAF,..
1995,YR1995,St. Vincent and the Grenadines,VCT,..
1995,YR1995,Sudan,SDN,..
1995,YR1995,Suriname,SUR,..
1995,YR1995,Sweden,SWE,..
1995,YR1995,Switzerland,CHE,..
1995,YR1995,Syrian Arab Republic,SYR,..
1995,YR1995,Tajikistan,TJK,..
1995,YR1995,Tanzania,TZA,..
1995,YR1995,Thailand,THA,..
1995,YR1995,Timor-Leste,TLS,..
1995,YR1995,Togo,TGO,..
1995,YR1995,Tonga,TON,..
1995,YR1995,Trinidad and Tobago,TTO,..
1995,YR1995,Tunisia,TUN,..
1995,YR1995,Turkiye,TUR,..
1995,YR1995,Turkmenistan,TKM,..
1995,YR1995,Turks and Caicos Islands,TCA,..
1995,YR1995,Tuvalu,TUV,..
1995,YR1995,Uganda,UGA,..
1995,YR1995,Ukraine,UKR,..
1995,YR1995,United Arab Emirates,ARE,..
1995,YR1995,United Kingdom,GBR,..
1995,YR1995,United States,USA,..
1995,YR1995,Uruguay,URY,..
1995,YR1995,Uzbekistan,UZB,..
1995,YR1995,Vanuatu,VUT,..
1995,YR1995,"Venezuela, RB",VEN,..
1995,YR1995,Viet Nam,VNM,..
1995,YR1995,Virgin Islands (U.S.),VIR,..
1995,YR1995,West Bank and Gaza,PSE,..
1995,YR1995,"Yemen, Rep.",YEM,..
1995,YR1995,Zambia,ZMB,..
1995,YR1995,Zimbabwe,ZWE,..
1996,YR1996,Africa Eastern and Southern,AFE,..
1996,YR1996,Africa Western and Central,AFW,..
1996,YR1996,Arab World,ARB,..
1996,YR1996,Caribbean small states,CSS,..
1996,YR1996,Central Europe and the Baltics,CEB,..
1996,YR1996,Early-demographic dividend,EAR,..
1996,YR1996,East Asia & Pacific,EAS,..
1996,YR1996,East Asia & Pacific (excluding high income),EAP,..
1996,YR1996,East Asia & Pacific (IDA & IBRD countries),TEA,..
1996,YR1996,Euro area,EMU,..
1996,YR1996,Europe & Central Asia,ECS,..
1996,YR1996,Europe & Central Asia (excluding high income),ECA,..
1996,YR1996,Europe & Central Asia (IDA & IBRD countries),TEC,..
1996,YR1996,European Union,EUU,..
1996,YR1996,Fragile and conflict affected situations,FCS,..
1996,YR1996,Heavily indebted poor countries (HIPC),HPC,..
1996,YR1996,High income,HIC,..
1996,YR1996,IBRD only,IBD,..
1996,YR1996,IDA & IBRD total,IBT,..
1996,YR1996,IDA blend,IDB,..
1996,YR1996,IDA only,IDX,..
1996,YR1996,IDA total,IDA,..
1996,YR1996,Late-demographic dividend,LTE,..
1996,YR1996,Latin America & Caribbean,LCN,..
1996,YR1996,Latin America & Caribbean (excluding high income),LAC,..
1996,YR1996,Latin America & the Caribbean (IDA & IBRD countries),TLA,..
1996,YR1996,Least developed countries: UN classification,LDC,..
1996,YR1996,Low & middle income,LMY,..
1996,YR1996,Low income,LIC,..
1996,YR1996,Lower middle income,LMC,..
1996,YR1996,Middle East & North Africa,MEA,..
1996,YR1996,Middle East & North Africa (excluding high income),MNA,..
1996,YR1996,Middle East & North Africa (IDA & IBRD countries),TMN,..
1996,YR1996,Middle income,MIC,..
1996,YR1996,North America,NAC,..
1996,YR1996,Not classified,INX,..
1996,YR1996,OECD members,OED,..
1996,YR1996,Other small states,OSS,..
1996,YR1996,Pacific island small states,PSS,..
1996,YR1996,Post-demographic dividend,PST,..
1996,YR1996,Pre-demographic dividend,PRE,..
1996,YR1996,Small states,SST,..
1996,YR1996,South Asia,SAS,..
1996,YR1996,South Asia (IDA & IBRD),TSA,..
1996,YR1996,Sub-Saharan Africa,SSF,..
1996,YR1996,Sub-Saharan Africa (excluding high income),SSA,..
1996,YR1996,Sub-Saharan Africa (IDA & IBRD countries),TSS,..
1996,YR1996,Upper middle income,UMC,..
1996,YR1996,World,WLD,..
1996,YR1996,Afghanistan,AFG,..
1996,YR1996,Albania,ALB,..
1996,YR1996,Algeria,DZA,..
1996,YR1996,American Samoa,ASM,..
1996,YR1996,Andorra,AND,..
1996,YR1996,Angola,AGO,..
1996,YR1996,Antigua and Barbuda,ATG,..
1996,YR1996,Argentina,ARG,..
1996,YR1996,Armenia,ARM,..
1996,YR1996,Aruba,ABW,..
1996,YR1996,Australia,AUS,..
1996,YR1996,Austria,AUT,..
1996,YR1996,Azerbaijan,AZE,..
1996,YR1996,"Bahamas, The",BHS,..
1996,YR1996,Bahrain,BHR,..
1996,YR1996,Bangladesh,BGD,..
1996,YR1996,Barbados,BRB,..
1996,YR1996,Belarus,BLR,..
1996,YR1996,Belgium,BEL,..
1996,YR1996,Belize,BLZ,..
1996,YR1996,Benin,BEN,..
1996,YR1996,Bermuda,BMU,..
1996,YR1996,Bhutan,BTN,..
1996,YR1996,Bolivia,BOL,..
1996,YR1996,Bosnia and Herzegovina,BIH,..
1996,YR1996,Botswana,BWA,..
1996,YR1996,Brazil,BRA,..
1996,YR1996,British Virgin Islands,VGB,..
1996,YR1996,Brunei Darussalam,BRN,..
1996,YR1996,Bulgaria,BGR,..
1996,YR1996,Burkina Faso,BFA,..
1996,YR1996,Burundi,BDI,..
1996,YR1996,Cabo Verde,CPV,..
1996,YR1996,Cambodia,KHM,..
1996,YR1996,Cameroon,CMR,..
1996,YR1996,Canada,CAN,..
1996,YR1996,Cayman Islands,CYM,..
1996,YR1996,Central African Republic,CAF,..
1996,YR1996,Chad,TCD,..
1996,YR1996,Channel Islands,CHI,..
1996,YR1996,Chile,CHL,..
1996,YR1996,China,CHN,..
1996,YR1996,Colombia,COL,..
1996,YR1996,Comoros,COM,..
1996,YR1996,"Congo, Dem. Rep.",COD,..
1996,YR1996,"Congo, Rep.",COG,..
1996,YR1996,Costa Rica,CRI,..
1996,YR1996,Cote d'Ivoire,CIV,..
1996,YR1996,Croatia,HRV,..
1996,YR1996,Cuba,CUB,..
1996,YR1996,Curacao,CUW,..
1996,YR1996,Cyprus,CYP,..
1996,YR1996,Czechia,CZE,..
1996,YR1996,Denmark,DNK,..
1996,YR1996,Djibouti,DJI,..
1996,YR1996,Dominica,DMA,..
1996,YR1996,Dominican Republic,DOM,..
1996,YR1996,Ecuador,ECU,..
1996,YR1996,"Egypt, Arab Rep.",EGY,..
1996,YR1996,El Salvador,SLV,..
1996,YR1996,Equatorial Guinea,GNQ,..
1996,YR1996,Eritrea,ERI,..
1996,YR1996,Estonia,EST,..
1996,YR1996,Eswatini,SWZ,..
1996,YR1996,Ethiopia,ETH,..
1996,YR1996,Faroe Islands,FRO,..
1996,YR1996,Fiji,FJI,..
1996,YR1996,Finland,FIN,..
1996,YR1996,France,FRA,..
1996,YR1996,French Polynesia,PYF,..
1996,YR1996,Gabon,GAB,..
1996,YR1996,"Gambia, The",GMB,..
1996,YR1996,Georgia,GEO,..
1996,YR1996,Germany,DEU,..
1996,YR1996,Ghana,GHA,..
1996,YR1996,Gibraltar,GIB,..
1996,YR1996,Greece,GRC,..
1996,YR1996,Greenland,GRL,..
1996,YR1996,Grenada,GRD,..
1996,YR1996,Guam,GUM,..
1996,YR1996,Guatemala,GTM,..
1996,YR1996,Guinea,GIN,..
1996,YR1996,Guinea-Bissau,GNB,..
1996,YR1996,Guyana,GUY,..
1996,YR1996,Haiti,HTI,..
1996,YR1996,Honduras,HND,..
1996,YR1996,"Hong Kong SAR, China",HKG,..
1996,YR1996,Hungary,HUN,..
1996,YR1996,Iceland,ISL,..
1996,YR1996,India,IND,..
1996,YR1996,Indonesia,IDN,..
1996,YR1996,"Iran, Islamic Rep.",IRN,..
1996,YR1996,Iraq,IRQ,..
1996,YR1996,Ireland,IRL,..
1996,YR1996,Isle of Man,IMN,..
1996,YR1996,Israel,ISR,..
1996,YR1996,Italy,ITA,..
1996,YR1996,Jamaica,JAM,..
1996,YR1996,Japan,JPN,..
1996,YR1996,Jordan,JOR,..
1996,YR1996,Kazakhstan,KAZ,..
1996,YR1996,Kenya,KEN,..
1996,YR1996,Kiribati,KIR,..
1996,YR1996,"Korea, Dem. People's Rep.",PRK,..
1996,YR1996,"Korea, Rep.",KOR,..
1996,YR1996,Kosovo,XKX,..
1996,YR1996,Kuwait,KWT,..
1996,YR1996,Kyrgyz Republic,KGZ,..
1996,YR1996,Lao PDR,LAO,..
1996,YR1996,Latvia,LVA,..
1996,YR1996,Lebanon,LBN,..
1996,YR1996,Lesotho,LSO,..
1996,YR1996,Liberia,LBR,..
1996,YR1996,Libya,LBY,..
1996,YR1996,Liechtenstein,LIE,..
1996,YR1996,Lithuania,LTU,..
1996,YR1996,Luxembourg,LUX,..
1996,YR1996,"Macao SAR, China",MAC,..
1996,YR1996,Madagascar,MDG,..
1996,YR1996,Malawi,MWI,..
1996,YR1996,Malaysia,MYS,..
1996,YR1996,Maldives,MDV,..
1996,YR1996,Mali,MLI,..
1996,YR1996,Malta,MLT,..
1996,YR1996,Marshall Islands,MHL,..
1996,YR1996,Mauritania,MRT,..
1996,YR1996,Mauritius,MUS,..
1996,YR1996,Mexico,MEX,..
1996,YR1996,"Micronesia, Fed. Sts.",FSM,..
1996,YR1996,Moldova,MDA,..
1996,YR1996,Monaco,MCO,..
1996,YR1996,Mongolia,MNG,..
1996,YR1996,Montenegro,MNE,..
1996,YR1996,Morocco,MAR,..
1996,YR1996,Mozambique,MOZ,..
1996,YR1996,Myanmar,MMR,..
1996,YR1996,Namibia,NAM,..
1996,YR1996,Nauru,NRU,..
1996,YR1996,Nepal,NPL,..
1996,YR1996,Netherlands,NLD,..
1996,YR1996,New Caledonia,NCL,..
1996,YR1996,New Zealand,NZL,..
1996,YR1996,Nicaragua,NIC,..
1996,YR1996,Niger,NER,..
1996,YR1996,Nigeria,NGA,..
1996,YR1996,North Macedonia,MKD,..
1996,YR1996,Northern Mariana Islands,MNP,..
1996,YR1996,Norway,NOR,..
1996,YR1996,Oman,OMN,..
1996,YR1996,Pakistan,PAK,..
1996,YR1996,Palau,PLW,..
1996,YR1996,Panama,PAN,..
1996,YR1996,Papua New Guinea,PNG,..
1996,YR1996,Paraguay,PRY,..
1996,YR1996,Peru,PER,..
1996,YR1996,Philippines,PHL,..
1996,YR1996,Poland,POL,..
1996,YR1996,Portugal,PRT,..
1996,YR1996,Puerto Rico,PRI,..
1996,YR1996,Qatar,QAT,..
1996,YR1996,Romania,ROU,..
1996,YR1996,Russian Federation,RUS,..
1996,YR1996,Rwanda,RWA,..
1996,YR1996,Samoa,WSM,..
1996,YR1996,San Marino,SMR,..
1996,YR1996,Sao Tome and Principe,STP,..
1996,YR1996,Saudi Arabia,SAU,..
1996,YR1996,Senegal,SEN,..
1996,YR1996,Serbia,SRB,..
1996,YR1996,Seychelles,SYC,..
1996,YR1996,Sierra Leone,SLE,..
1996,YR1996,Singapore,SGP,..
1996,YR1996,Sint Maarten (Dutch part),SXM,..
1996,YR1996,Slovak Republic,SVK,..
1996,YR1996,Slovenia,SVN,..
1996,YR1996,Solomon Islands,SLB,..
1996,YR1996,Somalia,SOM,..
1996,YR1996,South Africa,ZAF,..
1996,YR1996,South Sudan,SSD,..
1996,YR1996,Spain,ESP,..
1996,YR1996,Sri Lanka,LKA,..
1996,YR1996,St. Kitts and Nevis,KNA,..
1996,YR1996,St. Lucia,LCA,..
1996,YR1996,St. Martin (French part),MAF,..
1996,YR1996,St. Vincent and the Grenadines,VCT,..
1996,YR1996,Sudan,SDN,..
1996,YR1996,Suriname,SUR,..
1996,YR1996,Sweden,SWE,..
1996,YR1996,Switzerland,CHE,..
1996,YR1996,Syrian Arab Republic,SYR,..
1996,YR1996,Tajikistan,TJK,..
1996,YR1996,Tanzania,TZA,..
1996,YR1996,Thailand,THA,..
1996,YR1996,Timor-Leste,TLS,..
1996,YR1996,Togo,TGO,..
1996,YR1996,Tonga,TON,..
1996,YR1996,Trinidad and Tobago,TTO,..
1996,YR1996,Tunisia,TUN,..
1996,YR1996,Turkiye,TUR,..
1996,YR1996,Turkmenistan,TKM,..
1996,YR1996,Turks and Caicos Islands,TCA,..
1996,YR1996,Tuvalu,TUV,..
1996,YR1996,Uganda,UGA,..
1996,YR1996,Ukraine,UKR,..
1996,YR1996,United Arab Emirates,ARE,..
1996,YR1996,United Kingdom,GBR,..
1996,YR1996,United States,USA,..
1996,YR1996,Uruguay,URY,..
1996,YR1996,Uzbekistan,UZB,..
1996,YR1996,Vanuatu,VUT,..
1996,YR1996,"Venezuela, RB",VEN,..
1996,YR1996,Viet Nam,VNM,..
1996,YR1996,Virgin Islands (U.S.),VIR,..
1996,YR1996,West Bank and Gaza,PSE,..
1996,YR1996,"Yemen, Rep.",YEM,..
1996,YR1996,Zambia,ZMB,..
1996,YR1996,Zimbabwe,ZWE,..
1997,YR1997,Africa Eastern and Southern,AFE,..
1997,YR1997,Africa Western and Central,AFW,..
1997,YR1997,Arab World,ARB,..
1997,YR1997,Caribbean small states,CSS,..
1997,YR1997,Central Europe and the Baltics,CEB,..
1997,YR1997,Early-demographic dividend,EAR,..
1997,YR1997,East Asia & Pacific,EAS,..
1997,YR1997,East Asia & Pacific (excluding high income),EAP,..
1997,YR1997,East Asia & Pacific (IDA & IBRD countries),TEA,..
1997,YR1997,Euro area,EMU,..
1997,YR1997,Europe & Central Asia,ECS,..
1997,YR1997,Europe & Central Asia (excluding high income),ECA,..
1997,YR1997,Europe & Central Asia (IDA & IBRD countries),TEC,..
1997,YR1997,European Union,EUU,..
1997,YR1997,Fragile and conflict affected situations,FCS,..
1997,YR1997,Heavily indebted poor countries (HIPC),HPC,..
1997,YR1997,High income,HIC,..
1997,YR1997,IBRD only,IBD,..
1997,YR1997,IDA & IBRD total,IBT,..
1997,YR1997,IDA blend,IDB,..
1997,YR1997,IDA only,IDX,..
1997,YR1997,IDA total,IDA,..
1997,YR1997,Late-demographic dividend,LTE,..
1997,YR1997,Latin America & Caribbean,LCN,..
1997,YR1997,Latin America & Caribbean (excluding high income),LAC,..
1997,YR1997,Latin America & the Caribbean (IDA & IBRD countries),TLA,..
1997,YR1997,Least developed countries: UN classification,LDC,..
1997,YR1997,Low & middle income,LMY,..
1997,YR1997,Low income,LIC,..
1997,YR1997,Lower middle income,LMC,..
1997,YR1997,Middle East & North Africa,MEA,..
1997,YR1997,Middle East & North Africa (excluding high income),MNA,..
1997,YR1997,Middle East & North Africa (IDA & IBRD countries),TMN,..
1997,YR1997,Middle income,MIC,..
1997,YR1997,North America,NAC,..
1997,YR1997,Not classified,INX,..
1997,YR1997,OECD members,OED,..
1997,YR1997,Other small states,OSS,..
1997,YR1997,Pacific island small states,PSS,..
1997,YR1997,Post-demographic dividend,PST,..
1997,YR1997,Pre-demographic dividend,PRE,..
1997,YR1997,Small states,SST,..
1997,YR1997,South Asia,SAS,..
1997,YR1997,South Asia (IDA & IBRD),TSA,..
1997,YR1997,Sub-Saharan Africa,SSF,..
1997,YR1997,Sub-Saharan Africa (excluding high income),SSA,..
1997,YR1997,Sub-Saharan Africa (IDA & IBRD countries),TSS,..
1997,YR1997,Upper middle income,UMC,..
1997,YR1997,World,WLD,..
1997,YR1997,Afghanistan,AFG,..
1997,YR1997,Albania,ALB,..
1997,YR1997,Algeria,DZA,..
1997,YR1997,American Samoa,ASM,..
1997,YR1997,Andorra,AND,..
1997,YR1997,Angola,AGO,..
1997,YR1997,Antigua and Barbuda,ATG,..
1997,YR1997,Argentina,ARG,..
1997,YR1997,Armenia,ARM,..
1997,YR1997,Aruba,ABW,..
1997,YR1997,Australia,AUS,..
1997,YR1997,Austria,AUT,..
1997,YR1997,Azerbaijan,AZE,..
1997,YR1997,"Bahamas, The",BHS,..
1997,YR1997,Bahrain,BHR,..
1997,YR1997,Bangladesh,BGD,..
1997,YR1997,Barbados,BRB,..
1997,YR1997,Belarus,BLR,..
1997,YR1997,Belgium,BEL,..
1997,YR1997,Belize,BLZ,..
1997,YR1997,Benin,BEN,..
1997,YR1997,Bermuda,BMU,..
1997,YR1997,Bhutan,BTN,..
1997,YR1997,Bolivia,BOL,..
1997,YR1997,Bosnia and Herzegovina,BIH,..
1997,YR1997,Botswana,BWA,..
1997,YR1997,Brazil,BRA,..
1997,YR1997,British Virgin Islands,VGB,..
1997,YR1997,Brunei Darussalam,BRN,..
1997,YR1997,Bulgaria,BGR,..
1997,YR1997,Burkina Faso,BFA,..
1997,YR1997,Burundi,BDI,..
1997,YR1997,Cabo Verde,CPV,..
1997,YR1997,Cambodia,KHM,..
1997,YR1997,Cameroon,CMR,..
1997,YR1997,Canada,CAN,..
1997,YR1997,Cayman Islands,CYM,..
1997,YR1997,Central African Republic,CAF,..
1997,YR1997,Chad,TCD,..
1997,YR1997,Channel Islands,CHI,..
1997,YR1997,Chile,CHL,..
1997,YR1997,China,CHN,..
1997,YR1997,Colombia,COL,..
1997,YR1997,Comoros,COM,..
1997,YR1997,"Congo, Dem. Rep.",COD,..
1997,YR1997,"Congo, Rep.",COG,..
1997,YR1997,Costa Rica,CRI,..
1997,YR1997,Cote d'Ivoire,CIV,..
1997,YR1997,Croatia,HRV,..
1997,YR1997,Cuba,CUB,..
1997,YR1997,Curacao,CUW,..
1997,YR1997,Cyprus,CYP,..
1997,YR1997,Czechia,CZE,..
1997,YR1997,Denmark,DNK,..
1997,YR1997,Djibouti,DJI,..
1997,YR1997,Dominica,DMA,..
1997,YR1997,Dominican Republic,DOM,..
1997,YR1997,Ecuador,ECU,..
1997,YR1997,"Egypt, Arab Rep.",EGY,..
1997,YR1997,El Salvador,SLV,..
1997,YR1997,Equatorial Guinea,GNQ,..
1997,YR1997,Eritrea,ERI,..
1997,YR1997,Estonia,EST,..
1997,YR1997,Eswatini,SWZ,..
1997,YR1997,Ethiopia,ETH,..
1997,YR1997,Faroe Islands,FRO,..
1997,YR1997,Fiji,FJI,..
1997,YR1997,Finland,FIN,..
1997,YR1997,France,FRA,..
1997,YR1997,French Polynesia,PYF,..
1997,YR1997,Gabon,GAB,..
1997,YR1997,"Gambia, The",GMB,..
1997,YR1997,Georgia,GEO,..
1997,YR1997,Germany,DEU,..
1997,YR1997,Ghana,GHA,..
1997,YR1997,Gibraltar,GIB,..
1997,YR1997,Greece,GRC,..
1997,YR1997,Greenland,GRL,..
1997,YR1997,Grenada,GRD,..
1997,YR1997,Guam,GUM,..
1997,YR1997,Guatemala,GTM,..
1997,YR1997,Guinea,GIN,..
1997,YR1997,Guinea-Bissau,GNB,..
1997,YR1997,Guyana,GUY,..
1997,YR1997,Haiti,HTI,..
1997,YR1997,Honduras,HND,..
1997,YR1997,"Hong Kong SAR, China",HKG,..
1997,YR1997,Hungary,HUN,..
1997,YR1997,Iceland,ISL,..
1997,YR1997,India,IND,..
1997,YR1997,Indonesia,IDN,..
1997,YR1997,"Iran, Islamic Rep.",IRN,..
1997,YR1997,Iraq,IRQ,..
1997,YR1997,Ireland,IRL,..
1997,YR1997,Isle of Man,IMN,..
1997,YR1997,Israel,ISR,..
1997,YR1997,Italy,ITA,..
1997,YR1997,Jamaica,JAM,..
1997,YR1997,Japan,JPN,..
1997,YR1997,Jordan,JOR,..
1997,YR1997,Kazakhstan,KAZ,..
1997,YR1997,Kenya,KEN,..
1997,YR1997,Kiribati,KIR,..
1997,YR1997,"Korea, Dem. People's Rep.",PRK,..
1997,YR1997,"Korea, Rep.",KOR,..
1997,YR1997,Kosovo,XKX,..
1997,YR1997,Kuwait,KWT,..
1997,YR1997,Kyrgyz Republic,KGZ,..
1997,YR1997,Lao PDR,LAO,..
1997,YR1997,Latvia,LVA,..
1997,YR1997,Lebanon,LBN,..
1997,YR1997,Lesotho,LSO,..
1997,YR1997,Liberia,LBR,..
1997,YR1997,Libya,LBY,..
1997,YR1997,Liechtenstein,LIE,..
1997,YR1997,Lithuania,LTU,..
1997,YR1997,Luxembourg,LUX,..
1997,YR1997,"Macao SAR, China",MAC,..
1997,YR1997,Madagascar,MDG,..
1997,YR1997,Malawi,MWI,..
1997,YR1997,Malaysia,MYS,..
1997,YR1997,Maldives,MDV,..
1997,YR1997,Mali,MLI,..
1997,YR1997,Malta,MLT,..
1997,YR1997,Marshall Islands,MHL,..
1997,YR1997,Mauritania,MRT,..
1997,YR1997,Mauritius,MUS,..
1997,YR1997,Mexico,MEX,..
1997,YR1997,"Micronesia, Fed. Sts.",FSM,..
1997,YR1997,Moldova,MDA,..
1997,YR1997,Monaco,MCO,..
1997,YR1997,Mongolia,MNG,..
1997,YR1997,Montenegro,MNE,..
1997,YR1997,Morocco,MAR,..
1997,YR1997,Mozambique,MOZ,..
1997,YR1997,Myanmar,MMR,..
1997,YR1997,Namibia,NAM,..
1997,YR1997,Nauru,NRU,..
1997,YR1997,Nepal,NPL,..
1997,YR1997,Netherlands,NLD,..
1997,YR1997,New Caledonia,NCL,..
1997,YR1997,New Zealand,NZL,..
1997,YR1997,Nicaragua,NIC,..
1997,YR1997,Niger,NER,..
1997,YR1997,Nigeria,NGA,..
1997,YR1997,North Macedonia,MKD,..
1997,YR1997,Northern Mariana Islands,MNP,..
1997,YR1997,Norway,NOR,..
1997,YR1997,Oman,OMN,..
1997,YR1997,Pakistan,PAK,..
1997,YR1997,Palau,PLW,..
1997,YR1997,Panama,PAN,..
1997,YR1997,Papua New Guinea,PNG,..
1997,YR1997,Paraguay,PRY,..
1997,YR1997,Peru,PER,..
1997,YR1997,Philippines,PHL,..
1997,YR1997,Poland,POL,..
1997,YR1997,Portugal,PRT,..
1997,YR1997,Puerto Rico,PRI,..
1997,YR1997,Qatar,QAT,..
1997,YR1997,Romania,ROU,..
1997,YR1997,Russian Federation,RUS,..
1997,YR1997,Rwanda,RWA,..
1997,YR1997,Samoa,WSM,..
1997,YR1997,San Marino,SMR,..
1997,YR1997,Sao Tome and Principe,STP,..
1997,YR1997,Saudi Arabia,SAU,..
1997,YR1997,Senegal,SEN,..
1997,YR1997,Serbia,SRB,..
1997,YR1997,Seychelles,SYC,..
1997,YR1997,Sierra Leone,SLE,..
1997,YR1997,Singapore,SGP,..
1997,YR1997,Sint Maarten (Dutch part),SXM,..
1997,YR1997,Slovak Republic,SVK,..
1997,YR1997,Slovenia,SVN,..
1997,YR1997,Solomon Islands,SLB,..
1997,YR1997,Somalia,SOM,..
1997,YR1997,South Africa,ZAF,..
1997,YR1997,South Sudan,SSD,..
1997,YR1997,Spain,ESP,..
1997,YR1997,Sri Lanka,LKA,..
1997,YR1997,St. Kitts and Nevis,KNA,..
1997,YR1997,St. Lucia,LCA,..
1997,YR1997,St. Martin (French part),MAF,..
1997,YR1997,St. Vincent and the Grenadines,VCT,..
1997,YR1997,Sudan,SDN,..
1997,YR1997,Suriname,SUR,..
1997,YR1997,Sweden,SWE,..
1997,YR1997,Switzerland,CHE,..
1997,YR1997,Syrian Arab Republic,SYR,..
1997,YR1997,Tajikistan,TJK,..
1997,YR1997,Tanzania,TZA,..
1997,YR1997,Thailand,THA,..
1997,YR1997,Timor-Leste,TLS,..
1997,YR1997,Togo,TGO,..
1997,YR1997,Tonga,TON,..
1997,YR1997,Trinidad and Tobago,TTO,..
1997,YR1997,Tunisia,TUN,..
1997,YR1997,Turkiye,TUR,..
1997,YR1997,Turkmenistan,TKM,..
1997,YR1997,Turks and Caicos Islands,TCA,..
1997,YR1997,Tuvalu,TUV,..
1997,YR1997,Uganda,UGA,..
1997,YR1997,Ukraine,UKR,..
1997,YR1997,United Arab Emirates,ARE,..
1997,YR1997,United Kingdom,GBR,..
1997,YR1997,United States,USA,..
1997,YR1997,Uruguay,URY,..
1997,YR1997,Uzbekistan,UZB,..
1997,YR1997,Vanuatu,VUT,..
1997,YR1997,"Venezuela, RB",VEN,..
1997,YR1997,Viet Nam,VNM,..
1997,YR1997,Virgin Islands (U.S.),VIR,..
1997,YR1997,West Bank and Gaza,PSE,..
1997,YR1997,"Yemen, Rep.",YEM,..
1997,YR1997,Zambia,ZMB,..
1997,YR1997,Zimbabwe,ZWE,..
1998,YR1998,Africa Eastern and Southern,AFE,..
1998,YR1998,Africa Western and Central,AFW,..
1998,YR1998,Arab World,ARB,..
1998,YR1998,Caribbean small states,CSS,..
1998,YR1998,Central Europe and the Baltics,CEB,..
1998,YR1998,Early-demographic dividend,EAR,..
1998,YR1998,East Asia & Pacific,EAS,..
1998,YR1998,East Asia & Pacific (excluding high income),EAP,..
1998,YR1998,East Asia & Pacific (IDA & IBRD countries),TEA,..
1998,YR1998,Euro area,EMU,..
1998,YR1998,Europe & Central Asia,ECS,..
1998,YR1998,Europe & Central Asia (excluding high income),ECA,..
1998,YR1998,Europe & Central Asia (IDA & IBRD countries),TEC,..
1998,YR1998,European Union,EUU,..
1998,YR1998,Fragile and conflict affected situations,FCS,..
1998,YR1998,Heavily indebted poor countries (HIPC),HPC,..
1998,YR1998,High income,HIC,..
1998,YR1998,IBRD only,IBD,..
1998,YR1998,IDA & IBRD total,IBT,..
1998,YR1998,IDA blend,IDB,..
1998,YR1998,IDA only,IDX,..
1998,YR1998,IDA total,IDA,..
1998,YR1998,Late-demographic dividend,LTE,..
1998,YR1998,Latin America & Caribbean,LCN,..
1998,YR1998,Latin America & Caribbean (excluding high income),LAC,..
1998,YR1998,Latin America & the Caribbean (IDA & IBRD countries),TLA,..
1998,YR1998,Least developed countries: UN classification,LDC,..
1998,YR1998,Low & middle income,LMY,..
1998,YR1998,Low income,LIC,..
1998,YR1998,Lower middle income,LMC,..
1998,YR1998,Middle East & North Africa,MEA,..
1998,YR1998,Middle East & North Africa (excluding high income),MNA,..
1998,YR1998,Middle East & North Africa (IDA & IBRD countries),TMN,..
1998,YR1998,Middle income,MIC,..
1998,YR1998,North America,NAC,..
1998,YR1998,Not classified,INX,..
1998,YR1998,OECD members,OED,..
1998,YR1998,Other small states,OSS,..
1998,YR1998,Pacific island small states,PSS,..
1998,YR1998,Post-demographic dividend,PST,..
1998,YR1998,Pre-demographic dividend,PRE,..
1998,YR1998,Small states,SST,..
1998,YR1998,South Asia,SAS,..
1998,YR1998,South Asia (IDA & IBRD),TSA,..
1998,YR1998,Sub-Saharan Africa,SSF,..
1998,YR1998,Sub-Saharan Africa (excluding high income),SSA,..
1998,YR1998,Sub-Saharan Africa (IDA & IBRD countries),TSS,..
1998,YR1998,Upper middle income,UMC,..
1998,YR1998,World,WLD,..
1998,YR1998,Afghanistan,AFG,..
1998,YR1998,Albania,ALB,..
1998,YR1998,Algeria,DZA,..
1998,YR1998,American Samoa,ASM,..
1998,YR1998,Andorra,AND,..
1998,YR1998,Angola,AGO,..
1998,YR1998,Antigua and Barbuda,ATG,..
1998,YR1998,Argentina,ARG,..
1998,YR1998,Armenia,ARM,..
1998,YR1998,Aruba,ABW,..
1998,YR1998,Australia,AUS,..
1998,YR1998,Austria,AUT,..
1998,YR1998,Azerbaijan,AZE,..
1998,YR1998,"Bahamas, The",BHS,..
1998,YR1998,Bahrain,BHR,..
1998,YR1998,Bangladesh,BGD,..
1998,YR1998,Barbados,BRB,..
1998,YR1998,Belarus,BLR,..
1998,YR1998,Belgium,BEL,..
1998,YR1998,Belize,BLZ,..
1998,YR1998,Benin,BEN,..
1998,YR1998,Bermuda,BMU,..
1998,YR1998,Bhutan,BTN,..
1998,YR1998,Bolivia,BOL,..
1998,YR1998,Bosnia and Herzegovina,BIH,..
1998,YR1998,Botswana,BWA,..
1998,YR1998,Brazil,BRA,..
1998,YR1998,British Virgin Islands,VGB,..
1998,YR1998,Brunei Darussalam,BRN,..
1998,YR1998,Bulgaria,BGR,..
1998,YR1998,Burkina Faso,BFA,..
1998,YR1998,Burundi,BDI,..
1998,YR1998,Cabo Verde,CPV,..
1998,YR1998,Cambodia,KHM,..
1998,YR1998,Cameroon,CMR,..
1998,YR1998,Canada,CAN,..
1998,YR1998,Cayman Islands,CYM,..
1998,YR1998,Central African Republic,CAF,..
1998,YR1998,Chad,TCD,..
1998,YR1998,Channel Islands,CHI,..
1998,YR1998,Chile,CHL,..
1998,YR1998,China,CHN,..
1998,YR1998,Colombia,COL,..
1998,YR1998,Comoros,COM,..
1998,YR1998,"Congo, Dem. Rep.",COD,..
1998,YR1998,"Congo, Rep.",COG,..
1998,YR1998,Costa Rica,CRI,..
1998,YR1998,Cote d'Ivoire,CIV,..
1998,YR1998,Croatia,HRV,..
1998,YR1998,Cuba,CUB,..
1998,YR1998,Curacao,CUW,..
1998,YR1998,Cyprus,CYP,..
1998,YR1998,Czechia,CZE,..
1998,YR1998,Denmark,DNK,..
1998,YR1998,Djibouti,DJI,..
1998,YR1998,Dominica,DMA,..
1998,YR1998,Dominican Republic,DOM,..
1998,YR1998,Ecuador,ECU,..
1998,YR1998,"Egypt, Arab Rep.",EGY,..
1998,YR1998,El Salvador,SLV,..
1998,YR1998,Equatorial Guinea,GNQ,..
1998,YR1998,Eritrea,ERI,..
1998,YR1998,Estonia,EST,..
1998,YR1998,Eswatini,SWZ,..
1998,YR1998,Ethiopia,ETH,..
1998,YR1998,Faroe Islands,FRO,..
1998,YR1998,Fiji,FJI,..
1998,YR1998,Finland,FIN,..
1998,YR1998,France,FRA,..
1998,YR1998,French Polynesia,PYF,..
1998,YR1998,Gabon,GAB,..
1998,YR1998,"Gambia, The",GMB,..
1998,YR1998,Georgia,GEO,..
1998,YR1998,Germany,DEU,..
1998,YR1998,Ghana,GHA,..
1998,YR1998,Gibraltar,GIB,..
1998,YR1998,Greece,GRC,..
1998,YR1998,Greenland,GRL,..
1998,YR1998,Grenada,GRD,..
1998,YR1998,Guam,GUM,..
1998,YR1998,Guatemala,GTM,..
1998,YR1998,Guinea,GIN,..
1998,YR1998,Guinea-Bissau,GNB,..
1998,YR1998,Guyana,GUY,..
1998,YR1998,Haiti,HTI,..
1998,YR1998,Honduras,HND,..
1998,YR1998,"Hong Kong SAR, China",HKG,..
1998,YR1998,Hungary,HUN,..
1998,YR1998,Iceland,ISL,..
1998,YR1998,India,IND,..
1998,YR1998,Indonesia,IDN,..
1998,YR1998,"Iran, Islamic Rep.",IRN,..
1998,YR1998,Iraq,IRQ,..
1998,YR1998,Ireland,IRL,..
1998,YR1998,Isle of Man,IMN,..
1998,YR1998,Israel,ISR,..
1998,YR1998,Italy,ITA,..
1998,YR1998,Jamaica,JAM,..
1998,YR1998,Japan,JPN,..
1998,YR1998,Jordan,JOR,..
1998,YR1998,Kazakhstan,KAZ,..
1998,YR1998,Kenya,KEN,..
1998,YR1998,Kiribati,KIR,..
1998,YR1998,"Korea, Dem. People's Rep.",PRK,..
1998,YR1998,"Korea, Rep.",KOR,..
1998,YR1998,Kosovo,XKX,..
1998,YR1998,Kuwait,KWT,..
1998,YR1998,Kyrgyz Republic,KGZ,..
1998,YR1998,Lao PDR,LAO,..
1998,YR1998,Latvia,LVA,..
1998,YR1998,Lebanon,LBN,..
1998,YR1998,Lesotho,LSO,..
1998,YR1998,Liberia,LBR,..
1998,YR1998,Libya,LBY,..
1998,YR1998,Liechtenstein,LIE,..
1998,YR1998,Lithuania,LTU,..
1998,YR1998,Luxembourg,LUX,..
1998,YR1998,"Macao SAR, China",MAC,..
1998,YR1998,Madagascar,MDG,..
1998,YR1998,Malawi,MWI,..
1998,YR1998,Malaysia,MYS,..
1998,YR1998,Maldives,MDV,..
1998,YR1998,Mali,MLI,..
1998,YR1998,Malta,MLT,..
1998,YR1998,Marshall Islands,MHL,..
1998,YR1998,Mauritania,MRT,..
1998,YR1998,Mauritius,MUS,..
1998,YR1998,Mexico,MEX,..
1998,YR1998,"Micronesia, Fed. Sts.",FSM,..
1998,YR1998,Moldova,MDA,..
1998,YR1998,Monaco,MCO,..
1998,YR1998,Mongolia,MNG,..
1998,YR1998,Montenegro,MNE,..
1998,YR1998,Morocco,MAR,..
1998,YR1998,Mozambique,MOZ,..
1998,YR1998,Myanmar,MMR,..
1998,YR1998,Namibia,NAM,..
1998,YR1998,Nauru,NRU,..
1998,YR1998,Nepal,NPL,..
1998,YR1998,Netherlands,NLD,..
1998,YR1998,New Caledonia,NCL,..
1998,YR1998,New Zealand,NZL,..
1998,YR1998,Nicaragua,NIC,..
1998,YR1998,Niger,NER,..
1998,YR1998,Nigeria,NGA,..
1998,YR1998,North Macedonia,MKD,..
1998,YR1998,Northern Mariana Islands,MNP,..
1998,YR1998,Norway,NOR,..
1998,YR1998,Oman,OMN,..
1998,YR1998,Pakistan,PAK,..
1998,YR1998,Palau,PLW,..
1998,YR1998,Panama,PAN,..
1998,YR1998,Papua New Guinea,PNG,..
1998,YR1998,Paraguay,PRY,..
1998,YR1998,Peru,PER,..
1998,YR1998,Philippines,PHL,..
1998,YR1998,Poland,POL,..
1998,YR1998,Portugal,PRT,..
1998,YR1998,Puerto Rico,PRI,..
1998,YR1998,Qatar,QAT,..
1998,YR1998,Romania,ROU,..
1998,YR1998,Russian Federation,RUS,..
1998,YR1998,Rwanda,RWA,..
1998,YR1998,Samoa,WSM,..
1998,YR1998,San Marino,SMR,..
1998,YR1998,Sao Tome and Principe,STP,..
1998,YR1998,Saudi Arabia,SAU,..
1998,YR1998,Senegal,SEN,..
1998,YR1998,Serbia,SRB,..
1998,YR1998,Seychelles,SYC,..
1998,YR1998,Sierra Leone,SLE,..
1998,YR1998,Singapore,SGP,..
1998,YR1998,Sint Maarten (Dutch part),SXM,..
1998,YR1998,Slovak Republic,SVK,..
1998,YR1998,Slovenia,SVN,..
1998,YR1998,Solomon Islands,SLB,..
1998,YR1998,Somalia,SOM,..
1998,YR1998,South Africa,ZAF,..
1998,YR1998,South Sudan,SSD,..
1998,YR1998,Spain,ESP,..
1998,YR1998,Sri Lanka,LKA,..
1998,YR1998,St. Kitts and Nevis,KNA,..
1998,YR1998,St. Lucia,LCA,..
1998,YR1998,St. Martin (French part),MAF,..
1998,YR1998,St. Vincent and the Grenadines,VCT,..
1998,YR1998,Sudan,SDN,..
1998,YR1998,Suriname,SUR,..
1998,YR1998,Sweden,SWE,..
1998,YR1998,Switzerland,CHE,..
1998,YR1998,Syrian Arab Republic,SYR,..
1998,YR1998,Tajikistan,TJK,..
1998,YR1998,Tanzania,TZA,..
1998,YR1998,Thailand,THA,..
1998,YR1998,Timor-Leste,TLS,..
1998,YR1998,Togo,TGO,..
1998,YR1998,Tonga,TON,..
1998,YR1998,Trinidad and Tobago,TTO,..
1998,YR1998,Tunisia,TUN,..
1998,YR1998,Turkiye,TUR,..
1998,YR1998,Turkmenistan,TKM,..
1998,YR1998,Turks and Caicos Islands,TCA,..
1998,YR1998,Tuvalu,TUV,..
1998,YR1998,Uganda,UGA,..
1998,YR1998,Ukraine,UKR,..
1998,YR1998,United Arab Emirates,ARE,..
1998,YR1998,United Kingdom,GBR,..
1998,YR1998,United States,USA,..
1998,YR1998,Uruguay,URY,..
1998,YR1998,Uzbekistan,UZB,..
1998,YR1998,Vanuatu,VUT,..
1998,YR1998,"Venezuela, RB",VEN,..
1998,YR1998,Viet Nam,VNM,..
1998,YR1998,Virgin Islands (U.S.),VIR,..
1998,YR1998,West Bank and Gaza,PSE,..
1998,YR1998,"Yemen, Rep.",YEM,..
1998,YR1998,Zambia,ZMB,..
1998,YR1998,Zimbabwe,ZWE,..
1999,YR1999,Africa Eastern and Southern,AFE,..
1999,YR1999,Africa Western and Central,AFW,..
1999,YR1999,Arab World,ARB,..
1999,YR1999,Caribbean small states,CSS,..
1999,YR1999,Central Europe and the Baltics,CEB,..
1999,YR1999,Early-demographic dividend,EAR,..
1999,YR1999,East Asia & Pacific,EAS,..
1999,YR1999,East Asia & Pacific (excluding high income),EAP,..
1999,YR1999,East Asia & Pacific (IDA & IBRD countries),TEA,..
1999,YR1999,Euro area,EMU,..
1999,YR1999,Europe & Central Asia,ECS,..
1999,YR1999,Europe & Central Asia (excluding high income),ECA,..
1999,YR1999,Europe & Central Asia (IDA & IBRD countries),TEC,..
1999,YR1999,European Union,EUU,..
1999,YR1999,Fragile and conflict affected situations,FCS,..
1999,YR1999,Heavily indebted poor countries (HIPC),HPC,..
1999,YR1999,High income,HIC,..
1999,YR1999,IBRD only,IBD,..
1999,YR1999,IDA & IBRD total,IBT,..
1999,YR1999,IDA blend,IDB,..
1999,YR1999,IDA only,IDX,..
1999,YR1999,IDA total,IDA,..
1999,YR1999,Late-demographic dividend,LTE,..
1999,YR1999,Latin America & Caribbean,LCN,..
1999,YR1999,Latin America & Caribbean (excluding high income),LAC,..
1999,YR1999,Latin America & the Caribbean (IDA & IBRD countries),TLA,..
1999,YR1999,Least developed countries: UN classification,LDC,..
1999,YR1999,Low & middle income,LMY,..
1999,YR1999,Low income,LIC,..
1999,YR1999,Lower middle income,LMC,..
1999,YR1999,Middle East & North Africa,MEA,..
1999,YR1999,Middle East & North Africa (excluding high income),MNA,..
1999,YR1999,Middle East & North Africa (IDA & IBRD countries),TMN,..
1999,YR1999,Middle income,MIC,..
1999,YR1999,North America,NAC,..
1999,YR1999,Not classified,INX,..
1999,YR1999,OECD members,OED,..
1999,YR1999,Other small states,OSS,..
1999,YR1999,Pacific island small states,PSS,..
1999,YR1999,Post-demographic dividend,PST,..
1999,YR1999,Pre-demographic dividend,PRE,..
1999,YR1999,Small states,SST,..
1999,YR1999,South Asia,SAS,..
1999,YR1999,South Asia (IDA & IBRD),TSA,..
1999,YR1999,Sub-Saharan Africa,SSF,..
1999,YR1999,Sub-Saharan Africa (excluding high income),SSA,..
1999,YR1999,Sub-Saharan Africa (IDA & IBRD countries),TSS,..
1999,YR1999,Upper middle income,UMC,..
1999,YR1999,World,WLD,..
1999,YR1999,Afghanistan,AFG,..
1999,YR1999,Albania,ALB,..
1999,YR1999,Algeria,DZA,..
1999,YR1999,American Samoa,ASM,..
1999,YR1999,Andorra,AND,..
1999,YR1999,Angola,AGO,..
1999,YR1999,Antigua and Barbuda,ATG,..
1999,YR1999,Argentina,ARG,..
1999,YR1999,Armenia,ARM,..
1999,YR1999,Aruba,ABW,..
1999,YR1999,Australia,AUS,..
1999,YR1999,Austria,AUT,..
1999,YR1999,Azerbaijan,AZE,..
1999,YR1999,"Bahamas, The",BHS,..
1999,YR1999,Bahrain,BHR,..
1999,YR1999,Bangladesh,BGD,..
1999,YR1999,Barbados,BRB,..
1999,YR1999,Belarus,BLR,..
1999,YR1999,Belgium,BEL,..
1999,YR1999,Belize,BLZ,..
1999,YR1999,Benin,BEN,..
1999,YR1999,Bermuda,BMU,..
1999,YR1999,Bhutan,BTN,..
1999,YR1999,Bolivia,BOL,..
1999,YR1999,Bosnia and Herzegovina,BIH,..
1999,YR1999,Botswana,BWA,..
1999,YR1999,Brazil,BRA,..
1999,YR1999,British Virgin Islands,VGB,..
1999,YR1999,Brunei Darussalam,BRN,..
1999,YR1999,Bulgaria,BGR,..
1999,YR1999,Burkina Faso,BFA,..
1999,YR1999,Burundi,BDI,..
1999,YR1999,Cabo Verde,CPV,..
1999,YR1999,Cambodia,KHM,..
1999,YR1999,Cameroon,CMR,..
1999,YR1999,Canada,CAN,..
1999,YR1999,Cayman Islands,CYM,..
1999,YR1999,Central African Republic,CAF,..
1999,YR1999,Chad,TCD,..
1999,YR1999,Channel Islands,CHI,..
1999,YR1999,Chile,CHL,..
1999,YR1999,China,CHN,..
1999,YR1999,Colombia,COL,..
1999,YR1999,Comoros,COM,..
1999,YR1999,"Congo, Dem. Rep.",COD,..
1999,YR1999,"Congo, Rep.",COG,..
1999,YR1999,Costa Rica,CRI,..
1999,YR1999,Cote d'Ivoire,CIV,..
1999,YR1999,Croatia,HRV,..
1999,YR1999,Cuba,CUB,..
1999,YR1999,Curacao,CUW,..
1999,YR1999,Cyprus,CYP,..
1999,YR1999,Czechia,CZE,..
1999,YR1999,Denmark,DNK,..
1999,YR1999,Djibouti,DJI,..
1999,YR1999,Dominica,DMA,..
1999,YR1999,Dominican Republic,DOM,..
1999,YR1999,Ecuador,ECU,..
1999,YR1999,"Egypt, Arab Rep.",EGY,..
1999,YR1999,El Salvador,SLV,..
1999,YR1999,Equatorial Guinea,GNQ,..
1999,YR1999,Eritrea,ERI,..
1999,YR1999,Estonia,EST,..
1999,YR1999,Eswatini,SWZ,..
1999,YR1999,Ethiopia,ETH,..
1999,YR1999,Faroe Islands,FRO,..
1999,YR1999,Fiji,FJI,..
1999,YR1999,Finland,FIN,..
1999,YR1999,France,FRA,..
1999,YR1999,French Polynesia,PYF,..
1999,YR1999,Gabon,GAB,..
1999,YR1999,"Gambia, The",GMB,..
1999,YR1999,Georgia,GEO,..
1999,YR1999,Germany,DEU,..
1999,YR1999,Ghana,GHA,..
1999,YR1999,Gibraltar,GIB,..
1999,YR1999,Greece,GRC,..
1999,YR1999,Greenland,GRL,..
1999,YR1999,Grenada,GRD,..
1999,YR1999,Guam,GUM,..
1999,YR1999,Guatemala,GTM,..
1999,YR1999,Guinea,GIN,..
1999,YR1999,Guinea-Bissau,GNB,..
1999,YR1999,Guyana,GUY,..
1999,YR1999,Haiti,HTI,..
1999,YR1999,Honduras,HND,..
1999,YR1999,"Hong Kong SAR, China",HKG,..
1999,YR1999,Hungary,HUN,..
1999,YR1999,Iceland,ISL,..
1999,YR1999,India,IND,..
1999,YR1999,Indonesia,IDN,..
1999,YR1999,"Iran, Islamic Rep.",IRN,..
1999,YR1999,Iraq,IRQ,..
1999,YR1999,Ireland,IRL,..
1999,YR1999,Isle of Man,IMN,..
1999,YR1999,Israel,ISR,..
1999,YR1999,Italy,ITA,..
1999,YR1999,Jamaica,JAM,..
1999,YR1999,Japan,JPN,..
1999,YR1999,Jordan,JOR,..
1999,YR1999,Kazakhstan,KAZ,..
1999,YR1999,Kenya,KEN,..
1999,YR1999,Kiribati,KIR,..
1999,YR1999,"Korea, Dem. People's Rep.",PRK,..
1999,YR1999,"Korea, Rep.",KOR,..
1999,YR1999,Kosovo,XKX,..
1999,YR1999,Kuwait,KWT,..
1999,YR1999,Kyrgyz Republic,KGZ,..
1999,YR1999,Lao PDR,LAO,..
1999,YR1999,Latvia,LVA,..
1999,YR1999,Lebanon,LBN,..
1999,YR1999,Lesotho,LSO,..
1999,YR1999,Liberia,LBR,..
1999,YR1999,Libya,LBY,..
1999,YR1999,Liechtenstein,LIE,..
1999,YR1999,Lithuania,LTU,..
1999,YR1999,Luxembourg,LUX,..
1999,YR1999,"Macao SAR, China",MAC,..
1999,YR1999,Madagascar,MDG,..
1999,YR1999,Malawi,MWI,..
1999,YR1999,Malaysia,MYS,..
1999,YR1999,Maldives,MDV,..
1999,YR1999,Mali,MLI,..
1999,YR1999,Malta,MLT,..
1999,YR1999,Marshall Islands,MHL,..
1999,YR1999,Mauritania,MRT,..
1999,YR1999,Mauritius,MUS,..
1999,YR1999,Mexico,MEX,..
1999,YR1999,"Micronesia, Fed. Sts.",FSM,..
1999,YR1999,Moldova,MDA,..
1999,YR1999,Monaco,MCO,..
1999,YR1999,Mongolia,MNG,..
1999,YR1999,Montenegro,MNE,..
1999,YR1999,Morocco,MAR,..
1999,YR1999,Mozambique,MOZ,..
1999,YR1999,Myanmar,MMR,..
1999,YR1999,Namibia,NAM,..
1999,YR1999,Nauru,NRU,..
1999,YR1999,Nepal,NPL,..
1999,YR1999,Netherlands,NLD,..
1999,YR1999,New Caledonia,NCL,..
1999,YR1999,New Zealand,NZL,..
1999,YR1999,Nicaragua,NIC,..
1999,YR1999,Niger,NER,..
1999,YR1999,Nigeria,NGA,..
1999,YR1999,North Macedonia,MKD,..
1999,YR1999,Northern Mariana Islands,MNP,..
1999,YR1999,Norway,NOR,..
1999,YR1999,Oman,OMN,..
1999,YR1999,Pakistan,PAK,..
1999,YR1999,Palau,PLW,..
1999,YR1999,Panama,PAN,..
1999,YR1999,Papua New Guinea,PNG,..
1999,YR1999,Paraguay,PRY,..
1999,YR1999,Peru,PER,..
1999,YR1999,Philippines,PHL,..
1999,YR1999,Poland,POL,..
1999,YR1999,Portugal,PRT,..
1999,YR1999,Puerto Rico,PRI,..
1999,YR1999,Qatar,QAT,..
1999,YR1999,Romania,ROU,..
1999,YR1999,Russian Federation,RUS,..
1999,YR1999,Rwanda,RWA,..
1999,YR1999,Samoa,WSM,..
1999,YR1999,San Marino,SMR,..
1999,YR1999,Sao Tome and Principe,STP,..
1999,YR1999,Saudi Arabia,SAU,..
1999,YR1999,Senegal,SEN,..
1999,YR1999,Serbia,SRB,..
1999,YR1999,Seychelles,SYC,..
1999,YR1999,Sierra Leone,SLE,..
1999,YR1999,Singapore,SGP,..
1999,YR1999,Sint Maarten (Dutch part),SXM,..
1999,YR1999,Slovak Republic,SVK,..
1999,YR1999,Slovenia,SVN,..
1999,YR1999,Solomon Islands,SLB,..
1999,YR1999,Somalia,SOM,..
1999,YR1999,South Africa,ZAF,..
1999,YR1999,South Sudan,SSD,..
1999,YR1999,Spain,ESP,..
1999,YR1999,Sri Lanka,LKA,..
1999,YR1999,St. Kitts and Nevis,KNA,..
1999,YR1999,St. Lucia,LCA,..
1999,YR1999,St. Martin (French part),MAF,..
1999,YR1999,St. Vincent and the Grenadines,VCT,..
1999,YR1999,Sudan,SDN,..
1999,YR1999,Suriname,SUR,..
1999,YR1999,Sweden,SWE,..
1999,YR1999,Switzerland,CHE,..
1999,YR1999,Syrian Arab Republic,SYR,..
1999,YR1999,Tajikistan,TJK,..
1999,YR1999,Tanzania,TZA,..
1999,YR1999,Thailand,THA,..
1999,YR1999,Timor-Leste,TLS,..
1999,YR1999,Togo,TGO,..
1999,YR1999,Tonga,TON,..
1999,YR1999,Trinidad and Tobago,TTO,..
1999,YR1999,Tunisia,TUN,..
1999,YR1999,Turkiye,TUR,..
1999,YR1999,Turkmenistan,TKM,..
1999,YR1999,Turks and Caicos Islands,TCA,..
1999,YR1999,Tuvalu,TUV,..
1999,YR1999,Uganda,UGA,..
1999,YR1999,Ukraine,UKR,..
1999,YR1999,United Arab Emirates,ARE,..
1999,YR1999,United Kingdom,GBR,..
1999,YR1999,United States,USA,..
1999,YR1999,Uruguay,URY,..
1999,YR1999,Uzbekistan,UZB,..
1999,YR1999,Vanuatu,VUT,..
1999,YR1999,"Venezuela, RB",VEN,..
1999,YR1999,Viet Nam,VNM,..
1999,YR1999,Virgin Islands (U.S.),VIR,..
1999,YR1999,West Bank and Gaza,PSE,..
1999,YR1999,"Yemen, Rep.",YEM,..
1999,YR1999,Zambia,ZMB,..
1999,YR1999,Zimbabwe,ZWE,..
2000,YR2000,Africa Eastern and Southern,AFE,41.8096398119598
2000,YR2000,Africa Western and Central,AFW,50.6704404671793
2000,YR2000,Arab World,ARB,78.2258116323951
2000,YR2000,Caribbean small states,CSS,91.7125233442436
2000,YR2000,Central Europe and the Baltics,CEB,..
2000,YR2000,Early-demographic dividend,EAR,80.3261564703058
2000,YR2000,East Asia & Pacific,EAS,80.2958213281271
2000,YR2000,East Asia & Pacific (excluding high income),EAP,78.6513950545561
2000,YR2000,East Asia & Pacific (IDA & IBRD countries),TEA,78.3825540773153
2000,YR2000,Euro area,EMU,99.6617370294734
2000,YR2000,Europe & Central Asia,ECS,96.7759108260142
2000,YR2000,Europe & Central Asia (excluding high income),ECA,91.3407188466006
2000,YR2000,Europe & Central Asia (IDA & IBRD countries),TEC,93.5760525536261
2000,YR2000,European Union,EUU,99.6965149380493
2000,YR2000,Fragile and conflict affected situations,FCS,51.1656653307021
2000,YR2000,Heavily indebted poor countries (HIPC),HPC,41.6347676795519
2000,YR2000,High income,HIC,98.5761782787916
2000,YR2000,IBRD only,IBD,..
2000,YR2000,IDA & IBRD total,IBT,77.7374358047678
2000,YR2000,IDA blend,IDB,..
2000,YR2000,IDA only,IDX,..
2000,YR2000,IDA total,IDA,..
2000,YR2000,Late-demographic dividend,LTE,83.4228167989205
2000,YR2000,Latin America & Caribbean,LCN,90.7231090125951
2000,YR2000,Latin America & Caribbean (excluding high income),LAC,90.1125668402223
2000,YR2000,Latin America & the Caribbean (IDA & IBRD countries),TLA,90.6418432147396
2000,YR2000,Least developed countries: UN classification,LDC,51.1341843685847
2000,YR2000,Low & middle income,LMY,77.0070035675543
2000,YR2000,Low income,LIC,41.4202024207372
2000,YR2000,Lower middle income,LMC,76.4029236510873
2000,YR2000,Middle East & North Africa,MEA,87.0409013200775
2000,YR2000,Middle East & North Africa (excluding high income),MNA,86.4525714508922
2000,YR2000,Middle East & North Africa (IDA & IBRD countries),TMN,86.4089406038403
2000,YR2000,Middle income,MIC,79.9994710279537
2000,YR2000,North America,NAC,..
2000,YR2000,Not classified,INX,..
2000,YR2000,OECD members,OED,97.5205824915743
2000,YR2000,Other small states,OSS,88.7932298365926
2000,YR2000,Pacific island small states,PSS,88.0103723999708
2000,YR2000,Post-demographic dividend,PST,99.2379379281257
2000,YR2000,Pre-demographic dividend,PRE,44.4796362605593
2000,YR2000,Small states,SST,89.2266536194353
2000,YR2000,South Asia,SAS,81.3837479423981
2000,YR2000,South Asia (IDA & IBRD),TSA,81.3837479423981
2000,YR2000,Sub-Saharan Africa,SSF,45.4015572695753
2000,YR2000,Sub-Saharan Africa (excluding high income),SSA,45.3956393214317
2000,YR2000,Sub-Saharan Africa (IDA & IBRD countries),TSS,45.4015572695753
2000,YR2000,Upper middle income,UMC,83.2167823373543
2000,YR2000,World,WLD,80.2793252632516
2000,YR2000,Afghanistan,AFG,27.4418560941262
2000,YR2000,Albania,ALB,86.3970439494077
2000,YR2000,Algeria,DZA,89.8488285798425
2000,YR2000,American Samoa,ASM,94.9322903901615
2000,YR2000,Andorra,AND,99.9999994632633
2000,YR2000,Angola,AGO,41.1443097881583
2000,YR2000,Antigua and Barbuda,ATG,..
2000,YR2000,Argentina,ARG,96.2840257442126
2000,YR2000,Armenia,ARM,95.3321795073804
2000,YR2000,Aruba,ABW,94.4888063555081
2000,YR2000,Australia,AUS,99.7122951850974
2000,YR2000,Austria,AUT,99.9999997317949
2000,YR2000,Azerbaijan,AZE,73.4165803447003
2000,YR2000,"Bahamas, The",BHS,98.2454956108156
2000,YR2000,Bahrain,BHR,99.958665400505
2000,YR2000,Bangladesh,BGD,94.8189212128758
2000,YR2000,Barbados,BRB,98.3244234586283
2000,YR2000,Belarus,BLR,98.3562356334077
2000,YR2000,Belgium,BEL,99.9999969007735
2000,YR2000,Belize,BLZ,87.4314870895846
2000,YR2000,Benin,BEN,61.7404116172502
2000,YR2000,Bermuda,BMU,99.9941429050383
2000,YR2000,Bhutan,BTN,82.3616023376971
2000,YR2000,Bolivia,BOL,80.7715746117768
2000,YR2000,Bosnia and Herzegovina,BIH,97.2697023620953
2000,YR2000,Botswana,BWA,75.1696350758408
2000,YR2000,Brazil,BRA,93.4715252595615
2000,YR2000,British Virgin Islands,VGB,95.3027397260275
2000,YR2000,Brunei Darussalam,BRN,99.9000162089371
2000,YR2000,Bulgaria,BGR,99.8130157809927
2000,YR2000,Burkina Faso,BFA,57.5604209016516
2000,YR2000,Burundi,BDI,50.6631178584695
2000,YR2000,Cabo Verde,CPV,79.129833821059
2000,YR2000,Cambodia,KHM,51.899880591249
2000,YR2000,Cameroon,CMR,56.3102137004233
2000,YR2000,Canada,CAN,99.2269903286955
2000,YR2000,Cayman Islands,CYM,..
2000,YR2000,Central African Republic,CAF,59.0104896097958
2000,YR2000,Chad,TCD,38.6325922411663
2000,YR2000,Channel Islands,CHI,..
2000,YR2000,Chile,CHL,95.7491208421222
2000,YR2000,China,CHN,78.8969610642735
2000,YR2000,Colombia,COL,91.9600501288055
2000,YR2000,Comoros,COM,90.9479272603879
2000,YR2000,"Congo, Dem. Rep.",COD,37.5599290974999
2000,YR2000,"Congo, Rep.",COG,57.1558732950325
2000,YR2000,Costa Rica,CRI,94.4644859668649
2000,YR2000,Cote d'Ivoire,CIV,70.6328654119712
2000,YR2000,Croatia,HRV,98.6494084688423
2000,YR2000,Cuba,CUB,91.7215961948775
2000,YR2000,Curacao,CUW,98.6852087388099
2000,YR2000,Cyprus,CYP,99.8893890513179
2000,YR2000,Czechia,CZE,99.8061242632048
2000,YR2000,Denmark,DNK,99.9999994057231
2000,YR2000,Djibouti,DJI,75.4481658444559
2000,YR2000,Dominica,DMA,93.8314189861825
2000,YR2000,Dominican Republic,DOM,90.7924722514787
2000,YR2000,Ecuador,ECU,82.307372343955
2000,YR2000,"Egypt, Arab Rep.",EGY,98.2428696788173
2000,YR2000,El Salvador,SLV,78.6360268784025
2000,YR2000,Equatorial Guinea,GNQ,51.0981422023709
2000,YR2000,Eritrea,ERI,46.8142131635351
2000,YR2000,Estonia,EST,97.3621551958531
2000,YR2000,Eswatini,SWZ,53.4105715325038
2000,YR2000,Ethiopia,ETH,18.6823027003951
2000,YR2000,Faroe Islands,FRO,100
2000,YR2000,Fiji,FJI,94.817182547085
2000,YR2000,Finland,FIN,100
2000,YR2000,France,FRA,99.999998548443
2000,YR2000,French Polynesia,PYF,99.9998431747407
2000,YR2000,Gabon,GAB,80.4033637747278
2000,YR2000,"Gambia, The",GMB,72.1075908501495
2000,YR2000,Georgia,GEO,94.5605847174906
2000,YR2000,Germany,DEU,100
2000,YR2000,Ghana,GHA,65.2185051906446
2000,YR2000,Gibraltar,GIB,100
2000,YR2000,Greece,GRC,99.6861596905295
2000,YR2000,Greenland,GRL,100
2000,YR2000,Grenada,GRD,93.3076378093218
2000,YR2000,Guam,GUM,99.4
2000,YR2000,Guatemala,GTM,86.5006228387363
2000,YR2000,Guinea,GIN,50.020186832808
2000,YR2000,Guinea-Bissau,GNB,55.2996278316054
2000,YR2000,Guyana,GUY,88.5382896920679
2000,YR2000,Haiti,HTI,56.23929167461
2000,YR2000,Honduras,HND,85.351031542682
2000,YR2000,"Hong Kong SAR, China",HKG,98.744257245942
2000,YR2000,Hungary,HUN,99.9645781932888
2000,YR2000,Iceland,ISL,100
2000,YR2000,India,IND,79.879271219411
2000,YR2000,Indonesia,IDN,75.2848191583704
2000,YR2000,"Iran, Islamic Rep.",IRN,94.1533951020254
2000,YR2000,Iraq,IRQ,80.8465216782676
2000,YR2000,Ireland,IRL,97.2116915316311
2000,YR2000,Isle of Man,IMN,..
2000,YR2000,Israel,ISR,100
2000,YR2000,Italy,ITA,99.5570595333996
2000,YR2000,Jamaica,JAM,93.140042023831
2000,YR2000,Japan,JPN,98.5041275829008
2000,YR2000,Jordan,JOR,98.5618157391789
2000,YR2000,Kazakhstan,KAZ,90.1456856906055
2000,YR2000,Kenya,KEN,47.5215439625049
2000,YR2000,Kiribati,KIR,60.893231266574
2000,YR2000,"Korea, Dem. People's Rep.",PRK,99.3029424138404
2000,YR2000,"Korea, Rep.",KOR,..
2000,YR2000,Kosovo,XKX,..
2000,YR2000,Kuwait,KWT,100
2000,YR2000,Kyrgyz Republic,KGZ,80.1783460675784
2000,YR2000,Lao PDR,LAO,46.143848205213
2000,YR2000,Latvia,LVA,97.8027224566011
2000,YR2000,Lebanon,LBN,84.405966418836
2000,YR2000,Lesotho,LSO,65.636611158019
2000,YR2000,Liberia,LBR,62.1141167174672
2000,YR2000,Libya,LBY,84.2320719602978
2000,YR2000,Liechtenstein,LIE,100
2000,YR2000,Lithuania,LTU,89.6695663284182
2000,YR2000,Luxembourg,LUX,99.9999996217072
2000,YR2000,"Macao SAR, China",MAC,100
2000,YR2000,Madagascar,MDG,36.9481213461385
2000,YR2000,Malawi,MWI,53.8551503867891
2000,YR2000,Malaysia,MYS,96.8785596404147
2000,YR2000,Maldives,MDV,93.8161752422714
2000,YR2000,Mali,MLI,49.8731925730894
2000,YR2000,Malta,MLT,99.999999495466
2000,YR2000,Marshall Islands,MHL,..
2000,YR2000,Mauritania,MRT,41.6727136260492
2000,YR2000,Mauritius,MUS,99.3163374767888
2000,YR2000,Mexico,MEX,90.6043820368074
2000,YR2000,"Micronesia, Fed. Sts.",FSM,91.0896484335557
2000,YR2000,Moldova,MDA,82.9191762020796
2000,YR2000,Monaco,MCO,100
2000,YR2000,Mongolia,MNG,62.4953614169164
2000,YR2000,Montenegro,MNE,..
2000,YR2000,Morocco,MAR,64.7959021092167
2000,YR2000,Mozambique,MOZ,22.7135095802514
2000,YR2000,Myanmar,MMR,47.7268532369647
2000,YR2000,Namibia,NAM,75.9628102006405
2000,YR2000,Nauru,NRU,98.0817937576702
2000,YR2000,Nepal,NPL,79.6697888529143
2000,YR2000,Netherlands,NLD,99.999996990304
2000,YR2000,New Caledonia,NCL,95.10497708421
2000,YR2000,New Zealand,NZL,99.9999997720245
2000,YR2000,Nicaragua,NIC,80.6461725738748
2000,YR2000,Niger,NER,37.4862898335816
2000,YR2000,Nigeria,NGA,44.4422771880572
2000,YR2000,North Macedonia,MKD,96.8854893538115
2000,YR2000,Northern Mariana Islands,MNP,96.8436215951858
2000,YR2000,Norway,NOR,100
2000,YR2000,Oman,OMN,85.6380751384865
2000,YR2000,Pakistan,PAK,87.3640207649067
2000,YR2000,Palau,PLW,99.3564770331005
2000,YR2000,Panama,PAN,89.5552977125429
2000,YR2000,Papua New Guinea,PNG,31.7545561183875
2000,YR2000,Paraguay,PRY,76.2362190151531
2000,YR2000,Peru,PER,80.1488865847973
2000,YR2000,Philippines,PHL,85.9786535058569
2000,YR2000,Poland,POL,..
2000,YR2000,Portugal,PRT,99.2296653665282
2000,YR2000,Puerto Rico,PRI,97.2132456329924
2000,YR2000,Qatar,QAT,99.9029247892536
2000,YR2000,Romania,ROU,100
2000,YR2000,Russian Federation,RUS,95.346969033031
2000,YR2000,Rwanda,RWA,44.4877400812649
2000,YR2000,Samoa,WSM,87.0628271690696
2000,YR2000,San Marino,SMR,100
2000,YR2000,Sao Tome and Principe,STP,68.7559974594775
2000,YR2000,Saudi Arabia,SAU,..
2000,YR2000,Senegal,SEN,59.7555406350506
2000,YR2000,Serbia,SRB,89.3067886279812
2000,YR2000,Seychelles,SYC,93.9099648774143
2000,YR2000,Sierra Leone,SLE,41.0842285669832
2000,YR2000,Singapore,SGP,100
2000,YR2000,Sint Maarten (Dutch part),SXM,96.5385136863648
2000,YR2000,Slovak Republic,SVK,97.9808919581419
2000,YR2000,Slovenia,SVN,99.5
2000,YR2000,Solomon Islands,SLB,78.684962029243
2000,YR2000,Somalia,SOM,23.6610819474626
2000,YR2000,South Africa,ZAF,84.5774597478668
2000,YR2000,South Sudan,SSD,..
2000,YR2000,Spain,ESP,99.9999985042948
2000,YR2000,Sri Lanka,LKA,82.8471911815725
2000,YR2000,St. Kitts and Nevis,KNA,98.4498940767374
2000,YR2000,St. Lucia,LCA,90.3798695074755
2000,YR2000,St. Martin (French part),MAF,100
2000,YR2000,St. Vincent and the Grenadines,VCT,95.4488747696246
2000,YR2000,Sudan,SDN,44.6474372791814
2000,YR2000,Suriname,SUR,89.0616560452077
2000,YR2000,Sweden,SWE,99.4807523698333
2000,YR2000,Switzerland,CHE,99.9999994425128
2000,YR2000,Syrian Arab Republic,SYR,91.5974061680561
2000,YR2000,Tajikistan,TJK,56.5062298278567
2000,YR2000,Tanzania,TZA,28.6664217644613
2000,YR2000,Thailand,THA,94.1153642465379
2000,YR2000,Timor-Leste,TLS,..
2000,YR2000,Togo,TGO,45.4372036960573
2000,YR2000,Tonga,TON,98.142789835481
2000,YR2000,Trinidad and Tobago,TTO,92.204244926856
2000,YR2000,Tunisia,TUN,89.0557231259084
2000,YR2000,Turkiye,TUR,93.5641620053584
2000,YR2000,Turkmenistan,TKM,87.1464018570597
2000,YR2000,Turks and Caicos Islands,TCA,..
2000,YR2000,Tuvalu,TUV,98.8075336653222
2000,YR2000,Uganda,UGA,26.4169299289341
2000,YR2000,Ukraine,UKR,98.1435324295566
2000,YR2000,United Arab Emirates,ARE,99.6158329815122
2000,YR2000,United Kingdom,GBR,100
2000,YR2000,United States,USA,..
2000,YR2000,Uruguay,URY,96.979327450984
2000,YR2000,Uzbekistan,UZB,87.3126001661737
2000,YR2000,Vanuatu,VUT,83.3770902301555
2000,YR2000,"Venezuela, RB",VEN,97.2276979084936
2000,YR2000,Viet Nam,VNM,80.5796711166033
2000,YR2000,Virgin Islands (U.S.),VIR,98.7183543814679
2000,YR2000,West Bank and Gaza,PSE,90.6478557621416
2000,YR2000,"Yemen, Rep.",YEM,40.8790698589101
2000,YR2000,Zambia,ZMB,47.0029309702879
2000,YR2000,Zimbabwe,ZWE,71.8693891831637
2001,YR2001,Africa Eastern and Southern,AFE,42.499932663405
2001,YR2001,Africa Western and Central,AFW,51.5917071561771
2001,YR2001,Arab World,ARB,78.5154450493923
2001,YR2001,Caribbean small states,CSS,91.9782138097377
2001,YR2001,Central Europe and the Baltics,CEB,..
2001,YR2001,Early-demographic dividend,EAR,80.8820318817808
2001,YR2001,East Asia & Pacific,EAS,80.7348240957543
2001,YR2001,East Asia & Pacific (excluding high income),EAP,79.1366206833255
2001,YR2001,East Asia & Pacific (IDA & IBRD countries),TEA,78.8749456512206
2001,YR2001,Euro area,EMU,99.67354658947
2001,YR2001,Europe & Central Asia,ECS,96.8286980086508
2001,YR2001,Europe & Central Asia (excluding high income),ECA,91.5330182957523
2001,YR2001,Europe & Central Asia (IDA & IBRD countries),TEC,93.6620505045019
2001,YR2001,European Union,EUU,99.7053891400601
2001,YR2001,Fragile and conflict affected situations,FCS,51.7493378471726
2001,YR2001,Heavily indebted poor countries (HIPC),HPC,42.3836858326131
2001,YR2001,High income,HIC,98.5931492506323
2001,YR2001,IBRD only,IBD,..
2001,YR2001,IDA & IBRD total,IBT,78.166305941345
2001,YR2001,IDA blend,IDB,..
2001,YR2001,IDA only,IDX,..
2001,YR2001,IDA total,IDA,..
2001,YR2001,Late-demographic dividend,LTE,83.7569884362942
2001,YR2001,Latin America & Caribbean,LCN,91.1167689167626
2001,YR2001,Latin America & Caribbean (excluding high income),LAC,90.5441639752085
2001,YR2001,Latin America & the Caribbean (IDA & IBRD countries),TLA,91.0434523175723
2001,YR2001,Least developed countries: UN classification,LDC,51.7922239415395
2001,YR2001,Low & middle income,LMY,77.4672881087272
2001,YR2001,Low income,LIC,41.9925436979687
2001,YR2001,Lower middle income,LMC,76.9991611925458
2001,YR2001,Middle East & North Africa,MEA,87.3238262421715
2001,YR2001,Middle East & North Africa (excluding high income),MNA,86.7434167787887
2001,YR2001,Middle East & North Africa (IDA & IBRD countries),TMN,86.698345771443
2001,YR2001,Middle income,MIC,80.485923045478
2001,YR2001,North America,NAC,..
2001,YR2001,Not classified,INX,..
2001,YR2001,OECD members,OED,97.6062442578672
2001,YR2001,Other small states,OSS,88.9844533301431
2001,YR2001,Pacific island small states,PSS,88.0411986593026
2001,YR2001,Post-demographic dividend,PST,99.2512565694923
2001,YR2001,Pre-demographic dividend,PRE,45.2957271760912
2001,YR2001,Small states,SST,89.4010294997043
2001,YR2001,South Asia,SAS,81.9185721783508
2001,YR2001,South Asia (IDA & IBRD),TSA,81.9185721783508
2001,YR2001,Sub-Saharan Africa,SSF,46.1906134765576
2001,YR2001,Sub-Saharan Africa (excluding high income),SSA,46.1849225863318
2001,YR2001,Sub-Saharan Africa (IDA & IBRD countries),TSS,46.1906134765575
2001,YR2001,Upper middle income,UMC,83.6366282273498
2001,YR2001,World,WLD,80.6376054778683
2001,YR2001,Afghanistan,AFG,27.4735802318339
2001,YR2001,Albania,ALB,86.9040684917649
2001,YR2001,Algeria,DZA,90.1134477964222
2001,YR2001,American Samoa,ASM,95.1859645914257
2001,YR2001,Andorra,AND,100
2001,YR2001,Angola,AGO,42.254675873402
2001,YR2001,Antigua and Barbuda,ATG,..
2001,YR2001,Argentina,ARG,96.5228198652942
2001,YR2001,Armenia,ARM,95.5879594087231
2001,YR2001,Aruba,ABW,94.7704911076312
2001,YR2001,Australia,AUS,99.7112440939618
2001,YR2001,Austria,AUT,100
2001,YR2001,Azerbaijan,AZE,74.6393821043784
2001,YR2001,"Bahamas, The",BHS,98.2882599365839
2001,YR2001,Bahrain,BHR,99.9567270815289
2001,YR2001,Bangladesh,BGD,94.9936859433404
2001,YR2001,Barbados,BRB,98.3344248775752
2001,YR2001,Belarus,BLR,98.3485371263131
2001,YR2001,Belgium,BEL,99.9999985672575
2001,YR2001,Belize,BLZ,88.0819577807628
2001,YR2001,Benin,BEN,62.0016480421804
2001,YR2001,Bermuda,BMU,99.9865593310404
2001,YR2001,Bhutan,BTN,83.4672853946384
2001,YR2001,Bolivia,BOL,81.4940913476166
2001,YR2001,Bosnia and Herzegovina,BIH,97.2215557676292
2001,YR2001,Botswana,BWA,75.5201052025927
2001,YR2001,Brazil,BRA,93.8143435778762
2001,YR2001,British Virgin Islands,VGB,95.6828767123288
2001,YR2001,Brunei Darussalam,BRN,99.9000162089371
2001,YR2001,Bulgaria,BGR,99.7714310301605
2001,YR2001,Burkina Faso,BFA,57.7408444436632
2001,YR2001,Burundi,BDI,51.2344752955927
2001,YR2001,Cabo Verde,CPV,79.3814347915271
2001,YR2001,Cambodia,KHM,53.6084259872673
2001,YR2001,Cameroon,CMR,57.0664321951166
2001,YR2001,Canada,CAN,99.2315101664022
2001,YR2001,Cayman Islands,CYM,96.139263803681
2001,YR2001,Central African Republic,CAF,57.8285774419049
2001,YR2001,Chad,TCD,39.2138927756731
2001,YR2001,Channel Islands,CHI,..
2001,YR2001,Chile,CHL,96.062891345866
2001,YR2001,China,CHN,79.2533944100334
2001,YR2001,Colombia,COL,92.2691173355502
2001,YR2001,Comoros,COM,90.8413592153922
2001,YR2001,"Congo, Dem. Rep.",COD,37.5302771813177
2001,YR2001,"Congo, Rep.",COG,57.4633268356124
2001,YR2001,Costa Rica,CRI,94.9068629158445
2001,YR2001,Cote d'Ivoire,CIV,70.7542299686215
2001,YR2001,Croatia,HRV,98.6556186910646
2001,YR2001,Cuba,CUB,91.8814444562861
2001,YR2001,Curacao,CUW,98.7477120548644
2001,YR2001,Cyprus,CYP,99.8893195547174
2001,YR2001,Czechia,CZE,99.8058281701324
2001,YR2001,Denmark,DNK,99.9999997358549
2001,YR2001,Djibouti,DJI,75.4630899656442
2001,YR2001,Dominica,DMA,93.9536679921043
2001,YR2001,Dominican Republic,DOM,91.1178324253381
2001,YR2001,Ecuador,ECU,83.0397753678423
2001,YR2001,"Egypt, Arab Rep.",EGY,98.2736396834303
2001,YR2001,El Salvador,SLV,78.8357152170907
2001,YR2001,Equatorial Guinea,GNQ,51.7904428199064
2001,YR2001,Eritrea,ERI,47.1204254367107
2001,YR2001,Estonia,EST,97.523173119615
2001,YR2001,Eswatini,SWZ,54.2574981440142
2001,YR2001,Ethiopia,ETH,20.2320410406542
2001,YR2001,Faroe Islands,FRO,100
2001,YR2001,Fiji,FJI,94.844077072259
2001,YR2001,Finland,FIN,100
2001,YR2001,France,FRA,100
2001,YR2001,French Polynesia,PYF,99.9998842480229
2001,YR2001,Gabon,GAB,80.810459213385
2001,YR2001,"Gambia, The",GMB,72.7780951889904
2001,YR2001,Georgia,GEO,94.6659474636269
2001,YR2001,Germany,DEU,100
2001,YR2001,Ghana,GHA,66.077473278295
2001,YR2001,Gibraltar,GIB,100
2001,YR2001,Greece,GRC,99.7101432587558
2001,YR2001,Greenland,GRL,100
2001,YR2001,Grenada,GRD,93.5399527788903
2001,YR2001,Guam,GUM,99.4246
2001,YR2001,Guatemala,GTM,86.8961188585213
2001,YR2001,Guinea,GIN,50.7276864760054
2001,YR2001,Guinea-Bissau,GNB,55.7564928906696
2001,YR2001,Guyana,GUY,88.8709622051583
2001,YR2001,Haiti,HTI,57.0607657143446
2001,YR2001,Honduras,HND,85.914407490473
2001,YR2001,"Hong Kong SAR, China",HKG,98.8280256816769
2001,YR2001,Hungary,HUN,99.9646746356458
2001,YR2001,Iceland,ISL,99.9999989675477
2001,YR2001,India,IND,80.4891122986238
2001,YR2001,Indonesia,IDN,76.2593157969917
2001,YR2001,"Iran, Islamic Rep.",IRN,94.3645968752872
2001,YR2001,Iraq,IRQ,81.7364115745549
2001,YR2001,Ireland,IRL,97.1473421011609
2001,YR2001,Isle of Man,IMN,..
2001,YR2001,Israel,ISR,100
2001,YR2001,Italy,ITA,99.582772000592
2001,YR2001,Jamaica,JAM,93.2947825938204
2001,YR2001,Japan,JPN,98.5041275829008
2001,YR2001,Jordan,JOR,98.5677892329595
2001,YR2001,Kazakhstan,KAZ,90.5514736551579
2001,YR2001,Kenya,KEN,48.2518992281649
2001,YR2001,Kiribati,KIR,61.672187400106
2001,YR2001,"Korea, Dem. People's Rep.",PRK,99.3025428052032
2001,YR2001,"Korea, Rep.",KOR,..
2001,YR2001,Kosovo,XKX,..
2001,YR2001,Kuwait,KWT,100
2001,YR2001,Kyrgyz Republic,KGZ,80.1779002393381
2001,YR2001,Lao PDR,LAO,48.524929236801
2001,YR2001,Latvia,LVA,97.7993190131004
2001,YR2001,Lebanon,LBN,84.8464276114991
2001,YR2001,Lesotho,LSO,65.9923559534695
2001,YR2001,Liberia,LBR,62.9908518572078
2001,YR2001,Libya,LBY,85.1020415068801
2001,YR2001,Liechtenstein,LIE,100
2001,YR2001,Lithuania,LTU,90.1167290972295
2001,YR2001,Luxembourg,LUX,99.9999982709587
2001,YR2001,"Macao SAR, China",MAC,100
2001,YR2001,Madagascar,MDG,37.5806865894037
2001,YR2001,Malawi,MWI,54.6944365407866
2001,YR2001,Malaysia,MYS,96.9386638984312
2001,YR2001,Maldives,MDV,94.1999675312677
2001,YR2001,Mali,MLI,51.3938754520078
2001,YR2001,Malta,MLT,99.9999964485413
2001,YR2001,Marshall Islands,MHL,88.846454166801
2001,YR2001,Mauritania,MRT,42.4899515308389
2001,YR2001,Mauritius,MUS,99.3495705952433
2001,YR2001,Mexico,MEX,91.1740919461825
2001,YR2001,"Micronesia, Fed. Sts.",FSM,91.0286886006993
2001,YR2001,Moldova,MDA,83.2538565916286
2001,YR2001,Monaco,MCO,100
2001,YR2001,Mongolia,MNG,63.8930991876622
2001,YR2001,Montenegro,MNE,..
2001,YR2001,Morocco,MAR,65.6268836626532
2001,YR2001,Mozambique,MOZ,23.7660889119429
2001,YR2001,Myanmar,MMR,49.1890418639071
2001,YR2001,Namibia,NAM,76.3689821667623
2001,YR2001,Nauru,NRU,98.0098979236459
2001,YR2001,Nepal,NPL,80.3252807935525
2001,YR2001,Netherlands,NLD,99.9999983868204
2001,YR2001,New Caledonia,NCL,95.10497708421
2001,YR2001,New Zealand,NZL,99.9999994727498
2001,YR2001,Nicaragua,NIC,80.6712485778784
2001,YR2001,Niger,NER,38.2323921535631
2001,YR2001,Nigeria,NGA,45.7286131867996
2001,YR2001,North Macedonia,MKD,96.8894420680536
2001,YR2001,Northern Mariana Islands,MNP,97.052725714739
2001,YR2001,Norway,NOR,99.999999286078
2001,YR2001,Oman,OMN,85.633767394233
2001,YR2001,Pakistan,PAK,87.6027830851505
2001,YR2001,Palau,PLW,99.3625888826252
2001,YR2001,Panama,PAN,89.9173275396009
2001,YR2001,Papua New Guinea,PNG,31.7415215472398
2001,YR2001,Paraguay,PRY,77.7879198510234
2001,YR2001,Peru,PER,80.9349728807421
2001,YR2001,Philippines,PHL,86.3458339282834
2001,YR2001,Poland,POL,..
2001,YR2001,Portugal,PRT,99.2163879122312
2001,YR2001,Puerto Rico,PRI,97.3607259079284
2001,YR2001,Qatar,QAT,99.9029247892536
2001,YR2001,Romania,ROU,99.9999992831776
2001,YR2001,Russian Federation,RUS,95.3464835099557
2001,YR2001,Rwanda,RWA,45.597310878186
2001,YR2001,Samoa,WSM,87.0579948902936
2001,YR2001,San Marino,SMR,100
2001,YR2001,Sao Tome and Principe,STP,69.2697762193741
2001,YR2001,Saudi Arabia,SAU,..
2001,YR2001,Senegal,SEN,60.8756144546024
2001,YR2001,Serbia,SRB,89.3019468426874
2001,YR2001,Seychelles,SYC,94.0354088114929
2001,YR2001,Sierra Leone,SLE,41.4103627667537
2001,YR2001,Singapore,SGP,100
2001,YR2001,Sint Maarten (Dutch part),SXM,96.4441033512408
2001,YR2001,Slovak Republic,SVK,97.9794240308172
2001,YR2001,Slovenia,SVN,99.5
2001,YR2001,Solomon Islands,SLB,78.7391928680405
2001,YR2001,Somalia,SOM,25.2286233809906
2001,YR2001,South Africa,ZAF,85.1010025883376
2001,YR2001,South Sudan,SSD,..
2001,YR2001,Spain,ESP,100
2001,YR2001,Sri Lanka,LKA,83.1320139640829
2001,YR2001,St. Kitts and Nevis,KNA,98.4623525425581
2001,YR2001,St. Lucia,LCA,90.3627987209577
2001,YR2001,St. Martin (French part),MAF,100
2001,YR2001,St. Vincent and the Grenadines,VCT,95.6056700719459
2001,YR2001,Sudan,SDN,44.6614226219873
2001,YR2001,Suriname,SUR,89.5297819244383
2001,YR2001,Sweden,SWE,99.4932128371594
2001,YR2001,Switzerland,CHE,100
2001,YR2001,Syrian Arab Republic,SYR,91.7406521757531
2001,YR2001,Tajikistan,TJK,57.7750572442872
2001,YR2001,Tanzania,TZA,30.0731838916507
2001,YR2001,Thailand,THA,94.4878833636638
2001,YR2001,Timor-Leste,TLS,..
2001,YR2001,Togo,TGO,46.6980356737527
2001,YR2001,Tonga,TON,98.1427383710084
2001,YR2001,Trinidad and Tobago,TTO,92.5626192854622
2001,YR2001,Tunisia,TUN,89.399554212514
2001,YR2001,Turkiye,TUR,93.648936259095
2001,YR2001,Turkmenistan,TKM,87.8085791666655
2001,YR2001,Turks and Caicos Islands,TCA,..
2001,YR2001,Tuvalu,TUV,98.8325857832986
2001,YR2001,Uganda,UGA,27.6913009833106
2001,YR2001,Ukraine,UKR,98.1941878154647
2001,YR2001,United Arab Emirates,ARE,99.6138876852048
2001,YR2001,United Kingdom,GBR,99.9999977127832
2001,YR2001,United States,USA,..
2001,YR2001,Uruguay,URY,97.0455793320333
2001,YR2001,Uzbekistan,UZB,87.8034491937997
2001,YR2001,Vanuatu,VUT,83.4244118648733
2001,YR2001,"Venezuela, RB",VEN,97.0506030485361
2001,YR2001,Viet Nam,VNM,81.4385538908643
2001,YR2001,Virgin Islands (U.S.),VIR,98.7183489436179
2001,YR2001,West Bank and Gaza,PSE,91.0515758847298
2001,YR2001,"Yemen, Rep.",YEM,41.1093304126388
2001,YR2001,Zambia,ZMB,47.9858422064884
2001,YR2001,Zimbabwe,ZWE,72.0160476663628
2002,YR2002,Africa Eastern and Southern,AFE,43.2070389152333
2002,YR2002,Africa Western and Central,AFW,52.6420452492208
2002,YR2002,Arab World,ARB,78.8377651099922
2002,YR2002,Caribbean small states,CSS,92.2429553948517
2002,YR2002,Central Europe and the Baltics,CEB,..
2002,YR2002,Early-demographic dividend,EAR,81.4491375113078
2002,YR2002,East Asia & Pacific,EAS,82.0809255149568
2002,YR2002,East Asia & Pacific (excluding high income),EAP,80.1815011864002
2002,YR2002,East Asia & Pacific (IDA & IBRD countries),TEA,79.9343991526453
2002,YR2002,Euro area,EMU,99.6851917733059
2002,YR2002,Europe & Central Asia,ECS,96.909644183747
2002,YR2002,Europe & Central Asia (excluding high income),ECA,91.7759816195766
2002,YR2002,Europe & Central Asia (IDA & IBRD countries),TEC,93.8044571013168
2002,YR2002,European Union,EUU,99.7142711584332
2002,YR2002,Fragile and conflict affected situations,FCS,52.4103620564262
2002,YR2002,Heavily indebted poor countries (HIPC),HPC,43.2109584860848
2002,YR2002,High income,HIC,98.6276739408701
2002,YR2002,IBRD only,IBD,..
2002,YR2002,IDA & IBRD total,IBT,78.809194779621
2002,YR2002,IDA blend,IDB,..
2002,YR2002,IDA only,IDX,..
2002,YR2002,IDA total,IDA,..
2002,YR2002,Late-demographic dividend,LTE,84.6201246977063
2002,YR2002,Latin America & Caribbean,LCN,91.5143441964949
2002,YR2002,Latin America & Caribbean (excluding high income),LAC,90.9811452012375
2002,YR2002,Latin America & the Caribbean (IDA & IBRD countries),TLA,91.4493429207602
2002,YR2002,Least developed countries: UN classification,LDC,52.4795935258162
2002,YR2002,Low & middle income,LMY,78.1464990304718
2002,YR2002,Low income,LIC,42.6479837976878
2002,YR2002,Lower middle income,LMC,77.6155964678025
2002,YR2002,Middle East & North Africa,MEA,87.6076812910714
2002,YR2002,Middle East & North Africa (excluding high income),MNA,87.0356191343434
2002,YR2002,Middle East & North Africa (IDA & IBRD countries),TMN,86.9890374368469
2002,YR2002,Middle income,MIC,81.2139661234022
2002,YR2002,North America,NAC,..
2002,YR2002,Not classified,INX,..
2002,YR2002,OECD members,OED,97.7569213575175
2002,YR2002,Other small states,OSS,85.7373889729041
2002,YR2002,Pacific island small states,PSS,88.0423693304056
2002,YR2002,Post-demographic dividend,PST,99.2272962977117
2002,YR2002,Pre-demographic dividend,PRE,46.2363077586756
2002,YR2002,Small states,SST,87.1907584792656
2002,YR2002,South Asia,SAS,82.4596842562349
2002,YR2002,South Asia (IDA & IBRD),TSA,82.4596842562349
2002,YR2002,Sub-Saharan Africa,SSF,47.0422725990268
2002,YR2002,Sub-Saharan Africa (excluding high income),SSA,47.0366444409937
2002,YR2002,Sub-Saharan Africa (IDA & IBRD countries),TSS,47.0422725990268
2002,YR2002,Upper middle income,UMC,84.4998314157458
2002,YR2002,World,WLD,81.3277334093529
2002,YR2002,Afghanistan,AFG,29.6748627315109
2002,YR2002,Albania,ALB,87.4516357159612
2002,YR2002,Algeria,DZA,90.3738043329469
2002,YR2002,American Samoa,ASM,95.4396387926897
2002,YR2002,Andorra,AND,100
2002,YR2002,Angola,AGO,43.3768004555676
2002,YR2002,Antigua and Barbuda,ATG,..
2002,YR2002,Argentina,ARG,96.7554692969689
2002,YR2002,Armenia,ARM,95.8591152115814
2002,YR2002,Aruba,ABW,95.0521758597543
2002,YR2002,Australia,AUS,99.7121932942878
2002,YR2002,Austria,AUT,99.9999992989147
2002,YR2002,Azerbaijan,AZE,75.870284030868
2002,YR2002,"Bahamas, The",BHS,98.3310242623522
2002,YR2002,Bahrain,BHR,99.9547887625528
2002,YR2002,Bangladesh,BGD,95.1737696316763
2002,YR2002,Barbados,BRB,98.3444262965221
2002,YR2002,Belarus,BLR,98.3409034123984
2002,YR2002,Belgium,BEL,100
2002,YR2002,Belize,BLZ,88.7324999475269
2002,YR2002,Benin,BEN,62.2761523914598
2002,YR2002,Bermuda,BMU,99.9789757570425
2002,YR2002,Bhutan,BTN,84.619956973004
2002,YR2002,Bolivia,BOL,82.192495481738
2002,YR2002,Bosnia and Herzegovina,BIH,97.1708059849212
2002,YR2002,Botswana,BWA,75.7326063221722
2002,YR2002,Brazil,BRA,94.1424897502086
2002,YR2002,British Virgin Islands,VGB,96.0630136986302
2002,YR2002,Brunei Darussalam,BRN,99.9000162089371
2002,YR2002,Bulgaria,BGR,99.7306127563437
2002,YR2002,Burkina Faso,BFA,57.267023312211
2002,YR2002,Burundi,BDI,51.8093345293413
2002,YR2002,Cabo Verde,CPV,79.6291801781171
2002,YR2002,Cambodia,KHM,55.3148453414085
2002,YR2002,Cameroon,CMR,57.8070159706812
2002,YR2002,Canada,CAN,99.2325718904839
2002,YR2002,Cayman Islands,CYM,96.139263803681
2002,YR2002,Central African Republic,CAF,56.6533341018037
2002,YR2002,Chad,TCD,39.7975122600416
2002,YR2002,Channel Islands,CHI,..
2002,YR2002,Chile,CHL,96.3584619844032
2002,YR2002,China,CHN,80.4400534180013
2002,YR2002,Colombia,COL,92.5729955519748
2002,YR2002,Comoros,COM,90.0056399286359
2002,YR2002,"Congo, Dem. Rep.",COD,37.4915911237134
2002,YR2002,"Congo, Rep.",COG,57.9533597334294
2002,YR2002,Costa Rica,CRI,95.3307081825732
2002,YR2002,Cote d'Ivoire,CIV,70.8735531188732
2002,YR2002,Croatia,HRV,98.6604882204456
2002,YR2002,Cuba,CUB,92.0383543686758
2002,YR2002,Curacao,CUW,98.8102153709188
2002,YR2002,Cyprus,CYP,99.8893600206594
2002,YR2002,Czechia,CZE,99.8113947196304
2002,YR2002,Denmark,DNK,100
2002,YR2002,Djibouti,DJI,75.4784679935487
2002,YR2002,Dominica,DMA,94.0759169980261
2002,YR2002,Dominican Republic,DOM,91.435646539085
2002,YR2002,Ecuador,ECU,83.7853304814912
2002,YR2002,"Egypt, Arab Rep.",EGY,98.3043525753378
2002,YR2002,El Salvador,SLV,80.0285290995464
2002,YR2002,Equatorial Guinea,GNQ,52.5419955641362
2002,YR2002,Eritrea,ERI,47.440924376313
2002,YR2002,Estonia,EST,97.6852897163375
2002,YR2002,Eswatini,SWZ,55.0998409942203
2002,YR2002,Ethiopia,ETH,21.77133078604
2002,YR2002,Faroe Islands,FRO,100
2002,YR2002,Fiji,FJI,94.8709690390527
2002,YR2002,Finland,FIN,100
2002,YR2002,France,FRA,99.9999969340962
2002,YR2002,French Polynesia,PYF,99.9999253213051
2002,YR2002,Gabon,GAB,81.193484410726
2002,YR2002,"Gambia, The",GMB,73.4462244651666
2002,YR2002,Georgia,GEO,94.7965436624631
2002,YR2002,Germany,DEU,99.9999985035625
2002,YR2002,Ghana,GHA,67.1320851143851
2002,YR2002,Gibraltar,GIB,100
2002,YR2002,Greece,GRC,99.7354150952436
2002,YR2002,Greenland,GRL,100
2002,YR2002,Grenada,GRD,93.7722677484587
2002,YR2002,Guam,GUM,99.4492
2002,YR2002,Guatemala,GTM,87.2885097183164
2002,YR2002,Guinea,GIN,51.4339895582937
2002,YR2002,Guinea-Bissau,GNB,56.1987271244441
2002,YR2002,Guyana,GUY,89.2041862861119
2002,YR2002,Haiti,HTI,57.890307587373
2002,YR2002,Honduras,HND,86.4980291927431
2002,YR2002,"Hong Kong SAR, China",HKG,98.9117941174118
2002,YR2002,Hungary,HUN,99.9650832845069
2002,YR2002,Iceland,ISL,99.9999994539033
2002,YR2002,India,IND,81.1305571787929
2002,YR2002,Indonesia,IDN,77.2244511616934
2002,YR2002,"Iran, Islamic Rep.",IRN,94.570944021266
2002,YR2002,Iraq,IRQ,82.6260377265775
2002,YR2002,Ireland,IRL,97.0826265179365
2002,YR2002,Isle of Man,IMN,..
2002,YR2002,Israel,ISR,99.9999970119462
2002,YR2002,Italy,ITA,99.6084844677844
2002,YR2002,Jamaica,JAM,93.4446874965991
2002,YR2002,Japan,JPN,98.5041275829008
2002,YR2002,Jordan,JOR,98.5737636959146
2002,YR2002,Kazakhstan,KAZ,90.9003046170282
2002,YR2002,Kenya,KEN,48.979444352568
2002,YR2002,Kiribati,KIR,62.311559608407
2002,YR2002,"Korea, Dem. People's Rep.",PRK,99.3021505403324
2002,YR2002,"Korea, Rep.",KOR,98.7011689015474
2002,YR2002,Kosovo,XKX,..
2002,YR2002,Kuwait,KWT,100
2002,YR2002,Kyrgyz Republic,KGZ,80.8258060455199
2002,YR2002,Lao PDR,LAO,50.8838607638913
2002,YR2002,Latvia,LVA,97.8486441734466
2002,YR2002,Lebanon,LBN,85.2868888041622
2002,YR2002,Lesotho,LSO,66.3542082338942
2002,YR2002,Liberia,LBR,63.864476418241
2002,YR2002,Libya,LBY,85.9720110534627
2002,YR2002,Liechtenstein,LIE,100
2002,YR2002,Lithuania,LTU,90.5603040029276
2002,YR2002,Luxembourg,LUX,99.9999987407332
2002,YR2002,"Macao SAR, China",MAC,100
2002,YR2002,Madagascar,MDG,38.2126799889212
2002,YR2002,Malawi,MWI,55.5306960967453
2002,YR2002,Malaysia,MYS,96.9407846944461
2002,YR2002,Maldives,MDV,94.5765294876173
2002,YR2002,Mali,MLI,52.9858979916017
2002,YR2002,Malta,MLT,100
2002,YR2002,Marshall Islands,MHL,88.8034139775803
2002,YR2002,Mauritania,MRT,44.036188545055
2002,YR2002,Mauritius,MUS,99.382883118503
2002,YR2002,Mexico,MEX,91.7391646143139
2002,YR2002,"Micronesia, Fed. Sts.",FSM,90.9677287678428
2002,YR2002,Moldova,MDA,83.5931574476972
2002,YR2002,Monaco,MCO,100
2002,YR2002,Mongolia,MNG,65.2631885127539
2002,YR2002,Montenegro,MNE,..
2002,YR2002,Morocco,MAR,66.5885809593139
2002,YR2002,Mozambique,MOZ,25.281950672123
2002,YR2002,Myanmar,MMR,50.6713196252269
2002,YR2002,Namibia,NAM,76.8782066115786
2002,YR2002,Nauru,NRU,97.9380020896215
2002,YR2002,Nepal,NPL,80.936422443979
2002,YR2002,Netherlands,NLD,99.9999987228149
2002,YR2002,New Caledonia,NCL,95.10497708421
2002,YR2002,New Zealand,NZL,99.9999996042885
2002,YR2002,Nicaragua,NIC,80.697556235523
2002,YR2002,Niger,NER,38.9070640104782
2002,YR2002,Nigeria,NGA,47.2883073743618
2002,YR2002,North Macedonia,MKD,96.8933932349043
2002,YR2002,Northern Mariana Islands,MNP,97.2618298342922
2002,YR2002,Norway,NOR,99.9999970520901
2002,YR2002,Oman,OMN,85.6294594553516
2002,YR2002,Pakistan,PAK,87.8385392713498
2002,YR2002,Palau,PLW,99.3688588352502
2002,YR2002,Panama,PAN,90.2767156861899
2002,YR2002,Papua New Guinea,PNG,31.7308543082929
2002,YR2002,Paraguay,PRY,79.2988558912089
2002,YR2002,Peru,PER,81.7100789592886
2002,YR2002,Philippines,PHL,86.7353290540228
2002,YR2002,Poland,POL,..
2002,YR2002,Portugal,PRT,99.2046776613979
2002,YR2002,Puerto Rico,PRI,97.5082061828645
2002,YR2002,Qatar,QAT,99.9029247892536
2002,YR2002,Romania,ROU,99.9999965363618
2002,YR2002,Russian Federation,RUS,95.4208208420239
2002,YR2002,Rwanda,RWA,46.7269188678981
2002,YR2002,Samoa,WSM,87.064744879935
2002,YR2002,San Marino,SMR,100
2002,YR2002,Sao Tome and Principe,STP,69.8031998185503
2002,YR2002,Saudi Arabia,SAU,..
2002,YR2002,Senegal,SEN,61.9989937102872
2002,YR2002,Serbia,SRB,89.2970582916295
2002,YR2002,Seychelles,SYC,94.1608527455715
2002,YR2002,Sierra Leone,SLE,42.5175564440596
2002,YR2002,Singapore,SGP,100
2002,YR2002,Sint Maarten (Dutch part),SXM,96.3496930161167
2002,YR2002,Slovak Republic,SVK,97.976274013055
2002,YR2002,Slovenia,SVN,99.5
2002,YR2002,Solomon Islands,SLB,78.7945401018168
2002,YR2002,Somalia,SOM,26.7933023922756
2002,YR2002,South Africa,ZAF,85.6331020911519
2002,YR2002,South Sudan,SSD,..
2002,YR2002,Spain,ESP,99.9999983048101
2002,YR2002,Sri Lanka,LKA,83.4208660285123
2002,YR2002,St. Kitts and Nevis,KNA,98.4748110083788
2002,YR2002,St. Lucia,LCA,90.2979138332006
2002,YR2002,St. Martin (French part),MAF,100
2002,YR2002,St. Vincent and the Grenadines,VCT,95.7631038462297
2002,YR2002,Sudan,SDN,44.6754074159875
2002,YR2002,Suriname,SUR,89.9960313292363
2002,YR2002,Sweden,SWE,99.5058212956933
2002,YR2002,Switzerland,CHE,99.9999980539827
2002,YR2002,Syrian Arab Republic,SYR,91.8822809004467
2002,YR2002,Tajikistan,TJK,59.0500581249144
2002,YR2002,Tanzania,TZA,31.4797512688237
2002,YR2002,Thailand,THA,94.8549716232778
2002,YR2002,Timor-Leste,TLS,50.6238520976621
2002,YR2002,Togo,TGO,47.9501645157205
2002,YR2002,Tonga,TON,98.1426899860212
2002,YR2002,Trinidad and Tobago,TTO,92.9207975095833
2002,YR2002,Tunisia,TUN,89.7130880577786
2002,YR2002,Turkiye,TUR,93.8609044858042
2002,YR2002,Turkmenistan,TKM,88.4660340599947
2002,YR2002,Turks and Caicos Islands,TCA,..
2002,YR2002,Tuvalu,TUV,98.8575202871561
2002,YR2002,Uganda,UGA,28.9911541004358
2002,YR2002,Ukraine,UKR,98.226721419085
2002,YR2002,United Arab Emirates,ARE,99.6347976445508
2002,YR2002,United Kingdom,GBR,99.9999974333758
2002,YR2002,United States,USA,..
2002,YR2002,Uruguay,URY,97.1141025553808
2002,YR2002,Uzbekistan,UZB,88.2901714219275
2002,YR2002,Vanuatu,VUT,83.4720682081339
2002,YR2002,"Venezuela, RB",VEN,96.8735081885788
2002,YR2002,Viet Nam,VNM,82.2911537153738
2002,YR2002,Virgin Islands (U.S.),VIR,98.718343505768
2002,YR2002,West Bank and Gaza,PSE,91.4544912987569
2002,YR2002,"Yemen, Rep.",YEM,41.3431313740874
2002,YR2002,Zambia,ZMB,49.1073708625003
2002,YR2002,Zimbabwe,ZWE,71.7060715853256
2003,YR2003,Africa Eastern and Southern,AFE,43.9186580801875
2003,YR2003,Africa Western and Central,AFW,53.6947979589101
2003,YR2003,Arab World,ARB,79.243867160769
2003,YR2003,Caribbean small states,CSS,92.5332469996204
2003,YR2003,Central Europe and the Baltics,CEB,..
2003,YR2003,Early-demographic dividend,EAR,82.0163830435636
2003,YR2003,East Asia & Pacific,EAS,83.0040805454782
2003,YR2003,East Asia & Pacific (excluding high income),EAP,81.2178853561941
2003,YR2003,East Asia & Pacific (IDA & IBRD countries),TEA,80.9847568108872
2003,YR2003,Euro area,EMU,99.6966873788709
2003,YR2003,Europe & Central Asia,ECS,96.9922980577713
2003,YR2003,Europe & Central Asia (excluding high income),ECA,92.0161123688123
2003,YR2003,Europe & Central Asia (IDA & IBRD countries),TEC,93.9531237159956
2003,YR2003,European Union,EUU,99.7232773192092
2003,YR2003,Fragile and conflict affected situations,FCS,53.1130504769543
2003,YR2003,Heavily indebted poor countries (HIPC),HPC,44.0434721118056
2003,YR2003,High income,HIC,98.6573545345126
2003,YR2003,IBRD only,IBD,..
2003,YR2003,IDA & IBRD total,IBT,79.4477289399971
2003,YR2003,IDA blend,IDB,..
2003,YR2003,IDA only,IDX,..
2003,YR2003,IDA total,IDA,..
2003,YR2003,Late-demographic dividend,LTE,85.4665633077214
2003,YR2003,Latin America & Caribbean,LCN,91.9041180985717
2003,YR2003,Latin America & Caribbean (excluding high income),LAC,91.4109873573911
2003,YR2003,Latin America & the Caribbean (IDA & IBRD countries),TLA,91.8472821733709
2003,YR2003,Least developed countries: UN classification,LDC,53.1884269097003
2003,YR2003,Low & middle income,LMY,78.8183813691498
2003,YR2003,Low income,LIC,43.3581816104596
2003,YR2003,Lower middle income,LMC,78.23659908012
2003,YR2003,Middle East & North Africa,MEA,87.956178324167
2003,YR2003,Middle East & North Africa (excluding high income),MNA,87.3966787827218
2003,YR2003,Middle East & North Africa (IDA & IBRD countries),TMN,87.3492945605557
2003,YR2003,Middle income,MIC,81.9338046118175
2003,YR2003,North America,NAC,..
2003,YR2003,Not classified,INX,..
2003,YR2003,OECD members,OED,97.8498762030024
2003,YR2003,Other small states,OSS,86.0183406398176
2003,YR2003,Pacific island small states,PSS,88.0432972137074
2003,YR2003,Post-demographic dividend,PST,99.2368085551728
2003,YR2003,Pre-demographic dividend,PRE,47.1731727139814
2003,YR2003,Small states,SST,87.4299173795985
2003,YR2003,South Asia,SAS,82.9872736892901
2003,YR2003,South Asia (IDA & IBRD),TSA,82.9872736892901
2003,YR2003,Sub-Saharan Africa,SSF,47.8978481364658
2003,YR2003,Sub-Saharan Africa (excluding high income),SSA,47.8925125420761
2003,YR2003,Sub-Saharan Africa (IDA & IBRD countries),TSS,47.8978481364658
2003,YR2003,Upper middle income,UMC,85.3435428096396
2003,YR2003,World,WLD,81.8701259211149
2003,YR2003,Afghanistan,AFG,31.8755891610669
2003,YR2003,Albania,ALB,87.9871967181199
2003,YR2003,Algeria,DZA,90.6297224767556
2003,YR2003,American Samoa,ASM,95.6933129939538
2003,YR2003,Andorra,AND,100
2003,YR2003,Angola,AGO,44.3638728219385
2003,YR2003,Antigua and Barbuda,ATG,..
2003,YR2003,Argentina,ARG,96.9824166198558
2003,YR2003,Armenia,ARM,96.1368622367153
2003,YR2003,Aruba,ABW,95.3338606118775
2003,YR2003,Australia,AUS,99.7343585407436
2003,YR2003,Austria,AUT,99.9999970414865
2003,YR2003,Azerbaijan,AZE,77.1098309119725
2003,YR2003,"Bahamas, The",BHS,98.3737885881206
2003,YR2003,Bahrain,BHR,99.9528504435767
2003,YR2003,Bangladesh,BGD,95.3525625591624
2003,YR2003,Barbados,BRB,98.354427715469
2003,YR2003,Belarus,BLR,98.3333445925439
2003,YR2003,Belgium,BEL,99.999996655624
2003,YR2003,Belize,BLZ,89.383110814731
2003,YR2003,Benin,BEN,62.5732994284283
2003,YR2003,Bermuda,BMU,99.9713921830446
2003,YR2003,Bhutan,BTN,85.7539271039214
2003,YR2003,Bolivia,BOL,82.878552285047
2003,YR2003,Bosnia and Herzegovina,BIH,97.1174130487853
2003,YR2003,Botswana,BWA,75.9236020976699
2003,YR2003,Brazil,BRA,94.4635263894455
2003,YR2003,British Virgin Islands,VGB,96.4431506849317
2003,YR2003,Brunei Darussalam,BRN,99.9000162089371
2003,YR2003,Bulgaria,BGR,99.690523007554
2003,YR2003,Burkina Faso,BFA,56.8000783226111
2003,YR2003,Burundi,BDI,52.3873260532119
2003,YR2003,Cabo Verde,CPV,79.8725603287821
2003,YR2003,Cambodia,KHM,57.0191403415165
2003,YR2003,Cameroon,CMR,58.5315757764966
2003,YR2003,Canada,CAN,99.2336503304193
2003,YR2003,Cayman Islands,CYM,96.139263803681
2003,YR2003,Central African Republic,CAF,55.4843768966866
2003,YR2003,Chad,TCD,40.3843399260161
2003,YR2003,Channel Islands,CHI,..
2003,YR2003,Chile,CHL,96.6106866646012
2003,YR2003,China,CHN,81.5969254609016
2003,YR2003,Colombia,COL,92.8717379215959
2003,YR2003,Comoros,COM,89.171600346343
2003,YR2003,"Congo, Dem. Rep.",COD,37.4438330895772
2003,YR2003,"Congo, Rep.",COG,58.4413266271749
2003,YR2003,Costa Rica,CRI,95.7362071019001
2003,YR2003,Cote d'Ivoire,CIV,70.9904699748775
2003,YR2003,Croatia,HRV,98.6653891097357
2003,YR2003,Cuba,CUB,92.181103098938
2003,YR2003,Curacao,CUW,98.8727186869733
2003,YR2003,Cyprus,CYP,99.8815427738961
2003,YR2003,Czechia,CZE,99.8169768378774
2003,YR2003,Denmark,DNK,99.9999973759776
2003,YR2003,Djibouti,DJI,75.4942853592069
2003,YR2003,Dominica,DMA,94.1981660039479
2003,YR2003,Dominican Republic,DOM,91.8077852060939
2003,YR2003,Ecuador,ECU,84.5049724237034
2003,YR2003,"Egypt, Arab Rep.",EGY,98.335021524034
2003,YR2003,El Salvador,SLV,81.2157868750133
2003,YR2003,Equatorial Guinea,GNQ,53.3504179262998
2003,YR2003,Eritrea,ERI,47.7752200043611
2003,YR2003,Estonia,EST,97.8484501498915
2003,YR2003,Eswatini,SWZ,55.9375462219659
2003,YR2003,Ethiopia,ETH,23.2981637789492
2003,YR2003,Faroe Islands,FRO,100
2003,YR2003,Fiji,FJI,94.8927016974863
2003,YR2003,Finland,FIN,100
2003,YR2003,France,FRA,99.9999995291174
2003,YR2003,French Polynesia,PYF,99.9999663945873
2003,YR2003,Gabon,GAB,81.5526951602341
2003,YR2003,"Gambia, The",GMB,74.1049967166856
2003,YR2003,Georgia,GEO,94.9560758035593
2003,YR2003,Germany,DEU,100
2003,YR2003,Ghana,GHA,68.1879036642875
2003,YR2003,Gibraltar,GIB,100
2003,YR2003,Greece,GRC,99.7601415270882
2003,YR2003,Greenland,GRL,100
2003,YR2003,Grenada,GRD,94.0045827180272
2003,YR2003,Guam,GUM,99.4738
2003,YR2003,Guatemala,GTM,87.6741113379212
2003,YR2003,Guinea,GIN,52.1394322323383
2003,YR2003,Guinea-Bissau,GNB,56.6256018688684
2003,YR2003,Guyana,GUY,89.5290208786417
2003,YR2003,Haiti,HTI,58.7247918623983
2003,YR2003,Honduras,HND,87.0305580616295
2003,YR2003,"Hong Kong SAR, China",HKG,98.9955625531466
2003,YR2003,Hungary,HUN,99.9654969693195
2003,YR2003,Iceland,ISL,99.999996914555
2003,YR2003,India,IND,81.768990903233
2003,YR2003,Indonesia,IDN,78.1799292696413
2003,YR2003,"Iran, Islamic Rep.",IRN,94.7724833829077
2003,YR2003,Iraq,IRQ,83.5153980247358
2003,YR2003,Ireland,IRL,97.0174141052608
2003,YR2003,Isle of Man,IMN,..
2003,YR2003,Israel,ISR,100
2003,YR2003,Italy,ITA,99.6341969349767
2003,YR2003,Jamaica,JAM,93.5926484293532
2003,YR2003,Japan,JPN,98.5041275829008
2003,YR2003,Jordan,JOR,98.5797039433001
2003,YR2003,Kazakhstan,KAZ,91.2482276644926
2003,YR2003,Kenya,KEN,49.7040605333866
2003,YR2003,Kiribati,KIR,62.9513089489861
2003,YR2003,"Korea, Dem. People's Rep.",PRK,99.3017601327987
2003,YR2003,"Korea, Rep.",KOR,98.7011689015474
2003,YR2003,Kosovo,XKX,..
2003,YR2003,Kuwait,KWT,100
2003,YR2003,Kyrgyz Republic,KGZ,81.4735133654664
2003,YR2003,Lao PDR,LAO,53.21832229116
2003,YR2003,Latvia,LVA,97.8995621226117
2003,YR2003,Lebanon,LBN,85.7273499968254
2003,YR2003,Lesotho,LSO,66.7221283451514
2003,YR2003,Liberia,LBR,64.7344024187189
2003,YR2003,Libya,LBY,86.8419806000452
2003,YR2003,Liechtenstein,LIE,100
2003,YR2003,Lithuania,LTU,91.0054056999747
2003,YR2003,Luxembourg,LUX,100
2003,YR2003,"Macao SAR, China",MAC,100
2003,YR2003,Madagascar,MDG,38.8436031481293
2003,YR2003,Malawi,MWI,56.3642789213834
2003,YR2003,Malaysia,MYS,96.9447925660287
2003,YR2003,Maldives,MDV,94.9453974450017
2003,YR2003,Mali,MLI,54.5761414255542
2003,YR2003,Malta,MLT,99.999998278826
2003,YR2003,Marshall Islands,MHL,88.7607795266566
2003,YR2003,Mauritania,MRT,45.6009548233358
2003,YR2003,Mauritius,MUS,99.416277503971
2003,YR2003,Mexico,MEX,92.2996135627821
2003,YR2003,"Micronesia, Fed. Sts.",FSM,90.9067689349864
2003,YR2003,Moldova,MDA,83.9370770399076
2003,YR2003,Monaco,MCO,100
2003,YR2003,Mongolia,MNG,66.6052545425881
2003,YR2003,Montenegro,MNE,..
2003,YR2003,Morocco,MAR,67.5495505303989
2003,YR2003,Mozambique,MOZ,26.8306654926848
2003,YR2003,Myanmar,MMR,52.1738693593399
2003,YR2003,Namibia,NAM,77.4019458954656
2003,YR2003,Nauru,NRU,97.8661062555972
2003,YR2003,Nepal,NPL,81.5412679602195
2003,YR2003,Netherlands,NLD,100
2003,YR2003,New Caledonia,NCL,95.3383295002079
2003,YR2003,New Zealand,NZL,99.9999994777015
2003,YR2003,Nicaragua,NIC,80.7254005845665
2003,YR2003,Niger,NER,39.5615764536022
2003,YR2003,Nigeria,NGA,48.8567642406248
2003,YR2003,North Macedonia,MKD,96.8973446794941
2003,YR2003,Northern Mariana Islands,MNP,97.4709339538454
2003,YR2003,Norway,NOR,99.9999971549165
2003,YR2003,Oman,OMN,85.6251519486473
2003,YR2003,Pakistan,PAK,88.0732811150417
2003,YR2003,Palau,PLW,99.3752808875779
2003,YR2003,Panama,PAN,90.6126509250145
2003,YR2003,Papua New Guinea,PNG,31.7201883323159
2003,YR2003,Paraguay,PRY,80.6966115800717
2003,YR2003,Peru,PER,82.474684134901
2003,YR2003,Philippines,PHL,87.1255156450676
2003,YR2003,Poland,POL,..
2003,YR2003,Portugal,PRT,99.1944165915606
2003,YR2003,Puerto Rico,PRI,97.6556864578005
2003,YR2003,Qatar,QAT,99.9029247892536
2003,YR2003,Romania,ROU,99.9999969086513
2003,YR2003,Russian Federation,RUS,95.4995210865966
2003,YR2003,Rwanda,RWA,47.6184186237104
2003,YR2003,Samoa,WSM,87.0776449689648
2003,YR2003,San Marino,SMR,100
2003,YR2003,Sao Tome and Principe,STP,70.3328947779321
2003,YR2003,Saudi Arabia,SAU,..
2003,YR2003,Senegal,SEN,63.1913822066463
2003,YR2003,Serbia,SRB,89.2921910184179
2003,YR2003,Seychelles,SYC,94.2862966796501
2003,YR2003,Sierra Leone,SLE,43.6249629264156
2003,YR2003,Singapore,SGP,100
2003,YR2003,Sint Maarten (Dutch part),SXM,96.2552826809926
2003,YR2003,Slovak Republic,SVK,97.9731225515907
2003,YR2003,Slovenia,SVN,99.5
2003,YR2003,Solomon Islands,SLB,78.8510048244629
2003,YR2003,Somalia,SOM,28.558900212681
2003,YR2003,South Africa,ZAF,86.1621488884409
2003,YR2003,South Sudan,SSD,..
2003,YR2003,Spain,ESP,99.9999988900142
2003,YR2003,Sri Lanka,LKA,83.7098653157554
2003,YR2003,St. Kitts and Nevis,KNA,98.4872694741995
2003,YR2003,St. Lucia,LCA,90.6521660099574
2003,YR2003,St. Martin (French part),MAF,100
2003,YR2003,St. Vincent and the Grenadines,VCT,95.9211882711275
2003,YR2003,Sudan,SDN,44.6893905938749
2003,YR2003,Suriname,SUR,90.4599444423833
2003,YR2003,Sweden,SWE,99.5183735264399
2003,YR2003,Switzerland,CHE,100
2003,YR2003,Syrian Arab Republic,SYR,92.0221267763059
2003,YR2003,Tajikistan,TJK,60.3312336225954
2003,YR2003,Tanzania,TZA,32.983278914624
2003,YR2003,Thailand,THA,95.2162736068613
2003,YR2003,Timor-Leste,TLS,52.1464729723739
2003,YR2003,Togo,TGO,49.1929340226041
2003,YR2003,Tonga,TON,98.1426444446747
2003,YR2003,Trinidad and Tobago,TTO,93.2787795992192
2003,YR2003,Tunisia,TUN,90.0217792814255
2003,YR2003,Turkiye,TUR,94.068717766732
2003,YR2003,Turkmenistan,TKM,89.1185953944221
2003,YR2003,Turks and Caicos Islands,TCA,..
2003,YR2003,Tuvalu,TUV,98.8803845725294
2003,YR2003,Uganda,UGA,30.3158892746361
2003,YR2003,Ukraine,UKR,98.2255003028904
2003,YR2003,United Arab Emirates,ARE,99.6559646312272
2003,YR2003,United Kingdom,GBR,99.9999964375404
2003,YR2003,United States,USA,..
2003,YR2003,Uruguay,URY,97.1809653076757
2003,YR2003,Uzbekistan,UZB,88.77254114876
2003,YR2003,Vanuatu,VUT,83.5203977320197
2003,YR2003,"Venezuela, RB",VEN,96.6964133286213
2003,YR2003,Viet Nam,VNM,83.1365351940199
2003,YR2003,Virgin Islands (U.S.),VIR,98.718338067918
2003,YR2003,West Bank and Gaza,PSE,91.8565154712409
2003,YR2003,"Yemen, Rep.",YEM,42.5965017980636
2003,YR2003,Zambia,ZMB,50.2201996723848
2003,YR2003,Zimbabwe,ZWE,71.2110171877456
2004,YR2004,Africa Eastern and Southern,AFE,44.6351380246829
2004,YR2004,Africa Western and Central,AFW,54.7567465647746
2004,YR2004,Arab World,ARB,79.6432126093173
2004,YR2004,Caribbean small states,CSS,92.8269959208988
2004,YR2004,Central Europe and the Baltics,CEB,..
2004,YR2004,Early-demographic dividend,EAR,82.5802744674742
2004,YR2004,East Asia & Pacific,EAS,83.9047557206773
2004,YR2004,East Asia & Pacific (excluding high income),EAP,82.2287283242663
2004,YR2004,East Asia & Pacific (IDA & IBRD countries),TEA,82.0096917899753
2004,YR2004,Euro area,EMU,99.7081768066452
2004,YR2004,Europe & Central Asia,ECS,97.0489566544303
2004,YR2004,Europe & Central Asia (excluding high income),ECA,92.1570286209535
2004,YR2004,Europe & Central Asia (IDA & IBRD countries),TEC,94.0488662664661
2004,YR2004,European Union,EUU,99.7323612345661
2004,YR2004,Fragile and conflict affected situations,FCS,53.8172274584762
2004,YR2004,Heavily indebted poor countries (HIPC),HPC,44.8990747597441
2004,YR2004,High income,HIC,98.6869135000576
2004,YR2004,IBRD only,IBD,..
2004,YR2004,IDA & IBRD total,IBT,80.0788646437948
2004,YR2004,IDA blend,IDB,..
2004,YR2004,IDA only,IDX,..
2004,YR2004,IDA total,IDA,..
2004,YR2004,Late-demographic dividend,LTE,86.2922754174866
2004,YR2004,Latin America & Caribbean,LCN,92.2814020741655
2004,YR2004,Latin America & Caribbean (excluding high income),LAC,91.8279662873056
2004,YR2004,Latin America & the Caribbean (IDA & IBRD countries),TLA,92.2324715495439
2004,YR2004,Least developed countries: UN classification,LDC,53.9086316152121
2004,YR2004,Low & middle income,LMY,79.4810172233921
2004,YR2004,Low income,LIC,44.1002937109054
2004,YR2004,Lower middle income,LMC,78.8529904865847
2004,YR2004,Middle East & North Africa,MEA,88.3084636083659
2004,YR2004,Middle East & North Africa (excluding high income),MNA,87.7621440261847
2004,YR2004,Middle East & North Africa (IDA & IBRD countries),TMN,87.7140760916284
2004,YR2004,Middle income,MIC,82.6367953920653
2004,YR2004,North America,NAC,..
2004,YR2004,Not classified,INX,..
2004,YR2004,OECD members,OED,97.9430734387392
2004,YR2004,Other small states,OSS,86.34226096267
2004,YR2004,Pacific island small states,PSS,88.0461823260212
2004,YR2004,Post-demographic dividend,PST,99.2173573089859
2004,YR2004,Pre-demographic dividend,PRE,48.1375665947967
2004,YR2004,Small states,SST,87.6972457889846
2004,YR2004,South Asia,SAS,83.5406608338125
2004,YR2004,South Asia (IDA & IBRD),TSA,83.5406608338125
2004,YR2004,Sub-Saharan Africa,SSF,48.7600926400985
2004,YR2004,Sub-Saharan Africa (excluding high income),SSA,48.7549987702702
2004,YR2004,Sub-Saharan Africa (IDA & IBRD countries),TSS,48.7600926400985
2004,YR2004,Upper middle income,UMC,86.1603151436986
2004,YR2004,World,WLD,82.4075945935075
2004,YR2004,Afghanistan,AFG,34.0944312907889
2004,YR2004,Albania,ALB,88.5105812614285
2004,YR2004,Algeria,DZA,90.8812547235952
2004,YR2004,American Samoa,ASM,95.9469871952179
2004,YR2004,Andorra,AND,100
2004,YR2004,Angola,AGO,45.351334802482
2004,YR2004,Antigua and Barbuda,ATG,..
2004,YR2004,Argentina,ARG,97.2043461157274
2004,YR2004,Armenia,ARM,96.4166622270609
2004,YR2004,Aruba,ABW,95.6155453640006
2004,YR2004,Australia,AUS,99.756343263422
2004,YR2004,Austria,AUT,99.9999975141402
2004,YR2004,Azerbaijan,AZE,78.3574990243862
2004,YR2004,"Bahamas, The",BHS,98.4165529138889
2004,YR2004,Bahrain,BHR,99.9509121246006
2004,YR2004,Bangladesh,BGD,95.5299724790634
2004,YR2004,Barbados,BRB,98.3644291344159
2004,YR2004,Belarus,BLR,98.3288112162159
2004,YR2004,Belgium,BEL,100
2004,YR2004,Belize,BLZ,90.0337990120702
2004,YR2004,Benin,BEN,62.8659664905111
2004,YR2004,Bermuda,BMU,99.9638086090467
2004,YR2004,Bhutan,BTN,86.8683908719885
2004,YR2004,Bolivia,BOL,83.5560293047153
2004,YR2004,Bosnia and Herzegovina,BIH,97.0613930232856
2004,YR2004,Botswana,BWA,76.112906198948
2004,YR2004,Brazil,BRA,94.7773576406478
2004,YR2004,British Virgin Islands,VGB,96.8232876712329
2004,YR2004,Brunei Darussalam,BRN,99.9000162089371
2004,YR2004,Bulgaria,BGR,99.6511635856141
2004,YR2004,Burkina Faso,BFA,56.34175965484
2004,YR2004,Burundi,BDI,52.9684349998327
2004,YR2004,Cabo Verde,CPV,80.3234340405093
2004,YR2004,Cambodia,KHM,58.53308870878
2004,YR2004,Cameroon,CMR,59.2406478259978
2004,YR2004,Canada,CAN,99.2347121695379
2004,YR2004,Cayman Islands,CYM,96.139263803681
2004,YR2004,Central African Republic,CAF,54.3217048702171
2004,YR2004,Chad,TCD,40.9739127227244
2004,YR2004,Channel Islands,CHI,..
2004,YR2004,Chile,CHL,96.8614230083117
2004,YR2004,China,CHN,82.7229101344337
2004,YR2004,Colombia,COL,93.1651930443208
2004,YR2004,Comoros,COM,88.3392638096421
2004,YR2004,"Congo, Dem. Rep.",COD,37.386960666757
2004,YR2004,"Congo, Rep.",COG,59.5097243830066
2004,YR2004,Costa Rica,CRI,96.1233820197563
2004,YR2004,Cote d'Ivoire,CIV,71.1053199610773
2004,YR2004,Croatia,HRV,98.6702624334108
2004,YR2004,Cuba,CUB,92.3108240096068
2004,YR2004,Curacao,CUW,98.9352220030277
2004,YR2004,Cyprus,CYP,99.87373901707
2004,YR2004,Czechia,CZE,99.8225809403984
2004,YR2004,Denmark,DNK,99.9999988459236
2004,YR2004,Djibouti,DJI,75.5105548429446
2004,YR2004,Dominica,DMA,94.3204150098697
2004,YR2004,Dominican Republic,DOM,92.1921556677702
2004,YR2004,Ecuador,ECU,85.2242831812291
2004,YR2004,"Egypt, Arab Rep.",EGY,98.365643197958
2004,YR2004,El Salvador,SLV,82.3977563954932
2004,YR2004,Equatorial Guinea,GNQ,54.2150291513885
2004,YR2004,Eritrea,ERI,48.1234179210885
2004,YR2004,Estonia,EST,98.0127184478021
2004,YR2004,Eswatini,SWZ,56.7697315469993
2004,YR2004,Ethiopia,ETH,24.8131815247792
2004,YR2004,Faroe Islands,FRO,100
2004,YR2004,Fiji,FJI,94.914794848648
2004,YR2004,Finland,FIN,100
2004,YR2004,France,FRA,100
2004,YR2004,French Polynesia,PYF,100
2004,YR2004,Gabon,GAB,81.8888053847298
2004,YR2004,"Gambia, The",GMB,74.7354569707352
2004,YR2004,Georgia,GEO,95.1140775809711
2004,YR2004,Germany,DEU,99.9999986156687
2004,YR2004,Ghana,GHA,69.2452756848698
2004,YR2004,Gibraltar,GIB,100
2004,YR2004,Greece,GRC,99.7843401756136
2004,YR2004,Greenland,GRL,100
2004,YR2004,Grenada,GRD,94.2368976875956
2004,YR2004,Guam,GUM,99.4984
2004,YR2004,Guatemala,GTM,88.0545163490873
2004,YR2004,Guinea,GIN,52.8436497237526
2004,YR2004,Guinea-Bissau,GNB,57.0374152862445
2004,YR2004,Guyana,GUY,89.8530307363623
2004,YR2004,Haiti,HTI,59.2574851456357
2004,YR2004,Honduras,HND,87.5566044676304
2004,YR2004,"Hong Kong SAR, China",HKG,99.0793309888815
2004,YR2004,Hungary,HUN,99.9659049818677
2004,YR2004,Iceland,ISL,99.9999987160866
2004,YR2004,India,IND,82.4045080736675
2004,YR2004,Indonesia,IDN,79.1261137314695
2004,YR2004,"Iran, Islamic Rep.",IRN,94.9691830158905
2004,YR2004,Iraq,IRQ,84.4044874507213
2004,YR2004,Ireland,IRL,96.9518100323956
2004,YR2004,Isle of Man,IMN,..
2004,YR2004,Israel,ISR,100
2004,YR2004,Italy,ITA,99.6599094021691
2004,YR2004,Jamaica,JAM,93.4053511765309
2004,YR2004,Japan,JPN,98.5041275829008
2004,YR2004,Jordan,JOR,98.5856665194469
2004,YR2004,Kazakhstan,KAZ,91.5952525015184
2004,YR2004,Kenya,KEN,50.4256238590254
2004,YR2004,Kiribati,KIR,63.5911519803367
2004,YR2004,"Korea, Dem. People's Rep.",PRK,99.2395010690127
2004,YR2004,"Korea, Rep.",KOR,98.7011689015474
2004,YR2004,Kosovo,XKX,..
2004,YR2004,Kuwait,KWT,100
2004,YR2004,Kyrgyz Republic,KGZ,82.1214480409789
2004,YR2004,Lao PDR,LAO,55.5286060568114
2004,YR2004,Latvia,LVA,97.9543592991945
2004,YR2004,Lebanon,LBN,86.1678111894885
2004,YR2004,Lesotho,LSO,67.0966895514577
2004,YR2004,Liberia,LBR,65.6009043147856
2004,YR2004,Libya,LBY,87.7119501466275
2004,YR2004,Liechtenstein,LIE,100
2004,YR2004,Lithuania,LTU,91.4520269763869
2004,YR2004,Luxembourg,LUX,100
2004,YR2004,"Macao SAR, China",MAC,100
2004,YR2004,Madagascar,MDG,39.4738982619878
2004,YR2004,Malawi,MWI,57.1948248177515
2004,YR2004,Malaysia,MYS,96.9506381574656
2004,YR2004,Maldives,MDV,95.3063047504855
2004,YR2004,Mali,MLI,56.1648948654858
2004,YR2004,Malta,MLT,100
2004,YR2004,Marshall Islands,MHL,88.7185676881366
2004,YR2004,Mauritania,MRT,47.1838775605219
2004,YR2004,Mauritius,MUS,99.4497609225468
2004,YR2004,Mexico,MEX,92.8555799319342
2004,YR2004,"Micronesia, Fed. Sts.",FSM,90.84580910213
2004,YR2004,Moldova,MDA,84.2858248843836
2004,YR2004,Monaco,MCO,100
2004,YR2004,Mongolia,MNG,67.9189653068814
2004,YR2004,Montenegro,MNE,..
2004,YR2004,Morocco,MAR,68.5102152427062
2004,YR2004,Mozambique,MOZ,28.4125475477891
2004,YR2004,Myanmar,MMR,53.6965766171392
2004,YR2004,Namibia,NAM,77.9204001256526
2004,YR2004,Nauru,NRU,97.7942104215728
2004,YR2004,Nepal,NPL,82.1397139231249
2004,YR2004,Netherlands,NLD,99.9999994573325
2004,YR2004,New Caledonia,NCL,95.5716819162058
2004,YR2004,New Zealand,NZL,99.9999984208119
2004,YR2004,Nicaragua,NIC,80.7547757336457
2004,YR2004,Niger,NER,40.1952996142198
2004,YR2004,Nigeria,NGA,50.4334927622484
2004,YR2004,North Macedonia,MKD,96.9013161842229
2004,YR2004,Northern Mariana Islands,MNP,97.6800380733986
2004,YR2004,Norway,NOR,100
2004,YR2004,Oman,OMN,85.693648626899
2004,YR2004,Pakistan,PAK,88.3071370228667
2004,YR2004,Palau,PLW,99.3905507182376
2004,YR2004,Panama,PAN,90.8270090153794
2004,YR2004,Papua New Guinea,PNG,31.7089302006926
2004,YR2004,Paraguay,PRY,82.0578364483405
2004,YR2004,Peru,PER,83.228525609799
2004,YR2004,Philippines,PHL,87.5163914921387
2004,YR2004,Poland,POL,..
2004,YR2004,Portugal,PRT,99.1856112955147
2004,YR2004,Puerto Rico,PRI,97.8031667327366
2004,YR2004,Qatar,QAT,99.9029247892536
2004,YR2004,Romania,ROU,100
2004,YR2004,Russian Federation,RUS,95.5795781237422
2004,YR2004,Rwanda,RWA,48.4807001161199
2004,YR2004,Samoa,WSM,87.0904378683408
2004,YR2004,San Marino,SMR,100
2004,YR2004,Sao Tome and Principe,STP,70.8543956281794
2004,YR2004,Saudi Arabia,SAU,..
2004,YR2004,Senegal,SEN,64.4339943181148
2004,YR2004,Serbia,SRB,89.2871687965082
2004,YR2004,Seychelles,SYC,94.4117406137287
2004,YR2004,Sierra Leone,SLE,44.732540715921
2004,YR2004,Singapore,SGP,100
2004,YR2004,Sint Maarten (Dutch part),SXM,96.1608723458685
2004,YR2004,Slovak Republic,SVK,97.9699712874802
2004,YR2004,Slovenia,SVN,99.5
2004,YR2004,Solomon Islands,SLB,78.9085911691567
2004,YR2004,Somalia,SOM,30.3199382673539
2004,YR2004,South Africa,ZAF,86.682250515141
2004,YR2004,South Sudan,SSD,..
2004,YR2004,Spain,ESP,100
2004,YR2004,Sri Lanka,LKA,83.998883048266
2004,YR2004,St. Kitts and Nevis,KNA,98.4997279400202
2004,YR2004,St. Lucia,LCA,91.0152672319678
2004,YR2004,St. Martin (French part),MAF,100
2004,YR2004,St. Vincent and the Grenadines,VCT,96.0799237155867
2004,YR2004,Sudan,SDN,44.7033753195238
2004,YR2004,Suriname,SUR,90.9217523917314
2004,YR2004,Sweden,SWE,99.5308577359244
2004,YR2004,Switzerland,CHE,99.9999983594192
2004,YR2004,Syrian Arab Republic,SYR,92.1603515184952
2004,YR2004,Tajikistan,TJK,61.6181743211743
2004,YR2004,Tanzania,TZA,34.4821810033991
2004,YR2004,Thailand,THA,95.5716115587902
2004,YR2004,Timor-Leste,TLS,53.6676116378502
2004,YR2004,Togo,TGO,50.4262466400398
2004,YR2004,Tonga,TON,98.1425921449859
2004,YR2004,Trinidad and Tobago,TTO,93.6365655543702
2004,YR2004,Tunisia,TUN,90.3215982385854
2004,YR2004,Turkiye,TUR,94.272489058569
2004,YR2004,Turkmenistan,TKM,89.766262701641
2004,YR2004,Turks and Caicos Islands,TCA,..
2004,YR2004,Tuvalu,TUV,98.9020059592742
2004,YR2004,Uganda,UGA,31.6653580235931
2004,YR2004,Ukraine,UKR,97.7614299502735
2004,YR2004,United Arab Emirates,ARE,99.6773750061675
2004,YR2004,United Kingdom,GBR,99.9999976821314
2004,YR2004,United States,USA,..
2004,YR2004,Uruguay,URY,97.2456872380091
2004,YR2004,Uzbekistan,UZB,89.2503485772284
2004,YR2004,Vanuatu,VUT,83.5690733677971
2004,YR2004,"Venezuela, RB",VEN,96.5193184686639
2004,YR2004,Viet Nam,VNM,83.9749964118067
2004,YR2004,Virgin Islands (U.S.),VIR,98.7183326300681
2004,YR2004,West Bank and Gaza,PSE,92.257752664338
2004,YR2004,"Yemen, Rep.",YEM,43.7698218955916
2004,YR2004,Zambia,ZMB,51.3242990613743
2004,YR2004,Zimbabwe,ZWE,70.6870609373274
2005,YR2005,Africa Eastern and Southern,AFE,45.4338531877301
2005,YR2005,Africa Western and Central,AFW,55.8268006887002
2005,YR2005,Arab World,ARB,80.169438523267
2005,YR2005,Caribbean small states,CSS,93.1199517140094
2005,YR2005,Central Europe and the Baltics,CEB,99.1647072023794
2005,YR2005,Early-demographic dividend,EAR,83.1050212061457
2005,YR2005,East Asia & Pacific,EAS,84.7830481121824
2005,YR2005,East Asia & Pacific (excluding high income),EAP,83.2114324113335
2005,YR2005,East Asia & Pacific (IDA & IBRD countries),TEA,83.0102217061404
2005,YR2005,Euro area,EMU,99.7198586538932
2005,YR2005,Europe & Central Asia,ECS,97.1995279047498
2005,YR2005,Europe & Central Asia (excluding high income),ECA,92.3145970630959
2005,YR2005,Europe & Central Asia (IDA & IBRD countries),TEC,94.5946141457406
2005,YR2005,European Union,EUU,99.6906361881964
2005,YR2005,Fragile and conflict affected situations,FCS,54.5942695363373
2005,YR2005,Heavily indebted poor countries (HIPC),HPC,45.8268952912239
2005,YR2005,High income,HIC,98.7778554889163
2005,YR2005,IBRD only,IBD,..
2005,YR2005,IDA & IBRD total,IBT,80.8183055561845
2005,YR2005,IDA blend,IDB,..
2005,YR2005,IDA only,IDX,..
2005,YR2005,IDA total,IDA,..
2005,YR2005,Late-demographic dividend,LTE,87.313925813496
2005,YR2005,Latin America & Caribbean,LCN,92.6528908563202
2005,YR2005,Latin America & Caribbean (excluding high income),LAC,92.2378222403991
2005,YR2005,Latin America & the Caribbean (IDA & IBRD countries),TLA,92.611553241157
2005,YR2005,Least developed countries: UN classification,LDC,54.6656274851812
2005,YR2005,Low & middle income,LMY,80.1194077811038
2005,YR2005,Low income,LIC,44.9204101582559
2005,YR2005,Lower middle income,LMC,79.4253421103604
2005,YR2005,Middle East & North Africa,MEA,88.6706081321223
2005,YR2005,Middle East & North Africa (excluding high income),MNA,88.1295989298519
2005,YR2005,Middle East & North Africa (IDA & IBRD countries),TMN,88.0808786261322
2005,YR2005,Middle income,MIC,83.3078677782502
2005,YR2005,North America,NAC,98.930392740577
2005,YR2005,Not classified,INX,..
2005,YR2005,OECD members,OED,98.2790847811054
2005,YR2005,Other small states,OSS,86.6707996125935
2005,YR2005,Pacific island small states,PSS,87.9192452982571
2005,YR2005,Post-demographic dividend,PST,99.118025855936
2005,YR2005,Pre-demographic dividend,PRE,49.1672736021743
2005,YR2005,Small states,SST,87.9479054017915
2005,YR2005,South Asia,SAS,84.0314625843285
2005,YR2005,South Asia (IDA & IBRD),TSA,84.0314625843285
2005,YR2005,Sub-Saharan Africa,SSF,49.674502840057
2005,YR2005,Sub-Saharan Africa (excluding high income),SSA,49.6696068050757
2005,YR2005,Sub-Saharan Africa (IDA & IBRD countries),TSS,49.674502840057
2005,YR2005,Upper middle income,UMC,86.9568232133879
2005,YR2005,World,WLD,83.7501672740532
2005,YR2005,Afghanistan,AFG,36.3312261244574
2005,YR2005,Albania,ALB,89.0211858391228
2005,YR2005,Algeria,DZA,91.128253391014
2005,YR2005,American Samoa,ASM,96.200661396482
2005,YR2005,Andorra,AND,99.9999978782282
2005,YR2005,Angola,AGO,46.336018417288
2005,YR2005,Antigua and Barbuda,ATG,..
2005,YR2005,Argentina,ARG,97.4211883068913
2005,YR2005,Armenia,ARM,96.6984595839147
2005,YR2005,Aruba,ABW,95.8972301161238
2005,YR2005,Australia,AUS,99.7781486825672
2005,YR2005,Austria,AUT,99.9999992165691
2005,YR2005,Azerbaijan,AZE,79.612829992789
2005,YR2005,"Bahamas, The",BHS,98.4593172396572
2005,YR2005,Bahrain,BHR,99.9489738056245
2005,YR2005,Bangladesh,BGD,95.7089575160626
2005,YR2005,Barbados,BRB,98.3744305533628
2005,YR2005,Belarus,BLR,98.3188800141555
2005,YR2005,Belgium,BEL,100
2005,YR2005,Belize,BLZ,90.6845524665774
2005,YR2005,Benin,BEN,63.1536621577974
2005,YR2005,Bermuda,BMU,99.9562250350488
2005,YR2005,Bhutan,BTN,87.9567599908277
2005,YR2005,Bolivia,BOL,84.2242902869626
2005,YR2005,Bosnia and Herzegovina,BIH,97.0027068638893
2005,YR2005,Botswana,BWA,76.2993339260323
2005,YR2005,Brazil,BRA,95.0841359766136
2005,YR2005,British Virgin Islands,VGB,97.2034246575344
2005,YR2005,Brunei Darussalam,BRN,99.9000181515347
2005,YR2005,Bulgaria,BGR,99.6125227618648
2005,YR2005,Burkina Faso,BFA,55.8918762289044
2005,YR2005,Burundi,BDI,53.5526302502999
2005,YR2005,Cabo Verde,CPV,80.7759271240546
2005,YR2005,Cambodia,KHM,59.8022578613588
2005,YR2005,Cameroon,CMR,59.9329922487441
2005,YR2005,Canada,CAN,99.2346442640093
2005,YR2005,Cayman Islands,CYM,96.139263803681
2005,YR2005,Central African Republic,CAF,53.1725556583242
2005,YR2005,Chad,TCD,41.5662155428041
2005,YR2005,Channel Islands,CHI,..
2005,YR2005,Chile,CHL,97.1101191966706
2005,YR2005,China,CHN,83.8157983145536
2005,YR2005,Colombia,COL,93.4534280310835
2005,YR2005,Comoros,COM,87.5090844921955
2005,YR2005,"Congo, Dem. Rep.",COD,37.3229285473962
2005,YR2005,"Congo, Rep.",COG,60.5769397308556
2005,YR2005,Costa Rica,CRI,96.4921818938613
2005,YR2005,Cote d'Ivoire,CIV,71.217059799243
2005,YR2005,Croatia,HRV,98.675132965539
2005,YR2005,Cuba,CUB,92.4415137233702
2005,YR2005,Curacao,CUW,98.9977253190822
2005,YR2005,Cyprus,CYP,99.8659436901861
2005,YR2005,Czechia,CZE,99.8282004771013
2005,YR2005,Denmark,DNK,99.9999975389743
2005,YR2005,Djibouti,DJI,75.5269644878306
2005,YR2005,Dominica,DMA,94.4426640157915
2005,YR2005,Dominican Republic,DOM,92.560501429008
2005,YR2005,Ecuador,ECU,85.9430527454143
2005,YR2005,"Egypt, Arab Rep.",EGY,98.3962203294697
2005,YR2005,El Salvador,SLV,83.5728135392811
2005,YR2005,Equatorial Guinea,GNQ,55.1317211538696
2005,YR2005,Eritrea,ERI,48.4844084006916
2005,YR2005,Estonia,EST,98.1780911832145
2005,YR2005,Eswatini,SWZ,57.5976119971747
2005,YR2005,Ethiopia,ETH,26.3163660068506
2005,YR2005,Faroe Islands,FRO,100
2005,YR2005,Fiji,FJI,94.9370420416946
2005,YR2005,Finland,FIN,100
2005,YR2005,France,FRA,100
2005,YR2005,French Polynesia,PYF,100
2005,YR2005,Gabon,GAB,82.2020562871411
2005,YR2005,"Gambia, The",GMB,75.3638472217929
2005,YR2005,Georgia,GEO,95.2705537144306
2005,YR2005,Germany,DEU,100
2005,YR2005,Ghana,GHA,70.3033002782999
2005,YR2005,Gibraltar,GIB,100
2005,YR2005,Greece,GRC,99.8079995319955
2005,YR2005,Greenland,GRL,100
2005,YR2005,Grenada,GRD,94.4692126571641
2005,YR2005,Guam,GUM,99.523
2005,YR2005,Guatemala,GTM,88.4318670319565
2005,YR2005,Guinea,GIN,53.5466363484531
2005,YR2005,Guinea-Bissau,GNB,57.4334953214658
2005,YR2005,Guyana,GUY,90.1787161377096
2005,YR2005,Haiti,HTI,59.7530302249497
2005,YR2005,Honduras,HND,88.075311809876
2005,YR2005,"Hong Kong SAR, China",HKG,99.1630994246164
2005,YR2005,Hungary,HUN,99.9663732360176
2005,YR2005,Iceland,ISL,99.9999997739659
2005,YR2005,India,IND,83.0367817028024
2005,YR2005,Indonesia,IDN,80.0618734021774
2005,YR2005,"Iran, Islamic Rep.",IRN,95.161000634786
2005,YR2005,Iraq,IRQ,85.2932859844944
2005,YR2005,Ireland,IRL,96.8858357694902
2005,YR2005,Isle of Man,IMN,..
2005,YR2005,Israel,ISR,100
2005,YR2005,Italy,ITA,99.6856218693615
2005,YR2005,Jamaica,JAM,93.069850837752
2005,YR2005,Japan,JPN,98.5413402058129
2005,YR2005,Jordan,JOR,98.6181953473712
2005,YR2005,Kazakhstan,KAZ,91.9413654970705
2005,YR2005,Kenya,KEN,51.1430915602267
2005,YR2005,Kiribati,KIR,64.2307946096165
2005,YR2005,"Korea, Dem. People's Rep.",PRK,98.8654694870278
2005,YR2005,"Korea, Rep.",KOR,98.7011689015474
2005,YR2005,Kosovo,XKX,..
2005,YR2005,Kuwait,KWT,100
2005,YR2005,Kyrgyz Republic,KGZ,82.6625994147722
2005,YR2005,Lao PDR,LAO,57.745839442934
2005,YR2005,Latvia,LVA,98.008884088551
2005,YR2005,Lebanon,LBN,86.6082723821516
2005,YR2005,Lesotho,LSO,67.4772215254613
2005,YR2005,Liberia,LBR,66.4636974813107
2005,YR2005,Libya,LBY,88.58191969321
2005,YR2005,Liechtenstein,LIE,100
2005,YR2005,Lithuania,LTU,91.9138706271934
2005,YR2005,Luxembourg,LUX,100
2005,YR2005,"Macao SAR, China",MAC,100
2005,YR2005,Madagascar,MDG,40.2552973589026
2005,YR2005,Malawi,MWI,58.0226689907609
2005,YR2005,Malaysia,MYS,96.9579979151332
2005,YR2005,Maldives,MDV,95.6587150998305
2005,YR2005,Mali,MLI,57.7499626655854
2005,YR2005,Malta,MLT,99.9999995796661
2005,YR2005,Marshall Islands,MHL,88.6768506324111
2005,YR2005,Mauritania,MRT,48.7833430823827
2005,YR2005,Mauritius,MUS,99.483333741009
2005,YR2005,Mexico,MEX,93.4067485824867
2005,YR2005,"Micronesia, Fed. Sts.",FSM,90.7848492692736
2005,YR2005,Moldova,MDA,84.6745046272972
2005,YR2005,Monaco,MCO,100
2005,YR2005,Mongolia,MNG,69.2018583021678
2005,YR2005,Montenegro,MNE,..
2005,YR2005,Morocco,MAR,69.5807164276535
2005,YR2005,Mozambique,MOZ,30.0268645534793
2005,YR2005,Myanmar,MMR,55.2393218321691
2005,YR2005,Namibia,NAM,78.4318651214661
2005,YR2005,Nauru,NRU,97.7223145875485
2005,YR2005,Nepal,NPL,82.731665320308
2005,YR2005,Netherlands,NLD,100
2005,YR2005,New Caledonia,NCL,95.8050343322036
2005,YR2005,New Zealand,NZL,100
2005,YR2005,Nicaragua,NIC,80.7870236509338
2005,YR2005,Niger,NER,40.8076339348269
2005,YR2005,Nigeria,NGA,52.0176713923367
2005,YR2005,North Macedonia,MKD,96.9594603137634
2005,YR2005,Northern Mariana Islands,MNP,97.8891421929518
2005,YR2005,Norway,NOR,99.9999965995429
2005,YR2005,Oman,OMN,86.0602737315176
2005,YR2005,Pakistan,PAK,87.9905798672017
2005,YR2005,Palau,PLW,99.4051896870702
2005,YR2005,Panama,PAN,91.0306750330875
2005,YR2005,Papua New Guinea,PNG,32.7395779664836
2005,YR2005,Paraguay,PRY,83.4038094172464
2005,YR2005,Peru,PER,83.9713814105883
2005,YR2005,Philippines,PHL,87.9079574573496
2005,YR2005,Poland,POL,99.1592394224443
2005,YR2005,Portugal,PRT,99.1782467357753
2005,YR2005,Puerto Rico,PRI,97.9506470076727
2005,YR2005,Qatar,QAT,99.9029247892536
2005,YR2005,Romania,ROU,99.9999984443348
2005,YR2005,Russian Federation,RUS,95.6594291305029
2005,YR2005,Rwanda,RWA,49.3504746837897
2005,YR2005,Samoa,WSM,87.3410974952211
2005,YR2005,San Marino,SMR,100
2005,YR2005,Sao Tome and Principe,STP,71.3668935067394
2005,YR2005,Saudi Arabia,SAU,..
2005,YR2005,Senegal,SEN,65.6736809272597
2005,YR2005,Serbia,SRB,89.6523725384607
2005,YR2005,Seychelles,SYC,94.5371845478073
2005,YR2005,Sierra Leone,SLE,45.8700983836474
2005,YR2005,Singapore,SGP,100
2005,YR2005,Sint Maarten (Dutch part),SXM,96.0664620107445
2005,YR2005,Slovak Republic,SVK,97.9668220089089
2005,YR2005,Slovenia,SVN,99.5
2005,YR2005,Solomon Islands,SLB,78.1097992602646
2005,YR2005,Somalia,SOM,32.0742165756556
2005,YR2005,South Africa,ZAF,87.1925788909373
2005,YR2005,South Sudan,SSD,..
2005,YR2005,Spain,ESP,99.9999978182057
2005,YR2005,Sri Lanka,LKA,84.2877818898964
2005,YR2005,St. Kitts and Nevis,KNA,98.5121864058409
2005,YR2005,St. Lucia,LCA,91.387151387498
2005,YR2005,St. Martin (French part),MAF,100
2005,YR2005,St. Vincent and the Grenadines,VCT,96.2393291087159
2005,YR2005,Sudan,SDN,45.8190395908666
2005,YR2005,Suriname,SUR,91.3567912547275
2005,YR2005,Sweden,SWE,99.5432668281799
2005,YR2005,Switzerland,CHE,100
2005,YR2005,Syrian Arab Republic,SYR,92.2966587839549
2005,YR2005,Tajikistan,TJK,62.9117102762344
2005,YR2005,Tanzania,TZA,35.9811337940546
2005,YR2005,Thailand,THA,95.9239842280519
2005,YR2005,Timor-Leste,TLS,55.1752221271839
2005,YR2005,Togo,TGO,51.6495137358889
2005,YR2005,Tonga,TON,98.179760420344
2005,YR2005,Trinidad and Tobago,TTO,93.994155375036
2005,YR2005,Tunisia,TUN,90.5989322382182
2005,YR2005,Turkiye,TUR,94.4720884049668
2005,YR2005,Turkmenistan,TKM,90.5034339079961
2005,YR2005,Turks and Caicos Islands,TCA,..
2005,YR2005,Tuvalu,TUV,98.9233576645894
2005,YR2005,Uganda,UGA,33.0370258975585
2005,YR2005,Ukraine,UKR,97.29496669472
2005,YR2005,United Arab Emirates,ARE,99.6990302515039
2005,YR2005,United Kingdom,GBR,100
2005,YR2005,United States,USA,98.8969742740372
2005,YR2005,Uruguay,URY,97.457299940853
2005,YR2005,Uzbekistan,UZB,89.7235452825978
2005,YR2005,Vanuatu,VUT,83.9968978882666
2005,YR2005,"Venezuela, RB",VEN,96.3422236087065
2005,YR2005,Viet Nam,VNM,84.8058439875053
2005,YR2005,Virgin Islands (U.S.),VIR,98.7183271922181
2005,YR2005,West Bank and Gaza,PSE,92.6581125528945
2005,YR2005,"Yemen, Rep.",YEM,44.9292142061865
2005,YR2005,Zambia,ZMB,52.4191275757533
2005,YR2005,Zimbabwe,ZWE,70.1631081415474
2006,YR2006,Africa Eastern and Southern,AFE,46.2370148266685
2006,YR2006,Africa Western and Central,AFW,56.899330426332
2006,YR2006,Arab World,ARB,80.7343714406803
2006,YR2006,Caribbean small states,CSS,93.416121254967
2006,YR2006,Central Europe and the Baltics,CEB,99.1825842823858
2006,YR2006,Early-demographic dividend,EAR,83.6544313500888
2006,YR2006,East Asia & Pacific,EAS,85.6332304957544
2006,YR2006,East Asia & Pacific (excluding high income),EAP,84.1593724919936
2006,YR2006,East Asia & Pacific (IDA & IBRD countries),TEA,83.9755670316414
2006,YR2006,Euro area,EMU,99.7310947371036
2006,YR2006,Europe & Central Asia,ECS,97.2559821706072
2006,YR2006,Europe & Central Asia (excluding high income),ECA,92.484500339907
2006,YR2006,Europe & Central Asia (IDA & IBRD countries),TEC,94.6930329862102
2006,YR2006,European Union,EUU,99.6988958066992
2006,YR2006,Fragile and conflict affected situations,FCS,55.3690780709523
2006,YR2006,Heavily indebted poor countries (HIPC),HPC,46.7537512394864
2006,YR2006,High income,HIC,98.8058134375864
2006,YR2006,IBRD only,IBD,..
2006,YR2006,IDA & IBRD total,IBT,81.4226629424863
2006,YR2006,IDA blend,IDB,..
2006,YR2006,IDA only,IDX,..
2006,YR2006,IDA total,IDA,..
2006,YR2006,Late-demographic dividend,LTE,88.0791462801969
2006,YR2006,Latin America & Caribbean,LCN,93.0186632232559
2006,YR2006,Latin America & Caribbean (excluding high income),LAC,92.6416252413753
2006,YR2006,Latin America & the Caribbean (IDA & IBRD countries),TLA,92.9846959334829
2006,YR2006,Least developed countries: UN classification,LDC,55.3905428417552
2006,YR2006,Low & middle income,LMY,80.7568515185508
2006,YR2006,Low income,LIC,45.7767186313427
2006,YR2006,Lower middle income,LMC,80.0263783468457
2006,YR2006,Middle East & North Africa,MEA,89.0556783152606
2006,YR2006,Middle East & North Africa (excluding high income),MNA,88.5066111294745
2006,YR2006,Middle East & North Africa (IDA & IBRD countries),TMN,88.4573310367996
2006,YR2006,Middle income,MIC,83.979682565569
2006,YR2006,North America,NAC,98.9365672052089
2006,YR2006,Not classified,INX,..
2006,YR2006,OECD members,OED,98.3536390693119
2006,YR2006,Other small states,OSS,87.4218385321401
2006,YR2006,Pacific island small states,PSS,87.7607393867122
2006,YR2006,Post-demographic dividend,PST,99.1108301097258
2006,YR2006,Pre-demographic dividend,PRE,50.1547992051738
2006,YR2006,Small states,SST,88.4472541436147
2006,YR2006,South Asia,SAS,84.5657483465619
2006,YR2006,South Asia (IDA & IBRD),TSA,84.565748346562
2006,YR2006,Sub-Saharan Africa,SSF,50.5917316116148
2006,YR2006,Sub-Saharan Africa (excluding high income),SSA,50.586951589109
2006,YR2006,Sub-Saharan Africa (IDA & IBRD countries),TSS,50.5917316116149
2006,YR2006,Upper middle income,UMC,87.7284222515165
2006,YR2006,World,WLD,84.2443166899801
2006,YR2006,Afghanistan,AFG,38.5671193339185
2006,YR2006,Albania,ALB,89.5191349968004
2006,YR2006,Algeria,DZA,91.3709555341436
2006,YR2006,American Samoa,ASM,96.454335597746
2006,YR2006,Andorra,AND,100
2006,YR2006,Angola,AGO,47.1502307724816
2006,YR2006,Antigua and Barbuda,ATG,..
2006,YR2006,Argentina,ARG,97.6332141757066
2006,YR2006,Armenia,ARM,96.9824019913165
2006,YR2006,Aruba,ABW,96.178914868247
2006,YR2006,Australia,AUS,99.7997739521724
2006,YR2006,Austria,AUT,100
2006,YR2006,Azerbaijan,AZE,80.8760045897352
2006,YR2006,"Bahamas, The",BHS,98.5020815654256
2006,YR2006,Bahrain,BHR,99.9470354866484
2006,YR2006,Bangladesh,BGD,95.8847117824058
2006,YR2006,Barbados,BRB,98.3844319723097
2006,YR2006,Belarus,BLR,98.3110021113923
2006,YR2006,Belgium,BEL,99.999998327484
2006,YR2006,Belize,BLZ,91.3353803403276
2006,YR2006,Benin,BEN,63.436586737944
2006,YR2006,Bermuda,BMU,99.948641461051
2006,YR2006,Bhutan,BTN,88.9789644735717
2006,YR2006,Bolivia,BOL,84.8844138580423
2006,YR2006,Bosnia and Herzegovina,BIH,96.9413764053532
2006,YR2006,Botswana,BWA,77.4073703599859
2006,YR2006,Brazil,BRA,95.3841881864926
2006,YR2006,British Virgin Islands,VGB,97.5835616438358
2006,YR2006,Brunei Darussalam,BRN,99.9000200940569
2006,YR2006,Bulgaria,BGR,99.5745885395144
2006,YR2006,Burkina Faso,BFA,55.4522332956733
2006,YR2006,Burundi,BDI,54.1402304455378
2006,YR2006,Cabo Verde,CPV,81.2305336255711
2006,YR2006,Cambodia,KHM,61.0435915393988
2006,YR2006,Cameroon,CMR,60.6096169460461
2006,YR2006,Canada,CAN,99.2346171625691
2006,YR2006,Cayman Islands,CYM,96.1015337423313
2006,YR2006,Central African Republic,CAF,52.0363867203351
2006,YR2006,Chad,TCD,42.1612373131913
2006,YR2006,Channel Islands,CHI,..
2006,YR2006,Chile,CHL,97.3573221347286
2006,YR2006,China,CHN,84.8656287015905
2006,YR2006,Colombia,COL,93.7365220800179
2006,YR2006,Comoros,COM,86.6815099521752
2006,YR2006,"Congo, Dem. Rep.",COD,37.2526545744487
2006,YR2006,"Congo, Rep.",COG,61.6425661631839
2006,YR2006,Costa Rica,CRI,96.8432839776983
2006,YR2006,Cote d'Ivoire,CIV,71.326376049963
2006,YR2006,Croatia,HRV,98.6800083674408
2006,YR2006,Cuba,CUB,92.5712507526727
2006,YR2006,Curacao,CUW,99.0602286351366
2006,YR2006,Cyprus,CYP,99.8581592027536
2006,YR2006,Czechia,CZE,99.8338407530519
2006,YR2006,Denmark,DNK,100
2006,YR2006,Djibouti,DJI,75.5441214032279
2006,YR2006,Dominica,DMA,94.5649130217133
2006,YR2006,Dominican Republic,DOM,92.913697850273
2006,YR2006,Ecuador,ECU,86.661280805982
2006,YR2006,"Egypt, Arab Rep.",EGY,98.426743408475
2006,YR2006,El Salvador,SLV,84.74156283604
2006,YR2006,Equatorial Guinea,GNQ,56.1005772869023
2006,YR2006,Eritrea,ERI,48.8594940550192
2006,YR2006,Estonia,EST,98.344536613704
2006,YR2006,Eswatini,SWZ,58.4203102022392
2006,YR2006,Ethiopia,ETH,27.8082946441902
2006,YR2006,Faroe Islands,FRO,100
2006,YR2006,Fiji,FJI,94.9596473119568
2006,YR2006,Finland,FIN,100
2006,YR2006,France,FRA,100
2006,YR2006,French Polynesia,PYF,100
2006,YR2006,Gabon,GAB,82.4941038355644
2006,YR2006,"Gambia, The",GMB,75.9901487166188
2006,YR2006,Georgia,GEO,95.4255949594501
2006,YR2006,Germany,DEU,100
2006,YR2006,Ghana,GHA,71.3628223620326
2006,YR2006,Gibraltar,GIB,100
2006,YR2006,Greece,GRC,99.8311253123155
2006,YR2006,Greenland,GRL,100
2006,YR2006,Grenada,GRD,94.7015276267326
2006,YR2006,Guam,GUM,99.5476
2006,YR2006,Guatemala,GTM,88.8063187940228
2006,YR2006,Guinea,GIN,54.2487288694591
2006,YR2006,Guinea-Bissau,GNB,57.8147597912603
2006,YR2006,Guyana,GUY,90.5061314085982
2006,YR2006,Haiti,HTI,60.2473792119938
2006,YR2006,Honduras,HND,88.587372078387
2006,YR2006,"Hong Kong SAR, China",HKG,99.2468678603512
2006,YR2006,Hungary,HUN,99.9669034443637
2006,YR2006,Iceland,ISL,100
2006,YR2006,India,IND,83.6659240960625
2006,YR2006,Indonesia,IDN,80.9767562559622
2006,YR2006,"Iran, Islamic Rep.",IRN,95.3480173466701
2006,YR2006,Iraq,IRQ,86.1815088804464
2006,YR2006,Ireland,IRL,96.8195960916376
2006,YR2006,Isle of Man,IMN,..
2006,YR2006,Israel,ISR,99.9999994925706
2006,YR2006,Italy,ITA,99.7113343365538
2006,YR2006,Jamaica,JAM,92.7061552592745
2006,YR2006,Japan,JPN,98.5785528287251
2006,YR2006,Jordan,JOR,98.6578939817567
2006,YR2006,Kazakhstan,KAZ,92.2865657278416
2006,YR2006,Kenya,KEN,51.8573012461913
2006,YR2006,Kiribati,KIR,65.0064925331894
2006,YR2006,"Korea, Dem. People's Rep.",PRK,98.4923397809476
2006,YR2006,"Korea, Rep.",KOR,98.7011689015474
2006,YR2006,Kosovo,XKX,..
2006,YR2006,Kuwait,KWT,100
2006,YR2006,Kyrgyz Republic,KGZ,83.2016848450411
2006,YR2006,Lao PDR,LAO,59.8096024143336
2006,YR2006,Latvia,LVA,98.0601767778274
2006,YR2006,Lebanon,LBN,87.0487335748148
2006,YR2006,Lesotho,LSO,67.8645033042361
2006,YR2006,Liberia,LBR,67.0665699495134
2006,YR2006,Libya,LBY,89.4518892397925
2006,YR2006,Liechtenstein,LIE,100
2006,YR2006,Lithuania,LTU,92.3892460143079
2006,YR2006,Luxembourg,LUX,99.9999990503713
2006,YR2006,"Macao SAR, China",MAC,100
2006,YR2006,Madagascar,MDG,41.0378421311969
2006,YR2006,Malawi,MWI,58.8474613731577
2006,YR2006,Malaysia,MYS,96.9670360851847
2006,YR2006,Maldives,MDV,95.9945571824833
2006,YR2006,Mali,MLI,59.3326832976711
2006,YR2006,Malta,MLT,100
2006,YR2006,Marshall Islands,MHL,88.5595194571216
2006,YR2006,Mauritania,MRT,50.3993782607608
2006,YR2006,Mauritius,MUS,99.5169819997469
2006,YR2006,Mexico,MEX,93.9533047726709
2006,YR2006,"Micronesia, Fed. Sts.",FSM,90.7238894364172
2006,YR2006,Moldova,MDA,85.100053203952
2006,YR2006,Monaco,MCO,100
2006,YR2006,Mongolia,MNG,70.4564922690515
2006,YR2006,Montenegro,MNE,95.1859673036858
2006,YR2006,Morocco,MAR,70.6676089659344
2006,YR2006,Mozambique,MOZ,31.6744358371789
2006,YR2006,Myanmar,MMR,56.8017092189817
2006,YR2006,Namibia,NAM,78.9370961710911
2006,YR2006,Nauru,NRU,97.6504187535241
2006,YR2006,Nepal,NPL,83.3170381280125
2006,YR2006,Netherlands,NLD,99.999998516524
2006,YR2006,New Caledonia,NCL,96.0383867482015
2006,YR2006,New Zealand,NZL,99.9999977338024
2006,YR2006,Nicaragua,NIC,80.8357507918115
2006,YR2006,Niger,NER,41.3997749332035
2006,YR2006,Nigeria,NGA,53.6095346466067
2006,YR2006,North Macedonia,MKD,97.0165477785083
2006,YR2006,Northern Mariana Islands,MNP,98.098246312505
2006,YR2006,Norway,NOR,100
2006,YR2006,Oman,OMN,86.4235170420893
2006,YR2006,Pakistan,PAK,88.1440617187268
2006,YR2006,Palau,PLW,99.4192326974435
2006,YR2006,Panama,PAN,91.2311405700682
2006,YR2006,Papua New Guinea,PNG,33.7706619827124
2006,YR2006,Paraguay,PRY,84.7343030109567
2006,YR2006,Peru,PER,84.7040840155234
2006,YR2006,Philippines,PHL,88.300211308836
2006,YR2006,Poland,POL,99.1574208743657
2006,YR2006,Portugal,PRT,99.1723220427417
2006,YR2006,Puerto Rico,PRI,98.0981272826087
2006,YR2006,Qatar,QAT,99.9029247892536
2006,YR2006,Romania,ROU,99.999997085641
2006,YR2006,Russian Federation,RUS,95.739075854412
2006,YR2006,Rwanda,RWA,50.2280357734339
2006,YR2006,Samoa,WSM,87.5902548209258
2006,YR2006,San Marino,SMR,100
2006,YR2006,Sao Tome and Principe,STP,71.8708584899915
2006,YR2006,Saudi Arabia,SAU,..
2006,YR2006,Senegal,SEN,66.911108985333
2006,YR2006,Serbia,SRB,90.0188988119915
2006,YR2006,Seychelles,SYC,94.6626284818859
2006,YR2006,Sierra Leone,SLE,47.0291549762346
2006,YR2006,Singapore,SGP,100
2006,YR2006,Sint Maarten (Dutch part),SXM,95.9720516756204
2006,YR2006,Slovak Republic,SVK,97.9636539676569
2006,YR2006,Slovenia,SVN,99.5
2006,YR2006,Solomon Islands,SLB,77.1528573983775
2006,YR2006,Somalia,SOM,33.8236567371781
2006,YR2006,South Africa,ZAF,87.6937845213008
2006,YR2006,South Sudan,SSD,..
2006,YR2006,Spain,ESP,99.9999979247721
2006,YR2006,Sri Lanka,LKA,84.5768309160413
2006,YR2006,St. Kitts and Nevis,KNA,98.5246448716616
2006,YR2006,St. Lucia,LCA,91.7673035899839
2006,YR2006,St. Martin (French part),MAF,100
2006,YR2006,St. Vincent and the Grenadines,VCT,96.3994063695659
2006,YR2006,Sudan,SDN,46.9340172529745
2006,YR2006,Suriname,SUR,91.7904999411481
2006,YR2006,Sweden,SWE,99.5560777778459
2006,YR2006,Switzerland,CHE,100
2006,YR2006,Syrian Arab Republic,SYR,92.4312099355167
2006,YR2006,Tajikistan,TJK,64.2114185120741
2006,YR2006,Tanzania,TZA,37.4799927901342
2006,YR2006,Thailand,THA,96.2628445210942
2006,YR2006,Timor-Leste,TLS,56.6812454516609
2006,YR2006,Togo,TGO,52.8631440554872
2006,YR2006,Tonga,TON,98.2169550462649
2006,YR2006,Trinidad and Tobago,TTO,94.3515490612168
2006,YR2006,Tunisia,TUN,90.8728219523406
2006,YR2006,Turkiye,TUR,94.6677536405168
2006,YR2006,Turkmenistan,TKM,91.2381898657299
2006,YR2006,Turks and Caicos Islands,TCA,..
2006,YR2006,Tuvalu,TUV,98.9444398185269
2006,YR2006,Uganda,UGA,34.4326103679449
2006,YR2006,Ukraine,UKR,96.8250032006158
2006,YR2006,United Arab Emirates,ARE,99.7209169834186
2006,YR2006,United Kingdom,GBR,99.9999987151275
2006,YR2006,United States,USA,98.9038131746627
2006,YR2006,Uruguay,URY,97.6603940754754
2006,YR2006,Uzbekistan,UZB,90.1922191902214
2006,YR2006,Vanuatu,VUT,84.4565689198112
2006,YR2006,"Venezuela, RB",VEN,96.1651287487491
2006,YR2006,Viet Nam,VNM,85.6291833330873
2006,YR2006,Virgin Islands (U.S.),VIR,98.7183217543681
2006,YR2006,West Bank and Gaza,PSE,93.0576535423239
2006,YR2006,"Yemen, Rep.",YEM,46.0758264900103
2006,YR2006,Zambia,ZMB,53.5051766623271
2006,YR2006,Zimbabwe,ZWE,69.6388051052948
2007,YR2007,Africa Eastern and Southern,AFE,47.0067984350456
2007,YR2007,Africa Western and Central,AFW,57.9697911040028
2007,YR2007,Arab World,ARB,81.2537997043085
2007,YR2007,Caribbean small states,CSS,93.7159514852544
2007,YR2007,Central Europe and the Baltics,CEB,99.198018514971
2007,YR2007,Early-demographic dividend,EAR,84.199290373133
2007,YR2007,East Asia & Pacific,EAS,86.4613866947153
2007,YR2007,East Asia & Pacific (excluding high income),EAP,85.0782925898938
2007,YR2007,East Asia & Pacific (IDA & IBRD countries),TEA,84.9114928140608
2007,YR2007,Euro area,EMU,99.7416719248353
2007,YR2007,Europe & Central Asia,ECS,97.3149826547489
2007,YR2007,Europe & Central Asia (excluding high income),ECA,92.6473764847994
2007,YR2007,Europe & Central Asia (IDA & IBRD countries),TEC,94.7910430667448
2007,YR2007,European Union,EUU,99.706600717232
2007,YR2007,Fragile and conflict affected situations,FCS,56.1499746119587
2007,YR2007,Heavily indebted poor countries (HIPC),HPC,47.6645660016134
2007,YR2007,High income,HIC,98.836505066255
2007,YR2007,IBRD only,IBD,..
2007,YR2007,IDA & IBRD total,IBT,82.0144666549543
2007,YR2007,IDA blend,IDB,..
2007,YR2007,IDA only,IDX,..
2007,YR2007,IDA total,IDA,..
2007,YR2007,Late-demographic dividend,LTE,88.8192322787144
2007,YR2007,Latin America & Caribbean,LCN,93.3786899277302
2007,YR2007,Latin America & Caribbean (excluding high income),LAC,93.0393144404782
2007,YR2007,Latin America & the Caribbean (IDA & IBRD countries),TLA,93.3518297778244
2007,YR2007,Least developed countries: UN classification,LDC,56.0992468144695
2007,YR2007,Low & middle income,LMY,81.3800938627915
2007,YR2007,Low income,LIC,46.6527691718759
2007,YR2007,Lower middle income,LMC,80.6245735337902
2007,YR2007,Middle East & North Africa,MEA,89.4489954678873
2007,YR2007,Middle East & North Africa (excluding high income),MNA,88.8818399431287
2007,YR2007,Middle East & North Africa (IDA & IBRD countries),TMN,88.8319755337255
2007,YR2007,Middle income,MIC,84.6350619414187
2007,YR2007,North America,NAC,98.9427851735499
2007,YR2007,Not classified,INX,..
2007,YR2007,OECD members,OED,98.432683936022
2007,YR2007,Other small states,OSS,87.7277779142715
2007,YR2007,Pacific island small states,PSS,87.6050764209014
2007,YR2007,Post-demographic dividend,PST,99.1078180248827
2007,YR2007,Pre-demographic dividend,PRE,51.109533054824
2007,YR2007,Small states,SST,88.6836643741132
2007,YR2007,South Asia,SAS,85.1203290172245
2007,YR2007,South Asia (IDA & IBRD),TSA,85.1203290172245
2007,YR2007,Sub-Saharan Africa,SSF,51.4873506865108
2007,YR2007,Sub-Saharan Africa (excluding high income),SSA,51.4827569062287
2007,YR2007,Sub-Saharan Africa (IDA & IBRD countries),TSS,51.4873506865108
2007,YR2007,Upper middle income,UMC,88.4738941312301
2007,YR2007,World,WLD,84.7324327424028
2007,YR2007,Afghanistan,AFG,41.0836738960922
2007,YR2007,Albania,ALB,90.0041903832584
2007,YR2007,Algeria,DZA,91.6092319914834
2007,YR2007,American Samoa,ASM,96.7080097990101
2007,YR2007,Andorra,AND,100
2007,YR2007,Angola,AGO,47.9614692762391
2007,YR2007,Antigua and Barbuda,ATG,..
2007,YR2007,Argentina,ARG,97.8403601049127
2007,YR2007,Armenia,ARM,97.2683671383451
2007,YR2007,Aruba,ABW,96.4605996203701
2007,YR2007,Australia,AUS,99.8212541640962
2007,YR2007,Austria,AUT,99.9999990816826
2007,YR2007,Azerbaijan,AZE,82.147139457549
2007,YR2007,"Bahamas, The",BHS,98.5448458911939
2007,YR2007,Bahrain,BHR,99.9450971676723
2007,YR2007,Bangladesh,BGD,96.0570984545243
2007,YR2007,Barbados,BRB,98.3944333912566
2007,YR2007,Belarus,BLR,98.3051427140534
2007,YR2007,Belgium,BEL,99.9999976236059
2007,YR2007,Belize,BLZ,91.9862777822027
2007,YR2007,Benin,BEN,63.7149109429296
2007,YR2007,Bermuda,BMU,99.9410578870531
2007,YR2007,Bhutan,BTN,89.9867722230308
2007,YR2007,Bolivia,BOL,85.535458269738
2007,YR2007,Bosnia and Herzegovina,BIH,96.8773942746662
2007,YR2007,Botswana,BWA,78.8983728293753
2007,YR2007,Brazil,BRA,95.6776268688402
2007,YR2007,British Virgin Islands,VGB,97.9636986301371
2007,YR2007,Brunei Darussalam,BRN,99.9000220365035
2007,YR2007,Bulgaria,BGR,99.537361240608
2007,YR2007,Burkina Faso,BFA,54.9708726323817
2007,YR2007,Burundi,BDI,54.730870293527
2007,YR2007,Cabo Verde,CPV,81.6867082827309
2007,YR2007,Cambodia,KHM,62.2574600533449
2007,YR2007,Cameroon,CMR,61.2706157127257
2007,YR2007,Canada,CAN,99.2354956393385
2007,YR2007,Cayman Islands,CYM,96.0638036809816
2007,YR2007,Central African Republic,CAF,50.9129856057539
2007,YR2007,Chad,TCD,42.7593900572731
2007,YR2007,Channel Islands,CHI,..
2007,YR2007,Chile,CHL,97.602715506187
2007,YR2007,China,CHN,85.8774230526273
2007,YR2007,Colombia,COL,94.014341189398
2007,YR2007,Comoros,COM,85.8569961968811
2007,YR2007,"Congo, Dem. Rep.",COD,37.1760567323265
2007,YR2007,"Congo, Rep.",COG,62.7068121458873
2007,YR2007,Costa Rica,CRI,97.1768756785301
2007,YR2007,Cote d'Ivoire,CIV,71.4332608666322
2007,YR2007,Croatia,HRV,98.6848785750542
2007,YR2007,Cuba,CUB,92.7000365634027
2007,YR2007,Curacao,CUW,99.1227319511911
2007,YR2007,Cyprus,CYP,99.8503882351774
2007,YR2007,Czechia,CZE,99.8394987580009
2007,YR2007,Denmark,DNK,100
2007,YR2007,Djibouti,DJI,75.5617207584813
2007,YR2007,Dominica,DMA,94.6871620276351
2007,YR2007,Dominican Republic,DOM,93.2516903933828
2007,YR2007,Ecuador,ECU,87.3793619728247
2007,YR2007,"Egypt, Arab Rep.",EGY,98.4565570321653
2007,YR2007,El Salvador,SLV,85.9168220429352
2007,YR2007,Equatorial Guinea,GNQ,57.1185695757547
2007,YR2007,Eritrea,ERI,49.24695322535
2007,YR2007,Estonia,EST,98.5120963651077
2007,YR2007,Eswatini,SWZ,59.2567740613856
2007,YR2007,Ethiopia,ETH,29.2977073978485
2007,YR2007,Faroe Islands,FRO,100
2007,YR2007,Fiji,FJI,94.9825509051552
2007,YR2007,Finland,FIN,100
2007,YR2007,France,FRA,100
2007,YR2007,French Polynesia,PYF,100
2007,YR2007,Gabon,GAB,82.7651412894162
2007,YR2007,"Gambia, The",GMB,76.6143432809498
2007,YR2007,Georgia,GEO,95.5791917774348
2007,YR2007,Germany,DEU,100
2007,YR2007,Ghana,GHA,72.4236848411952
2007,YR2007,Gibraltar,GIB,100
2007,YR2007,Greece,GRC,99.8537526174417
2007,YR2007,Greenland,GRL,100
2007,YR2007,Grenada,GRD,94.9338425963011
2007,YR2007,Guam,GUM,99.5722
2007,YR2007,Guatemala,GTM,89.1780157814673
2007,YR2007,Guinea,GIN,54.949564360494
2007,YR2007,Guinea-Bissau,GNB,58.1805414529441
2007,YR2007,Guyana,GUY,90.8352089032886
2007,YR2007,Haiti,HTI,60.7392582689179
2007,YR2007,Honduras,HND,89.0924617373964
2007,YR2007,"Hong Kong SAR, China",HKG,99.3306362960861
2007,YR2007,Hungary,HUN,99.9674348898972
2007,YR2007,Iceland,ISL,100
2007,YR2007,India,IND,84.2920134047185
2007,YR2007,Indonesia,IDN,81.881582956157
2007,YR2007,"Iran, Islamic Rep.",IRN,95.526094603038
2007,YR2007,Iraq,IRQ,87.0697457667656
2007,YR2007,Ireland,IRL,96.7535060932846
2007,YR2007,Isle of Man,IMN,..
2007,YR2007,Israel,ISR,99.9999998665515
2007,YR2007,Italy,ITA,99.7370468037462
2007,YR2007,Jamaica,JAM,92.3410645133306
2007,YR2007,Japan,JPN,98.6157654516372
2007,YR2007,Jordan,JOR,98.6953978269393
2007,YR2007,Kazakhstan,KAZ,92.6308557902812
2007,YR2007,Kenya,KEN,52.5681331555402
2007,YR2007,Kiribati,KIR,65.8907744488687
2007,YR2007,"Korea, Dem. People's Rep.",PRK,98.1201002491517
2007,YR2007,"Korea, Rep.",KOR,98.7830634842858
2007,YR2007,Kosovo,XKX,..
2007,YR2007,Kuwait,KWT,100
2007,YR2007,Kyrgyz Republic,KGZ,83.7383032730446
2007,YR2007,Lao PDR,LAO,61.8526870640613
2007,YR2007,Latvia,LVA,98.1108519087607
2007,YR2007,Lebanon,LBN,87.489194767478
2007,YR2007,Lesotho,LSO,68.2373154573875
2007,YR2007,Liberia,LBR,67.6595866966161
2007,YR2007,Libya,LBY,90.3218587863748
2007,YR2007,Liechtenstein,LIE,100
2007,YR2007,Lithuania,LTU,92.8634415448249
2007,YR2007,Luxembourg,LUX,99.999997621518
2007,YR2007,"Macao SAR, China",MAC,100
2007,YR2007,Madagascar,MDG,41.820986961241
2007,YR2007,Malawi,MWI,59.6695187660042
2007,YR2007,Malaysia,MYS,96.9776304446457
2007,YR2007,Maldives,MDV,96.3039886979955
2007,YR2007,Mali,MLI,60.9112596868155
2007,YR2007,Malta,MLT,100
2007,YR2007,Marshall Islands,MHL,88.4416462106947
2007,YR2007,Mauritania,MRT,52.0315948495456
2007,YR2007,Mauritius,MUS,99.5507166407848
2007,YR2007,Mexico,MEX,94.495124111029
2007,YR2007,"Micronesia, Fed. Sts.",FSM,90.6629296035608
2007,YR2007,Moldova,MDA,85.5261099407884
2007,YR2007,Monaco,MCO,100
2007,YR2007,Mongolia,MNG,71.6821145354004
2007,YR2007,Montenegro,MNE,95.4302206036587
2007,YR2007,Morocco,MAR,71.7467395262126
2007,YR2007,Mozambique,MOZ,33.3535146665371
2007,YR2007,Myanmar,MMR,58.3838996351405
2007,YR2007,Namibia,NAM,79.4353345856474
2007,YR2007,Nauru,NRU,97.5785229194998
2007,YR2007,Nepal,NPL,83.895823115831
2007,YR2007,Netherlands,NLD,100
2007,YR2007,New Caledonia,NCL,96.2717391641993
2007,YR2007,New Zealand,NZL,100
2007,YR2007,Nicaragua,NIC,80.8860732414651
2007,YR2007,Niger,NER,41.9711167865491
2007,YR2007,Nigeria,NGA,55.2089706747755
2007,YR2007,North Macedonia,MKD,97.0727320878475
2007,YR2007,Northern Mariana Islands,MNP,98.3073504320582
2007,YR2007,Norway,NOR,100
2007,YR2007,Oman,OMN,86.783197423425
2007,YR2007,Pakistan,PAK,88.3118874800695
2007,YR2007,Palau,PLW,99.4326747527669
2007,YR2007,Panama,PAN,91.4282616286243
2007,YR2007,Papua New Guinea,PNG,34.8021835185737
2007,YR2007,Paraguay,PRY,86.0493988819789
2007,YR2007,Peru,PER,85.4260756884851
2007,YR2007,Philippines,PHL,88.6931489201816
2007,YR2007,Poland,POL,99.1555854357126
2007,YR2007,Portugal,PRT,99.1678162409362
2007,YR2007,Puerto Rico,PRI,98.2456075575448
2007,YR2007,Qatar,QAT,99.9029247892536
2007,YR2007,Romania,ROU,100
2007,YR2007,Russian Federation,RUS,95.8185098820316
2007,YR2007,Rwanda,RWA,51.1127958841887
2007,YR2007,Samoa,WSM,87.8377590201019
2007,YR2007,San Marino,SMR,100
2007,YR2007,Sao Tome and Principe,STP,72.3663035997042
2007,YR2007,Saudi Arabia,SAU,..
2007,YR2007,Senegal,SEN,68.1456746962979
2007,YR2007,Serbia,SRB,90.3866857574049
2007,YR2007,Seychelles,SYC,94.7880724159645
2007,YR2007,Sierra Leone,SLE,48.1866496269663
2007,YR2007,Singapore,SGP,100
2007,YR2007,Sint Maarten (Dutch part),SXM,95.8776413404963
2007,YR2007,Slovak Republic,SVK,97.9604779628369
2007,YR2007,Slovenia,SVN,99.5
2007,YR2007,Solomon Islands,SLB,76.2134616420963
2007,YR2007,Somalia,SOM,33.8259720748513
2007,YR2007,South Africa,ZAF,88.1859084292649
2007,YR2007,South Sudan,SSD,..
2007,YR2007,Spain,ESP,99.9999961840366
2007,YR2007,Sri Lanka,LKA,84.8657653303278
2007,YR2007,St. Kitts and Nevis,KNA,98.5371033374823
2007,YR2007,St. Lucia,LCA,92.1554953451463
2007,YR2007,St. Martin (French part),MAF,100
2007,YR2007,St. Vincent and the Grenadines,VCT,96.5601521121774
2007,YR2007,Sudan,SDN,48.048310173272
2007,YR2007,Suriname,SUR,92.2251661601544
2007,YR2007,Sweden,SWE,99.5691927538968
2007,YR2007,Switzerland,CHE,99.9999990806574
2007,YR2007,Syrian Arab Republic,SYR,92.5641417239425
2007,YR2007,Tajikistan,TJK,65.5172990344674
2007,YR2007,Tanzania,TZA,38.9776269528138
2007,YR2007,Thailand,THA,96.5944035971806
2007,YR2007,Timor-Leste,TLS,58.1856568082
2007,YR2007,Togo,TGO,54.0670389522031
2007,YR2007,Tonga,TON,98.2542019632701
2007,YR2007,Trinidad and Tobago,TTO,94.7087466129125
2007,YR2007,Tunisia,TUN,91.142827817116
2007,YR2007,Turkiye,TUR,94.8594257171087
2007,YR2007,Turkmenistan,TKM,91.9701902233328
2007,YR2007,Turks and Caicos Islands,TCA,..
2007,YR2007,Tuvalu,TUV,98.9652450707423
2007,YR2007,Uganda,UGA,35.8500319866444
2007,YR2007,Ukraine,UKR,96.3519760050282
2007,YR2007,United Arab Emirates,ARE,99.7430408853506
2007,YR2007,United Kingdom,GBR,99.9999996429194
2007,YR2007,United States,USA,98.9106115579518
2007,YR2007,Uruguay,URY,97.8550725077812
2007,YR2007,Uzbekistan,UZB,90.6561790390874
2007,YR2007,Vanuatu,VUT,84.9148534741011
2007,YR2007,"Venezuela, RB",VEN,95.9880338887916
2007,YR2007,Viet Nam,VNM,86.4447942475813
2007,YR2007,Virgin Islands (U.S.),VIR,98.7183163165182
2007,YR2007,West Bank and Gaza,PSE,93.4564127476274
2007,YR2007,"Yemen, Rep.",YEM,47.2091220459149
2007,YR2007,Zambia,ZMB,54.5819273253882
2007,YR2007,Zimbabwe,ZWE,69.1145466320901
2008,YR2008,Africa Eastern and Southern,AFE,47.8598501215049
2008,YR2008,Africa Western and Central,AFW,59.0367374924471
2008,YR2008,Arab World,ARB,81.8335388902409
2008,YR2008,Caribbean small states,CSS,94.0196430554546
2008,YR2008,Central Europe and the Baltics,CEB,99.2351895653853
2008,YR2008,Early-demographic dividend,EAR,84.7408319935232
2008,YR2008,East Asia & Pacific,EAS,87.269457133744
2008,YR2008,East Asia & Pacific (excluding high income),EAP,85.9735035659223
2008,YR2008,East Asia & Pacific (IDA & IBRD countries),TEA,85.8233432326382
2008,YR2008,Euro area,EMU,99.7658553273278
2008,YR2008,Europe & Central Asia,ECS,97.36451965943
2008,YR2008,Europe & Central Asia (excluding high income),ECA,92.8132564812819
2008,YR2008,Europe & Central Asia (IDA & IBRD countries),TEC,94.8503612899904
2008,YR2008,European Union,EUU,99.7243725053878
2008,YR2008,Fragile and conflict affected situations,FCS,56.9935492624223
2008,YR2008,Heavily indebted poor countries (HIPC),HPC,48.6327811726987
2008,YR2008,High income,HIC,98.8672903382758
2008,YR2008,IBRD only,IBD,..
2008,YR2008,IDA & IBRD total,IBT,82.5893289875731
2008,YR2008,IDA blend,IDB,..
2008,YR2008,IDA only,IDX,..
2008,YR2008,IDA total,IDA,..
2008,YR2008,Late-demographic dividend,LTE,89.537958670978
2008,YR2008,Latin America & Caribbean,LCN,93.7288398827513
2008,YR2008,Latin America & Caribbean (excluding high income),LAC,93.42620244731
2008,YR2008,Latin America & the Caribbean (IDA & IBRD countries),TLA,93.7086624298633
2008,YR2008,Least developed countries: UN classification,LDC,56.8413110991684
2008,YR2008,Low & middle income,LMY,81.9972511274922
2008,YR2008,Low income,LIC,47.5490569405125
2008,YR2008,Lower middle income,LMC,81.2189347018084
2008,YR2008,Middle East & North Africa,MEA,89.8201856021676
2008,YR2008,Middle East & North Africa (excluding high income),MNA,89.2335708125897
2008,YR2008,Middle East & North Africa (IDA & IBRD countries),TMN,89.1827671051721
2008,YR2008,Middle income,MIC,85.2784912752579
2008,YR2008,North America,NAC,98.9489712873125
2008,YR2008,Not classified,INX,..
2008,YR2008,OECD members,OED,98.5094184102207
2008,YR2008,Other small states,OSS,88.0482912871889
2008,YR2008,Pacific island small states,PSS,87.4457945670326
2008,YR2008,Post-demographic dividend,PST,99.1067444842834
2008,YR2008,Pre-demographic dividend,PRE,52.1476502430619
2008,YR2008,Small states,SST,88.9310466237095
2008,YR2008,South Asia,SAS,85.6698249412827
2008,YR2008,South Asia (IDA & IBRD),TSA,85.6698249412827
2008,YR2008,Sub-Saharan Africa,SSF,52.4305448360916
2008,YR2008,Sub-Saharan Africa (excluding high income),SSA,52.4260601860358
2008,YR2008,Sub-Saharan Africa (IDA & IBRD countries),TSS,52.4305448360916
2008,YR2008,Upper middle income,UMC,89.197730801417
2008,YR2008,World,WLD,85.2092304586673
2008,YR2008,Afghanistan,AFG,43.6326087182233
2008,YR2008,Albania,ALB,90.4761498369914
2008,YR2008,Algeria,DZA,91.8433087449211
2008,YR2008,American Samoa,ASM,96.9616840002742
2008,YR2008,Andorra,AND,100
2008,YR2008,Angola,AGO,48.7704037164953
2008,YR2008,Antigua and Barbuda,ATG,..
2008,YR2008,Argentina,ARG,98.0428781125276
2008,YR2008,Armenia,ARM,97.5564813624504
2008,YR2008,Aruba,ABW,96.7422843724932
2008,YR2008,Australia,AUS,99.8425551218213
2008,YR2008,Austria,AUT,99.9999983100254
2008,YR2008,Azerbaijan,AZE,83.4255074202882
2008,YR2008,"Bahamas, The",BHS,98.5876102169622
2008,YR2008,Bahrain,BHR,99.9431588486962
2008,YR2008,Bangladesh,BGD,96.2259786038382
2008,YR2008,Barbados,BRB,98.4044348102036
2008,YR2008,Belarus,BLR,98.3012596659617
2008,YR2008,Belgium,BEL,99.9999954798535
2008,YR2008,Belize,BLZ,92.6372470397192
2008,YR2008,Benin,BEN,63.988382437498
2008,YR2008,Bermuda,BMU,99.9334743130552
2008,YR2008,Bhutan,BTN,90.9798258203144
2008,YR2008,Bolivia,BOL,86.178447326585
2008,YR2008,Bosnia and Herzegovina,BIH,96.8107512963813
2008,YR2008,Botswana,BWA,80.3421420672701
2008,YR2008,Brazil,BRA,95.9645639704386
2008,YR2008,British Virgin Islands,VGB,98.3438356164385
2008,YR2008,Brunei Darussalam,BRN,99.9000239788747
2008,YR2008,Bulgaria,BGR,99.5008324211481
2008,YR2008,Burkina Faso,BFA,54.4522322239556
2008,YR2008,Burundi,BDI,55.3251988251528
2008,YR2008,Cabo Verde,CPV,82.1449641293727
2008,YR2008,Cambodia,KHM,63.4540973985695
2008,YR2008,Cameroon,CMR,61.9160862352195
2008,YR2008,Canada,CAN,99.2360771293293
2008,YR2008,Cayman Islands,CYM,96.0260736196319
2008,YR2008,Central African Republic,CAF,49.8014654368029
2008,YR2008,Chad,TCD,43.3598096505447
2008,YR2008,Channel Islands,CHI,..
2008,YR2008,Chile,CHL,97.8465856667141
2008,YR2008,China,CHN,86.8568300680798
2008,YR2008,Colombia,COL,94.2871908166194
2008,YR2008,Comoros,COM,85.0359214715664
2008,YR2008,"Congo, Dem. Rep.",COD,37.0920627877911
2008,YR2008,"Congo, Rep.",COG,63.7703887855653
2008,YR2008,Costa Rica,CRI,97.4934661058073
2008,YR2008,Cote d'Ivoire,CIV,71.5377104551999
2008,YR2008,Croatia,HRV,..
2008,YR2008,Cuba,CUB,92.827847997466
2008,YR2008,Curacao,CUW,99.1852352672455
2008,YR2008,Cyprus,CYP,99.8426288416274
2008,YR2008,Czechia,CZE,99.8451804477981
2008,YR2008,Denmark,DNK,100
2008,YR2008,Djibouti,DJI,75.5797689458878
2008,YR2008,Dominica,DMA,94.8094110335569
2008,YR2008,Dominican Republic,DOM,93.5748270114348
2008,YR2008,Ecuador,ECU,88.0969010489875
2008,YR2008,"Egypt, Arab Rep.",EGY,98.4859930462561
2008,YR2008,El Salvador,SLV,87.1619584784562
2008,YR2008,Equatorial Guinea,GNQ,58.183796416463
2008,YR2008,Eritrea,ERI,49.6487021973559
2008,YR2008,Estonia,EST,98.6807683659568
2008,YR2008,Eswatini,SWZ,60.2061843024601
2008,YR2008,Ethiopia,ETH,30.8752129693809
2008,YR2008,Faroe Islands,FRO,100
2008,YR2008,Fiji,FJI,95.0125414917812
2008,YR2008,Finland,FIN,99.9999983918014
2008,YR2008,France,FRA,100
2008,YR2008,French Polynesia,PYF,100
2008,YR2008,Gabon,GAB,83.0167243819715
2008,YR2008,"Gambia, The",GMB,77.2365923531236
2008,YR2008,Georgia,GEO,95.7312694490029
2008,YR2008,Germany,DEU,99.99999811463
2008,YR2008,Ghana,GHA,73.4859835460909
2008,YR2008,Gibraltar,GIB,100
2008,YR2008,Greece,GRC,99.8758574689139
2008,YR2008,Greenland,GRL,100
2008,YR2008,Grenada,GRD,95.1661575658695
2008,YR2008,Guam,GUM,99.5968
2008,YR2008,Guatemala,GTM,89.5469500271936
2008,YR2008,Guinea,GIN,55.649134013916
2008,YR2008,Guinea-Bissau,GNB,58.5311084260917
2008,YR2008,Guyana,GUY,91.1659359143918
2008,YR2008,Haiti,HTI,61.229985292414
2008,YR2008,Honduras,HND,89.5907538982251
2008,YR2008,"Hong Kong SAR, China",HKG,99.414404731821
2008,YR2008,Hungary,HUN,99.9679574559251
2008,YR2008,Iceland,ISL,99.9999976466939
2008,YR2008,India,IND,84.9149974493222
2008,YR2008,Indonesia,IDN,82.7767301263991
2008,YR2008,"Iran, Islamic Rep.",IRN,95.6978473811595
2008,YR2008,Iraq,IRQ,87.9576713274841
2008,YR2008,Ireland,IRL,96.6871439295448
2008,YR2008,Isle of Man,IMN,..
2008,YR2008,Israel,ISR,100
2008,YR2008,Italy,ITA,99.7627592709386
2008,YR2008,Jamaica,JAM,91.9748077749442
2008,YR2008,Japan,JPN,98.6529780745494
2008,YR2008,Jordan,JOR,98.7308128523099
2008,YR2008,Kazakhstan,KAZ,92.9742349552247
2008,YR2008,Kenya,KEN,53.275470069156
2008,YR2008,Kiribati,KIR,66.7466716821765
2008,YR2008,"Korea, Dem. People's Rep.",PRK,97.7487527395899
2008,YR2008,"Korea, Rep.",KOR,98.8649580670242
2008,YR2008,Kosovo,XKX,..
2008,YR2008,Kuwait,KWT,100
2008,YR2008,Kyrgyz Republic,KGZ,84.2726580694836
2008,YR2008,Lao PDR,LAO,63.875981553694
2008,YR2008,Latvia,LVA,98.1617324380163
2008,YR2008,Lebanon,LBN,87.9296559601411
2008,YR2008,Lesotho,LSO,68.6157485170912
2008,YR2008,Liberia,LBR,68.242565407297
2008,YR2008,Libya,LBY,91.1918283329574
2008,YR2008,Liechtenstein,LIE,100
2008,YR2008,Lithuania,LTU,93.3364474617288
2008,YR2008,Luxembourg,LUX,100
2008,YR2008,"Macao SAR, China",MAC,100
2008,YR2008,Madagascar,MDG,42.6055743876338
2008,YR2008,Malawi,MWI,60.488516312097
2008,YR2008,Malaysia,MYS,96.989737695616
2008,YR2008,Maldives,MDV,96.6283878161288
2008,YR2008,Mali,MLI,62.4862618814137
2008,YR2008,Malta,MLT,99.9999965451882
2008,YR2008,Marshall Islands,MHL,88.3230760122172
2008,YR2008,Mauritania,MRT,53.6800163896712
2008,YR2008,Mauritius,MUS,99.5845366579485
2008,YR2008,Mexico,MEX,95.0155943324326
2008,YR2008,"Micronesia, Fed. Sts.",FSM,90.6019697707044
2008,YR2008,Moldova,MDA,85.9526894490116
2008,YR2008,Monaco,MCO,100
2008,YR2008,Mongolia,MNG,72.8790843201777
2008,YR2008,Montenegro,MNE,95.674688556437
2008,YR2008,Morocco,MAR,72.8173346439623
2008,YR2008,Mozambique,MOZ,35.2069187179296
2008,YR2008,Myanmar,MMR,59.9857724295587
2008,YR2008,Namibia,NAM,79.9267237226483
2008,YR2008,Nauru,NRU,97.5066270854755
2008,YR2008,Nepal,NPL,84.4678253980994
2008,YR2008,Netherlands,NLD,100
2008,YR2008,New Caledonia,NCL,96.5050915801972
2008,YR2008,New Zealand,NZL,99.9999974555785
2008,YR2008,Nicaragua,NIC,80.9386665632115
2008,YR2008,Niger,NER,42.5210848692935
2008,YR2008,Nigeria,NGA,56.8158520956791
2008,YR2008,North Macedonia,MKD,97.1281380530316
2008,YR2008,Northern Mariana Islands,MNP,98.5164545516114
2008,YR2008,Norway,NOR,99.9999985460061
2008,YR2008,Oman,OMN,87.1393577072111
2008,YR2008,Pakistan,PAK,88.4779312858562
2008,YR2008,Palau,PLW,99.4455464755296
2008,YR2008,Panama,PAN,91.6224163894361
2008,YR2008,Papua New Guinea,PNG,35.8341434516428
2008,YR2008,Paraguay,PRY,87.34940587523
2008,YR2008,Peru,PER,86.0983257164264
2008,YR2008,Philippines,PHL,89.086781337771
2008,YR2008,Poland,POL,99.1537397635124
2008,YR2008,Portugal,PRT,99.1647371583627
2008,YR2008,Puerto Rico,PRI,98.3930878324808
2008,YR2008,Qatar,QAT,99.9029247892536
2008,YR2008,Romania,ROU,99.9999990896957
2008,YR2008,Russian Federation,RUS,95.8977415974711
2008,YR2008,Rwanda,RWA,52.0050439552417
2008,YR2008,Samoa,WSM,88.0837000553997
2008,YR2008,San Marino,SMR,100
2008,YR2008,Sao Tome and Principe,STP,72.8532368503242
2008,YR2008,Saudi Arabia,SAU,..
2008,YR2008,Senegal,SEN,69.3772031298627
2008,YR2008,Serbia,SRB,90.7558390153973
2008,YR2008,Seychelles,SYC,94.9135163500431
2008,YR2008,Sierra Leone,SLE,49.3425067306744
2008,YR2008,Singapore,SGP,100
2008,YR2008,Sint Maarten (Dutch part),SXM,95.7832310053722
2008,YR2008,Slovak Republic,SVK,97.9573308005949
2008,YR2008,Slovenia,SVN,99.5
2008,YR2008,Solomon Islands,SLB,75.2920502593737
2008,YR2008,Somalia,SOM,35.9803347703058
2008,YR2008,South Africa,ZAF,88.669259438011
2008,YR2008,South Sudan,SSD,..
2008,YR2008,Spain,ESP,99.9999980624493
2008,YR2008,Sri Lanka,LKA,85.154847451454
2008,YR2008,St. Kitts and Nevis,KNA,98.549561803303
2008,YR2008,St. Lucia,LCA,92.5513289447544
2008,YR2008,St. Martin (French part),MAF,100
2008,YR2008,St. Vincent and the Grenadines,VCT,96.7216000762121
2008,YR2008,Sudan,SDN,49.1619183582309
2008,YR2008,Suriname,SUR,92.660982249745
2008,YR2008,Sweden,SWE,99.5821455649092
2008,YR2008,Switzerland,CHE,99.9999979288144
2008,YR2008,Syrian Arab Republic,SYR,92.6953227237477
2008,YR2008,Tajikistan,TJK,66.8293498168938
2008,YR2008,Tanzania,TZA,40.4743184257976
2008,YR2008,Thailand,THA,96.9185190006908
2008,YR2008,Timor-Leste,TLS,59.6890388459168
2008,YR2008,Togo,TGO,55.2615475629644
2008,YR2008,Tonga,TON,98.2915099295157
2008,YR2008,Trinidad and Tobago,TTO,95.0657480301233
2008,YR2008,Tunisia,TUN,91.4092013006482
2008,YR2008,Turkiye,TUR,95.047268531333
2008,YR2008,Turkmenistan,TKM,92.6987021124024
2008,YR2008,Turks and Caicos Islands,TCA,..
2008,YR2008,Tuvalu,TUV,98.9857760903059
2008,YR2008,Uganda,UGA,37.2895087674594
2008,YR2008,Ukraine,UKR,95.8759133368346
2008,YR2008,United Arab Emirates,ARE,99.7654102578395
2008,YR2008,United Kingdom,GBR,100
2008,YR2008,United States,USA,98.9173700191931
2008,YR2008,Uruguay,URY,98.0418784087256
2008,YR2008,Uzbekistan,UZB,91.1153821920341
2008,YR2008,Vanuatu,VUT,85.371886109248
2008,YR2008,"Venezuela, RB",VEN,95.8109390288342
2008,YR2008,Viet Nam,VNM,87.2523212418097
2008,YR2008,Virgin Islands (U.S.),VIR,98.7183108786682
2008,YR2008,West Bank and Gaza,PSE,93.8543238491024
2008,YR2008,"Yemen, Rep.",YEM,48.3289910905544
2008,YR2008,Zambia,ZMB,55.650321935379
2008,YR2008,Zimbabwe,ZWE,68.5899709728087
2009,YR2009,Africa Eastern and Southern,AFE,48.7205147630537
2009,YR2009,Africa Western and Central,AFW,60.1019357611011
2009,YR2009,Arab World,ARB,82.3996684310146
2009,YR2009,Caribbean small states,CSS,94.4469195050277
2009,YR2009,Central Europe and the Baltics,CEB,99.267359380117
2009,YR2009,Early-demographic dividend,EAR,85.2734585976578
2009,YR2009,East Asia & Pacific,EAS,88.0536260725942
2009,YR2009,East Asia & Pacific (excluding high income),EAP,86.8434024428373
2009,YR2009,East Asia & Pacific (IDA & IBRD countries),TEA,86.7094123738995
2009,YR2009,Euro area,EMU,99.7811137294026
2009,YR2009,Europe & Central Asia,ECS,97.4205217599652
2009,YR2009,Europe & Central Asia (excluding high income),ECA,92.9787019263824
2009,YR2009,Europe & Central Asia (IDA & IBRD countries),TEC,94.9505811292633
2009,YR2009,European Union,EUU,99.7357286188166
2009,YR2009,Fragile and conflict affected situations,FCS,57.8410700588158
2009,YR2009,Heavily indebted poor countries (HIPC),HPC,49.5985022101034
2009,YR2009,High income,HIC,98.8978889181497
2009,YR2009,IBRD only,IBD,..
2009,YR2009,IDA & IBRD total,IBT,83.1631192397543
2009,YR2009,IDA blend,IDB,..
2009,YR2009,IDA only,IDX,..
2009,YR2009,IDA total,IDA,..
2009,YR2009,Late-demographic dividend,LTE,90.233711160053
2009,YR2009,Latin America & Caribbean,LCN,94.0497239752348
2009,YR2009,Latin America & Caribbean (excluding high income),LAC,93.7800229135387
2009,YR2009,Latin America & the Caribbean (IDA & IBRD countries),TLA,94.0352737624475
2009,YR2009,Least developed countries: UN classification,LDC,57.5826301173866
2009,YR2009,Low & middle income,LMY,82.5982410755356
2009,YR2009,Low income,LIC,48.4045558595123
2009,YR2009,Lower middle income,LMC,81.8130352348808
2009,YR2009,Middle East & North Africa,MEA,90.1762160479171
2009,YR2009,Middle East & North Africa (excluding high income),MNA,89.57675513212
2009,YR2009,Middle East & North Africa (IDA & IBRD countries),TMN,89.5249626332
2009,YR2009,Middle income,MIC,85.9077685288622
2009,YR2009,North America,NAC,98.9551262049006
2009,YR2009,Not classified,INX,..
2009,YR2009,OECD members,OED,98.5757234300098
2009,YR2009,Other small states,OSS,88.4082303868347
2009,YR2009,Pacific island small states,PSS,87.2769111148832
2009,YR2009,Post-demographic dividend,PST,99.1035264034563
2009,YR2009,Pre-demographic dividend,PRE,53.2095596957597
2009,YR2009,Small states,SST,89.2513409924864
2009,YR2009,South Asia,SAS,86.2066766104526
2009,YR2009,South Asia (IDA & IBRD),TSA,86.2066766104526
2009,YR2009,Sub-Saharan Africa,SSF,53.3781067034246
2009,YR2009,Sub-Saharan Africa (excluding high income),SSA,53.3738106466913
2009,YR2009,Sub-Saharan Africa (IDA & IBRD countries),TSS,53.3781067034246
2009,YR2009,Upper middle income,UMC,89.8940467894259
2009,YR2009,World,WLD,85.6818036877082
2009,YR2009,Afghanistan,AFG,46.2137626459091
2009,YR2009,Albania,ALB,90.9344096153208
2009,YR2009,Algeria,DZA,92.0720349659473
2009,YR2009,American Samoa,ASM,97.2153582015383
2009,YR2009,Andorra,AND,100
2009,YR2009,Angola,AGO,49.5751644888688
2009,YR2009,Antigua and Barbuda,ATG,98.3665557888391
2009,YR2009,Argentina,ARG,98.2407291145394
2009,YR2009,Armenia,ARM,97.8466429888613
2009,YR2009,Aruba,ABW,97.0239691246164
2009,YR2009,Australia,AUS,99.8636747098466
2009,YR2009,Austria,AUT,100
2009,YR2009,Azerbaijan,AZE,84.7112487261523
2009,YR2009,"Bahamas, The",BHS,98.6303745427305
2009,YR2009,Bahrain,BHR,99.9412205297201
2009,YR2009,Bangladesh,BGD,96.3912331775333
2009,YR2009,Barbados,BRB,98.4144362291505
2009,YR2009,Belarus,BLR,98.29934188077
2009,YR2009,Belgium,BEL,99.9999987545871
2009,YR2009,Belize,BLZ,93.2882824715469
2009,YR2009,Benin,BEN,64.2565643451351
2009,YR2009,Bermuda,BMU,99.9258907390573
2009,YR2009,Bhutan,BTN,91.9575530816724
2009,YR2009,Bolivia,BOL,86.8124762197611
2009,YR2009,Bosnia and Herzegovina,BIH,96.7414484446734
2009,YR2009,Botswana,BWA,81.735162201203
2009,YR2009,Brazil,BRA,96.2447988312122
2009,YR2009,British Virgin Islands,VGB,98.7239726027399
2009,YR2009,Brunei Darussalam,BRN,99.9000259211704
2009,YR2009,Bulgaria,BGR,99.4649918256127
2009,YR2009,Burkina Faso,BFA,53.9354603738644
2009,YR2009,Burundi,BDI,55.9221740462688
2009,YR2009,Cabo Verde,CPV,82.6041896679173
2009,YR2009,Cambodia,KHM,64.676667603416
2009,YR2009,Cameroon,CMR,62.5457290378151
2009,YR2009,Canada,CAN,99.2363564521171
2009,YR2009,Cayman Islands,CYM,95.9883435582822
2009,YR2009,Central African Republic,CAF,48.7012770247174
2009,YR2009,Chad,TCD,43.9629138276265
2009,YR2009,Channel Islands,CHI,..
2009,YR2009,Chile,CHL,98.0886728560827
2009,YR2009,China,CHN,87.8020666993308
2009,YR2009,Colombia,COL,94.555130092227
2009,YR2009,Comoros,COM,84.2187523114491
2009,YR2009,"Congo, Dem. Rep.",COD,37.0015774870099
2009,YR2009,"Congo, Rep.",COG,64.8327577829855
2009,YR2009,Costa Rica,CRI,97.7930308434146
2009,YR2009,Cote d'Ivoire,CIV,71.6390606663563
2009,YR2009,Croatia,HRV,..
2009,YR2009,Cuba,CUB,92.954565201603
2009,YR2009,Curacao,CUW,99.2477385833
2009,YR2009,Cyprus,CYP,99.8348860329783
2009,YR2009,Czechia,CZE,99.8508809210618
2009,YR2009,Denmark,DNK,99.9999960594349
2009,YR2009,Djibouti,DJI,75.5979440556317
2009,YR2009,Dominica,DMA,94.9316600394787
2009,YR2009,Dominican Republic,DOM,93.8825382524856
2009,YR2009,Ecuador,ECU,88.8138907242714
2009,YR2009,"Egypt, Arab Rep.",EGY,98.5154718531203
2009,YR2009,El Salvador,SLV,88.3843344376465
2009,YR2009,Equatorial Guinea,GNQ,59.291794552573
2009,YR2009,Eritrea,ERI,49.810322427133
2009,YR2009,Estonia,EST,98.8505580234212
2009,YR2009,Eswatini,SWZ,61.1476109828719
2009,YR2009,Ethiopia,ETH,32.4383798883198
2009,YR2009,Faroe Islands,FRO,100
2009,YR2009,Fiji,FJI,95.04453638774
2009,YR2009,Finland,FIN,100
2009,YR2009,France,FRA,100
2009,YR2009,French Polynesia,PYF,100
2009,YR2009,Gabon,GAB,83.2481423052609
2009,YR2009,"Gambia, The",GMB,77.8561721373253
2009,YR2009,Georgia,GEO,95.5965406981454
2009,YR2009,Germany,DEU,100
2009,YR2009,Ghana,GHA,74.549083165466
2009,YR2009,Gibraltar,GIB,100
2009,YR2009,Greece,GRC,99.8974649560399
2009,YR2009,Greenland,GRL,100
2009,YR2009,Grenada,GRD,95.398472535438
2009,YR2009,Guam,GUM,99.6214
2009,YR2009,Guatemala,GTM,89.9127474635353
2009,YR2009,Guinea,GIN,56.3474311162569
2009,YR2009,Guinea-Bissau,GNB,58.8658390354651
2009,YR2009,Guyana,GUY,91.4983614430953
2009,YR2009,Haiti,HTI,61.7165764517531
2009,YR2009,Honduras,HND,90.0818000636686
2009,YR2009,"Hong Kong SAR, China",HKG,99.4981731675558
2009,YR2009,Hungary,HUN,99.9684745322134
2009,YR2009,Iceland,ISL,100
2009,YR2009,India,IND,85.5345912190397
2009,YR2009,Indonesia,IDN,83.6614405618851
2009,YR2009,"Iran, Islamic Rep.",IRN,95.8655062345209
2009,YR2009,Iraq,IRQ,88.845049727632
2009,YR2009,Ireland,IRL,96.6205071988004
2009,YR2009,Isle of Man,IMN,98.6560556451613
2009,YR2009,Israel,ISR,100
2009,YR2009,Italy,ITA,99.788471738131
2009,YR2009,Jamaica,JAM,91.6071917949336
2009,YR2009,Japan,JPN,98.6901906974615
2009,YR2009,Jordan,JOR,98.7640608180852
2009,YR2009,Kazakhstan,KAZ,93.3167062650438
2009,YR2009,Kenya,KEN,53.9783235891312
2009,YR2009,Kiribati,KIR,67.5288680794794
2009,YR2009,"Korea, Dem. People's Rep.",PRK,97.3801754237773
2009,YR2009,"Korea, Rep.",KOR,98.9468526497625
2009,YR2009,Kosovo,XKX,..
2009,YR2009,Kuwait,KWT,100
2009,YR2009,Kyrgyz Republic,KGZ,84.8049318232824
2009,YR2009,Lao PDR,LAO,65.8782387333446
2009,YR2009,Latvia,LVA,98.2136201520075
2009,YR2009,Lebanon,LBN,88.3701171528043
2009,YR2009,Lesotho,LSO,68.9992422389788
2009,YR2009,Liberia,LBR,68.8182820225148
2009,YR2009,Libya,LBY,92.0617978795399
2009,YR2009,Liechtenstein,LIE,100
2009,YR2009,Lithuania,LTU,93.7976524323637
2009,YR2009,Luxembourg,LUX,100
2009,YR2009,"Macao SAR, China",MAC,100
2009,YR2009,Madagascar,MDG,43.3892235845163
2009,YR2009,Malawi,MWI,61.3079411675592
2009,YR2009,Malaysia,MYS,97.0030775011132
2009,YR2009,Maldives,MDV,96.949784334191
2009,YR2009,Mali,MLI,64.0556624247158
2009,YR2009,Malta,MLT,99.999999540951
2009,YR2009,Marshall Islands,MHL,88.1583557847715
2009,YR2009,Mauritania,MRT,55.3417749959603
2009,YR2009,Mauritius,MUS,99.6184440971442
2009,YR2009,Mexico,MEX,95.4075017015433
2009,YR2009,"Micronesia, Fed. Sts.",FSM,90.541009937848
2009,YR2009,Moldova,MDA,86.3797812076695
2009,YR2009,Monaco,MCO,100
2009,YR2009,Mongolia,MNG,74.0447903548772
2009,YR2009,Montenegro,MNE,95.9192963290748
2009,YR2009,Morocco,MAR,73.8787116175245
2009,YR2009,Mozambique,MOZ,37.1024439275655
2009,YR2009,Myanmar,MMR,61.6069476357524
2009,YR2009,Namibia,NAM,80.4094271857812
2009,YR2009,Nauru,NRU,97.4347312514511
2009,YR2009,Nepal,NPL,85.0329499671884
2009,YR2009,Netherlands,NLD,99.9999985708445
2009,YR2009,New Caledonia,NCL,96.7384439961951
2009,YR2009,New Zealand,NZL,100
2009,YR2009,Nicaragua,NIC,80.9928505979787
2009,YR2009,Niger,NER,43.0508252721647
2009,YR2009,Nigeria,NGA,58.4287046846298
2009,YR2009,North Macedonia,MKD,97.1828877852087
2009,YR2009,Northern Mariana Islands,MNP,98.7255586711646
2009,YR2009,Norway,NOR,100
2009,YR2009,Oman,OMN,87.4916173094102
2009,YR2009,Pakistan,PAK,88.642191883269
2009,YR2009,Palau,PLW,99.4578364255929
2009,YR2009,Panama,PAN,91.8134554082341
2009,YR2009,Papua New Guinea,PNG,36.8591179358119
2009,YR2009,Paraguay,PRY,88.6341505522764
2009,YR2009,Peru,PER,86.7473234759731
2009,YR2009,Philippines,PHL,89.4811999864762
2009,YR2009,Poland,POL,99.1519018066916
2009,YR2009,Portugal,PRT,99.1630556133463
2009,YR2009,Puerto Rico,PRI,98.5405681074169
2009,YR2009,Qatar,QAT,99.9090710287163
2009,YR2009,Romania,ROU,100
2009,YR2009,Russian Federation,RUS,95.9766636604907
2009,YR2009,Rwanda,RWA,52.9050782928433
2009,YR2009,Samoa,WSM,88.3282366495514
2009,YR2009,San Marino,SMR,100
2009,YR2009,Sao Tome and Principe,STP,73.3312416723324
2009,YR2009,Saudi Arabia,SAU,..
2009,YR2009,Senegal,SEN,70.6051497639055
2009,YR2009,Serbia,SRB,91.1263009793936
2009,YR2009,Seychelles,SYC,95.0389602841217
2009,YR2009,Sierra Leone,SLE,50.4962996620825
2009,YR2009,Singapore,SGP,100
2009,YR2009,Sint Maarten (Dutch part),SXM,95.6888206702482
2009,YR2009,Slovak Republic,SVK,98.251652131533
2009,YR2009,Slovenia,SVN,99.5
2009,YR2009,Solomon Islands,SLB,74.3884974390929
2009,YR2009,Somalia,SOM,38.1285200472098
2009,YR2009,South Africa,ZAF,89.1428576544517
2009,YR2009,South Sudan,SSD,..
2009,YR2009,Spain,ESP,99.9999967818434
2009,YR2009,Sri Lanka,LKA,85.443942941037
2009,YR2009,St. Kitts and Nevis,KNA,98.5620202691237
2009,YR2009,St. Lucia,LCA,92.9546229759508
2009,YR2009,St. Martin (French part),MAF,100
2009,YR2009,St. Vincent and the Grenadines,VCT,96.8837376976727
2009,YR2009,Sudan,SDN,50.2797012285527
2009,YR2009,Suriname,SUR,93.09808507795
2009,YR2009,Sweden,SWE,99.5949288035444
2009,YR2009,Switzerland,CHE,99.999997222233
2009,YR2009,Syrian Arab Republic,SYR,92.8246944540243
2009,YR2009,Tajikistan,TJK,68.1475750482174
2009,YR2009,Tanzania,TZA,41.9675360167038
2009,YR2009,Thailand,THA,97.234862535135
2009,YR2009,Timor-Leste,TLS,61.7033230641504
2009,YR2009,Togo,TGO,56.4447735745853
2009,YR2009,Tonga,TON,98.3288823239866
2009,YR2009,Trinidad and Tobago,TTO,95.4225533128488
2009,YR2009,Tunisia,TUN,91.6719562756835
2009,YR2009,Turkiye,TUR,95.2311831609833
2009,YR2009,Turkmenistan,TKM,93.4235913690594
2009,YR2009,Turks and Caicos Islands,TCA,..
2009,YR2009,Tuvalu,TUV,99.0060686415272
2009,YR2009,Uganda,UGA,38.7494337829867
2009,YR2009,Ukraine,UKR,95.3968359032478
2009,YR2009,United Arab Emirates,ARE,99.7879943478235
2009,YR2009,United Kingdom,GBR,100
2009,YR2009,United States,USA,98.9240884167761
2009,YR2009,Uruguay,URY,98.2209436100955
2009,YR2009,Uzbekistan,UZB,91.5696679238514
2009,YR2009,Vanuatu,VUT,85.8276321256691
2009,YR2009,"Venezuela, RB",VEN,95.6338441688768
2009,YR2009,Viet Nam,VNM,88.0518068099142
2009,YR2009,Virgin Islands (U.S.),VIR,98.7183054408183
2009,YR2009,West Bank and Gaza,PSE,94.2516564655526
2009,YR2009,"Yemen, Rep.",YEM,49.435324305558
2009,YR2009,Zambia,ZMB,56.7084402370724
2009,YR2009,Zimbabwe,ZWE,68.0654816645202
2010,YR2010,Africa Eastern and Southern,AFE,49.5788030404396
2010,YR2010,Africa Western and Central,AFW,61.1679959627661
2010,YR2010,Arab World,ARB,82.9482565394815
2010,YR2010,Caribbean small states,CSS,94.748087724749
2010,YR2010,Central Europe and the Baltics,CEB,99.0304453320346
2010,YR2010,Early-demographic dividend,EAR,85.803301194907
2010,YR2010,East Asia & Pacific,EAS,88.813687940502
2010,YR2010,East Asia & Pacific (excluding high income),EAP,87.6864332683738
2010,YR2010,East Asia & Pacific (IDA & IBRD countries),TEA,87.5681765510884
2010,YR2010,Euro area,EMU,99.7980537105258
2010,YR2010,Europe & Central Asia,ECS,97.4439137295636
2010,YR2010,Europe & Central Asia (excluding high income),ECA,93.1457507193418
2010,YR2010,Europe & Central Asia (IDA & IBRD countries),TEC,94.9869553569264
2010,YR2010,European Union,EUU,99.6856714144822
2010,YR2010,Fragile and conflict affected situations,FCS,58.7026723741832
2010,YR2010,Heavily indebted poor countries (HIPC),HPC,50.5605207966984
2010,YR2010,High income,HIC,98.9245295371092
2010,YR2010,IBRD only,IBD,..
2010,YR2010,IDA & IBRD total,IBT,83.7242940558274
2010,YR2010,IDA blend,IDB,..
2010,YR2010,IDA only,IDX,..
2010,YR2010,IDA total,IDA,..
2010,YR2010,Late-demographic dividend,LTE,90.8909066338544
2010,YR2010,Latin America & Caribbean,LCN,94.3651520110172
2010,YR2010,Latin America & Caribbean (excluding high income),LAC,94.1286507141287
2010,YR2010,Latin America & the Caribbean (IDA & IBRD countries),TLA,94.3561540969233
2010,YR2010,Least developed countries: UN classification,LDC,58.3465061356192
2010,YR2010,Low & middle income,LMY,83.190912989536
2010,YR2010,Low income,LIC,49.2747850231637
2010,YR2010,Lower middle income,LMC,82.4088288961862
2010,YR2010,Middle East & North Africa,MEA,90.5151063672717
2010,YR2010,Middle East & North Africa (excluding high income),MNA,89.9242801352587
2010,YR2010,Middle East & North Africa (IDA & IBRD countries),TMN,89.8716001596696
2010,YR2010,Middle income,MIC,86.5253507011485
2010,YR2010,North America,NAC,99.0331690848996
2010,YR2010,Not classified,INX,..
2010,YR2010,OECD members,OED,98.6388700417711
2010,YR2010,Other small states,OSS,88.7326544254049
2010,YR2010,Pacific island small states,PSS,87.0945732218558
2010,YR2010,Post-demographic dividend,PST,99.1233841407234
2010,YR2010,Pre-demographic dividend,PRE,54.2674434466177
2010,YR2010,Small states,SST,89.5008322740821
2010,YR2010,South Asia,SAS,86.7485195575538
2010,YR2010,South Asia (IDA & IBRD),TSA,86.7485195575538
2010,YR2010,Sub-Saharan Africa,SSF,54.3250939912202
2010,YR2010,Sub-Saharan Africa (excluding high income),SSA,54.3208799987975
2010,YR2010,Sub-Saharan Africa (IDA & IBRD countries),TSS,54.3250939912202
2010,YR2010,Upper middle income,UMC,90.5685344879637
2010,YR2010,World,WLD,86.14569272591
2010,YR2010,Afghanistan,AFG,48.8269685242371
2010,YR2010,Albania,ALB,91.3794796111017
2010,YR2010,Algeria,DZA,92.2959734615905
2010,YR2010,American Samoa,ASM,97.4690324028023
2010,YR2010,Andorra,AND,99.9999980744897
2010,YR2010,Angola,AGO,50.3768404281237
2010,YR2010,Antigua and Barbuda,ATG,98.3661765475755
2010,YR2010,Argentina,ARG,98.4340478989156
2010,YR2010,Armenia,ARM,98.138914628293
2010,YR2010,Aruba,ABW,97.3056538767395
2010,YR2010,Australia,AUS,99.8831444931569
2010,YR2010,Austria,AUT,100
2010,YR2010,Azerbaijan,AZE,86.0078827586649
2010,YR2010,"Bahamas, The",BHS,98.6731388684989
2010,YR2010,Bahrain,BHR,99.939282210744
2010,YR2010,Bangladesh,BGD,96.5528253694261
2010,YR2010,Barbados,BRB,98.4244376480974
2010,YR2010,Belarus,BLR,98.2992552665083
2010,YR2010,Belgium,BEL,99.9999993558678
2010,YR2010,Belize,BLZ,93.9374803437478
2010,YR2010,Benin,BEN,64.5198486890521
2010,YR2010,Bermuda,BMU,99.9183071650594
2010,YR2010,Bhutan,BTN,92.9198297625289
2010,YR2010,Bolivia,BOL,87.4379445833791
2010,YR2010,Bosnia and Herzegovina,BIH,96.6694951663687
2010,YR2010,Botswana,BWA,83.0797687746127
2010,YR2010,Brazil,BRA,96.5187999853069
2010,YR2010,British Virgin Islands,VGB,99.1041095890412
2010,YR2010,Brunei Darussalam,BRN,99.9000278633906
2010,YR2010,Bulgaria,BGR,99.4298308695305
2010,YR2010,Burkina Faso,BFA,53.4217027865086
2010,YR2010,Burundi,BDI,56.5231180583941
2010,YR2010,Cabo Verde,CPV,83.0628768653601
2010,YR2010,Cambodia,KHM,65.8701567479709
2010,YR2010,Cameroon,CMR,63.1600528512177
2010,YR2010,Canada,CAN,99.2363491901291
2010,YR2010,Cayman Islands,CYM,95.9506134969325
2010,YR2010,Central African Republic,CAF,47.6121816825573
2010,YR2010,Chad,TCD,44.5760294474077
2010,YR2010,Channel Islands,CHI,..
2010,YR2010,Chile,CHL,98.3290115514448
2010,YR2010,China,CHN,88.7139650125555
2010,YR2010,Colombia,COL,94.8180493749797
2010,YR2010,Comoros,COM,83.405978062016
2010,YR2010,"Congo, Dem. Rep.",COD,36.9035407166746
2010,YR2010,"Congo, Rep.",COG,65.8939089725679
2010,YR2010,Costa Rica,CRI,98.0541345560176
2010,YR2010,Cote d'Ivoire,CIV,71.7379636235924
2010,YR2010,Croatia,HRV,..
2010,YR2010,Cuba,CUB,93.080334807091
2010,YR2010,Curacao,CUW,99.3102418993544
2010,YR2010,Cyprus,CYP,99.8271484477565
2010,YR2010,Czechia,CZE,99.8565979650639
2010,YR2010,Denmark,DNK,99.9999977832783
2010,YR2010,Djibouti,DJI,75.6198067136345
2010,YR2010,Dominica,DMA,95.0539090454005
2010,YR2010,Dominican Republic,DOM,94.1760683245957
2010,YR2010,Ecuador,ECU,89.5305233009271
2010,YR2010,"Egypt, Arab Rep.",EGY,98.5449648922307
2010,YR2010,El Salvador,SLV,89.5841918914407
2010,YR2010,Equatorial Guinea,GNQ,60.4413645239922
2010,YR2010,Eritrea,ERI,49.9773803285471
2010,YR2010,Estonia,EST,99.0214415324715
2010,YR2010,Eswatini,SWZ,62.0811041747319
2010,YR2010,Ethiopia,ETH,33.98875142441
2010,YR2010,Faroe Islands,FRO,100
2010,YR2010,Fiji,FJI,95.0769806101148
2010,YR2010,Finland,FIN,99.9999976511244
2010,YR2010,France,FRA,99.9999974852696
2010,YR2010,French Polynesia,PYF,100
2010,YR2010,Gabon,GAB,83.4613514987606
2010,YR2010,"Gambia, The",GMB,78.4736042784807
2010,YR2010,Georgia,GEO,95.1672307839579
2010,YR2010,Germany,DEU,99.9999998078699
2010,YR2010,Ghana,GHA,75.6140589422072
2010,YR2010,Gibraltar,GIB,100
2010,YR2010,Greece,GRC,99.9185714433922
2010,YR2010,Greenland,GRL,100
2010,YR2010,Grenada,GRD,95.6307875050065
2010,YR2010,Guam,GUM,99.646
2010,YR2010,Guatemala,GTM,90.2759187313067
2010,YR2010,Guinea,GIN,57.044784449947
2010,YR2010,Guinea-Bissau,GNB,59.1858600366544
2010,YR2010,Guyana,GUY,91.8324234736991
2010,YR2010,Haiti,HTI,62.2007893646649
2010,YR2010,Honduras,HND,90.5660867175185
2010,YR2010,"Hong Kong SAR, China",HKG,99.5819416032907
2010,YR2010,Hungary,HUN,99.968930486175
2010,YR2010,Iceland,ISL,100
2010,YR2010,India,IND,86.1508722744759
2010,YR2010,Indonesia,IDN,84.5326117527197
2010,YR2010,"Iran, Islamic Rep.",IRN,96.029218401844
2010,YR2010,Iraq,IRQ,89.7476799907742
2010,YR2010,Ireland,IRL,96.5536018695621
2010,YR2010,Isle of Man,IMN,98.6560556451613
2010,YR2010,Israel,ISR,100
2010,YR2010,Italy,ITA,99.8141842053233
2010,YR2010,Jamaica,JAM,91.2383432127958
2010,YR2010,Japan,JPN,98.7274033203737
2010,YR2010,Jordan,JOR,98.7953569289247
2010,YR2010,Kazakhstan,KAZ,93.658151284706
2010,YR2010,Kenya,KEN,54.6774682238522
2010,YR2010,Kiribati,KIR,68.1872255114254
2010,YR2010,"Korea, Dem. People's Rep.",PRK,97.0141879545271
2010,YR2010,"Korea, Rep.",KOR,99.0287472325009
2010,YR2010,Kosovo,XKX,..
2010,YR2010,Kuwait,KWT,100
2010,YR2010,Kyrgyz Republic,KGZ,85.3389954123315
2010,YR2010,Lao PDR,LAO,67.8600517437763
2010,YR2010,Latvia,LVA,98.266358440359
2010,YR2010,Lebanon,LBN,88.8105783454674
2010,YR2010,Lesotho,LSO,69.3885918469781
2010,YR2010,Liberia,LBR,69.3866631860321
2010,YR2010,Libya,LBY,92.9317674261222
2010,YR2010,Liechtenstein,LIE,100
2010,YR2010,Lithuania,LTU,94.2487448779998
2010,YR2010,Luxembourg,LUX,100
2010,YR2010,"Macao SAR, China",MAC,100
2010,YR2010,Madagascar,MDG,44.1727775368766
2010,YR2010,Malawi,MWI,62.127463511403
2010,YR2010,Malaysia,MYS,97.0177484525087
2010,YR2010,Maldives,MDV,97.2681796910021
2010,YR2010,Mali,MLI,65.6178904393184
2010,YR2010,Malta,MLT,100
2010,YR2010,Marshall Islands,MHL,87.8931921119103
2010,YR2010,Mauritania,MRT,57.0181227515306
2010,YR2010,Mauritius,MUS,99.6524315945965
2010,YR2010,Mexico,MEX,95.7953211176627
2010,YR2010,"Micronesia, Fed. Sts.",FSM,90.4800501049916
2010,YR2010,Moldova,MDA,86.807397646256
2010,YR2010,Monaco,MCO,100
2010,YR2010,Mongolia,MNG,75.1827087064584
2010,YR2010,Montenegro,MNE,96.1640949733071
2010,YR2010,Morocco,MAR,74.9321261036749
2010,YR2010,Mozambique,MOZ,39.0283491613439
2010,YR2010,Myanmar,MMR,63.2478211567168
2010,YR2010,Namibia,NAM,80.8850164351902
2010,YR2010,Nauru,NRU,97.3628354174268
2010,YR2010,Nepal,NPL,85.5911073264404
2010,YR2010,Netherlands,NLD,99.9999996591429
2010,YR2010,New Caledonia,NCL,96.9717964121929
2010,YR2010,New Zealand,NZL,99.9999988878029
2010,YR2010,Nicaragua,NIC,81.048950444765
2010,YR2010,Niger,NER,43.5597544905099
2010,YR2010,Nigeria,NGA,60.048448967519
2010,YR2010,North Macedonia,MKD,97.2371451233877
2010,YR2010,Northern Mariana Islands,MNP,98.9346627907178
2010,YR2010,Norway,NOR,100
2010,YR2010,Oman,OMN,87.8404476591595
2010,YR2010,Pakistan,PAK,88.8047528450212
2010,YR2010,Palau,PLW,99.4695705930484
2010,YR2010,Panama,PAN,92.0012444820873
2010,YR2010,Papua New Guinea,PNG,37.8802570165898
2010,YR2010,Paraguay,PRY,89.9037202338302
2010,YR2010,Peru,PER,87.3922024813053
2010,YR2010,Philippines,PHL,89.8807890071793
2010,YR2010,Poland,POL,98.4269374145649
2010,YR2010,Portugal,PRT,99.1627671316977
2010,YR2010,Puerto Rico,PRI,98.688048382353
2010,YR2010,Qatar,QAT,99.915217268179
2010,YR2010,Romania,ROU,99.9999996926513
2010,YR2010,Russian Federation,RUS,96.055478248914
2010,YR2010,Rwanda,RWA,53.812311723031
2010,YR2010,Samoa,WSM,88.5713883126493
2010,YR2010,San Marino,SMR,100
2010,YR2010,Sao Tome and Principe,STP,73.8007821200292
2010,YR2010,Saudi Arabia,SAU,..
2010,YR2010,Senegal,SEN,71.8300877317255
2010,YR2010,Serbia,SRB,91.4981190223907
2010,YR2010,Seychelles,SYC,95.1644042182003
2010,YR2010,Sierra Leone,SLE,51.647977765691
2010,YR2010,Singapore,SGP,100
2010,YR2010,Sint Maarten (Dutch part),SXM,95.5944103351241
2010,YR2010,Slovak Republic,SVK,98.6223365999811
2010,YR2010,Slovenia,SVN,99.5
2010,YR2010,Solomon Islands,SLB,73.5032170030836
2010,YR2010,Somalia,SOM,40.2719607819724
2010,YR2010,South Africa,ZAF,89.6075553818254
2010,YR2010,South Sudan,SSD,..
2010,YR2010,Spain,ESP,99.9999967960088
2010,YR2010,Sri Lanka,LKA,85.7329214269344
2010,YR2010,St. Kitts and Nevis,KNA,98.5744787349444
2010,YR2010,St. Lucia,LCA,93.3686760449828
2010,YR2010,St. Martin (French part),MAF,99.9983257913508
2010,YR2010,St. Vincent and the Grenadines,VCT,97.0465782663178
2010,YR2010,Sudan,SDN,51.4014783358851
2010,YR2010,Suriname,SUR,93.536172790766
2010,YR2010,Sweden,SWE,99.6075336874398
2010,YR2010,Switzerland,CHE,99.9999976280164
2010,YR2010,Syrian Arab Republic,SYR,92.9524433461335
2010,YR2010,Tajikistan,TJK,69.4719693561623
2010,YR2010,Tanzania,TZA,43.4584432103437
2010,YR2010,Thailand,THA,97.5434253160748
2010,YR2010,Timor-Leste,TLS,63.7399168882932
2010,YR2010,Togo,TGO,57.618438906145
2010,YR2010,Tonga,TON,98.3663324700148
2010,YR2010,Trinidad and Tobago,TTO,95.7791624610893
2010,YR2010,Tunisia,TUN,91.9309126089078
2010,YR2010,Turkiye,TUR,95.4113237133487
2010,YR2010,Turkmenistan,TKM,94.1442613426846
2010,YR2010,Turks and Caicos Islands,TCA,..
2010,YR2010,Tuvalu,TUV,99.0261043165722
2010,YR2010,Uganda,UGA,40.229957437106
2010,YR2010,Ukraine,UKR,94.916763036789
2010,YR2010,United Arab Emirates,ARE,99.810795681157
2010,YR2010,United Kingdom,GBR,100
2010,YR2010,United States,USA,99.0106461132278
2010,YR2010,Uruguay,URY,98.3929293447382
2010,YR2010,Uzbekistan,UZB,92.0192250304465
2010,YR2010,Vanuatu,VUT,86.2630726639574
2010,YR2010,"Venezuela, RB",VEN,95.4567493089194
2010,YR2010,Viet Nam,VNM,88.8442328441126
2010,YR2010,Virgin Islands (U.S.),VIR,98.7183000029683
2010,YR2010,West Bank and Gaza,PSE,94.6484012106018
2010,YR2010,"Yemen, Rep.",YEM,50.5280111204662
2010,YR2010,Zambia,ZMB,57.758155891623
2010,YR2010,Zimbabwe,ZWE,67.5407111937773
2011,YR2011,Africa Eastern and Southern,AFE,50.2577961105707
2011,YR2011,Africa Western and Central,AFW,62.2463502156149
2011,YR2011,Arab World,ARB,83.4880313570634
2011,YR2011,Caribbean small states,CSS,95.0522409726129
2011,YR2011,Central Europe and the Baltics,CEB,98.7913157468022
2011,YR2011,Early-demographic dividend,EAR,86.3276054954696
2011,YR2011,East Asia & Pacific,EAS,89.5418781728652
2011,YR2011,East Asia & Pacific (excluding high income),EAP,88.494819687959
2011,YR2011,East Asia & Pacific (IDA & IBRD countries),TEA,88.391818343807
2011,YR2011,Euro area,EMU,99.8142754307335
2011,YR2011,Europe & Central Asia,ECS,97.4637904814022
2011,YR2011,Europe & Central Asia (excluding high income),ECA,93.3132012588917
2011,YR2011,Europe & Central Asia (IDA & IBRD countries),TEC,95.0263546288121
2011,YR2011,European Union,EUU,99.634277567073
2011,YR2011,Fragile and conflict affected situations,FCS,59.3115295559169
2011,YR2011,Heavily indebted poor countries (HIPC),HPC,51.5243559363844
2011,YR2011,High income,HIC,98.9483686208137
2011,YR2011,IBRD only,IBD,..
2011,YR2011,IDA & IBRD total,IBT,84.1994327518237
2011,YR2011,IDA blend,IDB,..
2011,YR2011,IDA only,IDX,..
2011,YR2011,IDA total,IDA,..
2011,YR2011,Late-demographic dividend,LTE,91.5157974383413
2011,YR2011,Latin America & Caribbean,LCN,94.6782794342046
2011,YR2011,Latin America & Caribbean (excluding high income),LAC,94.4753428322766
2011,YR2011,Latin America & the Caribbean (IDA & IBRD countries),TLA,94.6747624515515
2011,YR2011,Least developed countries: UN classification,LDC,58.906450690122
2011,YR2011,Low & middle income,LMY,83.6938646475405
2011,YR2011,Low income,LIC,49.9572472105641
2011,YR2011,Lower middle income,LMC,83.0039891689849
2011,YR2011,Middle East & North Africa,MEA,90.831066100325
2011,YR2011,Middle East & North Africa (excluding high income),MNA,90.2583433581699
2011,YR2011,Middle East & North Africa (IDA & IBRD countries),TMN,90.2046130560919
2011,YR2011,Middle income,MIC,87.1285294372124
2011,YR2011,North America,NAC,99.1103679025575
2011,YR2011,Not classified,INX,..
2011,YR2011,OECD members,OED,98.7000570849247
2011,YR2011,Other small states,OSS,89.0158914971132
2011,YR2011,Pacific island small states,PSS,86.908078513501
2011,YR2011,Post-demographic dividend,PST,99.141990661392
2011,YR2011,Pre-demographic dividend,PRE,55.1437582899963
2011,YR2011,Small states,SST,89.7224692716785
2011,YR2011,South Asia,SAS,87.2837059361205
2011,YR2011,South Asia (IDA & IBRD),TSA,87.2837059361205
2011,YR2011,Sub-Saharan Africa,SSF,55.1165402886279
2011,YR2011,Sub-Saharan Africa (excluding high income),SSA,55.1126552911131
2011,YR2011,Sub-Saharan Africa (IDA & IBRD countries),TSS,55.1165402886279
2011,YR2011,Upper middle income,UMC,91.2140526798521
2011,YR2011,World,WLD,86.5294582621252
2011,YR2011,Afghanistan,AFG,51.4723764683198
2011,YR2011,Albania,ALB,91.8108885574113
2011,YR2011,Algeria,DZA,92.5149892867463
2011,YR2011,American Samoa,ASM,97.7227066040664
2011,YR2011,Andorra,AND,100
2011,YR2011,Angola,AGO,51.1748356552453
2011,YR2011,Antigua and Barbuda,ATG,98.3658215623444
2011,YR2011,Argentina,ARG,98.6218627766521
2011,YR2011,Armenia,ARM,98.4333104571316
2011,YR2011,Aruba,ABW,97.5873386288627
2011,YR2011,Australia,AUS,99.891961822547
2011,YR2011,Austria,AUT,99.9999994181032
2011,YR2011,Azerbaijan,AZE,87.3142629577106
2011,YR2011,"Bahamas, The",BHS,98.7159031942672
2011,YR2011,Bahrain,BHR,99.9373438917679
2011,YR2011,Bangladesh,BGD,96.710597256145
2011,YR2011,Barbados,BRB,98.4344390670443
2011,YR2011,Belarus,BLR,98.3013146395409
2011,YR2011,Belgium,BEL,99.9999957871607
2011,YR2011,Belize,BLZ,94.5876061984861
2011,YR2011,Benin,BEN,64.7781966695834
2011,YR2011,Bermuda,BMU,99.9107235910615
2011,YR2011,Bhutan,BTN,93.8663401691151
2011,YR2011,Bolivia,BOL,88.0551966846425
2011,YR2011,Bosnia and Herzegovina,BIH,96.5948691440265
2011,YR2011,Botswana,BWA,84.3752251394181
2011,YR2011,Brazil,BRA,96.7879749994184
2011,YR2011,British Virgin Islands,VGB,99.4842465753426
2011,YR2011,Brunei Darussalam,BRN,99.9000298055354
2011,YR2011,Bulgaria,BGR,99.3953416140538
2011,YR2011,Burkina Faso,BFA,52.911489902673
2011,YR2011,Burundi,BDI,57.12765967771
2011,YR2011,Cabo Verde,CPV,83.467759998597
2011,YR2011,Cambodia,KHM,67.0347427632734
2011,YR2011,Cameroon,CMR,63.7587752998518
2011,YR2011,Canada,CAN,99.2358946686257
2011,YR2011,Cayman Islands,CYM,95.9128834355828
2011,YR2011,Central African Republic,CAF,46.5333203530459
2011,YR2011,Chad,TCD,45.1988552239167
2011,YR2011,Channel Islands,CHI,..
2011,YR2011,Chile,CHL,98.5678197749082
2011,YR2011,China,CHN,89.5812134561724
2011,YR2011,Colombia,COL,95.0760498001745
2011,YR2011,Comoros,COM,82.5978775221597
2011,YR2011,"Congo, Dem. Rep.",COD,36.7988406005702
2011,YR2011,"Congo, Rep.",COG,66.9521763941775
2011,YR2011,Costa Rica,CRI,98.2983162995522
2011,YR2011,Cote d'Ivoire,CIV,71.8344159722769
2011,YR2011,Croatia,HRV,..
2011,YR2011,Cuba,CUB,93.2051308266797
2011,YR2011,Curacao,CUW,99.3727452154089
2011,YR2011,Cyprus,CYP,99.8194224153679
2011,YR2011,Czechia,CZE,99.8623365893999
2011,YR2011,Denmark,DNK,99.9999998423774
2011,YR2011,Djibouti,DJI,75.6454983860587
2011,YR2011,Dominica,DMA,95.1761580513223
2011,YR2011,Dominican Republic,DOM,94.4444256486131
2011,YR2011,Ecuador,ECU,90.2407039603204
2011,YR2011,"Egypt, Arab Rep.",EGY,98.574504181642
2011,YR2011,El Salvador,SLV,90.7614868095957
2011,YR2011,Equatorial Guinea,GNQ,61.6296107592161
2011,YR2011,Eritrea,ERI,50.1505279457527
2011,YR2011,Estonia,EST,99.1934474893278
2011,YR2011,Eswatini,SWZ,63.0070945325043
2011,YR2011,Ethiopia,ETH,35.5250490303748
2011,YR2011,Faroe Islands,FRO,100
2011,YR2011,Fiji,FJI,95.1097371692021
2011,YR2011,Finland,FIN,99.9999991572243
2011,YR2011,France,FRA,99.9999993279599
2011,YR2011,French Polynesia,PYF,100
2011,YR2011,Gabon,GAB,83.6564952078029
2011,YR2011,"Gambia, The",GMB,79.0885274433353
2011,YR2011,Georgia,GEO,94.7418201145619
2011,YR2011,Germany,DEU,99.999998714282
2011,YR2011,Ghana,GHA,76.6802747180995
2011,YR2011,Gibraltar,GIB,100
2011,YR2011,Greece,GRC,99.9392043352044
2011,YR2011,Greenland,GRL,100
2011,YR2011,Grenada,GRD,95.8631024745749
2011,YR2011,Guam,GUM,99.6706
2011,YR2011,Guatemala,GTM,90.6361024938239
2011,YR2011,Guinea,GIN,58.1818372265033
2011,YR2011,Guinea-Bissau,GNB,59.490527194592
2011,YR2011,Guyana,GUY,92.1681157697233
2011,YR2011,Haiti,HTI,62.6818037025713
2011,YR2011,Honduras,HND,91.0431976327749
2011,YR2011,"Hong Kong SAR, China",HKG,99.6657100390256
2011,YR2011,Hungary,HUN,99.9693782330361
2011,YR2011,Iceland,ISL,100
2011,YR2011,India,IND,86.7639052913499
2011,YR2011,Indonesia,IDN,85.3771275634308
2011,YR2011,"Iran, Islamic Rep.",IRN,96.1889602256828
2011,YR2011,Iraq,IRQ,90.6562195534614
2011,YR2011,Ireland,IRL,96.4864232493498
2011,YR2011,Isle of Man,IMN,98.6560556451613
2011,YR2011,Israel,ISR,100
2011,YR2011,Italy,ITA,99.8398966725157
2011,YR2011,Jamaica,JAM,90.8683929712917
2011,YR2011,Japan,JPN,98.7646159432859
2011,YR2011,Jordan,JOR,98.8247327077231
2011,YR2011,Kazakhstan,KAZ,93.9987857063682
2011,YR2011,Kenya,KEN,55.3748717303116
2011,YR2011,Kiribati,KIR,68.839459835366
2011,YR2011,"Korea, Dem. People's Rep.",PRK,96.6502061829042
2011,YR2011,"Korea, Rep.",KOR,99.1106418152392
2011,YR2011,Kosovo,XKX,..
2011,YR2011,Kuwait,KWT,100
2011,YR2011,Kyrgyz Republic,KGZ,85.8747231329493
2011,YR2011,Lao PDR,LAO,69.8213997819088
2011,YR2011,Latvia,LVA,98.3190303591245
2011,YR2011,Lebanon,LBN,89.2510395381305
2011,YR2011,Lesotho,LSO,69.7836824972615
2011,YR2011,Liberia,LBR,69.9478732610742
2011,YR2011,Libya,LBY,93.8017369727047
2011,YR2011,Liechtenstein,LIE,100
2011,YR2011,Lithuania,LTU,94.7096039955815
2011,YR2011,Luxembourg,LUX,100
2011,YR2011,"Macao SAR, China",MAC,100
2011,YR2011,Madagascar,MDG,44.9557063792181
2011,YR2011,Malawi,MWI,62.9470286507326
2011,YR2011,Malaysia,MYS,97.0238916764979
2011,YR2011,Maldives,MDV,97.5835487524829
2011,YR2011,Mali,MLI,67.1723863885094
2011,YR2011,Malta,MLT,99.9999975467548
2011,YR2011,Marshall Islands,MHL,87.632671099874
2011,YR2011,Mauritania,MRT,58.7082503245994
2011,YR2011,Mauritius,MUS,99.6865004105042
2011,YR2011,Mexico,MEX,96.1794604737157
2011,YR2011,"Micronesia, Fed. Sts.",FSM,90.4190902721352
2011,YR2011,Moldova,MDA,87.2355300636616
2011,YR2011,Monaco,MCO,100
2011,YR2011,Mongolia,MNG,76.0198226801003
2011,YR2011,Montenegro,MNE,96.4090994773298
2011,YR2011,Morocco,MAR,75.9759037287144
2011,YR2011,Mozambique,MOZ,40.9829957259919
2011,YR2011,Myanmar,MMR,64.9077560427868
2011,YR2011,Namibia,NAM,81.3519879199082
2011,YR2011,Nauru,NRU,97.2909395834024
2011,YR2011,Nepal,NPL,86.1422718062614
2011,YR2011,Netherlands,NLD,100
2011,YR2011,New Caledonia,NCL,97.2051488281908
2011,YR2011,New Zealand,NZL,100
2011,YR2011,Nicaragua,NIC,81.1069673480345
2011,YR2011,Niger,NER,44.0473292776335
2011,YR2011,Nigeria,NGA,61.6709575534606
2011,YR2011,North Macedonia,MKD,97.2910338729364
2011,YR2011,Northern Mariana Islands,MNP,99.143766910271
2011,YR2011,Norway,NOR,99.9999982454226
2011,YR2011,Oman,OMN,88.2854887282793
2011,YR2011,Pakistan,PAK,88.9656021763823
2011,YR2011,Palau,PLW,99.4807528058898
2011,YR2011,Panama,PAN,92.1874281167023
2011,YR2011,Papua New Guinea,PNG,38.8970353654873
2011,YR2011,Paraguay,PRY,91.1581991748664
2011,YR2011,Peru,PER,88.0324057036576
2011,YR2011,Philippines,PHL,90.3027532664464
2011,YR2011,Poland,POL,97.6997464122955
2011,YR2011,Portugal,PRT,99.1638694569545
2011,YR2011,Puerto Rico,PRI,98.835528657289
2011,YR2011,Qatar,QAT,99.9213635076417
2011,YR2011,Romania,ROU,100
2011,YR2011,Russian Federation,RUS,96.1340916047859
2011,YR2011,Rwanda,RWA,54.7270312962107
2011,YR2011,Samoa,WSM,88.8132055205682
2011,YR2011,San Marino,SMR,100
2011,YR2011,Sao Tome and Principe,STP,74.2616684599327
2011,YR2011,Saudi Arabia,SAU,..
2011,YR2011,Senegal,SEN,73.0514525533288
2011,YR2011,Serbia,SRB,91.8712091293649
2011,YR2011,Seychelles,SYC,95.2898481522789
2011,YR2011,Sierra Leone,SLE,52.7978280289935
2011,YR2011,Singapore,SGP,100
2011,YR2011,Sint Maarten (Dutch part),SXM,95.5
2011,YR2011,Slovak Republic,SVK,98.9975433073385
2011,YR2011,Slovenia,SVN,99.5
2011,YR2011,Solomon Islands,SLB,72.6348281309613
2011,YR2011,Somalia,SOM,42.4072533213505
2011,YR2011,South Africa,ZAF,90.0631651018591
2011,YR2011,South Sudan,SSD,41.163221709148
2011,YR2011,Spain,ESP,100
2011,YR2011,Sri Lanka,LKA,86.0220420028487
2011,YR2011,St. Kitts and Nevis,KNA,98.5869372007651
2011,YR2011,St. Lucia,LCA,93.8083807511981
2011,YR2011,St. Martin (French part),MAF,99.991781067161
2011,YR2011,St. Vincent and the Grenadines,VCT,97.210131123477
2011,YR2011,Sudan,SDN,52.5268264920193
2011,YR2011,Suriname,SUR,93.9753959636229
2011,YR2011,Sweden,SWE,99.6205707167792
2011,YR2011,Switzerland,CHE,99.9999991605815
2011,YR2011,Syrian Arab Republic,SYR,93.0003843642862
2011,YR2011,Tajikistan,TJK,70.8022224486628
2011,YR2011,Tanzania,TZA,44.944995268675
2011,YR2011,Thailand,THA,97.8320484698268
2011,YR2011,Timor-Leste,TLS,65.7989405638414
2011,YR2011,Togo,TGO,58.7907230046947
2011,YR2011,Tonga,TON,98.4038497660673
2011,YR2011,Trinidad and Tobago,TTO,96.1355754748447
2011,YR2011,Tunisia,TUN,92.0471482378273
2011,YR2011,Turkiye,TUR,95.5877163488789
2011,YR2011,Turkmenistan,TKM,94.8602956203096
2011,YR2011,Turks and Caicos Islands,TCA,..
2011,YR2011,Tuvalu,TUV,99.0458963564705
2011,YR2011,Uganda,UGA,41.7298870287119
2011,YR2011,Ukraine,UKR,94.4352499335215
2011,YR2011,United Arab Emirates,ARE,99.8338057352249
2011,YR2011,United Kingdom,GBR,99.9999973952721
2011,YR2011,United States,USA,99.096367912853
2011,YR2011,Uruguay,URY,98.5579482470455
2011,YR2011,Uzbekistan,UZB,92.4356779359972
2011,YR2011,Vanuatu,VUT,86.6864691099359
2011,YR2011,"Venezuela, RB",VEN,95.279654448962
2011,YR2011,Viet Nam,VNM,89.6277366637079
2011,YR2011,Virgin Islands (U.S.),VIR,98.7182945651184
2011,YR2011,West Bank and Gaza,PSE,95.0445111299268
2011,YR2011,"Yemen, Rep.",YEM,51.6065962610624
2011,YR2011,Zambia,ZMB,58.7985201248118
2011,YR2011,Zimbabwe,ZWE,67.0160742336
2012,YR2012,Africa Eastern and Southern,AFE,51.0846431962301
2012,YR2012,Africa Western and Central,AFW,63.3239899632335
2012,YR2012,Arab World,ARB,84.0103265196717
2012,YR2012,Caribbean small states,CSS,95.3517159715389
2012,YR2012,Central Europe and the Baltics,CEB,98.548895102404
2012,YR2012,Early-demographic dividend,EAR,86.8449094217766
2012,YR2012,East Asia & Pacific,EAS,90.2460745934385
2012,YR2012,East Asia & Pacific (excluding high income),EAP,89.2765323916357
2012,YR2012,East Asia & Pacific (IDA & IBRD countries),TEA,89.1883706930969
2012,YR2012,Euro area,EMU,99.8289815618597
2012,YR2012,Europe & Central Asia,ECS,97.4886719175013
2012,YR2012,Europe & Central Asia (excluding high income),ECA,93.4801985290111
2012,YR2012,Europe & Central Asia (IDA & IBRD countries),TEC,95.0686827610731
2012,YR2012,European Union,EUU,99.5821295715918
2012,YR2012,Fragile and conflict affected situations,FCS,60.137105724791
2012,YR2012,Heavily indebted poor countries (HIPC),HPC,52.4766175657326
2012,YR2012,High income,HIC,98.9728124203341
2012,YR2012,IBRD only,IBD,..
2012,YR2012,IDA & IBRD total,IBT,84.7358703192587
2012,YR2012,IDA blend,IDB,..
2012,YR2012,IDA only,IDX,..
2012,YR2012,IDA total,IDA,..
2012,YR2012,Late-demographic dividend,LTE,92.1175150375995
2012,YR2012,Latin America & Caribbean,LCN,94.9840497346174
2012,YR2012,Latin America & Caribbean (excluding high income),LAC,94.8140457797721
2012,YR2012,Latin America & the Caribbean (IDA & IBRD countries),TLA,94.9857242715168
2012,YR2012,Least developed countries: UN classification,LDC,59.6605822150363
2012,YR2012,Low & middle income,LMY,84.2587188907378
2012,YR2012,Low income,LIC,50.7465456071934
2012,YR2012,Lower middle income,LMC,83.5962777465029
2012,YR2012,Middle East & North Africa,MEA,91.1571324144945
2012,YR2012,Middle East & North Africa (excluding high income),MNA,90.6007750271794
2012,YR2012,Middle East & North Africa (IDA & IBRD countries),TMN,90.5460998662206
2012,YR2012,Middle income,MIC,87.7205998618179
2012,YR2012,North America,NAC,99.1865424673017
2012,YR2012,Not classified,INX,..
2012,YR2012,OECD members,OED,98.7626026262073
2012,YR2012,Other small states,OSS,89.313438743981
2012,YR2012,Pacific island small states,PSS,86.7171931397754
2012,YR2012,Post-demographic dividend,PST,99.1606218434064
2012,YR2012,Pre-demographic dividend,PRE,56.1984901374331
2012,YR2012,Small states,SST,89.9528051743017
2012,YR2012,South Asia,SAS,87.8153420155271
2012,YR2012,South Asia (IDA & IBRD),TSA,87.8153420155271
2012,YR2012,Sub-Saharan Africa,SSF,56.047108687837
2012,YR2012,Sub-Saharan Africa (excluding high income),SSA,56.0433676441999
2012,YR2012,Sub-Saharan Africa (IDA & IBRD countries),TSS,56.047108687837
2012,YR2012,Upper middle income,UMC,91.8354057107863
2012,YR2012,World,WLD,86.9723494199523
2012,YR2012,Afghanistan,AFG,54.1494916362474
2012,YR2012,Albania,ALB,92.2287785293112
2012,YR2012,Algeria,DZA,92.7451846992975
2012,YR2012,American Samoa,ASM,97.9763808053305
2012,YR2012,Andorra,AND,99.9999980016794
2012,YR2012,Angola,AGO,51.9685419144087
2012,YR2012,Antigua and Barbuda,ATG,98.365707226978
2012,YR2012,Argentina,ARG,98.8052936559107
2012,YR2012,Armenia,ARM,98.7298229038946
2012,YR2012,Aruba,ABW,97.8690233809859
2012,YR2012,Australia,AUS,99.9007695926109
2012,YR2012,Austria,AUT,99.9999966635574
2012,YR2012,Azerbaijan,AZE,88.6295060271887
2012,YR2012,"Bahamas, The",BHS,98.7586675200355
2012,YR2012,Bahrain,BHR,99.9354055727918
2012,YR2012,Bangladesh,BGD,96.864384577712
2012,YR2012,Barbados,BRB,98.4444404859912
2012,YR2012,Belarus,BLR,98.3055460415481
2012,YR2012,Belgium,BEL,99.9999988236868
2012,YR2012,Belize,BLZ,95.2385534459309
2012,YR2012,Benin,BEN,65.0315792739664
2012,YR2012,Bermuda,BMU,99.9031400170636
2012,YR2012,Bhutan,BTN,94.796080074277
2012,YR2012,Bolivia,BOL,88.6640012861427
2012,YR2012,Bosnia and Herzegovina,BIH,96.4500310517333
2012,YR2012,Botswana,BWA,85.4679052832235
2012,YR2012,Brazil,BRA,97.0509780439356
2012,YR2012,British Virgin Islands,VGB,99.8643835616439
2012,YR2012,Brunei Darussalam,BRN,99.9000317476047
2012,YR2012,Bulgaria,BGR,99.3615537163291
2012,YR2012,Burkina Faso,BFA,52.404975540789
2012,YR2012,Burundi,BDI,57.7354291237771
2012,YR2012,Cabo Verde,CPV,83.8738361203627
2012,YR2012,Cambodia,KHM,68.17060774941
2012,YR2012,Cameroon,CMR,64.3420231310665
2012,YR2012,Canada,CAN,99.2343230962045
2012,YR2012,Cayman Islands,CYM,95.8751533742332
2012,YR2012,Central African Republic,CAF,45.4644281462994
2012,YR2012,Chad,TCD,45.8314595763886
2012,YR2012,Channel Islands,CHI,..
2012,YR2012,Chile,CHL,98.804914353575
2012,YR2012,China,CHN,90.4108956703725
2012,YR2012,Colombia,COL,95.3293842263037
2012,YR2012,Comoros,COM,81.7949137164735
2012,YR2012,"Congo, Dem. Rep.",COD,36.6864278096926
2012,YR2012,"Congo, Rep.",COG,68.0075710023272
2012,YR2012,Costa Rica,CRI,98.560150584186
2012,YR2012,Cote d'Ivoire,CIV,71.928094480601
2012,YR2012,Croatia,HRV,..
2012,YR2012,Cuba,CUB,93.3289737767197
2012,YR2012,Curacao,CUW,99.4352485314633
2012,YR2012,Cyprus,CYP,99.8117166379647
2012,YR2012,Czechia,CZE,99.8681822613728
2012,YR2012,Denmark,DNK,99.9999953621224
2012,YR2012,Djibouti,DJI,75.6748317959716
2012,YR2012,Dominica,DMA,95.2984070572441
2012,YR2012,Dominican Republic,DOM,94.6933128036424
2012,YR2012,Ecuador,ECU,90.9465125066669
2012,YR2012,"Egypt, Arab Rep.",EGY,98.6036168042443
2012,YR2012,El Salvador,SLV,91.9155629608669
2012,YR2012,Equatorial Guinea,GNQ,62.8538882126968
2012,YR2012,Eritrea,ERI,50.3291729374741
2012,YR2012,Estonia,EST,99.3681632506101
2012,YR2012,Eswatini,SWZ,63.8977283648777
2012,YR2012,Ethiopia,ETH,37.0481962437743
2012,YR2012,Faroe Islands,FRO,100
2012,YR2012,Fiji,FJI,95.1429467538414
2012,YR2012,Finland,FIN,100
2012,YR2012,France,FRA,99.9999984764295
2012,YR2012,French Polynesia,PYF,100
2012,YR2012,Gabon,GAB,83.8350006525696
2012,YR2012,"Gambia, The",GMB,79.701282058038
2012,YR2012,Georgia,GEO,94.3204470689314
2012,YR2012,Germany,DEU,99.9999993293627
2012,YR2012,Ghana,GHA,77.7475923856427
2012,YR2012,Gibraltar,GIB,100
2012,YR2012,Greece,GRC,99.9593510144483
2012,YR2012,Greenland,GRL,100
2012,YR2012,Grenada,GRD,95.9713888869245
2012,YR2012,Guam,GUM,99.6952
2012,YR2012,Guatemala,GTM,90.9935414116309
2012,YR2012,Guinea,GIN,59.3282131204165
2012,YR2012,Guinea-Bissau,GNB,59.7800704192315
2012,YR2012,Guyana,GUY,92.5151477689615
2012,YR2012,Haiti,HTI,63.1596589540934
2012,YR2012,Honduras,HND,91.5135812982773
2012,YR2012,"Hong Kong SAR, China",HKG,99.7494784747605
2012,YR2012,Hungary,HUN,99.9697006074986
2012,YR2012,Iceland,ISL,100
2012,YR2012,India,IND,87.3745079483664
2012,YR2012,Indonesia,IDN,86.2129184659501
2012,YR2012,"Iran, Islamic Rep.",IRN,96.3439209254777
2012,YR2012,Iraq,IRQ,91.5604121156102
2012,YR2012,Ireland,IRL,96.4189638953027
2012,YR2012,Isle of Man,IMN,98.6560556451613
2012,YR2012,Israel,ISR,99.9999994340339
2012,YR2012,Italy,ITA,99.8656091397081
2012,YR2012,Jamaica,JAM,90.4988988817578
2012,YR2012,Japan,JPN,98.801828566198
2012,YR2012,Jordan,JOR,98.8523065327898
2012,YR2012,Kazakhstan,KAZ,94.3385051458283
2012,YR2012,Kenya,KEN,56.069887517384
2012,YR2012,Kiribati,KIR,69.4853912854622
2012,YR2012,"Korea, Dem. People's Rep.",PRK,96.2883252390654
2012,YR2012,"Korea, Rep.",KOR,99.1925363979776
2012,YR2012,Kosovo,XKX,..
2012,YR2012,Kuwait,KWT,100
2012,YR2012,Kyrgyz Republic,KGZ,86.4119693986612
2012,YR2012,Lao PDR,LAO,71.7625157312812
2012,YR2012,Latvia,LVA,98.3716321139667
2012,YR2012,Lebanon,LBN,89.6915007307936
2012,YR2012,Lesotho,LSO,70.154778546095
2012,YR2012,Liberia,LBR,70.501369161342
2012,YR2012,Libya,LBY,94.6717065192872
2012,YR2012,Liechtenstein,LIE,100
2012,YR2012,Lithuania,LTU,95.18639409975
2012,YR2012,Luxembourg,LUX,99.9871988643625
2012,YR2012,"Macao SAR, China",MAC,100
2012,YR2012,Madagascar,MDG,45.7379371546935
2012,YR2012,Malawi,MWI,63.7660224661247
2012,YR2012,Malaysia,MYS,97.0294883870059
2012,YR2012,Maldives,MDV,97.8958734972482
2012,YR2012,Mali,MLI,68.7186397074999
2012,YR2012,Malta,MLT,99.9999999041683
2012,YR2012,Marshall Islands,MHL,87.3770778473405
2012,YR2012,Mauritania,MRT,60.4113532940723
2012,YR2012,Mauritius,MUS,99.7206566079624
2012,YR2012,Mexico,MEX,96.5596662108125
2012,YR2012,"Micronesia, Fed. Sts.",FSM,90.3581304392788
2012,YR2012,Moldova,MDA,87.6641847043877
2012,YR2012,Monaco,MCO,100
2012,YR2012,Mongolia,MNG,76.6971420236104
2012,YR2012,Montenegro,MNE,96.65430968259
2012,YR2012,Morocco,MAR,77.0103247140373
2012,YR2012,Mozambique,MOZ,42.9657407480855
2012,YR2012,Myanmar,MMR,66.5868862184781
2012,YR2012,Namibia,NAM,81.8179821315026
2012,YR2012,Nauru,NRU,97.2190437493781
2012,YR2012,Nepal,NPL,86.686530708514
2012,YR2012,Netherlands,NLD,100
2012,YR2012,New Caledonia,NCL,97.4385012441887
2012,YR2012,New Zealand,NZL,100
2012,YR2012,Nicaragua,NIC,81.1669027053438
2012,YR2012,Niger,NER,44.5146416573825
2012,YR2012,Nigeria,NGA,63.296219919828
2012,YR2012,North Macedonia,MKD,97.3446985613481
2012,YR2012,Northern Mariana Islands,MNP,99.3528710298242
2012,YR2012,Norway,NOR,99.9999993871015
2012,YR2012,Oman,OMN,88.798794146094
2012,YR2012,Pakistan,PAK,89.1247311719253
2012,YR2012,Palau,PLW,99.4914143484921
2012,YR2012,Panama,PAN,92.371804723482
2012,YR2012,Papua New Guinea,PNG,39.9104998416853
2012,YR2012,Paraguay,PRY,92.3978172967035
2012,YR2012,Peru,PER,88.668521405509
2012,YR2012,Philippines,PHL,90.7233716794272
2012,YR2012,Poland,POL,96.9696751320083
2012,YR2012,Portugal,PRT,99.1663315159812
2012,YR2012,Puerto Rico,PRI,98.9830089322251
2012,YR2012,Qatar,QAT,99.9275097471044
2012,YR2012,Romania,ROU,100
2012,YR2012,Russian Federation,RUS,96.2138533850753
2012,YR2012,Rwanda,RWA,55.6495360555589
2012,YR2012,Samoa,WSM,89.0540729896839
2012,YR2012,San Marino,SMR,100
2012,YR2012,Sao Tome and Principe,STP,74.714140731746
2012,YR2012,Saudi Arabia,SAU,..
2012,YR2012,Senegal,SEN,74.2687450783238
2012,YR2012,Serbia,SRB,92.2482472043669
2012,YR2012,Seychelles,SYC,95.4152920863575
2012,YR2012,Sierra Leone,SLE,53.945779626201
2012,YR2012,Singapore,SGP,100
2012,YR2012,Sint Maarten (Dutch part),SXM,95.4055896648759
2012,YR2012,Slovak Republic,SVK,99.3758339104534
2012,YR2012,Slovenia,SVN,99.5
2012,YR2012,Solomon Islands,SLB,71.7835303579543
2012,YR2012,Somalia,SOM,43.9918244098396
2012,YR2012,South Africa,ZAF,90.5099735416629
2012,YR2012,South Sudan,SSD,41.2371967696352
2012,YR2012,Spain,ESP,99.9861651953951
2012,YR2012,Sri Lanka,LKA,86.3111826376504
2012,YR2012,St. Kitts and Nevis,KNA,98.5993956665858
2012,YR2012,St. Lucia,LCA,94.248082895029
2012,YR2012,St. Martin (French part),MAF,99.9852363429713
2012,YR2012,St. Vincent and the Grenadines,VCT,97.3744028381587
2012,YR2012,Sudan,SDN,53.6551016203775
2012,YR2012,Suriname,SUR,94.415754570217
2012,YR2012,Sweden,SWE,99.6338807340891
2012,YR2012,Switzerland,CHE,100
2012,YR2012,Syrian Arab Republic,SYR,93.0527716701678
2012,YR2012,Tajikistan,TJK,72.1454574361497
2012,YR2012,Tanzania,TZA,46.4273786110216
2012,YR2012,Thailand,THA,98.1133461921886
2012,YR2012,Timor-Leste,TLS,67.8794030498172
2012,YR2012,Togo,TGO,59.9571387044138
2012,YR2012,Tonga,TON,98.4412230284163
2012,YR2012,Trinidad and Tobago,TTO,96.4917923541151
2012,YR2012,Tunisia,TUN,92.5793580039601
2012,YR2012,Turkiye,TUR,95.7604872217725
2012,YR2012,Turkmenistan,TKM,95.5713428273371
2012,YR2012,Turks and Caicos Islands,TCA,..
2012,YR2012,Tuvalu,TUV,99.0654309075515
2012,YR2012,Uganda,UGA,43.2488591030294
2012,YR2012,Ukraine,UKR,93.9522797921632
2012,YR2012,United Arab Emirates,ARE,99.8570110781205
2012,YR2012,United Kingdom,GBR,100
2012,YR2012,United States,USA,99.1811102172919
2012,YR2012,Uruguay,URY,98.7083810648102
2012,YR2012,Uzbekistan,UZB,92.8244205156141
2012,YR2012,Vanuatu,VUT,87.1096489174543
2012,YR2012,"Venezuela, RB",VEN,95.1025595890046
2012,YR2012,Viet Nam,VNM,90.4022210536328
2012,YR2012,Virgin Islands (U.S.),VIR,98.7182891272684
2012,YR2012,West Bank and Gaza,PSE,95.4399375365635
2012,YR2012,"Yemen, Rep.",YEM,52.6710147759244
2012,YR2012,Zambia,ZMB,59.831726291153
2012,YR2012,Zimbabwe,ZWE,66.4911847039305
2013,YR2013,Africa Eastern and Southern,AFE,51.9101509528647
2013,YR2013,Africa Western and Central,AFW,64.3981839173514
2013,YR2013,Arab World,ARB,84.5215674438589
2013,YR2013,Caribbean small states,CSS,95.6304914103794
2013,YR2013,Central Europe and the Baltics,CEB,98.2920179746377
2013,YR2013,Early-demographic dividend,EAR,87.3586533333941
2013,YR2013,East Asia & Pacific,EAS,90.9293180368421
2013,YR2013,East Asia & Pacific (excluding high income),EAP,90.0345138778761
2013,YR2013,East Asia & Pacific (IDA & IBRD countries),TEA,89.960700846612
2013,YR2013,Euro area,EMU,99.8374623149598
2013,YR2013,Europe & Central Asia,ECS,97.5291430250795
2013,YR2013,Europe & Central Asia (excluding high income),ECA,93.7117353692735
2013,YR2013,Europe & Central Asia (IDA & IBRD countries),TEC,95.1460853800463
2013,YR2013,European Union,EUU,99.5256986284318
2013,YR2013,Fragile and conflict affected situations,FCS,60.9834926736774
2013,YR2013,Heavily indebted poor countries (HIPC),HPC,53.423654729782
2013,YR2013,High income,HIC,98.9968776099485
2013,YR2013,IBRD only,IBD,..
2013,YR2013,IDA & IBRD total,IBT,85.2664814574994
2013,YR2013,IDA blend,IDB,..
2013,YR2013,IDA only,IDX,..
2013,YR2013,IDA total,IDA,..
2013,YR2013,Late-demographic dividend,LTE,92.6976376221843
2013,YR2013,Latin America & Caribbean,LCN,95.2772907286114
2013,YR2013,Latin America & Caribbean (excluding high income),LAC,95.1375650572435
2013,YR2013,Latin America & the Caribbean (IDA & IBRD countries),TLA,95.2838648691653
2013,YR2013,Least developed countries: UN classification,LDC,60.4160079182779
2013,YR2013,Low & middle income,LMY,84.8165932455261
2013,YR2013,Low income,LIC,51.4660701752061
2013,YR2013,Lower middle income,LMC,84.1893321635886
2013,YR2013,Middle East & North Africa,MEA,91.492656068515
2013,YR2013,Middle East & North Africa (excluding high income),MNA,90.95300494978
2013,YR2013,Middle East & North Africa (IDA & IBRD countries),TMN,90.8984629819342
2013,YR2013,Middle income,MIC,88.3055425324311
2013,YR2013,North America,NAC,99.2617910342725
2013,YR2013,Not classified,INX,..
2013,YR2013,OECD members,OED,98.8239045795427
2013,YR2013,Other small states,OSS,89.6360528112978
2013,YR2013,Pacific island small states,PSS,86.5914655453933
2013,YR2013,Post-demographic dividend,PST,99.1922081416378
2013,YR2013,Pre-demographic dividend,PRE,57.2514063952533
2013,YR2013,Small states,SST,90.2059034508993
2013,YR2013,South Asia,SAS,88.3497001647191
2013,YR2013,South Asia (IDA & IBRD),TSA,88.3497001647191
2013,YR2013,Sub-Saharan Africa,SSF,56.9729086942932
2013,YR2013,Sub-Saharan Africa (excluding high income),SSA,56.9692761152677
2013,YR2013,Sub-Saharan Africa (IDA & IBRD countries),TSS,56.9729086942932
2013,YR2013,Upper middle income,UMC,92.4410302790572
2013,YR2013,World,WLD,87.4117623547196
2013,YR2013,Afghanistan,AFG,56.8581415948124
2013,YR2013,Albania,ALB,92.631596058428
2013,YR2013,Algeria,DZA,92.9708811462695
2013,YR2013,American Samoa,ASM,98.2300550065946
2013,YR2013,Andorra,AND,100
2013,YR2013,Angola,AGO,52.7573457655021
2013,YR2013,Antigua and Barbuda,ATG,98.3655938007866
2013,YR2013,Argentina,ARG,98.8641989604982
2013,YR2013,Armenia,ARM,99.0289249197273
2013,YR2013,Aruba,ABW,97.8690233809859
2013,YR2013,Australia,AUS,99.9095893912989
2013,YR2013,Austria,AUT,99.999997857895
2013,YR2013,Azerbaijan,AZE,89.9528553019617
2013,YR2013,"Bahamas, The",BHS,98.8014318458038
2013,YR2013,Bahrain,BHR,99.9334672538156
2013,YR2013,Bangladesh,BGD,97.0140618269523
2013,YR2013,Barbados,BRB,98.4544419049381
2013,YR2013,Belarus,BLR,98.311918430326
2013,YR2013,Belgium,BEL,99.9999956364419
2013,YR2013,Belize,BLZ,95.8901857401957
2013,YR2013,Benin,BEN,65.2795997940444
2013,YR2013,Bermuda,BMU,99.9031400170636
2013,YR2013,Bhutan,BTN,95.70915284335
2013,YR2013,Bolivia,BOL,89.2500734436876
2013,YR2013,Bosnia and Herzegovina,BIH,96.3520044960766
2013,YR2013,Botswana,BWA,86.5076033139407
2013,YR2013,Brazil,BRA,97.3076718816465
2013,YR2013,British Virgin Islands,VGB,99.8643835616439
2013,YR2013,Brunei Darussalam,BRN,99.9000336895986
2013,YR2013,Bulgaria,BGR,99.3284841822603
2013,YR2013,Burkina Faso,BFA,51.9026696621386
2013,YR2013,Burundi,BDI,58.3474042437146
2013,YR2013,Cabo Verde,CPV,84.2809235377438
2013,YR2013,Cambodia,KHM,69.2776988970285
2013,YR2013,Cameroon,CMR,64.9095494694424
2013,YR2013,Canada,CAN,99.2326886789969
2013,YR2013,Cayman Islands,CYM,95.8374233128834
2013,YR2013,Central African Republic,CAF,44.4049338962724
2013,YR2013,Chad,TCD,46.4730952162018
2013,YR2013,Channel Islands,CHI,..
2013,YR2013,Chile,CHL,99.0403880891887
2013,YR2013,China,CHN,91.2079079481676
2013,YR2013,Colombia,COL,95.5779768800422
2013,YR2013,Comoros,COM,80.9975676784484
2013,YR2013,"Congo, Dem. Rep.",COD,36.5662249259828
2013,YR2013,"Congo, Rep.",COG,69.0595370271782
2013,YR2013,Costa Rica,CRI,98.8067821772786
2013,YR2013,Cote d'Ivoire,CIV,72.0190003098845
2013,YR2013,Croatia,HRV,..
2013,YR2013,Cuba,CUB,93.4470309691531
2013,YR2013,Curacao,CUW,99.4977518475178
2013,YR2013,Cyprus,CYP,99.8039948994153
2013,YR2013,Czechia,CZE,99.8741097401901
2013,YR2013,Denmark,DNK,99.9999969186137
2013,YR2013,Djibouti,DJI,75.7082796157219
2013,YR2013,Dominica,DMA,95.4206560631659
2013,YR2013,Dominican Republic,DOM,94.9309985562416
2013,YR2013,Ecuador,ECU,91.6523257841324
2013,YR2013,"Egypt, Arab Rep.",EGY,98.6328142113716
2013,YR2013,El Salvador,SLV,93.0459632736078
2013,YR2013,Equatorial Guinea,GNQ,63.6715134756131
2013,YR2013,Eritrea,ERI,50.7051291303828
2013,YR2013,Estonia,EST,99.5437917222656
2013,YR2013,Eswatini,SWZ,64.7811557082718
2013,YR2013,Ethiopia,ETH,38.548228349882
2013,YR2013,Faroe Islands,FRO,100
2013,YR2013,Fiji,FJI,95.1763202593056
2013,YR2013,Finland,FIN,100
2013,YR2013,France,FRA,100
2013,YR2013,French Polynesia,PYF,100
2013,YR2013,Gabon,GAB,83.9961533518138
2013,YR2013,"Gambia, The",GMB,80.3110194685297
2013,YR2013,Georgia,GEO,93.9029623149496
2013,YR2013,Germany,DEU,99.999998584425
2013,YR2013,Ghana,GHA,78.8156065108159
2013,YR2013,Gibraltar,GIB,100
2013,YR2013,Greece,GRC,99.9790200917084
2013,YR2013,Greenland,GRL,100
2013,YR2013,Grenada,GRD,95.6286504435547
2013,YR2013,Guam,GUM,99.6952
2013,YR2013,Guatemala,GTM,91.3494094544696
2013,YR2013,Guinea,GIN,60.4838781029167
2013,YR2013,Guinea-Bissau,GNB,60.0541625940776
2013,YR2013,Guyana,GUY,92.8621482567967
2013,YR2013,Haiti,HTI,63.6326909989076
2013,YR2013,Honduras,HND,91.9767246735058
2013,YR2013,"Hong Kong SAR, China",HKG,99.8332469104953
2013,YR2013,Hungary,HUN,99.9699743237225
2013,YR2013,Iceland,ISL,100
2013,YR2013,India,IND,87.9823668573986
2013,YR2013,Indonesia,IDN,87.039688549159
2013,YR2013,"Iran, Islamic Rep.",IRN,96.4945387226755
2013,YR2013,Iraq,IRQ,92.4602837326776
2013,YR2013,Ireland,IRL,96.351241208789
2013,YR2013,Isle of Man,IMN,98.6560556451613
2013,YR2013,Israel,ISR,100
2013,YR2013,Italy,ITA,99.8913216069004
2013,YR2013,Jamaica,JAM,90.1300860025781
2013,YR2013,Japan,JPN,98.8390411891102
2013,YR2013,Jordan,JOR,98.8780677262203
2013,YR2013,Kazakhstan,KAZ,94.6322012316253
2013,YR2013,Kenya,KEN,56.763103474007
2013,YR2013,Kiribati,KIR,70.1236598577451
2013,YR2013,"Korea, Dem. People's Rep.",PRK,95.9284731313416
2013,YR2013,"Korea, Rep.",KOR,99.2744309807159
2013,YR2013,Kosovo,XKX,..
2013,YR2013,Kuwait,KWT,100
2013,YR2013,Kyrgyz Republic,KGZ,86.9500865237828
2013,YR2013,Lao PDR,LAO,73.6824008650336
2013,YR2013,Latvia,LVA,98.4241537968664
2013,YR2013,Lebanon,LBN,90.1319619234568
2013,YR2013,Lesotho,LSO,70.5298400497141
2013,YR2013,Liberia,LBR,71.0475598645303
2013,YR2013,Libya,LBY,95.5416760658698
2013,YR2013,Liechtenstein,LIE,100
2013,YR2013,Lithuania,LTU,95.6610147705921
2013,YR2013,Luxembourg,LUX,99.9652463040047
2013,YR2013,"Macao SAR, China",MAC,100
2013,YR2013,Madagascar,MDG,46.5189417208381
2013,YR2013,Malawi,MWI,64.5846233286892
2013,YR2013,Malaysia,MYS,97.0360191765734
2013,YR2013,Maldives,MDV,98.2050998830209
2013,YR2013,Mali,MLI,70.2561518476449
2013,YR2013,Malta,MLT,99.999997297169
2013,YR2013,Marshall Islands,MHL,87.1264193749024
2013,YR2013,Mauritania,MRT,62.125804073415
2013,YR2013,Mauritius,MUS,99.7548988700036
2013,YR2013,Mexico,MEX,96.9361142167942
2013,YR2013,"Micronesia, Fed. Sts.",FSM,90.2971706064224
2013,YR2013,Moldova,MDA,88.0933541286004
2013,YR2013,Monaco,MCO,100
2013,YR2013,Mongolia,MNG,77.3737729103165
2013,YR2013,Montenegro,MNE,96.8997474933698
2013,YR2013,Morocco,MAR,78.0347633935167
2013,YR2013,Mozambique,MOZ,44.975925386408
2013,YR2013,Myanmar,MMR,68.2848517202293
2013,YR2013,Namibia,NAM,82.2751583561412
2013,YR2013,Nauru,NRU,97.1471479153537
2013,YR2013,Nepal,NPL,87.2235597131944
2013,YR2013,Netherlands,NLD,99.9999988536471
2013,YR2013,New Caledonia,NCL,97.6718536601866
2013,YR2013,New Zealand,NZL,99.9999995940721
2013,YR2013,Nicaragua,NIC,81.2287535155048
2013,YR2013,Niger,NER,44.9611346362854
2013,YR2013,Nigeria,NGA,64.9235673868733
2013,YR2013,North Macedonia,MKD,97.3982677624482
2013,YR2013,Northern Mariana Islands,MNP,99.5619751493774
2013,YR2013,Norway,NOR,99.9999993849234
2013,YR2013,Oman,OMN,89.2944806885204
2013,YR2013,Pakistan,PAK,89.2819713314618
2013,YR2013,Palau,PLW,99.5015302251586
2013,YR2013,Panama,PAN,92.5543328461858
2013,YR2013,Papua New Guinea,PNG,40.9271667940676
2013,YR2013,Paraguay,PRY,93.618796817874
2013,YR2013,Peru,PER,89.3000345168685
2013,YR2013,Philippines,PHL,91.1427386256371
2013,YR2013,Poland,POL,96.237152990062
2013,YR2013,Portugal,PRT,99.1701175619018
2013,YR2013,Puerto Rico,PRI,99.1304892071611
2013,YR2013,Qatar,QAT,99.9336559865671
2013,YR2013,Romania,ROU,99.9999994938716
2013,YR2013,Russian Federation,RUS,96.2945729464349
2013,YR2013,Rwanda,RWA,56.5792334362488
2013,YR2013,Samoa,WSM,90.1108837968064
2013,YR2013,San Marino,SMR,100
2013,YR2013,Sao Tome and Principe,STP,75.1549980628087
2013,YR2013,Saudi Arabia,SAU,..
2013,YR2013,Senegal,SEN,75.4821356227169
2013,YR2013,Serbia,SRB,92.6269680658839
2013,YR2013,Seychelles,SYC,95.5407360204361
2013,YR2013,Sierra Leone,SLE,55.0911064398499
2013,YR2013,Singapore,SGP,100
2013,YR2013,Sint Maarten (Dutch part),SXM,95.3111793297519
2013,YR2013,Slovak Republic,SVK,99.5201692592559
2013,YR2013,Slovenia,SVN,99.5
2013,YR2013,Solomon Islands,SLB,70.9490706970944
2013,YR2013,Somalia,SOM,45.5701508813665
2013,YR2013,South Africa,ZAF,90.9473828699795
2013,YR2013,South Sudan,SSD,41.2746937323888
2013,YR2013,Spain,ESP,99.9566415144306
2013,YR2013,Sri Lanka,LKA,86.6023981319846
2013,YR2013,St. Kitts and Nevis,KNA,98.6118541324065
2013,YR2013,St. Lucia,LCA,94.6880147706123
2013,YR2013,St. Martin (French part),MAF,99.9786916187815
2013,YR2013,St. Vincent and the Grenadines,VCT,97.5393834410297
2013,YR2013,Sudan,SDN,54.786102248502
2013,YR2013,Suriname,SUR,94.8572483245504
2013,YR2013,Sweden,SWE,99.6468240649313
2013,YR2013,Switzerland,CHE,99.9999992997273
2013,YR2013,Syrian Arab Republic,SYR,93.1098532850411
2013,YR2013,Tajikistan,TJK,73.4998081947807
2013,YR2013,Tanzania,TZA,47.9036146539659
2013,YR2013,Thailand,THA,98.3899959258229
2013,YR2013,Timor-Leste,TLS,69.9808748954356
2013,YR2013,Togo,TGO,61.1116734437547
2013,YR2013,Tonga,TON,98.478397099063
2013,YR2013,Trinidad and Tobago,TTO,97.3703479985086
2013,YR2013,Tunisia,TUN,93.1070936464333
2013,YR2013,Turkiye,TUR,95.9293415955243
2013,YR2013,Turkmenistan,TKM,96.2769772872363
2013,YR2013,Turks and Caicos Islands,TCA,..
2013,YR2013,Tuvalu,TUV,99.0847563253498
2013,YR2013,Uganda,UGA,44.7848792369786
2013,YR2013,Ukraine,UKR,93.7881501406335
2013,YR2013,United Arab Emirates,ARE,99.8804085301789
2013,YR2013,United Kingdom,GBR,99.9999998056057
2013,YR2013,United States,USA,99.264889342605
2013,YR2013,Uruguay,URY,98.8525781207321
2013,YR2013,Uzbekistan,UZB,93.2160218763321
2013,YR2013,Vanuatu,VUT,87.5324642269516
2013,YR2013,"Venezuela, RB",VEN,94.9254647290471
2013,YR2013,Viet Nam,VNM,91.1670953550242
2013,YR2013,Virgin Islands (U.S.),VIR,98.7182836894184
2013,YR2013,West Bank and Gaza,PSE,95.7591629903732
2013,YR2013,"Yemen, Rep.",YEM,53.7215250406963
2013,YR2013,Zambia,ZMB,60.8580842530341
2013,YR2013,Zimbabwe,ZWE,65.9664737026442
2014,YR2014,Africa Eastern and Southern,AFE,52.747072324836
2014,YR2014,Africa Western and Central,AFW,65.4728152474777
2014,YR2014,Arab World,ARB,85.0200902119517
2014,YR2014,Caribbean small states,CSS,95.9217819001273
2014,YR2014,Central Europe and the Baltics,CEB,98.0399825484211
2014,YR2014,Early-demographic dividend,EAR,87.8721529279756
2014,YR2014,East Asia & Pacific,EAS,91.5934773452404
2014,YR2014,East Asia & Pacific (excluding high income),EAP,90.769368542623
2014,YR2014,East Asia & Pacific (IDA & IBRD countries),TEA,90.7094358670772
2014,YR2014,Euro area,EMU,99.8476991767718
2014,YR2014,Europe & Central Asia,ECS,97.5547909876163
2014,YR2014,Europe & Central Asia (excluding high income),ECA,93.8807553358293
2014,YR2014,Europe & Central Asia (IDA & IBRD countries),TEC,95.1919192523739
2014,YR2014,European Union,EUU,99.4708950687192
2014,YR2014,Fragile and conflict affected situations,FCS,61.802020364777
2014,YR2014,Heavily indebted poor countries (HIPC),HPC,54.3735295390777
2014,YR2014,High income,HIC,99.0225105379198
2014,YR2014,IBRD only,IBD,..
2014,YR2014,IDA & IBRD total,IBT,85.7881231628346
2014,YR2014,IDA blend,IDB,..
2014,YR2014,IDA only,IDX,..
2014,YR2014,IDA total,IDA,..
2014,YR2014,Late-demographic dividend,LTE,93.2572713584283
2014,YR2014,Latin America & Caribbean,LCN,95.5672793473623
2014,YR2014,Latin America & Caribbean (excluding high income),LAC,95.4588937423834
2014,YR2014,Latin America & the Caribbean (IDA & IBRD countries),TLA,95.5786922318497
2014,YR2014,Least developed countries: UN classification,LDC,61.1788531611249
2014,YR2014,Low & middle income,LMY,85.3646360847145
2014,YR2014,Low income,LIC,52.1857064763514
2014,YR2014,Lower middle income,LMC,84.7826103385189
2014,YR2014,Middle East & North Africa,MEA,91.8394658757412
2014,YR2014,Middle East & North Africa (excluding high income),MNA,91.3194112771569
2014,YR2014,Middle East & North Africa (IDA & IBRD countries),TMN,91.2653177468101
2014,YR2014,Middle income,MIC,88.8784846255706
2014,YR2014,North America,NAC,99.3360659114079
2014,YR2014,Not classified,INX,..
2014,YR2014,OECD members,OED,98.8864224772979
2014,YR2014,Other small states,OSS,89.9741307587317
2014,YR2014,Pacific island small states,PSS,86.463740488573
2014,YR2014,Post-demographic dividend,PST,99.2123506296586
2014,YR2014,Pre-demographic dividend,PRE,58.2911763860982
2014,YR2014,Small states,SST,90.4714807396061
2014,YR2014,South Asia,SAS,88.8819916288436
2014,YR2014,South Asia (IDA & IBRD),TSA,88.8819916288436
2014,YR2014,Sub-Saharan Africa,SSF,57.9054756011584
2014,YR2014,Sub-Saharan Africa (excluding high income),SSA,57.9019604935701
2014,YR2014,Sub-Saharan Africa (IDA & IBRD countries),TSS,57.9054756011584
2014,YR2014,Upper middle income,UMC,93.0227282080627
2014,YR2014,World,WLD,87.8455619356621
2014,YR2014,Afghanistan,AFG,59.5981581738121
2014,YR2014,Albania,ALB,93.0200580597032
2014,YR2014,Algeria,DZA,93.1923467804089
2014,YR2014,American Samoa,ASM,98.4837292078587
2014,YR2014,Andorra,AND,100
2014,YR2014,Angola,AGO,53.5415077905239
2014,YR2014,Antigua and Barbuda,ATG,98.36547509164
2014,YR2014,Argentina,ARG,98.9232479851466
2014,YR2014,Armenia,ARM,99.3248756665526
2014,YR2014,Aruba,ABW,97.8690233809859
2014,YR2014,Australia,AUS,99.9614764144689
2014,YR2014,Austria,AUT,100
2014,YR2014,Azerbaijan,AZE,91.2831530135521
2014,YR2014,"Bahamas, The",BHS,98.8441961715722
2014,YR2014,Bahrain,BHR,99.9315289348395
2014,YR2014,Bangladesh,BGD,97.1596636760135
2014,YR2014,Barbados,BRB,98.464443323885
2014,YR2014,Belarus,BLR,98.3203614644208
2014,YR2014,Belgium,BEL,99.9999985626867
2014,YR2014,Belize,BLZ,96.5423001003273
2014,YR2014,Benin,BEN,65.5234749625524
2014,YR2014,Bermuda,BMU,99.9031400170636
2014,YR2014,Bhutan,BTN,96.6057777361165
2014,YR2014,Bolivia,BOL,89.8203347879304
2014,YR2014,Bosnia and Herzegovina,BIH,96.1681277683125
2014,YR2014,Botswana,BWA,87.5224807709858
2014,YR2014,Brazil,BRA,97.5585811855157
2014,YR2014,British Virgin Islands,VGB,99.8643835616439
2014,YR2014,Brunei Darussalam,BRN,99.900035631517
2014,YR2014,Bulgaria,BGR,99.2961131591919
2014,YR2014,Burkina Faso,BFA,51.4054752913412
2014,YR2014,Burundi,BDI,58.9625419122028
2014,YR2014,Cabo Verde,CPV,84.6889979682367
2014,YR2014,Cambodia,KHM,70.3567098391523
2014,YR2014,Cameroon,CMR,65.4615077465372
2014,YR2014,Canada,CAN,99.230983411354
2014,YR2014,Cayman Islands,CYM,95.7996932515338
2014,YR2014,Central African Republic,CAF,43.354001474842
2014,YR2014,Chad,TCD,47.1234151576749
2014,YR2014,Channel Islands,CHI,..
2014,YR2014,Chile,CHL,99.2742482208884
2014,YR2014,China,CHN,91.9731192427815
2014,YR2014,Colombia,COL,95.821895841302
2014,YR2014,Comoros,COM,80.2060315486897
2014,YR2014,"Congo, Dem. Rep.",COD,36.4386349050569
2014,YR2014,"Congo, Rep.",COG,70.1070424458081
2014,YR2014,Costa Rica,CRI,99.0392479916441
2014,YR2014,Cote d'Ivoire,CIV,72.1071370058076
2014,YR2014,Croatia,HRV,..
2014,YR2014,Cuba,CUB,93.5635722640959
2014,YR2014,Curacao,CUW,99.4977518475178
2014,YR2014,Cyprus,CYP,99.7962635128942
2014,YR2014,Czechia,CZE,99.8800124959238
2014,YR2014,Denmark,DNK,99.9999981075887
2014,YR2014,Djibouti,DJI,75.7452990400743
2014,YR2014,Dominica,DMA,95.4206560631659
2014,YR2014,Dominican Republic,DOM,95.1580058945339
2014,YR2014,Ecuador,ECU,92.3579685609702
2014,YR2014,"Egypt, Arab Rep.",EGY,98.6620775238515
2014,YR2014,El Salvador,SLV,94.1529283986877
2014,YR2014,Equatorial Guinea,GNQ,63.9264743902707
2014,YR2014,Eritrea,ERI,51.0835649326091
2014,YR2014,Estonia,EST,99.7181271894266
2014,YR2014,Eswatini,SWZ,65.6570323901846
2014,YR2014,Ethiopia,ETH,40.034664721558
2014,YR2014,Faroe Islands,FRO,100
2014,YR2014,Fiji,FJI,95.2100702737926
2014,YR2014,Finland,FIN,100
2014,YR2014,France,FRA,99.9999972602157
2014,YR2014,French Polynesia,PYF,100
2014,YR2014,Gabon,GAB,84.1376398407192
2014,YR2014,"Gambia, The",GMB,80.9175927499699
2014,YR2014,Georgia,GEO,93.4896105267785
2014,YR2014,Germany,DEU,100
2014,YR2014,Ghana,GHA,79.8844304386383
2014,YR2014,Gibraltar,GIB,100
2014,YR2014,Greece,GRC,99.9982288014899
2014,YR2014,Greenland,GRL,100
2014,YR2014,Grenada,GRD,95.6286504435547
2014,YR2014,Guam,GUM,99.6952
2014,YR2014,Guatemala,GTM,91.7035730175933
2014,YR2014,Guinea,GIN,61.6487943410555
2014,YR2014,Guinea-Bissau,GNB,60.3130027729524
2014,YR2014,Guyana,GUY,93.2095909532921
2014,YR2014,Haiti,HTI,64.1022382287667
2014,YR2014,Honduras,HND,92.4330552871736
2014,YR2014,"Hong Kong SAR, China",HKG,99.9170153462302
2014,YR2014,Hungary,HUN,99.9702519413688
2014,YR2014,Iceland,ISL,100
2014,YR2014,India,IND,88.5873718355345
2014,YR2014,Indonesia,IDN,87.8579420521054
2014,YR2014,"Iran, Islamic Rep.",IRN,96.6416290821324
2014,YR2014,Iraq,IRQ,93.3560196634455
2014,YR2014,Ireland,IRL,96.2832427205083
2014,YR2014,Isle of Man,IMN,98.7924774193548
2014,YR2014,Israel,ISR,99.9999977771095
2014,YR2014,Italy,ITA,99.9170340740928
2014,YR2014,Jamaica,JAM,90.2730934740736
2014,YR2014,Japan,JPN,98.8762538120223
2014,YR2014,Jordan,JOR,98.9022105490586
2014,YR2014,Kazakhstan,KAZ,94.8292003225759
2014,YR2014,Kenya,KEN,57.4534727374167
2014,YR2014,Kiribati,KIR,70.7549985030549
2014,YR2014,"Korea, Dem. People's Rep.",PRK,95.5706756556801
2014,YR2014,"Korea, Rep.",KOR,99.3563255634543
2014,YR2014,Kosovo,XKX,..
2014,YR2014,Kuwait,KWT,100
2014,YR2014,Kyrgyz Republic,KGZ,87.4889459051265
2014,YR2014,Lao PDR,LAO,75.5818243952046
2014,YR2014,Latvia,LVA,98.4765906084133
2014,YR2014,Lebanon,LBN,90.5724231161199
2014,YR2014,Lesotho,LSO,70.9091710075085
2014,YR2014,Liberia,LBR,71.585930812849
2014,YR2014,Libya,LBY,96.411645612452
2014,YR2014,Liechtenstein,LIE,100
2014,YR2014,Lithuania,LTU,96.1335981896812
2014,YR2014,Luxembourg,LUX,99.9446049649796
2014,YR2014,"Macao SAR, China",MAC,100
2014,YR2014,Madagascar,MDG,47.299102963258
2014,YR2014,Malawi,MWI,65.4019636230554
2014,YR2014,Malaysia,MYS,97.0436886468194
2014,YR2014,Maldives,MDV,98.5112365758254
2014,YR2014,Mali,MLI,71.7847530871141
2014,YR2014,Malta,MLT,100
2014,YR2014,Marshall Islands,MHL,86.8804159565269
2014,YR2014,Mauritania,MRT,63.8479726379874
2014,YR2014,Mauritius,MUS,99.7892273957832
2014,YR2014,Mexico,MEX,97.3088202170104
2014,YR2014,"Micronesia, Fed. Sts.",FSM,90.236210773566
2014,YR2014,Moldova,MDA,88.5230477822304
2014,YR2014,Monaco,MCO,100
2014,YR2014,Mongolia,MNG,78.0492712740592
2014,YR2014,Montenegro,MNE,97.145409083929
2014,YR2014,Morocco,MAR,79.0494793784529
2014,YR2014,Mozambique,MOZ,47.0128819373376
2014,YR2014,Myanmar,MMR,70.0019904371487
2014,YR2014,Namibia,NAM,82.7234244328951
2014,YR2014,Nauru,NRU,97.0752520813294
2014,YR2014,Nepal,NPL,87.7533252357355
2014,YR2014,Netherlands,NLD,100
2014,YR2014,New Caledonia,NCL,97.9052060761844
2014,YR2014,New Zealand,NZL,99.9999988101768
2014,YR2014,Nicaragua,NIC,81.2921378883304
2014,YR2014,Niger,NER,45.3946527650978
2014,YR2014,Nigeria,NGA,66.5530061054195
2014,YR2014,North Macedonia,MKD,97.4518918318534
2014,YR2014,Northern Mariana Islands,MNP,99.7710792689306
2014,YR2014,Norway,NOR,99.999995923009
2014,YR2014,Oman,OMN,89.7744713393211
2014,YR2014,Pakistan,PAK,89.4374847948449
2014,YR2014,Palau,PLW,99.511147271251
2014,YR2014,Panama,PAN,92.735108577371
2014,YR2014,Papua New Guinea,PNG,41.9466985965934
2014,YR2014,Paraguay,PRY,94.8251554833038
2014,YR2014,Peru,PER,89.9272553412932
2014,YR2014,Philippines,PHL,91.5606767241614
2014,YR2014,Poland,POL,95.5020825058949
2014,YR2014,Portugal,PRT,99.1752188842536
2014,YR2014,Puerto Rico,PRI,99.2779694820972
2014,YR2014,Qatar,QAT,99.9398022260297
2014,YR2014,Romania,ROU,99.9999996874349
2014,YR2014,Russian Federation,RUS,96.376342161291
2014,YR2014,Rwanda,RWA,57.5210496360148
2014,YR2014,Samoa,WSM,91.1688531070319
2014,YR2014,San Marino,SMR,100
2014,YR2014,Sao Tome and Principe,STP,75.5849870092693
2014,YR2014,Saudi Arabia,SAU,..
2014,YR2014,Senegal,SEN,76.6914468030901
2014,YR2014,Serbia,SRB,93.0063522288566
2014,YR2014,Seychelles,SYC,95.6661799545147
2014,YR2014,Sierra Leone,SLE,56.234413472513
2014,YR2014,Singapore,SGP,100
2014,YR2014,Sint Maarten (Dutch part),SXM,95.3111793297519
2014,YR2014,Slovak Republic,SVK,99.7867524786684
2014,YR2014,Slovenia,SVN,99.5
2014,YR2014,Solomon Islands,SLB,70.1311297445633
2014,YR2014,Somalia,SOM,47.1431300807388
2014,YR2014,South Africa,ZAF,91.3761428829595
2014,YR2014,South Sudan,SSD,41.2773829299588
2014,YR2014,Spain,ESP,99.926939322694
2014,YR2014,Sri Lanka,LKA,86.8957412152415
2014,YR2014,St. Kitts and Nevis,KNA,98.6118541324065
2014,YR2014,St. Lucia,LCA,95.1280380862109
2014,YR2014,St. Martin (French part),MAF,99.9721468945918
2014,YR2014,St. Vincent and the Grenadines,VCT,97.7051148368668
2014,YR2014,Sudan,SDN,55.9192043089609
2014,YR2014,Suriname,SUR,95.3013968931233
2014,YR2014,Sweden,SWE,99.6594134102182
2014,YR2014,Switzerland,CHE,99.9999972090687
2014,YR2014,Syrian Arab Republic,SYR,93.1715355580974
2014,YR2014,Tajikistan,TJK,74.8649018101603
2014,YR2014,Tanzania,TZA,49.3718375680796
2014,YR2014,Thailand,THA,98.6620120676393
2014,YR2014,Timor-Leste,TLS,72.1031742135095
2014,YR2014,Togo,TGO,62.2550568439878
2014,YR2014,Tonga,TON,98.5155050526421
2014,YR2014,Trinidad and Tobago,TTO,97.7532628232891
2014,YR2014,Tunisia,TUN,93.6308498351827
2014,YR2014,Turkiye,TUR,96.0945394558175
2014,YR2014,Turkmenistan,TKM,96.9719475284268
2014,YR2014,Turks and Caicos Islands,TCA,..
2014,YR2014,Tuvalu,TUV,99.1039810055888
2014,YR2014,Uganda,UGA,46.3387388137212
2014,YR2014,Ukraine,UKR,93.3220713767913
2014,YR2014,United Arab Emirates,ARE,99.9039888768332
2014,YR2014,United Kingdom,GBR,99.9999983476075
2014,YR2014,United States,USA,99.3476448073387
2014,YR2014,Uruguay,URY,98.9935587469069
2014,YR2014,Uzbekistan,UZB,93.6104835748458
2014,YR2014,Vanuatu,VUT,87.9549094238291
2014,YR2014,"Venezuela, RB",VEN,94.7483698690897
2014,YR2014,Viet Nam,VNM,91.9225591098778
2014,YR2014,Virgin Islands (U.S.),VIR,98.7182782515685
2014,YR2014,West Bank and Gaza,PSE,96.0708791130045
2014,YR2014,"Yemen, Rep.",YEM,54.7573828323109
2014,YR2014,Zambia,ZMB,61.8765833650793
2014,YR2014,Zimbabwe,ZWE,65.4541095886703
2015,YR2015,Africa Eastern and Southern,AFE,53.6029859054055
2015,YR2015,Africa Western and Central,AFW,66.5484071078333
2015,YR2015,Arab World,ARB,86.5692152492858
2015,YR2015,Caribbean small states,CSS,96.2069067284246
2015,YR2015,Central Europe and the Baltics,CEB,97.7707955817099
2015,YR2015,Early-demographic dividend,EAR,88.490410503778
2015,YR2015,East Asia & Pacific,EAS,92.2370345868254
2015,YR2015,East Asia & Pacific (excluding high income),EAP,91.4809549208187
2015,YR2015,East Asia & Pacific (IDA & IBRD countries),TEA,91.4344712385657
2015,YR2015,Euro area,EMU,99.8523998372457
2015,YR2015,Europe & Central Asia,ECS,97.6063723865612
2015,YR2015,Europe & Central Asia (excluding high income),ECA,94.1567638648076
2015,YR2015,Europe & Central Asia (IDA & IBRD countries),TEC,95.2952035082202
2015,YR2015,European Union,EUU,99.411764495834
2015,YR2015,Fragile and conflict affected situations,FCS,62.661161969305
2015,YR2015,Heavily indebted poor countries (HIPC),HPC,55.3238534036231
2015,YR2015,High income,HIC,99.0369399666962
2015,YR2015,IBRD only,IBD,..
2015,YR2015,IDA & IBRD total,IBT,86.3072292947039
2015,YR2015,IDA blend,IDB,..
2015,YR2015,IDA only,IDX,..
2015,YR2015,IDA total,IDA,..
2015,YR2015,Late-demographic dividend,LTE,93.7970740192822
2015,YR2015,Latin America & Caribbean,LCN,95.8528161218871
2015,YR2015,Latin America & Caribbean (excluding high income),LAC,95.7752763313209
2015,YR2015,Latin America & the Caribbean (IDA & IBRD countries),TLA,95.868848115756
2015,YR2015,Least developed countries: UN classification,LDC,61.9463048789131
2015,YR2015,Low & middle income,LMY,85.9095142822926
2015,YR2015,Low income,LIC,52.9626499290844
2015,YR2015,Lower middle income,LMC,85.3705446246083
2015,YR2015,Middle East & North Africa,MEA,92.6742951349475
2015,YR2015,Middle East & North Africa (excluding high income),MNA,91.6913262490795
2015,YR2015,Middle East & North Africa (IDA & IBRD countries),TMN,91.637776605705
2015,YR2015,Middle income,MIC,89.4448297153892
2015,YR2015,North America,NAC,99.4093744790068
2015,YR2015,Not classified,INX,..
2015,YR2015,OECD members,OED,98.9465042258728
2015,YR2015,Other small states,OSS,90.3729424637639
2015,YR2015,Pacific island small states,PSS,86.3336873775048
2015,YR2015,Post-demographic dividend,PST,99.2520743522096
2015,YR2015,Pre-demographic dividend,PRE,59.3212981988026
2015,YR2015,Small states,SST,90.7790035398969
2015,YR2015,South Asia,SAS,89.4158989001781
2015,YR2015,South Asia (IDA & IBRD),TSA,89.4158989001781
2015,YR2015,Sub-Saharan Africa,SSF,58.8480293722939
2015,YR2015,Sub-Saharan Africa (excluding high income),SSA,58.8446075844227
2015,YR2015,Sub-Saharan Africa (IDA & IBRD countries),TSS,58.8480293722939
2015,YR2015,Upper middle income,UMC,93.5947766711651
2015,YR2015,World,WLD,88.3243132331942
2015,YR2015,Afghanistan,AFG,62.3696595585624
2015,YR2015,Albania,ALB,93.3943239683645
2015,YR2015,Algeria,DZA,93.4095576469991
2015,YR2015,American Samoa,ASM,98.7374034091227
2015,YR2015,Andorra,AND,100
2015,YR2015,Angola,AGO,54.316930612657
2015,YR2015,Antigua and Barbuda,ATG,98.3653622690749
2015,YR2015,Argentina,ARG,98.9823081880311
2015,YR2015,Armenia,ARM,99.5245608325277
2015,YR2015,Aruba,ABW,97.8690233809859
2015,YR2015,Australia,AUS,99.9700009039845
2015,YR2015,Austria,AUT,99.9999988248374
2015,YR2015,Azerbaijan,AZE,92.5693237263402
2015,YR2015,"Bahamas, The",BHS,98.8869604973405
2015,YR2015,Bahrain,BHR,99.9295906158634
2015,YR2015,Bangladesh,BGD,97.3011010904708
2015,YR2015,Barbados,BRB,98.4744447428319
2015,YR2015,Belarus,BLR,98.3308556431228
2015,YR2015,Belgium,BEL,99.9999962819912
2015,YR2015,Belize,BLZ,97.1755914796041
2015,YR2015,Benin,BEN,65.7627587295769
2015,YR2015,Bermuda,BMU,99.9031400170636
2015,YR2015,Bhutan,BTN,97.4862232685065
2015,YR2015,Bolivia,BOL,90.3841680932499
2015,YR2015,Bosnia and Herzegovina,BIH,96.1598434809044
2015,YR2015,Botswana,BWA,88.5124964559895
2015,YR2015,Brazil,BRA,97.8035647892997
2015,YR2015,British Virgin Islands,VGB,99.8643835616439
2015,YR2015,Brunei Darussalam,BRN,99.90003757336
2015,YR2015,Bulgaria,BGR,99.2644589337805
2015,YR2015,Burkina Faso,BFA,50.9135475105506
2015,YR2015,Burundi,BDI,59.5814707751426
2015,YR2015,Cabo Verde,CPV,85.3679901003518
2015,YR2015,Cambodia,KHM,71.4076002072769
2015,YR2015,Cameroon,CMR,65.9980474433756
2015,YR2015,Canada,CAN,99.2292213269659
2015,YR2015,Cayman Islands,CYM,95.7619631901841
2015,YR2015,Central African Republic,CAF,42.3113462015146
2015,YR2015,Chad,TCD,47.7824336445913
2015,YR2015,Channel Islands,CHI,..
2015,YR2015,Chile,CHL,99.5064928801766
2015,YR2015,China,CHN,92.7063422881616
2015,YR2015,Colombia,COL,96.0614092543758
2015,YR2015,Comoros,COM,80.1319987781875
2015,YR2015,"Congo, Dem. Rep.",COD,36.3030975519295
2015,YR2015,"Congo, Rep.",COG,71.1495835987263
2015,YR2015,Costa Rica,CRI,99.2586047982486
2015,YR2015,Cote d'Ivoire,CIV,72.1952372438825
2015,YR2015,Croatia,HRV,..
2015,YR2015,Cuba,CUB,93.680024663775
2015,YR2015,Curacao,CUW,99.4977518475178
2015,YR2015,Cyprus,CYP,99.7885226504475
2015,YR2015,Czechia,CZE,99.8800959139295
2015,YR2015,Denmark,DNK,100
2015,YR2015,Djibouti,DJI,75.787045749845
2015,YR2015,Dominica,DMA,95.4206560631659
2015,YR2015,Dominican Republic,DOM,95.3747469801697
2015,YR2015,Ecuador,ECU,93.0637815799392
2015,YR2015,"Egypt, Arab Rep.",EGY,98.6914116257754
2015,YR2015,El Salvador,SLV,95.236218443692
2015,YR2015,Equatorial Guinea,GNQ,64.178599499821
2015,YR2015,Eritrea,ERI,51.4650911306671
2015,YR2015,Estonia,EST,99.8911870771644
2015,YR2015,Eswatini,SWZ,66.5257676585086
2015,YR2015,Ethiopia,ETH,41.506855299013
2015,YR2015,Faroe Islands,FRO,100
2015,YR2015,Fiji,FJI,95.2442022172526
2015,YR2015,Finland,FIN,100
2015,YR2015,France,FRA,100
2015,YR2015,French Polynesia,PYF,100
2015,YR2015,Gabon,GAB,84.538735535926
2015,YR2015,"Gambia, The",GMB,81.5208646385111
2015,YR2015,Georgia,GEO,93.4832426680943
2015,YR2015,Germany,DEU,99.9999983056289
2015,YR2015,Ghana,GHA,80.9541538675411
2015,YR2015,Gibraltar,GIB,100
2015,YR2015,Greece,GRC,100
2015,YR2015,Greenland,GRL,100
2015,YR2015,Grenada,GRD,95.6286504435547
2015,YR2015,Guam,GUM,99.6952
2015,YR2015,Guatemala,GTM,92.0560918129617
2015,YR2015,Guinea,GIN,62.8272632655667
2015,YR2015,Guinea-Bissau,GNB,60.5565366633757
2015,YR2015,Guyana,GUY,93.5573128816329
2015,YR2015,Haiti,HTI,64.5674854749725
2015,YR2015,Honduras,HND,92.8820078727696
2015,YR2015,"Hong Kong SAR, China",HKG,100
2015,YR2015,Hungary,HUN,99.9705261412823
2015,YR2015,Iceland,ISL,100
2015,YR2015,India,IND,89.1893092956283
2015,YR2015,Indonesia,IDN,88.6672494941837
2015,YR2015,"Iran, Islamic Rep.",IRN,96.7851065376392
2015,YR2015,Iraq,IRQ,94.2475945354167
2015,YR2015,Ireland,IRL,96.214981641015
2015,YR2015,Isle of Man,IMN,98.9288991935484
2015,YR2015,Israel,ISR,100
2015,YR2015,Italy,ITA,99.9170340740928
2015,YR2015,Jamaica,JAM,90.4167982455884
2015,YR2015,Japan,JPN,98.9134664349345
2015,YR2015,Jordan,JOR,98.9124759274238
2015,YR2015,Kazakhstan,KAZ,95.0253353861125
2015,YR2015,Kenya,KEN,58.1411638109897
2015,YR2015,Kiribati,KIR,71.3789331649567
2015,YR2015,"Korea, Dem. People's Rep.",PRK,95.2148804205921
2015,YR2015,"Korea, Rep.",KOR,99.4382201461927
2015,YR2015,Kosovo,XKX,..
2015,YR2015,Kuwait,KWT,100
2015,YR2015,Kyrgyz Republic,KGZ,88.0282482591756
2015,YR2015,Lao PDR,LAO,77.4605718115198
2015,YR2015,Latvia,LVA,98.5289621895309
2015,YR2015,Lebanon,LBN,91.012884308783
2015,YR2015,Lesotho,LSO,71.2930990924663
2015,YR2015,Liberia,LBR,72.1166658826897
2015,YR2015,Libya,LBY,97.2816151590346
2015,YR2015,Liechtenstein,LIE,100
2015,YR2015,Lithuania,LTU,96.6041391284408
2015,YR2015,Luxembourg,LUX,99.92517284659
2015,YR2015,"Macao SAR, China",MAC,100
2015,YR2015,Madagascar,MDG,48.077446714498
2015,YR2015,Malawi,MWI,66.21842923585
2015,YR2015,Malaysia,MYS,97.0522072204615
2015,YR2015,Maldives,MDV,98.8142445978223
2015,YR2015,Mali,MLI,73.3037291686006
2015,YR2015,Malta,MLT,99.9999975971148
2015,YR2015,Marshall Islands,MHL,86.6389747290043
2015,YR2015,Mauritania,MRT,65.5766976503204
2015,YR2015,Mauritius,MUS,99.8236333743034
2015,YR2015,Mexico,MEX,97.6776477066578
2015,YR2015,"Micronesia, Fed. Sts.",FSM,90.1752509407096
2015,YR2015,Moldova,MDA,88.9514518015044
2015,YR2015,Monaco,MCO,100
2015,YR2015,Mongolia,MNG,78.7245239498298
2015,YR2015,Montenegro,MNE,97.3912959033093
2015,YR2015,Morocco,MAR,80.0538678565424
2015,YR2015,Mozambique,MOZ,49.0759428639125
2015,YR2015,Myanmar,MMR,71.7410019192318
2015,YR2015,Namibia,NAM,83.1619215172849
2015,YR2015,Nauru,NRU,97.003356247305
2015,YR2015,Nepal,NPL,88.275580629965
2015,YR2015,Netherlands,NLD,100
2015,YR2015,New Caledonia,NCL,98.1385584921823
2015,YR2015,New Zealand,NZL,99.9999992554402
2015,YR2015,Nicaragua,NIC,81.3531277628567
2015,YR2015,Niger,NER,45.8159264872674
2015,YR2015,Nigeria,NGA,68.1845425049661
2015,YR2015,North Macedonia,MKD,97.5057069828448
2015,YR2015,Northern Mariana Islands,MNP,99.9801833884838
2015,YR2015,Norway,NOR,100
2015,YR2015,Oman,OMN,90.238487000101
2015,YR2015,Pakistan,PAK,89.5912469503616
2015,YR2015,Palau,PLW,99.5202624333344
2015,YR2015,Panama,PAN,92.9137986450208
2015,YR2015,Papua New Guinea,PNG,42.9687651734413
2015,YR2015,Paraguay,PRY,96.0186086116123
2015,YR2015,Peru,PER,90.5504162789145
2015,YR2015,Philippines,PHL,91.9773505590147
2015,YR2015,Poland,POL,94.7645729803903
2015,YR2015,Portugal,PRT,99.1816088485954
2015,YR2015,Puerto Rico,PRI,99.4254497570333
2015,YR2015,Qatar,QAT,99.9459484654924
2015,YR2015,Romania,ROU,100
2015,YR2015,Russian Federation,RUS,96.4588851939079
2015,YR2015,Rwanda,RWA,58.4752230978059
2015,YR2015,Samoa,WSM,92.2280018053418
2015,YR2015,San Marino,SMR,100
2015,YR2015,Sao Tome and Principe,STP,76.0042348196248
2015,YR2015,Saudi Arabia,SAU,98.6744410427302
2015,YR2015,Senegal,SEN,77.8987857430696
2015,YR2015,Serbia,SRB,93.3864584076858
2015,YR2015,Seychelles,SYC,95.7916238885933
2015,YR2015,Sierra Leone,SLE,57.3753150579913
2015,YR2015,Singapore,SGP,100
2015,YR2015,Sint Maarten (Dutch part),SXM,95.3111793297519
2015,YR2015,Slovak Republic,SVK,99.7871908255865
2015,YR2015,Slovenia,SVN,99.5
2015,YR2015,Solomon Islands,SLB,69.3299197692829
2015,YR2015,Somalia,SOM,48.7111537627703
2015,YR2015,South Africa,ZAF,91.7960958447093
2015,YR2015,South Sudan,SSD,41.2475085031689
2015,YR2015,Spain,ESP,99.9267263105102
2015,YR2015,Sri Lanka,LKA,87.1911327903211
2015,YR2015,St. Kitts and Nevis,KNA,98.6118541324065
2015,YR2015,St. Lucia,LCA,95.5680948364947
2015,YR2015,St. Martin (French part),MAF,99.965602170402
2015,YR2015,St. Vincent and the Grenadines,VCT,97.7108558108169
2015,YR2015,Sudan,SDN,57.0543889684013
2015,YR2015,Suriname,SUR,95.7476957195653
2015,YR2015,Sweden,SWE,99.6716730402795
2015,YR2015,Switzerland,CHE,99.9999962502182
2015,YR2015,Syrian Arab Republic,SYR,93.3181430680573
2015,YR2015,Tajikistan,TJK,76.2394931599553
2015,YR2015,Tanzania,TZA,50.8314701192375
2015,YR2015,Thailand,THA,98.9293593962036
2015,YR2015,Timor-Leste,TLS,74.2458313013065
2015,YR2015,Togo,TGO,63.3871895989433
2015,YR2015,Tonga,TON,98.5525389627508
2015,YR2015,Trinidad and Tobago,TTO,98.1361776480696
2015,YR2015,Tunisia,TUN,94.1515141812455
2015,YR2015,Turkiye,TUR,96.2561611638359
2015,YR2015,Turkmenistan,TKM,97.6589427174564
2015,YR2015,Turks and Caicos Islands,TCA,..
2015,YR2015,Tuvalu,TUV,99.1231344003368
2015,YR2015,Uganda,UGA,47.9088089711991
2015,YR2015,Ukraine,UKR,93.3615879463185
2015,YR2015,United Arab Emirates,ARE,99.9277462664831
2015,YR2015,United Kingdom,GBR,100
2015,YR2015,United States,USA,99.4293286043051
2015,YR2015,Uruguay,URY,99.1313996037366
2015,YR2015,Uzbekistan,UZB,94.0078216347275
2015,YR2015,Vanuatu,VUT,88.3769869401163
2015,YR2015,"Venezuela, RB",VEN,94.5712750091323
2015,YR2015,Viet Nam,VNM,92.6683085914306
2015,YR2015,Virgin Islands (U.S.),VIR,98.7182728137185
2015,YR2015,West Bank and Gaza,PSE,96.3798570222463
2015,YR2015,"Yemen, Rep.",YEM,55.7788689759784
2015,YR2015,Zambia,ZMB,62.8879569310471
2015,YR2015,Zimbabwe,ZWE,64.9549322108489
2016,YR2016,Africa Eastern and Southern,AFE,54.4164559283868
2016,YR2016,Africa Western and Central,AFW,67.6172260539602
2016,YR2016,Arab World,ARB,87.0019795027031
2016,YR2016,Caribbean small states,CSS,96.4604310441819
2016,YR2016,Central Europe and the Baltics,CEB,97.4975433069501
2016,YR2016,Early-demographic dividend,EAR,88.9921970457558
2016,YR2016,East Asia & Pacific,EAS,92.8612447789157
2016,YR2016,East Asia & Pacific (excluding high income),EAP,92.1707669590419
2016,YR2016,East Asia & Pacific (IDA & IBRD countries),TEA,92.137358895293
2016,YR2016,Euro area,EMU,99.8563012803777
2016,YR2016,Europe & Central Asia,ECS,97.6541564758408
2016,YR2016,Europe & Central Asia (excluding high income),ECA,94.4158719516157
2016,YR2016,Europe & Central Asia (IDA & IBRD countries),TEC,95.3911924808292
2016,YR2016,European Union,EUU,99.352219593523
2016,YR2016,Fragile and conflict affected situations,FCS,63.5287080155211
2016,YR2016,Heavily indebted poor countries (HIPC),HPC,56.2648629262138
2016,YR2016,High income,HIC,99.0592262513357
2016,YR2016,IBRD only,IBD,..
2016,YR2016,IDA & IBRD total,IBT,86.8126962111286
2016,YR2016,IDA blend,IDB,..
2016,YR2016,IDA only,IDX,..
2016,YR2016,IDA total,IDA,..
2016,YR2016,Late-demographic dividend,LTE,94.3067207535166
2016,YR2016,Latin America & Caribbean,LCN,96.1057915361535
2016,YR2016,Latin America & Caribbean (excluding high income),LAC,96.0537234948787
2016,YR2016,Latin America & the Caribbean (IDA & IBRD countries),TLA,96.1253774288972
2016,YR2016,Least developed countries: UN classification,LDC,62.7186643662734
2016,YR2016,Low & middle income,LMY,86.4397082417239
2016,YR2016,Low income,LIC,53.7848269969351
2016,YR2016,Lower middle income,LMC,85.9549440609506
2016,YR2016,Middle East & North Africa,MEA,92.9896945896223
2016,YR2016,Middle East & North Africa (excluding high income),MNA,92.0504324946902
2016,YR2016,Middle East & North Africa (IDA & IBRD countries),TMN,91.997255169287
2016,YR2016,Middle income,MIC,89.9952629497287
2016,YR2016,North America,NAC,99.4815697383389
2016,YR2016,Not classified,INX,..
2016,YR2016,OECD members,OED,99.00586907554
2016,YR2016,Other small states,OSS,90.7592792387016
2016,YR2016,Pacific island small states,PSS,86.2034515886624
2016,YR2016,Post-demographic dividend,PST,99.2908301736091
2016,YR2016,Pre-demographic dividend,PRE,60.3418079199694
2016,YR2016,Small states,SST,91.0728965000525
2016,YR2016,South Asia,SAS,89.951415676476
2016,YR2016,South Asia (IDA & IBRD),TSA,89.951415676476
2016,YR2016,Sub-Saharan Africa,SSF,59.7644904035981
2016,YR2016,Sub-Saharan Africa (excluding high income),SSA,59.7611867211493
2016,YR2016,Sub-Saharan Africa (IDA & IBRD countries),TSS,59.7644904035981
2016,YR2016,Upper middle income,UMC,94.1390764572746
2016,YR2016,World,WLD,88.7450604977927
2016,YR2016,Afghanistan,AFG,65.1721622599667
2016,YR2016,Albania,ALB,93.7548779094968
2016,YR2016,Algeria,DZA,93.6227755358994
2016,YR2016,American Samoa,ASM,98.9910776103868
2016,YR2016,Andorra,AND,99.99999600335
2016,YR2016,Angola,AGO,55.0842725132132
2016,YR2016,Antigua and Barbuda,ATG,98.3652624014084
2016,YR2016,Argentina,ARG,99.0413737808333
2016,YR2016,Armenia,ARM,99.5293510076689
2016,YR2016,Aruba,ABW,97.8690233809859
2016,YR2016,Australia,AUS,99.9699666761373
2016,YR2016,Austria,AUT,100
2016,YR2016,Azerbaijan,AZE,93.3531599265287
2016,YR2016,"Bahamas, The",BHS,98.8869604973405
2016,YR2016,Bahrain,BHR,99.9276522968873
2016,YR2016,Bangladesh,BGD,97.4383909094007
2016,YR2016,Barbados,BRB,98.4844461617788
2016,YR2016,Belarus,BLR,98.3433344843066
2016,YR2016,Belgium,BEL,100
2016,YR2016,Belize,BLZ,97.5845405245812
2016,YR2016,Benin,BEN,65.9973620315647
2016,YR2016,Bermuda,BMU,99.9031400170636
2016,YR2016,Bhutan,BTN,98.1862388792563
2016,YR2016,Bolivia,BOL,90.9418494280406
2016,YR2016,Bosnia and Herzegovina,BIH,96.1512641348273
2016,YR2016,Botswana,BWA,89.4779017317438
2016,YR2016,Brazil,BRA,97.955839734312
2016,YR2016,British Virgin Islands,VGB,99.8643835616439
2016,YR2016,Brunei Darussalam,BRN,99.9000395151275
2016,YR2016,Bulgaria,BGR,99.2335067314028
2016,YR2016,Burkina Faso,BFA,50.4274106086425
2016,YR2016,Burundi,BDI,60.2041529609438
2016,YR2016,Cabo Verde,CPV,86.2422740726724
2016,YR2016,Cambodia,KHM,72.4305818903856
2016,YR2016,Cameroon,CMR,66.519319237706
2016,YR2016,Canada,CAN,99.2273960932328
2016,YR2016,Cayman Islands,CYM,95.7242331288344
2016,YR2016,Central African Republic,CAF,41.276645035426
2016,YR2016,Chad,TCD,48.4497546132228
2016,YR2016,Channel Islands,CHI,..
2016,YR2016,Chile,CHL,99.7371866996943
2016,YR2016,China,CHN,93.4078793193365
2016,YR2016,Colombia,COL,96.2965922555706
2016,YR2016,Comoros,COM,80.1488513169666
2016,YR2016,"Congo, Dem. Rep.",COD,36.1595332439638
2016,YR2016,"Congo, Rep.",COG,72.1866570049193
2016,YR2016,Costa Rica,CRI,99.4658056341647
2016,YR2016,Cote d'Ivoire,CIV,72.2826047701817
2016,YR2016,Croatia,HRV,..
2016,YR2016,Cuba,CUB,93.7961867219836
2016,YR2016,Curacao,CUW,99.4977518475178
2016,YR2016,Cyprus,CYP,99.7807592223867
2016,YR2016,Czechia,CZE,99.8801723996148
2016,YR2016,Denmark,DNK,99.9999966973667
2016,YR2016,Djibouti,DJI,75.8326297601131
2016,YR2016,Dominica,DMA,95.4206560631659
2016,YR2016,Dominican Republic,DOM,95.5814520794296
2016,YR2016,Ecuador,ECU,93.7694147343323
2016,YR2016,"Egypt, Arab Rep.",EGY,98.7208232501016
2016,YR2016,El Salvador,SLV,96.2074761001858
2016,YR2016,Equatorial Guinea,GNQ,64.4255194323934
2016,YR2016,Eritrea,ERI,51.84971602427
2016,YR2016,Estonia,EST,99.915239179191
2016,YR2016,Eswatini,SWZ,67.3899527040365
2016,YR2016,Ethiopia,ETH,42.9651586197148
2016,YR2016,Faroe Islands,FRO,100
2016,YR2016,Fiji,FJI,95.2786366784068
2016,YR2016,Finland,FIN,99.9999965612864
2016,YR2016,France,FRA,99.9999974727228
2016,YR2016,French Polynesia,PYF,100
2016,YR2016,Gabon,GAB,84.9227957610398
2016,YR2016,"Gambia, The",GMB,82.120548806327
2016,YR2016,Georgia,GEO,93.7227221316814
2016,YR2016,Germany,DEU,100
2016,YR2016,Ghana,GHA,82.0248834358595
2016,YR2016,Gibraltar,GIB,100
2016,YR2016,Greece,GRC,100
2016,YR2016,Greenland,GRL,100
2016,YR2016,Grenada,GRD,95.6286504435547
2016,YR2016,Guam,GUM,99.6952
2016,YR2016,Guatemala,GTM,92.4065264510318
2016,YR2016,Guinea,GIN,64.0192375398868
2016,YR2016,Guinea-Bissau,GNB,60.7844520965081
2016,YR2016,Guyana,GUY,93.9051955440263
2016,YR2016,Haiti,HTI,65.0230168507914
2016,YR2016,Honduras,HND,93.3238929673688
2016,YR2016,"Hong Kong SAR, China",HKG,100
2016,YR2016,Hungary,HUN,99.9708056888519
2016,YR2016,Iceland,ISL,100
2016,YR2016,India,IND,89.7879609406816
2016,YR2016,Indonesia,IDN,89.4676670658379
2016,YR2016,"Iran, Islamic Rep.",IRN,96.9250833561248
2016,YR2016,Iraq,IRQ,95.1361735911499
2016,YR2016,Ireland,IRL,96.1464377731388
2016,YR2016,Isle of Man,IMN,99.0653209677419
2016,YR2016,Israel,ISR,100
2016,YR2016,Italy,ITA,99.9170340740928
2016,YR2016,Jamaica,JAM,90.5612054061526
2016,YR2016,Japan,JPN,98.9506790578466
2016,YR2016,Jordan,JOR,98.9225522204197
2016,YR2016,Kazakhstan,KAZ,95.2205093968163
2016,YR2016,Kenya,KEN,58.8259446957595
2016,YR2016,Kiribati,KIR,71.9909323237326
2016,YR2016,"Korea, Dem. People's Rep.",PRK,94.8621023027482
2016,YR2016,"Korea, Rep.",KOR,99.520114728931
2016,YR2016,Kosovo,XKX,..
2016,YR2016,Kuwait,KWT,100
2016,YR2016,Kyrgyz Republic,KGZ,88.5576179455505
2016,YR2016,Lao PDR,LAO,79.5978434078883
2016,YR2016,Latvia,LVA,98.5813642330942
2016,YR2016,Lebanon,LBN,91.4533455014463
2016,YR2016,Lesotho,LSO,71.681200471811
2016,YR2016,Liberia,LBR,72.639712581474
2016,YR2016,Libya,LBY,98.1515847056171
2016,YR2016,Liechtenstein,LIE,100
2016,YR2016,Lithuania,LTU,97.0737449088059
2016,YR2016,Luxembourg,LUX,99.9068737103635
2016,YR2016,"Macao SAR, China",MAC,100
2016,YR2016,Madagascar,MDG,48.854353375217
2016,YR2016,Malawi,MWI,67.0329347081967
2016,YR2016,Malaysia,MYS,97.0616988178433
2016,YR2016,Maldives,MDV,99.1140929170056
2016,YR2016,Mali,MLI,74.8129548355343
2016,YR2016,Malta,MLT,100
2016,YR2016,Marshall Islands,MHL,86.4019083763836
2016,YR2016,Mauritania,MRT,67.3108424585845
2016,YR2016,Mauritius,MUS,99.858158093397
2016,YR2016,Mexico,MEX,98.0427474926673
2016,YR2016,"Micronesia, Fed. Sts.",FSM,90.1142911078532
2016,YR2016,Moldova,MDA,89.3834604746081
2016,YR2016,Monaco,MCO,100
2016,YR2016,Mongolia,MNG,79.3990823170909
2016,YR2016,Montenegro,MNE,97.6373850604074
2016,YR2016,Morocco,MAR,81.048169800734
2016,YR2016,Mozambique,MOZ,51.1644141801736
2016,YR2016,Myanmar,MMR,73.5016743679592
2016,YR2016,Namibia,NAM,83.5864062697549
2016,YR2016,Nauru,NRU,97.003356247305
2016,YR2016,Nepal,NPL,88.7902053889185
2016,YR2016,Netherlands,NLD,99.9999971771538
2016,YR2016,New Caledonia,NCL,98.3719109081802
2016,YR2016,New Zealand,NZL,100
2016,YR2016,Nicaragua,NIC,81.4159724476439
2016,YR2016,Niger,NER,46.2236182374411
2016,YR2016,Nigeria,NGA,69.8172268810042
2016,YR2016,North Macedonia,MKD,97.5598502743557
2016,YR2016,Northern Mariana Islands,MNP,100
2016,YR2016,Norway,NOR,99.9999993472911
2016,YR2016,Oman,OMN,90.6874246575997
2016,YR2016,Pakistan,PAK,89.7432459855344
2016,YR2016,Palau,PLW,99.5288425689722
2016,YR2016,Panama,PAN,93.2426372617578
2016,YR2016,Papua New Guinea,PNG,43.9930330008888
2016,YR2016,Paraguay,PRY,97.1992968525856
2016,YR2016,Peru,PER,91.1691059497992
2016,YR2016,Philippines,PHL,92.3926834183241
2016,YR2016,Poland,POL,94.0267326823036
2016,YR2016,Portugal,PRT,99.1892646693898
2016,YR2016,Puerto Rico,PRI,99.5729300319693
2016,YR2016,Qatar,QAT,99.9520947049551
2016,YR2016,Romania,ROU,100
2016,YR2016,Russian Federation,RUS,96.5421961836255
2016,YR2016,Rwanda,RWA,59.4411197028295
2016,YR2016,Samoa,WSM,93.2882850329994
2016,YR2016,San Marino,SMR,100
2016,YR2016,Sao Tome and Principe,STP,76.4130457301581
2016,YR2016,Saudi Arabia,SAU,98.6709231567811
2016,YR2016,Senegal,SEN,79.1033819690487
2016,YR2016,Serbia,SRB,93.7672317299701
2016,YR2016,Seychelles,SYC,95.9170678226719
2016,YR2016,Sierra Leone,SLE,58.5140678398776
2016,YR2016,Singapore,SGP,100
2016,YR2016,Sint Maarten (Dutch part),SXM,95.3111793297519
2016,YR2016,Slovak Republic,SVK,99.7875192022145
2016,YR2016,Slovenia,SVN,99.5
2016,YR2016,Solomon Islands,SLB,68.5447968435912
2016,YR2016,Somalia,SOM,50.2745954059149
2016,YR2016,South Africa,ZAF,92.2073116249765
2016,YR2016,South Sudan,SSD,41.1868131749208
2016,YR2016,Spain,ESP,99.9265022787256
2016,YR2016,Sri Lanka,LKA,87.4883909600499
2016,YR2016,St. Kitts and Nevis,KNA,98.6118541324065
2016,YR2016,St. Lucia,LCA,96.0080351868864
2016,YR2016,St. Martin (French part),MAF,99.9590574462123
2016,YR2016,St. Vincent and the Grenadines,VCT,97.7166421557734
2016,YR2016,Sudan,SDN,58.1910173796323
2016,YR2016,Suriname,SUR,96.1954598279264
2016,YR2016,Sweden,SWE,99.6835913395112
2016,YR2016,Switzerland,CHE,100
2016,YR2016,Syrian Arab Republic,SYR,93.461617744231
2016,YR2016,Tajikistan,TJK,77.6228562087016
2016,YR2016,Tanzania,TZA,52.2811702298122
2016,YR2016,Thailand,THA,99.1920331036719
2016,YR2016,Timor-Leste,TLS,76.4083709987334
2016,YR2016,Togo,TGO,64.5093974540071
2016,YR2016,Tonga,TON,98.5895080009692
2016,YR2016,Trinidad and Tobago,TTO,98.5190924728501
2016,YR2016,Tunisia,TUN,94.6685359628418
2016,YR2016,Turkiye,TUR,96.4143254328321
2016,YR2016,Turkmenistan,TKM,98.3381304107743
2016,YR2016,Turks and Caicos Islands,TCA,98.689411704729
2016,YR2016,Tuvalu,TUV,99.1422299170449
2016,YR2016,Uganda,UGA,49.4935303861388
2016,YR2016,Ukraine,UKR,93.4006335847508
2016,YR2016,United Arab Emirates,ARE,99.9516757226023
2016,YR2016,United Kingdom,GBR,99.9999972155672
2016,YR2016,United States,USA,99.5098953354758
2016,YR2016,Uruguay,URY,99.2662515756008
2016,YR2016,Uzbekistan,UZB,94.4080439802707
2016,YR2016,Vanuatu,VUT,88.7988178142367
2016,YR2016,"Venezuela, RB",VEN,94.3941801491749
2016,YR2016,Viet Nam,VNM,93.4040810523936
2016,YR2016,Virgin Islands (U.S.),VIR,98.7182673758686
2016,YR2016,West Bank and Gaza,PSE,96.6860021020729
2016,YR2016,"Yemen, Rep.",YEM,56.7856171923155
2016,YR2016,Zambia,ZMB,63.8912322887943
2016,YR2016,Zimbabwe,ZWE,64.4689608649211
2017,YR2017,Africa Eastern and Southern,AFE,55.2338909572547
2017,YR2017,Africa Western and Central,AFW,68.6819602315201
2017,YR2017,Arab World,ARB,87.4210118326116
2017,YR2017,Caribbean small states,CSS,96.7146626774167
2017,YR2017,Central Europe and the Baltics,CEB,97.22261711257
2017,YR2017,Early-demographic dividend,EAR,89.3540315064035
2017,YR2017,East Asia & Pacific,EAS,93.4624430414994
2017,YR2017,East Asia & Pacific (excluding high income),EAP,92.8350545173424
2017,YR2017,East Asia & Pacific (IDA & IBRD countries),TEA,92.8143128045114
2017,YR2017,Euro area,EMU,99.8599622165263
2017,YR2017,Europe & Central Asia,ECS,97.702328534257
2017,YR2017,Europe & Central Asia (excluding high income),ECA,94.6741092360727
2017,YR2017,Europe & Central Asia (IDA & IBRD countries),TEC,95.4885138462636
2017,YR2017,European Union,EUU,99.2922884401679
2017,YR2017,Fragile and conflict affected situations,FCS,64.446943625158
2017,YR2017,Heavily indebted poor countries (HIPC),HPC,57.225652128903
2017,YR2017,High income,HIC,99.0816458349914
2017,YR2017,IBRD only,IBD,..
2017,YR2017,IDA & IBRD total,IBT,87.2568249177468
2017,YR2017,IDA blend,IDB,..
2017,YR2017,IDA only,IDX,..
2017,YR2017,IDA total,IDA,..
2017,YR2017,Late-demographic dividend,LTE,94.8250001426373
2017,YR2017,Latin America & Caribbean,LCN,96.2653591126928
2017,YR2017,Latin America & Caribbean (excluding high income),LAC,96.2238120687834
2017,YR2017,Latin America & the Caribbean (IDA & IBRD countries),TLA,96.2881596981469
2017,YR2017,Least developed countries: UN classification,LDC,63.537481528432
2017,YR2017,Low & middle income,LMY,86.903429923257
2017,YR2017,Low income,LIC,54.6510019625161
2017,YR2017,Lower middle income,LMC,86.5366059836313
2017,YR2017,Middle East & North Africa,MEA,93.2953247861046
2017,YR2017,Middle East & North Africa (excluding high income),MNA,92.3982370497608
2017,YR2017,Middle East & North Africa (IDA & IBRD countries),TMN,92.3454104612648
2017,YR2017,Middle income,MIC,90.4780002313134
2017,YR2017,North America,NAC,99.5526443472982
2017,YR2017,Not classified,INX,..
2017,YR2017,OECD members,OED,99.0642777118226
2017,YR2017,Other small states,OSS,91.1507989870704
2017,YR2017,Pacific island small states,PSS,86.0762989728874
2017,YR2017,Post-demographic dividend,PST,99.3291629838847
2017,YR2017,Pre-demographic dividend,PRE,61.4011137902502
2017,YR2017,Small states,SST,91.371375435407
2017,YR2017,South Asia,SAS,90.4841428720534
2017,YR2017,South Asia (IDA & IBRD),TSA,90.4841428720534
2017,YR2017,Sub-Saharan Africa,SSF,60.7011676203265
2017,YR2017,Sub-Saharan Africa (excluding high income),SSA,60.6979733121317
2017,YR2017,Sub-Saharan Africa (IDA & IBRD countries),TSS,60.7011676203265
2017,YR2017,Upper middle income,UMC,94.614841562619
2017,YR2017,World,WLD,89.1253036735186
2017,YR2017,Afghanistan,AFG,68.0088715856643
2017,YR2017,Albania,ALB,94.1020962002701
2017,YR2017,Algeria,DZA,93.8319749303098
2017,YR2017,American Samoa,ASM,99.2447518116509
2017,YR2017,Andorra,AND,100
2017,YR2017,Angola,AGO,55.842909522296
2017,YR2017,Antigua and Barbuda,ATG,98.3651754449695
2017,YR2017,Argentina,ARG,..
2017,YR2017,Armenia,ARM,99.5344075573623
2017,YR2017,Aruba,ABW,..
2017,YR2017,Australia,AUS,99.9699375056336
2017,YR2017,Austria,AUT,100
2017,YR2017,Azerbaijan,AZE,94.1312333998885
2017,YR2017,"Bahamas, The",BHS,98.8869604973405
2017,YR2017,Bahrain,BHR,99.9257139779112
2017,YR2017,Bangladesh,BGD,97.5714932946819
2017,YR2017,Barbados,BRB,98.4944475807257
2017,YR2017,Belarus,BLR,98.3577545705515
2017,YR2017,Belgium,BEL,99.999998377684
2017,YR2017,Belize,BLZ,97.9925779699681
2017,YR2017,Benin,BEN,66.2271993300877
2017,YR2017,Bermuda,BMU,99.9031400170636
2017,YR2017,Bhutan,BTN,98.6598417425712
2017,YR2017,Bolivia,BOL,91.492948547896
2017,YR2017,Bosnia and Herzegovina,BIH,96.1423588799605
2017,YR2017,Botswana,BWA,90.4185062142059
2017,YR2017,Brazil,BRA,98.4509560322469
2017,YR2017,British Virgin Islands,VGB,99.8643835616439
2017,YR2017,Brunei Darussalam,BRN,99.9000414568196
2017,YR2017,Bulgaria,BGR,99.2032722209598
2017,YR2017,Burkina Faso,BFA,49.9463232303629
2017,YR2017,Burundi,BDI,60.8305474667327
2017,YR2017,Cabo Verde,CPV,87.1068025576458
2017,YR2017,Cambodia,KHM,73.4256474740959
2017,YR2017,Cameroon,CMR,67.0248094365646
2017,YR2017,Canada,CAN,99.2255353831577
2017,YR2017,Cayman Islands,CYM,95.6865030674847
2017,YR2017,Central African Republic,CAF,40.2488161046843
2017,YR2017,Chad,TCD,49.1249663684435
2017,YR2017,Channel Islands,CHI,..
2017,YR2017,Chile,CHL,99.9654459534359
2017,YR2017,China,CHN,94.0773253482316
2017,YR2017,Colombia,COL,96.5273645492207
2017,YR2017,Comoros,COM,80.1675169934689
2017,YR2017,"Congo, Dem. Rep.",COD,36.0073989665336
2017,YR2017,"Congo, Rep.",COG,73.2177601533073
2017,YR2017,Costa Rica,CRI,99.6617657734972
2017,YR2017,Cote d'Ivoire,CIV,72.3694658949988
2017,YR2017,Croatia,HRV,..
2017,YR2017,Cuba,CUB,93.9131798142808
2017,YR2017,Curacao,CUW,99.4977518475178
2017,YR2017,Cyprus,CYP,99.772986625002
2017,YR2017,Czechia,CZE,99.8802604430032
2017,YR2017,Denmark,DNK,99.9999999404253
2017,YR2017,Djibouti,DJI,75.8825219011635
2017,YR2017,Dominica,DMA,95.4206560631659
2017,YR2017,Dominican Republic,DOM,95.778187449797
2017,YR2017,Ecuador,ECU,94.3131376557692
2017,YR2017,"Egypt, Arab Rep.",EGY,98.7505737560033
2017,YR2017,El Salvador,SLV,96.8050128885534
2017,YR2017,Equatorial Guinea,GNQ,64.6658188081877
2017,YR2017,Eritrea,ERI,..
2017,YR2017,Estonia,EST,99.9391483256029
2017,YR2017,Eswatini,SWZ,68.4020075228117
2017,YR2017,Ethiopia,ETH,44.4084974167704
2017,YR2017,Faroe Islands,FRO,100
2017,YR2017,Fiji,FJI,95.3133036409466
2017,YR2017,Finland,FIN,100
2017,YR2017,France,FRA,100
2017,YR2017,French Polynesia,PYF,100
2017,YR2017,Gabon,GAB,85.2911645338971
2017,YR2017,"Gambia, The",GMB,82.7168510831421
2017,YR2017,Georgia,GEO,93.9612889319988
2017,YR2017,Germany,DEU,99.999998846436
2017,YR2017,Ghana,GHA,83.0964661202862
2017,YR2017,Gibraltar,GIB,100
2017,YR2017,Greece,GRC,99.9999979723882
2017,YR2017,Greenland,GRL,100
2017,YR2017,Grenada,GRD,95.6286504435547
2017,YR2017,Guam,GUM,99.6952
2017,YR2017,Guatemala,GTM,92.7549384544574
2017,YR2017,Guinea,GIN,65.2246521781626
2017,YR2017,Guinea-Bissau,GNB,60.9967008736781
2017,YR2017,Guyana,GUY,94.2531267201858
2017,YR2017,Haiti,HTI,65.466827113029
2017,YR2017,Honduras,HND,93.7586658276332
2017,YR2017,"Hong Kong SAR, China",HKG,100
2017,YR2017,Hungary,HUN,99.9710917206745
2017,YR2017,Iceland,ISL,99.9999999911191
2017,YR2017,India,IND,90.3831835768211
2017,YR2017,Indonesia,IDN,90.2587210817382
2017,YR2017,"Iran, Islamic Rep.",IRN,97.0615135884244
2017,YR2017,Iraq,IRQ,96.0213094530103
2017,YR2017,Ireland,IRL,96.0774432374184
2017,YR2017,Isle of Man,IMN,99.2017427419355
2017,YR2017,Israel,ISR,100
2017,YR2017,Italy,ITA,99.9170340740928
2017,YR2017,Jamaica,JAM,90.706129369907
2017,YR2017,Japan,JPN,98.9878916807588
2017,YR2017,Jordan,JOR,98.9323885896614
2017,YR2017,Kazakhstan,KAZ,95.4146619777583
2017,YR2017,Kenya,KEN,59.5075723291909
2017,YR2017,Kiribati,KIR,72.5897573170698
2017,YR2017,"Korea, Dem. People's Rep.",PRK,94.5124537004121
2017,YR2017,"Korea, Rep.",KOR,99.6020093116694
2017,YR2017,Kosovo,XKX,..
2017,YR2017,Kuwait,KWT,100
2017,YR2017,Kyrgyz Republic,KGZ,88.9930004791348
2017,YR2017,Lao PDR,LAO,81.4519970802846
2017,YR2017,Latvia,LVA,98.6337529130144
2017,YR2017,Lebanon,LBN,91.8938066941094
2017,YR2017,Lesotho,LSO,72.0738058926457
2017,YR2017,Liberia,LBR,73.1546189383908
2017,YR2017,Libya,LBY,99.0215542521994
2017,YR2017,Liechtenstein,LIE,100
2017,YR2017,Lithuania,LTU,97.5420664494059
2017,YR2017,Luxembourg,LUX,99.8896073148958
2017,YR2017,"Macao SAR, China",MAC,100
2017,YR2017,Madagascar,MDG,49.6293115469512
2017,YR2017,Malawi,MWI,67.84581515677
2017,YR2017,Malaysia,MYS,97.0711842734063
2017,YR2017,Maldives,MDV,99.4107759168005
2017,YR2017,Mali,MLI,76.3123028778714
2017,YR2017,Malta,MLT,100
2017,YR2017,Marshall Islands,MHL,86.1691254340085
2017,YR2017,Mauritania,MRT,69.0508935100155
2017,YR2017,Mauritius,MUS,99.8927781204715
2017,YR2017,Mexico,MEX,98.4040199327524
2017,YR2017,"Micronesia, Fed. Sts.",FSM,90.1142911078532
2017,YR2017,Moldova,MDA,89.8183897109179
2017,YR2017,Monaco,MCO,100
2017,YR2017,Mongolia,MNG,80.0725332167492
2017,YR2017,Montenegro,MNE,97.8836949552276
2017,YR2017,Morocco,MAR,82.031814596802
2017,YR2017,Mozambique,MOZ,53.2771826866148
2017,YR2017,Myanmar,MMR,75.2835432452828
2017,YR2017,Namibia,NAM,83.9961178691327
2017,YR2017,Nauru,NRU,97.003356247305
2017,YR2017,Nepal,NPL,89.2969930943264
2017,YR2017,Netherlands,NLD,100
2017,YR2017,New Caledonia,NCL,98.6052633241781
2017,YR2017,New Zealand,NZL,100
2017,YR2017,Nicaragua,NIC,81.4356769312004
2017,YR2017,Niger,NER,46.6184774422592
2017,YR2017,Nigeria,NGA,71.451735522149
2017,YR2017,North Macedonia,MKD,97.6144574010482
2017,YR2017,Northern Mariana Islands,MNP,100
2017,YR2017,Norway,NOR,100
2017,YR2017,Oman,OMN,91.1148947044759
2017,YR2017,Pakistan,PAK,89.8934102801381
2017,YR2017,Palau,PLW,99.5369022731469
2017,YR2017,Panama,PAN,93.5700537808249
2017,YR2017,Papua New Guinea,PNG,45.0191783233948
2017,YR2017,Paraguay,PRY,98.3671694137756
2017,YR2017,Peru,PER,91.7835691514677
2017,YR2017,Philippines,PHL,92.8078557116294
2017,YR2017,Poland,POL,93.2894896723265
2017,YR2017,Portugal,PRT,99.1981685973505
2017,YR2017,Puerto Rico,PRI,99.7204103069054
2017,YR2017,Qatar,QAT,99.9582409444178
2017,YR2017,Romania,ROU,100
2017,YR2017,Russian Federation,RUS,96.6261776651853
2017,YR2017,Rwanda,RWA,60.4192608419464
2017,YR2017,Samoa,WSM,94.3496926546639
2017,YR2017,San Marino,SMR,100
2017,YR2017,Sao Tome and Principe,STP,76.8117348936463
2017,YR2017,Saudi Arabia,SAU,98.6673971493448
2017,YR2017,Senegal,SEN,80.3052683415206
2017,YR2017,Serbia,SRB,94.1483687252783
2017,YR2017,Seychelles,SYC,96.0425117567505
2017,YR2017,Sierra Leone,SLE,59.6526541621774
2017,YR2017,Singapore,SGP,100
2017,YR2017,Sint Maarten (Dutch part),SXM,95.3111793297519
2017,YR2017,Slovak Republic,SVK,99.7877339706798
2017,YR2017,Slovenia,SVN,99.5
2017,YR2017,Solomon Islands,SLB,67.7759579025056
2017,YR2017,Somalia,SOM,51.8329310505967
2017,YR2017,South Africa,ZAF,92.6096825237423
2017,YR2017,South Sudan,SSD,41.0973279814729
2017,YR2017,Spain,ESP,99.9262844449661
2017,YR2017,Sri Lanka,LKA,87.7875527181461
2017,YR2017,St. Kitts and Nevis,KNA,98.6118541324065
2017,YR2017,St. Lucia,LCA,96.4477768734695
2017,YR2017,St. Martin (French part),MAF,99.9525127220225
2017,YR2017,St. Vincent and the Grenadines,VCT,97.7224529031103
2017,YR2017,Sudan,SDN,59.3286670896413
2017,YR2017,Suriname,SUR,96.6441123997659
2017,YR2017,Sweden,SWE,99.6951860266427
2017,YR2017,Switzerland,CHE,100
2017,YR2017,Syrian Arab Republic,SYR,93.6019191401703
2017,YR2017,Tajikistan,TJK,79.0139647356572
2017,YR2017,Tanzania,TZA,53.7207964088466
2017,YR2017,Thailand,THA,99.3877107471688
2017,YR2017,Timor-Leste,TLS,78.5901191587368
2017,YR2017,Togo,TGO,65.6210929908916
2017,YR2017,Tonga,TON,98.6264090246298
2017,YR2017,Trinidad and Tobago,TTO,98.8751707692306
2017,YR2017,Tunisia,TUN,95.1815374585918
2017,YR2017,Turkiye,TUR,96.5690873517749
2017,YR2017,Turkmenistan,TKM,98.997581412548
2017,YR2017,Turks and Caicos Islands,TCA,98.7117886619428
2017,YR2017,Tuvalu,TUV,99.1612788883457
2017,YR2017,Uganda,UGA,51.0921165194054
2017,YR2017,Ukraine,UKR,93.4392882821302
2017,YR2017,United Arab Emirates,ARE,99.9757576983494
2017,YR2017,United Kingdom,GBR,100
2017,YR2017,United States,USA,99.5893438930694
2017,YR2017,Uruguay,URY,99.3980706091476
2017,YR2017,Uzbekistan,UZB,94.8111570681682
2017,YR2017,Vanuatu,VUT,89.2202767864432
2017,YR2017,"Venezuela, RB",VEN,94.2170852892175
2017,YR2017,Viet Nam,VNM,94.1294081468165
2017,YR2017,Virgin Islands (U.S.),VIR,98.7182673758686
2017,YR2017,West Bank and Gaza,PSE,96.9892240813863
2017,YR2017,"Yemen, Rep.",YEM,57.7775958046025
2017,YR2017,Zambia,ZMB,64.8867120987181
2017,YR2017,Zimbabwe,ZWE,63.9966273097218
2018,YR2018,Africa Eastern and Southern,AFE,56.0688342053276
2018,YR2018,Africa Western and Central,AFW,69.7490709976563
2018,YR2018,Arab World,ARB,87.9298032333574
2018,YR2018,Caribbean small states,CSS,97.0234943218295
2018,YR2018,Central Europe and the Baltics,CEB,96.9501802981277
2018,YR2018,Early-demographic dividend,EAR,89.8484555035754
2018,YR2018,East Asia & Pacific,EAS,94.0544428068347
2018,YR2018,East Asia & Pacific (excluding high income),EAP,93.4879695139804
2018,YR2018,East Asia & Pacific (IDA & IBRD countries),TEA,93.4796369114764
2018,YR2018,Euro area,EMU,99.8631482626989
2018,YR2018,Europe & Central Asia,ECS,97.7478370563653
2018,YR2018,Europe & Central Asia (excluding high income),ECA,94.9177300032814
2018,YR2018,Europe & Central Asia (IDA & IBRD countries),TEC,95.5793062260272
2018,YR2018,European Union,EUU,99.2331396349344
2018,YR2018,Fragile and conflict affected situations,FCS,65.3187637229637
2018,YR2018,Heavily indebted poor countries (HIPC),HPC,58.1655162716957
2018,YR2018,High income,HIC,99.1016072312407
2018,YR2018,IBRD only,IBD,..
2018,YR2018,IDA & IBRD total,IBT,87.7624516482324
2018,YR2018,IDA blend,IDB,..
2018,YR2018,IDA only,IDX,..
2018,YR2018,IDA total,IDA,..
2018,YR2018,Late-demographic dividend,LTE,95.3238579004914
2018,YR2018,Latin America & Caribbean,LCN,96.5363748289907
2018,YR2018,Latin America & Caribbean (excluding high income),LAC,96.5285039672471
2018,YR2018,Latin America & the Caribbean (IDA & IBRD countries),TLA,96.5645388621863
2018,YR2018,Least developed countries: UN classification,LDC,64.319465245714
2018,YR2018,Low & middle income,LMY,87.4345375723443
2018,YR2018,Low income,LIC,55.5339398016488
2018,YR2018,Lower middle income,LMC,87.1392521713986
2018,YR2018,Middle East & North Africa,MEA,93.6734510613519
2018,YR2018,Middle East & North Africa (excluding high income),MNA,92.8301144455765
2018,YR2018,Middle East & North Africa (IDA & IBRD countries),TMN,92.7783758571235
2018,YR2018,Middle income,MIC,91.0288496736291
2018,YR2018,North America,NAC,99.6224120978743
2018,YR2018,Not classified,INX,..
2018,YR2018,OECD members,OED,99.1187332343294
2018,YR2018,Other small states,OSS,91.5262429445759
2018,YR2018,Pacific island small states,PSS,85.9441646327314
2018,YR2018,Post-demographic dividend,PST,99.3673650733088
2018,YR2018,Pre-demographic dividend,PRE,62.421913656173
2018,YR2018,Small states,SST,91.6042527243328
2018,YR2018,South Asia,SAS,91.0142518450294
2018,YR2018,South Asia (IDA & IBRD),TSA,91.0142518450295
2018,YR2018,Sub-Saharan Africa,SSF,61.6184487199422
2018,YR2018,Sub-Saharan Africa (excluding high income),SSA,61.6153742274333
2018,YR2018,Sub-Saharan Africa (IDA & IBRD countries),TSS,61.6184487199422
2018,YR2018,Upper middle income,UMC,95.1430099331057
2018,YR2018,World,WLD,89.5468880057156
2018,YR2018,Afghanistan,AFG,70.8799408932308
2018,YR2018,Albania,ALB,94.4363934347219
2018,YR2018,Algeria,DZA,94.0374149250041
2018,YR2018,American Samoa,ASM,99.2447518116509
2018,YR2018,Andorra,AND,99.9999955655473
2018,YR2018,Angola,AGO,56.5917487678333
2018,YR2018,Antigua and Barbuda,ATG,98.365100591671
2018,YR2018,Argentina,ARG,..
2018,YR2018,Armenia,ARM,99.9148284891593
2018,YR2018,Aruba,ABW,..
2018,YR2018,Australia,AUS,99.9698937678204
2018,YR2018,Austria,AUT,99.9999993151203
2018,YR2018,Azerbaijan,AZE,94.9029767874904
2018,YR2018,"Bahamas, The",BHS,98.8869604973405
2018,YR2018,Bahrain,BHR,99.9237756589351
2018,YR2018,Bangladesh,BGD,97.700411546896
2018,YR2018,Barbados,BRB,98.5044489996726
2018,YR2018,Belarus,BLR,98.3739982007809
2018,YR2018,Belgium,BEL,100
2018,YR2018,Belize,BLZ,98.3992930382773
2018,YR2018,Benin,BEN,66.4521978786729
2018,YR2018,Bermuda,BMU,99.9031400170636
2018,YR2018,Bhutan,BTN,98.7649965034515
2018,YR2018,Bolivia,BOL,92.0388440736544
2018,YR2018,Bosnia and Herzegovina,BIH,96.1331740889937
2018,YR2018,Botswana,BWA,91.3326697358456
2018,YR2018,Brazil,BRA,98.6794937002595
2018,YR2018,British Virgin Islands,VGB,99.8643835616439
2018,YR2018,Brunei Darussalam,BRN,99.9000433984363
2018,YR2018,Bulgaria,BGR,99.1737272552471
2018,YR2018,Burkina Faso,BFA,49.4711614198344
2018,YR2018,Burundi,BDI,61.4606181708142
2018,YR2018,Cabo Verde,CPV,87.9618475805123
2018,YR2018,Cambodia,KHM,74.3943716170771
2018,YR2018,Cameroon,CMR,67.5153572148012
2018,YR2018,Canada,CAN,99.2236309395742
2018,YR2018,Cayman Islands,CYM,95.648773006135
2018,YR2018,Central African Republic,CAF,39.227547725688
2018,YR2018,Chad,TCD,49.8080066638708
2018,YR2018,Channel Islands,CHI,..
2018,YR2018,Chile,CHL,100
2018,YR2018,China,CHN,94.7135009826134
2018,YR2018,Colombia,COL,96.739501221738
2018,YR2018,Comoros,COM,80.1879872186634
2018,YR2018,"Congo, Dem. Rep.",COD,35.847085558278
2018,YR2018,"Congo, Rep.",COG,73.406815881715
2018,YR2018,Costa Rica,CRI,99.7844180058545
2018,YR2018,Cote d'Ivoire,CIV,72.4557428748714
2018,YR2018,Croatia,HRV,..
2018,YR2018,Cuba,CUB,94.0307223325193
2018,YR2018,Curacao,CUW,..
2018,YR2018,Cyprus,CYP,99.7651834346312
2018,YR2018,Czechia,CZE,99.8803584517819
2018,YR2018,Denmark,DNK,100
2018,YR2018,Djibouti,DJI,75.9368501070513
2018,YR2018,Dominica,DMA,..
2018,YR2018,Dominican Republic,DOM,95.9642010802929
2018,YR2018,Ecuador,ECU,94.6622656055683
2018,YR2018,"Egypt, Arab Rep.",EGY,98.7558675337883
2018,YR2018,El Salvador,SLV,97.3822109325189
2018,YR2018,Equatorial Guinea,GNQ,..
2018,YR2018,Eritrea,ERI,..
2018,YR2018,Estonia,EST,99.9631593750796
2018,YR2018,Eswatini,SWZ,69.4145908926813
2018,YR2018,Ethiopia,ETH,45.8381608718736
2018,YR2018,Faroe Islands,FRO,100
2018,YR2018,Fiji,FJI,95.348273323691
2018,YR2018,Finland,FIN,99.9999977602025
2018,YR2018,France,FRA,99.9999994044406
2018,YR2018,French Polynesia,PYF,100
2018,YR2018,Gabon,GAB,85.6447401427211
2018,YR2018,"Gambia, The",GMB,83.3096612794683
2018,YR2018,Georgia,GEO,94.1991085950245
2018,YR2018,Germany,DEU,100
2018,YR2018,Ghana,GHA,84.1689996175499
2018,YR2018,Gibraltar,GIB,100
2018,YR2018,Greece,GRC,99.9999999632639
2018,YR2018,Greenland,GRL,100
2018,YR2018,Grenada,GRD,..
2018,YR2018,Guam,GUM,99.6952
2018,YR2018,Guatemala,GTM,93.1326357164894
2018,YR2018,Guinea,GIN,66.4434556659708
2018,YR2018,Guinea-Bissau,GNB,61.1934743074354
2018,YR2018,Guyana,GUY,94.6008717250228
2018,YR2018,Haiti,HTI,65.8994451769274
2018,YR2018,Honduras,HND,94.1862868555701
2018,YR2018,"Hong Kong SAR, China",HKG,100
2018,YR2018,Hungary,HUN,99.99999908101
2018,YR2018,Iceland,ISL,100
2018,YR2018,India,IND,90.9746755845385
2018,YR2018,Indonesia,IDN,91.0407971895122
2018,YR2018,"Iran, Islamic Rep.",IRN,97.1943397209407
2018,YR2018,Iraq,IRQ,96.9024005972863
2018,YR2018,Ireland,IRL,96.0079441237886
2018,YR2018,Isle of Man,IMN,99.338164516129
2018,YR2018,Israel,ISR,99.9999974940639
2018,YR2018,Italy,ITA,99.9170340740928
2018,YR2018,Jamaica,JAM,90.8515743136034
2018,YR2018,Japan,JPN,99.025104303671
2018,YR2018,Jordan,JOR,98.9419874513741
2018,YR2018,Kazakhstan,KAZ,95.4202366981964
2018,YR2018,Kenya,KEN,60.1861769797416
2018,YR2018,Kiribati,KIR,73.1759221002406
2018,YR2018,"Korea, Dem. People's Rep.",PRK,94.1662330163771
2018,YR2018,"Korea, Rep.",KOR,99.6839038944077
2018,YR2018,Kosovo,XKX,..
2018,YR2018,Kuwait,KWT,100
2018,YR2018,Kyrgyz Republic,KGZ,89.4269430969054
2018,YR2018,Lao PDR,LAO,83.2858837172435
2018,YR2018,Latvia,LVA,98.6860670993294
2018,YR2018,Lebanon,LBN,92.3342678867725
2018,YR2018,Lesotho,LSO,72.4725685079459
2018,YR2018,Liberia,LBR,73.6617756114445
2018,YR2018,Libya,LBY,99.8915237987819
2018,YR2018,Liechtenstein,LIE,100
2018,YR2018,Lithuania,LTU,97.9905320928671
2018,YR2018,Luxembourg,LUX,99.8733042332159
2018,YR2018,"Macao SAR, China",MAC,100
2018,YR2018,Madagascar,MDG,50.4022432734825
2018,YR2018,Malawi,MWI,68.6566613091595
2018,YR2018,Malaysia,MYS,97.08076702519
2018,YR2018,Maldives,MDV,99.4972301789114
2018,YR2018,Mali,MLI,77.8011681494126
2018,YR2018,Malta,MLT,100
2018,YR2018,Marshall Islands,MHL,85.9403894101374
2018,YR2018,Mauritania,MRT,70.7953470501433
2018,YR2018,Mauritius,MUS,99.9274631483923
2018,YR2018,Mexico,MEX,98.7615454576756
2018,YR2018,"Micronesia, Fed. Sts.",FSM,90.1142911078532
2018,YR2018,Moldova,MDA,90.2559755932964
2018,YR2018,Monaco,MCO,100
2018,YR2018,Mongolia,MNG,80.7515587657682
2018,YR2018,Montenegro,MNE,98.5062984677874
2018,YR2018,Morocco,MAR,84.0333811702361
2018,YR2018,Mozambique,MOZ,55.4139858964107
2018,YR2018,Myanmar,MMR,77.0863359395665
2018,YR2018,Namibia,NAM,84.3913137081785
2018,YR2018,Nauru,NRU,97.003356247305
2018,YR2018,Nepal,NPL,89.7957758492581
2018,YR2018,Netherlands,NLD,100
2018,YR2018,New Caledonia,NCL,98.8386157401759
2018,YR2018,New Zealand,NZL,100
2018,YR2018,Nicaragua,NIC,81.5210869682532
2018,YR2018,Niger,NER,46.9992412972418
2018,YR2018,Nigeria,NGA,73.0874579051768
2018,YR2018,North Macedonia,MKD,97.6696730194752
2018,YR2018,Northern Mariana Islands,MNP,100
2018,YR2018,Norway,NOR,99.9999955421284
2018,YR2018,Oman,OMN,91.5230953938103
2018,YR2018,Pakistan,PAK,90.0425979115228
2018,YR2018,Palau,PLW,99.5444724184567
2018,YR2018,Panama,PAN,93.8958373030586
2018,YR2018,Papua New Guinea,PNG,46.0473416259177
2018,YR2018,Paraguay,PRY,99.5224912893959
2018,YR2018,Peru,PER,92.3950837119963
2018,YR2018,Philippines,PHL,93.222835120702
2018,YR2018,Poland,POL,92.5535483138945
2018,YR2018,Portugal,PRT,99.2082795604193
2018,YR2018,Puerto Rico,PRI,99.8678905818415
2018,YR2018,Qatar,QAT,99.9643871838805
2018,YR2018,Romania,ROU,100
2018,YR2018,Russian Federation,RUS,96.7106491336878
2018,YR2018,Rwanda,RWA,61.4095815029197
2018,YR2018,Samoa,WSM,95.4125105550728
2018,YR2018,San Marino,SMR,100
2018,YR2018,Sao Tome and Principe,STP,77.200595461434
2018,YR2018,Saudi Arabia,SAU,98.6638614767812
2018,YR2018,Senegal,SEN,81.5034042834338
2018,YR2018,Serbia,SRB,94.5300314404576
2018,YR2018,Seychelles,SYC,96.1679556908291
2018,YR2018,Sierra Leone,SLE,60.7914194412403
2018,YR2018,Singapore,SGP,100
2018,YR2018,Sint Maarten (Dutch part),SXM,..
2018,YR2018,Slovak Republic,SVK,99.7878305127762
2018,YR2018,Slovenia,SVN,99.5
2018,YR2018,Solomon Islands,SLB,67.0062568116343
2018,YR2018,Somalia,SOM,53.3865153035355
2018,YR2018,South Africa,ZAF,93.0032909326982
2018,YR2018,South Sudan,SSD,40.9815067285013
2018,YR2018,Spain,ESP,99.9260564294656
2018,YR2018,Sri Lanka,LKA,88.0886563987435
2018,YR2018,St. Kitts and Nevis,KNA,..
2018,YR2018,St. Lucia,LCA,96.8872041938677
2018,YR2018,St. Martin (French part),MAF,99.9459679978327
2018,YR2018,St. Vincent and the Grenadines,VCT,97.7283058549559
2018,YR2018,Sudan,SDN,60.4670842442273
2018,YR2018,Suriname,SUR,97.0931062814761
2018,YR2018,Sweden,SWE,99.7064550175558
2018,YR2018,Switzerland,CHE,100
2018,YR2018,Syrian Arab Republic,SYR,93.7390198639221
2018,YR2018,Tajikistan,TJK,80.4115904874603
2018,YR2018,Tanzania,TZA,55.1494338796294
2018,YR2018,Thailand,THA,99.5356065471716
2018,YR2018,Timor-Leste,TLS,80.7910053956187
2018,YR2018,Togo,TGO,66.7220730728574
2018,YR2018,Tonga,TON,98.6633452028853
2018,YR2018,Trinidad and Tobago,TTO,98.8751707692306
2018,YR2018,Tunisia,TUN,95.6902295465412
2018,YR2018,Turkiye,TUR,96.7206079118707
2018,YR2018,Turkmenistan,TKM,99.3450813719179
2018,YR2018,Turks and Caicos Islands,TCA,98.7327536212092
2018,YR2018,Tuvalu,TUV,99.1802833315387
2018,YR2018,Uganda,UGA,52.7030927273616
2018,YR2018,Ukraine,UKR,93.4763332243037
2018,YR2018,United Arab Emirates,ARE,100
2018,YR2018,United Kingdom,GBR,100
2018,YR2018,United States,USA,99.6675901670928
2018,YR2018,Uruguay,URY,99.4785987119326
2018,YR2018,Uzbekistan,UZB,95.2185731124327
2018,YR2018,Vanuatu,VUT,89.6425504538262
2018,YR2018,"Venezuela, RB",VEN,94.0399904292601
2018,YR2018,Viet Nam,VNM,95.1687848677321
2018,YR2018,Virgin Islands (U.S.),VIR,98.7182673758686
2018,YR2018,West Bank and Gaza,PSE,97.289425432892
2018,YR2018,"Yemen, Rep.",YEM,58.7544943833312
2018,YR2018,Zambia,ZMB,65.874270460305
2018,YR2018,Zimbabwe,ZWE,63.5387733496876
2019,YR2019,Africa Eastern and Southern,AFE,56.8776971299163
2019,YR2019,Africa Western and Central,AFW,70.7984871895402
2019,YR2019,Arab World,ARB,88.3397547343893
2019,YR2019,Caribbean small states,CSS,97.1912748843796
2019,YR2019,Central Europe and the Baltics,CEB,96.6641258167953
2019,YR2019,Early-demographic dividend,EAR,90.3350203195399
2019,YR2019,East Asia & Pacific,EAS,94.6258710691177
2019,YR2019,East Asia & Pacific (excluding high income),EAP,94.1173347167247
2019,YR2019,East Asia & Pacific (IDA & IBRD countries),TEA,94.1210332882678
2019,YR2019,Euro area,EMU,99.8634031827017
2019,YR2019,Europe & Central Asia,ECS,97.7911898192405
2019,YR2019,Europe & Central Asia (excluding high income),ECA,95.1597148840478
2019,YR2019,Europe & Central Asia (IDA & IBRD countries),TEC,95.6709319861003
2019,YR2019,European Union,EUU,99.1710099867376
2019,YR2019,Fragile and conflict affected situations,FCS,66.1915405178465
2019,YR2019,Heavily indebted poor countries (HIPC),HPC,59.1049524385605
2019,YR2019,High income,HIC,99.1195050595215
2019,YR2019,IBRD only,IBD,..
2019,YR2019,IDA & IBRD total,IBT,88.2426739445254
2019,YR2019,IDA blend,IDB,..
2019,YR2019,IDA only,IDX,..
2019,YR2019,IDA total,IDA,..
2019,YR2019,Late-demographic dividend,LTE,95.7864545101293
2019,YR2019,Latin America & Caribbean,LCN,96.7972016709066
2019,YR2019,Latin America & Caribbean (excluding high income),LAC,96.819689441993
2019,YR2019,Latin America & the Caribbean (IDA & IBRD countries),TLA,96.8288382615106
2019,YR2019,Least developed countries: UN classification,LDC,65.0827950729666
2019,YR2019,Low & middle income,LMY,87.9387930411356
2019,YR2019,Low income,LIC,56.4375378966237
2019,YR2019,Lower middle income,LMC,87.7149801125118
2019,YR2019,Middle East & North Africa,MEA,93.9492789215317
2019,YR2019,Middle East & North Africa (excluding high income),MNA,93.1459219471433
2019,YR2019,Middle East & North Africa (IDA & IBRD countries),TMN,93.0939827461471
2019,YR2019,Middle income,MIC,91.5509320430397
2019,YR2019,North America,NAC,99.6909074982026
2019,YR2019,Not classified,INX,..
2019,YR2019,OECD members,OED,99.1687459232525
2019,YR2019,Other small states,OSS,91.795162062392
2019,YR2019,Pacific island small states,PSS,86.0475864487853
2019,YR2019,Post-demographic dividend,PST,99.4036001312909
2019,YR2019,Pre-demographic dividend,PRE,63.4252030065697
2019,YR2019,Small states,SST,91.8071661178629
2019,YR2019,South Asia,SAS,91.5421365898909
2019,YR2019,South Asia (IDA & IBRD),TSA,91.5421365898909
2019,YR2019,Sub-Saharan Africa,SSF,62.5227447908779
2019,YR2019,Sub-Saharan Africa (excluding high income),SSA,62.5197916724318
2019,YR2019,Sub-Saharan Africa (IDA & IBRD countries),TSS,62.5227447908779
2019,YR2019,Upper middle income,UMC,95.6389006775119
2019,YR2019,World,WLD,89.9470917665563
2019,YR2019,Afghanistan,AFG,73.7846429967308
2019,YR2019,Albania,ALB,94.7582247174548
2019,YR2019,Algeria,DZA,94.2391398601614
2019,YR2019,American Samoa,ASM,99.2447518116509
2019,YR2019,Andorra,AND,99.9999967920626
2019,YR2019,Angola,AGO,56.8830374949169
2019,YR2019,Antigua and Barbuda,ATG,98.3650387230105
2019,YR2019,Argentina,ARG,..
2019,YR2019,Armenia,ARM,99.9281719305937
2019,YR2019,Aruba,ABW,..
2019,YR2019,Australia,AUS,99.9698543658953
2019,YR2019,Austria,AUT,99.9999965908061
2019,YR2019,Azerbaijan,AZE,95.667747770716
2019,YR2019,"Bahamas, The",BHS,98.8869604973405
2019,YR2019,Bahrain,BHR,99.921837339959
2019,YR2019,Bangladesh,BGD,97.8251365713411
2019,YR2019,Barbados,BRB,98.5144504186196
2019,YR2019,Belarus,BLR,98.3919868544727
2019,YR2019,Belgium,BEL,100
2019,YR2019,Belize,BLZ,98.4005497674635
2019,YR2019,Benin,BEN,66.672267150753
2019,YR2019,Bermuda,BMU,99.9031400170636
2019,YR2019,Bhutan,BTN,98.872312239386
2019,YR2019,Bolivia,BOL,92.5659538959925
2019,YR2019,Bosnia and Herzegovina,BIH,96.1237006211931
2019,YR2019,Botswana,BWA,92.2214029742791
2019,YR2019,Brazil,BRA,98.9355439518362
2019,YR2019,British Virgin Islands,VGB,99.8643835616439
2019,YR2019,Brunei Darussalam,BRN,99.9000453399775
2019,YR2019,Bulgaria,BGR,99.1448780003009
2019,YR2019,Burkina Faso,BFA,49.0028525018525
2019,YR2019,Burundi,BDI,62.094321278238
2019,YR2019,Cabo Verde,CPV,88.5908710915054
2019,YR2019,Cambodia,KHM,75.3367210731245
2019,YR2019,Cameroon,CMR,67.9904842171552
2019,YR2019,Canada,CAN,99.2216549751961
2019,YR2019,Cayman Islands,CYM,95.6110429447853
2019,YR2019,Central African Republic,CAF,38.2122671248287
2019,YR2019,Chad,TCD,50.4980643454126
2019,YR2019,Channel Islands,CHI,..
2019,YR2019,Chile,CHL,100
2019,YR2019,China,CHN,95.3173719016687
2019,YR2019,Colombia,COL,96.8925246726353
2019,YR2019,Comoros,COM,80.2105014769868
2019,YR2019,"Congo, Dem. Rep.",COD,35.678057309253
2019,YR2019,"Congo, Rep.",COG,73.5958698078761
2019,YR2019,Costa Rica,CRI,99.7975293659545
2019,YR2019,Cote d'Ivoire,CIV,72.541058171011
2019,YR2019,Croatia,HRV,..
2019,YR2019,Cuba,CUB,94.1484823370466
2019,YR2019,Curacao,CUW,..
2019,YR2019,Cyprus,CYP,99.7651923631792
2019,YR2019,Czechia,CZE,99.8804688935076
2019,YR2019,Denmark,DNK,100
2019,YR2019,Djibouti,DJI,75.9957463626693
2019,YR2019,Dominica,DMA,..
2019,YR2019,Dominican Republic,DOM,96.1401141515674
2019,YR2019,Ecuador,ECU,95.0112246263964
2019,YR2019,"Egypt, Arab Rep.",EGY,98.7614152226307
2019,YR2019,El Salvador,SLV,97.8203480942147
2019,YR2019,Equatorial Guinea,GNQ,..
2019,YR2019,Eritrea,ERI,..
2019,YR2019,Estonia,EST,99.9872873090016
2019,YR2019,Eswatini,SWZ,70.4275345963468
2019,YR2019,Ethiopia,ETH,47.2539785569372
2019,YR2019,Faroe Islands,FRO,100
2019,YR2019,Fiji,FJI,95.3833140482255
2019,YR2019,Finland,FIN,100
2019,YR2019,France,FRA,100
2019,YR2019,French Polynesia,PYF,100
2019,YR2019,Gabon,GAB,85.9840211658641
2019,YR2019,"Gambia, The",GMB,83.8990207770481
2019,YR2019,Georgia,GEO,94.4360269319349
2019,YR2019,Germany,DEU,99.9999995489977
2019,YR2019,Ghana,GHA,85.2423371017475
2019,YR2019,Gibraltar,GIB,100
2019,YR2019,Greece,GRC,99.9999992981031
2019,YR2019,Greenland,GRL,100
2019,YR2019,Grenada,GRD,..
2019,YR2019,Guam,GUM,99.6952
2019,YR2019,Guatemala,GTM,93.5077090807793
2019,YR2019,Guinea,GIN,67.6752472334276
2019,YR2019,Guinea-Bissau,GNB,61.374471808356
2019,YR2019,Guyana,GUY,94.9483638235288
2019,YR2019,Haiti,HTI,66.3209862141568
2019,YR2019,Honduras,HND,94.6068475212683
2019,YR2019,"Hong Kong SAR, China",HKG,100
2019,YR2019,Hungary,HUN,100
2019,YR2019,Iceland,ISL,99.9999984604769
2019,YR2019,India,IND,91.5622211412629
2019,YR2019,Indonesia,IDN,91.8137421547406
2019,YR2019,"Iran, Islamic Rep.",IRN,97.3236128720162
2019,YR2019,Iraq,IRQ,97.7787852249274
2019,YR2019,Ireland,IRL,96.0041044843285
2019,YR2019,Isle of Man,IMN,99.4745862903226
2019,YR2019,Israel,ISR,99.9999972375092
2019,YR2019,Italy,ITA,99.9170340740928
2019,YR2019,Jamaica,JAM,90.997352554366
2019,YR2019,Japan,JPN,99.0623169265831
2019,YR2019,Jordan,JOR,98.9513662051964
2019,YR2019,Kazakhstan,KAZ,95.4270288711281
2019,YR2019,Kenya,KEN,60.8607832568561
2019,YR2019,Kiribati,KIR,73.7493673795618
2019,YR2019,"Korea, Dem. People's Rep.",PRK,93.8236859124211
2019,YR2019,"Korea, Rep.",KOR,99.7657984771461
2019,YR2019,Kosovo,XKX,..
2019,YR2019,Kuwait,KWT,100
2019,YR2019,Kyrgyz Republic,KGZ,89.8588080901834
2019,YR2019,Lao PDR,LAO,85.099831820973
2019,YR2019,Latvia,LVA,98.7382545669579
2019,YR2019,Lebanon,LBN,92.6
2019,YR2019,Lesotho,LSO,72.8773752061875
2019,YR2019,Liberia,LBR,74.1609602963714
2019,YR2019,Libya,LBY,99.8915237987819
2019,YR2019,Liechtenstein,LIE,100
2019,YR2019,Lithuania,LTU,98.0014728864191
2019,YR2019,Luxembourg,LUX,99.8767046171651
2019,YR2019,"Macao SAR, China",MAC,100
2019,YR2019,Madagascar,MDG,51.1722061354795
2019,YR2019,Malawi,MWI,69.4648756261317
2019,YR2019,Malaysia,MYS,97.0903674239334
2019,YR2019,Maldives,MDV,99.5272078072488
2019,YR2019,Mali,MLI,79.2797151051117
2019,YR2019,Malta,MLT,100
2019,YR2019,Marshall Islands,MHL,85.7156629279255
2019,YR2019,Mauritania,MRT,72.5443131435372
2019,YR2019,Mauritius,MUS,99.9621987210459
2019,YR2019,Mexico,MEX,99.1153530172831
2019,YR2019,"Micronesia, Fed. Sts.",FSM,90.1142911078532
2019,YR2019,Moldova,MDA,90.6956869576304
2019,YR2019,Monaco,MCO,100
2019,YR2019,Mongolia,MNG,81.4356125956715
2019,YR2019,Montenegro,MNE,98.6814038394913
2019,YR2019,Morocco,MAR,84.9818507597581
2019,YR2019,Mozambique,MOZ,57.5753680766886
2019,YR2019,Myanmar,MMR,78.9093353384479
2019,YR2019,Namibia,NAM,84.8394848926625
2019,YR2019,Nauru,NRU,97.003356247305
2019,YR2019,Nepal,NPL,90.2863663521825
2019,YR2019,Netherlands,NLD,100
2019,YR2019,New Caledonia,NCL,99.0719681561738
2019,YR2019,New Zealand,NZL,100
2019,YR2019,Nicaragua,NIC,81.6122389735586
2019,YR2019,Niger,NER,47.3666848215679
2019,YR2019,Nigeria,NGA,74.7241263304551
2019,YR2019,North Macedonia,MKD,97.7256237924336
2019,YR2019,Northern Mariana Islands,MNP,100
2019,YR2019,Norway,NOR,99.9999987035841
2019,YR2019,Oman,OMN,91.8882639823975
2019,YR2019,Pakistan,PAK,90.1906503511874
2019,YR2019,Palau,PLW,99.5515887428089
2019,YR2019,Panama,PAN,94.182498815948
2019,YR2019,Papua New Guinea,PNG,47.0767255901086
2019,YR2019,Paraguay,PRY,99.5911140188522
2019,YR2019,Peru,PER,93.0032366873463
2019,YR2019,Philippines,PHL,93.6373567501473
2019,YR2019,Poland,POL,91.8196871808371
2019,YR2019,Portugal,PRT,99.2195941125794
2019,YR2019,Puerto Rico,PRI,100
2019,YR2019,Qatar,QAT,99.9705334233432
2019,YR2019,Romania,ROU,99.9999996798846
2019,YR2019,Russian Federation,RUS,96.7955268787445
2019,YR2019,Rwanda,RWA,62.4117359707321
2019,YR2019,Samoa,WSM,96.4228349677627
2019,YR2019,San Marino,SMR,100
2019,YR2019,Sao Tome and Principe,STP,77.335780426244
2019,YR2019,Saudi Arabia,SAU,98.6603423033735
2019,YR2019,Senegal,SEN,82.6975294805221
2019,YR2019,Serbia,SRB,94.9123598279511
2019,YR2019,Seychelles,SYC,96.2933996249077
2019,YR2019,Sierra Leone,SLE,61.9298092529535
2019,YR2019,Singapore,SGP,100
2019,YR2019,Sint Maarten (Dutch part),SXM,..
2019,YR2019,Slovak Republic,SVK,99.7878178521954
2019,YR2019,Slovenia,SVN,99.5
2019,YR2019,Solomon Islands,SLB,67.1538021706971
2019,YR2019,Somalia,SOM,54.9344082547372
2019,YR2019,South Africa,ZAF,93.3882436903298
2019,YR2019,South Sudan,SSD,40.841655390804
2019,YR2019,Spain,ESP,99.9258382744694
2019,YR2019,Sri Lanka,LKA,88.3914085074832
2019,YR2019,St. Kitts and Nevis,KNA,..
2019,YR2019,St. Lucia,LCA,96.8875059264097
2019,YR2019,St. Martin (French part),MAF,99.939423273643
2019,YR2019,St. Vincent and the Grenadines,VCT,..
2019,YR2019,Sudan,SDN,61.6056535311679
2019,YR2019,Suriname,SUR,97.5417735351336
2019,YR2019,Sweden,SWE,99.7174099911848
2019,YR2019,Switzerland,CHE,99.9999987245773
2019,YR2019,Syrian Arab Republic,SYR,93.8729434874618
2019,YR2019,Tajikistan,TJK,81.8151109661329
2019,YR2019,Tanzania,TZA,56.5658481263889
2019,YR2019,Thailand,THA,99.9648313601704
2019,YR2019,Timor-Leste,TLS,82.3841159192672
2019,YR2019,Togo,TGO,67.8121290467606
2019,YR2019,Tonga,TON,98.7003534529294
2019,YR2019,Trinidad and Tobago,TTO,98.8751707692306
2019,YR2019,Tunisia,TUN,96.1940901831773
2019,YR2019,Turkiye,TUR,96.8689641597761
2019,YR2019,Turkmenistan,TKM,99.79292325362
2019,YR2019,Turks and Caicos Islands,TCA,98.7522982439726
2019,YR2019,Tuvalu,TUV,99.1992660756145
2019,YR2019,Uganda,UGA,54.3266872423468
2019,YR2019,Ukraine,UKR,93.5115778266462
2019,YR2019,United Arab Emirates,ARE,100
2019,YR2019,United Kingdom,GBR,99.999997344305
2019,YR2019,United States,USA,99.7446309234849
2019,YR2019,Uruguay,URY,99.4872379896577
2019,YR2019,Uzbekistan,UZB,95.6274361480504
2019,YR2019,Vanuatu,VUT,90.0654259004521
2019,YR2019,"Venezuela, RB",VEN,93.8628955693026
2019,YR2019,Viet Nam,VNM,95.9890536474813
2019,YR2019,Virgin Islands (U.S.),VIR,98.7182673758686
2019,YR2019,West Bank and Gaza,PSE,97.5865067324122
2019,YR2019,"Yemen, Rep.",YEM,59.7165798384097
2019,YR2019,Zambia,ZMB,66.8533983785744
2019,YR2019,Zimbabwe,ZWE,63.0949538019092
2020,YR2020,Africa Eastern and Southern,AFE,57.6433851469426
2020,YR2020,Africa Western and Central,AFW,71.8450630941457
2020,YR2020,Arab World,ARB,88.7142733580402
2020,YR2020,Caribbean small states,CSS,97.1327674017461
2020,YR2020,Central Europe and the Baltics,CEB,96.3805079474512
2020,YR2020,Early-demographic dividend,EAR,90.8007028508706
2020,YR2020,East Asia & Pacific,EAS,95.158684098044
2020,YR2020,East Asia & Pacific (excluding high income),EAP,94.7042930338232
2020,YR2020,East Asia & Pacific (IDA & IBRD countries),TEA,94.7149817236682
2020,YR2020,Euro area,EMU,99.8637215008295
2020,YR2020,Europe & Central Asia,ECS,97.8228508026856
2020,YR2020,Europe & Central Asia (excluding high income),ECA,95.3484891997671
2020,YR2020,Europe & Central Asia (IDA & IBRD countries),TEC,95.7359269587787
2020,YR2020,European Union,EUU,99.1103800359921
2020,YR2020,Fragile and conflict affected situations,FCS,67.0451590819602
2020,YR2020,Heavily indebted poor countries (HIPC),HPC,60.0137414272244
2020,YR2020,High income,HIC,99.1384112055405
2020,YR2020,IBRD only,IBD,..
2020,YR2020,IDA & IBRD total,IBT,88.7014918261155
2020,YR2020,IDA blend,IDB,..
2020,YR2020,IDA only,IDX,..
2020,YR2020,IDA total,IDA,..
2020,YR2020,Late-demographic dividend,LTE,96.2267436420277
2020,YR2020,Latin America & Caribbean,LCN,97.0747006448662
2020,YR2020,Latin America & Caribbean (excluding high income),LAC,97.1328622071804
2020,YR2020,Latin America & the Caribbean (IDA & IBRD countries),TLA,97.1117139653238
2020,YR2020,Least developed countries: UN classification,LDC,65.8247906741323
2020,YR2020,Low & middle income,LMY,88.4217313638559
2020,YR2020,Low income,LIC,57.3420415072107
2020,YR2020,Lower middle income,LMC,88.2765313418925
2020,YR2020,Middle East & North Africa,MEA,94.182167307733
2020,YR2020,Middle East & North Africa (excluding high income),MNA,93.4235519180358
2020,YR2020,Middle East & North Africa (IDA & IBRD countries),TMN,93.370954647563
2020,YR2020,Middle income,MIC,92.0510242454913
2020,YR2020,North America,NAC,99.7588470760038
2020,YR2020,Not classified,INX,..
2020,YR2020,OECD members,OED,99.2114420358163
2020,YR2020,Other small states,OSS,92.7592872871381
2020,YR2020,Pacific island small states,PSS,86.1113583554824
2020,YR2020,Post-demographic dividend,PST,99.442272072561
2020,YR2020,Pre-demographic dividend,PRE,64.3961109472737
2020,YR2020,Small states,SST,92.3862782193867
2020,YR2020,South Asia,SAS,92.0670930380253
2020,YR2020,South Asia (IDA & IBRD),TSA,92.0670930380253
2020,YR2020,Sub-Saharan Africa,SSF,63.4041006409211
2020,YR2020,Sub-Saharan Africa (excluding high income),SSA,63.4012622123789
2020,YR2020,Sub-Saharan Africa (IDA & IBRD countries),TSS,63.4041006409211
2020,YR2020,Upper middle income,UMC,96.1069337149281
2020,YR2020,World,WLD,90.3317701298404
2020,YR2020,Afghanistan,AFG,76.72225540254
2020,YR2020,Albania,ALB,95.0680388145809
2020,YR2020,Algeria,DZA,94.4373299704124
2020,YR2020,American Samoa,ASM,99.2447518116509
2020,YR2020,Andorra,AND,99.9999985271439
2020,YR2020,Angola,AGO,57.1677379228367
2020,YR2020,Antigua and Barbuda,ATG,98.3649937785451
2020,YR2020,Argentina,ARG,..
2020,YR2020,Armenia,ARM,99.9415163996124
2020,YR2020,Aruba,ABW,..
2020,YR2020,Australia,AUS,99.9698176501115
2020,YR2020,Austria,AUT,100
2020,YR2020,Azerbaijan,AZE,96.3620821780168
2020,YR2020,"Bahamas, The",BHS,..
2020,YR2020,Bahrain,BHR,99.9198990209829
2020,YR2020,Bangladesh,BGD,97.945676020447
2020,YR2020,Barbados,BRB,98.5144504186196
2020,YR2020,Belarus,BLR,98.6515731688089
2020,YR2020,Belgium,BEL,99.9999962634716
2020,YR2020,Belize,BLZ,98.4019559329424
2020,YR2020,Benin,BEN,66.8873289474628
2020,YR2020,Bermuda,BMU,99.9031400170636
2020,YR2020,Bhutan,BTN,98.9817176346163
2020,YR2020,Bolivia,BOL,93.0874216875902
2020,YR2020,Bosnia and Herzegovina,BIH,96.1138971196897
2020,YR2020,Botswana,BWA,92.3385777393314
2020,YR2020,Brazil,BRA,99.3208587959277
2020,YR2020,British Virgin Islands,VGB,99.8643835616439
2020,YR2020,Brunei Darussalam,BRN,99.9000472814433
2020,YR2020,Bulgaria,BGR,99.1167359557668
2020,YR2020,Burkina Faso,BFA,48.5409861511794
2020,YR2020,Burundi,BDI,62.2071212739845
2020,YR2020,Cabo Verde,CPV,89.1775739362889
2020,YR2020,Cambodia,KHM,76.2531074222297
2020,YR2020,Cameroon,CMR,68.4506973221862
2020,YR2020,Canada,CAN,99.221809586814
2020,YR2020,Cayman Islands,CYM,95.5733128834356
2020,YR2020,Central African Republic,CAF,37.2024025511537
2020,YR2020,Chad,TCD,51.1953778058648
2020,YR2020,Channel Islands,CHI,..
2020,YR2020,Chile,CHL,100
2020,YR2020,China,CHN,95.8903136606767
2020,YR2020,Colombia,COL,97.0410236613368
2020,YR2020,Comoros,COM,..
2020,YR2020,"Congo, Dem. Rep.",COD,35.5002372686537
2020,YR2020,"Congo, Rep.",COG,73.7845109785203
2020,YR2020,Costa Rica,CRI,99.8105365712776
2020,YR2020,Cote d'Ivoire,CIV,72.6253447367345
2020,YR2020,Croatia,HRV,..
2020,YR2020,Cuba,CUB,94.2662790670481
2020,YR2020,Curacao,CUW,..
2020,YR2020,Cyprus,CYP,99.7651721581168
2020,YR2020,Czechia,CZE,99.8805882608907
2020,YR2020,Denmark,DNK,99.9999967060358
2020,YR2020,Djibouti,DJI,76.0499221845238
2020,YR2020,Dominica,DMA,..
2020,YR2020,Dominican Republic,DOM,96.3065793359028
2020,YR2020,Ecuador,ECU,95.3597647097715
2020,YR2020,"Egypt, Arab Rep.",EGY,98.7671898041778
2020,YR2020,El Salvador,SLV,98.0305089627303
2020,YR2020,Equatorial Guinea,GNQ,..
2020,YR2020,Eritrea,ERI,..
2020,YR2020,Estonia,EST,99.9999977228497
2020,YR2020,Eswatini,SWZ,71.4406737893323
2020,YR2020,Ethiopia,ETH,48.6553476821695
2020,YR2020,Faroe Islands,FRO,100
2020,YR2020,Fiji,FJI,95.418355401602
2020,YR2020,Finland,FIN,100
2020,YR2020,France,FRA,99.9999980735321
2020,YR2020,French Polynesia,PYF,100
2020,YR2020,Gabon,GAB,86.3106054147686
2020,YR2020,"Gambia, The",GMB,84.4849824727792
2020,YR2020,Georgia,GEO,94.672099902079
2020,YR2020,Germany,DEU,100
2020,YR2020,Ghana,GHA,86.3168084779609
2020,YR2020,Gibraltar,GIB,100
2020,YR2020,Greece,GRC,100
2020,YR2020,Greenland,GRL,100
2020,YR2020,Grenada,GRD,..
2020,YR2020,Guam,GUM,99.6952
2020,YR2020,Guatemala,GTM,93.880093537322
2020,YR2020,Guinea,GIN,68.9206309644388
2020,YR2020,Guinea-Bissau,GNB,61.5396569932828
2020,YR2020,Guyana,GUY,95.2768850219634
2020,YR2020,Haiti,HTI,66.6953102748929
2020,YR2020,Honduras,HND,95.0204478168117
2020,YR2020,"Hong Kong SAR, China",HKG,100
2020,YR2020,Hungary,HUN,99.9999999799691
2020,YR2020,Iceland,ISL,100
2020,YR2020,India,IND,92.1456047702605
2020,YR2020,Indonesia,IDN,92.5873956949722
2020,YR2020,"Iran, Islamic Rep.",IRN,97.4494755938991
2020,YR2020,Iraq,IRQ,98.3599065549598
2020,YR2020,Ireland,IRL,96.0000577460047
2020,YR2020,Isle of Man,IMN,99.6110080645161
2020,YR2020,Israel,ISR,100
2020,YR2020,Italy,ITA,99.9170340740928
2020,YR2020,Jamaica,JAM,91.0299453618372
2020,YR2020,Japan,JPN,99.0995295494953
2020,YR2020,Jordan,JOR,98.9605142327008
2020,YR2020,Kazakhstan,KAZ,95.434966101715
2020,YR2020,Kenya,KEN,61.5318675559739
2020,YR2020,Kiribati,KIR,74.3094772830817
2020,YR2020,"Korea, Dem. People's Rep.",PRK,93.8438458039225
2020,YR2020,"Korea, Rep.",KOR,99.8476930598844
2020,YR2020,Kosovo,XKX,..
2020,YR2020,Kuwait,KWT,100
2020,YR2020,Kyrgyz Republic,KGZ,90.7146537383369
2020,YR2020,Lao PDR,LAO,85.2197393366705
2020,YR2020,Latvia,LVA,98.7902639963924
2020,YR2020,Lebanon,LBN,92.6
2020,YR2020,Lesotho,LSO,73.2889187141576
2020,YR2020,Liberia,LBR,74.6521483206642
2020,YR2020,Libya,LBY,99.8915237987819
2020,YR2020,Liechtenstein,LIE,100
2020,YR2020,Lithuania,LTU,98.0133504964109
2020,YR2020,Luxembourg,LUX,99.8799371174608
2020,YR2020,"Macao SAR, China",MAC,100
2020,YR2020,Madagascar,MDG,51.9400233315503
2020,YR2020,Malawi,MWI,70.2704690844752
2020,YR2020,Malaysia,MYS,97.0999105708665
2020,YR2020,Maldives,MDV,99.5444450641446
2020,YR2020,Mali,MLI,80.7471863901878
2020,YR2020,Malta,MLT,100
2020,YR2020,Marshall Islands,MHL,85.4947213556817
2020,YR2020,Mauritania,MRT,74.2967211205179
2020,YR2020,Mauritius,MUS,99.9958002416707
2020,YR2020,Mexico,MEX,99.3687045328802
2020,YR2020,"Micronesia, Fed. Sts.",FSM,90.1142911078532
2020,YR2020,Moldova,MDA,91.1372487012655
2020,YR2020,Monaco,MCO,100
2020,YR2020,Mongolia,MNG,82.1241197629958
2020,YR2020,Montenegro,MNE,98.8569123690641
2020,YR2020,Morocco,MAR,85.9187628261055
2020,YR2020,Mozambique,MOZ,59.7601108598003
2020,YR2020,Myanmar,MMR,80.7287633167077
2020,YR2020,Namibia,NAM,85.2751917542767
2020,YR2020,Nauru,NRU,..
2020,YR2020,Nepal,NPL,90.7685835327375
2020,YR2020,Netherlands,NLD,100
2020,YR2020,New Caledonia,NCL,99.3053205721716
2020,YR2020,New Zealand,NZL,100
2020,YR2020,Nicaragua,NIC,81.7087539746033
2020,YR2020,Niger,NER,47.7205800435476
2020,YR2020,Nigeria,NGA,76.361790269796
2020,YR2020,North Macedonia,MKD,97.7824419960381
2020,YR2020,Northern Mariana Islands,MNP,100
2020,YR2020,Norway,NOR,100
2020,YR2020,Oman,OMN,92.1680313333192
2020,YR2020,Pakistan,PAK,90.3373369493084
2020,YR2020,Palau,PLW,99.5582727416003
2020,YR2020,Panama,PAN,94.3957926093894
2020,YR2020,Papua New Guinea,PNG,48.1070226075146
2020,YR2020,Paraguay,PRY,99.5934707827491
2020,YR2020,Peru,PER,93.6079681449903
2020,YR2020,Philippines,PHL,94.0512327503984
2020,YR2020,Poland,POL,91.0888058086284
2020,YR2020,Portugal,PRT,99.2320673881807
2020,YR2020,Puerto Rico,PRI,100
2020,YR2020,Qatar,QAT,99.9766796628058
2020,YR2020,Romania,ROU,100
2020,YR2020,Russian Federation,RUS,96.8807180454075
2020,YR2020,Rwanda,RWA,63.4259387180091
2020,YR2020,Samoa,WSM,97.3966472856546
2020,YR2020,San Marino,SMR,100
2020,YR2020,Sao Tome and Principe,STP,77.317357139711
2020,YR2020,Saudi Arabia,SAU,98.6568008588509
2020,YR2020,Senegal,SEN,83.8869032487823
2020,YR2020,Serbia,SRB,95.2955251429795
2020,YR2020,Seychelles,SYC,96.4188435589863
2020,YR2020,Sierra Leone,SLE,63.0675633656408
2020,YR2020,Singapore,SGP,100
2020,YR2020,Sint Maarten (Dutch part),SXM,..
2020,YR2020,Slovak Republic,SVK,99.7877013589871
2020,YR2020,Slovenia,SVN,99.5
2020,YR2020,Solomon Islands,SLB,67.3010272697103
2020,YR2020,Somalia,SOM,56.4769729104123
2020,YR2020,South Africa,ZAF,93.7647902920458
2020,YR2020,South Sudan,SSD,40.9509272897971
2020,YR2020,Spain,ESP,99.9256097637963
2020,YR2020,Sri Lanka,LKA,88.6959543081265
2020,YR2020,St. Kitts and Nevis,KNA,..
2020,YR2020,St. Lucia,LCA,96.8878381709089
2020,YR2020,St. Martin (French part),MAF,99.9328785494532
2020,YR2020,St. Vincent and the Grenadines,VCT,..
2020,YR2020,Sudan,SDN,62.7441109270103
2020,YR2020,Suriname,SUR,97.9896320628805
2020,YR2020,Sweden,SWE,99.7280724118451
2020,YR2020,Switzerland,CHE,99.9999976034203
2020,YR2020,Syrian Arab Republic,SYR,94.0036367979491
2020,YR2020,Tajikistan,TJK,81.8524176009632
2020,YR2020,Tanzania,TZA,57.9702655871505
2020,YR2020,Thailand,THA,100
2020,YR2020,Timor-Leste,TLS,83.9742220966015
2020,YR2020,Togo,TGO,68.8910592142641
2020,YR2020,Tonga,TON,98.7374596276458
2020,YR2020,Trinidad and Tobago,TTO,98.8751707692306
2020,YR2020,Tunisia,TUN,96.6926617389598
2020,YR2020,Turkiye,TUR,97.0142665969339
2020,YR2020,Turkmenistan,TKM,100
2020,YR2020,Turks and Caicos Islands,TCA,98.7705697805465
2020,YR2020,Tuvalu,TUV,99.2182358260955
2020,YR2020,Uganda,UGA,55.9611032232523
2020,YR2020,Ukraine,UKR,93.5449854553326
2020,YR2020,United Arab Emirates,ARE,100
2020,YR2020,United Kingdom,GBR,100
2020,YR2020,United States,USA,99.8204215151458
2020,YR2020,Uruguay,URY,99.4957570735158
2020,YR2020,Uzbekistan,UZB,95.9578093461551
2020,YR2020,Vanuatu,VUT,90.4890274363613
2020,YR2020,"Venezuela, RB",VEN,93.6858007093452
2020,YR2020,Viet Nam,VNM,96.6670224746456
2020,YR2020,Virgin Islands (U.S.),VIR,98.7182673758686
2020,YR2020,West Bank and Gaza,PSE,97.8804019584454
2020,YR2020,"Yemen, Rep.",YEM,60.6635717973584
2020,YR2020,Zambia,ZMB,67.8240040188064
2020,YR2020,Zimbabwe,ZWE,62.6664561104324
2021,YR2021,Africa Eastern and Southern,AFE,58.3844552328201
2021,YR2021,Africa Western and Central,AFW,72.9354910903632
2021,YR2021,Arab World,ARB,89.0059760967097
2021,YR2021,Caribbean small states,CSS,97.2321477063234
2021,YR2021,Central Europe and the Baltics,CEB,96.0909839698934
2021,YR2021,Early-demographic dividend,EAR,91.2676640624519
2021,YR2021,East Asia & Pacific,EAS,95.8208712714395
2021,YR2021,East Asia & Pacific (excluding high income),EAP,95.4350925876169
2021,YR2021,East Asia & Pacific (IDA & IBRD countries),TEA,95.4545673032467
2021,YR2021,Euro area,EMU,99.8638623136496
2021,YR2021,Europe & Central Asia,ECS,97.8328611207272
2021,YR2021,Europe & Central Asia (excluding high income),ECA,95.4587287632105
2021,YR2021,Europe & Central Asia (IDA & IBRD countries),TEC,95.7595710517131
2021,YR2021,European Union,EUU,99.0508259858946
2021,YR2021,Fragile and conflict affected situations,FCS,67.8780866837892
2021,YR2021,Heavily indebted poor countries (HIPC),HPC,60.760757424171
2021,YR2021,High income,HIC,99.1551517384923
2021,YR2021,IBRD only,IBD,..
2021,YR2021,IDA & IBRD total,IBT,89.1969930048956
2021,YR2021,IDA blend,IDB,..
2021,YR2021,IDA only,IDX,..
2021,YR2021,IDA total,IDA,..
2021,YR2021,Late-demographic dividend,LTE,96.7937535279242
2021,YR2021,Latin America & Caribbean,LCN,97.4922316032541
2021,YR2021,Latin America & Caribbean (excluding high income),LAC,97.6032980784751
2021,YR2021,Latin America & the Caribbean (IDA & IBRD countries),TLA,97.534475672628
2021,YR2021,Least developed countries: UN classification,LDC,66.5595294648061
2021,YR2021,Low & middle income,LMY,88.9421619800135
2021,YR2021,Low income,LIC,58.2420419017489
2021,YR2021,Lower middle income,LMC,88.8337869482229
2021,YR2021,Middle East & North Africa,MEA,94.3490083427119
2021,YR2021,Middle East & North Africa (excluding high income),MNA,93.6274485109178
2021,YR2021,Middle East & North Africa (IDA & IBRD countries),TMN,93.5733080107486
2021,YR2021,Middle income,MIC,92.5972293815163
2021,YR2021,North America,NAC,99.8254560227894
2021,YR2021,Not classified,INX,..
2021,YR2021,OECD members,OED,99.2448715605052
2021,YR2021,Other small states,OSS,93.0039635258814
2021,YR2021,Pacific island small states,PSS,86.0572084951231
2021,YR2021,Post-demographic dividend,PST,99.4820655567766
2021,YR2021,Pre-demographic dividend,PRE,65.3454532566108
2021,YR2021,Small states,SST,92.6046339609355
2021,YR2021,South Asia,SAS,92.5874986655503
2021,YR2021,South Asia (IDA & IBRD),TSA,92.5874986655503
2021,YR2021,Sub-Saharan Africa,SSF,64.285566731278
2021,YR2021,Sub-Saharan Africa (excluding high income),SSA,64.282852246917
2021,YR2021,Sub-Saharan Africa (IDA & IBRD countries),TSS,64.285566731278
2021,YR2021,Upper middle income,UMC,96.6691778257158
2021,YR2021,World,WLD,90.745447064371
2021,YR2021,Afghanistan,AFG,79.6930784589074
2021,YR2021,Albania,ALB,95.0815134425003
2021,YR2021,Algeria,DZA,94.6321020435575
2021,YR2021,American Samoa,ASM,99.2447518116509
2021,YR2021,Andorra,AND,100
2021,YR2021,Angola,AGO,57.4467255251773
2021,YR2021,Antigua and Barbuda,ATG,98.364957284814
2021,YR2021,Argentina,ARG,..
2021,YR2021,Armenia,ARM,99.9548941126002
2021,YR2021,Aruba,ABW,..
2021,YR2021,Australia,AUS,99.9697746715914
2021,YR2021,Austria,AUT,100
2021,YR2021,Azerbaijan,AZE,97.0071020730201
2021,YR2021,"Bahamas, The",BHS,..
2021,YR2021,Bahrain,BHR,99.9198990209829
2021,YR2021,Bangladesh,BGD,98.0330197120009
2021,YR2021,Barbados,BRB,98.5144504186196
2021,YR2021,Belarus,BLR,99.1879166519196
2021,YR2021,Belgium,BEL,100
2021,YR2021,Belize,BLZ,98.4035077131603
2021,YR2021,Benin,BEN,67.1259091455631
2021,YR2021,Bermuda,BMU,99.9031400170636
2021,YR2021,Bhutan,BTN,99.1269946286331
2021,YR2021,Bolivia,BOL,93.603178923005
2021,YR2021,Bosnia and Herzegovina,BIH,96.1038225329274
2021,YR2021,Botswana,BWA,92.4485161411384
2021,YR2021,Brazil,BRA,99.5894010970371
2021,YR2021,British Virgin Islands,VGB,99.8643835616439
2021,YR2021,Brunei Darussalam,BRN,99.9000492228337
2021,YR2021,Bulgaria,BGR,99.0892984922743
2021,YR2021,Burkina Faso,BFA,49.02263050914
2021,YR2021,Burundi,BDI,62.3225644521915
2021,YR2021,Cabo Verde,CPV,89.8251542502861
2021,YR2021,Cambodia,KHM,77.0660433448441
2021,YR2021,Cameroon,CMR,68.8955645759552
2021,YR2021,Canada,CAN,99.2219886396018
2021,YR2021,Cayman Islands,CYM,95.5355828220859
2021,YR2021,Central African Republic,CAF,36.1973808119571
2021,YR2021,Chad,TCD,51.8991010387331
2021,YR2021,Channel Islands,CHI,..
2021,YR2021,Chile,CHL,100
2021,YR2021,China,CHN,96.6944491607209
2021,YR2021,Colombia,COL,97.3938172969202
2021,YR2021,Comoros,COM,..
2021,YR2021,"Congo, Dem. Rep.",COD,35.3130969880591
2021,YR2021,"Congo, Rep.",COG,73.972326863006
2021,YR2021,Costa Rica,CRI,99.8118690160849
2021,YR2021,Cote d'Ivoire,CIV,72.738267015564
2021,YR2021,Croatia,HRV,..
2021,YR2021,Cuba,CUB,94.5575987390206
2021,YR2021,Curacao,CUW,..
2021,YR2021,Cyprus,CYP,99.7651324768156
2021,YR2021,Czechia,CZE,99.8807192964404
2021,YR2021,Denmark,DNK,99.9999998331871
2021,YR2021,Djibouti,DJI,76.1070470332222
2021,YR2021,Dominica,DMA,..
2021,YR2021,Dominican Republic,DOM,96.7046144512381
2021,YR2021,Ecuador,ECU,95.6779995112767
2021,YR2021,"Egypt, Arab Rep.",EGY,98.7679087029408
2021,YR2021,El Salvador,SLV,98.1944683010115
2021,YR2021,Equatorial Guinea,GNQ,..
2021,YR2021,Eritrea,ERI,..
2021,YR2021,Estonia,EST,99.9999991547783
2021,YR2021,Eswatini,SWZ,72.4538444889094
2021,YR2021,Ethiopia,ETH,50.0425628235297
2021,YR2021,Faroe Islands,FRO,100
2021,YR2021,Fiji,FJI,95.453461944814
2021,YR2021,Finland,FIN,100
2021,YR2021,France,FRA,100
2021,YR2021,French Polynesia,PYF,100
2021,YR2021,Gabon,GAB,86.6249293561994
2021,YR2021,"Gambia, The",GMB,85.0674415666693
2021,YR2021,Georgia,GEO,94.8252160695635
2021,YR2021,Germany,DEU,100
2021,YR2021,Ghana,GHA,87.3922710396825
2021,YR2021,Gibraltar,GIB,100
2021,YR2021,Greece,GRC,99.9999952318863
2021,YR2021,Greenland,GRL,100
2021,YR2021,Grenada,GRD,..
2021,YR2021,Guam,GUM,99.6952
2021,YR2021,Guatemala,GTM,94.2496190017948
2021,YR2021,Guinea,GIN,70.179197632542
2021,YR2021,Guinea-Bissau,GNB,61.6889834490303
2021,YR2021,Guyana,GUY,95.5688661334444
2021,YR2021,Haiti,HTI,67.0612754217819
2021,YR2021,Honduras,HND,95.427066798294
2021,YR2021,"Hong Kong SAR, China",HKG,100
2021,YR2021,Hungary,HUN,99.9999988534441
2021,YR2021,Iceland,ISL,100
2021,YR2021,India,IND,92.7246538783578
2021,YR2021,Indonesia,IDN,93.3517658193308
2021,YR2021,"Iran, Islamic Rep.",IRN,97.5719240190726
2021,YR2021,Iraq,IRQ,98.3711543673953
2021,YR2021,Ireland,IRL,95.9958314677729
2021,YR2021,Isle of Man,IMN,99.7474298387097
2021,YR2021,Israel,ISR,100
2021,YR2021,Italy,ITA,99.9170340740928
2021,YR2021,Jamaica,JAM,91.0640359440533
2021,YR2021,Japan,JPN,99.1367421724074
2021,YR2021,Jordan,JOR,98.9650286553483
2021,YR2021,Kazakhstan,KAZ,95.4440593150103
2021,YR2021,Kenya,KEN,62.1988372789129
2021,YR2021,Kiribati,KIR,74.8564949036471
2021,YR2021,"Korea, Dem. People's Rep.",PRK,93.8651413187457
2021,YR2021,"Korea, Rep.",KOR,99.9295876426228
2021,YR2021,Kosovo,XKX,..
2021,YR2021,Kuwait,KWT,100
2021,YR2021,Kyrgyz Republic,KGZ,90.7535570360755
2021,YR2021,Lao PDR,LAO,85.3403998910021
2021,YR2021,Latvia,LVA,98.8420437979057
2021,YR2021,Lebanon,LBN,92.6
2021,YR2021,Lesotho,LSO,73.6287606631279
2021,YR2021,Liberia,LBR,75.1353366841574
2021,YR2021,Libya,LBY,99.8915237987819
2021,YR2021,Liechtenstein,LIE,100
2021,YR2021,Lithuania,LTU,98.0259726580572
2021,YR2021,Luxembourg,LUX,99.8830082695794
2021,YR2021,"Macao SAR, China",MAC,100
2021,YR2021,Madagascar,MDG,52.7043071877967
2021,YR2021,Malawi,MWI,71.0728290743371
2021,YR2021,Malaysia,MYS,97.1094167919655
2021,YR2021,Maldives,MDV,99.5621142590515
2021,YR2021,Mali,MLI,82.203990401809
2021,YR2021,Malta,MLT,99.9999991222723
2021,YR2021,Marshall Islands,MHL,85.2774425394235
2021,YR2021,Mauritania,MRT,76.0527121974143
2021,YR2021,Mauritius,MUS,100
2021,YR2021,Mexico,MEX,99.5400027130721
2021,YR2021,"Micronesia, Fed. Sts.",FSM,..
2021,YR2021,Moldova,MDA,91.5802432613736
2021,YR2021,Monaco,MCO,100
2021,YR2021,Mongolia,MNG,82.8158097535252
2021,YR2021,Montenegro,MNE,98.8603939935067
2021,YR2021,Morocco,MAR,86.8433142429705
2021,YR2021,Mozambique,MOZ,61.4809315914592
2021,YR2021,Myanmar,MMR,82.3310617247242
2021,YR2021,Namibia,NAM,85.6986632731503
2021,YR2021,Nauru,NRU,..
2021,YR2021,Nepal,NPL,91.2422508128062
2021,YR2021,Netherlands,NLD,100
2021,YR2021,New Caledonia,NCL,99.5386729881695
2021,YR2021,New Zealand,NZL,99.9999962306108
2021,YR2021,Nicaragua,NIC,..
2021,YR2021,Niger,NER,48.060252645199
2021,YR2021,Nigeria,NGA,78.0001935748374
2021,YR2021,North Macedonia,MKD,97.8402722140626
2021,YR2021,Northern Mariana Islands,MNP,100
2021,YR2021,Norway,NOR,100
2021,YR2021,Oman,OMN,92.3097193933451
2021,YR2021,Pakistan,PAK,90.4824630644152
2021,YR2021,Palau,PLW,99.564552006041
2021,YR2021,Panama,PAN,94.6061069769306
2021,YR2021,Papua New Guinea,PNG,49.1692326810418
2021,YR2021,Paraguay,PRY,99.5958982324205
2021,YR2021,Peru,PER,94.2088981939542
2021,YR2021,Philippines,PHL,94.4642805883106
2021,YR2021,Poland,POL,90.3615703186745
2021,YR2021,Portugal,PRT,99.2456837063356
2021,YR2021,Puerto Rico,PRI,100
2021,YR2021,Qatar,QAT,99.9828259022685
2021,YR2021,Romania,ROU,99.9999977769296
2021,YR2021,Russian Federation,RUS,96.9661268832914
2021,YR2021,Rwanda,RWA,64.4521093451099
2021,YR2021,Samoa,WSM,98.2720159951158
2021,YR2021,San Marino,SMR,100
2021,YR2021,Sao Tome and Principe,STP,77.2851304937535
2021,YR2021,Saudi Arabia,SAU,98.6532791302563
2021,YR2021,Senegal,SEN,85.0712263043194
2021,YR2021,Serbia,SRB,95.6796651425095
2021,YR2021,Seychelles,SYC,96.4188435589863
2021,YR2021,Sierra Leone,SLE,64.2044175927295
2021,YR2021,Singapore,SGP,100
2021,YR2021,Sint Maarten (Dutch part),SXM,..
2021,YR2021,Slovak Republic,SVK,99.7874584339023
2021,YR2021,Slovenia,SVN,99.5
2021,YR2021,Solomon Islands,SLB,67.4476106942439
2021,YR2021,Somalia,SOM,58.0137282064604
2021,YR2021,South Africa,ZAF,94.1326997120042
2021,YR2021,South Sudan,SSD,41.0656616457638
2021,YR2021,Spain,ESP,99.9253811087183
2021,YR2021,Sri Lanka,LKA,89.0022141318241
2021,YR2021,St. Kitts and Nevis,KNA,..
2021,YR2021,St. Lucia,LCA,96.8882330165684
2021,YR2021,St. Martin (French part),MAF,99.9263338252635
2021,YR2021,St. Vincent and the Grenadines,VCT,..
2021,YR2021,Sudan,SDN,63.8820096510733
2021,YR2021,Suriname,SUR,97.9911269137848
2021,YR2021,Sweden,SWE,99.7384457673194
2021,YR2021,Switzerland,CHE,100
2021,YR2021,Syrian Arab Republic,SYR,94.0536926763222
2021,YR2021,Tajikistan,TJK,81.8940783642255
2021,YR2021,Tanzania,TZA,59.3611707703099
2021,YR2021,Thailand,THA,99.9999979923494
2021,YR2021,Timor-Leste,TLS,85.5609144685612
2021,YR2021,Togo,TGO,69.9469819723585
2021,YR2021,Tonga,TON,98.7746885865332
2021,YR2021,Trinidad and Tobago,TTO,98.8751707692306
2021,YR2021,Tunisia,TUN,96.9389930485919
2021,YR2021,Turkiye,TUR,97.0202954288979
2021,YR2021,Turkmenistan,TKM,99.9999996920262
2021,YR2021,Turks and Caicos Islands,TCA,98.787653792082
2021,YR2021,Tuvalu,TUV,99.2371947931855
2021,YR2021,Uganda,UGA,57.605574850406
2021,YR2021,Ukraine,UKR,93.5346392723758
2021,YR2021,United Arab Emirates,ARE,100
2021,YR2021,United Kingdom,GBR,99.9999986414263
2021,YR2021,United States,USA,99.8949384148984
2021,YR2021,Uruguay,URY,99.504241877115
2021,YR2021,Uzbekistan,UZB,96.289742637527
2021,YR2021,Vanuatu,VUT,90.9130173544929
2021,YR2021,"Venezuela, RB",VEN,93.5087058493878
2021,YR2021,Viet Nam,VNM,97.3175133830786
2021,YR2021,Virgin Islands (U.S.),VIR,..
2021,YR2021,West Bank and Gaza,PSE,98.1710001856796
2021,YR2021,"Yemen, Rep.",YEM,61.5952068631454
2021,YR2021,Zambia,ZMB,68.0347831787982
2021,YR2021,Zimbabwe,ZWE,62.2527975841627
2022,YR2022,Africa Eastern and Southern,AFE,59.1034631102632
2022,YR2022,Africa Western and Central,AFW,74.0456398618969
2022,YR2022,Arab World,ARB,89.1248175254703
2022,YR2022,Caribbean small states,CSS,97.3332399604381
2022,YR2022,Central Europe and the Baltics,CEB,96.1374056153739
2022,YR2022,Early-demographic dividend,EAR,91.6795243004828
2022,YR2022,East Asia & Pacific,EAS,96.5437698323454
2022,YR2022,East Asia & Pacific (excluding high income),EAP,96.2330633326035
2022,YR2022,East Asia & Pacific (IDA & IBRD countries),TEA,96.2621792816693
2022,YR2022,Euro area,EMU,99.863764601745
2022,YR2022,Europe & Central Asia,ECS,97.9591286703254
2022,YR2022,Europe & Central Asia (excluding high income),ECA,95.6063423671398
2022,YR2022,Europe & Central Asia (IDA & IBRD countries),TEC,95.8879154381573
2022,YR2022,European Union,EUU,99.07193777089
2022,YR2022,Fragile and conflict affected situations,FCS,68.4427608320912
2022,YR2022,Heavily indebted poor countries (HIPC),HPC,61.5619568701678
2022,YR2022,High income,HIC,99.1930266454239
2022,YR2022,IBRD only,IBD,..
2022,YR2022,IDA & IBRD total,IBT,89.6743463217323
2022,YR2022,IDA blend,IDB,..
2022,YR2022,IDA only,IDX,..
2022,YR2022,IDA total,IDA,..
2022,YR2022,Late-demographic dividend,LTE,97.4401019368334
2022,YR2022,Latin America & Caribbean,LCN,97.6030122045001
2022,YR2022,Latin America & Caribbean (excluding high income),LAC,97.735121172501
2022,YR2022,Latin America & the Caribbean (IDA & IBRD countries),TLA,97.6458781402842
2022,YR2022,Least developed countries: UN classification,LDC,67.1476168408638
2022,YR2022,Low & middle income,LMY,89.4379812668677
2022,YR2022,Low income,LIC,59.0626001187906
2022,YR2022,Lower middle income,LMC,89.3689890320693
2022,YR2022,Middle East & North Africa,MEA,94.394823395047
2022,YR2022,Middle East & North Africa (excluding high income),MNA,93.6817489831906
2022,YR2022,Middle East & North Africa (IDA & IBRD countries),TMN,93.62445575994
2022,YR2022,Middle income,MIC,93.1429051041669
2022,YR2022,North America,NAC,99.8864983196803
2022,YR2022,Not classified,INX,..
2022,YR2022,OECD members,OED,99.2920731896937
2022,YR2022,Other small states,OSS,93.2370206525695
2022,YR2022,Pacific island small states,PSS,93.7398450674769
2022,YR2022,Post-demographic dividend,PST,99.5422851140151
2022,YR2022,Pre-demographic dividend,PRE,66.2154152124941
2022,YR2022,Small states,SST,93.8495041940352
2022,YR2022,South Asia,SAS,93.0853321029522
2022,YR2022,South Asia (IDA & IBRD),TSA,93.0853321029522
2022,YR2022,Sub-Saharan Africa,SSF,65.1186666777657
2022,YR2022,Sub-Saharan Africa (excluding high income),SSA,65.1155369837719
2022,YR2022,Sub-Saharan Africa (IDA & IBRD countries),TSS,65.1186666777657
2022,YR2022,Upper middle income,UMC,97.2925330957932
2022,YR2022,World,WLD,91.1549230861162
2022,YR2022,Afghanistan,AFG,82.1753711181706
2022,YR2022,Albania,ALB,95.0945635220358
2022,YR2022,Algeria,DZA,94.6613975479238
2022,YR2022,American Samoa,ASM,..
2022,YR2022,Andorra,AND,100
2022,YR2022,Angola,AGO,57.7195606692859
2022,YR2022,Antigua and Barbuda,ATG,98.3649356183032
2022,YR2022,Argentina,ARG,..
2022,YR2022,Armenia,ARM,99.9683044970836
2022,YR2022,Aruba,ABW,..
2022,YR2022,Australia,AUS,99.9697313918139
2022,YR2022,Austria,AUT,99.9999993664088
2022,YR2022,Azerbaijan,AZE,97.6421868392552
2022,YR2022,"Bahamas, The",BHS,..
2022,YR2022,Bahrain,BHR,99.9198990209829
2022,YR2022,Bangladesh,BGD,98.0970629849078
2022,YR2022,Barbados,BRB,98.5144504186196
2022,YR2022,Belarus,BLR,99.1788681126899
2022,YR2022,Belgium,BEL,100
2022,YR2022,Belize,BLZ,98.4052341232454
2022,YR2022,Benin,BEN,67.360269806167
2022,YR2022,Bermuda,BMU,99.9031400170636
2022,YR2022,Bhutan,BTN,99.1314463044604
2022,YR2022,Bolivia,BOL,94.1133703836164
2022,YR2022,Bosnia and Herzegovina,BIH,96.093474218664
2022,YR2022,Botswana,BWA,92.5675619878434
2022,YR2022,Brazil,BRA,99.5937713070223
2022,YR2022,British Virgin Islands,VGB,99.8643835616439
2022,YR2022,Brunei Darussalam,BRN,99.9000511641487
2022,YR2022,Bulgaria,BGR,99.0625327881186
2022,YR2022,Burkina Faso,BFA,49.5058741648756
2022,YR2022,Burundi,BDI,62.4409754907774
2022,YR2022,Cabo Verde,CPV,89.8707246052462
2022,YR2022,Cambodia,KHM,78.0065041801654
2022,YR2022,Cameroon,CMR,69.5925526409308
2022,YR2022,Canada,CAN,99.2221843145889
2022,YR2022,Cayman Islands,CYM,95.4978527607362
2022,YR2022,Central African Republic,CAF,36.2950435814739
2022,YR2022,Chad,TCD,51.9951525151374
2022,YR2022,Channel Islands,CHI,..
2022,YR2022,Chile,CHL,99.9999982963226
2022,YR2022,China,CHN,97.6469295532532
2022,YR2022,Colombia,COL,97.5377603878354
2022,YR2022,Comoros,COM,..
2022,YR2022,"Congo, Dem. Rep.",COD,35.1165665799026
2022,YR2022,"Congo, Rep.",COG,..
2022,YR2022,Costa Rica,CRI,99.8131289122224
2022,YR2022,Cote d'Ivoire,CIV,72.8509256505983
2022,YR2022,Croatia,HRV,..
2022,YR2022,Cuba,CUB,94.6527039156214
2022,YR2022,Curacao,CUW,..
2022,YR2022,Cyprus,CYP,99.7650627352206
2022,YR2022,Czechia,CZE,99.8808566286988
2022,YR2022,Denmark,DNK,100
2022,YR2022,Djibouti,DJI,76.1671170797547
2022,YR2022,Dominica,DMA,..
2022,YR2022,Dominican Republic,DOM,96.7545243422804
2022,YR2022,Ecuador,ECU,95.7033432314017
2022,YR2022,"Egypt, Arab Rep.",EGY,98.76885789947
2022,YR2022,El Salvador,SLV,98.5931599892378
2022,YR2022,Equatorial Guinea,GNQ,..
2022,YR2022,Eritrea,ERI,..
2022,YR2022,Estonia,EST,100
2022,YR2022,Eswatini,SWZ,73.4672019213958
2022,YR2022,Ethiopia,ETH,51.5129596643217
2022,YR2022,Faroe Islands,FRO,100
2022,YR2022,Fiji,FJI,95.4886326493094
2022,YR2022,Finland,FIN,100
2022,YR2022,France,FRA,100
2022,YR2022,French Polynesia,PYF,100
2022,YR2022,Gabon,GAB,86.9277658767769
2022,YR2022,"Gambia, The",GMB,85.6466129857002
2022,YR2022,Georgia,GEO,94.9775354600958
2022,YR2022,Germany,DEU,99.9999985568823
2022,YR2022,Ghana,GHA,88.3676095492321
2022,YR2022,Gibraltar,GIB,100
2022,YR2022,Greece,GRC,99.9999994922049
2022,YR2022,Greenland,GRL,100
2022,YR2022,Grenada,GRD,..
2022,YR2022,Guam,GUM,99.6952
2022,YR2022,Guatemala,GTM,94.6161088345289
2022,YR2022,Guinea,GIN,71.4512116094591
2022,YR2022,Guinea-Bissau,GNB,61.7761332755677
2022,YR2022,Guyana,GUY,95.859737279822
2022,YR2022,Haiti,HTI,67.4188847160194
2022,YR2022,Honduras,HND,95.8040948791663
2022,YR2022,"Hong Kong SAR, China",HKG,100
2022,YR2022,Hungary,HUN,100
2022,YR2022,Iceland,ISL,100
2022,YR2022,India,IND,93.2990957819488
2022,YR2022,Indonesia,IDN,94.1071925536807
2022,YR2022,"Iran, Islamic Rep.",IRN,97.6911866422492
2022,YR2022,Iraq,IRQ,98.3828524840209
2022,YR2022,Ireland,IRL,95.9914050398065
2022,YR2022,Isle of Man,IMN,99.8838516129032
2022,YR2022,Israel,ISR,100
2022,YR2022,Italy,ITA,99.9170340740928
2022,YR2022,Jamaica,JAM,91.0996333244216
2022,YR2022,Japan,JPN,99.1367421724074
2022,YR2022,Jordan,JOR,98.9693851728147
2022,YR2022,Kazakhstan,KAZ,..
2022,YR2022,Kenya,KEN,62.8617775763
2022,YR2022,Kiribati,KIR,75.6941055370349
2022,YR2022,"Korea, Dem. People's Rep.",PRK,93.8875019271451
2022,YR2022,"Korea, Rep.",KOR,100
2022,YR2022,Kosovo,XKX,..
2022,YR2022,Kuwait,KWT,100
2022,YR2022,Kyrgyz Republic,KGZ,90.7958070939439
2022,YR2022,Lao PDR,LAO,85.4618004006903
2022,YR2022,Latvia,LVA,98.8935273885372
2022,YR2022,Lebanon,LBN,92.6
2022,YR2022,Lesotho,LSO,73.9707085109086
2022,YR2022,Liberia,LBR,75.6101315165298
2022,YR2022,Libya,LBY,99.8915237987819
2022,YR2022,Liechtenstein,LIE,100
2022,YR2022,Lithuania,LTU,98.0394016663634
2022,YR2022,Luxembourg,LUX,99.8859478338476
2022,YR2022,"Macao SAR, China",MAC,100
2022,YR2022,Madagascar,MDG,53.4658834155826
2022,YR2022,Malawi,MWI,71.8719097810746
2022,YR2022,Malaysia,MYS,97.1564591913943
2022,YR2022,Maldives,MDV,99.5583460846233
2022,YR2022,Mali,MLI,83.6494636701057
2022,YR2022,Malta,MLT,100
2022,YR2022,Marshall Islands,MHL,85.0637399586713
2022,YR2022,Mauritania,MRT,77.8112586877045
2022,YR2022,Mauritius,MUS,99.9999995490947
2022,YR2022,Mexico,MEX,99.7064294458755
2022,YR2022,"Micronesia, Fed. Sts.",FSM,..
2022,YR2022,Moldova,MDA,92.0242680911962
2022,YR2022,Monaco,MCO,100
2022,YR2022,Mongolia,MNG,83.5112272352902
2022,YR2022,Montenegro,MNE,98.8638736312685
2022,YR2022,Morocco,MAR,87.0194584866446
2022,YR2022,Mozambique,MOZ,63.1953657541075
2022,YR2022,Myanmar,MMR,82.3844402137068
2022,YR2022,Namibia,NAM,85.9121143953787
2022,YR2022,Nauru,NRU,..
2022,YR2022,Nepal,NPL,91.2350965073504
2022,YR2022,Netherlands,NLD,99.9999974368313
2022,YR2022,New Caledonia,NCL,99.5386729881695
2022,YR2022,New Zealand,NZL,100
2022,YR2022,Nicaragua,NIC,..
2022,YR2022,Niger,NER,48.896070488521
2022,YR2022,Nigeria,NGA,79.6394085948484
2022,YR2022,North Macedonia,MKD,97.842561810109
2022,YR2022,Northern Mariana Islands,MNP,100
2022,YR2022,Norway,NOR,100
2022,YR2022,Oman,OMN,92.4399687647301
2022,YR2022,Pakistan,PAK,90.6257538469708
2022,YR2022,Palau,PLW,99.5704494394572
2022,YR2022,Panama,PAN,94.6515652983232
2022,YR2022,Papua New Guinea,PNG,50.2351809434902
2022,YR2022,Paraguay,PRY,99.5983928104585
2022,YR2022,Peru,PER,94.8058093151953
2022,YR2022,Philippines,PHL,94.8763113585893
2022,YR2022,Poland,POL,90.3695800959207
2022,YR2022,Portugal,PRT,99.2604090152506
2022,YR2022,Puerto Rico,PRI,100
2022,YR2022,Qatar,QAT,99.9889721417312
2022,YR2022,Romania,ROU,99.9999979732841
2022,YR2022,Russian Federation,RUS,97.0515979366034
2022,YR2022,Rwanda,RWA,65.1008780704924
2022,YR2022,Samoa,WSM,99.0376144418681
2022,YR2022,San Marino,SMR,100
2022,YR2022,Sao Tome and Principe,STP,77.3411165329901
2022,YR2022,Saudi Arabia,SAU,98.6497582157805
2022,YR2022,Senegal,SEN,86.2497738333803
2022,YR2022,Serbia,SRB,95.6781370756231
2022,YR2022,Seychelles,SYC,96.4188435589863
2022,YR2022,Sierra Leone,SLE,65.340117893082
2022,YR2022,Singapore,SGP,100
2022,YR2022,Sint Maarten (Dutch part),SXM,..
2022,YR2022,Slovak Republic,SVK,99.7871080625055
2022,YR2022,Slovenia,SVN,99.5
2022,YR2022,Solomon Islands,SLB,..
2022,YR2022,Somalia,SOM,58.2595030744228
2022,YR2022,South Africa,ZAF,94.4920893511476
2022,YR2022,South Sudan,SSD,41.186592846362
2022,YR2022,Spain,ESP,99.925157573403
2022,YR2022,Sri Lanka,LKA,89.3101072894811
2022,YR2022,St. Kitts and Nevis,KNA,..
2022,YR2022,St. Lucia,LCA,96.8886605816915
2022,YR2022,St. Martin (French part),MAF,99.9263338252635
2022,YR2022,St. Vincent and the Grenadines,VCT,..
2022,YR2022,Sudan,SDN,64.920075323352
2022,YR2022,Suriname,SUR,97.9930133351381
2022,YR2022,Sweden,SWE,99.7388798657575
2022,YR2022,Switzerland,CHE,100
2022,YR2022,Syrian Arab Republic,SYR,94.077932983395
2022,YR2022,Tajikistan,TJK,81.9399075495213
2022,YR2022,Tanzania,TZA,60.7911570296173
2022,YR2022,Thailand,THA,100
2022,YR2022,Timor-Leste,TLS,87.0186359918728
2022,YR2022,Togo,TGO,70.990716058795
2022,YR2022,Tonga,TON,98.8120761396693
2022,YR2022,Trinidad and Tobago,TTO,98.8751707692306
2022,YR2022,Tunisia,TUN,97.1817312536701
2022,YR2022,Turkiye,TUR,97.0261882445268
2022,YR2022,Turkmenistan,TKM,100
2022,YR2022,Turks and Caicos Islands,TCA,98.8035417706889
2022,YR2022,Tuvalu,TUV,99.2561633864304
2022,YR2022,Uganda,UGA,59.2596090091018
2022,YR2022,Ukraine,UKR,93.5897983790345
2022,YR2022,United Arab Emirates,ARE,100
2022,YR2022,United Kingdom,GBR,99.9999978822248
2022,YR2022,United States,USA,99.9641128436489
2022,YR2022,Uruguay,URY,99.5079806151954
2022,YR2022,Uzbekistan,UZB,96.6228099580116
2022,YR2022,Vanuatu,VUT,91.3375162948399
2022,YR2022,"Venezuela, RB",VEN,93.3316109894304
2022,YR2022,Viet Nam,VNM,97.9568165843155
2022,YR2022,Virgin Islands (U.S.),VIR,..
2022,YR2022,West Bank and Gaza,PSE,98.4446403150219
2022,YR2022,"Yemen, Rep.",YEM,61.7582437029235
2022,YR2022,Zambia,ZMB,68.2478065027082
2022,YR2022,Zimbabwe,ZWE,62.2942549617495
2023,YR2023,Africa Eastern and Southern,AFE,..
2023,YR2023,Africa Western and Central,AFW,..
2023,YR2023,Arab World,ARB,..
2023,YR2023,Caribbean small states,CSS,..
2023,YR2023,Central Europe and the Baltics,CEB,..
2023,YR2023,Early-demographic dividend,EAR,..
2023,YR2023,East Asia & Pacific,EAS,..
2023,YR2023,East Asia & Pacific (excluding high income),EAP,..
2023,YR2023,East Asia & Pacific (IDA & IBRD countries),TEA,..
2023,YR2023,Euro area,EMU,..
2023,YR2023,Europe & Central Asia,ECS,..
2023,YR2023,Europe & Central Asia (excluding high income),ECA,..
2023,YR2023,Europe & Central Asia (IDA & IBRD countries),TEC,..
2023,YR2023,European Union,EUU,..
2023,YR2023,Fragile and conflict affected situations,FCS,..
2023,YR2023,Heavily indebted poor countries (HIPC),HPC,..
2023,YR2023,High income,HIC,..
2023,YR2023,IBRD only,IBD,..
2023,YR2023,IDA & IBRD total,IBT,..
2023,YR2023,IDA blend,IDB,..
2023,YR2023,IDA only,IDX,..
2023,YR2023,IDA total,IDA,..
2023,YR2023,Late-demographic dividend,LTE,..
2023,YR2023,Latin America & Caribbean,LCN,..
2023,YR2023,Latin America & Caribbean (excluding high income),LAC,..
2023,YR2023,Latin America & the Caribbean (IDA & IBRD countries),TLA,..
2023,YR2023,Least developed countries: UN classification,LDC,..
2023,YR2023,Low & middle income,LMY,..
2023,YR2023,Low income,LIC,..
2023,YR2023,Lower middle income,LMC,..
2023,YR2023,Middle East & North Africa,MEA,..
2023,YR2023,Middle East & North Africa (excluding high income),MNA,..
2023,YR2023,Middle East & North Africa (IDA & IBRD countries),TMN,..
2023,YR2023,Middle income,MIC,..
2023,YR2023,North America,NAC,..
2023,YR2023,Not classified,INX,..
2023,YR2023,OECD members,OED,..
2023,YR2023,Other small states,OSS,..
2023,YR2023,Pacific island small states,PSS,..
2023,YR2023,Post-demographic dividend,PST,..
2023,YR2023,Pre-demographic dividend,PRE,..
2023,YR2023,Small states,SST,..
2023,YR2023,South Asia,SAS,..
2023,YR2023,South Asia (IDA & IBRD),TSA,..
2023,YR2023,Sub-Saharan Africa,SSF,..
2023,YR2023,Sub-Saharan Africa (excluding high income),SSA,..
2023,YR2023,Sub-Saharan Africa (IDA & IBRD countries),TSS,..
2023,YR2023,Upper middle income,UMC,..
2023,YR2023,World,WLD,..
2023,YR2023,Afghanistan,AFG,..
2023,YR2023,Albania,ALB,..
2023,YR2023,Algeria,DZA,..
2023,YR2023,American Samoa,ASM,..
2023,YR2023,Andorra,AND,..
2023,YR2023,Angola,AGO,..
2023,YR2023,Antigua and Barbuda,ATG,..
2023,YR2023,Argentina,ARG,..
2023,YR2023,Armenia,ARM,..
2023,YR2023,Aruba,ABW,..
2023,YR2023,Australia,AUS,..
2023,YR2023,Austria,AUT,..
2023,YR2023,Azerbaijan,AZE,..
2023,YR2023,"Bahamas, The",BHS,..
2023,YR2023,Bahrain,BHR,..
2023,YR2023,Bangladesh,BGD,..
2023,YR2023,Barbados,BRB,..
2023,YR2023,Belarus,BLR,..
2023,YR2023,Belgium,BEL,..
2023,YR2023,Belize,BLZ,..
2023,YR2023,Benin,BEN,..
2023,YR2023,Bermuda,BMU,..
2023,YR2023,Bhutan,BTN,..
2023,YR2023,Bolivia,BOL,..
2023,YR2023,Bosnia and Herzegovina,BIH,..
2023,YR2023,Botswana,BWA,..
2023,YR2023,Brazil,BRA,..
2023,YR2023,British Virgin Islands,VGB,..
2023,YR2023,Brunei Darussalam,BRN,..
2023,YR2023,Bulgaria,BGR,..
2023,YR2023,Burkina Faso,BFA,..
2023,YR2023,Burundi,BDI,..
2023,YR2023,Cabo Verde,CPV,..
2023,YR2023,Cambodia,KHM,..
2023,YR2023,Cameroon,CMR,..
2023,YR2023,Canada,CAN,..
2023,YR2023,Cayman Islands,CYM,..
2023,YR2023,Central African Republic,CAF,..
2023,YR2023,Chad,TCD,..
2023,YR2023,Channel Islands,CHI,..
2023,YR2023,Chile,CHL,..
2023,YR2023,China,CHN,..
2023,YR2023,Colombia,COL,..
2023,YR2023,Comoros,COM,..
2023,YR2023,"Congo, Dem. Rep.",COD,..
2023,YR2023,"Congo, Rep.",COG,..
2023,YR2023,Costa Rica,CRI,..
2023,YR2023,Cote d'Ivoire,CIV,..
2023,YR2023,Croatia,HRV,..
2023,YR2023,Cuba,CUB,..
2023,YR2023,Curacao,CUW,..
2023,YR2023,Cyprus,CYP,..
2023,YR2023,Czechia,CZE,..
2023,YR2023,Denmark,DNK,..
2023,YR2023,Djibouti,DJI,..
2023,YR2023,Dominica,DMA,..
2023,YR2023,Dominican Republic,DOM,..
2023,YR2023,Ecuador,ECU,..
2023,YR2023,"Egypt, Arab Rep.",EGY,..
2023,YR2023,El Salvador,SLV,..
2023,YR2023,Equatorial Guinea,GNQ,..
2023,YR2023,Eritrea,ERI,..
2023,YR2023,Estonia,EST,..
2023,YR2023,Eswatini,SWZ,..
2023,YR2023,Ethiopia,ETH,..
2023,YR2023,Faroe Islands,FRO,..
2023,YR2023,Fiji,FJI,..
2023,YR2023,Finland,FIN,..
2023,YR2023,France,FRA,..
2023,YR2023,French Polynesia,PYF,..
2023,YR2023,Gabon,GAB,..
2023,YR2023,"Gambia, The",GMB,..
2023,YR2023,Georgia,GEO,..
2023,YR2023,Germany,DEU,..
2023,YR2023,Ghana,GHA,..
2023,YR2023,Gibraltar,GIB,..
2023,YR2023,Greece,GRC,..
2023,YR2023,Greenland,GRL,..
2023,YR2023,Grenada,GRD,..
2023,YR2023,Guam,GUM,..
2023,YR2023,Guatemala,GTM,..
2023,YR2023,Guinea,GIN,..
2023,YR2023,Guinea-Bissau,GNB,..
2023,YR2023,Guyana,GUY,..
2023,YR2023,Haiti,HTI,..
2023,YR2023,Honduras,HND,..
2023,YR2023,"Hong Kong SAR, China",HKG,..
2023,YR2023,Hungary,HUN,..
2023,YR2023,Iceland,ISL,..
2023,YR2023,India,IND,..
2023,YR2023,Indonesia,IDN,..
2023,YR2023,"Iran, Islamic Rep.",IRN,..
2023,YR2023,Iraq,IRQ,..
2023,YR2023,Ireland,IRL,..
2023,YR2023,Isle of Man,IMN,..
2023,YR2023,Israel,ISR,..
2023,YR2023,Italy,ITA,..
2023,YR2023,Jamaica,JAM,..
2023,YR2023,Japan,JPN,..
2023,YR2023,Jordan,JOR,..
2023,YR2023,Kazakhstan,KAZ,..
2023,YR2023,Kenya,KEN,..
2023,YR2023,Kiribati,KIR,..
2023,YR2023,"Korea, Dem. People's Rep.",PRK,..
2023,YR2023,"Korea, Rep.",KOR,..
2023,YR2023,Kosovo,XKX,..
2023,YR2023,Kuwait,KWT,..
2023,YR2023,Kyrgyz Republic,KGZ,..
2023,YR2023,Lao PDR,LAO,..
2023,YR2023,Latvia,LVA,..
2023,YR2023,Lebanon,LBN,..
2023,YR2023,Lesotho,LSO,..
2023,YR2023,Liberia,LBR,..
2023,YR2023,Libya,LBY,..
2023,YR2023,Liechtenstein,LIE,..
2023,YR2023,Lithuania,LTU,..
2023,YR2023,Luxembourg,LUX,..
2023,YR2023,"Macao SAR, China",MAC,..
2023,YR2023,Madagascar,MDG,..
2023,YR2023,Malawi,MWI,..
2023,YR2023,Malaysia,MYS,..
2023,YR2023,Maldives,MDV,..
2023,YR2023,Mali,MLI,..
2023,YR2023,Malta,MLT,..
2023,YR2023,Marshall Islands,MHL,..
2023,YR2023,Mauritania,MRT,..
2023,YR2023,Mauritius,MUS,..
2023,YR2023,Mexico,MEX,..
2023,YR2023,"Micronesia, Fed. Sts.",FSM,..
2023,YR2023,Moldova,MDA,..
2023,YR2023,Monaco,MCO,..
2023,YR2023,Mongolia,MNG,..
2023,YR2023,Montenegro,MNE,..
2023,YR2023,Morocco,MAR,..
2023,YR2023,Mozambique,MOZ,..
2023,YR2023,Myanmar,MMR,..
2023,YR2023,Namibia,NAM,..
2023,YR2023,Nauru,NRU,..
2023,YR2023,Nepal,NPL,..
2023,YR2023,Netherlands,NLD,..
2023,YR2023,New Caledonia,NCL,..
2023,YR2023,New Zealand,NZL,..
2023,YR2023,Nicaragua,NIC,..
2023,YR2023,Niger,NER,..
2023,YR2023,Nigeria,NGA,..
2023,YR2023,North Macedonia,MKD,..
2023,YR2023,Northern Mariana Islands,MNP,..
2023,YR2023,Norway,NOR,..
2023,YR2023,Oman,OMN,..
2023,YR2023,Pakistan,PAK,..
2023,YR2023,Palau,PLW,..
2023,YR2023,Panama,PAN,..
2023,YR2023,Papua New Guinea,PNG,..
2023,YR2023,Paraguay,PRY,..
2023,YR2023,Peru,PER,..
2023,YR2023,Philippines,PHL,..
2023,YR2023,Poland,POL,..
2023,YR2023,Portugal,PRT,..
2023,YR2023,Puerto Rico,PRI,..
2023,YR2023,Qatar,QAT,..
2023,YR2023,Romania,ROU,..
2023,YR2023,Russian Federation,RUS,..
2023,YR2023,Rwanda,RWA,..
2023,YR2023,Samoa,WSM,..
2023,YR2023,San Marino,SMR,..
2023,YR2023,Sao Tome and Principe,STP,..
2023,YR2023,Saudi Arabia,SAU,..
2023,YR2023,Senegal,SEN,..
2023,YR2023,Serbia,SRB,..
2023,YR2023,Seychelles,SYC,..
2023,YR2023,Sierra Leone,SLE,..
2023,YR2023,Singapore,SGP,..
2023,YR2023,Sint Maarten (Dutch part),SXM,..
2023,YR2023,Slovak Republic,SVK,..
2023,YR2023,Slovenia,SVN,..
2023,YR2023,Solomon Islands,SLB,..
2023,YR2023,Somalia,SOM,..
2023,YR2023,South Africa,ZAF,..
2023,YR2023,South Sudan,SSD,..
2023,YR2023,Spain,ESP,..
2023,YR2023,Sri Lanka,LKA,..
2023,YR2023,St. Kitts and Nevis,KNA,..
2023,YR2023,St. Lucia,LCA,..
2023,YR2023,St. Martin (French part),MAF,..
2023,YR2023,St. Vincent and the Grenadines,VCT,..
2023,YR2023,Sudan,SDN,..
2023,YR2023,Suriname,SUR,..
2023,YR2023,Sweden,SWE,..
2023,YR2023,Switzerland,CHE,..
2023,YR2023,Syrian Arab Republic,SYR,..
2023,YR2023,Tajikistan,TJK,..
2023,YR2023,Tanzania,TZA,..
2023,YR2023,Thailand,THA,..
2023,YR2023,Timor-Leste,TLS,..
2023,YR2023,Togo,TGO,..
2023,YR2023,Tonga,TON,..
2023,YR2023,Trinidad and Tobago,TTO,..
2023,YR2023,Tunisia,TUN,..
2023,YR2023,Turkiye,TUR,..
2023,YR2023,Turkmenistan,TKM,..
2023,YR2023,Turks and Caicos Islands,TCA,..
2023,YR2023,Tuvalu,TUV,..
2023,YR2023,Uganda,UGA,..
2023,YR2023,Ukraine,UKR,..
2023,YR2023,United Arab Emirates,ARE,..
2023,YR2023,United Kingdom,GBR,..
2023,YR2023,United States,USA,..
2023,YR2023,Uruguay,URY,..
2023,YR2023,Uzbekistan,UZB,..
2023,YR2023,Vanuatu,VUT,..
2023,YR2023,"Venezuela, RB",VEN,..
2023,YR2023,Viet Nam,VNM,..
2023,YR2023,Virgin Islands (U.S.),VIR,..
2023,YR2023,West Bank and Gaza,PSE,..
2023,YR2023,"Yemen, Rep.",YEM,..
2023,YR2023,Zambia,ZMB,..
2023,YR2023,Zimbabwe,ZWE,..
,,,,
,,,,
,,,,
Data from database: Health Nutrition and Population Statistics,,,,
Last Updated: 07/01/2024,,,,
