Year,Year Code,Country Name,Country Code,People with basic handwashing facilities including soap and water (% of population) [SH.STA.HYGN.ZS]
1990,YR1990,Africa Eastern and Southern,AFE,..
1990,YR1990,Africa Western and Central,AFW,..
1990,YR1990,Arab World,ARB,..
1990,YR1990,Caribbean small states,CSS,..
1990,YR1990,Central Europe and the Baltics,CEB,..
1990,YR1990,Early-demographic dividend,EAR,..
1990,YR1990,East Asia & Pacific,EAS,..
1990,YR1990,East Asia & Pacific (excluding high income),EAP,..
1990,YR1990,East Asia & Pacific (IDA & IBRD countries),TEA,..
1990,YR1990,Euro area,EMU,..
1990,YR1990,Europe & Central Asia,ECS,..
1990,YR1990,Europe & Central Asia (excluding high income),ECA,..
1990,YR1990,Europe & Central Asia (IDA & IBRD countries),TEC,..
1990,YR1990,European Union,EUU,..
1990,YR1990,Fragile and conflict affected situations,FCS,..
1990,YR1990,Heavily indebted poor countries (HIPC),HPC,..
1990,YR1990,High income,HIC,..
1990,YR1990,IBRD only,IBD,..
1990,YR1990,IDA & IBRD total,IBT,..
1990,YR1990,IDA blend,IDB,..
1990,YR1990,IDA only,IDX,..
1990,YR1990,IDA total,IDA,..
1990,YR1990,Late-demographic dividend,LTE,..
1990,YR1990,Latin America & Caribbean,LCN,..
1990,YR1990,Latin America & Caribbean (excluding high income),LAC,..
1990,YR1990,Latin America & the Caribbean (IDA & IBRD countries),TLA,..
1990,YR1990,Least developed countries: UN classification,LDC,..
1990,YR1990,Low & middle income,LMY,..
1990,YR1990,Low income,LIC,..
1990,YR1990,Lower middle income,LMC,..
1990,YR1990,Middle East & North Africa,MEA,..
1990,YR1990,Middle East & North Africa (excluding high income),MNA,..
1990,YR1990,Middle East & North Africa (IDA & IBRD countries),TMN,..
1990,YR1990,Middle income,MIC,..
1990,YR1990,North America,NAC,..
1990,YR1990,Not classified,INX,..
1990,YR1990,OECD members,OED,..
1990,YR1990,Other small states,OSS,..
1990,YR1990,Pacific island small states,PSS,..
1990,YR1990,Post-demographic dividend,PST,..
1990,YR1990,Pre-demographic dividend,PRE,..
1990,YR1990,Small states,SST,..
1990,YR1990,South Asia,SAS,..
1990,YR1990,South Asia (IDA & IBRD),TSA,..
1990,YR1990,Sub-Saharan Africa,SSF,..
1990,YR1990,Sub-Saharan Africa (excluding high income),SSA,..
1990,YR1990,Sub-Saharan Africa (IDA & IBRD countries),TSS,..
1990,YR1990,Upper middle income,UMC,..
1990,YR1990,World,WLD,..
1990,YR1990,Afghanistan,AFG,..
1990,YR1990,Albania,ALB,..
1990,YR1990,Algeria,DZA,..
1990,YR1990,American Samoa,ASM,..
1990,YR1990,Andorra,AND,..
1990,YR1990,Angola,AGO,..
1990,YR1990,Antigua and Barbuda,ATG,..
1990,YR1990,Argentina,ARG,..
1990,YR1990,Armenia,ARM,..
1990,YR1990,Aruba,ABW,..
1990,YR1990,Australia,AUS,..
1990,YR1990,Austria,AUT,..
1990,YR1990,Azerbaijan,AZE,..
1990,YR1990,"Bahamas, The",BHS,..
1990,YR1990,Bahrain,BHR,..
1990,YR1990,Bangladesh,BGD,..
1990,YR1990,Barbados,BRB,..
1990,YR1990,Belarus,BLR,..
1990,YR1990,Belgium,BEL,..
1990,YR1990,Belize,BLZ,..
1990,YR1990,Benin,BEN,..
1990,YR1990,Bermuda,BMU,..
1990,YR1990,Bhutan,BTN,..
1990,YR1990,Bolivia,BOL,..
1990,YR1990,Bosnia and Herzegovina,BIH,..
1990,YR1990,Botswana,BWA,..
1990,YR1990,Brazil,BRA,..
1990,YR1990,British Virgin Islands,VGB,..
1990,YR1990,Brunei Darussalam,BRN,..
1990,YR1990,Bulgaria,BGR,..
1990,YR1990,Burkina Faso,BFA,..
1990,YR1990,Burundi,BDI,..
1990,YR1990,Cabo Verde,CPV,..
1990,YR1990,Cambodia,KHM,..
1990,YR1990,Cameroon,CMR,..
1990,YR1990,Canada,CAN,..
1990,YR1990,Cayman Islands,CYM,..
1990,YR1990,Central African Republic,CAF,..
1990,YR1990,Chad,TCD,..
1990,YR1990,Channel Islands,CHI,..
1990,YR1990,Chile,CHL,..
1990,YR1990,China,CHN,..
1990,YR1990,Colombia,COL,..
1990,YR1990,Comoros,COM,..
1990,YR1990,"Congo, Dem. Rep.",COD,..
1990,YR1990,"Congo, Rep.",COG,..
1990,YR1990,Costa Rica,CRI,..
1990,YR1990,Cote d'Ivoire,CIV,..
1990,YR1990,Croatia,HRV,..
1990,YR1990,Cuba,CUB,..
1990,YR1990,Curacao,CUW,..
1990,YR1990,Cyprus,CYP,..
1990,YR1990,Czechia,CZE,..
1990,YR1990,Denmark,DNK,..
1990,YR1990,Djibouti,DJI,..
1990,YR1990,Dominica,DMA,..
1990,YR1990,Dominican Republic,DOM,..
1990,YR1990,Ecuador,ECU,..
1990,YR1990,"Egypt, Arab Rep.",EGY,..
1990,YR1990,El Salvador,SLV,..
1990,YR1990,Equatorial Guinea,GNQ,..
1990,YR1990,Eritrea,ERI,..
1990,YR1990,Estonia,EST,..
1990,YR1990,Eswatini,SWZ,..
1990,YR1990,Ethiopia,ETH,..
1990,YR1990,Faroe Islands,FRO,..
1990,YR1990,Fiji,FJI,..
1990,YR1990,Finland,FIN,..
1990,YR1990,France,FRA,..
1990,YR1990,French Polynesia,PYF,..
1990,YR1990,Gabon,GAB,..
1990,YR1990,"Gambia, The",GMB,..
1990,YR1990,Georgia,GEO,..
1990,YR1990,Germany,DEU,..
1990,YR1990,Ghana,GHA,..
1990,YR1990,Gibraltar,GIB,..
1990,YR1990,Greece,GRC,..
1990,YR1990,Greenland,GRL,..
1990,YR1990,Grenada,GRD,..
1990,YR1990,Guam,GUM,..
1990,YR1990,Guatemala,GTM,..
1990,YR1990,Guinea,GIN,..
1990,YR1990,Guinea-Bissau,GNB,..
1990,YR1990,Guyana,GUY,..
1990,YR1990,Haiti,HTI,..
1990,YR1990,Honduras,HND,..
1990,YR1990,"Hong Kong SAR, China",HKG,..
1990,YR1990,Hungary,HUN,..
1990,YR1990,Iceland,ISL,..
1990,YR1990,India,IND,..
1990,YR1990,Indonesia,IDN,..
1990,YR1990,"Iran, Islamic Rep.",IRN,..
1990,YR1990,Iraq,IRQ,..
1990,YR1990,Ireland,IRL,..
1990,YR1990,Isle of Man,IMN,..
1990,YR1990,Israel,ISR,..
1990,YR1990,Italy,ITA,..
1990,YR1990,Jamaica,JAM,..
1990,YR1990,Japan,JPN,..
1990,YR1990,Jordan,JOR,..
1990,YR1990,Kazakhstan,KAZ,..
1990,YR1990,Kenya,KEN,..
1990,YR1990,Kiribati,KIR,..
1990,YR1990,"Korea, Dem. People's Rep.",PRK,..
1990,YR1990,"Korea, Rep.",KOR,..
1990,YR1990,Kosovo,XKX,..
1990,YR1990,Kuwait,KWT,..
1990,YR1990,Kyrgyz Republic,KGZ,..
1990,YR1990,Lao PDR,LAO,..
1990,YR1990,Latvia,LVA,..
1990,YR1990,Lebanon,LBN,..
1990,YR1990,Lesotho,LSO,..
1990,YR1990,Liberia,LBR,..
1990,YR1990,Libya,LBY,..
1990,YR1990,Liechtenstein,LIE,..
1990,YR1990,Lithuania,LTU,..
1990,YR1990,Luxembourg,LUX,..
1990,YR1990,"Macao SAR, China",MAC,..
1990,YR1990,Madagascar,MDG,..
1990,YR1990,Malawi,MWI,..
1990,YR1990,Malaysia,MYS,..
1990,YR1990,Maldives,MDV,..
1990,YR1990,Mali,MLI,..
1990,YR1990,Malta,MLT,..
1990,YR1990,Marshall Islands,MHL,..
1990,YR1990,Mauritania,MRT,..
1990,YR1990,Mauritius,MUS,..
1990,YR1990,Mexico,MEX,..
1990,YR1990,"Micronesia, Fed. Sts.",FSM,..
1990,YR1990,Moldova,MDA,..
1990,YR1990,Monaco,MCO,..
1990,YR1990,Mongolia,MNG,..
1990,YR1990,Montenegro,MNE,..
1990,YR1990,Morocco,MAR,..
1990,YR1990,Mozambique,MOZ,..
1990,YR1990,Myanmar,MMR,..
1990,YR1990,Namibia,NAM,..
1990,YR1990,Nauru,NRU,..
1990,YR1990,Nepal,NPL,..
1990,YR1990,Netherlands,NLD,..
1990,YR1990,New Caledonia,NCL,..
1990,YR1990,New Zealand,NZL,..
1990,YR1990,Nicaragua,NIC,..
1990,YR1990,Niger,NER,..
1990,YR1990,Nigeria,NGA,..
1990,YR1990,North Macedonia,MKD,..
1990,YR1990,Northern Mariana Islands,MNP,..
1990,YR1990,Norway,NOR,..
1990,YR1990,Oman,OMN,..
1990,YR1990,Pakistan,PAK,..
1990,YR1990,Palau,PLW,..
1990,YR1990,Panama,PAN,..
1990,YR1990,Papua New Guinea,PNG,..
1990,YR1990,Paraguay,PRY,..
1990,YR1990,Peru,PER,..
1990,YR1990,Philippines,PHL,..
1990,YR1990,Poland,POL,..
1990,YR1990,Portugal,PRT,..
1990,YR1990,Puerto Rico,PRI,..
1990,YR1990,Qatar,QAT,..
1990,YR1990,Romania,ROU,..
1990,YR1990,Russian Federation,RUS,..
1990,YR1990,Rwanda,RWA,..
1990,YR1990,Samoa,WSM,..
1990,YR1990,San Marino,SMR,..
1990,YR1990,Sao Tome and Principe,STP,..
1990,YR1990,Saudi Arabia,SAU,..
1990,YR1990,Senegal,SEN,..
1990,YR1990,Serbia,SRB,..
1990,YR1990,Seychelles,SYC,..
1990,YR1990,Sierra Leone,SLE,..
1990,YR1990,Singapore,SGP,..
1990,YR1990,Sint Maarten (Dutch part),SXM,..
1990,YR1990,Slovak Republic,SVK,..
1990,YR1990,Slovenia,SVN,..
1990,YR1990,Solomon Islands,SLB,..
1990,YR1990,Somalia,SOM,..
1990,YR1990,South Africa,ZAF,..
1990,YR1990,South Sudan,SSD,..
1990,YR1990,Spain,ESP,..
1990,YR1990,Sri Lanka,LKA,..
1990,YR1990,St. Kitts and Nevis,KNA,..
1990,YR1990,St. Lucia,LCA,..
1990,YR1990,St. Martin (French part),MAF,..
1990,YR1990,St. Vincent and the Grenadines,VCT,..
1990,YR1990,Sudan,SDN,..
1990,YR1990,Suriname,SUR,..
1990,YR1990,Sweden,SWE,..
1990,YR1990,Switzerland,CHE,..
1990,YR1990,Syrian Arab Republic,SYR,..
1990,YR1990,Tajikistan,TJK,..
1990,YR1990,Tanzania,TZA,..
1990,YR1990,Thailand,THA,..
1990,YR1990,Timor-Leste,TLS,..
1990,YR1990,Togo,TGO,..
1990,YR1990,Tonga,TON,..
1990,YR1990,Trinidad and Tobago,TTO,..
1990,YR1990,Tunisia,TUN,..
1990,YR1990,Turkiye,TUR,..
1990,YR1990,Turkmenistan,TKM,..
1990,YR1990,Turks and Caicos Islands,TCA,..
1990,YR1990,Tuvalu,TUV,..
1990,YR1990,Uganda,UGA,..
1990,YR1990,Ukraine,UKR,..
1990,YR1990,United Arab Emirates,ARE,..
1990,YR1990,United Kingdom,GBR,..
1990,YR1990,United States,USA,..
1990,YR1990,Uruguay,URY,..
1990,YR1990,Uzbekistan,UZB,..
1990,YR1990,Vanuatu,VUT,..
1990,YR1990,"Venezuela, RB",VEN,..
1990,YR1990,Viet Nam,VNM,..
1990,YR1990,Virgin Islands (U.S.),VIR,..
1990,YR1990,West Bank and Gaza,PSE,..
1990,YR1990,"Yemen, Rep.",YEM,..
1990,YR1990,Zambia,ZMB,..
1990,YR1990,Zimbabwe,ZWE,..
1991,YR1991,Africa Eastern and Southern,AFE,..
1991,YR1991,Africa Western and Central,AFW,..
1991,YR1991,Arab World,ARB,..
1991,YR1991,Caribbean small states,CSS,..
1991,YR1991,Central Europe and the Baltics,CEB,..
1991,YR1991,Early-demographic dividend,EAR,..
1991,YR1991,East Asia & Pacific,EAS,..
1991,YR1991,East Asia & Pacific (excluding high income),EAP,..
1991,YR1991,East Asia & Pacific (IDA & IBRD countries),TEA,..
1991,YR1991,Euro area,EMU,..
1991,YR1991,Europe & Central Asia,ECS,..
1991,YR1991,Europe & Central Asia (excluding high income),ECA,..
1991,YR1991,Europe & Central Asia (IDA & IBRD countries),TEC,..
1991,YR1991,European Union,EUU,..
1991,YR1991,Fragile and conflict affected situations,FCS,..
1991,YR1991,Heavily indebted poor countries (HIPC),HPC,..
1991,YR1991,High income,HIC,..
1991,YR1991,IBRD only,IBD,..
1991,YR1991,IDA & IBRD total,IBT,..
1991,YR1991,IDA blend,IDB,..
1991,YR1991,IDA only,IDX,..
1991,YR1991,IDA total,IDA,..
1991,YR1991,Late-demographic dividend,LTE,..
1991,YR1991,Latin America & Caribbean,LCN,..
1991,YR1991,Latin America & Caribbean (excluding high income),LAC,..
1991,YR1991,Latin America & the Caribbean (IDA & IBRD countries),TLA,..
1991,YR1991,Least developed countries: UN classification,LDC,..
1991,YR1991,Low & middle income,LMY,..
1991,YR1991,Low income,LIC,..
1991,YR1991,Lower middle income,LMC,..
1991,YR1991,Middle East & North Africa,MEA,..
1991,YR1991,Middle East & North Africa (excluding high income),MNA,..
1991,YR1991,Middle East & North Africa (IDA & IBRD countries),TMN,..
1991,YR1991,Middle income,MIC,..
1991,YR1991,North America,NAC,..
1991,YR1991,Not classified,INX,..
1991,YR1991,OECD members,OED,..
1991,YR1991,Other small states,OSS,..
1991,YR1991,Pacific island small states,PSS,..
1991,YR1991,Post-demographic dividend,PST,..
1991,YR1991,Pre-demographic dividend,PRE,..
1991,YR1991,Small states,SST,..
1991,YR1991,South Asia,SAS,..
1991,YR1991,South Asia (IDA & IBRD),TSA,..
1991,YR1991,Sub-Saharan Africa,SSF,..
1991,YR1991,Sub-Saharan Africa (excluding high income),SSA,..
1991,YR1991,Sub-Saharan Africa (IDA & IBRD countries),TSS,..
1991,YR1991,Upper middle income,UMC,..
1991,YR1991,World,WLD,..
1991,YR1991,Afghanistan,AFG,..
1991,YR1991,Albania,ALB,..
1991,YR1991,Algeria,DZA,..
1991,YR1991,American Samoa,ASM,..
1991,YR1991,Andorra,AND,..
1991,YR1991,Angola,AGO,..
1991,YR1991,Antigua and Barbuda,ATG,..
1991,YR1991,Argentina,ARG,..
1991,YR1991,Armenia,ARM,..
1991,YR1991,Aruba,ABW,..
1991,YR1991,Australia,AUS,..
1991,YR1991,Austria,AUT,..
1991,YR1991,Azerbaijan,AZE,..
1991,YR1991,"Bahamas, The",BHS,..
1991,YR1991,Bahrain,BHR,..
1991,YR1991,Bangladesh,BGD,..
1991,YR1991,Barbados,BRB,..
1991,YR1991,Belarus,BLR,..
1991,YR1991,Belgium,BEL,..
1991,YR1991,Belize,BLZ,..
1991,YR1991,Benin,BEN,..
1991,YR1991,Bermuda,BMU,..
1991,YR1991,Bhutan,BTN,..
1991,YR1991,Bolivia,BOL,..
1991,YR1991,Bosnia and Herzegovina,BIH,..
1991,YR1991,Botswana,BWA,..
1991,YR1991,Brazil,BRA,..
1991,YR1991,British Virgin Islands,VGB,..
1991,YR1991,Brunei Darussalam,BRN,..
1991,YR1991,Bulgaria,BGR,..
1991,YR1991,Burkina Faso,BFA,..
1991,YR1991,Burundi,BDI,..
1991,YR1991,Cabo Verde,CPV,..
1991,YR1991,Cambodia,KHM,..
1991,YR1991,Cameroon,CMR,..
1991,YR1991,Canada,CAN,..
1991,YR1991,Cayman Islands,CYM,..
1991,YR1991,Central African Republic,CAF,..
1991,YR1991,Chad,TCD,..
1991,YR1991,Channel Islands,CHI,..
1991,YR1991,Chile,CHL,..
1991,YR1991,China,CHN,..
1991,YR1991,Colombia,COL,..
1991,YR1991,Comoros,COM,..
1991,YR1991,"Congo, Dem. Rep.",COD,..
1991,YR1991,"Congo, Rep.",COG,..
1991,YR1991,Costa Rica,CRI,..
1991,YR1991,Cote d'Ivoire,CIV,..
1991,YR1991,Croatia,HRV,..
1991,YR1991,Cuba,CUB,..
1991,YR1991,Curacao,CUW,..
1991,YR1991,Cyprus,CYP,..
1991,YR1991,Czechia,CZE,..
1991,YR1991,Denmark,DNK,..
1991,YR1991,Djibouti,DJI,..
1991,YR1991,Dominica,DMA,..
1991,YR1991,Dominican Republic,DOM,..
1991,YR1991,Ecuador,ECU,..
1991,YR1991,"Egypt, Arab Rep.",EGY,..
1991,YR1991,El Salvador,SLV,..
1991,YR1991,Equatorial Guinea,GNQ,..
1991,YR1991,Eritrea,ERI,..
1991,YR1991,Estonia,EST,..
1991,YR1991,Eswatini,SWZ,..
1991,YR1991,Ethiopia,ETH,..
1991,YR1991,Faroe Islands,FRO,..
1991,YR1991,Fiji,FJI,..
1991,YR1991,Finland,FIN,..
1991,YR1991,France,FRA,..
1991,YR1991,French Polynesia,PYF,..
1991,YR1991,Gabon,GAB,..
1991,YR1991,"Gambia, The",GMB,..
1991,YR1991,Georgia,GEO,..
1991,YR1991,Germany,DEU,..
1991,YR1991,Ghana,GHA,..
1991,YR1991,Gibraltar,GIB,..
1991,YR1991,Greece,GRC,..
1991,YR1991,Greenland,GRL,..
1991,YR1991,Grenada,GRD,..
1991,YR1991,Guam,GUM,..
1991,YR1991,Guatemala,GTM,..
1991,YR1991,Guinea,GIN,..
1991,YR1991,Guinea-Bissau,GNB,..
1991,YR1991,Guyana,GUY,..
1991,YR1991,Haiti,HTI,..
1991,YR1991,Honduras,HND,..
1991,YR1991,"Hong Kong SAR, China",HKG,..
1991,YR1991,Hungary,HUN,..
1991,YR1991,Iceland,ISL,..
1991,YR1991,India,IND,..
1991,YR1991,Indonesia,IDN,..
1991,YR1991,"Iran, Islamic Rep.",IRN,..
1991,YR1991,Iraq,IRQ,..
1991,YR1991,Ireland,IRL,..
1991,YR1991,Isle of Man,IMN,..
1991,YR1991,Israel,ISR,..
1991,YR1991,Italy,ITA,..
1991,YR1991,Jamaica,JAM,..
1991,YR1991,Japan,JPN,..
1991,YR1991,Jordan,JOR,..
1991,YR1991,Kazakhstan,KAZ,..
1991,YR1991,Kenya,KEN,..
1991,YR1991,Kiribati,KIR,..
1991,YR1991,"Korea, Dem. People's Rep.",PRK,..
1991,YR1991,"Korea, Rep.",KOR,..
1991,YR1991,Kosovo,XKX,..
1991,YR1991,Kuwait,KWT,..
1991,YR1991,Kyrgyz Republic,KGZ,..
1991,YR1991,Lao PDR,LAO,..
1991,YR1991,Latvia,LVA,..
1991,YR1991,Lebanon,LBN,..
1991,YR1991,Lesotho,LSO,..
1991,YR1991,Liberia,LBR,..
1991,YR1991,Libya,LBY,..
1991,YR1991,Liechtenstein,LIE,..
1991,YR1991,Lithuania,LTU,..
1991,YR1991,Luxembourg,LUX,..
1991,YR1991,"Macao SAR, China",MAC,..
1991,YR1991,Madagascar,MDG,..
1991,YR1991,Malawi,MWI,..
1991,YR1991,Malaysia,MYS,..
1991,YR1991,Maldives,MDV,..
1991,YR1991,Mali,MLI,..
1991,YR1991,Malta,MLT,..
1991,YR1991,Marshall Islands,MHL,..
1991,YR1991,Mauritania,MRT,..
1991,YR1991,Mauritius,MUS,..
1991,YR1991,Mexico,MEX,..
1991,YR1991,"Micronesia, Fed. Sts.",FSM,..
1991,YR1991,Moldova,MDA,..
1991,YR1991,Monaco,MCO,..
1991,YR1991,Mongolia,MNG,..
1991,YR1991,Montenegro,MNE,..
1991,YR1991,Morocco,MAR,..
1991,YR1991,Mozambique,MOZ,..
1991,YR1991,Myanmar,MMR,..
1991,YR1991,Namibia,NAM,..
1991,YR1991,Nauru,NRU,..
1991,YR1991,Nepal,NPL,..
1991,YR1991,Netherlands,NLD,..
1991,YR1991,New Caledonia,NCL,..
1991,YR1991,New Zealand,NZL,..
1991,YR1991,Nicaragua,NIC,..
1991,YR1991,Niger,NER,..
1991,YR1991,Nigeria,NGA,..
1991,YR1991,North Macedonia,MKD,..
1991,YR1991,Northern Mariana Islands,MNP,..
1991,YR1991,Norway,NOR,..
1991,YR1991,Oman,OMN,..
1991,YR1991,Pakistan,PAK,..
1991,YR1991,Palau,PLW,..
1991,YR1991,Panama,PAN,..
1991,YR1991,Papua New Guinea,PNG,..
1991,YR1991,Paraguay,PRY,..
1991,YR1991,Peru,PER,..
1991,YR1991,Philippines,PHL,..
1991,YR1991,Poland,POL,..
1991,YR1991,Portugal,PRT,..
1991,YR1991,Puerto Rico,PRI,..
1991,YR1991,Qatar,QAT,..
1991,YR1991,Romania,ROU,..
1991,YR1991,Russian Federation,RUS,..
1991,YR1991,Rwanda,RWA,..
1991,YR1991,Samoa,WSM,..
1991,YR1991,San Marino,SMR,..
1991,YR1991,Sao Tome and Principe,STP,..
1991,YR1991,Saudi Arabia,SAU,..
1991,YR1991,Senegal,SEN,..
1991,YR1991,Serbia,SRB,..
1991,YR1991,Seychelles,SYC,..
1991,YR1991,Sierra Leone,SLE,..
1991,YR1991,Singapore,SGP,..
1991,YR1991,Sint Maarten (Dutch part),SXM,..
1991,YR1991,Slovak Republic,SVK,..
1991,YR1991,Slovenia,SVN,..
1991,YR1991,Solomon Islands,SLB,..
1991,YR1991,Somalia,SOM,..
1991,YR1991,South Africa,ZAF,..
1991,YR1991,South Sudan,SSD,..
1991,YR1991,Spain,ESP,..
1991,YR1991,Sri Lanka,LKA,..
1991,YR1991,St. Kitts and Nevis,KNA,..
1991,YR1991,St. Lucia,LCA,..
1991,YR1991,St. Martin (French part),MAF,..
1991,YR1991,St. Vincent and the Grenadines,VCT,..
1991,YR1991,Sudan,SDN,..
1991,YR1991,Suriname,SUR,..
1991,YR1991,Sweden,SWE,..
1991,YR1991,Switzerland,CHE,..
1991,YR1991,Syrian Arab Republic,SYR,..
1991,YR1991,Tajikistan,TJK,..
1991,YR1991,Tanzania,TZA,..
1991,YR1991,Thailand,THA,..
1991,YR1991,Timor-Leste,TLS,..
1991,YR1991,Togo,TGO,..
1991,YR1991,Tonga,TON,..
1991,YR1991,Trinidad and Tobago,TTO,..
1991,YR1991,Tunisia,TUN,..
1991,YR1991,Turkiye,TUR,..
1991,YR1991,Turkmenistan,TKM,..
1991,YR1991,Turks and Caicos Islands,TCA,..
1991,YR1991,Tuvalu,TUV,..
1991,YR1991,Uganda,UGA,..
1991,YR1991,Ukraine,UKR,..
1991,YR1991,United Arab Emirates,ARE,..
1991,YR1991,United Kingdom,GBR,..
1991,YR1991,United States,USA,..
1991,YR1991,Uruguay,URY,..
1991,YR1991,Uzbekistan,UZB,..
1991,YR1991,Vanuatu,VUT,..
1991,YR1991,"Venezuela, RB",VEN,..
1991,YR1991,Viet Nam,VNM,..
1991,YR1991,Virgin Islands (U.S.),VIR,..
1991,YR1991,West Bank and Gaza,PSE,..
1991,YR1991,"Yemen, Rep.",YEM,..
1991,YR1991,Zambia,ZMB,..
1991,YR1991,Zimbabwe,ZWE,..
1992,YR1992,Africa Eastern and Southern,AFE,..
1992,YR1992,Africa Western and Central,AFW,..
1992,YR1992,Arab World,ARB,..
1992,YR1992,Caribbean small states,CSS,..
1992,YR1992,Central Europe and the Baltics,CEB,..
1992,YR1992,Early-demographic dividend,EAR,..
1992,YR1992,East Asia & Pacific,EAS,..
1992,YR1992,East Asia & Pacific (excluding high income),EAP,..
1992,YR1992,East Asia & Pacific (IDA & IBRD countries),TEA,..
1992,YR1992,Euro area,EMU,..
1992,YR1992,Europe & Central Asia,ECS,..
1992,YR1992,Europe & Central Asia (excluding high income),ECA,..
1992,YR1992,Europe & Central Asia (IDA & IBRD countries),TEC,..
1992,YR1992,European Union,EUU,..
1992,YR1992,Fragile and conflict affected situations,FCS,..
1992,YR1992,Heavily indebted poor countries (HIPC),HPC,..
1992,YR1992,High income,HIC,..
1992,YR1992,IBRD only,IBD,..
1992,YR1992,IDA & IBRD total,IBT,..
1992,YR1992,IDA blend,IDB,..
1992,YR1992,IDA only,IDX,..
1992,YR1992,IDA total,IDA,..
1992,YR1992,Late-demographic dividend,LTE,..
1992,YR1992,Latin America & Caribbean,LCN,..
1992,YR1992,Latin America & Caribbean (excluding high income),LAC,..
1992,YR1992,Latin America & the Caribbean (IDA & IBRD countries),TLA,..
1992,YR1992,Least developed countries: UN classification,LDC,..
1992,YR1992,Low & middle income,LMY,..
1992,YR1992,Low income,LIC,..
1992,YR1992,Lower middle income,LMC,..
1992,YR1992,Middle East & North Africa,MEA,..
1992,YR1992,Middle East & North Africa (excluding high income),MNA,..
1992,YR1992,Middle East & North Africa (IDA & IBRD countries),TMN,..
1992,YR1992,Middle income,MIC,..
1992,YR1992,North America,NAC,..
1992,YR1992,Not classified,INX,..
1992,YR1992,OECD members,OED,..
1992,YR1992,Other small states,OSS,..
1992,YR1992,Pacific island small states,PSS,..
1992,YR1992,Post-demographic dividend,PST,..
1992,YR1992,Pre-demographic dividend,PRE,..
1992,YR1992,Small states,SST,..
1992,YR1992,South Asia,SAS,..
1992,YR1992,South Asia (IDA & IBRD),TSA,..
1992,YR1992,Sub-Saharan Africa,SSF,..
1992,YR1992,Sub-Saharan Africa (excluding high income),SSA,..
1992,YR1992,Sub-Saharan Africa (IDA & IBRD countries),TSS,..
1992,YR1992,Upper middle income,UMC,..
1992,YR1992,World,WLD,..
1992,YR1992,Afghanistan,AFG,..
1992,YR1992,Albania,ALB,..
1992,YR1992,Algeria,DZA,..
1992,YR1992,American Samoa,ASM,..
1992,YR1992,Andorra,AND,..
1992,YR1992,Angola,AGO,..
1992,YR1992,Antigua and Barbuda,ATG,..
1992,YR1992,Argentina,ARG,..
1992,YR1992,Armenia,ARM,..
1992,YR1992,Aruba,ABW,..
1992,YR1992,Australia,AUS,..
1992,YR1992,Austria,AUT,..
1992,YR1992,Azerbaijan,AZE,..
1992,YR1992,"Bahamas, The",BHS,..
1992,YR1992,Bahrain,BHR,..
1992,YR1992,Bangladesh,BGD,..
1992,YR1992,Barbados,BRB,..
1992,YR1992,Belarus,BLR,..
1992,YR1992,Belgium,BEL,..
1992,YR1992,Belize,BLZ,..
1992,YR1992,Benin,BEN,..
1992,YR1992,Bermuda,BMU,..
1992,YR1992,Bhutan,BTN,..
1992,YR1992,Bolivia,BOL,..
1992,YR1992,Bosnia and Herzegovina,BIH,..
1992,YR1992,Botswana,BWA,..
1992,YR1992,Brazil,BRA,..
1992,YR1992,British Virgin Islands,VGB,..
1992,YR1992,Brunei Darussalam,BRN,..
1992,YR1992,Bulgaria,BGR,..
1992,YR1992,Burkina Faso,BFA,..
1992,YR1992,Burundi,BDI,..
1992,YR1992,Cabo Verde,CPV,..
1992,YR1992,Cambodia,KHM,..
1992,YR1992,Cameroon,CMR,..
1992,YR1992,Canada,CAN,..
1992,YR1992,Cayman Islands,CYM,..
1992,YR1992,Central African Republic,CAF,..
1992,YR1992,Chad,TCD,..
1992,YR1992,Channel Islands,CHI,..
1992,YR1992,Chile,CHL,..
1992,YR1992,China,CHN,..
1992,YR1992,Colombia,COL,..
1992,YR1992,Comoros,COM,..
1992,YR1992,"Congo, Dem. Rep.",COD,..
1992,YR1992,"Congo, Rep.",COG,..
1992,YR1992,Costa Rica,CRI,..
1992,YR1992,Cote d'Ivoire,CIV,..
1992,YR1992,Croatia,HRV,..
1992,YR1992,Cuba,CUB,..
1992,YR1992,Curacao,CUW,..
1992,YR1992,Cyprus,CYP,..
1992,YR1992,Czechia,CZE,..
1992,YR1992,Denmark,DNK,..
1992,YR1992,Djibouti,DJI,..
1992,YR1992,Dominica,DMA,..
1992,YR1992,Dominican Republic,DOM,..
1992,YR1992,Ecuador,ECU,..
1992,YR1992,"Egypt, Arab Rep.",EGY,..
1992,YR1992,El Salvador,SLV,..
1992,YR1992,Equatorial Guinea,GNQ,..
1992,YR1992,Eritrea,ERI,..
1992,YR1992,Estonia,EST,..
1992,YR1992,Eswatini,SWZ,..
1992,YR1992,Ethiopia,ETH,..
1992,YR1992,Faroe Islands,FRO,..
1992,YR1992,Fiji,FJI,..
1992,YR1992,Finland,FIN,..
1992,YR1992,France,FRA,..
1992,YR1992,French Polynesia,PYF,..
1992,YR1992,Gabon,GAB,..
1992,YR1992,"Gambia, The",GMB,..
1992,YR1992,Georgia,GEO,..
1992,YR1992,Germany,DEU,..
1992,YR1992,Ghana,GHA,..
1992,YR1992,Gibraltar,GIB,..
1992,YR1992,Greece,GRC,..
1992,YR1992,Greenland,GRL,..
1992,YR1992,Grenada,GRD,..
1992,YR1992,Guam,GUM,..
1992,YR1992,Guatemala,GTM,..
1992,YR1992,Guinea,GIN,..
1992,YR1992,Guinea-Bissau,GNB,..
1992,YR1992,Guyana,GUY,..
1992,YR1992,Haiti,HTI,..
1992,YR1992,Honduras,HND,..
1992,YR1992,"Hong Kong SAR, China",HKG,..
1992,YR1992,Hungary,HUN,..
1992,YR1992,Iceland,ISL,..
1992,YR1992,India,IND,..
1992,YR1992,Indonesia,IDN,..
1992,YR1992,"Iran, Islamic Rep.",IRN,..
1992,YR1992,Iraq,IRQ,..
1992,YR1992,Ireland,IRL,..
1992,YR1992,Isle of Man,IMN,..
1992,YR1992,Israel,ISR,..
1992,YR1992,Italy,ITA,..
1992,YR1992,Jamaica,JAM,..
1992,YR1992,Japan,JPN,..
1992,YR1992,Jordan,JOR,..
1992,YR1992,Kazakhstan,KAZ,..
1992,YR1992,Kenya,KEN,..
1992,YR1992,Kiribati,KIR,..
1992,YR1992,"Korea, Dem. People's Rep.",PRK,..
1992,YR1992,"Korea, Rep.",KOR,..
1992,YR1992,Kosovo,XKX,..
1992,YR1992,Kuwait,KWT,..
1992,YR1992,Kyrgyz Republic,KGZ,..
1992,YR1992,Lao PDR,LAO,..
1992,YR1992,Latvia,LVA,..
1992,YR1992,Lebanon,LBN,..
1992,YR1992,Lesotho,LSO,..
1992,YR1992,Liberia,LBR,..
1992,YR1992,Libya,LBY,..
1992,YR1992,Liechtenstein,LIE,..
1992,YR1992,Lithuania,LTU,..
1992,YR1992,Luxembourg,LUX,..
1992,YR1992,"Macao SAR, China",MAC,..
1992,YR1992,Madagascar,MDG,..
1992,YR1992,Malawi,MWI,..
1992,YR1992,Malaysia,MYS,..
1992,YR1992,Maldives,MDV,..
1992,YR1992,Mali,MLI,..
1992,YR1992,Malta,MLT,..
1992,YR1992,Marshall Islands,MHL,..
1992,YR1992,Mauritania,MRT,..
1992,YR1992,Mauritius,MUS,..
1992,YR1992,Mexico,MEX,..
1992,YR1992,"Micronesia, Fed. Sts.",FSM,..
1992,YR1992,Moldova,MDA,..
1992,YR1992,Monaco,MCO,..
1992,YR1992,Mongolia,MNG,..
1992,YR1992,Montenegro,MNE,..
1992,YR1992,Morocco,MAR,..
1992,YR1992,Mozambique,MOZ,..
1992,YR1992,Myanmar,MMR,..
1992,YR1992,Namibia,NAM,..
1992,YR1992,Nauru,NRU,..
1992,YR1992,Nepal,NPL,..
1992,YR1992,Netherlands,NLD,..
1992,YR1992,New Caledonia,NCL,..
1992,YR1992,New Zealand,NZL,..
1992,YR1992,Nicaragua,NIC,..
1992,YR1992,Niger,NER,..
1992,YR1992,Nigeria,NGA,..
1992,YR1992,North Macedonia,MKD,..
1992,YR1992,Northern Mariana Islands,MNP,..
1992,YR1992,Norway,NOR,..
1992,YR1992,Oman,OMN,..
1992,YR1992,Pakistan,PAK,..
1992,YR1992,Palau,PLW,..
1992,YR1992,Panama,PAN,..
1992,YR1992,Papua New Guinea,PNG,..
1992,YR1992,Paraguay,PRY,..
1992,YR1992,Peru,PER,..
1992,YR1992,Philippines,PHL,..
1992,YR1992,Poland,POL,..
1992,YR1992,Portugal,PRT,..
1992,YR1992,Puerto Rico,PRI,..
1992,YR1992,Qatar,QAT,..
1992,YR1992,Romania,ROU,..
1992,YR1992,Russian Federation,RUS,..
1992,YR1992,Rwanda,RWA,..
1992,YR1992,Samoa,WSM,..
1992,YR1992,San Marino,SMR,..
1992,YR1992,Sao Tome and Principe,STP,..
1992,YR1992,Saudi Arabia,SAU,..
1992,YR1992,Senegal,SEN,..
1992,YR1992,Serbia,SRB,..
1992,YR1992,Seychelles,SYC,..
1992,YR1992,Sierra Leone,SLE,..
1992,YR1992,Singapore,SGP,..
1992,YR1992,Sint Maarten (Dutch part),SXM,..
1992,YR1992,Slovak Republic,SVK,..
1992,YR1992,Slovenia,SVN,..
1992,YR1992,Solomon Islands,SLB,..
1992,YR1992,Somalia,SOM,..
1992,YR1992,South Africa,ZAF,..
1992,YR1992,South Sudan,SSD,..
1992,YR1992,Spain,ESP,..
1992,YR1992,Sri Lanka,LKA,..
1992,YR1992,St. Kitts and Nevis,KNA,..
1992,YR1992,St. Lucia,LCA,..
1992,YR1992,St. Martin (French part),MAF,..
1992,YR1992,St. Vincent and the Grenadines,VCT,..
1992,YR1992,Sudan,SDN,..
1992,YR1992,Suriname,SUR,..
1992,YR1992,Sweden,SWE,..
1992,YR1992,Switzerland,CHE,..
1992,YR1992,Syrian Arab Republic,SYR,..
1992,YR1992,Tajikistan,TJK,..
1992,YR1992,Tanzania,TZA,..
1992,YR1992,Thailand,THA,..
1992,YR1992,Timor-Leste,TLS,..
1992,YR1992,Togo,TGO,..
1992,YR1992,Tonga,TON,..
1992,YR1992,Trinidad and Tobago,TTO,..
1992,YR1992,Tunisia,TUN,..
1992,YR1992,Turkiye,TUR,..
1992,YR1992,Turkmenistan,TKM,..
1992,YR1992,Turks and Caicos Islands,TCA,..
1992,YR1992,Tuvalu,TUV,..
1992,YR1992,Uganda,UGA,..
1992,YR1992,Ukraine,UKR,..
1992,YR1992,United Arab Emirates,ARE,..
1992,YR1992,United Kingdom,GBR,..
1992,YR1992,United States,USA,..
1992,YR1992,Uruguay,URY,..
1992,YR1992,Uzbekistan,UZB,..
1992,YR1992,Vanuatu,VUT,..
1992,YR1992,"Venezuela, RB",VEN,..
1992,YR1992,Viet Nam,VNM,..
1992,YR1992,Virgin Islands (U.S.),VIR,..
1992,YR1992,West Bank and Gaza,PSE,..
1992,YR1992,"Yemen, Rep.",YEM,..
1992,YR1992,Zambia,ZMB,..
1992,YR1992,Zimbabwe,ZWE,..
1993,YR1993,Africa Eastern and Southern,AFE,..
1993,YR1993,Africa Western and Central,AFW,..
1993,YR1993,Arab World,ARB,..
1993,YR1993,Caribbean small states,CSS,..
1993,YR1993,Central Europe and the Baltics,CEB,..
1993,YR1993,Early-demographic dividend,EAR,..
1993,YR1993,East Asia & Pacific,EAS,..
1993,YR1993,East Asia & Pacific (excluding high income),EAP,..
1993,YR1993,East Asia & Pacific (IDA & IBRD countries),TEA,..
1993,YR1993,Euro area,EMU,..
1993,YR1993,Europe & Central Asia,ECS,..
1993,YR1993,Europe & Central Asia (excluding high income),ECA,..
1993,YR1993,Europe & Central Asia (IDA & IBRD countries),TEC,..
1993,YR1993,European Union,EUU,..
1993,YR1993,Fragile and conflict affected situations,FCS,..
1993,YR1993,Heavily indebted poor countries (HIPC),HPC,..
1993,YR1993,High income,HIC,..
1993,YR1993,IBRD only,IBD,..
1993,YR1993,IDA & IBRD total,IBT,..
1993,YR1993,IDA blend,IDB,..
1993,YR1993,IDA only,IDX,..
1993,YR1993,IDA total,IDA,..
1993,YR1993,Late-demographic dividend,LTE,..
1993,YR1993,Latin America & Caribbean,LCN,..
1993,YR1993,Latin America & Caribbean (excluding high income),LAC,..
1993,YR1993,Latin America & the Caribbean (IDA & IBRD countries),TLA,..
1993,YR1993,Least developed countries: UN classification,LDC,..
1993,YR1993,Low & middle income,LMY,..
1993,YR1993,Low income,LIC,..
1993,YR1993,Lower middle income,LMC,..
1993,YR1993,Middle East & North Africa,MEA,..
1993,YR1993,Middle East & North Africa (excluding high income),MNA,..
1993,YR1993,Middle East & North Africa (IDA & IBRD countries),TMN,..
1993,YR1993,Middle income,MIC,..
1993,YR1993,North America,NAC,..
1993,YR1993,Not classified,INX,..
1993,YR1993,OECD members,OED,..
1993,YR1993,Other small states,OSS,..
1993,YR1993,Pacific island small states,PSS,..
1993,YR1993,Post-demographic dividend,PST,..
1993,YR1993,Pre-demographic dividend,PRE,..
1993,YR1993,Small states,SST,..
1993,YR1993,South Asia,SAS,..
1993,YR1993,South Asia (IDA & IBRD),TSA,..
1993,YR1993,Sub-Saharan Africa,SSF,..
1993,YR1993,Sub-Saharan Africa (excluding high income),SSA,..
1993,YR1993,Sub-Saharan Africa (IDA & IBRD countries),TSS,..
1993,YR1993,Upper middle income,UMC,..
1993,YR1993,World,WLD,..
1993,YR1993,Afghanistan,AFG,..
1993,YR1993,Albania,ALB,..
1993,YR1993,Algeria,DZA,..
1993,YR1993,American Samoa,ASM,..
1993,YR1993,Andorra,AND,..
1993,YR1993,Angola,AGO,..
1993,YR1993,Antigua and Barbuda,ATG,..
1993,YR1993,Argentina,ARG,..
1993,YR1993,Armenia,ARM,..
1993,YR1993,Aruba,ABW,..
1993,YR1993,Australia,AUS,..
1993,YR1993,Austria,AUT,..
1993,YR1993,Azerbaijan,AZE,..
1993,YR1993,"Bahamas, The",BHS,..
1993,YR1993,Bahrain,BHR,..
1993,YR1993,Bangladesh,BGD,..
1993,YR1993,Barbados,BRB,..
1993,YR1993,Belarus,BLR,..
1993,YR1993,Belgium,BEL,..
1993,YR1993,Belize,BLZ,..
1993,YR1993,Benin,BEN,..
1993,YR1993,Bermuda,BMU,..
1993,YR1993,Bhutan,BTN,..
1993,YR1993,Bolivia,BOL,..
1993,YR1993,Bosnia and Herzegovina,BIH,..
1993,YR1993,Botswana,BWA,..
1993,YR1993,Brazil,BRA,..
1993,YR1993,British Virgin Islands,VGB,..
1993,YR1993,Brunei Darussalam,BRN,..
1993,YR1993,Bulgaria,BGR,..
1993,YR1993,Burkina Faso,BFA,..
1993,YR1993,Burundi,BDI,..
1993,YR1993,Cabo Verde,CPV,..
1993,YR1993,Cambodia,KHM,..
1993,YR1993,Cameroon,CMR,..
1993,YR1993,Canada,CAN,..
1993,YR1993,Cayman Islands,CYM,..
1993,YR1993,Central African Republic,CAF,..
1993,YR1993,Chad,TCD,..
1993,YR1993,Channel Islands,CHI,..
1993,YR1993,Chile,CHL,..
1993,YR1993,China,CHN,..
1993,YR1993,Colombia,COL,..
1993,YR1993,Comoros,COM,..
1993,YR1993,"Congo, Dem. Rep.",COD,..
1993,YR1993,"Congo, Rep.",COG,..
1993,YR1993,Costa Rica,CRI,..
1993,YR1993,Cote d'Ivoire,CIV,..
1993,YR1993,Croatia,HRV,..
1993,YR1993,Cuba,CUB,..
1993,YR1993,Curacao,CUW,..
1993,YR1993,Cyprus,CYP,..
1993,YR1993,Czechia,CZE,..
1993,YR1993,Denmark,DNK,..
1993,YR1993,Djibouti,DJI,..
1993,YR1993,Dominica,DMA,..
1993,YR1993,Dominican Republic,DOM,..
1993,YR1993,Ecuador,ECU,..
1993,YR1993,"Egypt, Arab Rep.",EGY,..
1993,YR1993,El Salvador,SLV,..
1993,YR1993,Equatorial Guinea,GNQ,..
1993,YR1993,Eritrea,ERI,..
1993,YR1993,Estonia,EST,..
1993,YR1993,Eswatini,SWZ,..
1993,YR1993,Ethiopia,ETH,..
1993,YR1993,Faroe Islands,FRO,..
1993,YR1993,Fiji,FJI,..
1993,YR1993,Finland,FIN,..
1993,YR1993,France,FRA,..
1993,YR1993,French Polynesia,PYF,..
1993,YR1993,Gabon,GAB,..
1993,YR1993,"Gambia, The",GMB,..
1993,YR1993,Georgia,GEO,..
1993,YR1993,Germany,DEU,..
1993,YR1993,Ghana,GHA,..
1993,YR1993,Gibraltar,GIB,..
1993,YR1993,Greece,GRC,..
1993,YR1993,Greenland,GRL,..
1993,YR1993,Grenada,GRD,..
1993,YR1993,Guam,GUM,..
1993,YR1993,Guatemala,GTM,..
1993,YR1993,Guinea,GIN,..
1993,YR1993,Guinea-Bissau,GNB,..
1993,YR1993,Guyana,GUY,..
1993,YR1993,Haiti,HTI,..
1993,YR1993,Honduras,HND,..
1993,YR1993,"Hong Kong SAR, China",HKG,..
1993,YR1993,Hungary,HUN,..
1993,YR1993,Iceland,ISL,..
1993,YR1993,India,IND,..
1993,YR1993,Indonesia,IDN,..
1993,YR1993,"Iran, Islamic Rep.",IRN,..
1993,YR1993,Iraq,IRQ,..
1993,YR1993,Ireland,IRL,..
1993,YR1993,Isle of Man,IMN,..
1993,YR1993,Israel,ISR,..
1993,YR1993,Italy,ITA,..
1993,YR1993,Jamaica,JAM,..
1993,YR1993,Japan,JPN,..
1993,YR1993,Jordan,JOR,..
1993,YR1993,Kazakhstan,KAZ,..
1993,YR1993,Kenya,KEN,..
1993,YR1993,Kiribati,KIR,..
1993,YR1993,"Korea, Dem. People's Rep.",PRK,..
1993,YR1993,"Korea, Rep.",KOR,..
1993,YR1993,Kosovo,XKX,..
1993,YR1993,Kuwait,KWT,..
1993,YR1993,Kyrgyz Republic,KGZ,..
1993,YR1993,Lao PDR,LAO,..
1993,YR1993,Latvia,LVA,..
1993,YR1993,Lebanon,LBN,..
1993,YR1993,Lesotho,LSO,..
1993,YR1993,Liberia,LBR,..
1993,YR1993,Libya,LBY,..
1993,YR1993,Liechtenstein,LIE,..
1993,YR1993,Lithuania,LTU,..
1993,YR1993,Luxembourg,LUX,..
1993,YR1993,"Macao SAR, China",MAC,..
1993,YR1993,Madagascar,MDG,..
1993,YR1993,Malawi,MWI,..
1993,YR1993,Malaysia,MYS,..
1993,YR1993,Maldives,MDV,..
1993,YR1993,Mali,MLI,..
1993,YR1993,Malta,MLT,..
1993,YR1993,Marshall Islands,MHL,..
1993,YR1993,Mauritania,MRT,..
1993,YR1993,Mauritius,MUS,..
1993,YR1993,Mexico,MEX,..
1993,YR1993,"Micronesia, Fed. Sts.",FSM,..
1993,YR1993,Moldova,MDA,..
1993,YR1993,Monaco,MCO,..
1993,YR1993,Mongolia,MNG,..
1993,YR1993,Montenegro,MNE,..
1993,YR1993,Morocco,MAR,..
1993,YR1993,Mozambique,MOZ,..
1993,YR1993,Myanmar,MMR,..
1993,YR1993,Namibia,NAM,..
1993,YR1993,Nauru,NRU,..
1993,YR1993,Nepal,NPL,..
1993,YR1993,Netherlands,NLD,..
1993,YR1993,New Caledonia,NCL,..
1993,YR1993,New Zealand,NZL,..
1993,YR1993,Nicaragua,NIC,..
1993,YR1993,Niger,NER,..
1993,YR1993,Nigeria,NGA,..
1993,YR1993,North Macedonia,MKD,..
1993,YR1993,Northern Mariana Islands,MNP,..
1993,YR1993,Norway,NOR,..
1993,YR1993,Oman,OMN,..
1993,YR1993,Pakistan,PAK,..
1993,YR1993,Palau,PLW,..
1993,YR1993,Panama,PAN,..
1993,YR1993,Papua New Guinea,PNG,..
1993,YR1993,Paraguay,PRY,..
1993,YR1993,Peru,PER,..
1993,YR1993,Philippines,PHL,..
1993,YR1993,Poland,POL,..
1993,YR1993,Portugal,PRT,..
1993,YR1993,Puerto Rico,PRI,..
1993,YR1993,Qatar,QAT,..
1993,YR1993,Romania,ROU,..
1993,YR1993,Russian Federation,RUS,..
1993,YR1993,Rwanda,RWA,..
1993,YR1993,Samoa,WSM,..
1993,YR1993,San Marino,SMR,..
1993,YR1993,Sao Tome and Principe,STP,..
1993,YR1993,Saudi Arabia,SAU,..
1993,YR1993,Senegal,SEN,..
1993,YR1993,Serbia,SRB,..
1993,YR1993,Seychelles,SYC,..
1993,YR1993,Sierra Leone,SLE,..
1993,YR1993,Singapore,SGP,..
1993,YR1993,Sint Maarten (Dutch part),SXM,..
1993,YR1993,Slovak Republic,SVK,..
1993,YR1993,Slovenia,SVN,..
1993,YR1993,Solomon Islands,SLB,..
1993,YR1993,Somalia,SOM,..
1993,YR1993,South Africa,ZAF,..
1993,YR1993,South Sudan,SSD,..
1993,YR1993,Spain,ESP,..
1993,YR1993,Sri Lanka,LKA,..
1993,YR1993,St. Kitts and Nevis,KNA,..
1993,YR1993,St. Lucia,LCA,..
1993,YR1993,St. Martin (French part),MAF,..
1993,YR1993,St. Vincent and the Grenadines,VCT,..
1993,YR1993,Sudan,SDN,..
1993,YR1993,Suriname,SUR,..
1993,YR1993,Sweden,SWE,..
1993,YR1993,Switzerland,CHE,..
1993,YR1993,Syrian Arab Republic,SYR,..
1993,YR1993,Tajikistan,TJK,..
1993,YR1993,Tanzania,TZA,..
1993,YR1993,Thailand,THA,..
1993,YR1993,Timor-Leste,TLS,..
1993,YR1993,Togo,TGO,..
1993,YR1993,Tonga,TON,..
1993,YR1993,Trinidad and Tobago,TTO,..
1993,YR1993,Tunisia,TUN,..
1993,YR1993,Turkiye,TUR,..
1993,YR1993,Turkmenistan,TKM,..
1993,YR1993,Turks and Caicos Islands,TCA,..
1993,YR1993,Tuvalu,TUV,..
1993,YR1993,Uganda,UGA,..
1993,YR1993,Ukraine,UKR,..
1993,YR1993,United Arab Emirates,ARE,..
1993,YR1993,United Kingdom,GBR,..
1993,YR1993,United States,USA,..
1993,YR1993,Uruguay,URY,..
1993,YR1993,Uzbekistan,UZB,..
1993,YR1993,Vanuatu,VUT,..
1993,YR1993,"Venezuela, RB",VEN,..
1993,YR1993,Viet Nam,VNM,..
1993,YR1993,Virgin Islands (U.S.),VIR,..
1993,YR1993,West Bank and Gaza,PSE,..
1993,YR1993,"Yemen, Rep.",YEM,..
1993,YR1993,Zambia,ZMB,..
1993,YR1993,Zimbabwe,ZWE,..
1994,YR1994,Africa Eastern and Southern,AFE,..
1994,YR1994,Africa Western and Central,AFW,..
1994,YR1994,Arab World,ARB,..
1994,YR1994,Caribbean small states,CSS,..
1994,YR1994,Central Europe and the Baltics,CEB,..
1994,YR1994,Early-demographic dividend,EAR,..
1994,YR1994,East Asia & Pacific,EAS,..
1994,YR1994,East Asia & Pacific (excluding high income),EAP,..
1994,YR1994,East Asia & Pacific (IDA & IBRD countries),TEA,..
1994,YR1994,Euro area,EMU,..
1994,YR1994,Europe & Central Asia,ECS,..
1994,YR1994,Europe & Central Asia (excluding high income),ECA,..
1994,YR1994,Europe & Central Asia (IDA & IBRD countries),TEC,..
1994,YR1994,European Union,EUU,..
1994,YR1994,Fragile and conflict affected situations,FCS,..
1994,YR1994,Heavily indebted poor countries (HIPC),HPC,..
1994,YR1994,High income,HIC,..
1994,YR1994,IBRD only,IBD,..
1994,YR1994,IDA & IBRD total,IBT,..
1994,YR1994,IDA blend,IDB,..
1994,YR1994,IDA only,IDX,..
1994,YR1994,IDA total,IDA,..
1994,YR1994,Late-demographic dividend,LTE,..
1994,YR1994,Latin America & Caribbean,LCN,..
1994,YR1994,Latin America & Caribbean (excluding high income),LAC,..
1994,YR1994,Latin America & the Caribbean (IDA & IBRD countries),TLA,..
1994,YR1994,Least developed countries: UN classification,LDC,..
1994,YR1994,Low & middle income,LMY,..
1994,YR1994,Low income,LIC,..
1994,YR1994,Lower middle income,LMC,..
1994,YR1994,Middle East & North Africa,MEA,..
1994,YR1994,Middle East & North Africa (excluding high income),MNA,..
1994,YR1994,Middle East & North Africa (IDA & IBRD countries),TMN,..
1994,YR1994,Middle income,MIC,..
1994,YR1994,North America,NAC,..
1994,YR1994,Not classified,INX,..
1994,YR1994,OECD members,OED,..
1994,YR1994,Other small states,OSS,..
1994,YR1994,Pacific island small states,PSS,..
1994,YR1994,Post-demographic dividend,PST,..
1994,YR1994,Pre-demographic dividend,PRE,..
1994,YR1994,Small states,SST,..
1994,YR1994,South Asia,SAS,..
1994,YR1994,South Asia (IDA & IBRD),TSA,..
1994,YR1994,Sub-Saharan Africa,SSF,..
1994,YR1994,Sub-Saharan Africa (excluding high income),SSA,..
1994,YR1994,Sub-Saharan Africa (IDA & IBRD countries),TSS,..
1994,YR1994,Upper middle income,UMC,..
1994,YR1994,World,WLD,..
1994,YR1994,Afghanistan,AFG,..
1994,YR1994,Albania,ALB,..
1994,YR1994,Algeria,DZA,..
1994,YR1994,American Samoa,ASM,..
1994,YR1994,Andorra,AND,..
1994,YR1994,Angola,AGO,..
1994,YR1994,Antigua and Barbuda,ATG,..
1994,YR1994,Argentina,ARG,..
1994,YR1994,Armenia,ARM,..
1994,YR1994,Aruba,ABW,..
1994,YR1994,Australia,AUS,..
1994,YR1994,Austria,AUT,..
1994,YR1994,Azerbaijan,AZE,..
1994,YR1994,"Bahamas, The",BHS,..
1994,YR1994,Bahrain,BHR,..
1994,YR1994,Bangladesh,BGD,..
1994,YR1994,Barbados,BRB,..
1994,YR1994,Belarus,BLR,..
1994,YR1994,Belgium,BEL,..
1994,YR1994,Belize,BLZ,..
1994,YR1994,Benin,BEN,..
1994,YR1994,Bermuda,BMU,..
1994,YR1994,Bhutan,BTN,..
1994,YR1994,Bolivia,BOL,..
1994,YR1994,Bosnia and Herzegovina,BIH,..
1994,YR1994,Botswana,BWA,..
1994,YR1994,Brazil,BRA,..
1994,YR1994,British Virgin Islands,VGB,..
1994,YR1994,Brunei Darussalam,BRN,..
1994,YR1994,Bulgaria,BGR,..
1994,YR1994,Burkina Faso,BFA,..
1994,YR1994,Burundi,BDI,..
1994,YR1994,Cabo Verde,CPV,..
1994,YR1994,Cambodia,KHM,..
1994,YR1994,Cameroon,CMR,..
1994,YR1994,Canada,CAN,..
1994,YR1994,Cayman Islands,CYM,..
1994,YR1994,Central African Republic,CAF,..
1994,YR1994,Chad,TCD,..
1994,YR1994,Channel Islands,CHI,..
1994,YR1994,Chile,CHL,..
1994,YR1994,China,CHN,..
1994,YR1994,Colombia,COL,..
1994,YR1994,Comoros,COM,..
1994,YR1994,"Congo, Dem. Rep.",COD,..
1994,YR1994,"Congo, Rep.",COG,..
1994,YR1994,Costa Rica,CRI,..
1994,YR1994,Cote d'Ivoire,CIV,..
1994,YR1994,Croatia,HRV,..
1994,YR1994,Cuba,CUB,..
1994,YR1994,Curacao,CUW,..
1994,YR1994,Cyprus,CYP,..
1994,YR1994,Czechia,CZE,..
1994,YR1994,Denmark,DNK,..
1994,YR1994,Djibouti,DJI,..
1994,YR1994,Dominica,DMA,..
1994,YR1994,Dominican Republic,DOM,..
1994,YR1994,Ecuador,ECU,..
1994,YR1994,"Egypt, Arab Rep.",EGY,..
1994,YR1994,El Salvador,SLV,..
1994,YR1994,Equatorial Guinea,GNQ,..
1994,YR1994,Eritrea,ERI,..
1994,YR1994,Estonia,EST,..
1994,YR1994,Eswatini,SWZ,..
1994,YR1994,Ethiopia,ETH,..
1994,YR1994,Faroe Islands,FRO,..
1994,YR1994,Fiji,FJI,..
1994,YR1994,Finland,FIN,..
1994,YR1994,France,FRA,..
1994,YR1994,French Polynesia,PYF,..
1994,YR1994,Gabon,GAB,..
1994,YR1994,"Gambia, The",GMB,..
1994,YR1994,Georgia,GEO,..
1994,YR1994,Germany,DEU,..
1994,YR1994,Ghana,GHA,..
1994,YR1994,Gibraltar,GIB,..
1994,YR1994,Greece,GRC,..
1994,YR1994,Greenland,GRL,..
1994,YR1994,Grenada,GRD,..
1994,YR1994,Guam,GUM,..
1994,YR1994,Guatemala,GTM,..
1994,YR1994,Guinea,GIN,..
1994,YR1994,Guinea-Bissau,GNB,..
1994,YR1994,Guyana,GUY,..
1994,YR1994,Haiti,HTI,..
1994,YR1994,Honduras,HND,..
1994,YR1994,"Hong Kong SAR, China",HKG,..
1994,YR1994,Hungary,HUN,..
1994,YR1994,Iceland,ISL,..
1994,YR1994,India,IND,..
1994,YR1994,Indonesia,IDN,..
1994,YR1994,"Iran, Islamic Rep.",IRN,..
1994,YR1994,Iraq,IRQ,..
1994,YR1994,Ireland,IRL,..
1994,YR1994,Isle of Man,IMN,..
1994,YR1994,Israel,ISR,..
1994,YR1994,Italy,ITA,..
1994,YR1994,Jamaica,JAM,..
1994,YR1994,Japan,JPN,..
1994,YR1994,Jordan,JOR,..
1994,YR1994,Kazakhstan,KAZ,..
1994,YR1994,Kenya,KEN,..
1994,YR1994,Kiribati,KIR,..
1994,YR1994,"Korea, Dem. People's Rep.",PRK,..
1994,YR1994,"Korea, Rep.",KOR,..
1994,YR1994,Kosovo,XKX,..
1994,YR1994,Kuwait,KWT,..
1994,YR1994,Kyrgyz Republic,KGZ,..
1994,YR1994,Lao PDR,LAO,..
1994,YR1994,Latvia,LVA,..
1994,YR1994,Lebanon,LBN,..
1994,YR1994,Lesotho,LSO,..
1994,YR1994,Liberia,LBR,..
1994,YR1994,Libya,LBY,..
1994,YR1994,Liechtenstein,LIE,..
1994,YR1994,Lithuania,LTU,..
1994,YR1994,Luxembourg,LUX,..
1994,YR1994,"Macao SAR, China",MAC,..
1994,YR1994,Madagascar,MDG,..
1994,YR1994,Malawi,MWI,..
1994,YR1994,Malaysia,MYS,..
1994,YR1994,Maldives,MDV,..
1994,YR1994,Mali,MLI,..
1994,YR1994,Malta,MLT,..
1994,YR1994,Marshall Islands,MHL,..
1994,YR1994,Mauritania,MRT,..
1994,YR1994,Mauritius,MUS,..
1994,YR1994,Mexico,MEX,..
1994,YR1994,"Micronesia, Fed. Sts.",FSM,..
1994,YR1994,Moldova,MDA,..
1994,YR1994,Monaco,MCO,..
1994,YR1994,Mongolia,MNG,..
1994,YR1994,Montenegro,MNE,..
1994,YR1994,Morocco,MAR,..
1994,YR1994,Mozambique,MOZ,..
1994,YR1994,Myanmar,MMR,..
1994,YR1994,Namibia,NAM,..
1994,YR1994,Nauru,NRU,..
1994,YR1994,Nepal,NPL,..
1994,YR1994,Netherlands,NLD,..
1994,YR1994,New Caledonia,NCL,..
1994,YR1994,New Zealand,NZL,..
1994,YR1994,Nicaragua,NIC,..
1994,YR1994,Niger,NER,..
1994,YR1994,Nigeria,NGA,..
1994,YR1994,North Macedonia,MKD,..
1994,YR1994,Northern Mariana Islands,MNP,..
1994,YR1994,Norway,NOR,..
1994,YR1994,Oman,OMN,..
1994,YR1994,Pakistan,PAK,..
1994,YR1994,Palau,PLW,..
1994,YR1994,Panama,PAN,..
1994,YR1994,Papua New Guinea,PNG,..
1994,YR1994,Paraguay,PRY,..
1994,YR1994,Peru,PER,..
1994,YR1994,Philippines,PHL,..
1994,YR1994,Poland,POL,..
1994,YR1994,Portugal,PRT,..
1994,YR1994,Puerto Rico,PRI,..
1994,YR1994,Qatar,QAT,..
1994,YR1994,Romania,ROU,..
1994,YR1994,Russian Federation,RUS,..
1994,YR1994,Rwanda,RWA,..
1994,YR1994,Samoa,WSM,..
1994,YR1994,San Marino,SMR,..
1994,YR1994,Sao Tome and Principe,STP,..
1994,YR1994,Saudi Arabia,SAU,..
1994,YR1994,Senegal,SEN,..
1994,YR1994,Serbia,SRB,..
1994,YR1994,Seychelles,SYC,..
1994,YR1994,Sierra Leone,SLE,..
1994,YR1994,Singapore,SGP,..
1994,YR1994,Sint Maarten (Dutch part),SXM,..
1994,YR1994,Slovak Republic,SVK,..
1994,YR1994,Slovenia,SVN,..
1994,YR1994,Solomon Islands,SLB,..
1994,YR1994,Somalia,SOM,..
1994,YR1994,South Africa,ZAF,..
1994,YR1994,South Sudan,SSD,..
1994,YR1994,Spain,ESP,..
1994,YR1994,Sri Lanka,LKA,..
1994,YR1994,St. Kitts and Nevis,KNA,..
1994,YR1994,St. Lucia,LCA,..
1994,YR1994,St. Martin (French part),MAF,..
1994,YR1994,St. Vincent and the Grenadines,VCT,..
1994,YR1994,Sudan,SDN,..
1994,YR1994,Suriname,SUR,..
1994,YR1994,Sweden,SWE,..
1994,YR1994,Switzerland,CHE,..
1994,YR1994,Syrian Arab Republic,SYR,..
1994,YR1994,Tajikistan,TJK,..
1994,YR1994,Tanzania,TZA,..
1994,YR1994,Thailand,THA,..
1994,YR1994,Timor-Leste,TLS,..
1994,YR1994,Togo,TGO,..
1994,YR1994,Tonga,TON,..
1994,YR1994,Trinidad and Tobago,TTO,..
1994,YR1994,Tunisia,TUN,..
1994,YR1994,Turkiye,TUR,..
1994,YR1994,Turkmenistan,TKM,..
1994,YR1994,Turks and Caicos Islands,TCA,..
1994,YR1994,Tuvalu,TUV,..
1994,YR1994,Uganda,UGA,..
1994,YR1994,Ukraine,UKR,..
1994,YR1994,United Arab Emirates,ARE,..
1994,YR1994,United Kingdom,GBR,..
1994,YR1994,United States,USA,..
1994,YR1994,Uruguay,URY,..
1994,YR1994,Uzbekistan,UZB,..
1994,YR1994,Vanuatu,VUT,..
1994,YR1994,"Venezuela, RB",VEN,..
1994,YR1994,Viet Nam,VNM,..
1994,YR1994,Virgin Islands (U.S.),VIR,..
1994,YR1994,West Bank and Gaza,PSE,..
1994,YR1994,"Yemen, Rep.",YEM,..
1994,YR1994,Zambia,ZMB,..
1994,YR1994,Zimbabwe,ZWE,..
1995,YR1995,Africa Eastern and Southern,AFE,..
1995,YR1995,Africa Western and Central,AFW,..
1995,YR1995,Arab World,ARB,..
1995,YR1995,Caribbean small states,CSS,..
1995,YR1995,Central Europe and the Baltics,CEB,..
1995,YR1995,Early-demographic dividend,EAR,..
1995,YR1995,East Asia & Pacific,EAS,..
1995,YR1995,East Asia & Pacific (excluding high income),EAP,..
1995,YR1995,East Asia & Pacific (IDA & IBRD countries),TEA,..
1995,YR1995,Euro area,EMU,..
1995,YR1995,Europe & Central Asia,ECS,..
1995,YR1995,Europe & Central Asia (excluding high income),ECA,..
1995,YR1995,Europe & Central Asia (IDA & IBRD countries),TEC,..
1995,YR1995,European Union,EUU,..
1995,YR1995,Fragile and conflict affected situations,FCS,..
1995,YR1995,Heavily indebted poor countries (HIPC),HPC,..
1995,YR1995,High income,HIC,..
1995,YR1995,IBRD only,IBD,..
1995,YR1995,IDA & IBRD total,IBT,..
1995,YR1995,IDA blend,IDB,..
1995,YR1995,IDA only,IDX,..
1995,YR1995,IDA total,IDA,..
1995,YR1995,Late-demographic dividend,LTE,..
1995,YR1995,Latin America & Caribbean,LCN,..
1995,YR1995,Latin America & Caribbean (excluding high income),LAC,..
1995,YR1995,Latin America & the Caribbean (IDA & IBRD countries),TLA,..
1995,YR1995,Least developed countries: UN classification,LDC,..
1995,YR1995,Low & middle income,LMY,..
1995,YR1995,Low income,LIC,..
1995,YR1995,Lower middle income,LMC,..
1995,YR1995,Middle East & North Africa,MEA,..
1995,YR1995,Middle East & North Africa (excluding high income),MNA,..
1995,YR1995,Middle East & North Africa (IDA & IBRD countries),TMN,..
1995,YR1995,Middle income,MIC,..
1995,YR1995,North America,NAC,..
1995,YR1995,Not classified,INX,..
1995,YR1995,OECD members,OED,..
1995,YR1995,Other small states,OSS,..
1995,YR1995,Pacific island small states,PSS,..
1995,YR1995,Post-demographic dividend,PST,..
1995,YR1995,Pre-demographic dividend,PRE,..
1995,YR1995,Small states,SST,..
1995,YR1995,South Asia,SAS,..
1995,YR1995,South Asia (IDA & IBRD),TSA,..
1995,YR1995,Sub-Saharan Africa,SSF,..
1995,YR1995,Sub-Saharan Africa (excluding high income),SSA,..
1995,YR1995,Sub-Saharan Africa (IDA & IBRD countries),TSS,..
1995,YR1995,Upper middle income,UMC,..
1995,YR1995,World,WLD,..
1995,YR1995,Afghanistan,AFG,..
1995,YR1995,Albania,ALB,..
1995,YR1995,Algeria,DZA,..
1995,YR1995,American Samoa,ASM,..
1995,YR1995,Andorra,AND,..
1995,YR1995,Angola,AGO,..
1995,YR1995,Antigua and Barbuda,ATG,..
1995,YR1995,Argentina,ARG,..
1995,YR1995,Armenia,ARM,..
1995,YR1995,Aruba,ABW,..
1995,YR1995,Australia,AUS,..
1995,YR1995,Austria,AUT,..
1995,YR1995,Azerbaijan,AZE,..
1995,YR1995,"Bahamas, The",BHS,..
1995,YR1995,Bahrain,BHR,..
1995,YR1995,Bangladesh,BGD,..
1995,YR1995,Barbados,BRB,..
1995,YR1995,Belarus,BLR,..
1995,YR1995,Belgium,BEL,..
1995,YR1995,Belize,BLZ,..
1995,YR1995,Benin,BEN,..
1995,YR1995,Bermuda,BMU,..
1995,YR1995,Bhutan,BTN,..
1995,YR1995,Bolivia,BOL,..
1995,YR1995,Bosnia and Herzegovina,BIH,..
1995,YR1995,Botswana,BWA,..
1995,YR1995,Brazil,BRA,..
1995,YR1995,British Virgin Islands,VGB,..
1995,YR1995,Brunei Darussalam,BRN,..
1995,YR1995,Bulgaria,BGR,..
1995,YR1995,Burkina Faso,BFA,..
1995,YR1995,Burundi,BDI,..
1995,YR1995,Cabo Verde,CPV,..
1995,YR1995,Cambodia,KHM,..
1995,YR1995,Cameroon,CMR,..
1995,YR1995,Canada,CAN,..
1995,YR1995,Cayman Islands,CYM,..
1995,YR1995,Central African Republic,CAF,..
1995,YR1995,Chad,TCD,..
1995,YR1995,Channel Islands,CHI,..
1995,YR1995,Chile,CHL,..
1995,YR1995,China,CHN,..
1995,YR1995,Colombia,COL,..
1995,YR1995,Comoros,COM,..
1995,YR1995,"Congo, Dem. Rep.",COD,..
1995,YR1995,"Congo, Rep.",COG,..
1995,YR1995,Costa Rica,CRI,..
1995,YR1995,Cote d'Ivoire,CIV,..
1995,YR1995,Croatia,HRV,..
1995,YR1995,Cuba,CUB,..
1995,YR1995,Curacao,CUW,..
1995,YR1995,Cyprus,CYP,..
1995,YR1995,Czechia,CZE,..
1995,YR1995,Denmark,DNK,..
1995,YR1995,Djibouti,DJI,..
1995,YR1995,Dominica,DMA,..
1995,YR1995,Dominican Republic,DOM,..
1995,YR1995,Ecuador,ECU,..
1995,YR1995,"Egypt, Arab Rep.",EGY,..
1995,YR1995,El Salvador,SLV,..
1995,YR1995,Equatorial Guinea,GNQ,..
1995,YR1995,Eritrea,ERI,..
1995,YR1995,Estonia,EST,..
1995,YR1995,Eswatini,SWZ,..
1995,YR1995,Ethiopia,ETH,..
1995,YR1995,Faroe Islands,FRO,..
1995,YR1995,Fiji,FJI,..
1995,YR1995,Finland,FIN,..
1995,YR1995,France,FRA,..
1995,YR1995,French Polynesia,PYF,..
1995,YR1995,Gabon,GAB,..
1995,YR1995,"Gambia, The",GMB,..
1995,YR1995,Georgia,GEO,..
1995,YR1995,Germany,DEU,..
1995,YR1995,Ghana,GHA,..
1995,YR1995,Gibraltar,GIB,..
1995,YR1995,Greece,GRC,..
1995,YR1995,Greenland,GRL,..
1995,YR1995,Grenada,GRD,..
1995,YR1995,Guam,GUM,..
1995,YR1995,Guatemala,GTM,..
1995,YR1995,Guinea,GIN,..
1995,YR1995,Guinea-Bissau,GNB,..
1995,YR1995,Guyana,GUY,..
1995,YR1995,Haiti,HTI,..
1995,YR1995,Honduras,HND,..
1995,YR1995,"Hong Kong SAR, China",HKG,..
1995,YR1995,Hungary,HUN,..
1995,YR1995,Iceland,ISL,..
1995,YR1995,India,IND,..
1995,YR1995,Indonesia,IDN,..
1995,YR1995,"Iran, Islamic Rep.",IRN,..
1995,YR1995,Iraq,IRQ,..
1995,YR1995,Ireland,IRL,..
1995,YR1995,Isle of Man,IMN,..
1995,YR1995,Israel,ISR,..
1995,YR1995,Italy,ITA,..
1995,YR1995,Jamaica,JAM,..
1995,YR1995,Japan,JPN,..
1995,YR1995,Jordan,JOR,..
1995,YR1995,Kazakhstan,KAZ,..
1995,YR1995,Kenya,KEN,..
1995,YR1995,Kiribati,KIR,..
1995,YR1995,"Korea, Dem. People's Rep.",PRK,..
1995,YR1995,"Korea, Rep.",KOR,..
1995,YR1995,Kosovo,XKX,..
1995,YR1995,Kuwait,KWT,..
1995,YR1995,Kyrgyz Republic,KGZ,..
1995,YR1995,Lao PDR,LAO,..
1995,YR1995,Latvia,LVA,..
1995,YR1995,Lebanon,LBN,..
1995,YR1995,Lesotho,LSO,..
1995,YR1995,Liberia,LBR,..
1995,YR1995,Libya,LBY,..
1995,YR1995,Liechtenstein,LIE,..
1995,YR1995,Lithuania,LTU,..
1995,YR1995,Luxembourg,LUX,..
1995,YR1995,"Macao SAR, China",MAC,..
1995,YR1995,Madagascar,MDG,..
1995,YR1995,Malawi,MWI,..
1995,YR1995,Malaysia,MYS,..
1995,YR1995,Maldives,MDV,..
1995,YR1995,Mali,MLI,..
1995,YR1995,Malta,MLT,..
1995,YR1995,Marshall Islands,MHL,..
1995,YR1995,Mauritania,MRT,..
1995,YR1995,Mauritius,MUS,..
1995,YR1995,Mexico,MEX,..
1995,YR1995,"Micronesia, Fed. Sts.",FSM,..
1995,YR1995,Moldova,MDA,..
1995,YR1995,Monaco,MCO,..
1995,YR1995,Mongolia,MNG,..
1995,YR1995,Montenegro,MNE,..
1995,YR1995,Morocco,MAR,..
1995,YR1995,Mozambique,MOZ,..
1995,YR1995,Myanmar,MMR,..
1995,YR1995,Namibia,NAM,..
1995,YR1995,Nauru,NRU,..
1995,YR1995,Nepal,NPL,..
1995,YR1995,Netherlands,NLD,..
1995,YR1995,New Caledonia,NCL,..
1995,YR1995,New Zealand,NZL,..
1995,YR1995,Nicaragua,NIC,..
1995,YR1995,Niger,NER,..
1995,YR1995,Nigeria,NGA,..
1995,YR1995,North Macedonia,MKD,..
1995,YR1995,Northern Mariana Islands,MNP,..
1995,YR1995,Norway,NOR,..
1995,YR1995,Oman,OMN,..
1995,YR1995,Pakistan,PAK,..
1995,YR1995,Palau,PLW,..
1995,YR1995,Panama,PAN,..
1995,YR1995,Papua New Guinea,PNG,..
1995,YR1995,Paraguay,PRY,..
1995,YR1995,Peru,PER,..
1995,YR1995,Philippines,PHL,..
1995,YR1995,Poland,POL,..
1995,YR1995,Portugal,PRT,..
1995,YR1995,Puerto Rico,PRI,..
1995,YR1995,Qatar,QAT,..
1995,YR1995,Romania,ROU,..
1995,YR1995,Russian Federation,RUS,..
1995,YR1995,Rwanda,RWA,..
1995,YR1995,Samoa,WSM,..
1995,YR1995,San Marino,SMR,..
1995,YR1995,Sao Tome and Principe,STP,..
1995,YR1995,Saudi Arabia,SAU,..
1995,YR1995,Senegal,SEN,..
1995,YR1995,Serbia,SRB,..
1995,YR1995,Seychelles,SYC,..
1995,YR1995,Sierra Leone,SLE,..
1995,YR1995,Singapore,SGP,..
1995,YR1995,Sint Maarten (Dutch part),SXM,..
1995,YR1995,Slovak Republic,SVK,..
1995,YR1995,Slovenia,SVN,..
1995,YR1995,Solomon Islands,SLB,..
1995,YR1995,Somalia,SOM,..
1995,YR1995,South Africa,ZAF,..
1995,YR1995,South Sudan,SSD,..
1995,YR1995,Spain,ESP,..
1995,YR1995,Sri Lanka,LKA,..
1995,YR1995,St. Kitts and Nevis,KNA,..
1995,YR1995,St. Lucia,LCA,..
1995,YR1995,St. Martin (French part),MAF,..
1995,YR1995,St. Vincent and the Grenadines,VCT,..
1995,YR1995,Sudan,SDN,..
1995,YR1995,Suriname,SUR,..
1995,YR1995,Sweden,SWE,..
1995,YR1995,Switzerland,CHE,..
1995,YR1995,Syrian Arab Republic,SYR,..
1995,YR1995,Tajikistan,TJK,..
1995,YR1995,Tanzania,TZA,..
1995,YR1995,Thailand,THA,..
1995,YR1995,Timor-Leste,TLS,..
1995,YR1995,Togo,TGO,..
1995,YR1995,Tonga,TON,..
1995,YR1995,Trinidad and Tobago,TTO,..
1995,YR1995,Tunisia,TUN,..
1995,YR1995,Turkiye,TUR,..
1995,YR1995,Turkmenistan,TKM,..
1995,YR1995,Turks and Caicos Islands,TCA,..
1995,YR1995,Tuvalu,TUV,..
1995,YR1995,Uganda,UGA,..
1995,YR1995,Ukraine,UKR,..
1995,YR1995,United Arab Emirates,ARE,..
1995,YR1995,United Kingdom,GBR,..
1995,YR1995,United States,USA,..
1995,YR1995,Uruguay,URY,..
1995,YR1995,Uzbekistan,UZB,..
1995,YR1995,Vanuatu,VUT,..
1995,YR1995,"Venezuela, RB",VEN,..
1995,YR1995,Viet Nam,VNM,..
1995,YR1995,Virgin Islands (U.S.),VIR,..
1995,YR1995,West Bank and Gaza,PSE,..
1995,YR1995,"Yemen, Rep.",YEM,..
1995,YR1995,Zambia,ZMB,..
1995,YR1995,Zimbabwe,ZWE,..
1996,YR1996,Africa Eastern and Southern,AFE,..
1996,YR1996,Africa Western and Central,AFW,..
1996,YR1996,Arab World,ARB,..
1996,YR1996,Caribbean small states,CSS,..
1996,YR1996,Central Europe and the Baltics,CEB,..
1996,YR1996,Early-demographic dividend,EAR,..
1996,YR1996,East Asia & Pacific,EAS,..
1996,YR1996,East Asia & Pacific (excluding high income),EAP,..
1996,YR1996,East Asia & Pacific (IDA & IBRD countries),TEA,..
1996,YR1996,Euro area,EMU,..
1996,YR1996,Europe & Central Asia,ECS,..
1996,YR1996,Europe & Central Asia (excluding high income),ECA,..
1996,YR1996,Europe & Central Asia (IDA & IBRD countries),TEC,..
1996,YR1996,European Union,EUU,..
1996,YR1996,Fragile and conflict affected situations,FCS,..
1996,YR1996,Heavily indebted poor countries (HIPC),HPC,..
1996,YR1996,High income,HIC,..
1996,YR1996,IBRD only,IBD,..
1996,YR1996,IDA & IBRD total,IBT,..
1996,YR1996,IDA blend,IDB,..
1996,YR1996,IDA only,IDX,..
1996,YR1996,IDA total,IDA,..
1996,YR1996,Late-demographic dividend,LTE,..
1996,YR1996,Latin America & Caribbean,LCN,..
1996,YR1996,Latin America & Caribbean (excluding high income),LAC,..
1996,YR1996,Latin America & the Caribbean (IDA & IBRD countries),TLA,..
1996,YR1996,Least developed countries: UN classification,LDC,..
1996,YR1996,Low & middle income,LMY,..
1996,YR1996,Low income,LIC,..
1996,YR1996,Lower middle income,LMC,..
1996,YR1996,Middle East & North Africa,MEA,..
1996,YR1996,Middle East & North Africa (excluding high income),MNA,..
1996,YR1996,Middle East & North Africa (IDA & IBRD countries),TMN,..
1996,YR1996,Middle income,MIC,..
1996,YR1996,North America,NAC,..
1996,YR1996,Not classified,INX,..
1996,YR1996,OECD members,OED,..
1996,YR1996,Other small states,OSS,..
1996,YR1996,Pacific island small states,PSS,..
1996,YR1996,Post-demographic dividend,PST,..
1996,YR1996,Pre-demographic dividend,PRE,..
1996,YR1996,Small states,SST,..
1996,YR1996,South Asia,SAS,..
1996,YR1996,South Asia (IDA & IBRD),TSA,..
1996,YR1996,Sub-Saharan Africa,SSF,..
1996,YR1996,Sub-Saharan Africa (excluding high income),SSA,..
1996,YR1996,Sub-Saharan Africa (IDA & IBRD countries),TSS,..
1996,YR1996,Upper middle income,UMC,..
1996,YR1996,World,WLD,..
1996,YR1996,Afghanistan,AFG,..
1996,YR1996,Albania,ALB,..
1996,YR1996,Algeria,DZA,..
1996,YR1996,American Samoa,ASM,..
1996,YR1996,Andorra,AND,..
1996,YR1996,Angola,AGO,..
1996,YR1996,Antigua and Barbuda,ATG,..
1996,YR1996,Argentina,ARG,..
1996,YR1996,Armenia,ARM,..
1996,YR1996,Aruba,ABW,..
1996,YR1996,Australia,AUS,..
1996,YR1996,Austria,AUT,..
1996,YR1996,Azerbaijan,AZE,..
1996,YR1996,"Bahamas, The",BHS,..
1996,YR1996,Bahrain,BHR,..
1996,YR1996,Bangladesh,BGD,..
1996,YR1996,Barbados,BRB,..
1996,YR1996,Belarus,BLR,..
1996,YR1996,Belgium,BEL,..
1996,YR1996,Belize,BLZ,..
1996,YR1996,Benin,BEN,..
1996,YR1996,Bermuda,BMU,..
1996,YR1996,Bhutan,BTN,..
1996,YR1996,Bolivia,BOL,..
1996,YR1996,Bosnia and Herzegovina,BIH,..
1996,YR1996,Botswana,BWA,..
1996,YR1996,Brazil,BRA,..
1996,YR1996,British Virgin Islands,VGB,..
1996,YR1996,Brunei Darussalam,BRN,..
1996,YR1996,Bulgaria,BGR,..
1996,YR1996,Burkina Faso,BFA,..
1996,YR1996,Burundi,BDI,..
1996,YR1996,Cabo Verde,CPV,..
1996,YR1996,Cambodia,KHM,..
1996,YR1996,Cameroon,CMR,..
1996,YR1996,Canada,CAN,..
1996,YR1996,Cayman Islands,CYM,..
1996,YR1996,Central African Republic,CAF,..
1996,YR1996,Chad,TCD,..
1996,YR1996,Channel Islands,CHI,..
1996,YR1996,Chile,CHL,..
1996,YR1996,China,CHN,..
1996,YR1996,Colombia,COL,..
1996,YR1996,Comoros,COM,..
1996,YR1996,"Congo, Dem. Rep.",COD,..
1996,YR1996,"Congo, Rep.",COG,..
1996,YR1996,Costa Rica,CRI,..
1996,YR1996,Cote d'Ivoire,CIV,..
1996,YR1996,Croatia,HRV,..
1996,YR1996,Cuba,CUB,..
1996,YR1996,Curacao,CUW,..
1996,YR1996,Cyprus,CYP,..
1996,YR1996,Czechia,CZE,..
1996,YR1996,Denmark,DNK,..
1996,YR1996,Djibouti,DJI,..
1996,YR1996,Dominica,DMA,..
1996,YR1996,Dominican Republic,DOM,..
1996,YR1996,Ecuador,ECU,..
1996,YR1996,"Egypt, Arab Rep.",EGY,..
1996,YR1996,El Salvador,SLV,..
1996,YR1996,Equatorial Guinea,GNQ,..
1996,YR1996,Eritrea,ERI,..
1996,YR1996,Estonia,EST,..
1996,YR1996,Eswatini,SWZ,..
1996,YR1996,Ethiopia,ETH,..
1996,YR1996,Faroe Islands,FRO,..
1996,YR1996,Fiji,FJI,..
1996,YR1996,Finland,FIN,..
1996,YR1996,France,FRA,..
1996,YR1996,French Polynesia,PYF,..
1996,YR1996,Gabon,GAB,..
1996,YR1996,"Gambia, The",GMB,..
1996,YR1996,Georgia,GEO,..
1996,YR1996,Germany,DEU,..
1996,YR1996,Ghana,GHA,..
1996,YR1996,Gibraltar,GIB,..
1996,YR1996,Greece,GRC,..
1996,YR1996,Greenland,GRL,..
1996,YR1996,Grenada,GRD,..
1996,YR1996,Guam,GUM,..
1996,YR1996,Guatemala,GTM,..
1996,YR1996,Guinea,GIN,..
1996,YR1996,Guinea-Bissau,GNB,..
1996,YR1996,Guyana,GUY,..
1996,YR1996,Haiti,HTI,..
1996,YR1996,Honduras,HND,..
1996,YR1996,"Hong Kong SAR, China",HKG,..
1996,YR1996,Hungary,HUN,..
1996,YR1996,Iceland,ISL,..
1996,YR1996,India,IND,..
1996,YR1996,Indonesia,IDN,..
1996,YR1996,"Iran, Islamic Rep.",IRN,..
1996,YR1996,Iraq,IRQ,..
1996,YR1996,Ireland,IRL,..
1996,YR1996,Isle of Man,IMN,..
1996,YR1996,Israel,ISR,..
1996,YR1996,Italy,ITA,..
1996,YR1996,Jamaica,JAM,..
1996,YR1996,Japan,JPN,..
1996,YR1996,Jordan,JOR,..
1996,YR1996,Kazakhstan,KAZ,..
1996,YR1996,Kenya,KEN,..
1996,YR1996,Kiribati,KIR,..
1996,YR1996,"Korea, Dem. People's Rep.",PRK,..
1996,YR1996,"Korea, Rep.",KOR,..
1996,YR1996,Kosovo,XKX,..
1996,YR1996,Kuwait,KWT,..
1996,YR1996,Kyrgyz Republic,KGZ,..
1996,YR1996,Lao PDR,LAO,..
1996,YR1996,Latvia,LVA,..
1996,YR1996,Lebanon,LBN,..
1996,YR1996,Lesotho,LSO,..
1996,YR1996,Liberia,LBR,..
1996,YR1996,Libya,LBY,..
1996,YR1996,Liechtenstein,LIE,..
1996,YR1996,Lithuania,LTU,..
1996,YR1996,Luxembourg,LUX,..
1996,YR1996,"Macao SAR, China",MAC,..
1996,YR1996,Madagascar,MDG,..
1996,YR1996,Malawi,MWI,..
1996,YR1996,Malaysia,MYS,..
1996,YR1996,Maldives,MDV,..
1996,YR1996,Mali,MLI,..
1996,YR1996,Malta,MLT,..
1996,YR1996,Marshall Islands,MHL,..
1996,YR1996,Mauritania,MRT,..
1996,YR1996,Mauritius,MUS,..
1996,YR1996,Mexico,MEX,..
1996,YR1996,"Micronesia, Fed. Sts.",FSM,..
1996,YR1996,Moldova,MDA,..
1996,YR1996,Monaco,MCO,..
1996,YR1996,Mongolia,MNG,..
1996,YR1996,Montenegro,MNE,..
1996,YR1996,Morocco,MAR,..
1996,YR1996,Mozambique,MOZ,..
1996,YR1996,Myanmar,MMR,..
1996,YR1996,Namibia,NAM,..
1996,YR1996,Nauru,NRU,..
1996,YR1996,Nepal,NPL,..
1996,YR1996,Netherlands,NLD,..
1996,YR1996,New Caledonia,NCL,..
1996,YR1996,New Zealand,NZL,..
1996,YR1996,Nicaragua,NIC,..
1996,YR1996,Niger,NER,..
1996,YR1996,Nigeria,NGA,..
1996,YR1996,North Macedonia,MKD,..
1996,YR1996,Northern Mariana Islands,MNP,..
1996,YR1996,Norway,NOR,..
1996,YR1996,Oman,OMN,..
1996,YR1996,Pakistan,PAK,..
1996,YR1996,Palau,PLW,..
1996,YR1996,Panama,PAN,..
1996,YR1996,Papua New Guinea,PNG,..
1996,YR1996,Paraguay,PRY,..
1996,YR1996,Peru,PER,..
1996,YR1996,Philippines,PHL,..
1996,YR1996,Poland,POL,..
1996,YR1996,Portugal,PRT,..
1996,YR1996,Puerto Rico,PRI,..
1996,YR1996,Qatar,QAT,..
1996,YR1996,Romania,ROU,..
1996,YR1996,Russian Federation,RUS,..
1996,YR1996,Rwanda,RWA,..
1996,YR1996,Samoa,WSM,..
1996,YR1996,San Marino,SMR,..
1996,YR1996,Sao Tome and Principe,STP,..
1996,YR1996,Saudi Arabia,SAU,..
1996,YR1996,Senegal,SEN,..
1996,YR1996,Serbia,SRB,..
1996,YR1996,Seychelles,SYC,..
1996,YR1996,Sierra Leone,SLE,..
1996,YR1996,Singapore,SGP,..
1996,YR1996,Sint Maarten (Dutch part),SXM,..
1996,YR1996,Slovak Republic,SVK,..
1996,YR1996,Slovenia,SVN,..
1996,YR1996,Solomon Islands,SLB,..
1996,YR1996,Somalia,SOM,..
1996,YR1996,South Africa,ZAF,..
1996,YR1996,South Sudan,SSD,..
1996,YR1996,Spain,ESP,..
1996,YR1996,Sri Lanka,LKA,..
1996,YR1996,St. Kitts and Nevis,KNA,..
1996,YR1996,St. Lucia,LCA,..
1996,YR1996,St. Martin (French part),MAF,..
1996,YR1996,St. Vincent and the Grenadines,VCT,..
1996,YR1996,Sudan,SDN,..
1996,YR1996,Suriname,SUR,..
1996,YR1996,Sweden,SWE,..
1996,YR1996,Switzerland,CHE,..
1996,YR1996,Syrian Arab Republic,SYR,..
1996,YR1996,Tajikistan,TJK,..
1996,YR1996,Tanzania,TZA,..
1996,YR1996,Thailand,THA,..
1996,YR1996,Timor-Leste,TLS,..
1996,YR1996,Togo,TGO,..
1996,YR1996,Tonga,TON,..
1996,YR1996,Trinidad and Tobago,TTO,..
1996,YR1996,Tunisia,TUN,..
1996,YR1996,Turkiye,TUR,..
1996,YR1996,Turkmenistan,TKM,..
1996,YR1996,Turks and Caicos Islands,TCA,..
1996,YR1996,Tuvalu,TUV,..
1996,YR1996,Uganda,UGA,..
1996,YR1996,Ukraine,UKR,..
1996,YR1996,United Arab Emirates,ARE,..
1996,YR1996,United Kingdom,GBR,..
1996,YR1996,United States,USA,..
1996,YR1996,Uruguay,URY,..
1996,YR1996,Uzbekistan,UZB,..
1996,YR1996,Vanuatu,VUT,..
1996,YR1996,"Venezuela, RB",VEN,..
1996,YR1996,Viet Nam,VNM,..
1996,YR1996,Virgin Islands (U.S.),VIR,..
1996,YR1996,West Bank and Gaza,PSE,..
1996,YR1996,"Yemen, Rep.",YEM,..
1996,YR1996,Zambia,ZMB,..
1996,YR1996,Zimbabwe,ZWE,..
1997,YR1997,Africa Eastern and Southern,AFE,..
1997,YR1997,Africa Western and Central,AFW,..
1997,YR1997,Arab World,ARB,..
1997,YR1997,Caribbean small states,CSS,..
1997,YR1997,Central Europe and the Baltics,CEB,..
1997,YR1997,Early-demographic dividend,EAR,..
1997,YR1997,East Asia & Pacific,EAS,..
1997,YR1997,East Asia & Pacific (excluding high income),EAP,..
1997,YR1997,East Asia & Pacific (IDA & IBRD countries),TEA,..
1997,YR1997,Euro area,EMU,..
1997,YR1997,Europe & Central Asia,ECS,..
1997,YR1997,Europe & Central Asia (excluding high income),ECA,..
1997,YR1997,Europe & Central Asia (IDA & IBRD countries),TEC,..
1997,YR1997,European Union,EUU,..
1997,YR1997,Fragile and conflict affected situations,FCS,..
1997,YR1997,Heavily indebted poor countries (HIPC),HPC,..
1997,YR1997,High income,HIC,..
1997,YR1997,IBRD only,IBD,..
1997,YR1997,IDA & IBRD total,IBT,..
1997,YR1997,IDA blend,IDB,..
1997,YR1997,IDA only,IDX,..
1997,YR1997,IDA total,IDA,..
1997,YR1997,Late-demographic dividend,LTE,..
1997,YR1997,Latin America & Caribbean,LCN,..
1997,YR1997,Latin America & Caribbean (excluding high income),LAC,..
1997,YR1997,Latin America & the Caribbean (IDA & IBRD countries),TLA,..
1997,YR1997,Least developed countries: UN classification,LDC,..
1997,YR1997,Low & middle income,LMY,..
1997,YR1997,Low income,LIC,..
1997,YR1997,Lower middle income,LMC,..
1997,YR1997,Middle East & North Africa,MEA,..
1997,YR1997,Middle East & North Africa (excluding high income),MNA,..
1997,YR1997,Middle East & North Africa (IDA & IBRD countries),TMN,..
1997,YR1997,Middle income,MIC,..
1997,YR1997,North America,NAC,..
1997,YR1997,Not classified,INX,..
1997,YR1997,OECD members,OED,..
1997,YR1997,Other small states,OSS,..
1997,YR1997,Pacific island small states,PSS,..
1997,YR1997,Post-demographic dividend,PST,..
1997,YR1997,Pre-demographic dividend,PRE,..
1997,YR1997,Small states,SST,..
1997,YR1997,South Asia,SAS,..
1997,YR1997,South Asia (IDA & IBRD),TSA,..
1997,YR1997,Sub-Saharan Africa,SSF,..
1997,YR1997,Sub-Saharan Africa (excluding high income),SSA,..
1997,YR1997,Sub-Saharan Africa (IDA & IBRD countries),TSS,..
1997,YR1997,Upper middle income,UMC,..
1997,YR1997,World,WLD,..
1997,YR1997,Afghanistan,AFG,..
1997,YR1997,Albania,ALB,..
1997,YR1997,Algeria,DZA,..
1997,YR1997,American Samoa,ASM,..
1997,YR1997,Andorra,AND,..
1997,YR1997,Angola,AGO,..
1997,YR1997,Antigua and Barbuda,ATG,..
1997,YR1997,Argentina,ARG,..
1997,YR1997,Armenia,ARM,..
1997,YR1997,Aruba,ABW,..
1997,YR1997,Australia,AUS,..
1997,YR1997,Austria,AUT,..
1997,YR1997,Azerbaijan,AZE,..
1997,YR1997,"Bahamas, The",BHS,..
1997,YR1997,Bahrain,BHR,..
1997,YR1997,Bangladesh,BGD,..
1997,YR1997,Barbados,BRB,..
1997,YR1997,Belarus,BLR,..
1997,YR1997,Belgium,BEL,..
1997,YR1997,Belize,BLZ,..
1997,YR1997,Benin,BEN,..
1997,YR1997,Bermuda,BMU,..
1997,YR1997,Bhutan,BTN,..
1997,YR1997,Bolivia,BOL,..
1997,YR1997,Bosnia and Herzegovina,BIH,..
1997,YR1997,Botswana,BWA,..
1997,YR1997,Brazil,BRA,..
1997,YR1997,British Virgin Islands,VGB,..
1997,YR1997,Brunei Darussalam,BRN,..
1997,YR1997,Bulgaria,BGR,..
1997,YR1997,Burkina Faso,BFA,..
1997,YR1997,Burundi,BDI,..
1997,YR1997,Cabo Verde,CPV,..
1997,YR1997,Cambodia,KHM,..
1997,YR1997,Cameroon,CMR,..
1997,YR1997,Canada,CAN,..
1997,YR1997,Cayman Islands,CYM,..
1997,YR1997,Central African Republic,CAF,..
1997,YR1997,Chad,TCD,..
1997,YR1997,Channel Islands,CHI,..
1997,YR1997,Chile,CHL,..
1997,YR1997,China,CHN,..
1997,YR1997,Colombia,COL,..
1997,YR1997,Comoros,COM,..
1997,YR1997,"Congo, Dem. Rep.",COD,..
1997,YR1997,"Congo, Rep.",COG,..
1997,YR1997,Costa Rica,CRI,..
1997,YR1997,Cote d'Ivoire,CIV,..
1997,YR1997,Croatia,HRV,..
1997,YR1997,Cuba,CUB,..
1997,YR1997,Curacao,CUW,..
1997,YR1997,Cyprus,CYP,..
1997,YR1997,Czechia,CZE,..
1997,YR1997,Denmark,DNK,..
1997,YR1997,Djibouti,DJI,..
1997,YR1997,Dominica,DMA,..
1997,YR1997,Dominican Republic,DOM,..
1997,YR1997,Ecuador,ECU,..
1997,YR1997,"Egypt, Arab Rep.",EGY,..
1997,YR1997,El Salvador,SLV,..
1997,YR1997,Equatorial Guinea,GNQ,..
1997,YR1997,Eritrea,ERI,..
1997,YR1997,Estonia,EST,..
1997,YR1997,Eswatini,SWZ,..
1997,YR1997,Ethiopia,ETH,..
1997,YR1997,Faroe Islands,FRO,..
1997,YR1997,Fiji,FJI,..
1997,YR1997,Finland,FIN,..
1997,YR1997,France,FRA,..
1997,YR1997,French Polynesia,PYF,..
1997,YR1997,Gabon,GAB,..
1997,YR1997,"Gambia, The",GMB,..
1997,YR1997,Georgia,GEO,..
1997,YR1997,Germany,DEU,..
1997,YR1997,Ghana,GHA,..
1997,YR1997,Gibraltar,GIB,..
1997,YR1997,Greece,GRC,..
1997,YR1997,Greenland,GRL,..
1997,YR1997,Grenada,GRD,..
1997,YR1997,Guam,GUM,..
1997,YR1997,Guatemala,GTM,..
1997,YR1997,Guinea,GIN,..
1997,YR1997,Guinea-Bissau,GNB,..
1997,YR1997,Guyana,GUY,..
1997,YR1997,Haiti,HTI,..
1997,YR1997,Honduras,HND,..
1997,YR1997,"Hong Kong SAR, China",HKG,..
1997,YR1997,Hungary,HUN,..
1997,YR1997,Iceland,ISL,..
1997,YR1997,India,IND,..
1997,YR1997,Indonesia,IDN,..
1997,YR1997,"Iran, Islamic Rep.",IRN,..
1997,YR1997,Iraq,IRQ,..
1997,YR1997,Ireland,IRL,..
1997,YR1997,Isle of Man,IMN,..
1997,YR1997,Israel,ISR,..
1997,YR1997,Italy,ITA,..
1997,YR1997,Jamaica,JAM,..
1997,YR1997,Japan,JPN,..
1997,YR1997,Jordan,JOR,..
1997,YR1997,Kazakhstan,KAZ,..
1997,YR1997,Kenya,KEN,..
1997,YR1997,Kiribati,KIR,..
1997,YR1997,"Korea, Dem. People's Rep.",PRK,..
1997,YR1997,"Korea, Rep.",KOR,..
1997,YR1997,Kosovo,XKX,..
1997,YR1997,Kuwait,KWT,..
1997,YR1997,Kyrgyz Republic,KGZ,..
1997,YR1997,Lao PDR,LAO,..
1997,YR1997,Latvia,LVA,..
1997,YR1997,Lebanon,LBN,..
1997,YR1997,Lesotho,LSO,..
1997,YR1997,Liberia,LBR,..
1997,YR1997,Libya,LBY,..
1997,YR1997,Liechtenstein,LIE,..
1997,YR1997,Lithuania,LTU,..
1997,YR1997,Luxembourg,LUX,..
1997,YR1997,"Macao SAR, China",MAC,..
1997,YR1997,Madagascar,MDG,..
1997,YR1997,Malawi,MWI,..
1997,YR1997,Malaysia,MYS,..
1997,YR1997,Maldives,MDV,..
1997,YR1997,Mali,MLI,..
1997,YR1997,Malta,MLT,..
1997,YR1997,Marshall Islands,MHL,..
1997,YR1997,Mauritania,MRT,..
1997,YR1997,Mauritius,MUS,..
1997,YR1997,Mexico,MEX,..
1997,YR1997,"Micronesia, Fed. Sts.",FSM,..
1997,YR1997,Moldova,MDA,..
1997,YR1997,Monaco,MCO,..
1997,YR1997,Mongolia,MNG,..
1997,YR1997,Montenegro,MNE,..
1997,YR1997,Morocco,MAR,..
1997,YR1997,Mozambique,MOZ,..
1997,YR1997,Myanmar,MMR,..
1997,YR1997,Namibia,NAM,..
1997,YR1997,Nauru,NRU,..
1997,YR1997,Nepal,NPL,..
1997,YR1997,Netherlands,NLD,..
1997,YR1997,New Caledonia,NCL,..
1997,YR1997,New Zealand,NZL,..
1997,YR1997,Nicaragua,NIC,..
1997,YR1997,Niger,NER,..
1997,YR1997,Nigeria,NGA,..
1997,YR1997,North Macedonia,MKD,..
1997,YR1997,Northern Mariana Islands,MNP,..
1997,YR1997,Norway,NOR,..
1997,YR1997,Oman,OMN,..
1997,YR1997,Pakistan,PAK,..
1997,YR1997,Palau,PLW,..
1997,YR1997,Panama,PAN,..
1997,YR1997,Papua New Guinea,PNG,..
1997,YR1997,Paraguay,PRY,..
1997,YR1997,Peru,PER,..
1997,YR1997,Philippines,PHL,..
1997,YR1997,Poland,POL,..
1997,YR1997,Portugal,PRT,..
1997,YR1997,Puerto Rico,PRI,..
1997,YR1997,Qatar,QAT,..
1997,YR1997,Romania,ROU,..
1997,YR1997,Russian Federation,RUS,..
1997,YR1997,Rwanda,RWA,..
1997,YR1997,Samoa,WSM,..
1997,YR1997,San Marino,SMR,..
1997,YR1997,Sao Tome and Principe,STP,..
1997,YR1997,Saudi Arabia,SAU,..
1997,YR1997,Senegal,SEN,..
1997,YR1997,Serbia,SRB,..
1997,YR1997,Seychelles,SYC,..
1997,YR1997,Sierra Leone,SLE,..
1997,YR1997,Singapore,SGP,..
1997,YR1997,Sint Maarten (Dutch part),SXM,..
1997,YR1997,Slovak Republic,SVK,..
1997,YR1997,Slovenia,SVN,..
1997,YR1997,Solomon Islands,SLB,..
1997,YR1997,Somalia,SOM,..
1997,YR1997,South Africa,ZAF,..
1997,YR1997,South Sudan,SSD,..
1997,YR1997,Spain,ESP,..
1997,YR1997,Sri Lanka,LKA,..
1997,YR1997,St. Kitts and Nevis,KNA,..
1997,YR1997,St. Lucia,LCA,..
1997,YR1997,St. Martin (French part),MAF,..
1997,YR1997,St. Vincent and the Grenadines,VCT,..
1997,YR1997,Sudan,SDN,..
1997,YR1997,Suriname,SUR,..
1997,YR1997,Sweden,SWE,..
1997,YR1997,Switzerland,CHE,..
1997,YR1997,Syrian Arab Republic,SYR,..
1997,YR1997,Tajikistan,TJK,..
1997,YR1997,Tanzania,TZA,..
1997,YR1997,Thailand,THA,..
1997,YR1997,Timor-Leste,TLS,..
1997,YR1997,Togo,TGO,..
1997,YR1997,Tonga,TON,..
1997,YR1997,Trinidad and Tobago,TTO,..
1997,YR1997,Tunisia,TUN,..
1997,YR1997,Turkiye,TUR,..
1997,YR1997,Turkmenistan,TKM,..
1997,YR1997,Turks and Caicos Islands,TCA,..
1997,YR1997,Tuvalu,TUV,..
1997,YR1997,Uganda,UGA,..
1997,YR1997,Ukraine,UKR,..
1997,YR1997,United Arab Emirates,ARE,..
1997,YR1997,United Kingdom,GBR,..
1997,YR1997,United States,USA,..
1997,YR1997,Uruguay,URY,..
1997,YR1997,Uzbekistan,UZB,..
1997,YR1997,Vanuatu,VUT,..
1997,YR1997,"Venezuela, RB",VEN,..
1997,YR1997,Viet Nam,VNM,..
1997,YR1997,Virgin Islands (U.S.),VIR,..
1997,YR1997,West Bank and Gaza,PSE,..
1997,YR1997,"Yemen, Rep.",YEM,..
1997,YR1997,Zambia,ZMB,..
1997,YR1997,Zimbabwe,ZWE,..
1998,YR1998,Africa Eastern and Southern,AFE,..
1998,YR1998,Africa Western and Central,AFW,..
1998,YR1998,Arab World,ARB,..
1998,YR1998,Caribbean small states,CSS,..
1998,YR1998,Central Europe and the Baltics,CEB,..
1998,YR1998,Early-demographic dividend,EAR,..
1998,YR1998,East Asia & Pacific,EAS,..
1998,YR1998,East Asia & Pacific (excluding high income),EAP,..
1998,YR1998,East Asia & Pacific (IDA & IBRD countries),TEA,..
1998,YR1998,Euro area,EMU,..
1998,YR1998,Europe & Central Asia,ECS,..
1998,YR1998,Europe & Central Asia (excluding high income),ECA,..
1998,YR1998,Europe & Central Asia (IDA & IBRD countries),TEC,..
1998,YR1998,European Union,EUU,..
1998,YR1998,Fragile and conflict affected situations,FCS,..
1998,YR1998,Heavily indebted poor countries (HIPC),HPC,..
1998,YR1998,High income,HIC,..
1998,YR1998,IBRD only,IBD,..
1998,YR1998,IDA & IBRD total,IBT,..
1998,YR1998,IDA blend,IDB,..
1998,YR1998,IDA only,IDX,..
1998,YR1998,IDA total,IDA,..
1998,YR1998,Late-demographic dividend,LTE,..
1998,YR1998,Latin America & Caribbean,LCN,..
1998,YR1998,Latin America & Caribbean (excluding high income),LAC,..
1998,YR1998,Latin America & the Caribbean (IDA & IBRD countries),TLA,..
1998,YR1998,Least developed countries: UN classification,LDC,..
1998,YR1998,Low & middle income,LMY,..
1998,YR1998,Low income,LIC,..
1998,YR1998,Lower middle income,LMC,..
1998,YR1998,Middle East & North Africa,MEA,..
1998,YR1998,Middle East & North Africa (excluding high income),MNA,..
1998,YR1998,Middle East & North Africa (IDA & IBRD countries),TMN,..
1998,YR1998,Middle income,MIC,..
1998,YR1998,North America,NAC,..
1998,YR1998,Not classified,INX,..
1998,YR1998,OECD members,OED,..
1998,YR1998,Other small states,OSS,..
1998,YR1998,Pacific island small states,PSS,..
1998,YR1998,Post-demographic dividend,PST,..
1998,YR1998,Pre-demographic dividend,PRE,..
1998,YR1998,Small states,SST,..
1998,YR1998,South Asia,SAS,..
1998,YR1998,South Asia (IDA & IBRD),TSA,..
1998,YR1998,Sub-Saharan Africa,SSF,..
1998,YR1998,Sub-Saharan Africa (excluding high income),SSA,..
1998,YR1998,Sub-Saharan Africa (IDA & IBRD countries),TSS,..
1998,YR1998,Upper middle income,UMC,..
1998,YR1998,World,WLD,..
1998,YR1998,Afghanistan,AFG,..
1998,YR1998,Albania,ALB,..
1998,YR1998,Algeria,DZA,..
1998,YR1998,American Samoa,ASM,..
1998,YR1998,Andorra,AND,..
1998,YR1998,Angola,AGO,..
1998,YR1998,Antigua and Barbuda,ATG,..
1998,YR1998,Argentina,ARG,..
1998,YR1998,Armenia,ARM,..
1998,YR1998,Aruba,ABW,..
1998,YR1998,Australia,AUS,..
1998,YR1998,Austria,AUT,..
1998,YR1998,Azerbaijan,AZE,..
1998,YR1998,"Bahamas, The",BHS,..
1998,YR1998,Bahrain,BHR,..
1998,YR1998,Bangladesh,BGD,..
1998,YR1998,Barbados,BRB,..
1998,YR1998,Belarus,BLR,..
1998,YR1998,Belgium,BEL,..
1998,YR1998,Belize,BLZ,..
1998,YR1998,Benin,BEN,..
1998,YR1998,Bermuda,BMU,..
1998,YR1998,Bhutan,BTN,..
1998,YR1998,Bolivia,BOL,..
1998,YR1998,Bosnia and Herzegovina,BIH,..
1998,YR1998,Botswana,BWA,..
1998,YR1998,Brazil,BRA,..
1998,YR1998,British Virgin Islands,VGB,..
1998,YR1998,Brunei Darussalam,BRN,..
1998,YR1998,Bulgaria,BGR,..
1998,YR1998,Burkina Faso,BFA,..
1998,YR1998,Burundi,BDI,..
1998,YR1998,Cabo Verde,CPV,..
1998,YR1998,Cambodia,KHM,..
1998,YR1998,Cameroon,CMR,..
1998,YR1998,Canada,CAN,..
1998,YR1998,Cayman Islands,CYM,..
1998,YR1998,Central African Republic,CAF,..
1998,YR1998,Chad,TCD,..
1998,YR1998,Channel Islands,CHI,..
1998,YR1998,Chile,CHL,..
1998,YR1998,China,CHN,..
1998,YR1998,Colombia,COL,..
1998,YR1998,Comoros,COM,..
1998,YR1998,"Congo, Dem. Rep.",COD,..
1998,YR1998,"Congo, Rep.",COG,..
1998,YR1998,Costa Rica,CRI,..
1998,YR1998,Cote d'Ivoire,CIV,..
1998,YR1998,Croatia,HRV,..
1998,YR1998,Cuba,CUB,..
1998,YR1998,Curacao,CUW,..
1998,YR1998,Cyprus,CYP,..
1998,YR1998,Czechia,CZE,..
1998,YR1998,Denmark,DNK,..
1998,YR1998,Djibouti,DJI,..
1998,YR1998,Dominica,DMA,..
1998,YR1998,Dominican Republic,DOM,..
1998,YR1998,Ecuador,ECU,..
1998,YR1998,"Egypt, Arab Rep.",EGY,..
1998,YR1998,El Salvador,SLV,..
1998,YR1998,Equatorial Guinea,GNQ,..
1998,YR1998,Eritrea,ERI,..
1998,YR1998,Estonia,EST,..
1998,YR1998,Eswatini,SWZ,..
1998,YR1998,Ethiopia,ETH,..
1998,YR1998,Faroe Islands,FRO,..
1998,YR1998,Fiji,FJI,..
1998,YR1998,Finland,FIN,..
1998,YR1998,France,FRA,..
1998,YR1998,French Polynesia,PYF,..
1998,YR1998,Gabon,GAB,..
1998,YR1998,"Gambia, The",GMB,..
1998,YR1998,Georgia,GEO,..
1998,YR1998,Germany,DEU,..
1998,YR1998,Ghana,GHA,..
1998,YR1998,Gibraltar,GIB,..
1998,YR1998,Greece,GRC,..
1998,YR1998,Greenland,GRL,..
1998,YR1998,Grenada,GRD,..
1998,YR1998,Guam,GUM,..
1998,YR1998,Guatemala,GTM,..
1998,YR1998,Guinea,GIN,..
1998,YR1998,Guinea-Bissau,GNB,..
1998,YR1998,Guyana,GUY,..
1998,YR1998,Haiti,HTI,..
1998,YR1998,Honduras,HND,..
1998,YR1998,"Hong Kong SAR, China",HKG,..
1998,YR1998,Hungary,HUN,..
1998,YR1998,Iceland,ISL,..
1998,YR1998,India,IND,..
1998,YR1998,Indonesia,IDN,..
1998,YR1998,"Iran, Islamic Rep.",IRN,..
1998,YR1998,Iraq,IRQ,..
1998,YR1998,Ireland,IRL,..
1998,YR1998,Isle of Man,IMN,..
1998,YR1998,Israel,ISR,..
1998,YR1998,Italy,ITA,..
1998,YR1998,Jamaica,JAM,..
1998,YR1998,Japan,JPN,..
1998,YR1998,Jordan,JOR,..
1998,YR1998,Kazakhstan,KAZ,..
1998,YR1998,Kenya,KEN,..
1998,YR1998,Kiribati,KIR,..
1998,YR1998,"Korea, Dem. People's Rep.",PRK,..
1998,YR1998,"Korea, Rep.",KOR,..
1998,YR1998,Kosovo,XKX,..
1998,YR1998,Kuwait,KWT,..
1998,YR1998,Kyrgyz Republic,KGZ,..
1998,YR1998,Lao PDR,LAO,..
1998,YR1998,Latvia,LVA,..
1998,YR1998,Lebanon,LBN,..
1998,YR1998,Lesotho,LSO,..
1998,YR1998,Liberia,LBR,..
1998,YR1998,Libya,LBY,..
1998,YR1998,Liechtenstein,LIE,..
1998,YR1998,Lithuania,LTU,..
1998,YR1998,Luxembourg,LUX,..
1998,YR1998,"Macao SAR, China",MAC,..
1998,YR1998,Madagascar,MDG,..
1998,YR1998,Malawi,MWI,..
1998,YR1998,Malaysia,MYS,..
1998,YR1998,Maldives,MDV,..
1998,YR1998,Mali,MLI,..
1998,YR1998,Malta,MLT,..
1998,YR1998,Marshall Islands,MHL,..
1998,YR1998,Mauritania,MRT,..
1998,YR1998,Mauritius,MUS,..
1998,YR1998,Mexico,MEX,..
1998,YR1998,"Micronesia, Fed. Sts.",FSM,..
1998,YR1998,Moldova,MDA,..
1998,YR1998,Monaco,MCO,..
1998,YR1998,Mongolia,MNG,..
1998,YR1998,Montenegro,MNE,..
1998,YR1998,Morocco,MAR,..
1998,YR1998,Mozambique,MOZ,..
1998,YR1998,Myanmar,MMR,..
1998,YR1998,Namibia,NAM,..
1998,YR1998,Nauru,NRU,..
1998,YR1998,Nepal,NPL,..
1998,YR1998,Netherlands,NLD,..
1998,YR1998,New Caledonia,NCL,..
1998,YR1998,New Zealand,NZL,..
1998,YR1998,Nicaragua,NIC,..
1998,YR1998,Niger,NER,..
1998,YR1998,Nigeria,NGA,..
1998,YR1998,North Macedonia,MKD,..
1998,YR1998,Northern Mariana Islands,MNP,..
1998,YR1998,Norway,NOR,..
1998,YR1998,Oman,OMN,..
1998,YR1998,Pakistan,PAK,..
1998,YR1998,Palau,PLW,..
1998,YR1998,Panama,PAN,..
1998,YR1998,Papua New Guinea,PNG,..
1998,YR1998,Paraguay,PRY,..
1998,YR1998,Peru,PER,..
1998,YR1998,Philippines,PHL,..
1998,YR1998,Poland,POL,..
1998,YR1998,Portugal,PRT,..
1998,YR1998,Puerto Rico,PRI,..
1998,YR1998,Qatar,QAT,..
1998,YR1998,Romania,ROU,..
1998,YR1998,Russian Federation,RUS,..
1998,YR1998,Rwanda,RWA,..
1998,YR1998,Samoa,WSM,..
1998,YR1998,San Marino,SMR,..
1998,YR1998,Sao Tome and Principe,STP,..
1998,YR1998,Saudi Arabia,SAU,..
1998,YR1998,Senegal,SEN,..
1998,YR1998,Serbia,SRB,..
1998,YR1998,Seychelles,SYC,..
1998,YR1998,Sierra Leone,SLE,..
1998,YR1998,Singapore,SGP,..
1998,YR1998,Sint Maarten (Dutch part),SXM,..
1998,YR1998,Slovak Republic,SVK,..
1998,YR1998,Slovenia,SVN,..
1998,YR1998,Solomon Islands,SLB,..
1998,YR1998,Somalia,SOM,..
1998,YR1998,South Africa,ZAF,..
1998,YR1998,South Sudan,SSD,..
1998,YR1998,Spain,ESP,..
1998,YR1998,Sri Lanka,LKA,..
1998,YR1998,St. Kitts and Nevis,KNA,..
1998,YR1998,St. Lucia,LCA,..
1998,YR1998,St. Martin (French part),MAF,..
1998,YR1998,St. Vincent and the Grenadines,VCT,..
1998,YR1998,Sudan,SDN,..
1998,YR1998,Suriname,SUR,..
1998,YR1998,Sweden,SWE,..
1998,YR1998,Switzerland,CHE,..
1998,YR1998,Syrian Arab Republic,SYR,..
1998,YR1998,Tajikistan,TJK,..
1998,YR1998,Tanzania,TZA,..
1998,YR1998,Thailand,THA,..
1998,YR1998,Timor-Leste,TLS,..
1998,YR1998,Togo,TGO,..
1998,YR1998,Tonga,TON,..
1998,YR1998,Trinidad and Tobago,TTO,..
1998,YR1998,Tunisia,TUN,..
1998,YR1998,Turkiye,TUR,..
1998,YR1998,Turkmenistan,TKM,..
1998,YR1998,Turks and Caicos Islands,TCA,..
1998,YR1998,Tuvalu,TUV,..
1998,YR1998,Uganda,UGA,..
1998,YR1998,Ukraine,UKR,..
1998,YR1998,United Arab Emirates,ARE,..
1998,YR1998,United Kingdom,GBR,..
1998,YR1998,United States,USA,..
1998,YR1998,Uruguay,URY,..
1998,YR1998,Uzbekistan,UZB,..
1998,YR1998,Vanuatu,VUT,..
1998,YR1998,"Venezuela, RB",VEN,..
1998,YR1998,Viet Nam,VNM,..
1998,YR1998,Virgin Islands (U.S.),VIR,..
1998,YR1998,West Bank and Gaza,PSE,..
1998,YR1998,"Yemen, Rep.",YEM,..
1998,YR1998,Zambia,ZMB,..
1998,YR1998,Zimbabwe,ZWE,..
1999,YR1999,Africa Eastern and Southern,AFE,..
1999,YR1999,Africa Western and Central,AFW,..
1999,YR1999,Arab World,ARB,..
1999,YR1999,Caribbean small states,CSS,..
1999,YR1999,Central Europe and the Baltics,CEB,..
1999,YR1999,Early-demographic dividend,EAR,..
1999,YR1999,East Asia & Pacific,EAS,..
1999,YR1999,East Asia & Pacific (excluding high income),EAP,..
1999,YR1999,East Asia & Pacific (IDA & IBRD countries),TEA,..
1999,YR1999,Euro area,EMU,..
1999,YR1999,Europe & Central Asia,ECS,..
1999,YR1999,Europe & Central Asia (excluding high income),ECA,..
1999,YR1999,Europe & Central Asia (IDA & IBRD countries),TEC,..
1999,YR1999,European Union,EUU,..
1999,YR1999,Fragile and conflict affected situations,FCS,..
1999,YR1999,Heavily indebted poor countries (HIPC),HPC,..
1999,YR1999,High income,HIC,..
1999,YR1999,IBRD only,IBD,..
1999,YR1999,IDA & IBRD total,IBT,..
1999,YR1999,IDA blend,IDB,..
1999,YR1999,IDA only,IDX,..
1999,YR1999,IDA total,IDA,..
1999,YR1999,Late-demographic dividend,LTE,..
1999,YR1999,Latin America & Caribbean,LCN,..
1999,YR1999,Latin America & Caribbean (excluding high income),LAC,..
1999,YR1999,Latin America & the Caribbean (IDA & IBRD countries),TLA,..
1999,YR1999,Least developed countries: UN classification,LDC,..
1999,YR1999,Low & middle income,LMY,..
1999,YR1999,Low income,LIC,..
1999,YR1999,Lower middle income,LMC,..
1999,YR1999,Middle East & North Africa,MEA,..
1999,YR1999,Middle East & North Africa (excluding high income),MNA,..
1999,YR1999,Middle East & North Africa (IDA & IBRD countries),TMN,..
1999,YR1999,Middle income,MIC,..
1999,YR1999,North America,NAC,..
1999,YR1999,Not classified,INX,..
1999,YR1999,OECD members,OED,..
1999,YR1999,Other small states,OSS,..
1999,YR1999,Pacific island small states,PSS,..
1999,YR1999,Post-demographic dividend,PST,..
1999,YR1999,Pre-demographic dividend,PRE,..
1999,YR1999,Small states,SST,..
1999,YR1999,South Asia,SAS,..
1999,YR1999,South Asia (IDA & IBRD),TSA,..
1999,YR1999,Sub-Saharan Africa,SSF,..
1999,YR1999,Sub-Saharan Africa (excluding high income),SSA,..
1999,YR1999,Sub-Saharan Africa (IDA & IBRD countries),TSS,..
1999,YR1999,Upper middle income,UMC,..
1999,YR1999,World,WLD,..
1999,YR1999,Afghanistan,AFG,..
1999,YR1999,Albania,ALB,..
1999,YR1999,Algeria,DZA,..
1999,YR1999,American Samoa,ASM,..
1999,YR1999,Andorra,AND,..
1999,YR1999,Angola,AGO,..
1999,YR1999,Antigua and Barbuda,ATG,..
1999,YR1999,Argentina,ARG,..
1999,YR1999,Armenia,ARM,..
1999,YR1999,Aruba,ABW,..
1999,YR1999,Australia,AUS,..
1999,YR1999,Austria,AUT,..
1999,YR1999,Azerbaijan,AZE,..
1999,YR1999,"Bahamas, The",BHS,..
1999,YR1999,Bahrain,BHR,..
1999,YR1999,Bangladesh,BGD,..
1999,YR1999,Barbados,BRB,..
1999,YR1999,Belarus,BLR,..
1999,YR1999,Belgium,BEL,..
1999,YR1999,Belize,BLZ,..
1999,YR1999,Benin,BEN,..
1999,YR1999,Bermuda,BMU,..
1999,YR1999,Bhutan,BTN,..
1999,YR1999,Bolivia,BOL,..
1999,YR1999,Bosnia and Herzegovina,BIH,..
1999,YR1999,Botswana,BWA,..
1999,YR1999,Brazil,BRA,..
1999,YR1999,British Virgin Islands,VGB,..
1999,YR1999,Brunei Darussalam,BRN,..
1999,YR1999,Bulgaria,BGR,..
1999,YR1999,Burkina Faso,BFA,..
1999,YR1999,Burundi,BDI,..
1999,YR1999,Cabo Verde,CPV,..
1999,YR1999,Cambodia,KHM,..
1999,YR1999,Cameroon,CMR,..
1999,YR1999,Canada,CAN,..
1999,YR1999,Cayman Islands,CYM,..
1999,YR1999,Central African Republic,CAF,..
1999,YR1999,Chad,TCD,..
1999,YR1999,Channel Islands,CHI,..
1999,YR1999,Chile,CHL,..
1999,YR1999,China,CHN,..
1999,YR1999,Colombia,COL,..
1999,YR1999,Comoros,COM,..
1999,YR1999,"Congo, Dem. Rep.",COD,..
1999,YR1999,"Congo, Rep.",COG,..
1999,YR1999,Costa Rica,CRI,..
1999,YR1999,Cote d'Ivoire,CIV,..
1999,YR1999,Croatia,HRV,..
1999,YR1999,Cuba,CUB,..
1999,YR1999,Curacao,CUW,..
1999,YR1999,Cyprus,CYP,..
1999,YR1999,Czechia,CZE,..
1999,YR1999,Denmark,DNK,..
1999,YR1999,Djibouti,DJI,..
1999,YR1999,Dominica,DMA,..
1999,YR1999,Dominican Republic,DOM,..
1999,YR1999,Ecuador,ECU,..
1999,YR1999,"Egypt, Arab Rep.",EGY,..
1999,YR1999,El Salvador,SLV,..
1999,YR1999,Equatorial Guinea,GNQ,..
1999,YR1999,Eritrea,ERI,..
1999,YR1999,Estonia,EST,..
1999,YR1999,Eswatini,SWZ,..
1999,YR1999,Ethiopia,ETH,..
1999,YR1999,Faroe Islands,FRO,..
1999,YR1999,Fiji,FJI,..
1999,YR1999,Finland,FIN,..
1999,YR1999,France,FRA,..
1999,YR1999,French Polynesia,PYF,..
1999,YR1999,Gabon,GAB,..
1999,YR1999,"Gambia, The",GMB,..
1999,YR1999,Georgia,GEO,..
1999,YR1999,Germany,DEU,..
1999,YR1999,Ghana,GHA,..
1999,YR1999,Gibraltar,GIB,..
1999,YR1999,Greece,GRC,..
1999,YR1999,Greenland,GRL,..
1999,YR1999,Grenada,GRD,..
1999,YR1999,Guam,GUM,..
1999,YR1999,Guatemala,GTM,..
1999,YR1999,Guinea,GIN,..
1999,YR1999,Guinea-Bissau,GNB,..
1999,YR1999,Guyana,GUY,..
1999,YR1999,Haiti,HTI,..
1999,YR1999,Honduras,HND,..
1999,YR1999,"Hong Kong SAR, China",HKG,..
1999,YR1999,Hungary,HUN,..
1999,YR1999,Iceland,ISL,..
1999,YR1999,India,IND,..
1999,YR1999,Indonesia,IDN,..
1999,YR1999,"Iran, Islamic Rep.",IRN,..
1999,YR1999,Iraq,IRQ,..
1999,YR1999,Ireland,IRL,..
1999,YR1999,Isle of Man,IMN,..
1999,YR1999,Israel,ISR,..
1999,YR1999,Italy,ITA,..
1999,YR1999,Jamaica,JAM,..
1999,YR1999,Japan,JPN,..
1999,YR1999,Jordan,JOR,..
1999,YR1999,Kazakhstan,KAZ,..
1999,YR1999,Kenya,KEN,..
1999,YR1999,Kiribati,KIR,..
1999,YR1999,"Korea, Dem. People's Rep.",PRK,..
1999,YR1999,"Korea, Rep.",KOR,..
1999,YR1999,Kosovo,XKX,..
1999,YR1999,Kuwait,KWT,..
1999,YR1999,Kyrgyz Republic,KGZ,..
1999,YR1999,Lao PDR,LAO,..
1999,YR1999,Latvia,LVA,..
1999,YR1999,Lebanon,LBN,..
1999,YR1999,Lesotho,LSO,..
1999,YR1999,Liberia,LBR,..
1999,YR1999,Libya,LBY,..
1999,YR1999,Liechtenstein,LIE,..
1999,YR1999,Lithuania,LTU,..
1999,YR1999,Luxembourg,LUX,..
1999,YR1999,"Macao SAR, China",MAC,..
1999,YR1999,Madagascar,MDG,..
1999,YR1999,Malawi,MWI,..
1999,YR1999,Malaysia,MYS,..
1999,YR1999,Maldives,MDV,..
1999,YR1999,Mali,MLI,..
1999,YR1999,Malta,MLT,..
1999,YR1999,Marshall Islands,MHL,..
1999,YR1999,Mauritania,MRT,..
1999,YR1999,Mauritius,MUS,..
1999,YR1999,Mexico,MEX,..
1999,YR1999,"Micronesia, Fed. Sts.",FSM,..
1999,YR1999,Moldova,MDA,..
1999,YR1999,Monaco,MCO,..
1999,YR1999,Mongolia,MNG,..
1999,YR1999,Montenegro,MNE,..
1999,YR1999,Morocco,MAR,..
1999,YR1999,Mozambique,MOZ,..
1999,YR1999,Myanmar,MMR,..
1999,YR1999,Namibia,NAM,..
1999,YR1999,Nauru,NRU,..
1999,YR1999,Nepal,NPL,..
1999,YR1999,Netherlands,NLD,..
1999,YR1999,New Caledonia,NCL,..
1999,YR1999,New Zealand,NZL,..
1999,YR1999,Nicaragua,NIC,..
1999,YR1999,Niger,NER,..
1999,YR1999,Nigeria,NGA,..
1999,YR1999,North Macedonia,MKD,..
1999,YR1999,Northern Mariana Islands,MNP,..
1999,YR1999,Norway,NOR,..
1999,YR1999,Oman,OMN,..
1999,YR1999,Pakistan,PAK,..
1999,YR1999,Palau,PLW,..
1999,YR1999,Panama,PAN,..
1999,YR1999,Papua New Guinea,PNG,..
1999,YR1999,Paraguay,PRY,..
1999,YR1999,Peru,PER,..
1999,YR1999,Philippines,PHL,..
1999,YR1999,Poland,POL,..
1999,YR1999,Portugal,PRT,..
1999,YR1999,Puerto Rico,PRI,..
1999,YR1999,Qatar,QAT,..
1999,YR1999,Romania,ROU,..
1999,YR1999,Russian Federation,RUS,..
1999,YR1999,Rwanda,RWA,..
1999,YR1999,Samoa,WSM,..
1999,YR1999,San Marino,SMR,..
1999,YR1999,Sao Tome and Principe,STP,..
1999,YR1999,Saudi Arabia,SAU,..
1999,YR1999,Senegal,SEN,..
1999,YR1999,Serbia,SRB,..
1999,YR1999,Seychelles,SYC,..
1999,YR1999,Sierra Leone,SLE,..
1999,YR1999,Singapore,SGP,..
1999,YR1999,Sint Maarten (Dutch part),SXM,..
1999,YR1999,Slovak Republic,SVK,..
1999,YR1999,Slovenia,SVN,..
1999,YR1999,Solomon Islands,SLB,..
1999,YR1999,Somalia,SOM,..
1999,YR1999,South Africa,ZAF,..
1999,YR1999,South Sudan,SSD,..
1999,YR1999,Spain,ESP,..
1999,YR1999,Sri Lanka,LKA,..
1999,YR1999,St. Kitts and Nevis,KNA,..
1999,YR1999,St. Lucia,LCA,..
1999,YR1999,St. Martin (French part),MAF,..
1999,YR1999,St. Vincent and the Grenadines,VCT,..
1999,YR1999,Sudan,SDN,..
1999,YR1999,Suriname,SUR,..
1999,YR1999,Sweden,SWE,..
1999,YR1999,Switzerland,CHE,..
1999,YR1999,Syrian Arab Republic,SYR,..
1999,YR1999,Tajikistan,TJK,..
1999,YR1999,Tanzania,TZA,..
1999,YR1999,Thailand,THA,..
1999,YR1999,Timor-Leste,TLS,..
1999,YR1999,Togo,TGO,..
1999,YR1999,Tonga,TON,..
1999,YR1999,Trinidad and Tobago,TTO,..
1999,YR1999,Tunisia,TUN,..
1999,YR1999,Turkiye,TUR,..
1999,YR1999,Turkmenistan,TKM,..
1999,YR1999,Turks and Caicos Islands,TCA,..
1999,YR1999,Tuvalu,TUV,..
1999,YR1999,Uganda,UGA,..
1999,YR1999,Ukraine,UKR,..
1999,YR1999,United Arab Emirates,ARE,..
1999,YR1999,United Kingdom,GBR,..
1999,YR1999,United States,USA,..
1999,YR1999,Uruguay,URY,..
1999,YR1999,Uzbekistan,UZB,..
1999,YR1999,Vanuatu,VUT,..
1999,YR1999,"Venezuela, RB",VEN,..
1999,YR1999,Viet Nam,VNM,..
1999,YR1999,Virgin Islands (U.S.),VIR,..
1999,YR1999,West Bank and Gaza,PSE,..
1999,YR1999,"Yemen, Rep.",YEM,..
1999,YR1999,Zambia,ZMB,..
1999,YR1999,Zimbabwe,ZWE,..
2000,YR2000,Africa Eastern and Southern,AFE,..
2000,YR2000,Africa Western and Central,AFW,..
2000,YR2000,Arab World,ARB,..
2000,YR2000,Caribbean small states,CSS,..
2000,YR2000,Central Europe and the Baltics,CEB,..
2000,YR2000,Early-demographic dividend,EAR,..
2000,YR2000,East Asia & Pacific,EAS,..
2000,YR2000,East Asia & Pacific (excluding high income),EAP,..
2000,YR2000,East Asia & Pacific (IDA & IBRD countries),TEA,..
2000,YR2000,Euro area,EMU,..
2000,YR2000,Europe & Central Asia,ECS,..
2000,YR2000,Europe & Central Asia (excluding high income),ECA,..
2000,YR2000,Europe & Central Asia (IDA & IBRD countries),TEC,..
2000,YR2000,European Union,EUU,..
2000,YR2000,Fragile and conflict affected situations,FCS,..
2000,YR2000,Heavily indebted poor countries (HIPC),HPC,..
2000,YR2000,High income,HIC,..
2000,YR2000,IBRD only,IBD,..
2000,YR2000,IDA & IBRD total,IBT,..
2000,YR2000,IDA blend,IDB,..
2000,YR2000,IDA only,IDX,..
2000,YR2000,IDA total,IDA,..
2000,YR2000,Late-demographic dividend,LTE,..
2000,YR2000,Latin America & Caribbean,LCN,..
2000,YR2000,Latin America & Caribbean (excluding high income),LAC,..
2000,YR2000,Latin America & the Caribbean (IDA & IBRD countries),TLA,..
2000,YR2000,Least developed countries: UN classification,LDC,..
2000,YR2000,Low & middle income,LMY,..
2000,YR2000,Low income,LIC,..
2000,YR2000,Lower middle income,LMC,..
2000,YR2000,Middle East & North Africa,MEA,..
2000,YR2000,Middle East & North Africa (excluding high income),MNA,..
2000,YR2000,Middle East & North Africa (IDA & IBRD countries),TMN,..
2000,YR2000,Middle income,MIC,..
2000,YR2000,North America,NAC,..
2000,YR2000,Not classified,INX,..
2000,YR2000,OECD members,OED,..
2000,YR2000,Other small states,OSS,..
2000,YR2000,Pacific island small states,PSS,..
2000,YR2000,Post-demographic dividend,PST,..
2000,YR2000,Pre-demographic dividend,PRE,..
2000,YR2000,Small states,SST,..
2000,YR2000,South Asia,SAS,..
2000,YR2000,South Asia (IDA & IBRD),TSA,..
2000,YR2000,Sub-Saharan Africa,SSF,..
2000,YR2000,Sub-Saharan Africa (excluding high income),SSA,..
2000,YR2000,Sub-Saharan Africa (IDA & IBRD countries),TSS,..
2000,YR2000,Upper middle income,UMC,..
2000,YR2000,World,WLD,..
2000,YR2000,Afghanistan,AFG,..
2000,YR2000,Albania,ALB,..
2000,YR2000,Algeria,DZA,..
2000,YR2000,American Samoa,ASM,..
2000,YR2000,Andorra,AND,..
2000,YR2000,Angola,AGO,..
2000,YR2000,Antigua and Barbuda,ATG,..
2000,YR2000,Argentina,ARG,..
2000,YR2000,Armenia,ARM,83.2460097787235
2000,YR2000,Aruba,ABW,..
2000,YR2000,Australia,AUS,..
2000,YR2000,Austria,AUT,..
2000,YR2000,Azerbaijan,AZE,..
2000,YR2000,"Bahamas, The",BHS,..
2000,YR2000,Bahrain,BHR,..
2000,YR2000,Bangladesh,BGD,..
2000,YR2000,Barbados,BRB,..
2000,YR2000,Belarus,BLR,..
2000,YR2000,Belgium,BEL,..
2000,YR2000,Belize,BLZ,..
2000,YR2000,Benin,BEN,1.62074069954981
2000,YR2000,Bermuda,BMU,..
2000,YR2000,Bhutan,BTN,..
2000,YR2000,Bolivia,BOL,..
2000,YR2000,Bosnia and Herzegovina,BIH,..
2000,YR2000,Botswana,BWA,..
2000,YR2000,Brazil,BRA,..
2000,YR2000,British Virgin Islands,VGB,..
2000,YR2000,Brunei Darussalam,BRN,..
2000,YR2000,Bulgaria,BGR,..
2000,YR2000,Burkina Faso,BFA,7.10920265174352
2000,YR2000,Burundi,BDI,..
2000,YR2000,Cabo Verde,CPV,..
2000,YR2000,Cambodia,KHM,..
2000,YR2000,Cameroon,CMR,..
2000,YR2000,Canada,CAN,..
2000,YR2000,Cayman Islands,CYM,..
2000,YR2000,Central African Republic,CAF,..
2000,YR2000,Chad,TCD,..
2000,YR2000,Channel Islands,CHI,..
2000,YR2000,Chile,CHL,..
2000,YR2000,China,CHN,..
2000,YR2000,Colombia,COL,..
2000,YR2000,Comoros,COM,..
2000,YR2000,"Congo, Dem. Rep.",COD,..
2000,YR2000,"Congo, Rep.",COG,..
2000,YR2000,Costa Rica,CRI,..
2000,YR2000,Cote d'Ivoire,CIV,..
2000,YR2000,Croatia,HRV,..
2000,YR2000,Cuba,CUB,..
2000,YR2000,Curacao,CUW,..
2000,YR2000,Cyprus,CYP,..
2000,YR2000,Czechia,CZE,..
2000,YR2000,Denmark,DNK,..
2000,YR2000,Djibouti,DJI,..
2000,YR2000,Dominica,DMA,..
2000,YR2000,Dominican Republic,DOM,..
2000,YR2000,Ecuador,ECU,..
2000,YR2000,"Egypt, Arab Rep.",EGY,66.0458564610715
2000,YR2000,El Salvador,SLV,..
2000,YR2000,Equatorial Guinea,GNQ,..
2000,YR2000,Eritrea,ERI,..
2000,YR2000,Estonia,EST,..
2000,YR2000,Eswatini,SWZ,..
2000,YR2000,Ethiopia,ETH,..
2000,YR2000,Faroe Islands,FRO,..
2000,YR2000,Fiji,FJI,..
2000,YR2000,Finland,FIN,..
2000,YR2000,France,FRA,..
2000,YR2000,French Polynesia,PYF,..
2000,YR2000,Gabon,GAB,..
2000,YR2000,"Gambia, The",GMB,..
2000,YR2000,Georgia,GEO,..
2000,YR2000,Germany,DEU,..
2000,YR2000,Ghana,GHA,..
2000,YR2000,Gibraltar,GIB,..
2000,YR2000,Greece,GRC,..
2000,YR2000,Greenland,GRL,..
2000,YR2000,Grenada,GRD,..
2000,YR2000,Guam,GUM,..
2000,YR2000,Guatemala,GTM,..
2000,YR2000,Guinea,GIN,..
2000,YR2000,Guinea-Bissau,GNB,..
2000,YR2000,Guyana,GUY,..
2000,YR2000,Haiti,HTI,..
2000,YR2000,Honduras,HND,..
2000,YR2000,"Hong Kong SAR, China",HKG,..
2000,YR2000,Hungary,HUN,..
2000,YR2000,Iceland,ISL,..
2000,YR2000,India,IND,..
2000,YR2000,Indonesia,IDN,..
2000,YR2000,"Iran, Islamic Rep.",IRN,..
2000,YR2000,Iraq,IRQ,..
2000,YR2000,Ireland,IRL,..
2000,YR2000,Isle of Man,IMN,..
2000,YR2000,Israel,ISR,..
2000,YR2000,Italy,ITA,..
2000,YR2000,Jamaica,JAM,..
2000,YR2000,Japan,JPN,..
2000,YR2000,Jordan,JOR,..
2000,YR2000,Kazakhstan,KAZ,..
2000,YR2000,Kenya,KEN,..
2000,YR2000,Kiribati,KIR,..
2000,YR2000,"Korea, Dem. People's Rep.",PRK,..
2000,YR2000,"Korea, Rep.",KOR,..
2000,YR2000,Kosovo,XKX,..
2000,YR2000,Kuwait,KWT,..
2000,YR2000,Kyrgyz Republic,KGZ,..
2000,YR2000,Lao PDR,LAO,..
2000,YR2000,Latvia,LVA,..
2000,YR2000,Lebanon,LBN,..
2000,YR2000,Lesotho,LSO,..
2000,YR2000,Liberia,LBR,..
2000,YR2000,Libya,LBY,..
2000,YR2000,Liechtenstein,LIE,..
2000,YR2000,Lithuania,LTU,..
2000,YR2000,Luxembourg,LUX,..
2000,YR2000,"Macao SAR, China",MAC,..
2000,YR2000,Madagascar,MDG,23.7090189313949
2000,YR2000,Malawi,MWI,15.4839125694728
2000,YR2000,Malaysia,MYS,..
2000,YR2000,Maldives,MDV,..
2000,YR2000,Mali,MLI,..
2000,YR2000,Malta,MLT,..
2000,YR2000,Marshall Islands,MHL,..
2000,YR2000,Mauritania,MRT,..
2000,YR2000,Mauritius,MUS,..
2000,YR2000,Mexico,MEX,..
2000,YR2000,"Micronesia, Fed. Sts.",FSM,..
2000,YR2000,Moldova,MDA,..
2000,YR2000,Monaco,MCO,..
2000,YR2000,Mongolia,MNG,..
2000,YR2000,Montenegro,MNE,..
2000,YR2000,Morocco,MAR,..
2000,YR2000,Mozambique,MOZ,..
2000,YR2000,Myanmar,MMR,..
2000,YR2000,Namibia,NAM,..
2000,YR2000,Nauru,NRU,..
2000,YR2000,Nepal,NPL,..
2000,YR2000,Netherlands,NLD,..
2000,YR2000,New Caledonia,NCL,..
2000,YR2000,New Zealand,NZL,..
2000,YR2000,Nicaragua,NIC,..
2000,YR2000,Niger,NER,6.0217006559489
2000,YR2000,Nigeria,NGA,..
2000,YR2000,North Macedonia,MKD,..
2000,YR2000,Northern Mariana Islands,MNP,..
2000,YR2000,Norway,NOR,..
2000,YR2000,Oman,OMN,..
2000,YR2000,Pakistan,PAK,..
2000,YR2000,Palau,PLW,..
2000,YR2000,Panama,PAN,..
2000,YR2000,Papua New Guinea,PNG,..
2000,YR2000,Paraguay,PRY,..
2000,YR2000,Peru,PER,..
2000,YR2000,Philippines,PHL,..
2000,YR2000,Poland,POL,..
2000,YR2000,Portugal,PRT,..
2000,YR2000,Puerto Rico,PRI,..
2000,YR2000,Qatar,QAT,..
2000,YR2000,Romania,ROU,..
2000,YR2000,Russian Federation,RUS,..
2000,YR2000,Rwanda,RWA,..
2000,YR2000,Samoa,WSM,..
2000,YR2000,San Marino,SMR,..
2000,YR2000,Sao Tome and Principe,STP,..
2000,YR2000,Saudi Arabia,SAU,..
2000,YR2000,Senegal,SEN,..
2000,YR2000,Serbia,SRB,..
2000,YR2000,Seychelles,SYC,..
2000,YR2000,Sierra Leone,SLE,..
2000,YR2000,Singapore,SGP,..
2000,YR2000,Sint Maarten (Dutch part),SXM,..
2000,YR2000,Slovak Republic,SVK,..
2000,YR2000,Slovenia,SVN,..
2000,YR2000,Solomon Islands,SLB,..
2000,YR2000,Somalia,SOM,..
2000,YR2000,South Africa,ZAF,..
2000,YR2000,South Sudan,SSD,..
2000,YR2000,Spain,ESP,..
2000,YR2000,Sri Lanka,LKA,..
2000,YR2000,St. Kitts and Nevis,KNA,..
2000,YR2000,St. Lucia,LCA,..
2000,YR2000,St. Martin (French part),MAF,..
2000,YR2000,St. Vincent and the Grenadines,VCT,..
2000,YR2000,Sudan,SDN,..
2000,YR2000,Suriname,SUR,..
2000,YR2000,Sweden,SWE,..
2000,YR2000,Switzerland,CHE,..
2000,YR2000,Syrian Arab Republic,SYR,..
2000,YR2000,Tajikistan,TJK,..
2000,YR2000,Tanzania,TZA,..
2000,YR2000,Thailand,THA,..
2000,YR2000,Timor-Leste,TLS,..
2000,YR2000,Togo,TGO,..
2000,YR2000,Tonga,TON,..
2000,YR2000,Trinidad and Tobago,TTO,..
2000,YR2000,Tunisia,TUN,..
2000,YR2000,Turkiye,TUR,..
2000,YR2000,Turkmenistan,TKM,70.7456974613895
2000,YR2000,Turks and Caicos Islands,TCA,..
2000,YR2000,Tuvalu,TUV,..
2000,YR2000,Uganda,UGA,1.62371633256027
2000,YR2000,Ukraine,UKR,..
2000,YR2000,United Arab Emirates,ARE,..
2000,YR2000,United Kingdom,GBR,..
2000,YR2000,United States,USA,..
2000,YR2000,Uruguay,URY,..
2000,YR2000,Uzbekistan,UZB,..
2000,YR2000,Vanuatu,VUT,..
2000,YR2000,"Venezuela, RB",VEN,..
2000,YR2000,Viet Nam,VNM,..
2000,YR2000,Virgin Islands (U.S.),VIR,..
2000,YR2000,West Bank and Gaza,PSE,..
2000,YR2000,"Yemen, Rep.",YEM,..
2000,YR2000,Zambia,ZMB,..
2000,YR2000,Zimbabwe,ZWE,..
2001,YR2001,Africa Eastern and Southern,AFE,..
2001,YR2001,Africa Western and Central,AFW,..
2001,YR2001,Arab World,ARB,..
2001,YR2001,Caribbean small states,CSS,..
2001,YR2001,Central Europe and the Baltics,CEB,..
2001,YR2001,Early-demographic dividend,EAR,..
2001,YR2001,East Asia & Pacific,EAS,..
2001,YR2001,East Asia & Pacific (excluding high income),EAP,..
2001,YR2001,East Asia & Pacific (IDA & IBRD countries),TEA,..
2001,YR2001,Euro area,EMU,..
2001,YR2001,Europe & Central Asia,ECS,..
2001,YR2001,Europe & Central Asia (excluding high income),ECA,..
2001,YR2001,Europe & Central Asia (IDA & IBRD countries),TEC,..
2001,YR2001,European Union,EUU,..
2001,YR2001,Fragile and conflict affected situations,FCS,..
2001,YR2001,Heavily indebted poor countries (HIPC),HPC,..
2001,YR2001,High income,HIC,..
2001,YR2001,IBRD only,IBD,..
2001,YR2001,IDA & IBRD total,IBT,..
2001,YR2001,IDA blend,IDB,..
2001,YR2001,IDA only,IDX,..
2001,YR2001,IDA total,IDA,..
2001,YR2001,Late-demographic dividend,LTE,..
2001,YR2001,Latin America & Caribbean,LCN,..
2001,YR2001,Latin America & Caribbean (excluding high income),LAC,..
2001,YR2001,Latin America & the Caribbean (IDA & IBRD countries),TLA,..
2001,YR2001,Least developed countries: UN classification,LDC,..
2001,YR2001,Low & middle income,LMY,..
2001,YR2001,Low income,LIC,..
2001,YR2001,Lower middle income,LMC,..
2001,YR2001,Middle East & North Africa,MEA,..
2001,YR2001,Middle East & North Africa (excluding high income),MNA,..
2001,YR2001,Middle East & North Africa (IDA & IBRD countries),TMN,..
2001,YR2001,Middle income,MIC,..
2001,YR2001,North America,NAC,..
2001,YR2001,Not classified,INX,..
2001,YR2001,OECD members,OED,..
2001,YR2001,Other small states,OSS,..
2001,YR2001,Pacific island small states,PSS,..
2001,YR2001,Post-demographic dividend,PST,..
2001,YR2001,Pre-demographic dividend,PRE,..
2001,YR2001,Small states,SST,..
2001,YR2001,South Asia,SAS,..
2001,YR2001,South Asia (IDA & IBRD),TSA,..
2001,YR2001,Sub-Saharan Africa,SSF,..
2001,YR2001,Sub-Saharan Africa (excluding high income),SSA,..
2001,YR2001,Sub-Saharan Africa (IDA & IBRD countries),TSS,..
2001,YR2001,Upper middle income,UMC,..
2001,YR2001,World,WLD,..
2001,YR2001,Afghanistan,AFG,..
2001,YR2001,Albania,ALB,..
2001,YR2001,Algeria,DZA,..
2001,YR2001,American Samoa,ASM,..
2001,YR2001,Andorra,AND,..
2001,YR2001,Angola,AGO,..
2001,YR2001,Antigua and Barbuda,ATG,..
2001,YR2001,Argentina,ARG,..
2001,YR2001,Armenia,ARM,83.8140721632859
2001,YR2001,Aruba,ABW,..
2001,YR2001,Australia,AUS,..
2001,YR2001,Austria,AUT,..
2001,YR2001,Azerbaijan,AZE,..
2001,YR2001,"Bahamas, The",BHS,..
2001,YR2001,Bahrain,BHR,..
2001,YR2001,Bangladesh,BGD,..
2001,YR2001,Barbados,BRB,..
2001,YR2001,Belarus,BLR,..
2001,YR2001,Belgium,BEL,..
2001,YR2001,Belize,BLZ,..
2001,YR2001,Benin,BEN,1.87166045958263
2001,YR2001,Bermuda,BMU,..
2001,YR2001,Bhutan,BTN,..
2001,YR2001,Bolivia,BOL,..
2001,YR2001,Bosnia and Herzegovina,BIH,..
2001,YR2001,Botswana,BWA,..
2001,YR2001,Brazil,BRA,..
2001,YR2001,British Virgin Islands,VGB,..
2001,YR2001,Brunei Darussalam,BRN,..
2001,YR2001,Bulgaria,BGR,..
2001,YR2001,Burkina Faso,BFA,7.26278029345354
2001,YR2001,Burundi,BDI,..
2001,YR2001,Cabo Verde,CPV,..
2001,YR2001,Cambodia,KHM,..
2001,YR2001,Cameroon,CMR,..
2001,YR2001,Canada,CAN,..
2001,YR2001,Cayman Islands,CYM,..
2001,YR2001,Central African Republic,CAF,..
2001,YR2001,Chad,TCD,..
2001,YR2001,Channel Islands,CHI,..
2001,YR2001,Chile,CHL,..
2001,YR2001,China,CHN,..
2001,YR2001,Colombia,COL,..
2001,YR2001,Comoros,COM,..
2001,YR2001,"Congo, Dem. Rep.",COD,..
2001,YR2001,"Congo, Rep.",COG,..
2001,YR2001,Costa Rica,CRI,..
2001,YR2001,Cote d'Ivoire,CIV,..
2001,YR2001,Croatia,HRV,..
2001,YR2001,Cuba,CUB,..
2001,YR2001,Curacao,CUW,..
2001,YR2001,Cyprus,CYP,..
2001,YR2001,Czechia,CZE,..
2001,YR2001,Denmark,DNK,..
2001,YR2001,Djibouti,DJI,..
2001,YR2001,Dominica,DMA,..
2001,YR2001,Dominican Republic,DOM,..
2001,YR2001,Ecuador,ECU,..
2001,YR2001,"Egypt, Arab Rep.",EGY,67.5478246092242
2001,YR2001,El Salvador,SLV,..
2001,YR2001,Equatorial Guinea,GNQ,..
2001,YR2001,Eritrea,ERI,..
2001,YR2001,Estonia,EST,..
2001,YR2001,Eswatini,SWZ,..
2001,YR2001,Ethiopia,ETH,..
2001,YR2001,Faroe Islands,FRO,..
2001,YR2001,Fiji,FJI,..
2001,YR2001,Finland,FIN,..
2001,YR2001,France,FRA,..
2001,YR2001,French Polynesia,PYF,..
2001,YR2001,Gabon,GAB,..
2001,YR2001,"Gambia, The",GMB,..
2001,YR2001,Georgia,GEO,..
2001,YR2001,Germany,DEU,..
2001,YR2001,Ghana,GHA,..
2001,YR2001,Gibraltar,GIB,..
2001,YR2001,Greece,GRC,..
2001,YR2001,Greenland,GRL,..
2001,YR2001,Grenada,GRD,..
2001,YR2001,Guam,GUM,..
2001,YR2001,Guatemala,GTM,..
2001,YR2001,Guinea,GIN,..
2001,YR2001,Guinea-Bissau,GNB,..
2001,YR2001,Guyana,GUY,..
2001,YR2001,Haiti,HTI,..
2001,YR2001,Honduras,HND,..
2001,YR2001,"Hong Kong SAR, China",HKG,..
2001,YR2001,Hungary,HUN,..
2001,YR2001,Iceland,ISL,..
2001,YR2001,India,IND,..
2001,YR2001,Indonesia,IDN,..
2001,YR2001,"Iran, Islamic Rep.",IRN,..
2001,YR2001,Iraq,IRQ,..
2001,YR2001,Ireland,IRL,..
2001,YR2001,Isle of Man,IMN,..
2001,YR2001,Israel,ISR,..
2001,YR2001,Italy,ITA,..
2001,YR2001,Jamaica,JAM,..
2001,YR2001,Japan,JPN,..
2001,YR2001,Jordan,JOR,..
2001,YR2001,Kazakhstan,KAZ,..
2001,YR2001,Kenya,KEN,..
2001,YR2001,Kiribati,KIR,..
2001,YR2001,"Korea, Dem. People's Rep.",PRK,..
2001,YR2001,"Korea, Rep.",KOR,..
2001,YR2001,Kosovo,XKX,..
2001,YR2001,Kuwait,KWT,..
2001,YR2001,Kyrgyz Republic,KGZ,..
2001,YR2001,Lao PDR,LAO,..
2001,YR2001,Latvia,LVA,..
2001,YR2001,Lebanon,LBN,..
2001,YR2001,Lesotho,LSO,..
2001,YR2001,Liberia,LBR,..
2001,YR2001,Libya,LBY,..
2001,YR2001,Liechtenstein,LIE,..
2001,YR2001,Lithuania,LTU,..
2001,YR2001,Luxembourg,LUX,..
2001,YR2001,"Macao SAR, China",MAC,..
2001,YR2001,Madagascar,MDG,23.7806046105071
2001,YR2001,Malawi,MWI,15.4699702662476
2001,YR2001,Malaysia,MYS,..
2001,YR2001,Maldives,MDV,..
2001,YR2001,Mali,MLI,..
2001,YR2001,Malta,MLT,..
2001,YR2001,Marshall Islands,MHL,..
2001,YR2001,Mauritania,MRT,..
2001,YR2001,Mauritius,MUS,..
2001,YR2001,Mexico,MEX,..
2001,YR2001,"Micronesia, Fed. Sts.",FSM,..
2001,YR2001,Moldova,MDA,..
2001,YR2001,Monaco,MCO,..
2001,YR2001,Mongolia,MNG,..
2001,YR2001,Montenegro,MNE,..
2001,YR2001,Morocco,MAR,..
2001,YR2001,Mozambique,MOZ,..
2001,YR2001,Myanmar,MMR,..
2001,YR2001,Namibia,NAM,..
2001,YR2001,Nauru,NRU,..
2001,YR2001,Nepal,NPL,..
2001,YR2001,Netherlands,NLD,..
2001,YR2001,New Caledonia,NCL,..
2001,YR2001,New Zealand,NZL,..
2001,YR2001,Nicaragua,NIC,..
2001,YR2001,Niger,NER,6.04173252941204
2001,YR2001,Nigeria,NGA,..
2001,YR2001,North Macedonia,MKD,..
2001,YR2001,Northern Mariana Islands,MNP,..
2001,YR2001,Norway,NOR,..
2001,YR2001,Oman,OMN,..
2001,YR2001,Pakistan,PAK,..
2001,YR2001,Palau,PLW,..
2001,YR2001,Panama,PAN,..
2001,YR2001,Papua New Guinea,PNG,..
2001,YR2001,Paraguay,PRY,..
2001,YR2001,Peru,PER,..
2001,YR2001,Philippines,PHL,..
2001,YR2001,Poland,POL,..
2001,YR2001,Portugal,PRT,..
2001,YR2001,Puerto Rico,PRI,..
2001,YR2001,Qatar,QAT,..
2001,YR2001,Romania,ROU,..
2001,YR2001,Russian Federation,RUS,..
2001,YR2001,Rwanda,RWA,..
2001,YR2001,Samoa,WSM,..
2001,YR2001,San Marino,SMR,..
2001,YR2001,Sao Tome and Principe,STP,..
2001,YR2001,Saudi Arabia,SAU,..
2001,YR2001,Senegal,SEN,..
2001,YR2001,Serbia,SRB,..
2001,YR2001,Seychelles,SYC,..
2001,YR2001,Sierra Leone,SLE,..
2001,YR2001,Singapore,SGP,..
2001,YR2001,Sint Maarten (Dutch part),SXM,..
2001,YR2001,Slovak Republic,SVK,..
2001,YR2001,Slovenia,SVN,..
2001,YR2001,Solomon Islands,SLB,..
2001,YR2001,Somalia,SOM,..
2001,YR2001,South Africa,ZAF,..
2001,YR2001,South Sudan,SSD,..
2001,YR2001,Spain,ESP,..
2001,YR2001,Sri Lanka,LKA,..
2001,YR2001,St. Kitts and Nevis,KNA,..
2001,YR2001,St. Lucia,LCA,..
2001,YR2001,St. Martin (French part),MAF,..
2001,YR2001,St. Vincent and the Grenadines,VCT,..
2001,YR2001,Sudan,SDN,..
2001,YR2001,Suriname,SUR,..
2001,YR2001,Sweden,SWE,..
2001,YR2001,Switzerland,CHE,..
2001,YR2001,Syrian Arab Republic,SYR,..
2001,YR2001,Tajikistan,TJK,..
2001,YR2001,Tanzania,TZA,..
2001,YR2001,Thailand,THA,..
2001,YR2001,Timor-Leste,TLS,..
2001,YR2001,Togo,TGO,..
2001,YR2001,Tonga,TON,..
2001,YR2001,Trinidad and Tobago,TTO,..
2001,YR2001,Tunisia,TUN,..
2001,YR2001,Turkiye,TUR,..
2001,YR2001,Turkmenistan,TKM,72.5803787915055
2001,YR2001,Turks and Caicos Islands,TCA,..
2001,YR2001,Tuvalu,TUV,..
2001,YR2001,Uganda,UGA,2.86621564365015
2001,YR2001,Ukraine,UKR,..
2001,YR2001,United Arab Emirates,ARE,..
2001,YR2001,United Kingdom,GBR,..
2001,YR2001,United States,USA,..
2001,YR2001,Uruguay,URY,..
2001,YR2001,Uzbekistan,UZB,..
2001,YR2001,Vanuatu,VUT,..
2001,YR2001,"Venezuela, RB",VEN,..
2001,YR2001,Viet Nam,VNM,..
2001,YR2001,Virgin Islands (U.S.),VIR,..
2001,YR2001,West Bank and Gaza,PSE,..
2001,YR2001,"Yemen, Rep.",YEM,..
2001,YR2001,Zambia,ZMB,..
2001,YR2001,Zimbabwe,ZWE,..
2002,YR2002,Africa Eastern and Southern,AFE,..
2002,YR2002,Africa Western and Central,AFW,..
2002,YR2002,Arab World,ARB,..
2002,YR2002,Caribbean small states,CSS,..
2002,YR2002,Central Europe and the Baltics,CEB,..
2002,YR2002,Early-demographic dividend,EAR,..
2002,YR2002,East Asia & Pacific,EAS,..
2002,YR2002,East Asia & Pacific (excluding high income),EAP,..
2002,YR2002,East Asia & Pacific (IDA & IBRD countries),TEA,..
2002,YR2002,Euro area,EMU,..
2002,YR2002,Europe & Central Asia,ECS,..
2002,YR2002,Europe & Central Asia (excluding high income),ECA,..
2002,YR2002,Europe & Central Asia (IDA & IBRD countries),TEC,..
2002,YR2002,European Union,EUU,..
2002,YR2002,Fragile and conflict affected situations,FCS,..
2002,YR2002,Heavily indebted poor countries (HIPC),HPC,..
2002,YR2002,High income,HIC,..
2002,YR2002,IBRD only,IBD,..
2002,YR2002,IDA & IBRD total,IBT,..
2002,YR2002,IDA blend,IDB,..
2002,YR2002,IDA only,IDX,..
2002,YR2002,IDA total,IDA,..
2002,YR2002,Late-demographic dividend,LTE,..
2002,YR2002,Latin America & Caribbean,LCN,..
2002,YR2002,Latin America & Caribbean (excluding high income),LAC,..
2002,YR2002,Latin America & the Caribbean (IDA & IBRD countries),TLA,..
2002,YR2002,Least developed countries: UN classification,LDC,..
2002,YR2002,Low & middle income,LMY,..
2002,YR2002,Low income,LIC,..
2002,YR2002,Lower middle income,LMC,..
2002,YR2002,Middle East & North Africa,MEA,..
2002,YR2002,Middle East & North Africa (excluding high income),MNA,..
2002,YR2002,Middle East & North Africa (IDA & IBRD countries),TMN,..
2002,YR2002,Middle income,MIC,..
2002,YR2002,North America,NAC,..
2002,YR2002,Not classified,INX,..
2002,YR2002,OECD members,OED,..
2002,YR2002,Other small states,OSS,..
2002,YR2002,Pacific island small states,PSS,..
2002,YR2002,Post-demographic dividend,PST,..
2002,YR2002,Pre-demographic dividend,PRE,..
2002,YR2002,Small states,SST,..
2002,YR2002,South Asia,SAS,..
2002,YR2002,South Asia (IDA & IBRD),TSA,..
2002,YR2002,Sub-Saharan Africa,SSF,..
2002,YR2002,Sub-Saharan Africa (excluding high income),SSA,..
2002,YR2002,Sub-Saharan Africa (IDA & IBRD countries),TSS,..
2002,YR2002,Upper middle income,UMC,..
2002,YR2002,World,WLD,..
2002,YR2002,Afghanistan,AFG,..
2002,YR2002,Albania,ALB,..
2002,YR2002,Algeria,DZA,..
2002,YR2002,American Samoa,ASM,..
2002,YR2002,Andorra,AND,..
2002,YR2002,Angola,AGO,..
2002,YR2002,Antigua and Barbuda,ATG,..
2002,YR2002,Argentina,ARG,..
2002,YR2002,Armenia,ARM,84.4217744013322
2002,YR2002,Aruba,ABW,..
2002,YR2002,Australia,AUS,..
2002,YR2002,Austria,AUT,..
2002,YR2002,Azerbaijan,AZE,..
2002,YR2002,"Bahamas, The",BHS,..
2002,YR2002,Bahrain,BHR,..
2002,YR2002,Bangladesh,BGD,..
2002,YR2002,Barbados,BRB,..
2002,YR2002,Belarus,BLR,..
2002,YR2002,Belgium,BEL,..
2002,YR2002,Belize,BLZ,..
2002,YR2002,Benin,BEN,2.17017907639506
2002,YR2002,Bermuda,BMU,..
2002,YR2002,Bhutan,BTN,..
2002,YR2002,Bolivia,BOL,..
2002,YR2002,Bosnia and Herzegovina,BIH,..
2002,YR2002,Botswana,BWA,..
2002,YR2002,Brazil,BRA,..
2002,YR2002,British Virgin Islands,VGB,..
2002,YR2002,Brunei Darussalam,BRN,..
2002,YR2002,Bulgaria,BGR,..
2002,YR2002,Burkina Faso,BFA,7.43545199661276
2002,YR2002,Burundi,BDI,..
2002,YR2002,Cabo Verde,CPV,..
2002,YR2002,Cambodia,KHM,..
2002,YR2002,Cameroon,CMR,..
2002,YR2002,Canada,CAN,..
2002,YR2002,Cayman Islands,CYM,..
2002,YR2002,Central African Republic,CAF,..
2002,YR2002,Chad,TCD,..
2002,YR2002,Channel Islands,CHI,..
2002,YR2002,Chile,CHL,..
2002,YR2002,China,CHN,..
2002,YR2002,Colombia,COL,..
2002,YR2002,Comoros,COM,..
2002,YR2002,"Congo, Dem. Rep.",COD,..
2002,YR2002,"Congo, Rep.",COG,..
2002,YR2002,Costa Rica,CRI,..
2002,YR2002,Cote d'Ivoire,CIV,..
2002,YR2002,Croatia,HRV,..
2002,YR2002,Cuba,CUB,..
2002,YR2002,Curacao,CUW,..
2002,YR2002,Cyprus,CYP,..
2002,YR2002,Czechia,CZE,..
2002,YR2002,Denmark,DNK,..
2002,YR2002,Djibouti,DJI,..
2002,YR2002,Dominica,DMA,..
2002,YR2002,Dominican Republic,DOM,..
2002,YR2002,Ecuador,ECU,..
2002,YR2002,"Egypt, Arab Rep.",EGY,69.0480514749255
2002,YR2002,El Salvador,SLV,..
2002,YR2002,Equatorial Guinea,GNQ,..
2002,YR2002,Eritrea,ERI,..
2002,YR2002,Estonia,EST,..
2002,YR2002,Eswatini,SWZ,..
2002,YR2002,Ethiopia,ETH,..
2002,YR2002,Faroe Islands,FRO,..
2002,YR2002,Fiji,FJI,..
2002,YR2002,Finland,FIN,..
2002,YR2002,France,FRA,..
2002,YR2002,French Polynesia,PYF,..
2002,YR2002,Gabon,GAB,..
2002,YR2002,"Gambia, The",GMB,..
2002,YR2002,Georgia,GEO,..
2002,YR2002,Germany,DEU,..
2002,YR2002,Ghana,GHA,..
2002,YR2002,Gibraltar,GIB,..
2002,YR2002,Greece,GRC,..
2002,YR2002,Greenland,GRL,..
2002,YR2002,Grenada,GRD,..
2002,YR2002,Guam,GUM,..
2002,YR2002,Guatemala,GTM,..
2002,YR2002,Guinea,GIN,..
2002,YR2002,Guinea-Bissau,GNB,..
2002,YR2002,Guyana,GUY,..
2002,YR2002,Haiti,HTI,..
2002,YR2002,Honduras,HND,..
2002,YR2002,"Hong Kong SAR, China",HKG,..
2002,YR2002,Hungary,HUN,..
2002,YR2002,Iceland,ISL,..
2002,YR2002,India,IND,..
2002,YR2002,Indonesia,IDN,..
2002,YR2002,"Iran, Islamic Rep.",IRN,..
2002,YR2002,Iraq,IRQ,..
2002,YR2002,Ireland,IRL,..
2002,YR2002,Isle of Man,IMN,..
2002,YR2002,Israel,ISR,..
2002,YR2002,Italy,ITA,..
2002,YR2002,Jamaica,JAM,..
2002,YR2002,Japan,JPN,..
2002,YR2002,Jordan,JOR,..
2002,YR2002,Kazakhstan,KAZ,..
2002,YR2002,Kenya,KEN,..
2002,YR2002,Kiribati,KIR,..
2002,YR2002,"Korea, Dem. People's Rep.",PRK,..
2002,YR2002,"Korea, Rep.",KOR,..
2002,YR2002,Kosovo,XKX,..
2002,YR2002,Kuwait,KWT,..
2002,YR2002,Kyrgyz Republic,KGZ,..
2002,YR2002,Lao PDR,LAO,..
2002,YR2002,Latvia,LVA,..
2002,YR2002,Lebanon,LBN,..
2002,YR2002,Lesotho,LSO,..
2002,YR2002,Liberia,LBR,..
2002,YR2002,Libya,LBY,..
2002,YR2002,Liechtenstein,LIE,..
2002,YR2002,Lithuania,LTU,..
2002,YR2002,Luxembourg,LUX,..
2002,YR2002,"Macao SAR, China",MAC,..
2002,YR2002,Madagascar,MDG,23.8527209414264
2002,YR2002,Malawi,MWI,15.4556386916142
2002,YR2002,Malaysia,MYS,..
2002,YR2002,Maldives,MDV,..
2002,YR2002,Mali,MLI,..
2002,YR2002,Malta,MLT,..
2002,YR2002,Marshall Islands,MHL,..
2002,YR2002,Mauritania,MRT,..
2002,YR2002,Mauritius,MUS,..
2002,YR2002,Mexico,MEX,..
2002,YR2002,"Micronesia, Fed. Sts.",FSM,..
2002,YR2002,Moldova,MDA,..
2002,YR2002,Monaco,MCO,..
2002,YR2002,Mongolia,MNG,..
2002,YR2002,Montenegro,MNE,..
2002,YR2002,Morocco,MAR,..
2002,YR2002,Mozambique,MOZ,..
2002,YR2002,Myanmar,MMR,..
2002,YR2002,Namibia,NAM,..
2002,YR2002,Nauru,NRU,..
2002,YR2002,Nepal,NPL,..
2002,YR2002,Netherlands,NLD,..
2002,YR2002,New Caledonia,NCL,..
2002,YR2002,New Zealand,NZL,..
2002,YR2002,Nicaragua,NIC,..
2002,YR2002,Niger,NER,6.0403793487111
2002,YR2002,Nigeria,NGA,..
2002,YR2002,North Macedonia,MKD,..
2002,YR2002,Northern Mariana Islands,MNP,..
2002,YR2002,Norway,NOR,..
2002,YR2002,Oman,OMN,..
2002,YR2002,Pakistan,PAK,..
2002,YR2002,Palau,PLW,..
2002,YR2002,Panama,PAN,..
2002,YR2002,Papua New Guinea,PNG,..
2002,YR2002,Paraguay,PRY,..
2002,YR2002,Peru,PER,..
2002,YR2002,Philippines,PHL,..
2002,YR2002,Poland,POL,..
2002,YR2002,Portugal,PRT,..
2002,YR2002,Puerto Rico,PRI,..
2002,YR2002,Qatar,QAT,..
2002,YR2002,Romania,ROU,..
2002,YR2002,Russian Federation,RUS,..
2002,YR2002,Rwanda,RWA,..
2002,YR2002,Samoa,WSM,..
2002,YR2002,San Marino,SMR,..
2002,YR2002,Sao Tome and Principe,STP,..
2002,YR2002,Saudi Arabia,SAU,..
2002,YR2002,Senegal,SEN,..
2002,YR2002,Serbia,SRB,..
2002,YR2002,Seychelles,SYC,..
2002,YR2002,Sierra Leone,SLE,..
2002,YR2002,Singapore,SGP,..
2002,YR2002,Sint Maarten (Dutch part),SXM,..
2002,YR2002,Slovak Republic,SVK,..
2002,YR2002,Slovenia,SVN,..
2002,YR2002,Solomon Islands,SLB,..
2002,YR2002,Somalia,SOM,..
2002,YR2002,South Africa,ZAF,..
2002,YR2002,South Sudan,SSD,..
2002,YR2002,Spain,ESP,..
2002,YR2002,Sri Lanka,LKA,..
2002,YR2002,St. Kitts and Nevis,KNA,..
2002,YR2002,St. Lucia,LCA,..
2002,YR2002,St. Martin (French part),MAF,..
2002,YR2002,St. Vincent and the Grenadines,VCT,..
2002,YR2002,Sudan,SDN,..
2002,YR2002,Suriname,SUR,..
2002,YR2002,Sweden,SWE,..
2002,YR2002,Switzerland,CHE,..
2002,YR2002,Syrian Arab Republic,SYR,..
2002,YR2002,Tajikistan,TJK,..
2002,YR2002,Tanzania,TZA,..
2002,YR2002,Thailand,THA,..
2002,YR2002,Timor-Leste,TLS,..
2002,YR2002,Togo,TGO,..
2002,YR2002,Tonga,TON,..
2002,YR2002,Trinidad and Tobago,TTO,..
2002,YR2002,Tunisia,TUN,..
2002,YR2002,Turkiye,TUR,..
2002,YR2002,Turkmenistan,TKM,74.4092269383693
2002,YR2002,Turks and Caicos Islands,TCA,..
2002,YR2002,Tuvalu,TUV,..
2002,YR2002,Uganda,UGA,4.11569206616851
2002,YR2002,Ukraine,UKR,..
2002,YR2002,United Arab Emirates,ARE,..
2002,YR2002,United Kingdom,GBR,..
2002,YR2002,United States,USA,..
2002,YR2002,Uruguay,URY,..
2002,YR2002,Uzbekistan,UZB,..
2002,YR2002,Vanuatu,VUT,..
2002,YR2002,"Venezuela, RB",VEN,..
2002,YR2002,Viet Nam,VNM,..
2002,YR2002,Virgin Islands (U.S.),VIR,..
2002,YR2002,West Bank and Gaza,PSE,..
2002,YR2002,"Yemen, Rep.",YEM,..
2002,YR2002,Zambia,ZMB,..
2002,YR2002,Zimbabwe,ZWE,..
2003,YR2003,Africa Eastern and Southern,AFE,..
2003,YR2003,Africa Western and Central,AFW,..
2003,YR2003,Arab World,ARB,..
2003,YR2003,Caribbean small states,CSS,..
2003,YR2003,Central Europe and the Baltics,CEB,..
2003,YR2003,Early-demographic dividend,EAR,..
2003,YR2003,East Asia & Pacific,EAS,..
2003,YR2003,East Asia & Pacific (excluding high income),EAP,..
2003,YR2003,East Asia & Pacific (IDA & IBRD countries),TEA,..
2003,YR2003,Euro area,EMU,..
2003,YR2003,Europe & Central Asia,ECS,..
2003,YR2003,Europe & Central Asia (excluding high income),ECA,..
2003,YR2003,Europe & Central Asia (IDA & IBRD countries),TEC,..
2003,YR2003,European Union,EUU,..
2003,YR2003,Fragile and conflict affected situations,FCS,..
2003,YR2003,Heavily indebted poor countries (HIPC),HPC,..
2003,YR2003,High income,HIC,..
2003,YR2003,IBRD only,IBD,..
2003,YR2003,IDA & IBRD total,IBT,..
2003,YR2003,IDA blend,IDB,..
2003,YR2003,IDA only,IDX,..
2003,YR2003,IDA total,IDA,..
2003,YR2003,Late-demographic dividend,LTE,..
2003,YR2003,Latin America & Caribbean,LCN,..
2003,YR2003,Latin America & Caribbean (excluding high income),LAC,..
2003,YR2003,Latin America & the Caribbean (IDA & IBRD countries),TLA,..
2003,YR2003,Least developed countries: UN classification,LDC,..
2003,YR2003,Low & middle income,LMY,..
2003,YR2003,Low income,LIC,..
2003,YR2003,Lower middle income,LMC,..
2003,YR2003,Middle East & North Africa,MEA,..
2003,YR2003,Middle East & North Africa (excluding high income),MNA,..
2003,YR2003,Middle East & North Africa (IDA & IBRD countries),TMN,..
2003,YR2003,Middle income,MIC,..
2003,YR2003,North America,NAC,..
2003,YR2003,Not classified,INX,..
2003,YR2003,OECD members,OED,..
2003,YR2003,Other small states,OSS,..
2003,YR2003,Pacific island small states,PSS,..
2003,YR2003,Post-demographic dividend,PST,..
2003,YR2003,Pre-demographic dividend,PRE,..
2003,YR2003,Small states,SST,..
2003,YR2003,South Asia,SAS,..
2003,YR2003,South Asia (IDA & IBRD),TSA,..
2003,YR2003,Sub-Saharan Africa,SSF,..
2003,YR2003,Sub-Saharan Africa (excluding high income),SSA,..
2003,YR2003,Sub-Saharan Africa (IDA & IBRD countries),TSS,..
2003,YR2003,Upper middle income,UMC,..
2003,YR2003,World,WLD,..
2003,YR2003,Afghanistan,AFG,..
2003,YR2003,Albania,ALB,..
2003,YR2003,Algeria,DZA,..
2003,YR2003,American Samoa,ASM,..
2003,YR2003,Andorra,AND,..
2003,YR2003,Angola,AGO,..
2003,YR2003,Antigua and Barbuda,ATG,..
2003,YR2003,Argentina,ARG,..
2003,YR2003,Armenia,ARM,85.0449204937589
2003,YR2003,Aruba,ABW,..
2003,YR2003,Australia,AUS,..
2003,YR2003,Austria,AUT,..
2003,YR2003,Azerbaijan,AZE,..
2003,YR2003,"Bahamas, The",BHS,..
2003,YR2003,Bahrain,BHR,..
2003,YR2003,Bangladesh,BGD,..
2003,YR2003,Barbados,BRB,..
2003,YR2003,Belarus,BLR,..
2003,YR2003,Belgium,BEL,..
2003,YR2003,Belize,BLZ,..
2003,YR2003,Benin,BEN,2.70069038351208
2003,YR2003,Bermuda,BMU,..
2003,YR2003,Bhutan,BTN,..
2003,YR2003,Bolivia,BOL,..
2003,YR2003,Bosnia and Herzegovina,BIH,..
2003,YR2003,Botswana,BWA,..
2003,YR2003,Brazil,BRA,..
2003,YR2003,British Virgin Islands,VGB,..
2003,YR2003,Brunei Darussalam,BRN,..
2003,YR2003,Bulgaria,BGR,..
2003,YR2003,Burkina Faso,BFA,7.60441121133297
2003,YR2003,Burundi,BDI,..
2003,YR2003,Cabo Verde,CPV,..
2003,YR2003,Cambodia,KHM,..
2003,YR2003,Cameroon,CMR,..
2003,YR2003,Canada,CAN,..
2003,YR2003,Cayman Islands,CYM,..
2003,YR2003,Central African Republic,CAF,..
2003,YR2003,Chad,TCD,..
2003,YR2003,Channel Islands,CHI,..
2003,YR2003,Chile,CHL,..
2003,YR2003,China,CHN,..
2003,YR2003,Colombia,COL,..
2003,YR2003,Comoros,COM,..
2003,YR2003,"Congo, Dem. Rep.",COD,..
2003,YR2003,"Congo, Rep.",COG,..
2003,YR2003,Costa Rica,CRI,..
2003,YR2003,Cote d'Ivoire,CIV,..
2003,YR2003,Croatia,HRV,..
2003,YR2003,Cuba,CUB,..
2003,YR2003,Curacao,CUW,..
2003,YR2003,Cyprus,CYP,..
2003,YR2003,Czechia,CZE,..
2003,YR2003,Denmark,DNK,..
2003,YR2003,Djibouti,DJI,..
2003,YR2003,Dominica,DMA,..
2003,YR2003,Dominican Republic,DOM,..
2003,YR2003,Ecuador,ECU,..
2003,YR2003,"Egypt, Arab Rep.",EGY,70.5465458824676
2003,YR2003,El Salvador,SLV,..
2003,YR2003,Equatorial Guinea,GNQ,..
2003,YR2003,Eritrea,ERI,..
2003,YR2003,Estonia,EST,..
2003,YR2003,Eswatini,SWZ,..
2003,YR2003,Ethiopia,ETH,..
2003,YR2003,Faroe Islands,FRO,..
2003,YR2003,Fiji,FJI,..
2003,YR2003,Finland,FIN,..
2003,YR2003,France,FRA,..
2003,YR2003,French Polynesia,PYF,..
2003,YR2003,Gabon,GAB,..
2003,YR2003,"Gambia, The",GMB,..
2003,YR2003,Georgia,GEO,..
2003,YR2003,Germany,DEU,..
2003,YR2003,Ghana,GHA,..
2003,YR2003,Gibraltar,GIB,..
2003,YR2003,Greece,GRC,..
2003,YR2003,Greenland,GRL,..
2003,YR2003,Grenada,GRD,..
2003,YR2003,Guam,GUM,..
2003,YR2003,Guatemala,GTM,..
2003,YR2003,Guinea,GIN,..
2003,YR2003,Guinea-Bissau,GNB,..
2003,YR2003,Guyana,GUY,..
2003,YR2003,Haiti,HTI,..
2003,YR2003,Honduras,HND,..
2003,YR2003,"Hong Kong SAR, China",HKG,..
2003,YR2003,Hungary,HUN,..
2003,YR2003,Iceland,ISL,..
2003,YR2003,India,IND,..
2003,YR2003,Indonesia,IDN,..
2003,YR2003,"Iran, Islamic Rep.",IRN,..
2003,YR2003,Iraq,IRQ,..
2003,YR2003,Ireland,IRL,..
2003,YR2003,Isle of Man,IMN,..
2003,YR2003,Israel,ISR,..
2003,YR2003,Italy,ITA,..
2003,YR2003,Jamaica,JAM,..
2003,YR2003,Japan,JPN,..
2003,YR2003,Jordan,JOR,..
2003,YR2003,Kazakhstan,KAZ,..
2003,YR2003,Kenya,KEN,..
2003,YR2003,Kiribati,KIR,..
2003,YR2003,"Korea, Dem. People's Rep.",PRK,..
2003,YR2003,"Korea, Rep.",KOR,..
2003,YR2003,Kosovo,XKX,..
2003,YR2003,Kuwait,KWT,..
2003,YR2003,Kyrgyz Republic,KGZ,..
2003,YR2003,Lao PDR,LAO,..
2003,YR2003,Latvia,LVA,..
2003,YR2003,Lebanon,LBN,..
2003,YR2003,Lesotho,LSO,..
2003,YR2003,Liberia,LBR,..
2003,YR2003,Libya,LBY,..
2003,YR2003,Liechtenstein,LIE,..
2003,YR2003,Lithuania,LTU,..
2003,YR2003,Luxembourg,LUX,..
2003,YR2003,"Macao SAR, China",MAC,..
2003,YR2003,Madagascar,MDG,23.7773907860889
2003,YR2003,Malawi,MWI,15.4411136035549
2003,YR2003,Malaysia,MYS,..
2003,YR2003,Maldives,MDV,..
2003,YR2003,Mali,MLI,..
2003,YR2003,Malta,MLT,..
2003,YR2003,Marshall Islands,MHL,..
2003,YR2003,Mauritania,MRT,..
2003,YR2003,Mauritius,MUS,..
2003,YR2003,Mexico,MEX,..
2003,YR2003,"Micronesia, Fed. Sts.",FSM,..
2003,YR2003,Moldova,MDA,..
2003,YR2003,Monaco,MCO,..
2003,YR2003,Mongolia,MNG,..
2003,YR2003,Montenegro,MNE,..
2003,YR2003,Morocco,MAR,..
2003,YR2003,Mozambique,MOZ,..
2003,YR2003,Myanmar,MMR,..
2003,YR2003,Namibia,NAM,..
2003,YR2003,Nauru,NRU,..
2003,YR2003,Nepal,NPL,..
2003,YR2003,Netherlands,NLD,..
2003,YR2003,New Caledonia,NCL,..
2003,YR2003,New Zealand,NZL,..
2003,YR2003,Nicaragua,NIC,..
2003,YR2003,Niger,NER,6.03929626376556
2003,YR2003,Nigeria,NGA,..
2003,YR2003,North Macedonia,MKD,..
2003,YR2003,Northern Mariana Islands,MNP,..
2003,YR2003,Norway,NOR,..
2003,YR2003,Oman,OMN,..
2003,YR2003,Pakistan,PAK,..
2003,YR2003,Palau,PLW,..
2003,YR2003,Panama,PAN,..
2003,YR2003,Papua New Guinea,PNG,..
2003,YR2003,Paraguay,PRY,..
2003,YR2003,Peru,PER,..
2003,YR2003,Philippines,PHL,..
2003,YR2003,Poland,POL,..
2003,YR2003,Portugal,PRT,..
2003,YR2003,Puerto Rico,PRI,..
2003,YR2003,Qatar,QAT,..
2003,YR2003,Romania,ROU,..
2003,YR2003,Russian Federation,RUS,..
2003,YR2003,Rwanda,RWA,1.15839757926285
2003,YR2003,Samoa,WSM,..
2003,YR2003,San Marino,SMR,..
2003,YR2003,Sao Tome and Principe,STP,..
2003,YR2003,Saudi Arabia,SAU,..
2003,YR2003,Senegal,SEN,..
2003,YR2003,Serbia,SRB,..
2003,YR2003,Seychelles,SYC,..
2003,YR2003,Sierra Leone,SLE,..
2003,YR2003,Singapore,SGP,..
2003,YR2003,Sint Maarten (Dutch part),SXM,..
2003,YR2003,Slovak Republic,SVK,..
2003,YR2003,Slovenia,SVN,..
2003,YR2003,Solomon Islands,SLB,..
2003,YR2003,Somalia,SOM,..
2003,YR2003,South Africa,ZAF,..
2003,YR2003,South Sudan,SSD,..
2003,YR2003,Spain,ESP,..
2003,YR2003,Sri Lanka,LKA,..
2003,YR2003,St. Kitts and Nevis,KNA,..
2003,YR2003,St. Lucia,LCA,..
2003,YR2003,St. Martin (French part),MAF,..
2003,YR2003,St. Vincent and the Grenadines,VCT,..
2003,YR2003,Sudan,SDN,..
2003,YR2003,Suriname,SUR,..
2003,YR2003,Sweden,SWE,..
2003,YR2003,Switzerland,CHE,..
2003,YR2003,Syrian Arab Republic,SYR,..
2003,YR2003,Tajikistan,TJK,..
2003,YR2003,Tanzania,TZA,..
2003,YR2003,Thailand,THA,..
2003,YR2003,Timor-Leste,TLS,..
2003,YR2003,Togo,TGO,..
2003,YR2003,Tonga,TON,..
2003,YR2003,Trinidad and Tobago,TTO,..
2003,YR2003,Tunisia,TUN,..
2003,YR2003,Turkiye,TUR,..
2003,YR2003,Turkmenistan,TKM,76.2320200482139
2003,YR2003,Turks and Caicos Islands,TCA,..
2003,YR2003,Tuvalu,TUV,..
2003,YR2003,Uganda,UGA,5.37237233572651
2003,YR2003,Ukraine,UKR,..
2003,YR2003,United Arab Emirates,ARE,..
2003,YR2003,United Kingdom,GBR,..
2003,YR2003,United States,USA,..
2003,YR2003,Uruguay,URY,..
2003,YR2003,Uzbekistan,UZB,..
2003,YR2003,Vanuatu,VUT,..
2003,YR2003,"Venezuela, RB",VEN,..
2003,YR2003,Viet Nam,VNM,..
2003,YR2003,Virgin Islands (U.S.),VIR,..
2003,YR2003,West Bank and Gaza,PSE,..
2003,YR2003,"Yemen, Rep.",YEM,..
2003,YR2003,Zambia,ZMB,..
2003,YR2003,Zimbabwe,ZWE,..
2004,YR2004,Africa Eastern and Southern,AFE,..
2004,YR2004,Africa Western and Central,AFW,..
2004,YR2004,Arab World,ARB,..
2004,YR2004,Caribbean small states,CSS,..
2004,YR2004,Central Europe and the Baltics,CEB,..
2004,YR2004,Early-demographic dividend,EAR,..
2004,YR2004,East Asia & Pacific,EAS,..
2004,YR2004,East Asia & Pacific (excluding high income),EAP,..
2004,YR2004,East Asia & Pacific (IDA & IBRD countries),TEA,..
2004,YR2004,Euro area,EMU,..
2004,YR2004,Europe & Central Asia,ECS,..
2004,YR2004,Europe & Central Asia (excluding high income),ECA,..
2004,YR2004,Europe & Central Asia (IDA & IBRD countries),TEC,..
2004,YR2004,European Union,EUU,..
2004,YR2004,Fragile and conflict affected situations,FCS,..
2004,YR2004,Heavily indebted poor countries (HIPC),HPC,..
2004,YR2004,High income,HIC,..
2004,YR2004,IBRD only,IBD,..
2004,YR2004,IDA & IBRD total,IBT,..
2004,YR2004,IDA blend,IDB,..
2004,YR2004,IDA only,IDX,..
2004,YR2004,IDA total,IDA,..
2004,YR2004,Late-demographic dividend,LTE,..
2004,YR2004,Latin America & Caribbean,LCN,..
2004,YR2004,Latin America & Caribbean (excluding high income),LAC,..
2004,YR2004,Latin America & the Caribbean (IDA & IBRD countries),TLA,..
2004,YR2004,Least developed countries: UN classification,LDC,..
2004,YR2004,Low & middle income,LMY,..
2004,YR2004,Low income,LIC,..
2004,YR2004,Lower middle income,LMC,..
2004,YR2004,Middle East & North Africa,MEA,..
2004,YR2004,Middle East & North Africa (excluding high income),MNA,..
2004,YR2004,Middle East & North Africa (IDA & IBRD countries),TMN,..
2004,YR2004,Middle income,MIC,..
2004,YR2004,North America,NAC,..
2004,YR2004,Not classified,INX,..
2004,YR2004,OECD members,OED,..
2004,YR2004,Other small states,OSS,..
2004,YR2004,Pacific island small states,PSS,..
2004,YR2004,Post-demographic dividend,PST,..
2004,YR2004,Pre-demographic dividend,PRE,..
2004,YR2004,Small states,SST,..
2004,YR2004,South Asia,SAS,..
2004,YR2004,South Asia (IDA & IBRD),TSA,..
2004,YR2004,Sub-Saharan Africa,SSF,..
2004,YR2004,Sub-Saharan Africa (excluding high income),SSA,..
2004,YR2004,Sub-Saharan Africa (IDA & IBRD countries),TSS,..
2004,YR2004,Upper middle income,UMC,..
2004,YR2004,World,WLD,..
2004,YR2004,Afghanistan,AFG,..
2004,YR2004,Albania,ALB,..
2004,YR2004,Algeria,DZA,..
2004,YR2004,American Samoa,ASM,..
2004,YR2004,Andorra,AND,..
2004,YR2004,Angola,AGO,..
2004,YR2004,Antigua and Barbuda,ATG,..
2004,YR2004,Argentina,ARG,..
2004,YR2004,Armenia,ARM,85.6704413277008
2004,YR2004,Aruba,ABW,..
2004,YR2004,Australia,AUS,..
2004,YR2004,Austria,AUT,..
2004,YR2004,Azerbaijan,AZE,..
2004,YR2004,"Bahamas, The",BHS,..
2004,YR2004,Bahrain,BHR,..
2004,YR2004,Bangladesh,BGD,..
2004,YR2004,Barbados,BRB,..
2004,YR2004,Belarus,BLR,..
2004,YR2004,Belgium,BEL,..
2004,YR2004,Belize,BLZ,..
2004,YR2004,Benin,BEN,3.23320972290926
2004,YR2004,Bermuda,BMU,..
2004,YR2004,Bhutan,BTN,75.7900008329049
2004,YR2004,Bolivia,BOL,..
2004,YR2004,Bosnia and Herzegovina,BIH,..
2004,YR2004,Botswana,BWA,..
2004,YR2004,Brazil,BRA,..
2004,YR2004,British Virgin Islands,VGB,..
2004,YR2004,Brunei Darussalam,BRN,..
2004,YR2004,Bulgaria,BGR,..
2004,YR2004,Burkina Faso,BFA,7.76994060284371
2004,YR2004,Burundi,BDI,5.87483988713217
2004,YR2004,Cabo Verde,CPV,..
2004,YR2004,Cambodia,KHM,..
2004,YR2004,Cameroon,CMR,..
2004,YR2004,Canada,CAN,..
2004,YR2004,Cayman Islands,CYM,..
2004,YR2004,Central African Republic,CAF,15.7692290497357
2004,YR2004,Chad,TCD,14.6593879517688
2004,YR2004,Channel Islands,CHI,..
2004,YR2004,Chile,CHL,..
2004,YR2004,China,CHN,..
2004,YR2004,Colombia,COL,..
2004,YR2004,Comoros,COM,..
2004,YR2004,"Congo, Dem. Rep.",COD,..
2004,YR2004,"Congo, Rep.",COG,..
2004,YR2004,Costa Rica,CRI,..
2004,YR2004,Cote d'Ivoire,CIV,..
2004,YR2004,Croatia,HRV,..
2004,YR2004,Cuba,CUB,..
2004,YR2004,Curacao,CUW,..
2004,YR2004,Cyprus,CYP,..
2004,YR2004,Czechia,CZE,..
2004,YR2004,Denmark,DNK,..
2004,YR2004,Djibouti,DJI,..
2004,YR2004,Dominica,DMA,..
2004,YR2004,Dominican Republic,DOM,..
2004,YR2004,Ecuador,ECU,..
2004,YR2004,"Egypt, Arab Rep.",EGY,72.0433055381976
2004,YR2004,El Salvador,SLV,..
2004,YR2004,Equatorial Guinea,GNQ,..
2004,YR2004,Eritrea,ERI,..
2004,YR2004,Estonia,EST,..
2004,YR2004,Eswatini,SWZ,23.6870904454085
2004,YR2004,Ethiopia,ETH,..
2004,YR2004,Faroe Islands,FRO,..
2004,YR2004,Fiji,FJI,..
2004,YR2004,Finland,FIN,..
2004,YR2004,France,FRA,..
2004,YR2004,French Polynesia,PYF,..
2004,YR2004,Gabon,GAB,..
2004,YR2004,"Gambia, The",GMB,..
2004,YR2004,Georgia,GEO,..
2004,YR2004,Germany,DEU,..
2004,YR2004,Ghana,GHA,..
2004,YR2004,Gibraltar,GIB,..
2004,YR2004,Greece,GRC,..
2004,YR2004,Greenland,GRL,..
2004,YR2004,Grenada,GRD,..
2004,YR2004,Guam,GUM,..
2004,YR2004,Guatemala,GTM,..
2004,YR2004,Guinea,GIN,..
2004,YR2004,Guinea-Bissau,GNB,..
2004,YR2004,Guyana,GUY,..
2004,YR2004,Haiti,HTI,..
2004,YR2004,Honduras,HND,..
2004,YR2004,"Hong Kong SAR, China",HKG,..
2004,YR2004,Hungary,HUN,..
2004,YR2004,Iceland,ISL,..
2004,YR2004,India,IND,..
2004,YR2004,Indonesia,IDN,..
2004,YR2004,"Iran, Islamic Rep.",IRN,..
2004,YR2004,Iraq,IRQ,..
2004,YR2004,Ireland,IRL,..
2004,YR2004,Isle of Man,IMN,..
2004,YR2004,Israel,ISR,..
2004,YR2004,Italy,ITA,..
2004,YR2004,Jamaica,JAM,..
2004,YR2004,Japan,JPN,..
2004,YR2004,Jordan,JOR,..
2004,YR2004,Kazakhstan,KAZ,..
2004,YR2004,Kenya,KEN,..
2004,YR2004,Kiribati,KIR,..
2004,YR2004,"Korea, Dem. People's Rep.",PRK,..
2004,YR2004,"Korea, Rep.",KOR,..
2004,YR2004,Kosovo,XKX,..
2004,YR2004,Kuwait,KWT,..
2004,YR2004,Kyrgyz Republic,KGZ,..
2004,YR2004,Lao PDR,LAO,..
2004,YR2004,Latvia,LVA,..
2004,YR2004,Lebanon,LBN,..
2004,YR2004,Lesotho,LSO,..
2004,YR2004,Liberia,LBR,..
2004,YR2004,Libya,LBY,..
2004,YR2004,Liechtenstein,LIE,..
2004,YR2004,Lithuania,LTU,..
2004,YR2004,Luxembourg,LUX,..
2004,YR2004,"Macao SAR, China",MAC,..
2004,YR2004,Madagascar,MDG,23.7009736421669
2004,YR2004,Malawi,MWI,15.4261950891506
2004,YR2004,Malaysia,MYS,..
2004,YR2004,Maldives,MDV,..
2004,YR2004,Mali,MLI,..
2004,YR2004,Malta,MLT,..
2004,YR2004,Marshall Islands,MHL,..
2004,YR2004,Mauritania,MRT,..
2004,YR2004,Mauritius,MUS,..
2004,YR2004,Mexico,MEX,..
2004,YR2004,"Micronesia, Fed. Sts.",FSM,..
2004,YR2004,Moldova,MDA,..
2004,YR2004,Monaco,MCO,..
2004,YR2004,Mongolia,MNG,59.2183007798275
2004,YR2004,Montenegro,MNE,..
2004,YR2004,Morocco,MAR,..
2004,YR2004,Mozambique,MOZ,..
2004,YR2004,Myanmar,MMR,..
2004,YR2004,Namibia,NAM,..
2004,YR2004,Nauru,NRU,..
2004,YR2004,Nepal,NPL,..
2004,YR2004,Netherlands,NLD,..
2004,YR2004,New Caledonia,NCL,..
2004,YR2004,New Zealand,NZL,..
2004,YR2004,Nicaragua,NIC,..
2004,YR2004,Niger,NER,6.03821352526112
2004,YR2004,Nigeria,NGA,..
2004,YR2004,North Macedonia,MKD,..
2004,YR2004,Northern Mariana Islands,MNP,..
2004,YR2004,Norway,NOR,..
2004,YR2004,Oman,OMN,..
2004,YR2004,Pakistan,PAK,..
2004,YR2004,Palau,PLW,..
2004,YR2004,Panama,PAN,..
2004,YR2004,Papua New Guinea,PNG,..
2004,YR2004,Paraguay,PRY,..
2004,YR2004,Peru,PER,..
2004,YR2004,Philippines,PHL,..
2004,YR2004,Poland,POL,..
2004,YR2004,Portugal,PRT,..
2004,YR2004,Puerto Rico,PRI,..
2004,YR2004,Qatar,QAT,..
2004,YR2004,Romania,ROU,..
2004,YR2004,Russian Federation,RUS,..
2004,YR2004,Rwanda,RWA,1.59198173537512
2004,YR2004,Samoa,WSM,..
2004,YR2004,San Marino,SMR,..
2004,YR2004,Sao Tome and Principe,STP,..
2004,YR2004,Saudi Arabia,SAU,..
2004,YR2004,Senegal,SEN,..
2004,YR2004,Serbia,SRB,..
2004,YR2004,Seychelles,SYC,..
2004,YR2004,Sierra Leone,SLE,10.7227549421433
2004,YR2004,Singapore,SGP,..
2004,YR2004,Sint Maarten (Dutch part),SXM,..
2004,YR2004,Slovak Republic,SVK,..
2004,YR2004,Slovenia,SVN,..
2004,YR2004,Solomon Islands,SLB,..
2004,YR2004,Somalia,SOM,..
2004,YR2004,South Africa,ZAF,..
2004,YR2004,South Sudan,SSD,..
2004,YR2004,Spain,ESP,..
2004,YR2004,Sri Lanka,LKA,..
2004,YR2004,St. Kitts and Nevis,KNA,..
2004,YR2004,St. Lucia,LCA,..
2004,YR2004,St. Martin (French part),MAF,..
2004,YR2004,St. Vincent and the Grenadines,VCT,..
2004,YR2004,Sudan,SDN,..
2004,YR2004,Suriname,SUR,..
2004,YR2004,Sweden,SWE,..
2004,YR2004,Switzerland,CHE,..
2004,YR2004,Syrian Arab Republic,SYR,..
2004,YR2004,Tajikistan,TJK,..
2004,YR2004,Tanzania,TZA,..
2004,YR2004,Thailand,THA,..
2004,YR2004,Timor-Leste,TLS,..
2004,YR2004,Togo,TGO,7.41725232029604
2004,YR2004,Tonga,TON,..
2004,YR2004,Trinidad and Tobago,TTO,..
2004,YR2004,Tunisia,TUN,..
2004,YR2004,Turkiye,TUR,..
2004,YR2004,Turkmenistan,TKM,78.048757985027
2004,YR2004,Turks and Caicos Islands,TCA,..
2004,YR2004,Tuvalu,TUV,..
2004,YR2004,Uganda,UGA,6.63656847440678
2004,YR2004,Ukraine,UKR,..
2004,YR2004,United Arab Emirates,ARE,..
2004,YR2004,United Kingdom,GBR,..
2004,YR2004,United States,USA,..
2004,YR2004,Uruguay,URY,..
2004,YR2004,Uzbekistan,UZB,..
2004,YR2004,Vanuatu,VUT,..
2004,YR2004,"Venezuela, RB",VEN,..
2004,YR2004,Viet Nam,VNM,..
2004,YR2004,Virgin Islands (U.S.),VIR,..
2004,YR2004,West Bank and Gaza,PSE,..
2004,YR2004,"Yemen, Rep.",YEM,..
2004,YR2004,Zambia,ZMB,..
2004,YR2004,Zimbabwe,ZWE,..
2005,YR2005,Africa Eastern and Southern,AFE,..
2005,YR2005,Africa Western and Central,AFW,..
2005,YR2005,Arab World,ARB,..
2005,YR2005,Caribbean small states,CSS,..
2005,YR2005,Central Europe and the Baltics,CEB,..
2005,YR2005,Early-demographic dividend,EAR,..
2005,YR2005,East Asia & Pacific,EAS,..
2005,YR2005,East Asia & Pacific (excluding high income),EAP,..
2005,YR2005,East Asia & Pacific (IDA & IBRD countries),TEA,..
2005,YR2005,Euro area,EMU,..
2005,YR2005,Europe & Central Asia,ECS,..
2005,YR2005,Europe & Central Asia (excluding high income),ECA,..
2005,YR2005,Europe & Central Asia (IDA & IBRD countries),TEC,..
2005,YR2005,European Union,EUU,..
2005,YR2005,Fragile and conflict affected situations,FCS,..
2005,YR2005,Heavily indebted poor countries (HIPC),HPC,..
2005,YR2005,High income,HIC,..
2005,YR2005,IBRD only,IBD,..
2005,YR2005,IDA & IBRD total,IBT,..
2005,YR2005,IDA blend,IDB,..
2005,YR2005,IDA only,IDX,..
2005,YR2005,IDA total,IDA,..
2005,YR2005,Late-demographic dividend,LTE,..
2005,YR2005,Latin America & Caribbean,LCN,..
2005,YR2005,Latin America & Caribbean (excluding high income),LAC,..
2005,YR2005,Latin America & the Caribbean (IDA & IBRD countries),TLA,..
2005,YR2005,Least developed countries: UN classification,LDC,..
2005,YR2005,Low & middle income,LMY,..
2005,YR2005,Low income,LIC,..
2005,YR2005,Lower middle income,LMC,..
2005,YR2005,Middle East & North Africa,MEA,..
2005,YR2005,Middle East & North Africa (excluding high income),MNA,..
2005,YR2005,Middle East & North Africa (IDA & IBRD countries),TMN,..
2005,YR2005,Middle income,MIC,..
2005,YR2005,North America,NAC,..
2005,YR2005,Not classified,INX,..
2005,YR2005,OECD members,OED,..
2005,YR2005,Other small states,OSS,..
2005,YR2005,Pacific island small states,PSS,..
2005,YR2005,Post-demographic dividend,PST,..
2005,YR2005,Pre-demographic dividend,PRE,..
2005,YR2005,Small states,SST,..
2005,YR2005,South Asia,SAS,..
2005,YR2005,South Asia (IDA & IBRD),TSA,..
2005,YR2005,Sub-Saharan Africa,SSF,..
2005,YR2005,Sub-Saharan Africa (excluding high income),SSA,..
2005,YR2005,Sub-Saharan Africa (IDA & IBRD countries),TSS,..
2005,YR2005,Upper middle income,UMC,..
2005,YR2005,World,WLD,..
2005,YR2005,Afghanistan,AFG,36.2706858783946
2005,YR2005,Albania,ALB,..
2005,YR2005,Algeria,DZA,..
2005,YR2005,American Samoa,ASM,..
2005,YR2005,Andorra,AND,..
2005,YR2005,Angola,AGO,..
2005,YR2005,Antigua and Barbuda,ATG,..
2005,YR2005,Argentina,ARG,..
2005,YR2005,Armenia,ARM,86.2981267086116
2005,YR2005,Aruba,ABW,..
2005,YR2005,Australia,AUS,..
2005,YR2005,Austria,AUT,..
2005,YR2005,Azerbaijan,AZE,..
2005,YR2005,"Bahamas, The",BHS,..
2005,YR2005,Bahrain,BHR,..
2005,YR2005,Bangladesh,BGD,19.9605267494168
2005,YR2005,Barbados,BRB,..
2005,YR2005,Belarus,BLR,..
2005,YR2005,Belgium,BEL,..
2005,YR2005,Belize,BLZ,81.6774566074416
2005,YR2005,Benin,BEN,3.76763503193813
2005,YR2005,Bermuda,BMU,..
2005,YR2005,Bhutan,BTN,75.9586507535995
2005,YR2005,Bolivia,BOL,..
2005,YR2005,Bosnia and Herzegovina,BIH,..
2005,YR2005,Botswana,BWA,..
2005,YR2005,Brazil,BRA,..
2005,YR2005,British Virgin Islands,VGB,..
2005,YR2005,Brunei Darussalam,BRN,..
2005,YR2005,Bulgaria,BGR,..
2005,YR2005,Burkina Faso,BFA,7.93086587225856
2005,YR2005,Burundi,BDI,5.92306484788336
2005,YR2005,Cabo Verde,CPV,..
2005,YR2005,Cambodia,KHM,..
2005,YR2005,Cameroon,CMR,..
2005,YR2005,Canada,CAN,..
2005,YR2005,Cayman Islands,CYM,..
2005,YR2005,Central African Republic,CAF,15.7761606574793
2005,YR2005,Chad,TCD,14.6701272329231
2005,YR2005,Channel Islands,CHI,..
2005,YR2005,Chile,CHL,..
2005,YR2005,China,CHN,..
2005,YR2005,Colombia,COL,..
2005,YR2005,Comoros,COM,..
2005,YR2005,"Congo, Dem. Rep.",COD,..
2005,YR2005,"Congo, Rep.",COG,..
2005,YR2005,Costa Rica,CRI,83.3777406961323
2005,YR2005,Cote d'Ivoire,CIV,..
2005,YR2005,Croatia,HRV,..
2005,YR2005,Cuba,CUB,..
2005,YR2005,Curacao,CUW,..
2005,YR2005,Cyprus,CYP,..
2005,YR2005,Czechia,CZE,..
2005,YR2005,Denmark,DNK,..
2005,YR2005,Djibouti,DJI,..
2005,YR2005,Dominica,DMA,..
2005,YR2005,Dominican Republic,DOM,..
2005,YR2005,Ecuador,ECU,..
2005,YR2005,"Egypt, Arab Rep.",EGY,73.5383324002226
2005,YR2005,El Salvador,SLV,..
2005,YR2005,Equatorial Guinea,GNQ,..
2005,YR2005,Eritrea,ERI,..
2005,YR2005,Estonia,EST,..
2005,YR2005,Eswatini,SWZ,23.6472544993321
2005,YR2005,Ethiopia,ETH,..
2005,YR2005,Faroe Islands,FRO,..
2005,YR2005,Fiji,FJI,..
2005,YR2005,Finland,FIN,..
2005,YR2005,France,FRA,..
2005,YR2005,French Polynesia,PYF,..
2005,YR2005,Gabon,GAB,..
2005,YR2005,"Gambia, The",GMB,..
2005,YR2005,Georgia,GEO,..
2005,YR2005,Germany,DEU,..
2005,YR2005,Ghana,GHA,..
2005,YR2005,Gibraltar,GIB,..
2005,YR2005,Greece,GRC,..
2005,YR2005,Greenland,GRL,..
2005,YR2005,Grenada,GRD,..
2005,YR2005,Guam,GUM,..
2005,YR2005,Guatemala,GTM,..
2005,YR2005,Guinea,GIN,..
2005,YR2005,Guinea-Bissau,GNB,..
2005,YR2005,Guyana,GUY,..
2005,YR2005,Haiti,HTI,..
2005,YR2005,Honduras,HND,..
2005,YR2005,"Hong Kong SAR, China",HKG,..
2005,YR2005,Hungary,HUN,..
2005,YR2005,Iceland,ISL,..
2005,YR2005,India,IND,..
2005,YR2005,Indonesia,IDN,..
2005,YR2005,"Iran, Islamic Rep.",IRN,..
2005,YR2005,Iraq,IRQ,89.4731933077819
2005,YR2005,Ireland,IRL,..
2005,YR2005,Isle of Man,IMN,..
2005,YR2005,Israel,ISR,..
2005,YR2005,Italy,ITA,..
2005,YR2005,Jamaica,JAM,..
2005,YR2005,Japan,JPN,..
2005,YR2005,Jordan,JOR,..
2005,YR2005,Kazakhstan,KAZ,..
2005,YR2005,Kenya,KEN,..
2005,YR2005,Kiribati,KIR,..
2005,YR2005,"Korea, Dem. People's Rep.",PRK,..
2005,YR2005,"Korea, Rep.",KOR,..
2005,YR2005,Kosovo,XKX,..
2005,YR2005,Kuwait,KWT,..
2005,YR2005,Kyrgyz Republic,KGZ,..
2005,YR2005,Lao PDR,LAO,..
2005,YR2005,Latvia,LVA,..
2005,YR2005,Lebanon,LBN,..
2005,YR2005,Lesotho,LSO,..
2005,YR2005,Liberia,LBR,..
2005,YR2005,Libya,LBY,..
2005,YR2005,Liechtenstein,LIE,..
2005,YR2005,Lithuania,LTU,..
2005,YR2005,Luxembourg,LUX,..
2005,YR2005,"Macao SAR, China",MAC,..
2005,YR2005,Madagascar,MDG,23.7070094634772
2005,YR2005,Malawi,MWI,15.411075567238
2005,YR2005,Malaysia,MYS,..
2005,YR2005,Maldives,MDV,..
2005,YR2005,Mali,MLI,..
2005,YR2005,Malta,MLT,..
2005,YR2005,Marshall Islands,MHL,..
2005,YR2005,Mauritania,MRT,..
2005,YR2005,Mauritius,MUS,..
2005,YR2005,Mexico,MEX,..
2005,YR2005,"Micronesia, Fed. Sts.",FSM,..
2005,YR2005,Moldova,MDA,..
2005,YR2005,Monaco,MCO,..
2005,YR2005,Mongolia,MNG,59.6919640573015
2005,YR2005,Montenegro,MNE,..
2005,YR2005,Morocco,MAR,..
2005,YR2005,Mozambique,MOZ,..
2005,YR2005,Myanmar,MMR,..
2005,YR2005,Namibia,NAM,..
2005,YR2005,Nauru,NRU,..
2005,YR2005,Nepal,NPL,46.3638876484209
2005,YR2005,Netherlands,NLD,..
2005,YR2005,New Caledonia,NCL,..
2005,YR2005,New Zealand,NZL,..
2005,YR2005,Nicaragua,NIC,..
2005,YR2005,Niger,NER,7.12308700258153
2005,YR2005,Nigeria,NGA,..
2005,YR2005,North Macedonia,MKD,..
2005,YR2005,Northern Mariana Islands,MNP,..
2005,YR2005,Norway,NOR,..
2005,YR2005,Oman,OMN,..
2005,YR2005,Pakistan,PAK,..
2005,YR2005,Palau,PLW,..
2005,YR2005,Panama,PAN,..
2005,YR2005,Papua New Guinea,PNG,..
2005,YR2005,Paraguay,PRY,..
2005,YR2005,Peru,PER,..
2005,YR2005,Philippines,PHL,..
2005,YR2005,Poland,POL,..
2005,YR2005,Portugal,PRT,..
2005,YR2005,Puerto Rico,PRI,..
2005,YR2005,Qatar,QAT,..
2005,YR2005,Romania,ROU,..
2005,YR2005,Russian Federation,RUS,..
2005,YR2005,Rwanda,RWA,2.57474180121596
2005,YR2005,Samoa,WSM,..
2005,YR2005,San Marino,SMR,..
2005,YR2005,Sao Tome and Principe,STP,..
2005,YR2005,Saudi Arabia,SAU,..
2005,YR2005,Senegal,SEN,..
2005,YR2005,Serbia,SRB,..
2005,YR2005,Seychelles,SYC,..
2005,YR2005,Sierra Leone,SLE,10.7712688509366
2005,YR2005,Singapore,SGP,..
2005,YR2005,Sint Maarten (Dutch part),SXM,..
2005,YR2005,Slovak Republic,SVK,..
2005,YR2005,Slovenia,SVN,..
2005,YR2005,Solomon Islands,SLB,..
2005,YR2005,Somalia,SOM,..
2005,YR2005,South Africa,ZAF,..
2005,YR2005,South Sudan,SSD,..
2005,YR2005,Spain,ESP,..
2005,YR2005,Sri Lanka,LKA,..
2005,YR2005,St. Kitts and Nevis,KNA,..
2005,YR2005,St. Lucia,LCA,..
2005,YR2005,St. Martin (French part),MAF,..
2005,YR2005,St. Vincent and the Grenadines,VCT,..
2005,YR2005,Sudan,SDN,..
2005,YR2005,Suriname,SUR,..
2005,YR2005,Sweden,SWE,..
2005,YR2005,Switzerland,CHE,..
2005,YR2005,Syrian Arab Republic,SYR,..
2005,YR2005,Tajikistan,TJK,..
2005,YR2005,Tanzania,TZA,..
2005,YR2005,Thailand,THA,..
2005,YR2005,Timor-Leste,TLS,..
2005,YR2005,Togo,TGO,7.4902681978942
2005,YR2005,Tonga,TON,..
2005,YR2005,Trinidad and Tobago,TTO,..
2005,YR2005,Tunisia,TUN,..
2005,YR2005,Turkiye,TUR,..
2005,YR2005,Turkmenistan,TKM,79.8617514365197
2005,YR2005,Turks and Caicos Islands,TCA,..
2005,YR2005,Tuvalu,TUV,..
2005,YR2005,Uganda,UGA,7.90815468935611
2005,YR2005,Ukraine,UKR,..
2005,YR2005,United Arab Emirates,ARE,..
2005,YR2005,United Kingdom,GBR,..
2005,YR2005,United States,USA,..
2005,YR2005,Uruguay,URY,..
2005,YR2005,Uzbekistan,UZB,..
2005,YR2005,Vanuatu,VUT,..
2005,YR2005,"Venezuela, RB",VEN,..
2005,YR2005,Viet Nam,VNM,84.3164687645028
2005,YR2005,Virgin Islands (U.S.),VIR,..
2005,YR2005,West Bank and Gaza,PSE,..
2005,YR2005,"Yemen, Rep.",YEM,..
2005,YR2005,Zambia,ZMB,..
2005,YR2005,Zimbabwe,ZWE,..
2006,YR2006,Africa Eastern and Southern,AFE,..
2006,YR2006,Africa Western and Central,AFW,..
2006,YR2006,Arab World,ARB,..
2006,YR2006,Caribbean small states,CSS,..
2006,YR2006,Central Europe and the Baltics,CEB,..
2006,YR2006,Early-demographic dividend,EAR,..
2006,YR2006,East Asia & Pacific,EAS,..
2006,YR2006,East Asia & Pacific (excluding high income),EAP,..
2006,YR2006,East Asia & Pacific (IDA & IBRD countries),TEA,..
2006,YR2006,Euro area,EMU,..
2006,YR2006,Europe & Central Asia,ECS,..
2006,YR2006,Europe & Central Asia (excluding high income),ECA,..
2006,YR2006,Europe & Central Asia (IDA & IBRD countries),TEC,..
2006,YR2006,European Union,EUU,..
2006,YR2006,Fragile and conflict affected situations,FCS,..
2006,YR2006,Heavily indebted poor countries (HIPC),HPC,..
2006,YR2006,High income,HIC,..
2006,YR2006,IBRD only,IBD,..
2006,YR2006,IDA & IBRD total,IBT,..
2006,YR2006,IDA blend,IDB,..
2006,YR2006,IDA only,IDX,..
2006,YR2006,IDA total,IDA,..
2006,YR2006,Late-demographic dividend,LTE,..
2006,YR2006,Latin America & Caribbean,LCN,..
2006,YR2006,Latin America & Caribbean (excluding high income),LAC,..
2006,YR2006,Latin America & the Caribbean (IDA & IBRD countries),TLA,..
2006,YR2006,Least developed countries: UN classification,LDC,..
2006,YR2006,Low & middle income,LMY,..
2006,YR2006,Low income,LIC,..
2006,YR2006,Lower middle income,LMC,..
2006,YR2006,Middle East & North Africa,MEA,..
2006,YR2006,Middle East & North Africa (excluding high income),MNA,..
2006,YR2006,Middle East & North Africa (IDA & IBRD countries),TMN,..
2006,YR2006,Middle income,MIC,..
2006,YR2006,North America,NAC,..
2006,YR2006,Not classified,INX,..
2006,YR2006,OECD members,OED,..
2006,YR2006,Other small states,OSS,..
2006,YR2006,Pacific island small states,PSS,..
2006,YR2006,Post-demographic dividend,PST,..
2006,YR2006,Pre-demographic dividend,PRE,..
2006,YR2006,Small states,SST,..
2006,YR2006,South Asia,SAS,..
2006,YR2006,South Asia (IDA & IBRD),TSA,..
2006,YR2006,Sub-Saharan Africa,SSF,..
2006,YR2006,Sub-Saharan Africa (excluding high income),SSA,..
2006,YR2006,Sub-Saharan Africa (IDA & IBRD countries),TSS,..
2006,YR2006,Upper middle income,UMC,..
2006,YR2006,World,WLD,..
2006,YR2006,Afghanistan,AFG,36.3530638895669
2006,YR2006,Albania,ALB,..
2006,YR2006,Algeria,DZA,..
2006,YR2006,American Samoa,ASM,..
2006,YR2006,Andorra,AND,..
2006,YR2006,Angola,AGO,..
2006,YR2006,Antigua and Barbuda,ATG,..
2006,YR2006,Argentina,ARG,..
2006,YR2006,Armenia,ARM,86.9284175709383
2006,YR2006,Aruba,ABW,..
2006,YR2006,Australia,AUS,..
2006,YR2006,Austria,AUT,..
2006,YR2006,Azerbaijan,AZE,..
2006,YR2006,"Bahamas, The",BHS,..
2006,YR2006,Bahrain,BHR,..
2006,YR2006,Bangladesh,BGD,20.1840629714846
2006,YR2006,Barbados,BRB,..
2006,YR2006,Belarus,BLR,..
2006,YR2006,Belgium,BEL,..
2006,YR2006,Belize,BLZ,81.6783760615223
2006,YR2006,Benin,BEN,4.30403326947004
2006,YR2006,Bermuda,BMU,..
2006,YR2006,Bhutan,BTN,76.0701420399185
2006,YR2006,Bolivia,BOL,..
2006,YR2006,Bosnia and Herzegovina,BIH,..
2006,YR2006,Botswana,BWA,..
2006,YR2006,Brazil,BRA,..
2006,YR2006,British Virgin Islands,VGB,..
2006,YR2006,Brunei Darussalam,BRN,..
2006,YR2006,Bulgaria,BGR,..
2006,YR2006,Burkina Faso,BFA,8.08745192250301
2006,YR2006,Burundi,BDI,5.97251612125019
2006,YR2006,Cabo Verde,CPV,..
2006,YR2006,Cambodia,KHM,..
2006,YR2006,Cameroon,CMR,..
2006,YR2006,Canada,CAN,..
2006,YR2006,Cayman Islands,CYM,..
2006,YR2006,Central African Republic,CAF,15.7845050121036
2006,YR2006,Chad,TCD,14.6808666814643
2006,YR2006,Channel Islands,CHI,..
2006,YR2006,Chile,CHL,..
2006,YR2006,China,CHN,..
2006,YR2006,Colombia,COL,..
2006,YR2006,Comoros,COM,..
2006,YR2006,"Congo, Dem. Rep.",COD,..
2006,YR2006,"Congo, Rep.",COG,..
2006,YR2006,Costa Rica,CRI,83.388155287015
2006,YR2006,Cote d'Ivoire,CIV,14.7720643973061
2006,YR2006,Croatia,HRV,..
2006,YR2006,Cuba,CUB,..
2006,YR2006,Curacao,CUW,..
2006,YR2006,Cyprus,CYP,..
2006,YR2006,Czechia,CZE,..
2006,YR2006,Denmark,DNK,..
2006,YR2006,Djibouti,DJI,..
2006,YR2006,Dominica,DMA,..
2006,YR2006,Dominican Republic,DOM,..
2006,YR2006,Ecuador,ECU,..
2006,YR2006,"Egypt, Arab Rep.",EGY,75.0316195859977
2006,YR2006,El Salvador,SLV,..
2006,YR2006,Equatorial Guinea,GNQ,..
2006,YR2006,Eritrea,ERI,..
2006,YR2006,Estonia,EST,..
2006,YR2006,Eswatini,SWZ,23.6074200348738
2006,YR2006,Ethiopia,ETH,..
2006,YR2006,Faroe Islands,FRO,..
2006,YR2006,Fiji,FJI,..
2006,YR2006,Finland,FIN,..
2006,YR2006,France,FRA,..
2006,YR2006,French Polynesia,PYF,..
2006,YR2006,Gabon,GAB,..
2006,YR2006,"Gambia, The",GMB,..
2006,YR2006,Georgia,GEO,..
2006,YR2006,Germany,DEU,..
2006,YR2006,Ghana,GHA,..
2006,YR2006,Gibraltar,GIB,..
2006,YR2006,Greece,GRC,..
2006,YR2006,Greenland,GRL,..
2006,YR2006,Grenada,GRD,..
2006,YR2006,Guam,GUM,..
2006,YR2006,Guatemala,GTM,..
2006,YR2006,Guinea,GIN,..
2006,YR2006,Guinea-Bissau,GNB,..
2006,YR2006,Guyana,GUY,..
2006,YR2006,Haiti,HTI,24.1831523508023
2006,YR2006,Honduras,HND,83.4654913527468
2006,YR2006,"Hong Kong SAR, China",HKG,..
2006,YR2006,Hungary,HUN,..
2006,YR2006,Iceland,ISL,..
2006,YR2006,India,IND,..
2006,YR2006,Indonesia,IDN,75.1376319801886
2006,YR2006,"Iran, Islamic Rep.",IRN,..
2006,YR2006,Iraq,IRQ,89.4824409382482
2006,YR2006,Ireland,IRL,..
2006,YR2006,Isle of Man,IMN,..
2006,YR2006,Israel,ISR,..
2006,YR2006,Italy,ITA,..
2006,YR2006,Jamaica,JAM,..
2006,YR2006,Japan,JPN,..
2006,YR2006,Jordan,JOR,..
2006,YR2006,Kazakhstan,KAZ,..
2006,YR2006,Kenya,KEN,..
2006,YR2006,Kiribati,KIR,..
2006,YR2006,"Korea, Dem. People's Rep.",PRK,..
2006,YR2006,"Korea, Rep.",KOR,..
2006,YR2006,Kosovo,XKX,..
2006,YR2006,Kuwait,KWT,..
2006,YR2006,Kyrgyz Republic,KGZ,83.6236987397787
2006,YR2006,Lao PDR,LAO,..
2006,YR2006,Latvia,LVA,..
2006,YR2006,Lebanon,LBN,..
2006,YR2006,Lesotho,LSO,..
2006,YR2006,Liberia,LBR,..
2006,YR2006,Libya,LBY,..
2006,YR2006,Liechtenstein,LIE,..
2006,YR2006,Lithuania,LTU,..
2006,YR2006,Luxembourg,LUX,..
2006,YR2006,"Macao SAR, China",MAC,..
2006,YR2006,Madagascar,MDG,23.7115265019149
2006,YR2006,Malawi,MWI,15.3955573459435
2006,YR2006,Malaysia,MYS,..
2006,YR2006,Maldives,MDV,..
2006,YR2006,Mali,MLI,..
2006,YR2006,Malta,MLT,..
2006,YR2006,Marshall Islands,MHL,..
2006,YR2006,Mauritania,MRT,..
2006,YR2006,Mauritius,MUS,..
2006,YR2006,Mexico,MEX,..
2006,YR2006,"Micronesia, Fed. Sts.",FSM,..
2006,YR2006,Moldova,MDA,..
2006,YR2006,Monaco,MCO,..
2006,YR2006,Mongolia,MNG,60.1611261283893
2006,YR2006,Montenegro,MNE,..
2006,YR2006,Morocco,MAR,..
2006,YR2006,Mozambique,MOZ,..
2006,YR2006,Myanmar,MMR,..
2006,YR2006,Namibia,NAM,..
2006,YR2006,Nauru,NRU,..
2006,YR2006,Nepal,NPL,46.4690836767712
2006,YR2006,Netherlands,NLD,..
2006,YR2006,New Caledonia,NCL,..
2006,YR2006,New Zealand,NZL,..
2006,YR2006,Nicaragua,NIC,..
2006,YR2006,Niger,NER,8.20827627717908
2006,YR2006,Nigeria,NGA,..
2006,YR2006,North Macedonia,MKD,..
2006,YR2006,Northern Mariana Islands,MNP,..
2006,YR2006,Norway,NOR,..
2006,YR2006,Oman,OMN,..
2006,YR2006,Pakistan,PAK,..
2006,YR2006,Palau,PLW,..
2006,YR2006,Panama,PAN,..
2006,YR2006,Papua New Guinea,PNG,..
2006,YR2006,Paraguay,PRY,..
2006,YR2006,Peru,PER,..
2006,YR2006,Philippines,PHL,..
2006,YR2006,Poland,POL,..
2006,YR2006,Portugal,PRT,..
2006,YR2006,Puerto Rico,PRI,..
2006,YR2006,Qatar,QAT,..
2006,YR2006,Romania,ROU,..
2006,YR2006,Russian Federation,RUS,..
2006,YR2006,Rwanda,RWA,3.55761270200921
2006,YR2006,Samoa,WSM,..
2006,YR2006,San Marino,SMR,..
2006,YR2006,Sao Tome and Principe,STP,..
2006,YR2006,Saudi Arabia,SAU,..
2006,YR2006,Senegal,SEN,..
2006,YR2006,Serbia,SRB,98.1275231239447
2006,YR2006,Seychelles,SYC,..
2006,YR2006,Sierra Leone,SLE,10.8289436337724
2006,YR2006,Singapore,SGP,..
2006,YR2006,Sint Maarten (Dutch part),SXM,..
2006,YR2006,Slovak Republic,SVK,..
2006,YR2006,Slovenia,SVN,..
2006,YR2006,Solomon Islands,SLB,..
2006,YR2006,Somalia,SOM,..
2006,YR2006,South Africa,ZAF,..
2006,YR2006,South Sudan,SSD,..
2006,YR2006,Spain,ESP,..
2006,YR2006,Sri Lanka,LKA,..
2006,YR2006,St. Kitts and Nevis,KNA,..
2006,YR2006,St. Lucia,LCA,..
2006,YR2006,St. Martin (French part),MAF,..
2006,YR2006,St. Vincent and the Grenadines,VCT,..
2006,YR2006,Sudan,SDN,..
2006,YR2006,Suriname,SUR,..
2006,YR2006,Sweden,SWE,..
2006,YR2006,Switzerland,CHE,..
2006,YR2006,Syrian Arab Republic,SYR,..
2006,YR2006,Tajikistan,TJK,72.385241878469
2006,YR2006,Tanzania,TZA,..
2006,YR2006,Thailand,THA,..
2006,YR2006,Timor-Leste,TLS,..
2006,YR2006,Togo,TGO,7.56375903852145
2006,YR2006,Tonga,TON,..
2006,YR2006,Trinidad and Tobago,TTO,..
2006,YR2006,Tunisia,TUN,86.6045929266326
2006,YR2006,Turkiye,TUR,..
2006,YR2006,Turkmenistan,TKM,81.6705401095861
2006,YR2006,Turks and Caicos Islands,TCA,..
2006,YR2006,Tuvalu,TUV,..
2006,YR2006,Uganda,UGA,9.18779618487993
2006,YR2006,Ukraine,UKR,..
2006,YR2006,United Arab Emirates,ARE,..
2006,YR2006,United Kingdom,GBR,..
2006,YR2006,United States,USA,..
2006,YR2006,Uruguay,URY,..
2006,YR2006,Uzbekistan,UZB,..
2006,YR2006,Vanuatu,VUT,..
2006,YR2006,"Venezuela, RB",VEN,..
2006,YR2006,Viet Nam,VNM,84.3788541008405
2006,YR2006,Virgin Islands (U.S.),VIR,..
2006,YR2006,West Bank and Gaza,PSE,..
2006,YR2006,"Yemen, Rep.",YEM,..
2006,YR2006,Zambia,ZMB,..
2006,YR2006,Zimbabwe,ZWE,..
2007,YR2007,Africa Eastern and Southern,AFE,..
2007,YR2007,Africa Western and Central,AFW,..
2007,YR2007,Arab World,ARB,..
2007,YR2007,Caribbean small states,CSS,..
2007,YR2007,Central Europe and the Baltics,CEB,..
2007,YR2007,Early-demographic dividend,EAR,..
2007,YR2007,East Asia & Pacific,EAS,..
2007,YR2007,East Asia & Pacific (excluding high income),EAP,..
2007,YR2007,East Asia & Pacific (IDA & IBRD countries),TEA,..
2007,YR2007,Euro area,EMU,..
2007,YR2007,Europe & Central Asia,ECS,..
2007,YR2007,Europe & Central Asia (excluding high income),ECA,..
2007,YR2007,Europe & Central Asia (IDA & IBRD countries),TEC,..
2007,YR2007,European Union,EUU,..
2007,YR2007,Fragile and conflict affected situations,FCS,..
2007,YR2007,Heavily indebted poor countries (HIPC),HPC,..
2007,YR2007,High income,HIC,..
2007,YR2007,IBRD only,IBD,..
2007,YR2007,IDA & IBRD total,IBT,..
2007,YR2007,IDA blend,IDB,..
2007,YR2007,IDA only,IDX,..
2007,YR2007,IDA total,IDA,..
2007,YR2007,Late-demographic dividend,LTE,..
2007,YR2007,Latin America & Caribbean,LCN,..
2007,YR2007,Latin America & Caribbean (excluding high income),LAC,..
2007,YR2007,Latin America & the Caribbean (IDA & IBRD countries),TLA,..
2007,YR2007,Least developed countries: UN classification,LDC,..
2007,YR2007,Low & middle income,LMY,..
2007,YR2007,Low income,LIC,..
2007,YR2007,Lower middle income,LMC,..
2007,YR2007,Middle East & North Africa,MEA,..
2007,YR2007,Middle East & North Africa (excluding high income),MNA,..
2007,YR2007,Middle East & North Africa (IDA & IBRD countries),TMN,..
2007,YR2007,Middle income,MIC,..
2007,YR2007,North America,NAC,..
2007,YR2007,Not classified,INX,..
2007,YR2007,OECD members,OED,..
2007,YR2007,Other small states,OSS,..
2007,YR2007,Pacific island small states,PSS,..
2007,YR2007,Post-demographic dividend,PST,..
2007,YR2007,Pre-demographic dividend,PRE,..
2007,YR2007,Small states,SST,..
2007,YR2007,South Asia,SAS,..
2007,YR2007,South Asia (IDA & IBRD),TSA,..
2007,YR2007,Sub-Saharan Africa,SSF,..
2007,YR2007,Sub-Saharan Africa (excluding high income),SSA,..
2007,YR2007,Sub-Saharan Africa (IDA & IBRD countries),TSS,..
2007,YR2007,Upper middle income,UMC,..
2007,YR2007,World,WLD,..
2007,YR2007,Afghanistan,AFG,36.4362543654897
2007,YR2007,Albania,ALB,..
2007,YR2007,Algeria,DZA,82.9137959073925
2007,YR2007,American Samoa,ASM,..
2007,YR2007,Andorra,AND,..
2007,YR2007,Angola,AGO,..
2007,YR2007,Antigua and Barbuda,ATG,..
2007,YR2007,Argentina,ARG,..
2007,YR2007,Armenia,ARM,87.5608969844921
2007,YR2007,Aruba,ABW,..
2007,YR2007,Australia,AUS,..
2007,YR2007,Austria,AUT,..
2007,YR2007,Azerbaijan,AZE,..
2007,YR2007,"Bahamas, The",BHS,..
2007,YR2007,Bahrain,BHR,..
2007,YR2007,Bangladesh,BGD,20.4113886455414
2007,YR2007,Barbados,BRB,..
2007,YR2007,Belarus,BLR,..
2007,YR2007,Belgium,BEL,..
2007,YR2007,Belize,BLZ,81.6792948458102
2007,YR2007,Benin,BEN,4.84247811071683
2007,YR2007,Bermuda,BMU,..
2007,YR2007,Bhutan,BTN,76.1831274791074
2007,YR2007,Bolivia,BOL,..
2007,YR2007,Bosnia and Herzegovina,BIH,..
2007,YR2007,Botswana,BWA,..
2007,YR2007,Brazil,BRA,..
2007,YR2007,British Virgin Islands,VGB,..
2007,YR2007,Brunei Darussalam,BRN,..
2007,YR2007,Bulgaria,BGR,..
2007,YR2007,Burkina Faso,BFA,8.20800209704574
2007,YR2007,Burundi,BDI,6.02298901647706
2007,YR2007,Cabo Verde,CPV,..
2007,YR2007,Cambodia,KHM,..
2007,YR2007,Cameroon,CMR,..
2007,YR2007,Canada,CAN,..
2007,YR2007,Cayman Islands,CYM,..
2007,YR2007,Central African Republic,CAF,15.7943300609853
2007,YR2007,Chad,TCD,14.6919318138128
2007,YR2007,Channel Islands,CHI,..
2007,YR2007,Chile,CHL,..
2007,YR2007,China,CHN,..
2007,YR2007,Colombia,COL,..
2007,YR2007,Comoros,COM,..
2007,YR2007,"Congo, Dem. Rep.",COD,..
2007,YR2007,"Congo, Rep.",COG,..
2007,YR2007,Costa Rica,CRI,83.3983744373551
2007,YR2007,Cote d'Ivoire,CIV,14.8442355231319
2007,YR2007,Croatia,HRV,..
2007,YR2007,Cuba,CUB,..
2007,YR2007,Curacao,CUW,..
2007,YR2007,Cyprus,CYP,..
2007,YR2007,Czechia,CZE,..
2007,YR2007,Denmark,DNK,..
2007,YR2007,Djibouti,DJI,..
2007,YR2007,Dominica,DMA,..
2007,YR2007,Dominican Republic,DOM,..
2007,YR2007,Ecuador,ECU,..
2007,YR2007,"Egypt, Arab Rep.",EGY,76.5141254695889
2007,YR2007,El Salvador,SLV,..
2007,YR2007,Equatorial Guinea,GNQ,23.6376019238973
2007,YR2007,Eritrea,ERI,..
2007,YR2007,Estonia,EST,..
2007,YR2007,Eswatini,SWZ,23.5822114479552
2007,YR2007,Ethiopia,ETH,..
2007,YR2007,Faroe Islands,FRO,..
2007,YR2007,Fiji,FJI,..
2007,YR2007,Finland,FIN,..
2007,YR2007,France,FRA,..
2007,YR2007,French Polynesia,PYF,..
2007,YR2007,Gabon,GAB,..
2007,YR2007,"Gambia, The",GMB,..
2007,YR2007,Georgia,GEO,..
2007,YR2007,Germany,DEU,..
2007,YR2007,Ghana,GHA,..
2007,YR2007,Gibraltar,GIB,..
2007,YR2007,Greece,GRC,..
2007,YR2007,Greenland,GRL,..
2007,YR2007,Grenada,GRD,..
2007,YR2007,Guam,GUM,..
2007,YR2007,Guatemala,GTM,..
2007,YR2007,Guinea,GIN,..
2007,YR2007,Guinea-Bissau,GNB,..
2007,YR2007,Guyana,GUY,..
2007,YR2007,Haiti,HTI,24.3235850909917
2007,YR2007,Honduras,HND,83.5193781061259
2007,YR2007,"Hong Kong SAR, China",HKG,..
2007,YR2007,Hungary,HUN,..
2007,YR2007,Iceland,ISL,..
2007,YR2007,India,IND,..
2007,YR2007,Indonesia,IDN,75.2999752001126
2007,YR2007,"Iran, Islamic Rep.",IRN,..
2007,YR2007,Iraq,IRQ,89.4918672828135
2007,YR2007,Ireland,IRL,..
2007,YR2007,Isle of Man,IMN,..
2007,YR2007,Israel,ISR,..
2007,YR2007,Italy,ITA,..
2007,YR2007,Jamaica,JAM,66.5479973933099
2007,YR2007,Japan,JPN,..
2007,YR2007,Jordan,JOR,..
2007,YR2007,Kazakhstan,KAZ,..
2007,YR2007,Kenya,KEN,..
2007,YR2007,Kiribati,KIR,..
2007,YR2007,"Korea, Dem. People's Rep.",PRK,..
2007,YR2007,"Korea, Rep.",KOR,..
2007,YR2007,Kosovo,XKX,..
2007,YR2007,Kuwait,KWT,..
2007,YR2007,Kyrgyz Republic,KGZ,83.6234913206749
2007,YR2007,Lao PDR,LAO,..
2007,YR2007,Latvia,LVA,..
2007,YR2007,Lebanon,LBN,..
2007,YR2007,Lesotho,LSO,..
2007,YR2007,Liberia,LBR,..
2007,YR2007,Libya,LBY,..
2007,YR2007,Liechtenstein,LIE,..
2007,YR2007,Lithuania,LTU,..
2007,YR2007,Luxembourg,LUX,..
2007,YR2007,"Macao SAR, China",MAC,..
2007,YR2007,Madagascar,MDG,23.7142029897626
2007,YR2007,Malawi,MWI,15.3798283057387
2007,YR2007,Malaysia,MYS,..
2007,YR2007,Maldives,MDV,..
2007,YR2007,Mali,MLI,..
2007,YR2007,Malta,MLT,..
2007,YR2007,Marshall Islands,MHL,..
2007,YR2007,Mauritania,MRT,..
2007,YR2007,Mauritius,MUS,..
2007,YR2007,Mexico,MEX,..
2007,YR2007,"Micronesia, Fed. Sts.",FSM,..
2007,YR2007,Moldova,MDA,..
2007,YR2007,Monaco,MCO,..
2007,YR2007,Mongolia,MNG,60.6248796536454
2007,YR2007,Montenegro,MNE,..
2007,YR2007,Morocco,MAR,..
2007,YR2007,Mozambique,MOZ,11.6828861274331
2007,YR2007,Myanmar,MMR,..
2007,YR2007,Namibia,NAM,..
2007,YR2007,Nauru,NRU,..
2007,YR2007,Nepal,NPL,46.576295891536
2007,YR2007,Netherlands,NLD,..
2007,YR2007,New Caledonia,NCL,..
2007,YR2007,New Zealand,NZL,..
2007,YR2007,Nicaragua,NIC,..
2007,YR2007,Niger,NER,9.29351086643413
2007,YR2007,Nigeria,NGA,..
2007,YR2007,North Macedonia,MKD,..
2007,YR2007,Northern Mariana Islands,MNP,..
2007,YR2007,Norway,NOR,..
2007,YR2007,Oman,OMN,..
2007,YR2007,Pakistan,PAK,51.9248923412048
2007,YR2007,Palau,PLW,..
2007,YR2007,Panama,PAN,..
2007,YR2007,Papua New Guinea,PNG,..
2007,YR2007,Paraguay,PRY,..
2007,YR2007,Peru,PER,..
2007,YR2007,Philippines,PHL,..
2007,YR2007,Poland,POL,..
2007,YR2007,Portugal,PRT,..
2007,YR2007,Puerto Rico,PRI,..
2007,YR2007,Qatar,QAT,..
2007,YR2007,Romania,ROU,..
2007,YR2007,Russian Federation,RUS,..
2007,YR2007,Rwanda,RWA,4.54042802361367
2007,YR2007,Samoa,WSM,..
2007,YR2007,San Marino,SMR,..
2007,YR2007,Sao Tome and Principe,STP,..
2007,YR2007,Saudi Arabia,SAU,..
2007,YR2007,Senegal,SEN,..
2007,YR2007,Serbia,SRB,98.1279134157568
2007,YR2007,Seychelles,SYC,..
2007,YR2007,Sierra Leone,SLE,10.8869194878988
2007,YR2007,Singapore,SGP,..
2007,YR2007,Sint Maarten (Dutch part),SXM,..
2007,YR2007,Slovak Republic,SVK,..
2007,YR2007,Slovenia,SVN,..
2007,YR2007,Solomon Islands,SLB,..
2007,YR2007,Somalia,SOM,..
2007,YR2007,South Africa,ZAF,..
2007,YR2007,South Sudan,SSD,..
2007,YR2007,Spain,ESP,..
2007,YR2007,Sri Lanka,LKA,..
2007,YR2007,St. Kitts and Nevis,KNA,..
2007,YR2007,St. Lucia,LCA,..
2007,YR2007,St. Martin (French part),MAF,..
2007,YR2007,St. Vincent and the Grenadines,VCT,..
2007,YR2007,Sudan,SDN,..
2007,YR2007,Suriname,SUR,..
2007,YR2007,Sweden,SWE,..
2007,YR2007,Switzerland,CHE,..
2007,YR2007,Syrian Arab Republic,SYR,..
2007,YR2007,Tajikistan,TJK,72.385684211512
2007,YR2007,Tanzania,TZA,..
2007,YR2007,Thailand,THA,..
2007,YR2007,Timor-Leste,TLS,..
2007,YR2007,Togo,TGO,7.63772561023903
2007,YR2007,Tonga,TON,..
2007,YR2007,Trinidad and Tobago,TTO,90.0634425479679
2007,YR2007,Tunisia,TUN,86.6898837387217
2007,YR2007,Turkiye,TUR,..
2007,YR2007,Turkmenistan,TKM,83.474597868793
2007,YR2007,Turks and Caicos Islands,TCA,..
2007,YR2007,Tuvalu,TUV,..
2007,YR2007,Uganda,UGA,10.4754380865336
2007,YR2007,Ukraine,UKR,..
2007,YR2007,United Arab Emirates,ARE,..
2007,YR2007,United Kingdom,GBR,..
2007,YR2007,United States,USA,..
2007,YR2007,Uruguay,URY,..
2007,YR2007,Uzbekistan,UZB,..
2007,YR2007,Vanuatu,VUT,26.9571726883644
2007,YR2007,"Venezuela, RB",VEN,..
2007,YR2007,Viet Nam,VNM,84.4421659464239
2007,YR2007,Virgin Islands (U.S.),VIR,..
2007,YR2007,West Bank and Gaza,PSE,..
2007,YR2007,"Yemen, Rep.",YEM,..
2007,YR2007,Zambia,ZMB,..
2007,YR2007,Zimbabwe,ZWE,..
2008,YR2008,Africa Eastern and Southern,AFE,..
2008,YR2008,Africa Western and Central,AFW,..
2008,YR2008,Arab World,ARB,..
2008,YR2008,Caribbean small states,CSS,..
2008,YR2008,Central Europe and the Baltics,CEB,..
2008,YR2008,Early-demographic dividend,EAR,..
2008,YR2008,East Asia & Pacific,EAS,..
2008,YR2008,East Asia & Pacific (excluding high income),EAP,..
2008,YR2008,East Asia & Pacific (IDA & IBRD countries),TEA,..
2008,YR2008,Euro area,EMU,..
2008,YR2008,Europe & Central Asia,ECS,..
2008,YR2008,Europe & Central Asia (excluding high income),ECA,..
2008,YR2008,Europe & Central Asia (IDA & IBRD countries),TEC,..
2008,YR2008,European Union,EUU,..
2008,YR2008,Fragile and conflict affected situations,FCS,..
2008,YR2008,Heavily indebted poor countries (HIPC),HPC,..
2008,YR2008,High income,HIC,..
2008,YR2008,IBRD only,IBD,..
2008,YR2008,IDA & IBRD total,IBT,..
2008,YR2008,IDA blend,IDB,..
2008,YR2008,IDA only,IDX,..
2008,YR2008,IDA total,IDA,..
2008,YR2008,Late-demographic dividend,LTE,..
2008,YR2008,Latin America & Caribbean,LCN,..
2008,YR2008,Latin America & Caribbean (excluding high income),LAC,..
2008,YR2008,Latin America & the Caribbean (IDA & IBRD countries),TLA,..
2008,YR2008,Least developed countries: UN classification,LDC,..
2008,YR2008,Low & middle income,LMY,..
2008,YR2008,Low income,LIC,..
2008,YR2008,Lower middle income,LMC,..
2008,YR2008,Middle East & North Africa,MEA,..
2008,YR2008,Middle East & North Africa (excluding high income),MNA,..
2008,YR2008,Middle East & North Africa (IDA & IBRD countries),TMN,..
2008,YR2008,Middle income,MIC,..
2008,YR2008,North America,NAC,..
2008,YR2008,Not classified,INX,..
2008,YR2008,OECD members,OED,..
2008,YR2008,Other small states,OSS,..
2008,YR2008,Pacific island small states,PSS,..
2008,YR2008,Post-demographic dividend,PST,..
2008,YR2008,Pre-demographic dividend,PRE,..
2008,YR2008,Small states,SST,..
2008,YR2008,South Asia,SAS,..
2008,YR2008,South Asia (IDA & IBRD),TSA,..
2008,YR2008,Sub-Saharan Africa,SSF,..
2008,YR2008,Sub-Saharan Africa (excluding high income),SSA,..
2008,YR2008,Sub-Saharan Africa (IDA & IBRD countries),TSS,..
2008,YR2008,Upper middle income,UMC,..
2008,YR2008,World,WLD,..
2008,YR2008,Afghanistan,AFG,36.5198455287321
2008,YR2008,Albania,ALB,..
2008,YR2008,Algeria,DZA,83.0293443411856
2008,YR2008,American Samoa,ASM,..
2008,YR2008,Andorra,AND,..
2008,YR2008,Angola,AGO,..
2008,YR2008,Antigua and Barbuda,ATG,..
2008,YR2008,Argentina,ARG,..
2008,YR2008,Armenia,ARM,88.1959569781285
2008,YR2008,Aruba,ABW,..
2008,YR2008,Australia,AUS,..
2008,YR2008,Austria,AUT,..
2008,YR2008,Azerbaijan,AZE,..
2008,YR2008,"Bahamas, The",BHS,..
2008,YR2008,Bahrain,BHR,..
2008,YR2008,Bangladesh,BGD,20.6421871935002
2008,YR2008,Barbados,BRB,88.4693506083686
2008,YR2008,Belarus,BLR,..
2008,YR2008,Belgium,BEL,..
2008,YR2008,Belize,BLZ,81.680213483919
2008,YR2008,Benin,BEN,5.38292121803821
2008,YR2008,Bermuda,BMU,..
2008,YR2008,Bhutan,BTN,76.297599281111
2008,YR2008,Bolivia,BOL,..
2008,YR2008,Bosnia and Herzegovina,BIH,97.1948273816163
2008,YR2008,Botswana,BWA,..
2008,YR2008,Brazil,BRA,..
2008,YR2008,British Virgin Islands,VGB,..
2008,YR2008,Brunei Darussalam,BRN,..
2008,YR2008,Bulgaria,BGR,..
2008,YR2008,Burkina Faso,BFA,8.29964624208938
2008,YR2008,Burundi,BDI,6.07489234140066
2008,YR2008,Cabo Verde,CPV,..
2008,YR2008,Cambodia,KHM,60.4408061327722
2008,YR2008,Cameroon,CMR,..
2008,YR2008,Canada,CAN,..
2008,YR2008,Cayman Islands,CYM,..
2008,YR2008,Central African Republic,CAF,15.8055691182219
2008,YR2008,Chad,TCD,14.7026717765664
2008,YR2008,Channel Islands,CHI,..
2008,YR2008,Chile,CHL,..
2008,YR2008,China,CHN,..
2008,YR2008,Colombia,COL,..
2008,YR2008,Comoros,COM,15.5499586129898
2008,YR2008,"Congo, Dem. Rep.",COD,..
2008,YR2008,"Congo, Rep.",COG,..
2008,YR2008,Costa Rica,CRI,83.408400392334
2008,YR2008,Cote d'Ivoire,CIV,14.9165799997996
2008,YR2008,Croatia,HRV,..
2008,YR2008,Cuba,CUB,82.7943235355691
2008,YR2008,Curacao,CUW,..
2008,YR2008,Cyprus,CYP,..
2008,YR2008,Czechia,CZE,..
2008,YR2008,Denmark,DNK,..
2008,YR2008,Djibouti,DJI,..
2008,YR2008,Dominica,DMA,..
2008,YR2008,Dominican Republic,DOM,52.7842418275993
2008,YR2008,Ecuador,ECU,..
2008,YR2008,"Egypt, Arab Rep.",EGY,77.9914043179559
2008,YR2008,El Salvador,SLV,..
2008,YR2008,Equatorial Guinea,GNQ,23.7384588715118
2008,YR2008,Eritrea,ERI,..
2008,YR2008,Estonia,EST,..
2008,YR2008,Eswatini,SWZ,23.6494333357022
2008,YR2008,Ethiopia,ETH,..
2008,YR2008,Faroe Islands,FRO,..
2008,YR2008,Fiji,FJI,..
2008,YR2008,Finland,FIN,..
2008,YR2008,France,FRA,..
2008,YR2008,French Polynesia,PYF,..
2008,YR2008,Gabon,GAB,..
2008,YR2008,"Gambia, The",GMB,..
2008,YR2008,Georgia,GEO,..
2008,YR2008,Germany,DEU,..
2008,YR2008,Ghana,GHA,..
2008,YR2008,Gibraltar,GIB,..
2008,YR2008,Greece,GRC,..
2008,YR2008,Greenland,GRL,..
2008,YR2008,Grenada,GRD,..
2008,YR2008,Guam,GUM,..
2008,YR2008,Guatemala,GTM,..
2008,YR2008,Guinea,GIN,..
2008,YR2008,Guinea-Bissau,GNB,..
2008,YR2008,Guyana,GUY,75.8878978727389
2008,YR2008,Haiti,HTI,24.4650296476769
2008,YR2008,Honduras,HND,83.5733490752746
2008,YR2008,"Hong Kong SAR, China",HKG,..
2008,YR2008,Hungary,HUN,..
2008,YR2008,Iceland,ISL,..
2008,YR2008,India,IND,..
2008,YR2008,Indonesia,IDN,75.4629298987605
2008,YR2008,"Iran, Islamic Rep.",IRN,..
2008,YR2008,Iraq,IRQ,89.5012868163921
2008,YR2008,Ireland,IRL,..
2008,YR2008,Isle of Man,IMN,..
2008,YR2008,Israel,ISR,..
2008,YR2008,Italy,ITA,..
2008,YR2008,Jamaica,JAM,66.5592836806558
2008,YR2008,Japan,JPN,..
2008,YR2008,Jordan,JOR,..
2008,YR2008,Kazakhstan,KAZ,..
2008,YR2008,Kenya,KEN,..
2008,YR2008,Kiribati,KIR,..
2008,YR2008,"Korea, Dem. People's Rep.",PRK,..
2008,YR2008,"Korea, Rep.",KOR,..
2008,YR2008,Kosovo,XKX,..
2008,YR2008,Kuwait,KWT,..
2008,YR2008,Kyrgyz Republic,KGZ,83.6232838631136
2008,YR2008,Lao PDR,LAO,..
2008,YR2008,Latvia,LVA,..
2008,YR2008,Lebanon,LBN,..
2008,YR2008,Lesotho,LSO,5.15691240986396
2008,YR2008,Liberia,LBR,..
2008,YR2008,Libya,LBY,..
2008,YR2008,Liechtenstein,LIE,..
2008,YR2008,Lithuania,LTU,..
2008,YR2008,Luxembourg,LUX,..
2008,YR2008,"Macao SAR, China",MAC,..
2008,YR2008,Madagascar,MDG,23.7154715165531
2008,YR2008,Malawi,MWI,15.3636969947907
2008,YR2008,Malaysia,MYS,..
2008,YR2008,Maldives,MDV,..
2008,YR2008,Mali,MLI,..
2008,YR2008,Malta,MLT,..
2008,YR2008,Marshall Islands,MHL,..
2008,YR2008,Mauritania,MRT,..
2008,YR2008,Mauritius,MUS,..
2008,YR2008,Mexico,MEX,..
2008,YR2008,"Micronesia, Fed. Sts.",FSM,..
2008,YR2008,Moldova,MDA,86.9984080831547
2008,YR2008,Monaco,MCO,..
2008,YR2008,Mongolia,MNG,61.0832241817574
2008,YR2008,Montenegro,MNE,..
2008,YR2008,Morocco,MAR,..
2008,YR2008,Mozambique,MOZ,11.7459774175346
2008,YR2008,Myanmar,MMR,..
2008,YR2008,Namibia,NAM,..
2008,YR2008,Nauru,NRU,..
2008,YR2008,Nepal,NPL,46.6851891633505
2008,YR2008,Netherlands,NLD,..
2008,YR2008,New Caledonia,NCL,..
2008,YR2008,New Zealand,NZL,..
2008,YR2008,Nicaragua,NIC,..
2008,YR2008,Niger,NER,10.3785418457993
2008,YR2008,Nigeria,NGA,..
2008,YR2008,North Macedonia,MKD,..
2008,YR2008,Northern Mariana Islands,MNP,..
2008,YR2008,Norway,NOR,..
2008,YR2008,Oman,OMN,..
2008,YR2008,Pakistan,PAK,52.0145413785767
2008,YR2008,Palau,PLW,..
2008,YR2008,Panama,PAN,..
2008,YR2008,Papua New Guinea,PNG,..
2008,YR2008,Paraguay,PRY,..
2008,YR2008,Peru,PER,..
2008,YR2008,Philippines,PHL,..
2008,YR2008,Poland,POL,..
2008,YR2008,Portugal,PRT,..
2008,YR2008,Puerto Rico,PRI,..
2008,YR2008,Qatar,QAT,..
2008,YR2008,Romania,ROU,..
2008,YR2008,Russian Federation,RUS,..
2008,YR2008,Rwanda,RWA,5.52326911153632
2008,YR2008,Samoa,WSM,..
2008,YR2008,San Marino,SMR,..
2008,YR2008,Sao Tome and Principe,STP,38.6507647494786
2008,YR2008,Saudi Arabia,SAU,..
2008,YR2008,Senegal,SEN,..
2008,YR2008,Serbia,SRB,98.1283055048322
2008,YR2008,Seychelles,SYC,..
2008,YR2008,Sierra Leone,SLE,10.9451956822914
2008,YR2008,Singapore,SGP,..
2008,YR2008,Sint Maarten (Dutch part),SXM,..
2008,YR2008,Slovak Republic,SVK,..
2008,YR2008,Slovenia,SVN,..
2008,YR2008,Solomon Islands,SLB,..
2008,YR2008,Somalia,SOM,..
2008,YR2008,South Africa,ZAF,..
2008,YR2008,South Sudan,SSD,..
2008,YR2008,Spain,ESP,..
2008,YR2008,Sri Lanka,LKA,..
2008,YR2008,St. Kitts and Nevis,KNA,..
2008,YR2008,St. Lucia,LCA,87.343314496392
2008,YR2008,St. Martin (French part),MAF,..
2008,YR2008,St. Vincent and the Grenadines,VCT,..
2008,YR2008,Sudan,SDN,26.5009630827212
2008,YR2008,Suriname,SUR,..
2008,YR2008,Sweden,SWE,..
2008,YR2008,Switzerland,CHE,..
2008,YR2008,Syrian Arab Republic,SYR,..
2008,YR2008,Tajikistan,TJK,72.3861251094932
2008,YR2008,Tanzania,TZA,..
2008,YR2008,Thailand,THA,..
2008,YR2008,Timor-Leste,TLS,..
2008,YR2008,Togo,TGO,7.71232534882347
2008,YR2008,Tonga,TON,..
2008,YR2008,Trinidad and Tobago,TTO,90.0634425479679
2008,YR2008,Tunisia,TUN,86.774876715243
2008,YR2008,Turkiye,TUR,..
2008,YR2008,Turkmenistan,TKM,85.2729012219464
2008,YR2008,Turks and Caicos Islands,TCA,..
2008,YR2008,Tuvalu,TUV,..
2008,YR2008,Uganda,UGA,11.7715170406208
2008,YR2008,Ukraine,UKR,..
2008,YR2008,United Arab Emirates,ARE,..
2008,YR2008,United Kingdom,GBR,..
2008,YR2008,United States,USA,..
2008,YR2008,Uruguay,URY,..
2008,YR2008,Uzbekistan,UZB,..
2008,YR2008,Vanuatu,VUT,27.0702628626765
2008,YR2008,"Venezuela, RB",VEN,..
2008,YR2008,Viet Nam,VNM,84.5062972038271
2008,YR2008,Virgin Islands (U.S.),VIR,..
2008,YR2008,West Bank and Gaza,PSE,..
2008,YR2008,"Yemen, Rep.",YEM,..
2008,YR2008,Zambia,ZMB,16.7138989335041
2008,YR2008,Zimbabwe,ZWE,..
2009,YR2009,Africa Eastern and Southern,AFE,..
2009,YR2009,Africa Western and Central,AFW,..
2009,YR2009,Arab World,ARB,..
2009,YR2009,Caribbean small states,CSS,..
2009,YR2009,Central Europe and the Baltics,CEB,..
2009,YR2009,Early-demographic dividend,EAR,..
2009,YR2009,East Asia & Pacific,EAS,..
2009,YR2009,East Asia & Pacific (excluding high income),EAP,..
2009,YR2009,East Asia & Pacific (IDA & IBRD countries),TEA,..
2009,YR2009,Euro area,EMU,..
2009,YR2009,Europe & Central Asia,ECS,..
2009,YR2009,Europe & Central Asia (excluding high income),ECA,..
2009,YR2009,Europe & Central Asia (IDA & IBRD countries),TEC,..
2009,YR2009,European Union,EUU,..
2009,YR2009,Fragile and conflict affected situations,FCS,..
2009,YR2009,Heavily indebted poor countries (HIPC),HPC,..
2009,YR2009,High income,HIC,..
2009,YR2009,IBRD only,IBD,..
2009,YR2009,IDA & IBRD total,IBT,..
2009,YR2009,IDA blend,IDB,..
2009,YR2009,IDA only,IDX,..
2009,YR2009,IDA total,IDA,..
2009,YR2009,Late-demographic dividend,LTE,..
2009,YR2009,Latin America & Caribbean,LCN,..
2009,YR2009,Latin America & Caribbean (excluding high income),LAC,..
2009,YR2009,Latin America & the Caribbean (IDA & IBRD countries),TLA,..
2009,YR2009,Least developed countries: UN classification,LDC,..
2009,YR2009,Low & middle income,LMY,..
2009,YR2009,Low income,LIC,..
2009,YR2009,Lower middle income,LMC,..
2009,YR2009,Middle East & North Africa,MEA,..
2009,YR2009,Middle East & North Africa (excluding high income),MNA,..
2009,YR2009,Middle East & North Africa (IDA & IBRD countries),TMN,..
2009,YR2009,Middle income,MIC,..
2009,YR2009,North America,NAC,..
2009,YR2009,Not classified,INX,..
2009,YR2009,OECD members,OED,..
2009,YR2009,Other small states,OSS,..
2009,YR2009,Pacific island small states,PSS,..
2009,YR2009,Post-demographic dividend,PST,..
2009,YR2009,Pre-demographic dividend,PRE,..
2009,YR2009,Small states,SST,..
2009,YR2009,South Asia,SAS,..
2009,YR2009,South Asia (IDA & IBRD),TSA,..
2009,YR2009,Sub-Saharan Africa,SSF,..
2009,YR2009,Sub-Saharan Africa (excluding high income),SSA,..
2009,YR2009,Sub-Saharan Africa (IDA & IBRD countries),TSS,..
2009,YR2009,Upper middle income,UMC,..
2009,YR2009,World,WLD,..
2009,YR2009,Afghanistan,AFG,36.6038410814174
2009,YR2009,Albania,ALB,..
2009,YR2009,Algeria,DZA,83.1418072490379
2009,YR2009,American Samoa,ASM,..
2009,YR2009,Andorra,AND,..
2009,YR2009,Angola,AGO,..
2009,YR2009,Antigua and Barbuda,ATG,..
2009,YR2009,Argentina,ARG,..
2009,YR2009,Armenia,ARM,88.8332292096411
2009,YR2009,Aruba,ABW,..
2009,YR2009,Australia,AUS,..
2009,YR2009,Austria,AUT,..
2009,YR2009,Azerbaijan,AZE,89.2288428912487
2009,YR2009,"Bahamas, The",BHS,..
2009,YR2009,Bahrain,BHR,..
2009,YR2009,Bangladesh,BGD,20.8761425262916
2009,YR2009,Barbados,BRB,88.4693506083686
2009,YR2009,Belarus,BLR,..
2009,YR2009,Belgium,BEL,..
2009,YR2009,Belize,BLZ,81.6811279834726
2009,YR2009,Benin,BEN,5.92524011658614
2009,YR2009,Bermuda,BMU,..
2009,YR2009,Bhutan,BTN,77.7536173065484
2009,YR2009,Bolivia,BOL,..
2009,YR2009,Bosnia and Herzegovina,BIH,97.202956945556
2009,YR2009,Botswana,BWA,..
2009,YR2009,Brazil,BRA,..
2009,YR2009,British Virgin Islands,VGB,..
2009,YR2009,Brunei Darussalam,BRN,..
2009,YR2009,Bulgaria,BGR,..
2009,YR2009,Burkina Faso,BFA,8.38660341833045
2009,YR2009,Burundi,BDI,6.08743667326194
2009,YR2009,Cabo Verde,CPV,..
2009,YR2009,Cambodia,KHM,60.562400970377
2009,YR2009,Cameroon,CMR,..
2009,YR2009,Canada,CAN,..
2009,YR2009,Cayman Islands,CYM,..
2009,YR2009,Central African Republic,CAF,16.2279726362604
2009,YR2009,Chad,TCD,15.5800325958026
2009,YR2009,Channel Islands,CHI,..
2009,YR2009,Chile,CHL,..
2009,YR2009,China,CHN,..
2009,YR2009,Colombia,COL,..
2009,YR2009,Comoros,COM,15.5510841687731
2009,YR2009,"Congo, Dem. Rep.",COD,..
2009,YR2009,"Congo, Rep.",COG,..
2009,YR2009,Costa Rica,CRI,83.4181743968931
2009,YR2009,Cote d'Ivoire,CIV,14.9887519198698
2009,YR2009,Croatia,HRV,..
2009,YR2009,Cuba,CUB,82.8065121655952
2009,YR2009,Curacao,CUW,..
2009,YR2009,Cyprus,CYP,..
2009,YR2009,Czechia,CZE,..
2009,YR2009,Denmark,DNK,..
2009,YR2009,Djibouti,DJI,..
2009,YR2009,Dominica,DMA,..
2009,YR2009,Dominican Republic,DOM,52.9848849130133
2009,YR2009,Ecuador,ECU,..
2009,YR2009,"Egypt, Arab Rep.",EGY,79.4696185290125
2009,YR2009,El Salvador,SLV,..
2009,YR2009,Equatorial Guinea,GNQ,23.837352837083
2009,YR2009,Eritrea,ERI,..
2009,YR2009,Estonia,EST,..
2009,YR2009,Eswatini,SWZ,23.7169661210595
2009,YR2009,Ethiopia,ETH,..
2009,YR2009,Faroe Islands,FRO,..
2009,YR2009,Fiji,FJI,..
2009,YR2009,Finland,FIN,..
2009,YR2009,France,FRA,..
2009,YR2009,French Polynesia,PYF,..
2009,YR2009,Gabon,GAB,..
2009,YR2009,"Gambia, The",GMB,..
2009,YR2009,Georgia,GEO,..
2009,YR2009,Germany,DEU,..
2009,YR2009,Ghana,GHA,..
2009,YR2009,Gibraltar,GIB,..
2009,YR2009,Greece,GRC,..
2009,YR2009,Greenland,GRL,..
2009,YR2009,Grenada,GRD,..
2009,YR2009,Guam,GUM,..
2009,YR2009,Guatemala,GTM,..
2009,YR2009,Guinea,GIN,..
2009,YR2009,Guinea-Bissau,GNB,1.46356809529877
2009,YR2009,Guyana,GUY,75.8916817586669
2009,YR2009,Haiti,HTI,24.6064754152115
2009,YR2009,Honduras,HND,83.6271512420424
2009,YR2009,"Hong Kong SAR, China",HKG,..
2009,YR2009,Hungary,HUN,..
2009,YR2009,Iceland,ISL,..
2009,YR2009,India,IND,..
2009,YR2009,Indonesia,IDN,75.6256796372962
2009,YR2009,"Iran, Islamic Rep.",IRN,..
2009,YR2009,Iraq,IRQ,89.5105355059627
2009,YR2009,Ireland,IRL,..
2009,YR2009,Isle of Man,IMN,..
2009,YR2009,Israel,ISR,..
2009,YR2009,Italy,ITA,..
2009,YR2009,Jamaica,JAM,66.5705063728057
2009,YR2009,Japan,JPN,..
2009,YR2009,Jordan,JOR,..
2009,YR2009,Kazakhstan,KAZ,..
2009,YR2009,Kenya,KEN,..
2009,YR2009,Kiribati,KIR,..
2009,YR2009,"Korea, Dem. People's Rep.",PRK,..
2009,YR2009,"Korea, Rep.",KOR,..
2009,YR2009,Kosovo,XKX,..
2009,YR2009,Kuwait,KWT,..
2009,YR2009,Kyrgyz Republic,KGZ,83.6231814702269
2009,YR2009,Lao PDR,LAO,..
2009,YR2009,Latvia,LVA,..
2009,YR2009,Lebanon,LBN,..
2009,YR2009,Lesotho,LSO,5.19046580486023
2009,YR2009,Liberia,LBR,..
2009,YR2009,Libya,LBY,..
2009,YR2009,Liechtenstein,LIE,..
2009,YR2009,Lithuania,LTU,..
2009,YR2009,Luxembourg,LUX,..
2009,YR2009,"Macao SAR, China",MAC,..
2009,YR2009,Madagascar,MDG,23.714033019957
2009,YR2009,Malawi,MWI,15.3493517227238
2009,YR2009,Malaysia,MYS,..
2009,YR2009,Maldives,MDV,..
2009,YR2009,Mali,MLI,..
2009,YR2009,Malta,MLT,..
2009,YR2009,Marshall Islands,MHL,..
2009,YR2009,Mauritania,MRT,53.7117045562675
2009,YR2009,Mauritius,MUS,..
2009,YR2009,Mexico,MEX,90.6538287718269
2009,YR2009,"Micronesia, Fed. Sts.",FSM,..
2009,YR2009,Moldova,MDA,86.9949617037533
2009,YR2009,Monaco,MCO,..
2009,YR2009,Mongolia,MNG,63.5889015705715
2009,YR2009,Montenegro,MNE,..
2009,YR2009,Morocco,MAR,..
2009,YR2009,Mozambique,MOZ,11.8128435435516
2009,YR2009,Myanmar,MMR,..
2009,YR2009,Namibia,NAM,41.6640390977119
2009,YR2009,Nauru,NRU,..
2009,YR2009,Nepal,NPL,46.7957613236971
2009,YR2009,Netherlands,NLD,..
2009,YR2009,New Caledonia,NCL,..
2009,YR2009,New Zealand,NZL,..
2009,YR2009,Nicaragua,NIC,..
2009,YR2009,Niger,NER,11.463871870359
2009,YR2009,Nigeria,NGA,..
2009,YR2009,North Macedonia,MKD,..
2009,YR2009,Northern Mariana Islands,MNP,..
2009,YR2009,Norway,NOR,..
2009,YR2009,Oman,OMN,..
2009,YR2009,Pakistan,PAK,52.1041918607501
2009,YR2009,Palau,PLW,..
2009,YR2009,Panama,PAN,..
2009,YR2009,Papua New Guinea,PNG,..
2009,YR2009,Paraguay,PRY,..
2009,YR2009,Peru,PER,..
2009,YR2009,Philippines,PHL,..
2009,YR2009,Poland,POL,..
2009,YR2009,Portugal,PRT,..
2009,YR2009,Puerto Rico,PRI,..
2009,YR2009,Qatar,QAT,..
2009,YR2009,Romania,ROU,..
2009,YR2009,Russian Federation,RUS,..
2009,YR2009,Rwanda,RWA,6.50623097581648
2009,YR2009,Samoa,WSM,..
2009,YR2009,San Marino,SMR,..
2009,YR2009,Sao Tome and Principe,STP,38.460540263255
2009,YR2009,Saudi Arabia,SAU,..
2009,YR2009,Senegal,SEN,..
2009,YR2009,Serbia,SRB,98.1286928780974
2009,YR2009,Seychelles,SYC,..
2009,YR2009,Sierra Leone,SLE,11.4694600922959
2009,YR2009,Singapore,SGP,..
2009,YR2009,Sint Maarten (Dutch part),SXM,..
2009,YR2009,Slovak Republic,SVK,..
2009,YR2009,Slovenia,SVN,..
2009,YR2009,Solomon Islands,SLB,..
2009,YR2009,Somalia,SOM,..
2009,YR2009,South Africa,ZAF,..
2009,YR2009,South Sudan,SSD,..
2009,YR2009,Spain,ESP,..
2009,YR2009,Sri Lanka,LKA,..
2009,YR2009,St. Kitts and Nevis,KNA,..
2009,YR2009,St. Lucia,LCA,87.3365062998781
2009,YR2009,St. Martin (French part),MAF,..
2009,YR2009,St. Vincent and the Grenadines,VCT,..
2009,YR2009,Sudan,SDN,26.5009630827212
2009,YR2009,Suriname,SUR,..
2009,YR2009,Sweden,SWE,..
2009,YR2009,Switzerland,CHE,..
2009,YR2009,Syrian Arab Republic,SYR,..
2009,YR2009,Tajikistan,TJK,72.3865698126851
2009,YR2009,Tanzania,TZA,..
2009,YR2009,Thailand,THA,..
2009,YR2009,Timor-Leste,TLS,..
2009,YR2009,Togo,TGO,8.54856979842672
2009,YR2009,Tonga,TON,..
2009,YR2009,Trinidad and Tobago,TTO,90.0634425479679
2009,YR2009,Tunisia,TUN,86.8595686678382
2009,YR2009,Turkiye,TUR,..
2009,YR2009,Turkmenistan,TKM,87.0651815463992
2009,YR2009,Turks and Caicos Islands,TCA,..
2009,YR2009,Tuvalu,TUV,..
2009,YR2009,Uganda,UGA,13.0760333397783
2009,YR2009,Ukraine,UKR,..
2009,YR2009,United Arab Emirates,ARE,..
2009,YR2009,United Kingdom,GBR,..
2009,YR2009,United States,USA,..
2009,YR2009,Uruguay,URY,..
2009,YR2009,Uzbekistan,UZB,..
2009,YR2009,Vanuatu,VUT,27.1844924264895
2009,YR2009,"Venezuela, RB",VEN,..
2009,YR2009,Viet Nam,VNM,84.5714571672781
2009,YR2009,Virgin Islands (U.S.),VIR,..
2009,YR2009,West Bank and Gaza,PSE,..
2009,YR2009,"Yemen, Rep.",YEM,46.9895764554767
2009,YR2009,Zambia,ZMB,16.8094272745255
2009,YR2009,Zimbabwe,ZWE,42.648746154876
2010,YR2010,Africa Eastern and Southern,AFE,..
2010,YR2010,Africa Western and Central,AFW,..
2010,YR2010,Arab World,ARB,..
2010,YR2010,Caribbean small states,CSS,..
2010,YR2010,Central Europe and the Baltics,CEB,..
2010,YR2010,Early-demographic dividend,EAR,58.7667113098185
2010,YR2010,East Asia & Pacific,EAS,..
2010,YR2010,East Asia & Pacific (excluding high income),EAP,..
2010,YR2010,East Asia & Pacific (IDA & IBRD countries),TEA,..
2010,YR2010,Euro area,EMU,..
2010,YR2010,Europe & Central Asia,ECS,..
2010,YR2010,Europe & Central Asia (excluding high income),ECA,..
2010,YR2010,Europe & Central Asia (IDA & IBRD countries),TEC,..
2010,YR2010,European Union,EUU,..
2010,YR2010,Fragile and conflict affected situations,FCS,..
2010,YR2010,Heavily indebted poor countries (HIPC),HPC,18.5289923082354
2010,YR2010,High income,HIC,..
2010,YR2010,IBRD only,IBD,..
2010,YR2010,IDA & IBRD total,IBT,..
2010,YR2010,IDA blend,IDB,..
2010,YR2010,IDA only,IDX,..
2010,YR2010,IDA total,IDA,..
2010,YR2010,Late-demographic dividend,LTE,..
2010,YR2010,Latin America & Caribbean,LCN,..
2010,YR2010,Latin America & Caribbean (excluding high income),LAC,..
2010,YR2010,Latin America & the Caribbean (IDA & IBRD countries),TLA,..
2010,YR2010,Least developed countries: UN classification,LDC,26.1100129973508
2010,YR2010,Low & middle income,LMY,..
2010,YR2010,Low income,LIC,17.5581635503076
2010,YR2010,Lower middle income,LMC,56.453398713107
2010,YR2010,Middle East & North Africa,MEA,..
2010,YR2010,Middle East & North Africa (excluding high income),MNA,..
2010,YR2010,Middle East & North Africa (IDA & IBRD countries),TMN,..
2010,YR2010,Middle income,MIC,..
2010,YR2010,North America,NAC,..
2010,YR2010,Not classified,INX,..
2010,YR2010,OECD members,OED,..
2010,YR2010,Other small states,OSS,..
2010,YR2010,Pacific island small states,PSS,..
2010,YR2010,Post-demographic dividend,PST,..
2010,YR2010,Pre-demographic dividend,PRE,..
2010,YR2010,Small states,SST,..
2010,YR2010,South Asia,SAS,54.7806552870703
2010,YR2010,South Asia (IDA & IBRD),TSA,54.7806552870703
2010,YR2010,Sub-Saharan Africa,SSF,..
2010,YR2010,Sub-Saharan Africa (excluding high income),SSA,..
2010,YR2010,Sub-Saharan Africa (IDA & IBRD countries),TSS,..
2010,YR2010,Upper middle income,UMC,..
2010,YR2010,World,WLD,..
2010,YR2010,Afghanistan,AFG,37.543786869771
2010,YR2010,Albania,ALB,..
2010,YR2010,Algeria,DZA,83.2519568600196
2010,YR2010,American Samoa,ASM,..
2010,YR2010,Andorra,AND,..
2010,YR2010,Angola,AGO,..
2010,YR2010,Antigua and Barbuda,ATG,..
2010,YR2010,Argentina,ARG,..
2010,YR2010,Armenia,ARM,89.4729019259844
2010,YR2010,Aruba,ABW,..
2010,YR2010,Australia,AUS,..
2010,YR2010,Austria,AUT,..
2010,YR2010,Azerbaijan,AZE,89.2363869223163
2010,YR2010,"Bahamas, The",BHS,..
2010,YR2010,Bahrain,BHR,..
2010,YR2010,Bangladesh,BGD,24.4200511170471
2010,YR2010,Barbados,BRB,88.4693506083686
2010,YR2010,Belarus,BLR,..
2010,YR2010,Belgium,BEL,..
2010,YR2010,Belize,BLZ,83.3255412404195
2010,YR2010,Benin,BEN,6.46957212918474
2010,YR2010,Bermuda,BMU,..
2010,YR2010,Bhutan,BTN,79.1850877831154
2010,YR2010,Bolivia,BOL,26.6709727746187
2010,YR2010,Bosnia and Herzegovina,BIH,97.2110922145805
2010,YR2010,Botswana,BWA,..
2010,YR2010,Brazil,BRA,..
2010,YR2010,British Virgin Islands,VGB,..
2010,YR2010,Brunei Darussalam,BRN,..
2010,YR2010,Bulgaria,BGR,..
2010,YR2010,Burkina Faso,BFA,8.46910005211162
2010,YR2010,Burundi,BDI,6.09912866939966
2010,YR2010,Cabo Verde,CPV,..
2010,YR2010,Cambodia,KHM,60.685689059795
2010,YR2010,Cameroon,CMR,..
2010,YR2010,Canada,CAN,..
2010,YR2010,Cayman Islands,CYM,..
2010,YR2010,Central African Republic,CAF,16.6572111881375
2010,YR2010,Chad,TCD,16.4615105596223
2010,YR2010,Channel Islands,CHI,..
2010,YR2010,Chile,CHL,..
2010,YR2010,China,CHN,..
2010,YR2010,Colombia,COL,..
2010,YR2010,Comoros,COM,15.5527560287023
2010,YR2010,"Congo, Dem. Rep.",COD,..
2010,YR2010,"Congo, Rep.",COG,..
2010,YR2010,Costa Rica,CRI,83.6274084170435
2010,YR2010,Cote d'Ivoire,CIV,15.0610953389298
2010,YR2010,Croatia,HRV,..
2010,YR2010,Cuba,CUB,82.8187083507504
2010,YR2010,Curacao,CUW,..
2010,YR2010,Cyprus,CYP,..
2010,YR2010,Czechia,CZE,..
2010,YR2010,Denmark,DNK,..
2010,YR2010,Djibouti,DJI,..
2010,YR2010,Dominica,DMA,..
2010,YR2010,Dominican Republic,DOM,53.1805198281678
2010,YR2010,Ecuador,ECU,86.9755185497672
2010,YR2010,"Egypt, Arab Rep.",EGY,80.948383811599
2010,YR2010,El Salvador,SLV,90.2957510191444
2010,YR2010,Equatorial Guinea,GNQ,23.9343476571312
2010,YR2010,Eritrea,ERI,..
2010,YR2010,Estonia,EST,..
2010,YR2010,Eswatini,SWZ,23.7848112343019
2010,YR2010,Ethiopia,ETH,7.49747295214657
2010,YR2010,Faroe Islands,FRO,..
2010,YR2010,Fiji,FJI,..
2010,YR2010,Finland,FIN,..
2010,YR2010,France,FRA,..
2010,YR2010,French Polynesia,PYF,..
2010,YR2010,Gabon,GAB,..
2010,YR2010,"Gambia, The",GMB,..
2010,YR2010,Georgia,GEO,..
2010,YR2010,Germany,DEU,..
2010,YR2010,Ghana,GHA,..
2010,YR2010,Gibraltar,GIB,..
2010,YR2010,Greece,GRC,..
2010,YR2010,Greenland,GRL,..
2010,YR2010,Grenada,GRD,..
2010,YR2010,Guam,GUM,..
2010,YR2010,Guatemala,GTM,..
2010,YR2010,Guinea,GIN,..
2010,YR2010,Guinea-Bissau,GNB,2.95861498936679
2010,YR2010,Guyana,GUY,75.8954520760344
2010,YR2010,Haiti,HTI,24.7484995322349
2010,YR2010,Honduras,HND,83.6810396572063
2010,YR2010,"Hong Kong SAR, China",HKG,..
2010,YR2010,Hungary,HUN,..
2010,YR2010,Iceland,ISL,..
2010,YR2010,India,IND,59.338579622901
2010,YR2010,Indonesia,IDN,75.7845584963561
2010,YR2010,"Iran, Islamic Rep.",IRN,..
2010,YR2010,Iraq,IRQ,90.2450102600499
2010,YR2010,Ireland,IRL,..
2010,YR2010,Isle of Man,IMN,..
2010,YR2010,Israel,ISR,..
2010,YR2010,Italy,ITA,..
2010,YR2010,Jamaica,JAM,66.5817297277811
2010,YR2010,Japan,JPN,..
2010,YR2010,Jordan,JOR,..
2010,YR2010,Kazakhstan,KAZ,..
2010,YR2010,Kenya,KEN,..
2010,YR2010,Kiribati,KIR,..
2010,YR2010,"Korea, Dem. People's Rep.",PRK,..
2010,YR2010,"Korea, Rep.",KOR,..
2010,YR2010,Kosovo,XKX,..
2010,YR2010,Kuwait,KWT,..
2010,YR2010,Kyrgyz Republic,KGZ,83.6254493179723
2010,YR2010,Lao PDR,LAO,..
2010,YR2010,Latvia,LVA,..
2010,YR2010,Lebanon,LBN,..
2010,YR2010,Lesotho,LSO,5.22455974033783
2010,YR2010,Liberia,LBR,..
2010,YR2010,Libya,LBY,..
2010,YR2010,Liechtenstein,LIE,..
2010,YR2010,Lithuania,LTU,..
2010,YR2010,Luxembourg,LUX,..
2010,YR2010,"Macao SAR, China",MAC,..
2010,YR2010,Madagascar,MDG,23.7103320121403
2010,YR2010,Malawi,MWI,15.3367120218591
2010,YR2010,Malaysia,MYS,..
2010,YR2010,Maldives,MDV,..
2010,YR2010,Mali,MLI,..
2010,YR2010,Malta,MLT,..
2010,YR2010,Marshall Islands,MHL,..
2010,YR2010,Mauritania,MRT,53.9592987981923
2010,YR2010,Mauritius,MUS,..
2010,YR2010,Mexico,MEX,90.6538332389721
2010,YR2010,"Micronesia, Fed. Sts.",FSM,..
2010,YR2010,Moldova,MDA,86.9915213764756
2010,YR2010,Monaco,MCO,..
2010,YR2010,Mongolia,MNG,66.0275040737866
2010,YR2010,Montenegro,MNE,..
2010,YR2010,Morocco,MAR,..
2010,YR2010,Mozambique,MOZ,11.8805189337948
2010,YR2010,Myanmar,MMR,74.2287454200999
2010,YR2010,Namibia,NAM,42.0186182980196
2010,YR2010,Nauru,NRU,..
2010,YR2010,Nepal,NPL,48.2360302610124
2010,YR2010,Netherlands,NLD,..
2010,YR2010,New Caledonia,NCL,..
2010,YR2010,New Zealand,NZL,..
2010,YR2010,Nicaragua,NIC,..
2010,YR2010,Niger,NER,12.549246692477
2010,YR2010,Nigeria,NGA,..
2010,YR2010,North Macedonia,MKD,..
2010,YR2010,Northern Mariana Islands,MNP,..
2010,YR2010,Norway,NOR,..
2010,YR2010,Oman,OMN,..
2010,YR2010,Pakistan,PAK,52.1942807825628
2010,YR2010,Palau,PLW,..
2010,YR2010,Panama,PAN,..
2010,YR2010,Papua New Guinea,PNG,..
2010,YR2010,Paraguay,PRY,..
2010,YR2010,Peru,PER,..
2010,YR2010,Philippines,PHL,..
2010,YR2010,Poland,POL,..
2010,YR2010,Portugal,PRT,..
2010,YR2010,Puerto Rico,PRI,..
2010,YR2010,Qatar,QAT,..
2010,YR2010,Romania,ROU,..
2010,YR2010,Russian Federation,RUS,..
2010,YR2010,Rwanda,RWA,7.48912776202824
2010,YR2010,Samoa,WSM,..
2010,YR2010,San Marino,SMR,..
2010,YR2010,Sao Tome and Principe,STP,38.2726476882523
2010,YR2010,Saudi Arabia,SAU,..
2010,YR2010,Senegal,SEN,..
2010,YR2010,Serbia,SRB,98.1290831293882
2010,YR2010,Seychelles,SYC,..
2010,YR2010,Sierra Leone,SLE,11.9887386281318
2010,YR2010,Singapore,SGP,..
2010,YR2010,Sint Maarten (Dutch part),SXM,..
2010,YR2010,Slovak Republic,SVK,..
2010,YR2010,Slovenia,SVN,..
2010,YR2010,Solomon Islands,SLB,..
2010,YR2010,Somalia,SOM,..
2010,YR2010,South Africa,ZAF,..
2010,YR2010,South Sudan,SSD,..
2010,YR2010,Spain,ESP,..
2010,YR2010,Sri Lanka,LKA,..
2010,YR2010,St. Kitts and Nevis,KNA,..
2010,YR2010,St. Lucia,LCA,87.3308483897445
2010,YR2010,St. Martin (French part),MAF,..
2010,YR2010,St. Vincent and the Grenadines,VCT,..
2010,YR2010,Sudan,SDN,26.5009630827212
2010,YR2010,Suriname,SUR,..
2010,YR2010,Sweden,SWE,..
2010,YR2010,Switzerland,CHE,..
2010,YR2010,Syrian Arab Republic,SYR,..
2010,YR2010,Tajikistan,TJK,72.3870130001323
2010,YR2010,Tanzania,TZA,27.3678746462573
2010,YR2010,Thailand,THA,84.7016748986473
2010,YR2010,Timor-Leste,TLS,..
2010,YR2010,Togo,TGO,9.38653451277626
2010,YR2010,Tonga,TON,..
2010,YR2010,Trinidad and Tobago,TTO,90.0634425479679
2010,YR2010,Tunisia,TUN,86.9436644783503
2010,YR2010,Turkiye,TUR,..
2010,YR2010,Turkmenistan,TKM,88.8505904428365
2010,YR2010,Turks and Caicos Islands,TCA,..
2010,YR2010,Tuvalu,TUV,..
2010,YR2010,Uganda,UGA,14.3894552785825
2010,YR2010,Ukraine,UKR,..
2010,YR2010,United Arab Emirates,ARE,..
2010,YR2010,United Kingdom,GBR,..
2010,YR2010,United States,USA,..
2010,YR2010,Uruguay,URY,..
2010,YR2010,Uzbekistan,UZB,..
2010,YR2010,Vanuatu,VUT,27.2512835621339
2010,YR2010,"Venezuela, RB",VEN,..
2010,YR2010,Viet Nam,VNM,84.8843752881511
2010,YR2010,Virgin Islands (U.S.),VIR,..
2010,YR2010,West Bank and Gaza,PSE,..
2010,YR2010,"Yemen, Rep.",YEM,47.1855146533784
2010,YR2010,Zambia,ZMB,16.9057344307889
2010,YR2010,Zimbabwe,ZWE,42.6130772300004
2011,YR2011,Africa Eastern and Southern,AFE,19.6042016352893
2011,YR2011,Africa Western and Central,AFW,25.4836131785022
2011,YR2011,Arab World,ARB,..
2011,YR2011,Caribbean small states,CSS,..
2011,YR2011,Central Europe and the Baltics,CEB,..
2011,YR2011,Early-demographic dividend,EAR,59.8989829847992
2011,YR2011,East Asia & Pacific,EAS,..
2011,YR2011,East Asia & Pacific (excluding high income),EAP,..
2011,YR2011,East Asia & Pacific (IDA & IBRD countries),TEA,..
2011,YR2011,Euro area,EMU,..
2011,YR2011,Europe & Central Asia,ECS,..
2011,YR2011,Europe & Central Asia (excluding high income),ECA,..
2011,YR2011,Europe & Central Asia (IDA & IBRD countries),TEC,..
2011,YR2011,European Union,EUU,..
2011,YR2011,Fragile and conflict affected situations,FCS,32.3316033614355
2011,YR2011,Heavily indebted poor countries (HIPC),HPC,20.312727532179
2011,YR2011,High income,HIC,..
2011,YR2011,IBRD only,IBD,..
2011,YR2011,IDA & IBRD total,IBT,..
2011,YR2011,IDA blend,IDB,..
2011,YR2011,IDA only,IDX,..
2011,YR2011,IDA total,IDA,..
2011,YR2011,Late-demographic dividend,LTE,..
2011,YR2011,Latin America & Caribbean,LCN,..
2011,YR2011,Latin America & Caribbean (excluding high income),LAC,..
2011,YR2011,Latin America & the Caribbean (IDA & IBRD countries),TLA,..
2011,YR2011,Least developed countries: UN classification,LDC,26.9543106350115
2011,YR2011,Low & middle income,LMY,..
2011,YR2011,Low income,LIC,17.9450157840904
2011,YR2011,Lower middle income,LMC,55.247302301021
2011,YR2011,Middle East & North Africa,MEA,..
2011,YR2011,Middle East & North Africa (excluding high income),MNA,..
2011,YR2011,Middle East & North Africa (IDA & IBRD countries),TMN,..
2011,YR2011,Middle income,MIC,..
2011,YR2011,North America,NAC,..
2011,YR2011,Not classified,INX,..
2011,YR2011,OECD members,OED,..
2011,YR2011,Other small states,OSS,..
2011,YR2011,Pacific island small states,PSS,..
2011,YR2011,Post-demographic dividend,PST,..
2011,YR2011,Pre-demographic dividend,PRE,28.1491529218315
2011,YR2011,Small states,SST,..
2011,YR2011,South Asia,SAS,55.2182094815279
2011,YR2011,South Asia (IDA & IBRD),TSA,55.2182094815279
2011,YR2011,Sub-Saharan Africa,SSF,22.3158881537427
2011,YR2011,Sub-Saharan Africa (excluding high income),SSA,22.3158881537427
2011,YR2011,Sub-Saharan Africa (IDA & IBRD countries),TSS,22.3158881537427
2011,YR2011,Upper middle income,UMC,..
2011,YR2011,World,WLD,..
2011,YR2011,Afghanistan,AFG,38.4759927139703
2011,YR2011,Albania,ALB,..
2011,YR2011,Algeria,DZA,83.3593281690104
2011,YR2011,American Samoa,ASM,..
2011,YR2011,Andorra,AND,..
2011,YR2011,Angola,AGO,..
2011,YR2011,Antigua and Barbuda,ATG,..
2011,YR2011,Argentina,ARG,..
2011,YR2011,Armenia,ARM,90.1149813985423
2011,YR2011,Aruba,ABW,..
2011,YR2011,Australia,AUS,..
2011,YR2011,Austria,AUT,..
2011,YR2011,Azerbaijan,AZE,89.2444478924505
2011,YR2011,"Bahamas, The",BHS,..
2011,YR2011,Bahrain,BHR,..
2011,YR2011,Bangladesh,BGD,27.9398974348485
2011,YR2011,Barbados,BRB,88.4693506083686
2011,YR2011,Belarus,BLR,..
2011,YR2011,Belgium,BEL,..
2011,YR2011,Belize,BLZ,84.318323038531
2011,YR2011,Benin,BEN,7.01592828842696
2011,YR2011,Bermuda,BMU,..
2011,YR2011,Bhutan,BTN,80.5915662246046
2011,YR2011,Bolivia,BOL,26.7028996961572
2011,YR2011,Bosnia and Herzegovina,BIH,97.219251539157
2011,YR2011,Botswana,BWA,..
2011,YR2011,Brazil,BRA,..
2011,YR2011,British Virgin Islands,VGB,..
2011,YR2011,Brunei Darussalam,BRN,..
2011,YR2011,Bulgaria,BGR,..
2011,YR2011,Burkina Faso,BFA,8.54698841274423
2011,YR2011,Burundi,BDI,6.10966510916396
2011,YR2011,Cabo Verde,CPV,..
2011,YR2011,Cambodia,KHM,60.8106712079698
2011,YR2011,Cameroon,CMR,..
2011,YR2011,Canada,CAN,..
2011,YR2011,Cayman Islands,CYM,..
2011,YR2011,Central African Republic,CAF,17.0940221374398
2011,YR2011,Chad,TCD,17.3461884423527
2011,YR2011,Channel Islands,CHI,..
2011,YR2011,Chile,CHL,..
2011,YR2011,China,CHN,..
2011,YR2011,Colombia,COL,68.4689311357094
2011,YR2011,Comoros,COM,15.5549109527583
2011,YR2011,"Congo, Dem. Rep.",COD,..
2011,YR2011,"Congo, Rep.",COG,47.2961293101654
2011,YR2011,Costa Rica,CRI,83.8413498706823
2011,YR2011,Cote d'Ivoire,CIV,15.7022175884365
2011,YR2011,Croatia,HRV,..
2011,YR2011,Cuba,CUB,82.830891671047
2011,YR2011,Curacao,CUW,..
2011,YR2011,Cyprus,CYP,..
2011,YR2011,Czechia,CZE,..
2011,YR2011,Denmark,DNK,..
2011,YR2011,Djibouti,DJI,..
2011,YR2011,Dominica,DMA,..
2011,YR2011,Dominican Republic,DOM,53.3540205084918
2011,YR2011,Ecuador,ECU,86.9972764574632
2011,YR2011,"Egypt, Arab Rep.",EGY,82.4280494080897
2011,YR2011,El Salvador,SLV,90.3494052538099
2011,YR2011,Equatorial Guinea,GNQ,24.0292572312106
2011,YR2011,Eritrea,ERI,..
2011,YR2011,Estonia,EST,..
2011,YR2011,Eswatini,SWZ,23.853278341766
2011,YR2011,Ethiopia,ETH,7.56166183752956
2011,YR2011,Faroe Islands,FRO,..
2011,YR2011,Fiji,FJI,..
2011,YR2011,Finland,FIN,..
2011,YR2011,France,FRA,..
2011,YR2011,French Polynesia,PYF,..
2011,YR2011,Gabon,GAB,..
2011,YR2011,"Gambia, The",GMB,..
2011,YR2011,Georgia,GEO,..
2011,YR2011,Germany,DEU,..
2011,YR2011,Ghana,GHA,40.8499831627003
2011,YR2011,Gibraltar,GIB,..
2011,YR2011,Greece,GRC,..
2011,YR2011,Greenland,GRL,..
2011,YR2011,Grenada,GRD,..
2011,YR2011,Guam,GUM,..
2011,YR2011,Guatemala,GTM,76.4023821363382
2011,YR2011,Guinea,GIN,..
2011,YR2011,Guinea-Bissau,GNB,4.45728674494288
2011,YR2011,Guyana,GUY,75.8992087375604
2011,YR2011,Haiti,HTI,24.4954546767111
2011,YR2011,Honduras,HND,83.8396028565901
2011,YR2011,"Hong Kong SAR, China",HKG,..
2011,YR2011,Hungary,HUN,..
2011,YR2011,Iceland,ISL,..
2011,YR2011,India,IND,59.4349176344164
2011,YR2011,Indonesia,IDN,76.1456457007876
2011,YR2011,"Iran, Islamic Rep.",IRN,..
2011,YR2011,Iraq,IRQ,90.9818018706392
2011,YR2011,Ireland,IRL,..
2011,YR2011,Isle of Man,IMN,..
2011,YR2011,Israel,ISR,..
2011,YR2011,Italy,ITA,..
2011,YR2011,Jamaica,JAM,66.5930156230977
2011,YR2011,Japan,JPN,..
2011,YR2011,Jordan,JOR,..
2011,YR2011,Kazakhstan,KAZ,..
2011,YR2011,Kenya,KEN,37.0868826168697
2011,YR2011,Kiribati,KIR,..
2011,YR2011,"Korea, Dem. People's Rep.",PRK,..
2011,YR2011,"Korea, Rep.",KOR,..
2011,YR2011,Kosovo,XKX,..
2011,YR2011,Kuwait,KWT,..
2011,YR2011,Kyrgyz Republic,KGZ,85.2576056853442
2011,YR2011,Lao PDR,LAO,..
2011,YR2011,Latvia,LVA,..
2011,YR2011,Lebanon,LBN,..
2011,YR2011,Lesotho,LSO,5.25912607899745
2011,YR2011,Liberia,LBR,..
2011,YR2011,Libya,LBY,..
2011,YR2011,Liechtenstein,LIE,..
2011,YR2011,Lithuania,LTU,..
2011,YR2011,Luxembourg,LUX,..
2011,YR2011,"Macao SAR, China",MAC,..
2011,YR2011,Madagascar,MDG,23.7040786478568
2011,YR2011,Malawi,MWI,15.3258767470413
2011,YR2011,Malaysia,MYS,..
2011,YR2011,Maldives,MDV,..
2011,YR2011,Mali,MLI,..
2011,YR2011,Malta,MLT,..
2011,YR2011,Marshall Islands,MHL,..
2011,YR2011,Mauritania,MRT,54.207715973137
2011,YR2011,Mauritius,MUS,..
2011,YR2011,Mexico,MEX,90.653828610083
2011,YR2011,"Micronesia, Fed. Sts.",FSM,..
2011,YR2011,Moldova,MDA,86.9880777918652
2011,YR2011,Monaco,MCO,..
2011,YR2011,Mongolia,MNG,68.1934724028323
2011,YR2011,Montenegro,MNE,..
2011,YR2011,Morocco,MAR,..
2011,YR2011,Mozambique,MOZ,11.948732930818
2011,YR2011,Myanmar,MMR,74.2522368832729
2011,YR2011,Namibia,NAM,42.3752957799391
2011,YR2011,Nauru,NRU,..
2011,YR2011,Nepal,NPL,49.6677256727821
2011,YR2011,Netherlands,NLD,..
2011,YR2011,New Caledonia,NCL,..
2011,YR2011,New Zealand,NZL,..
2011,YR2011,Nicaragua,NIC,..
2011,YR2011,Niger,NER,13.6344356371984
2011,YR2011,Nigeria,NGA,29.6769780620893
2011,YR2011,North Macedonia,MKD,..
2011,YR2011,Northern Mariana Islands,MNP,..
2011,YR2011,Norway,NOR,..
2011,YR2011,Oman,OMN,..
2011,YR2011,Pakistan,PAK,52.2848106927153
2011,YR2011,Palau,PLW,..
2011,YR2011,Panama,PAN,..
2011,YR2011,Papua New Guinea,PNG,..
2011,YR2011,Paraguay,PRY,..
2011,YR2011,Peru,PER,..
2011,YR2011,Philippines,PHL,81.585054215243
2011,YR2011,Poland,POL,..
2011,YR2011,Portugal,PRT,..
2011,YR2011,Puerto Rico,PRI,..
2011,YR2011,Qatar,QAT,..
2011,YR2011,Romania,ROU,..
2011,YR2011,Russian Federation,RUS,..
2011,YR2011,Rwanda,RWA,8.47204996489013
2011,YR2011,Samoa,WSM,..
2011,YR2011,San Marino,SMR,..
2011,YR2011,Sao Tome and Principe,STP,38.0875826989662
2011,YR2011,Saudi Arabia,SAU,..
2011,YR2011,Senegal,SEN,21.0541063671147
2011,YR2011,Serbia,SRB,98.1294758769751
2011,YR2011,Seychelles,SYC,..
2011,YR2011,Sierra Leone,SLE,12.5031416491387
2011,YR2011,Singapore,SGP,..
2011,YR2011,Sint Maarten (Dutch part),SXM,..
2011,YR2011,Slovak Republic,SVK,..
2011,YR2011,Slovenia,SVN,..
2011,YR2011,Solomon Islands,SLB,37.0717309632291
2011,YR2011,Somalia,SOM,..
2011,YR2011,South Africa,ZAF,..
2011,YR2011,South Sudan,SSD,..
2011,YR2011,Spain,ESP,..
2011,YR2011,Sri Lanka,LKA,..
2011,YR2011,St. Kitts and Nevis,KNA,..
2011,YR2011,St. Lucia,LCA,87.3308489035867
2011,YR2011,St. Martin (French part),MAF,..
2011,YR2011,St. Vincent and the Grenadines,VCT,..
2011,YR2011,Sudan,SDN,26.5009630827212
2011,YR2011,Suriname,SUR,..
2011,YR2011,Sweden,SWE,..
2011,YR2011,Switzerland,CHE,..
2011,YR2011,Syrian Arab Republic,SYR,..
2011,YR2011,Tajikistan,TJK,72.4193669199874
2011,YR2011,Tanzania,TZA,27.491506486997
2011,YR2011,Thailand,THA,84.7312373249259
2011,YR2011,Timor-Leste,TLS,..
2011,YR2011,Togo,TGO,10.2294691276347
2011,YR2011,Tonga,TON,..
2011,YR2011,Trinidad and Tobago,TTO,90.0634425479679
2011,YR2011,Tunisia,TUN,86.6728550267178
2011,YR2011,Turkiye,TUR,..
2011,YR2011,Turkmenistan,TKM,90.6285128503593
2011,YR2011,Turks and Caicos Islands,TCA,..
2011,YR2011,Tuvalu,TUV,..
2011,YR2011,Uganda,UGA,15.711892074304
2011,YR2011,Ukraine,UKR,..
2011,YR2011,United Arab Emirates,ARE,..
2011,YR2011,United Kingdom,GBR,..
2011,YR2011,United States,USA,..
2011,YR2011,Uruguay,URY,..
2011,YR2011,Uzbekistan,UZB,..
2011,YR2011,Vanuatu,VUT,27.2888531603256
2011,YR2011,"Venezuela, RB",VEN,..
2011,YR2011,Viet Nam,VNM,85.1983834116102
2011,YR2011,Virgin Islands (U.S.),VIR,..
2011,YR2011,West Bank and Gaza,PSE,..
2011,YR2011,"Yemen, Rep.",YEM,47.383470228783
2011,YR2011,Zambia,ZMB,17.0024327200367
2011,YR2011,Zimbabwe,ZWE,42.577604589427
2012,YR2012,Africa Eastern and Southern,AFE,22.8965442231249
2012,YR2012,Africa Western and Central,AFW,25.6859833928114
2012,YR2012,Arab World,ARB,73.0591078558989
2012,YR2012,Caribbean small states,CSS,..
2012,YR2012,Central Europe and the Baltics,CEB,..
2012,YR2012,Early-demographic dividend,EAR,60.3879176533219
2012,YR2012,East Asia & Pacific,EAS,..
2012,YR2012,East Asia & Pacific (excluding high income),EAP,..
2012,YR2012,East Asia & Pacific (IDA & IBRD countries),TEA,..
2012,YR2012,Euro area,EMU,..
2012,YR2012,Europe & Central Asia,ECS,..
2012,YR2012,Europe & Central Asia (excluding high income),ECA,..
2012,YR2012,Europe & Central Asia (IDA & IBRD countries),TEC,..
2012,YR2012,European Union,EUU,..
2012,YR2012,Fragile and conflict affected situations,FCS,34.5296839850302
2012,YR2012,Heavily indebted poor countries (HIPC),HPC,20.5965944608927
2012,YR2012,High income,HIC,..
2012,YR2012,IBRD only,IBD,..
2012,YR2012,IDA & IBRD total,IBT,..
2012,YR2012,IDA blend,IDB,..
2012,YR2012,IDA only,IDX,..
2012,YR2012,IDA total,IDA,..
2012,YR2012,Late-demographic dividend,LTE,..
2012,YR2012,Latin America & Caribbean,LCN,..
2012,YR2012,Latin America & Caribbean (excluding high income),LAC,..
2012,YR2012,Latin America & the Caribbean (IDA & IBRD countries),TLA,..
2012,YR2012,Least developed countries: UN classification,LDC,27.762119445682
2012,YR2012,Low & middle income,LMY,..
2012,YR2012,Low income,LIC,22.0645368118715
2012,YR2012,Lower middle income,LMC,55.5179245694918
2012,YR2012,Middle East & North Africa,MEA,..
2012,YR2012,Middle East & North Africa (excluding high income),MNA,..
2012,YR2012,Middle East & North Africa (IDA & IBRD countries),TMN,..
2012,YR2012,Middle income,MIC,..
2012,YR2012,North America,NAC,..
2012,YR2012,Not classified,INX,..
2012,YR2012,OECD members,OED,..
2012,YR2012,Other small states,OSS,..
2012,YR2012,Pacific island small states,PSS,..
2012,YR2012,Post-demographic dividend,PST,..
2012,YR2012,Pre-demographic dividend,PRE,28.3816725340608
2012,YR2012,Small states,SST,..
2012,YR2012,South Asia,SAS,56.0020636480868
2012,YR2012,South Asia (IDA & IBRD),TSA,56.0020636480868
2012,YR2012,Sub-Saharan Africa,SSF,24.0570745040893
2012,YR2012,Sub-Saharan Africa (excluding high income),SSA,24.0570745040893
2012,YR2012,Sub-Saharan Africa (IDA & IBRD countries),TSS,24.0570745040893
2012,YR2012,Upper middle income,UMC,..
2012,YR2012,World,WLD,..
2012,YR2012,Afghanistan,AFG,39.3999913055947
2012,YR2012,Albania,ALB,..
2012,YR2012,Algeria,DZA,83.5238946865599
2012,YR2012,American Samoa,ASM,..
2012,YR2012,Andorra,AND,..
2012,YR2012,Angola,AGO,25.9416890630751
2012,YR2012,Antigua and Barbuda,ATG,..
2012,YR2012,Argentina,ARG,..
2012,YR2012,Armenia,ARM,90.7594537432014
2012,YR2012,Aruba,ABW,..
2012,YR2012,Australia,AUS,..
2012,YR2012,Austria,AUT,..
2012,YR2012,Azerbaijan,AZE,89.2530419349677
2012,YR2012,"Bahamas, The",BHS,..
2012,YR2012,Bahrain,BHR,..
2012,YR2012,Bangladesh,BGD,31.4338413674952
2012,YR2012,Barbados,BRB,88.4693506083686
2012,YR2012,Belarus,BLR,..
2012,YR2012,Belgium,BEL,..
2012,YR2012,Belize,BLZ,85.164763400856
2012,YR2012,Benin,BEN,7.56431937564761
2012,YR2012,Bermuda,BMU,..
2012,YR2012,Bhutan,BTN,81.9713579938133
2012,YR2012,Bolivia,BOL,26.7346116816216
2012,YR2012,Bosnia and Herzegovina,BIH,97.2274326948844
2012,YR2012,Botswana,BWA,..
2012,YR2012,Brazil,BRA,..
2012,YR2012,British Virgin Islands,VGB,..
2012,YR2012,Brunei Darussalam,BRN,..
2012,YR2012,Bulgaria,BGR,..
2012,YR2012,Burkina Faso,BFA,8.61995831731349
2012,YR2012,Burundi,BDI,6.11876230100587
2012,YR2012,Cabo Verde,CPV,..
2012,YR2012,Cambodia,KHM,60.9373458791753
2012,YR2012,Cameroon,CMR,..
2012,YR2012,Canada,CAN,..
2012,YR2012,Cayman Islands,CYM,..
2012,YR2012,Central African Republic,CAF,17.5393252367908
2012,YR2012,Chad,TCD,18.2334009397778
2012,YR2012,Channel Islands,CHI,..
2012,YR2012,Chile,CHL,..
2012,YR2012,China,CHN,..
2012,YR2012,Colombia,COL,68.6348998663311
2012,YR2012,Comoros,COM,15.5575810563207
2012,YR2012,"Congo, Dem. Rep.",COD,..
2012,YR2012,"Congo, Rep.",COG,47.4071830287491
2012,YR2012,Costa Rica,CRI,84.0594487056901
2012,YR2012,Cote d'Ivoire,CIV,16.3459048148957
2012,YR2012,Croatia,HRV,..
2012,YR2012,Cuba,CUB,82.8430834094127
2012,YR2012,Curacao,CUW,..
2012,YR2012,Cyprus,CYP,..
2012,YR2012,Czechia,CZE,..
2012,YR2012,Denmark,DNK,..
2012,YR2012,Djibouti,DJI,..
2012,YR2012,Dominica,DMA,..
2012,YR2012,Dominican Republic,DOM,53.511529994108
2012,YR2012,Ecuador,ECU,87.015787290728
2012,YR2012,"Egypt, Arab Rep.",EGY,83.9040111031808
2012,YR2012,El Salvador,SLV,90.4023757245356
2012,YR2012,Equatorial Guinea,GNQ,24.1219586986272
2012,YR2012,Eritrea,ERI,..
2012,YR2012,Estonia,EST,..
2012,YR2012,Eswatini,SWZ,23.8996486746362
2012,YR2012,Ethiopia,ETH,7.62724018294233
2012,YR2012,Faroe Islands,FRO,..
2012,YR2012,Fiji,FJI,..
2012,YR2012,Finland,FIN,..
2012,YR2012,France,FRA,..
2012,YR2012,French Polynesia,PYF,..
2012,YR2012,Gabon,GAB,..
2012,YR2012,"Gambia, The",GMB,12.8358755062731
2012,YR2012,Georgia,GEO,..
2012,YR2012,Germany,DEU,..
2012,YR2012,Ghana,GHA,40.9289158986907
2012,YR2012,Gibraltar,GIB,..
2012,YR2012,Greece,GRC,..
2012,YR2012,Greenland,GRL,..
2012,YR2012,Grenada,GRD,..
2012,YR2012,Guam,GUM,..
2012,YR2012,Guatemala,GTM,76.4421365173934
2012,YR2012,Guinea,GIN,..
2012,YR2012,Guinea-Bissau,GNB,5.95965824230972
2012,YR2012,Guyana,GUY,75.8992063765115
2012,YR2012,Haiti,HTI,24.2375041116897
2012,YR2012,Honduras,HND,83.9897495448321
2012,YR2012,"Hong Kong SAR, China",HKG,..
2012,YR2012,Hungary,HUN,..
2012,YR2012,Iceland,ISL,..
2012,YR2012,India,IND,59.5346008751458
2012,YR2012,Indonesia,IDN,76.4897022826397
2012,YR2012,"Iran, Islamic Rep.",IRN,..
2012,YR2012,Iraq,IRQ,91.7134504167366
2012,YR2012,Ireland,IRL,..
2012,YR2012,Isle of Man,IMN,..
2012,YR2012,Israel,ISR,..
2012,YR2012,Italy,ITA,..
2012,YR2012,Jamaica,JAM,66.6052035598077
2012,YR2012,Japan,JPN,..
2012,YR2012,Jordan,JOR,..
2012,YR2012,Kazakhstan,KAZ,..
2012,YR2012,Kenya,KEN,37.1283149307787
2012,YR2012,Kiribati,KIR,..
2012,YR2012,"Korea, Dem. People's Rep.",PRK,..
2012,YR2012,"Korea, Rep.",KOR,..
2012,YR2012,Kosovo,XKX,..
2012,YR2012,Kuwait,KWT,..
2012,YR2012,Kyrgyz Republic,KGZ,86.8908077588569
2012,YR2012,Lao PDR,LAO,..
2012,YR2012,Latvia,LVA,..
2012,YR2012,Lebanon,LBN,..
2012,YR2012,Lesotho,LSO,5.28572571751871
2012,YR2012,Liberia,LBR,..
2012,YR2012,Libya,LBY,..
2012,YR2012,Liechtenstein,LIE,..
2012,YR2012,Lithuania,LTU,..
2012,YR2012,Luxembourg,LUX,..
2012,YR2012,"Macao SAR, China",MAC,..
2012,YR2012,Madagascar,MDG,23.6952287947047
2012,YR2012,Malawi,MWI,15.3165846226606
2012,YR2012,Malaysia,MYS,..
2012,YR2012,Maldives,MDV,..
2012,YR2012,Mali,MLI,..
2012,YR2012,Malta,MLT,..
2012,YR2012,Marshall Islands,MHL,..
2012,YR2012,Mauritania,MRT,54.456685184211
2012,YR2012,Mauritius,MUS,..
2012,YR2012,Mexico,MEX,90.6538330181721
2012,YR2012,"Micronesia, Fed. Sts.",FSM,..
2012,YR2012,Moldova,MDA,86.9846370444798
2012,YR2012,Monaco,MCO,..
2012,YR2012,Mongolia,MNG,70.2275372923514
2012,YR2012,Montenegro,MNE,..
2012,YR2012,Morocco,MAR,..
2012,YR2012,Mozambique,MOZ,12.0174868185003
2012,YR2012,Myanmar,MMR,74.2758533522722
2012,YR2012,Namibia,NAM,42.7442015050816
2012,YR2012,Nauru,NRU,..
2012,YR2012,Nepal,NPL,51.0917215343096
2012,YR2012,Netherlands,NLD,..
2012,YR2012,New Caledonia,NCL,..
2012,YR2012,New Zealand,NZL,..
2012,YR2012,Nicaragua,NIC,..
2012,YR2012,Niger,NER,14.719906869043
2012,YR2012,Nigeria,NGA,29.8117274895065
2012,YR2012,North Macedonia,MKD,..
2012,YR2012,Northern Mariana Islands,MNP,..
2012,YR2012,Norway,NOR,..
2012,YR2012,Oman,OMN,..
2012,YR2012,Pakistan,PAK,55.2884614760319
2012,YR2012,Palau,PLW,..
2012,YR2012,Panama,PAN,..
2012,YR2012,Papua New Guinea,PNG,..
2012,YR2012,Paraguay,PRY,79.8544148121476
2012,YR2012,Peru,PER,..
2012,YR2012,Philippines,PHL,81.597889639259
2012,YR2012,Poland,POL,..
2012,YR2012,Portugal,PRT,..
2012,YR2012,Puerto Rico,PRI,..
2012,YR2012,Qatar,QAT,..
2012,YR2012,Romania,ROU,..
2012,YR2012,Russian Federation,RUS,..
2012,YR2012,Rwanda,RWA,9.45510331043046
2012,YR2012,Samoa,WSM,..
2012,YR2012,San Marino,SMR,..
2012,YR2012,Sao Tome and Principe,STP,37.9051805422339
2012,YR2012,Saudi Arabia,SAU,..
2012,YR2012,Senegal,SEN,21.155094373604
2012,YR2012,Serbia,SRB,98.1297224841406
2012,YR2012,Seychelles,SYC,..
2012,YR2012,Sierra Leone,SLE,13.0126306338495
2012,YR2012,Singapore,SGP,..
2012,YR2012,Sint Maarten (Dutch part),SXM,..
2012,YR2012,Slovak Republic,SVK,..
2012,YR2012,Slovenia,SVN,..
2012,YR2012,Solomon Islands,SLB,37.2669961408873
2012,YR2012,Somalia,SOM,..
2012,YR2012,South Africa,ZAF,43.3461548107573
2012,YR2012,South Sudan,SSD,..
2012,YR2012,Spain,ESP,..
2012,YR2012,Sri Lanka,LKA,..
2012,YR2012,St. Kitts and Nevis,KNA,..
2012,YR2012,St. Lucia,LCA,87.3308470343719
2012,YR2012,St. Martin (French part),MAF,..
2012,YR2012,St. Vincent and the Grenadines,VCT,..
2012,YR2012,Sudan,SDN,26.5009630827212
2012,YR2012,Suriname,SUR,..
2012,YR2012,Sweden,SWE,..
2012,YR2012,Switzerland,CHE,..
2012,YR2012,Syrian Arab Republic,SYR,84.1997564059255
2012,YR2012,Tajikistan,TJK,72.4566543659666
2012,YR2012,Tanzania,TZA,27.6171263690919
2012,YR2012,Thailand,THA,84.7574648982643
2012,YR2012,Timor-Leste,TLS,27.8090290862149
2012,YR2012,Togo,TGO,11.0759882365388
2012,YR2012,Tonga,TON,..
2012,YR2012,Trinidad and Tobago,TTO,90.0634425479679
2012,YR2012,Tunisia,TUN,86.3985023473426
2012,YR2012,Turkiye,TUR,..
2012,YR2012,Turkmenistan,TKM,92.3984021814908
2012,YR2012,Turks and Caicos Islands,TCA,..
2012,YR2012,Tuvalu,TUV,..
2012,YR2012,Uganda,UGA,17.0437165647015
2012,YR2012,Ukraine,UKR,..
2012,YR2012,United Arab Emirates,ARE,..
2012,YR2012,United Kingdom,GBR,..
2012,YR2012,United States,USA,..
2012,YR2012,Uruguay,URY,..
2012,YR2012,Uzbekistan,UZB,..
2012,YR2012,Vanuatu,VUT,31.7354895743522
2012,YR2012,"Venezuela, RB",VEN,..
2012,YR2012,Viet Nam,VNM,85.5135978672932
2012,YR2012,Virgin Islands (U.S.),VIR,..
2012,YR2012,West Bank and Gaza,PSE,..
2012,YR2012,"Yemen, Rep.",YEM,47.5834496593162
2012,YR2012,Zambia,ZMB,17.1004941935734
2012,YR2012,Zimbabwe,ZWE,42.5421298913483
2013,YR2013,Africa Eastern and Southern,AFE,22.9460219543833
2013,YR2013,Africa Western and Central,AFW,25.6389913812355
2013,YR2013,Arab World,ARB,71.5295962064489
2013,YR2013,Caribbean small states,CSS,..
2013,YR2013,Central Europe and the Baltics,CEB,..
2013,YR2013,Early-demographic dividend,EAR,60.9429787301004
2013,YR2013,East Asia & Pacific,EAS,..
2013,YR2013,East Asia & Pacific (excluding high income),EAP,..
2013,YR2013,East Asia & Pacific (IDA & IBRD countries),TEA,..
2013,YR2013,Euro area,EMU,..
2013,YR2013,Europe & Central Asia,ECS,..
2013,YR2013,Europe & Central Asia (excluding high income),ECA,..
2013,YR2013,Europe & Central Asia (IDA & IBRD countries),TEC,..
2013,YR2013,European Union,EUU,..
2013,YR2013,Fragile and conflict affected situations,FCS,34.2753143877832
2013,YR2013,Heavily indebted poor countries (HIPC),HPC,20.7187784982303
2013,YR2013,High income,HIC,..
2013,YR2013,IBRD only,IBD,..
2013,YR2013,IDA & IBRD total,IBT,..
2013,YR2013,IDA blend,IDB,..
2013,YR2013,IDA only,IDX,..
2013,YR2013,IDA total,IDA,..
2013,YR2013,Late-demographic dividend,LTE,..
2013,YR2013,Latin America & Caribbean,LCN,..
2013,YR2013,Latin America & Caribbean (excluding high income),LAC,..
2013,YR2013,Latin America & the Caribbean (IDA & IBRD countries),TLA,..
2013,YR2013,Least developed countries: UN classification,LDC,28.5820737157733
2013,YR2013,Low & middle income,LMY,..
2013,YR2013,Low income,LIC,21.8601274117275
2013,YR2013,Lower middle income,LMC,56.1032070979678
2013,YR2013,Middle East & North Africa,MEA,..
2013,YR2013,Middle East & North Africa (excluding high income),MNA,..
2013,YR2013,Middle East & North Africa (IDA & IBRD countries),TMN,..
2013,YR2013,Middle income,MIC,..
2013,YR2013,North America,NAC,..
2013,YR2013,Not classified,INX,..
2013,YR2013,OECD members,OED,..
2013,YR2013,Other small states,OSS,..
2013,YR2013,Pacific island small states,PSS,..
2013,YR2013,Post-demographic dividend,PST,..
2013,YR2013,Pre-demographic dividend,PRE,28.402008636832
2013,YR2013,Small states,SST,..
2013,YR2013,South Asia,SAS,56.7950361969315
2013,YR2013,South Asia (IDA & IBRD),TSA,56.7950361969315
2013,YR2013,Sub-Saharan Africa,SSF,24.057908645878
2013,YR2013,Sub-Saharan Africa (excluding high income),SSA,24.057908645878
2013,YR2013,Sub-Saharan Africa (IDA & IBRD countries),TSS,24.057908645878
2013,YR2013,Upper middle income,UMC,..
2013,YR2013,World,WLD,..
2013,YR2013,Afghanistan,AFG,40.3157208555991
2013,YR2013,Albania,ALB,..
2013,YR2013,Algeria,DZA,83.6820357274834
2013,YR2013,American Samoa,ASM,..
2013,YR2013,Andorra,AND,..
2013,YR2013,Angola,AGO,26.0939171717973
2013,YR2013,Antigua and Barbuda,ATG,..
2013,YR2013,Argentina,ARG,..
2013,YR2013,Armenia,ARM,91.4091480297147
2013,YR2013,Aruba,ABW,..
2013,YR2013,Australia,AUS,..
2013,YR2013,Austria,AUT,..
2013,YR2013,Azerbaijan,AZE,89.2621886919014
2013,YR2013,"Bahamas, The",BHS,..
2013,YR2013,Bahrain,BHR,..
2013,YR2013,Bangladesh,BGD,34.9006341871541
2013,YR2013,Barbados,BRB,88.4693506083686
2013,YR2013,Belarus,BLR,..
2013,YR2013,Belgium,BEL,..
2013,YR2013,Belize,BLZ,86.0111986390339
2013,YR2013,Benin,BEN,8.11460843920595
2013,YR2013,Bermuda,BMU,..
2013,YR2013,Bhutan,BTN,83.3246279866596
2013,YR2013,Bolivia,BOL,26.7622242122335
2013,YR2013,Bosnia and Herzegovina,BIH,97.2355916285297
2013,YR2013,Botswana,BWA,..
2013,YR2013,Brazil,BRA,..
2013,YR2013,British Virgin Islands,VGB,..
2013,YR2013,Brunei Darussalam,BRN,..
2013,YR2013,Bulgaria,BGR,..
2013,YR2013,Burkina Faso,BFA,8.68787867898281
2013,YR2013,Burundi,BDI,6.12687976330188
2013,YR2013,Cabo Verde,CPV,..
2013,YR2013,Cambodia,KHM,63.2701806850017
2013,YR2013,Cameroon,CMR,..
2013,YR2013,Canada,CAN,..
2013,YR2013,Cayman Islands,CYM,..
2013,YR2013,Central African Republic,CAF,17.9939615320723
2013,YR2013,Chad,TCD,19.1219353181338
2013,YR2013,Channel Islands,CHI,..
2013,YR2013,Chile,CHL,..
2013,YR2013,China,CHN,..
2013,YR2013,Colombia,COL,68.7981577440498
2013,YR2013,Comoros,COM,15.5607972220346
2013,YR2013,"Congo, Dem. Rep.",COD,..
2013,YR2013,"Congo, Rep.",COG,47.5184804717727
2013,YR2013,Costa Rica,CRI,84.2813438027984
2013,YR2013,Cote d'Ivoire,CIV,16.9921564911148
2013,YR2013,Croatia,HRV,..
2013,YR2013,Cuba,CUB,84.0148253137762
2013,YR2013,Curacao,CUW,..
2013,YR2013,Cyprus,CYP,..
2013,YR2013,Czechia,CZE,..
2013,YR2013,Denmark,DNK,..
2013,YR2013,Djibouti,DJI,..
2013,YR2013,Dominica,DMA,..
2013,YR2013,Dominican Republic,DOM,52.9303426224003
2013,YR2013,Ecuador,ECU,87.0342988650669
2013,YR2013,"Egypt, Arab Rep.",EGY,85.3821176118691
2013,YR2013,El Salvador,SLV,90.4545526477137
2013,YR2013,Equatorial Guinea,GNQ,24.1553117234164
2013,YR2013,Eritrea,ERI,..
2013,YR2013,Estonia,EST,..
2013,YR2013,Eswatini,SWZ,23.9463308243823
2013,YR2013,Ethiopia,ETH,7.69127433138198
2013,YR2013,Faroe Islands,FRO,..
2013,YR2013,Fiji,FJI,..
2013,YR2013,Finland,FIN,..
2013,YR2013,France,FRA,..
2013,YR2013,French Polynesia,PYF,..
2013,YR2013,Gabon,GAB,..
2013,YR2013,"Gambia, The",GMB,12.847157451115
2013,YR2013,Georgia,GEO,..
2013,YR2013,Germany,DEU,..
2013,YR2013,Ghana,GHA,41.0073795226662
2013,YR2013,Gibraltar,GIB,..
2013,YR2013,Greece,GRC,..
2013,YR2013,Greenland,GRL,..
2013,YR2013,Grenada,GRD,..
2013,YR2013,Guam,GUM,..
2013,YR2013,Guatemala,GTM,76.4834858241027
2013,YR2013,Guinea,GIN,..
2013,YR2013,Guinea-Bissau,GNB,7.46571799145662
2013,YR2013,Guyana,GUY,76.6610159701263
2013,YR2013,Haiti,HTI,23.9740829703845
2013,YR2013,Honduras,HND,84.1312079027739
2013,YR2013,"Hong Kong SAR, China",HKG,..
2013,YR2013,Hungary,HUN,..
2013,YR2013,Iceland,ISL,..
2013,YR2013,India,IND,59.63734533374
2013,YR2013,Indonesia,IDN,76.8163932015603
2013,YR2013,"Iran, Islamic Rep.",IRN,..
2013,YR2013,Iraq,IRQ,92.4399986762373
2013,YR2013,Ireland,IRL,..
2013,YR2013,Isle of Man,IMN,..
2013,YR2013,Israel,ISR,..
2013,YR2013,Italy,ITA,..
2013,YR2013,Jamaica,JAM,66.6183584298634
2013,YR2013,Japan,JPN,..
2013,YR2013,Jordan,JOR,..
2013,YR2013,Kazakhstan,KAZ,..
2013,YR2013,Kenya,KEN,37.170866704791
2013,YR2013,Kiribati,KIR,..
2013,YR2013,"Korea, Dem. People's Rep.",PRK,..
2013,YR2013,"Korea, Rep.",KOR,..
2013,YR2013,Kosovo,XKX,..
2013,YR2013,Kuwait,KWT,..
2013,YR2013,Kyrgyz Republic,KGZ,88.5241032730711
2013,YR2013,Lao PDR,LAO,54.4038295598759
2013,YR2013,Latvia,LVA,..
2013,YR2013,Lebanon,LBN,..
2013,YR2013,Lesotho,LSO,5.31252810662488
2013,YR2013,Liberia,LBR,1.1685759095889
2013,YR2013,Libya,LBY,..
2013,YR2013,Liechtenstein,LIE,..
2013,YR2013,Lithuania,LTU,..
2013,YR2013,Luxembourg,LUX,..
2013,YR2013,"Macao SAR, China",MAC,..
2013,YR2013,Madagascar,MDG,23.6835048300524
2013,YR2013,Malawi,MWI,15.3091019864254
2013,YR2013,Malaysia,MYS,..
2013,YR2013,Maldives,MDV,95.7671948473308
2013,YR2013,Mali,MLI,..
2013,YR2013,Malta,MLT,..
2013,YR2013,Marshall Islands,MHL,84.8918260495426
2013,YR2013,Mauritania,MRT,54.7053769576369
2013,YR2013,Mauritius,MUS,..
2013,YR2013,Mexico,MEX,90.6538287232884
2013,YR2013,"Micronesia, Fed. Sts.",FSM,..
2013,YR2013,Moldova,MDA,86.9811913535732
2013,YR2013,Monaco,MCO,..
2013,YR2013,Mongolia,MNG,72.2574162276389
2013,YR2013,Montenegro,MNE,..
2013,YR2013,Morocco,MAR,..
2013,YR2013,Mozambique,MOZ,12.086779893385
2013,YR2013,Myanmar,MMR,74.2994703561755
2013,YR2013,Namibia,NAM,43.1155516337404
2013,YR2013,Nauru,NRU,..
2013,YR2013,Nepal,NPL,52.506734045886
2013,YR2013,Netherlands,NLD,..
2013,YR2013,New Caledonia,NCL,..
2013,YR2013,New Zealand,NZL,..
2013,YR2013,Nicaragua,NIC,..
2013,YR2013,Niger,NER,15.8054226768261
2013,YR2013,Nigeria,NGA,29.9452524440773
2013,YR2013,North Macedonia,MKD,..
2013,YR2013,Northern Mariana Islands,MNP,..
2013,YR2013,Norway,NOR,..
2013,YR2013,Oman,OMN,97.4
2013,YR2013,Pakistan,PAK,58.2796397452012
2013,YR2013,Palau,PLW,..
2013,YR2013,Panama,PAN,..
2013,YR2013,Papua New Guinea,PNG,..
2013,YR2013,Paraguay,PRY,79.8924656303261
2013,YR2013,Peru,PER,..
2013,YR2013,Philippines,PHL,81.6107934639617
2013,YR2013,Poland,POL,..
2013,YR2013,Portugal,PRT,..
2013,YR2013,Puerto Rico,PRI,..
2013,YR2013,Qatar,QAT,..
2013,YR2013,Romania,ROU,..
2013,YR2013,Russian Federation,RUS,..
2013,YR2013,Rwanda,RWA,10.438080598668
2013,YR2013,Samoa,WSM,..
2013,YR2013,San Marino,SMR,..
2013,YR2013,Sao Tome and Principe,STP,39.8238378058417
2013,YR2013,Saudi Arabia,SAU,..
2013,YR2013,Senegal,SEN,21.2563255628885
2013,YR2013,Serbia,SRB,98.1299203650489
2013,YR2013,Seychelles,SYC,..
2013,YR2013,Sierra Leone,SLE,13.5169306954824
2013,YR2013,Singapore,SGP,..
2013,YR2013,Sint Maarten (Dutch part),SXM,..
2013,YR2013,Slovak Republic,SVK,..
2013,YR2013,Slovenia,SVN,..
2013,YR2013,Solomon Islands,SLB,37.4626849235547
2013,YR2013,Somalia,SOM,24.427792323268
2013,YR2013,South Africa,ZAF,43.4767910593943
2013,YR2013,South Sudan,SSD,..
2013,YR2013,Spain,ESP,..
2013,YR2013,Sri Lanka,LKA,..
2013,YR2013,St. Kitts and Nevis,KNA,..
2013,YR2013,St. Lucia,LCA,87.330931505663
2013,YR2013,St. Martin (French part),MAF,..
2013,YR2013,St. Vincent and the Grenadines,VCT,..
2013,YR2013,Sudan,SDN,24.7522540709037
2013,YR2013,Suriname,SUR,..
2013,YR2013,Sweden,SWE,..
2013,YR2013,Switzerland,CHE,..
2013,YR2013,Syrian Arab Republic,SYR,84.1306775963404
2013,YR2013,Tajikistan,TJK,72.4980095557587
2013,YR2013,Tanzania,TZA,27.7441929276253
2013,YR2013,Thailand,THA,84.7837231750779
2013,YR2013,Timor-Leste,TLS,27.8816677476644
2013,YR2013,Togo,TGO,11.9238474240972
2013,YR2013,Tonga,TON,..
2013,YR2013,Trinidad and Tobago,TTO,90.0634425479679
2013,YR2013,Tunisia,TUN,86.1200575370776
2013,YR2013,Turkiye,TUR,..
2013,YR2013,Turkmenistan,TKM,94.1596199645486
2013,YR2013,Turks and Caicos Islands,TCA,..
2013,YR2013,Tuvalu,TUV,..
2013,YR2013,Uganda,UGA,18.3847150122164
2013,YR2013,Ukraine,UKR,..
2013,YR2013,United Arab Emirates,ARE,..
2013,YR2013,United Kingdom,GBR,..
2013,YR2013,United States,USA,..
2013,YR2013,Uruguay,URY,..
2013,YR2013,Uzbekistan,UZB,..
2013,YR2013,Vanuatu,VUT,36.1761302142208
2013,YR2013,"Venezuela, RB",VEN,..
2013,YR2013,Viet Nam,VNM,85.8295981233901
2013,YR2013,Virgin Islands (U.S.),VIR,..
2013,YR2013,West Bank and Gaza,PSE,..
2013,YR2013,"Yemen, Rep.",YEM,47.7857869906657
2013,YR2013,Zambia,ZMB,17.2001166345731
2013,YR2013,Zimbabwe,ZWE,42.5068524810957
2014,YR2014,Africa Eastern and Southern,AFE,22.3855700352159
2014,YR2014,Africa Western and Central,AFW,25.2644045276402
2014,YR2014,Arab World,ARB,72.1044033654305
2014,YR2014,Caribbean small states,CSS,79.8169422921081
2014,YR2014,Central Europe and the Baltics,CEB,..
2014,YR2014,Early-demographic dividend,EAR,61.4731908523824
2014,YR2014,East Asia & Pacific,EAS,..
2014,YR2014,East Asia & Pacific (excluding high income),EAP,..
2014,YR2014,East Asia & Pacific (IDA & IBRD countries),TEA,..
2014,YR2014,Euro area,EMU,..
2014,YR2014,Europe & Central Asia,ECS,..
2014,YR2014,Europe & Central Asia (excluding high income),ECA,..
2014,YR2014,Europe & Central Asia (IDA & IBRD countries),TEC,..
2014,YR2014,European Union,EUU,..
2014,YR2014,Fragile and conflict affected situations,FCS,32.4229782249412
2014,YR2014,Heavily indebted poor countries (HIPC),HPC,20.5160523996797
2014,YR2014,High income,HIC,..
2014,YR2014,IBRD only,IBD,..
2014,YR2014,IDA & IBRD total,IBT,..
2014,YR2014,IDA blend,IDB,..
2014,YR2014,IDA only,IDX,..
2014,YR2014,IDA total,IDA,..
2014,YR2014,Late-demographic dividend,LTE,..
2014,YR2014,Latin America & Caribbean,LCN,..
2014,YR2014,Latin America & Caribbean (excluding high income),LAC,..
2014,YR2014,Latin America & the Caribbean (IDA & IBRD countries),TLA,..
2014,YR2014,Least developed countries: UN classification,LDC,28.0984077238637
2014,YR2014,Low & middle income,LMY,..
2014,YR2014,Low income,LIC,21.147423799611
2014,YR2014,Lower middle income,LMC,56.4965100961619
2014,YR2014,Middle East & North Africa,MEA,..
2014,YR2014,Middle East & North Africa (excluding high income),MNA,..
2014,YR2014,Middle East & North Africa (IDA & IBRD countries),TMN,..
2014,YR2014,Middle income,MIC,..
2014,YR2014,North America,NAC,..
2014,YR2014,Not classified,INX,..
2014,YR2014,OECD members,OED,..
2014,YR2014,Other small states,OSS,..
2014,YR2014,Pacific island small states,PSS,..
2014,YR2014,Post-demographic dividend,PST,..
2014,YR2014,Pre-demographic dividend,PRE,27.2836265720756
2014,YR2014,Small states,SST,..
2014,YR2014,South Asia,SAS,57.5764154656751
2014,YR2014,South Asia (IDA & IBRD),TSA,57.5764154656751
2014,YR2014,Sub-Saharan Africa,SSF,23.5298195602015
2014,YR2014,Sub-Saharan Africa (excluding high income),SSA,23.5298195602015
2014,YR2014,Sub-Saharan Africa (IDA & IBRD countries),TSS,23.5298195602015
2014,YR2014,Upper middle income,UMC,..
2014,YR2014,World,WLD,..
2014,YR2014,Afghanistan,AFG,41.2231241036262
2014,YR2014,Albania,ALB,..
2014,YR2014,Algeria,DZA,83.8341867486775
2014,YR2014,American Samoa,ASM,..
2014,YR2014,Andorra,AND,..
2014,YR2014,Angola,AGO,26.245110852663
2014,YR2014,Antigua and Barbuda,ATG,..
2014,YR2014,Argentina,ARG,..
2014,YR2014,Armenia,ARM,92.0631871449712
2014,YR2014,Aruba,ABW,..
2014,YR2014,Australia,AUS,..
2014,YR2014,Austria,AUT,..
2014,YR2014,Azerbaijan,AZE,89.2718589344632
2014,YR2014,"Bahamas, The",BHS,..
2014,YR2014,Bahrain,BHR,..
2014,YR2014,Bangladesh,BGD,38.3409029084751
2014,YR2014,Barbados,BRB,88.4693506083686
2014,YR2014,Belarus,BLR,..
2014,YR2014,Belgium,BEL,..
2014,YR2014,Belize,BLZ,86.8582652032659
2014,YR2014,Benin,BEN,8.66732652286444
2014,YR2014,Bermuda,BMU,..
2014,YR2014,Bhutan,BTN,84.6517266871563
2014,YR2014,Bolivia,BOL,26.7872480942621
2014,YR2014,Bosnia and Herzegovina,BIH,97.2437720823581
2014,YR2014,Botswana,BWA,..
2014,YR2014,Brazil,BRA,..
2014,YR2014,British Virgin Islands,VGB,..
2014,YR2014,Brunei Darussalam,BRN,..
2014,YR2014,Bulgaria,BGR,..
2014,YR2014,Burkina Faso,BFA,8.75076569553096
2014,YR2014,Burundi,BDI,6.1333615736394
2014,YR2014,Cabo Verde,CPV,..
2014,YR2014,Cambodia,KHM,65.5839564001967
2014,YR2014,Cameroon,CMR,..
2014,YR2014,Canada,CAN,..
2014,YR2014,Cayman Islands,CYM,..
2014,YR2014,Central African Republic,CAF,18.4586294311442
2014,YR2014,Chad,TCD,20.0108725509057
2014,YR2014,Channel Islands,CHI,..
2014,YR2014,Chile,CHL,..
2014,YR2014,China,CHN,..
2014,YR2014,Colombia,COL,68.9586879635525
2014,YR2014,Comoros,COM,15.5644952417623
2014,YR2014,"Congo, Dem. Rep.",COD,18.6545877697491
2014,YR2014,"Congo, Rep.",COG,47.6297780930538
2014,YR2014,Costa Rica,CRI,84.5067001255411
2014,YR2014,Cote d'Ivoire,CIV,17.6409727912114
2014,YR2014,Croatia,HRV,..
2014,YR2014,Cuba,CUB,85.1844948998116
2014,YR2014,Curacao,CUW,..
2014,YR2014,Cyprus,CYP,..
2014,YR2014,Czechia,CZE,..
2014,YR2014,Denmark,DNK,..
2014,YR2014,Djibouti,DJI,..
2014,YR2014,Dominica,DMA,..
2014,YR2014,Dominican Republic,DOM,52.348442998805
2014,YR2014,Ecuador,ECU,87.0526751053362
2014,YR2014,"Egypt, Arab Rep.",EGY,86.8621401007901
2014,YR2014,El Salvador,SLV,90.506055158335
2014,YR2014,Equatorial Guinea,GNQ,24.1883583785032
2014,YR2014,Eritrea,ERI,..
2014,YR2014,Estonia,EST,..
2014,YR2014,Eswatini,SWZ,23.9930135427374
2014,YR2014,Ethiopia,ETH,7.75654362048047
2014,YR2014,Faroe Islands,FRO,..
2014,YR2014,Fiji,FJI,..
2014,YR2014,Finland,FIN,..
2014,YR2014,France,FRA,..
2014,YR2014,French Polynesia,PYF,..
2014,YR2014,Gabon,GAB,..
2014,YR2014,"Gambia, The",GMB,12.8583288695746
2014,YR2014,Georgia,GEO,91.5262569154278
2014,YR2014,Germany,DEU,..
2014,YR2014,Ghana,GHA,41.0853807398746
2014,YR2014,Gibraltar,GIB,..
2014,YR2014,Greece,GRC,..
2014,YR2014,Greenland,GRL,..
2014,YR2014,Grenada,GRD,..
2014,YR2014,Guam,GUM,..
2014,YR2014,Guatemala,GTM,76.5264317151789
2014,YR2014,Guinea,GIN,20.0677786961767
2014,YR2014,Guinea-Bissau,GNB,8.97554805687044
2014,YR2014,Guyana,GUY,77.4224380633016
2014,YR2014,Haiti,HTI,23.7056141466069
2014,YR2014,Honduras,HND,84.2641998657108
2014,YR2014,"Hong Kong SAR, China",HKG,..
2014,YR2014,Hungary,HUN,..
2014,YR2014,Iceland,ISL,..
2014,YR2014,India,IND,59.7434300966656
2014,YR2014,Indonesia,IDN,77.1262517015837
2014,YR2014,"Iran, Islamic Rep.",IRN,..
2014,YR2014,Iraq,IRQ,93.1615925185414
2014,YR2014,Ireland,IRL,..
2014,YR2014,Isle of Man,IMN,..
2014,YR2014,Israel,ISR,..
2014,YR2014,Italy,ITA,..
2014,YR2014,Jamaica,JAM,66.6324772163257
2014,YR2014,Japan,JPN,..
2014,YR2014,Jordan,JOR,..
2014,YR2014,Kazakhstan,KAZ,..
2014,YR2014,Kenya,KEN,37.2143355634822
2014,YR2014,Kiribati,KIR,..
2014,YR2014,"Korea, Dem. People's Rep.",PRK,..
2014,YR2014,"Korea, Rep.",KOR,..
2014,YR2014,Kosovo,XKX,..
2014,YR2014,Kuwait,KWT,..
2014,YR2014,Kyrgyz Republic,KGZ,90.156808101368
2014,YR2014,Lao PDR,LAO,54.5745021777481
2014,YR2014,Latvia,LVA,..
2014,YR2014,Lebanon,LBN,..
2014,YR2014,Lesotho,LSO,5.33960069749022
2014,YR2014,Liberia,LBR,1.40615797667889
2014,YR2014,Libya,LBY,..
2014,YR2014,Liechtenstein,LIE,..
2014,YR2014,Lithuania,LTU,..
2014,YR2014,Luxembourg,LUX,..
2014,YR2014,"Macao SAR, China",MAC,..
2014,YR2014,Madagascar,MDG,23.6691017663676
2014,YR2014,Malawi,MWI,15.3029937577746
2014,YR2014,Malaysia,MYS,..
2014,YR2014,Maldives,MDV,95.7760560931337
2014,YR2014,Mali,MLI,16.1772368791108
2014,YR2014,Malta,MLT,..
2014,YR2014,Marshall Islands,MHL,84.9189792856664
2014,YR2014,Mauritania,MRT,53.1917273035886
2014,YR2014,Mauritius,MUS,..
2014,YR2014,Mexico,MEX,91.019051402004
2014,YR2014,"Micronesia, Fed. Sts.",FSM,..
2014,YR2014,Moldova,MDA,86.9777497248258
2014,YR2014,Monaco,MCO,..
2014,YR2014,Mongolia,MNG,74.28284311347
2014,YR2014,Montenegro,MNE,..
2014,YR2014,Morocco,MAR,..
2014,YR2014,Mozambique,MOZ,12.1566115483386
2014,YR2014,Myanmar,MMR,74.323330825894
2014,YR2014,Namibia,NAM,43.489348500095
2014,YR2014,Nauru,NRU,..
2014,YR2014,Nepal,NPL,53.9132055865977
2014,YR2014,Netherlands,NLD,..
2014,YR2014,New Caledonia,NCL,..
2014,YR2014,New Zealand,NZL,..
2014,YR2014,Nicaragua,NIC,..
2014,YR2014,Niger,NER,16.8941996675876
2014,YR2014,Nigeria,NGA,30.0775522444434
2014,YR2014,North Macedonia,MKD,..
2014,YR2014,Northern Mariana Islands,MNP,..
2014,YR2014,Norway,NOR,..
2014,YR2014,Oman,OMN,97.4
2014,YR2014,Pakistan,PAK,61.2591432167783
2014,YR2014,Palau,PLW,..
2014,YR2014,Panama,PAN,..
2014,YR2014,Papua New Guinea,PNG,29.6312166936391
2014,YR2014,Paraguay,PRY,79.9288138854812
2014,YR2014,Peru,PER,..
2014,YR2014,Philippines,PHL,81.62363319711
2014,YR2014,Poland,POL,..
2014,YR2014,Portugal,PRT,..
2014,YR2014,Puerto Rico,PRI,..
2014,YR2014,Qatar,QAT,..
2014,YR2014,Romania,ROU,..
2014,YR2014,Russian Federation,RUS,..
2014,YR2014,Rwanda,RWA,11.4228587970816
2014,YR2014,Samoa,WSM,..
2014,YR2014,San Marino,SMR,..
2014,YR2014,Sao Tome and Principe,STP,41.8308937557863
2014,YR2014,Saudi Arabia,SAU,..
2014,YR2014,Senegal,SEN,21.3578004157556
2014,YR2014,Serbia,SRB,98.1301200995163
2014,YR2014,Seychelles,SYC,..
2014,YR2014,Sierra Leone,SLE,14.0162633190625
2014,YR2014,Singapore,SGP,..
2014,YR2014,Sint Maarten (Dutch part),SXM,..
2014,YR2014,Slovak Republic,SVK,..
2014,YR2014,Slovenia,SVN,..
2014,YR2014,Solomon Islands,SLB,37.6583716106045
2014,YR2014,Somalia,SOM,24.5000910050695
2014,YR2014,South Africa,ZAF,43.6069283922294
2014,YR2014,South Sudan,SSD,..
2014,YR2014,Spain,ESP,..
2014,YR2014,Sri Lanka,LKA,..
2014,YR2014,St. Kitts and Nevis,KNA,..
2014,YR2014,St. Lucia,LCA,87.3310835006289
2014,YR2014,St. Martin (French part),MAF,..
2014,YR2014,St. Vincent and the Grenadines,VCT,..
2014,YR2014,Sudan,SDN,23.0035450590867
2014,YR2014,Suriname,SUR,72.0988800314062
2014,YR2014,Sweden,SWE,..
2014,YR2014,Switzerland,CHE,..
2014,YR2014,Syrian Arab Republic,SYR,84.0613966951384
2014,YR2014,Tajikistan,TJK,72.5436467157048
2014,YR2014,Tanzania,TZA,27.8721649154109
2014,YR2014,Thailand,THA,84.8100561043404
2014,YR2014,Timor-Leste,TLS,27.954929275463
2014,YR2014,Togo,TGO,12.7733798339044
2014,YR2014,Tonga,TON,..
2014,YR2014,Trinidad and Tobago,TTO,90.0634425479679
2014,YR2014,Tunisia,TUN,85.8384000740046
2014,YR2014,Turkiye,TUR,..
2014,YR2014,Turkmenistan,TKM,95.9114475488694
2014,YR2014,Turks and Caicos Islands,TCA,..
2014,YR2014,Tuvalu,TUV,..
2014,YR2014,Uganda,UGA,19.7357163356066
2014,YR2014,Ukraine,UKR,..
2014,YR2014,United Arab Emirates,ARE,..
2014,YR2014,United Kingdom,GBR,..
2014,YR2014,United States,USA,..
2014,YR2014,Uruguay,URY,..
2014,YR2014,Uzbekistan,UZB,..
2014,YR2014,Vanuatu,VUT,40.6107738979101
2014,YR2014,"Venezuela, RB",VEN,..
2014,YR2014,Viet Nam,VNM,86.1468116755869
2014,YR2014,Virgin Islands (U.S.),VIR,..
2014,YR2014,West Bank and Gaza,PSE,94.9344139347174
2014,YR2014,"Yemen, Rep.",YEM,47.9898041580642
2014,YR2014,Zambia,ZMB,17.3009079562885
2014,YR2014,Zimbabwe,ZWE,42.4774587730433
2015,YR2015,Africa Eastern and Southern,AFE,22.1070598809474
2015,YR2015,Africa Western and Central,AFW,26.0847357669251
2015,YR2015,Arab World,ARB,72.3362897494962
2015,YR2015,Caribbean small states,CSS,80.2313406360997
2015,YR2015,Central Europe and the Baltics,CEB,..
2015,YR2015,Early-demographic dividend,EAR,62.9842277962282
2015,YR2015,East Asia & Pacific,EAS,..
2015,YR2015,East Asia & Pacific (excluding high income),EAP,..
2015,YR2015,East Asia & Pacific (IDA & IBRD countries),TEA,..
2015,YR2015,Euro area,EMU,..
2015,YR2015,Europe & Central Asia,ECS,..
2015,YR2015,Europe & Central Asia (excluding high income),ECA,..
2015,YR2015,Europe & Central Asia (IDA & IBRD countries),TEC,..
2015,YR2015,European Union,EUU,..
2015,YR2015,Fragile and conflict affected situations,FCS,32.0773005082786
2015,YR2015,Heavily indebted poor countries (HIPC),HPC,21.1679722123138
2015,YR2015,High income,HIC,..
2015,YR2015,IBRD only,IBD,..
2015,YR2015,IDA & IBRD total,IBT,..
2015,YR2015,IDA blend,IDB,..
2015,YR2015,IDA only,IDX,..
2015,YR2015,IDA total,IDA,..
2015,YR2015,Late-demographic dividend,LTE,..
2015,YR2015,Latin America & Caribbean,LCN,..
2015,YR2015,Latin America & Caribbean (excluding high income),LAC,..
2015,YR2015,Latin America & the Caribbean (IDA & IBRD countries),TLA,..
2015,YR2015,Least developed countries: UN classification,LDC,28.4967731754756
2015,YR2015,Low & middle income,LMY,..
2015,YR2015,Low income,LIC,20.860611634041
2015,YR2015,Lower middle income,LMC,57.8779900009412
2015,YR2015,Middle East & North Africa,MEA,..
2015,YR2015,Middle East & North Africa (excluding high income),MNA,..
2015,YR2015,Middle East & North Africa (IDA & IBRD countries),TMN,..
2015,YR2015,Middle income,MIC,..
2015,YR2015,North America,NAC,..
2015,YR2015,Not classified,INX,..
2015,YR2015,OECD members,OED,..
2015,YR2015,Other small states,OSS,..
2015,YR2015,Pacific island small states,PSS,..
2015,YR2015,Post-demographic dividend,PST,..
2015,YR2015,Pre-demographic dividend,PRE,27.4021486342271
2015,YR2015,Small states,SST,..
2015,YR2015,South Asia,SAS,59.8535936298822
2015,YR2015,South Asia (IDA & IBRD),TSA,59.8535936298822
2015,YR2015,Sub-Saharan Africa,SSF,23.7238608255433
2015,YR2015,Sub-Saharan Africa (excluding high income),SSA,23.7238608255433
2015,YR2015,Sub-Saharan Africa (IDA & IBRD countries),TSS,23.7238608255433
2015,YR2015,Upper middle income,UMC,..
2015,YR2015,World,WLD,..
2015,YR2015,Afghanistan,AFG,42.1224212245219
2015,YR2015,Albania,ALB,..
2015,YR2015,Algeria,DZA,83.9802009180143
2015,YR2015,American Samoa,ASM,..
2015,YR2015,Andorra,AND,..
2015,YR2015,Angola,AGO,26.3933998784123
2015,YR2015,Antigua and Barbuda,ATG,..
2015,YR2015,Argentina,ARG,..
2015,YR2015,Armenia,ARM,92.7207976570047
2015,YR2015,Aruba,ABW,..
2015,YR2015,Australia,AUS,..
2015,YR2015,Austria,AUT,..
2015,YR2015,Azerbaijan,AZE,89.282055453579
2015,YR2015,"Bahamas, The",BHS,..
2015,YR2015,Bahrain,BHR,..
2015,YR2015,Bangladesh,BGD,41.753598188802
2015,YR2015,Barbados,BRB,88.4693506083686
2015,YR2015,Belarus,BLR,..
2015,YR2015,Belgium,BEL,..
2015,YR2015,Belize,BLZ,87.7065585722772
2015,YR2015,Benin,BEN,9.2223578561506
2015,YR2015,Bermuda,BMU,..
2015,YR2015,Bhutan,BTN,85.9530976303542
2015,YR2015,Bolivia,BOL,26.8121284373722
2015,YR2015,Bosnia and Herzegovina,BIH,97.2522602882052
2015,YR2015,Botswana,BWA,..
2015,YR2015,Brazil,BRA,..
2015,YR2015,British Virgin Islands,VGB,..
2015,YR2015,Brunei Darussalam,BRN,..
2015,YR2015,Bulgaria,BGR,..
2015,YR2015,Burkina Faso,BFA,8.80832813337144
2015,YR2015,Burundi,BDI,6.13846678792826
2015,YR2015,Cabo Verde,CPV,..
2015,YR2015,Cambodia,KHM,67.8779265891048
2015,YR2015,Cameroon,CMR,35.6731921200405
2015,YR2015,Canada,CAN,..
2015,YR2015,Cayman Islands,CYM,..
2015,YR2015,Central African Republic,CAF,18.9342896274516
2015,YR2015,Chad,TCD,20.8994976557855
2015,YR2015,Channel Islands,CHI,..
2015,YR2015,Chile,CHL,..
2015,YR2015,China,CHN,..
2015,YR2015,Colombia,COL,69.1169520348849
2015,YR2015,Comoros,COM,15.5687412126864
2015,YR2015,"Congo, Dem. Rep.",COD,18.7385080714835
2015,YR2015,"Congo, Rep.",COG,47.7410761911833
2015,YR2015,Costa Rica,CRI,84.7352385796164
2015,YR2015,Cote d'Ivoire,CIV,18.2940416264475
2015,YR2015,Croatia,HRV,..
2015,YR2015,Cuba,CUB,86.3537933808419
2015,YR2015,Curacao,CUW,..
2015,YR2015,Cyprus,CYP,..
2015,YR2015,Czechia,CZE,..
2015,YR2015,Denmark,DNK,..
2015,YR2015,Djibouti,DJI,..
2015,YR2015,Dominica,DMA,..
2015,YR2015,Dominican Republic,DOM,51.7658530668321
2015,YR2015,Ecuador,ECU,87.0711904160405
2015,YR2015,"Egypt, Arab Rep.",EGY,88.344198149916
2015,YR2015,El Salvador,SLV,90.5568186053179
2015,YR2015,Equatorial Guinea,GNQ,24.221037516728
2015,YR2015,Eritrea,ERI,..
2015,YR2015,Estonia,EST,..
2015,YR2015,Eswatini,SWZ,24.040006918839
2015,YR2015,Ethiopia,ETH,7.82289297713143
2015,YR2015,Faroe Islands,FRO,..
2015,YR2015,Fiji,FJI,..
2015,YR2015,Finland,FIN,..
2015,YR2015,France,FRA,..
2015,YR2015,French Polynesia,PYF,..
2015,YR2015,Gabon,GAB,..
2015,YR2015,"Gambia, The",GMB,12.8693739061363
2015,YR2015,Georgia,GEO,91.553514986184
2015,YR2015,Germany,DEU,..
2015,YR2015,Ghana,GHA,41.1629145871552
2015,YR2015,Gibraltar,GIB,..
2015,YR2015,Greece,GRC,..
2015,YR2015,Greenland,GRL,..
2015,YR2015,Grenada,GRD,..
2015,YR2015,Guam,GUM,..
2015,YR2015,Guatemala,GTM,76.5712367034604
2015,YR2015,Guinea,GIN,20.1289847850472
2015,YR2015,Guinea-Bissau,GNB,10.4891904136612
2015,YR2015,Guyana,GUY,78.1832832632776
2015,YR2015,Haiti,HTI,23.431821242378
2015,YR2015,Honduras,HND,84.3884898096763
2015,YR2015,"Hong Kong SAR, China",HKG,..
2015,YR2015,Hungary,HUN,..
2015,YR2015,Iceland,ISL,..
2015,YR2015,India,IND,61.8363913610075
2015,YR2015,Indonesia,IDN,77.4188183018964
2015,YR2015,"Iran, Islamic Rep.",IRN,..
2015,YR2015,Iraq,IRQ,93.8782286349737
2015,YR2015,Ireland,IRL,..
2015,YR2015,Isle of Man,IMN,..
2015,YR2015,Israel,ISR,..
2015,YR2015,Italy,ITA,..
2015,YR2015,Jamaica,JAM,66.6475046269235
2015,YR2015,Japan,JPN,..
2015,YR2015,Jordan,JOR,..
2015,YR2015,Kazakhstan,KAZ,..
2015,YR2015,Kenya,KEN,37.2588202657665
2015,YR2015,Kiribati,KIR,55.2826836324201
2015,YR2015,"Korea, Dem. People's Rep.",PRK,..
2015,YR2015,"Korea, Rep.",KOR,..
2015,YR2015,Kosovo,XKX,..
2015,YR2015,Kuwait,KWT,..
2015,YR2015,Kyrgyz Republic,KGZ,91.7881423171799
2015,YR2015,Lao PDR,LAO,54.7468409332144
2015,YR2015,Latvia,LVA,..
2015,YR2015,Lebanon,LBN,..
2015,YR2015,Lesotho,LSO,5.36701057872305
2015,YR2015,Liberia,LBR,1.64717511247967
2015,YR2015,Libya,LBY,..
2015,YR2015,Liechtenstein,LIE,..
2015,YR2015,Lithuania,LTU,..
2015,YR2015,Luxembourg,LUX,..
2015,YR2015,"Macao SAR, China",MAC,..
2015,YR2015,Madagascar,MDG,23.6515218917519
2015,YR2015,Malawi,MWI,15.2986880315426
2015,YR2015,Malaysia,MYS,..
2015,YR2015,Maldives,MDV,95.7849591312477
2015,YR2015,Mali,MLI,16.320369065202
2015,YR2015,Malta,MLT,..
2015,YR2015,Marshall Islands,MHL,84.9454400296243
2015,YR2015,Mauritania,MRT,51.6983521185712
2015,YR2015,Mauritius,MUS,..
2015,YR2015,Mexico,MEX,91.3842752309137
2015,YR2015,"Micronesia, Fed. Sts.",FSM,..
2015,YR2015,Moldova,MDA,86.9770836901593
2015,YR2015,Monaco,MCO,..
2015,YR2015,Mongolia,MNG,76.3043796166502
2015,YR2015,Montenegro,MNE,..
2015,YR2015,Morocco,MAR,..
2015,YR2015,Mozambique,MOZ,12.2269836878297
2015,YR2015,Myanmar,MMR,74.3490499677494
2015,YR2015,Namibia,NAM,43.8645416947252
2015,YR2015,Nauru,NRU,..
2015,YR2015,Nepal,NPL,55.310189250439
2015,YR2015,Netherlands,NLD,..
2015,YR2015,New Caledonia,NCL,..
2015,YR2015,New Zealand,NZL,..
2015,YR2015,Nicaragua,NIC,..
2015,YR2015,Niger,NER,17.9864016343171
2015,YR2015,Nigeria,NGA,30.2086259214107
2015,YR2015,North Macedonia,MKD,..
2015,YR2015,Northern Mariana Islands,MNP,..
2015,YR2015,Norway,NOR,..
2015,YR2015,Oman,OMN,97.4
2015,YR2015,Pakistan,PAK,64.2268812471246
2015,YR2015,Palau,PLW,..
2015,YR2015,Panama,PAN,..
2015,YR2015,Papua New Guinea,PNG,29.6402794682005
2015,YR2015,Paraguay,PRY,79.9650297716061
2015,YR2015,Peru,PER,..
2015,YR2015,Philippines,PHL,81.6365346370522
2015,YR2015,Poland,POL,..
2015,YR2015,Portugal,PRT,..
2015,YR2015,Puerto Rico,PRI,..
2015,YR2015,Qatar,QAT,..
2015,YR2015,Romania,ROU,..
2015,YR2015,Russian Federation,RUS,..
2015,YR2015,Rwanda,RWA,12.4097077829807
2015,YR2015,Samoa,WSM,..
2015,YR2015,San Marino,SMR,..
2015,YR2015,Sao Tome and Principe,STP,43.9211875070312
2015,YR2015,Saudi Arabia,SAU,..
2015,YR2015,Senegal,SEN,21.461464374716
2015,YR2015,Serbia,SRB,..
2015,YR2015,Seychelles,SYC,..
2015,YR2015,Sierra Leone,SLE,14.5104843808162
2015,YR2015,Singapore,SGP,..
2015,YR2015,Sint Maarten (Dutch part),SXM,..
2015,YR2015,Slovak Republic,SVK,..
2015,YR2015,Slovenia,SVN,..
2015,YR2015,Solomon Islands,SLB,37.8544846451056
2015,YR2015,Somalia,SOM,24.5729031183009
2015,YR2015,South Africa,ZAF,43.7363135769289
2015,YR2015,South Sudan,SSD,5.6
2015,YR2015,Spain,ESP,..
2015,YR2015,Sri Lanka,LKA,..
2015,YR2015,St. Kitts and Nevis,KNA,..
2015,YR2015,St. Lucia,LCA,87.3313301933367
2015,YR2015,St. Martin (French part),MAF,..
2015,YR2015,St. Vincent and the Grenadines,VCT,..
2015,YR2015,Sudan,SDN,21.2548360472692
2015,YR2015,Suriname,SUR,72.0962533763925
2015,YR2015,Sweden,SWE,..
2015,YR2015,Switzerland,CHE,..
2015,YR2015,Syrian Arab Republic,SYR,84.1063695442204
2015,YR2015,Tajikistan,TJK,72.5931472845541
2015,YR2015,Tanzania,TZA,28.0010389019477
2015,YR2015,Thailand,THA,84.8364268081205
2015,YR2015,Timor-Leste,TLS,28.0288111802612
2015,YR2015,Togo,TGO,13.6245959030696
2015,YR2015,Tonga,TON,69.5649065823589
2015,YR2015,Trinidad and Tobago,TTO,90.0634425479679
2015,YR2015,Tunisia,TUN,85.5554222483739
2015,YR2015,Turkiye,TUR,..
2015,YR2015,Turkmenistan,TKM,97.6533648878243
2015,YR2015,Turks and Caicos Islands,TCA,..
2015,YR2015,Tuvalu,TUV,..
2015,YR2015,Uganda,UGA,21.0966533290833
2015,YR2015,Ukraine,UKR,..
2015,YR2015,United Arab Emirates,ARE,..
2015,YR2015,United Kingdom,GBR,..
2015,YR2015,United States,USA,..
2015,YR2015,Uruguay,URY,..
2015,YR2015,Uzbekistan,UZB,..
2015,YR2015,Vanuatu,VUT,45.0394222061739
2015,YR2015,"Venezuela, RB",VEN,..
2015,YR2015,Viet Nam,VNM,86.4651354380595
2015,YR2015,Virgin Islands (U.S.),VIR,..
2015,YR2015,West Bank and Gaza,PSE,94.9324656486042
2015,YR2015,"Yemen, Rep.",YEM,48.1958423695903
2015,YR2015,Zambia,ZMB,17.4032598362622
2015,YR2015,Zimbabwe,ZWE,42.4541357259053
2016,YR2016,Africa Eastern and Southern,AFE,22.6059674374919
2016,YR2016,Africa Western and Central,AFW,26.3315394045144
2016,YR2016,Arab World,ARB,72.5703433016871
2016,YR2016,Caribbean small states,CSS,80.6462739956089
2016,YR2016,Central Europe and the Baltics,CEB,..
2016,YR2016,Early-demographic dividend,EAR,64.4191387154005
2016,YR2016,East Asia & Pacific,EAS,..
2016,YR2016,East Asia & Pacific (excluding high income),EAP,..
2016,YR2016,East Asia & Pacific (IDA & IBRD countries),TEA,..
2016,YR2016,Euro area,EMU,..
2016,YR2016,Europe & Central Asia,ECS,..
2016,YR2016,Europe & Central Asia (excluding high income),ECA,..
2016,YR2016,Europe & Central Asia (IDA & IBRD countries),TEC,..
2016,YR2016,European Union,EUU,..
2016,YR2016,Fragile and conflict affected situations,FCS,32.773925059569
2016,YR2016,Heavily indebted poor countries (HIPC),HPC,21.6876636312407
2016,YR2016,High income,HIC,..
2016,YR2016,IBRD only,IBD,..
2016,YR2016,IDA & IBRD total,IBT,..
2016,YR2016,IDA blend,IDB,..
2016,YR2016,IDA only,IDX,..
2016,YR2016,IDA total,IDA,..
2016,YR2016,Late-demographic dividend,LTE,..
2016,YR2016,Latin America & Caribbean,LCN,..
2016,YR2016,Latin America & Caribbean (excluding high income),LAC,..
2016,YR2016,Latin America & the Caribbean (IDA & IBRD countries),TLA,..
2016,YR2016,Least developed countries: UN classification,LDC,29.6439507373003
2016,YR2016,Low & middle income,LMY,..
2016,YR2016,Low income,LIC,21.4141293906481
2016,YR2016,Lower middle income,LMC,59.4244783812677
2016,YR2016,Middle East & North Africa,MEA,..
2016,YR2016,Middle East & North Africa (excluding high income),MNA,..
2016,YR2016,Middle East & North Africa (IDA & IBRD countries),TMN,..
2016,YR2016,Middle income,MIC,..
2016,YR2016,North America,NAC,..
2016,YR2016,Not classified,INX,..
2016,YR2016,OECD members,OED,..
2016,YR2016,Other small states,OSS,..
2016,YR2016,Pacific island small states,PSS,..
2016,YR2016,Post-demographic dividend,PST,..
2016,YR2016,Pre-demographic dividend,PRE,28.0875066514457
2016,YR2016,Small states,SST,..
2016,YR2016,South Asia,SAS,62.1209080659198
2016,YR2016,South Asia (IDA & IBRD),TSA,62.1209080659198
2016,YR2016,Sub-Saharan Africa,SSF,24.1589487420865
2016,YR2016,Sub-Saharan Africa (excluding high income),SSA,24.1589487420865
2016,YR2016,Sub-Saharan Africa (IDA & IBRD countries),TSS,24.1589487420865
2016,YR2016,Upper middle income,UMC,..
2016,YR2016,World,WLD,..
2016,YR2016,Afghanistan,AFG,43.0132264594566
2016,YR2016,Albania,ALB,..
2016,YR2016,Algeria,DZA,84.1205068750123
2016,YR2016,American Samoa,ASM,..
2016,YR2016,Andorra,AND,..
2016,YR2016,Angola,AGO,26.539198112878
2016,YR2016,Antigua and Barbuda,ATG,..
2016,YR2016,Argentina,ARG,..
2016,YR2016,Armenia,ARM,93.3810038956692
2016,YR2016,Aruba,ABW,..
2016,YR2016,Australia,AUS,..
2016,YR2016,Austria,AUT,..
2016,YR2016,Azerbaijan,AZE,89.2927751355984
2016,YR2016,"Bahamas, The",BHS,..
2016,YR2016,Bahrain,BHR,..
2016,YR2016,Bangladesh,BGD,45.1391016623656
2016,YR2016,Barbados,BRB,88.4693506083686
2016,YR2016,Belarus,BLR,..
2016,YR2016,Belgium,BEL,..
2016,YR2016,Belize,BLZ,88.5567276809993
2016,YR2016,Benin,BEN,9.77972881926354
2016,YR2016,Bermuda,BMU,..
2016,YR2016,Bhutan,BTN,87.2291635763753
2016,YR2016,Bolivia,BOL,26.8369355015296
2016,YR2016,Bosnia and Herzegovina,BIH,97.2610580225998
2016,YR2016,Botswana,BWA,..
2016,YR2016,Brazil,BRA,..
2016,YR2016,British Virgin Islands,VGB,..
2016,YR2016,Brunei Darussalam,BRN,..
2016,YR2016,Bulgaria,BGR,..
2016,YR2016,Burkina Faso,BFA,8.86043312589984
2016,YR2016,Burundi,BDI,6.14208345770097
2016,YR2016,Cabo Verde,CPV,..
2016,YR2016,Cambodia,KHM,70.1516776822719
2016,YR2016,Cameroon,CMR,35.8234262557483
2016,YR2016,Canada,CAN,..
2016,YR2016,Cayman Islands,CYM,..
2016,YR2016,Central African Republic,CAF,19.4219519072001
2016,YR2016,Chad,TCD,21.7868386731571
2016,YR2016,Channel Islands,CHI,..
2016,YR2016,Chile,CHL,..
2016,YR2016,China,CHN,..
2016,YR2016,Colombia,COL,69.2729452584781
2016,YR2016,Comoros,COM,15.5735332982746
2016,YR2016,"Congo, Dem. Rep.",COD,18.8234762937207
2016,YR2016,"Congo, Rep.",COG,47.8523742141043
2016,YR2016,Costa Rica,CRI,84.9666693965212
2016,YR2016,Cote d'Ivoire,CIV,18.9510628484818
2016,YR2016,Croatia,HRV,..
2016,YR2016,Cuba,CUB,87.5224809967831
2016,YR2016,Curacao,CUW,..
2016,YR2016,Cyprus,CYP,..
2016,YR2016,Czechia,CZE,..
2016,YR2016,Denmark,DNK,..
2016,YR2016,Djibouti,DJI,..
2016,YR2016,Dominica,DMA,..
2016,YR2016,Dominican Republic,DOM,51.1822648651873
2016,YR2016,Ecuador,ECU,87.0895650703843
2016,YR2016,"Egypt, Arab Rep.",EGY,89.8283389809817
2016,YR2016,El Salvador,SLV,90.6060424764407
2016,YR2016,Equatorial Guinea,GNQ,..
2016,YR2016,Eritrea,ERI,..
2016,YR2016,Estonia,EST,..
2016,YR2016,Eswatini,SWZ,24.089489022469
2016,YR2016,Ethiopia,ETH,7.89047629344199
2016,YR2016,Faroe Islands,FRO,..
2016,YR2016,Fiji,FJI,..
2016,YR2016,Finland,FIN,..
2016,YR2016,France,FRA,..
2016,YR2016,French Polynesia,PYF,..
2016,YR2016,Gabon,GAB,..
2016,YR2016,"Gambia, The",GMB,12.8802607965602
2016,YR2016,Georgia,GEO,91.5813406740162
2016,YR2016,Germany,DEU,..
2016,YR2016,Ghana,GHA,41.2399854081912
2016,YR2016,Gibraltar,GIB,..
2016,YR2016,Greece,GRC,..
2016,YR2016,Greenland,GRL,..
2016,YR2016,Grenada,GRD,..
2016,YR2016,Guam,GUM,..
2016,YR2016,Guatemala,GTM,76.6175052939639
2016,YR2016,Guinea,GIN,20.1930017053125
2016,YR2016,Guinea-Bissau,GNB,12.0066191867193
2016,YR2016,Guyana,GUY,78.9432864437223
2016,YR2016,Haiti,HTI,23.151039398225
2016,YR2016,Honduras,HND,84.5042528318575
2016,YR2016,"Hong Kong SAR, China",HKG,..
2016,YR2016,Hungary,HUN,..
2016,YR2016,Iceland,ISL,..
2016,YR2016,India,IND,63.9222864004154
2016,YR2016,Indonesia,IDN,77.6941682031391
2016,YR2016,"Iran, Islamic Rep.",IRN,..
2016,YR2016,Iraq,IRQ,94.5905927131255
2016,YR2016,Ireland,IRL,..
2016,YR2016,Isle of Man,IMN,..
2016,YR2016,Israel,ISR,..
2016,YR2016,Italy,ITA,..
2016,YR2016,Jamaica,JAM,..
2016,YR2016,Japan,JPN,..
2016,YR2016,Jordan,JOR,..
2016,YR2016,Kazakhstan,KAZ,..
2016,YR2016,Kenya,KEN,37.3043249778702
2016,YR2016,Kiribati,KIR,55.343871162475
2016,YR2016,"Korea, Dem. People's Rep.",PRK,..
2016,YR2016,"Korea, Rep.",KOR,..
2016,YR2016,Kosovo,XKX,..
2016,YR2016,Kuwait,KWT,..
2016,YR2016,Kyrgyz Republic,KGZ,93.4173653226841
2016,YR2016,Lao PDR,LAO,54.9211212186179
2016,YR2016,Latvia,LVA,..
2016,YR2016,Lebanon,LBN,..
2016,YR2016,Lesotho,LSO,5.39462289319406
2016,YR2016,Liberia,LBR,1.89175623078963
2016,YR2016,Libya,LBY,..
2016,YR2016,Liechtenstein,LIE,..
2016,YR2016,Lithuania,LTU,..
2016,YR2016,Luxembourg,LUX,..
2016,YR2016,"Macao SAR, China",MAC,..
2016,YR2016,Madagascar,MDG,23.6309617028955
2016,YR2016,Malawi,MWI,15.295584463313
2016,YR2016,Malaysia,MYS,..
2016,YR2016,Maldives,MDV,95.7938985273816
2016,YR2016,Mali,MLI,16.4629611912861
2016,YR2016,Malta,MLT,..
2016,YR2016,Marshall Islands,MHL,84.971286849406
2016,YR2016,Mauritania,MRT,50.2241903948825
2016,YR2016,Mauritius,MUS,..
2016,YR2016,Mexico,MEX,91.7494949370446
2016,YR2016,"Micronesia, Fed. Sts.",FSM,..
2016,YR2016,Moldova,MDA,86.979418604362
2016,YR2016,Monaco,MCO,..
2016,YR2016,Mongolia,MNG,78.321733107273
2016,YR2016,Montenegro,MNE,..
2016,YR2016,Morocco,MAR,..
2016,YR2016,Mozambique,MOZ,..
2016,YR2016,Myanmar,MMR,74.3767484704823
2016,YR2016,Namibia,NAM,44.2351911329745
2016,YR2016,Nauru,NRU,..
2016,YR2016,Nepal,NPL,56.6977597569626
2016,YR2016,Netherlands,NLD,..
2016,YR2016,New Caledonia,NCL,..
2016,YR2016,New Zealand,NZL,..
2016,YR2016,Nicaragua,NIC,..
2016,YR2016,Niger,NER,19.0813352903418
2016,YR2016,Nigeria,NGA,30.3380145058316
2016,YR2016,North Macedonia,MKD,..
2016,YR2016,Northern Mariana Islands,MNP,..
2016,YR2016,Norway,NOR,..
2016,YR2016,Oman,OMN,97.4
2016,YR2016,Pakistan,PAK,67.182763372952
2016,YR2016,Palau,PLW,..
2016,YR2016,Panama,PAN,..
2016,YR2016,Papua New Guinea,PNG,29.6546272927116
2016,YR2016,Paraguay,PRY,80.0012490176556
2016,YR2016,Peru,PER,..
2016,YR2016,Philippines,PHL,81.6494400926837
2016,YR2016,Poland,POL,..
2016,YR2016,Portugal,PRT,..
2016,YR2016,Puerto Rico,PRI,..
2016,YR2016,Qatar,QAT,..
2016,YR2016,Romania,ROU,..
2016,YR2016,Russian Federation,RUS,..
2016,YR2016,Rwanda,RWA,13.3985580169045
2016,YR2016,Samoa,WSM,72.1169529922812
2016,YR2016,San Marino,SMR,..
2016,YR2016,Sao Tome and Principe,STP,46.0893713692222
2016,YR2016,Saudi Arabia,SAU,..
2016,YR2016,Senegal,SEN,21.56707674685
2016,YR2016,Serbia,SRB,..
2016,YR2016,Seychelles,SYC,..
2016,YR2016,Sierra Leone,SLE,14.9996733870349
2016,YR2016,Singapore,SGP,..
2016,YR2016,Sint Maarten (Dutch part),SXM,..
2016,YR2016,Slovak Republic,SVK,..
2016,YR2016,Slovenia,SVN,..
2016,YR2016,Solomon Islands,SLB,38.050171700179
2016,YR2016,Somalia,SOM,24.646357802139
2016,YR2016,South Africa,ZAF,43.8649452460677
2016,YR2016,South Sudan,SSD,5.6
2016,YR2016,Spain,ESP,..
2016,YR2016,Sri Lanka,LKA,..
2016,YR2016,St. Kitts and Nevis,KNA,..
2016,YR2016,St. Lucia,LCA,87.331647563873
2016,YR2016,St. Martin (French part),MAF,..
2016,YR2016,St. Vincent and the Grenadines,VCT,..
2016,YR2016,Sudan,SDN,19.5061270354522
2016,YR2016,Suriname,SUR,72.0949791444174
2016,YR2016,Sweden,SWE,..
2016,YR2016,Switzerland,CHE,..
2016,YR2016,Syrian Arab Republic,SYR,84.1512789142959
2016,YR2016,Tajikistan,TJK,72.6465075635153
2016,YR2016,Tanzania,TZA,28.1304540455639
2016,YR2016,Thailand,THA,84.8628951587733
2016,YR2016,Timor-Leste,TLS,28.1033127040217
2016,YR2016,Togo,TGO,14.4781760417962
2016,YR2016,Tonga,TON,69.5574007674951
2016,YR2016,Trinidad and Tobago,TTO,..
2016,YR2016,Tunisia,TUN,85.2707366584028
2016,YR2016,Turkiye,TUR,..
2016,YR2016,Turkmenistan,TKM,..
2016,YR2016,Turks and Caicos Islands,TCA,94.8758519199344
2016,YR2016,Tuvalu,TUV,94.1324799862418
2016,YR2016,Uganda,UGA,22.467398206972
2016,YR2016,Ukraine,UKR,..
2016,YR2016,United Arab Emirates,ARE,..
2016,YR2016,United Kingdom,GBR,..
2016,YR2016,United States,USA,..
2016,YR2016,Uruguay,URY,..
2016,YR2016,Uzbekistan,UZB,..
2016,YR2016,Vanuatu,VUT,49.4623015231905
2016,YR2016,"Venezuela, RB",VEN,..
2016,YR2016,Viet Nam,VNM,86.7844742143067
2016,YR2016,Virgin Islands (U.S.),VIR,..
2016,YR2016,West Bank and Gaza,PSE,94.9304785011722
2016,YR2016,"Yemen, Rep.",YEM,48.4035635896022
2016,YR2016,Zambia,ZMB,17.5067803566072
2016,YR2016,Zimbabwe,ZWE,42.4366915017873
2017,YR2017,Africa Eastern and Southern,AFE,22.6394564784512
2017,YR2017,Africa Western and Central,AFW,26.572318338555
2017,YR2017,Arab World,ARB,72.4351753945639
2017,YR2017,Caribbean small states,CSS,..
2017,YR2017,Central Europe and the Baltics,CEB,..
2017,YR2017,Early-demographic dividend,EAR,65.8634825083962
2017,YR2017,East Asia & Pacific,EAS,91.5144779545847
2017,YR2017,East Asia & Pacific (excluding high income),EAP,91.5144779545847
2017,YR2017,East Asia & Pacific (IDA & IBRD countries),TEA,91.5144779545847
2017,YR2017,Euro area,EMU,..
2017,YR2017,Europe & Central Asia,ECS,..
2017,YR2017,Europe & Central Asia (excluding high income),ECA,..
2017,YR2017,Europe & Central Asia (IDA & IBRD countries),TEC,..
2017,YR2017,European Union,EUU,..
2017,YR2017,Fragile and conflict affected situations,FCS,32.8015773211301
2017,YR2017,Heavily indebted poor countries (HIPC),HPC,21.867045649347
2017,YR2017,High income,HIC,..
2017,YR2017,IBRD only,IBD,..
2017,YR2017,IDA & IBRD total,IBT,68.7412159855871
2017,YR2017,IDA blend,IDB,..
2017,YR2017,IDA only,IDX,..
2017,YR2017,IDA total,IDA,..
2017,YR2017,Late-demographic dividend,LTE,94.7911053514396
2017,YR2017,Latin America & Caribbean,LCN,..
2017,YR2017,Latin America & Caribbean (excluding high income),LAC,..
2017,YR2017,Latin America & the Caribbean (IDA & IBRD countries),TLA,..
2017,YR2017,Least developed countries: UN classification,LDC,30.3166864575293
2017,YR2017,Low & middle income,LMY,68.8029099206623
2017,YR2017,Low income,LIC,21.5709588890563
2017,YR2017,Lower middle income,LMC,61.102440691353
2017,YR2017,Middle East & North Africa,MEA,..
2017,YR2017,Middle East & North Africa (excluding high income),MNA,..
2017,YR2017,Middle East & North Africa (IDA & IBRD countries),TMN,..
2017,YR2017,Middle income,MIC,74.2055124493212
2017,YR2017,North America,NAC,..
2017,YR2017,Not classified,INX,..
2017,YR2017,OECD members,OED,..
2017,YR2017,Other small states,OSS,..
2017,YR2017,Pacific island small states,PSS,65.4865042438639
2017,YR2017,Post-demographic dividend,PST,..
2017,YR2017,Pre-demographic dividend,PRE,28.2881627483403
2017,YR2017,Small states,SST,..
2017,YR2017,South Asia,SAS,64.6238393380984
2017,YR2017,South Asia (IDA & IBRD),TSA,64.6238393380984
2017,YR2017,Sub-Saharan Africa,SSF,24.2805831884277
2017,YR2017,Sub-Saharan Africa (excluding high income),SSA,24.2805831884277
2017,YR2017,Sub-Saharan Africa (IDA & IBRD countries),TSS,24.2805831884277
2017,YR2017,Upper middle income,UMC,90.9314739431155
2017,YR2017,World,WLD,68.8285688306881
2017,YR2017,Afghanistan,AFG,43.8983799044592
2017,YR2017,Albania,ALB,..
2017,YR2017,Algeria,DZA,84.2549579460322
2017,YR2017,American Samoa,ASM,..
2017,YR2017,Andorra,AND,..
2017,YR2017,Angola,AGO,26.6823041491641
2017,YR2017,Antigua and Barbuda,ATG,..
2017,YR2017,Argentina,ARG,..
2017,YR2017,Armenia,ARM,94.0429405624215
2017,YR2017,Aruba,ABW,..
2017,YR2017,Australia,AUS,..
2017,YR2017,Austria,AUT,..
2017,YR2017,Azerbaijan,AZE,89.3040211833348
2017,YR2017,"Bahamas, The",BHS,..
2017,YR2017,Bahrain,BHR,..
2017,YR2017,Bangladesh,BGD,48.4969593153711
2017,YR2017,Barbados,BRB,..
2017,YR2017,Belarus,BLR,..
2017,YR2017,Belgium,BEL,..
2017,YR2017,Belize,BLZ,89.4093688612813
2017,YR2017,Benin,BEN,10.3394667170043
2017,YR2017,Bermuda,BMU,..
2017,YR2017,Bhutan,BTN,88.4804316413082
2017,YR2017,Bolivia,BOL,26.8615292480397
2017,YR2017,Bosnia and Herzegovina,BIH,..
2017,YR2017,Botswana,BWA,..
2017,YR2017,Brazil,BRA,..
2017,YR2017,British Virgin Islands,VGB,..
2017,YR2017,Brunei Darussalam,BRN,..
2017,YR2017,Bulgaria,BGR,..
2017,YR2017,Burkina Faso,BFA,8.9065507679629
2017,YR2017,Burundi,BDI,6.14409912927732
2017,YR2017,Cabo Verde,CPV,..
2017,YR2017,Cambodia,KHM,72.4045950105575
2017,YR2017,Cameroon,CMR,35.9729122508168
2017,YR2017,Canada,CAN,..
2017,YR2017,Cayman Islands,CYM,..
2017,YR2017,Central African Republic,CAF,19.9221312903126
2017,YR2017,Chad,TCD,22.671923304196
2017,YR2017,Channel Islands,CHI,..
2017,YR2017,Chile,CHL,..
2017,YR2017,China,CHN,97.0388012520998
2017,YR2017,Colombia,COL,69.4262206290915
2017,YR2017,Comoros,COM,..
2017,YR2017,"Congo, Dem. Rep.",COD,18.9093444649724
2017,YR2017,"Congo, Rep.",COG,47.9636719463319
2017,YR2017,Costa Rica,CRI,85.200690951246
2017,YR2017,Cote d'Ivoire,CIV,19.6122943811278
2017,YR2017,Croatia,HRV,..
2017,YR2017,Cuba,CUB,88.691951336695
2017,YR2017,Curacao,CUW,..
2017,YR2017,Cyprus,CYP,..
2017,YR2017,Czechia,CZE,..
2017,YR2017,Denmark,DNK,..
2017,YR2017,Djibouti,DJI,..
2017,YR2017,Dominica,DMA,..
2017,YR2017,Dominican Republic,DOM,50.5970105191273
2017,YR2017,Ecuador,ECU,87.1079385905201
2017,YR2017,"Egypt, Arab Rep.",EGY,89.8269698994439
2017,YR2017,El Salvador,SLV,90.653608602059
2017,YR2017,Equatorial Guinea,GNQ,..
2017,YR2017,Eritrea,ERI,..
2017,YR2017,Estonia,EST,..
2017,YR2017,Eswatini,SWZ,24.1411507416008
2017,YR2017,Ethiopia,ETH,7.95898584940284
2017,YR2017,Faroe Islands,FRO,..
2017,YR2017,Fiji,FJI,86.2552242662482
2017,YR2017,Finland,FIN,..
2017,YR2017,France,FRA,..
2017,YR2017,French Polynesia,PYF,..
2017,YR2017,Gabon,GAB,..
2017,YR2017,"Gambia, The",GMB,12.8910057557181
2017,YR2017,Georgia,GEO,91.6095369081585
2017,YR2017,Germany,DEU,..
2017,YR2017,Ghana,GHA,41.3164741353981
2017,YR2017,Gibraltar,GIB,..
2017,YR2017,Greece,GRC,..
2017,YR2017,Greenland,GRL,..
2017,YR2017,Grenada,GRD,..
2017,YR2017,Guam,GUM,..
2017,YR2017,Guatemala,GTM,76.6655042055009
2017,YR2017,Guinea,GIN,20.2598264390628
2017,YR2017,Guinea-Bissau,GNB,13.5278604671412
2017,YR2017,Guyana,GUY,79.7021783195766
2017,YR2017,Haiti,HTI,22.8627466112954
2017,YR2017,Honduras,HND,84.6115156059532
2017,YR2017,"Hong Kong SAR, China",HKG,..
2017,YR2017,Hungary,HUN,..
2017,YR2017,Iceland,ISL,..
2017,YR2017,India,IND,66.000895441643
2017,YR2017,Indonesia,IDN,77.9519102626708
2017,YR2017,"Iran, Islamic Rep.",IRN,..
2017,YR2017,Iraq,IRQ,95.2982793075898
2017,YR2017,Ireland,IRL,..
2017,YR2017,Isle of Man,IMN,..
2017,YR2017,Israel,ISR,..
2017,YR2017,Italy,ITA,..
2017,YR2017,Jamaica,JAM,..
2017,YR2017,Japan,JPN,..
2017,YR2017,Jordan,JOR,..
2017,YR2017,Kazakhstan,KAZ,..
2017,YR2017,Kenya,KEN,37.3508462699288
2017,YR2017,Kiribati,KIR,55.4036625544117
2017,YR2017,"Korea, Dem. People's Rep.",PRK,..
2017,YR2017,"Korea, Rep.",KOR,..
2017,YR2017,Kosovo,XKX,..
2017,YR2017,Kuwait,KWT,..
2017,YR2017,Kyrgyz Republic,KGZ,95.0436463988573
2017,YR2017,Lao PDR,LAO,55.0965167429876
2017,YR2017,Latvia,LVA,..
2017,YR2017,Lebanon,LBN,..
2017,YR2017,Lesotho,LSO,5.42250581114428
2017,YR2017,Liberia,LBR,2.13997597586319
2017,YR2017,Libya,LBY,..
2017,YR2017,Liechtenstein,LIE,..
2017,YR2017,Lithuania,LTU,..
2017,YR2017,Luxembourg,LUX,..
2017,YR2017,"Macao SAR, China",MAC,..
2017,YR2017,Madagascar,MDG,23.6071678602562
2017,YR2017,Malawi,MWI,15.2940986448858
2017,YR2017,Malaysia,MYS,..
2017,YR2017,Maldives,MDV,95.8028631636451
2017,YR2017,Mali,MLI,16.6050128921071
2017,YR2017,Malta,MLT,..
2017,YR2017,Marshall Islands,MHL,84.9964506228479
2017,YR2017,Mauritania,MRT,48.7693815004383
2017,YR2017,Mauritius,MUS,..
2017,YR2017,Mexico,MEX,92.1147160450377
2017,YR2017,"Micronesia, Fed. Sts.",FSM,..
2017,YR2017,Moldova,MDA,..
2017,YR2017,Monaco,MCO,..
2017,YR2017,Mongolia,MNG,80.3347289019887
2017,YR2017,Montenegro,MNE,..
2017,YR2017,Morocco,MAR,..
2017,YR2017,Mozambique,MOZ,..
2017,YR2017,Myanmar,MMR,74.4064213128383
2017,YR2017,Namibia,NAM,44.5999033093996
2017,YR2017,Nauru,NRU,..
2017,YR2017,Nepal,NPL,58.0752406137584
2017,YR2017,Netherlands,NLD,..
2017,YR2017,New Caledonia,NCL,..
2017,YR2017,New Zealand,NZL,..
2017,YR2017,Nicaragua,NIC,..
2017,YR2017,Niger,NER,20.1791413814324
2017,YR2017,Nigeria,NGA,30.4660261567791
2017,YR2017,North Macedonia,MKD,..
2017,YR2017,Northern Mariana Islands,MNP,..
2017,YR2017,Norway,NOR,..
2017,YR2017,Oman,OMN,97.4
2017,YR2017,Pakistan,PAK,70.126436152709
2017,YR2017,Palau,PLW,..
2017,YR2017,Panama,PAN,..
2017,YR2017,Papua New Guinea,PNG,29.6742614802241
2017,YR2017,Paraguay,PRY,80.03719974895
2017,YR2017,Peru,PER,..
2017,YR2017,Philippines,PHL,81.6634253328611
2017,YR2017,Poland,POL,..
2017,YR2017,Portugal,PRT,..
2017,YR2017,Puerto Rico,PRI,..
2017,YR2017,Qatar,QAT,..
2017,YR2017,Romania,ROU,..
2017,YR2017,Russian Federation,RUS,..
2017,YR2017,Rwanda,RWA,14.3897972416187
2017,YR2017,Samoa,WSM,72.0841440236037
2017,YR2017,San Marino,SMR,..
2017,YR2017,Sao Tome and Principe,STP,48.3302714189223
2017,YR2017,Saudi Arabia,SAU,..
2017,YR2017,Senegal,SEN,21.6751206480742
2017,YR2017,Serbia,SRB,..
2017,YR2017,Seychelles,SYC,..
2017,YR2017,Sierra Leone,SLE,15.484425543753
2017,YR2017,Singapore,SGP,..
2017,YR2017,Sint Maarten (Dutch part),SXM,..
2017,YR2017,Slovak Republic,SVK,..
2017,YR2017,Slovenia,SVN,..
2017,YR2017,Solomon Islands,SLB,38.2458613652094
2017,YR2017,Somalia,SOM,24.7203288634517
2017,YR2017,South Africa,ZAF,43.9925760601146
2017,YR2017,South Sudan,SSD,5.6
2017,YR2017,Spain,ESP,..
2017,YR2017,Sri Lanka,LKA,85.2823083323441
2017,YR2017,St. Kitts and Nevis,KNA,..
2017,YR2017,St. Lucia,LCA,..
2017,YR2017,St. Martin (French part),MAF,..
2017,YR2017,St. Vincent and the Grenadines,VCT,..
2017,YR2017,Sudan,SDN,17.7574180236347
2017,YR2017,Suriname,SUR,72.0950610883517
2017,YR2017,Sweden,SWE,..
2017,YR2017,Switzerland,CHE,..
2017,YR2017,Syrian Arab Republic,SYR,84.1960532463999
2017,YR2017,Tajikistan,TJK,72.7035037388729
2017,YR2017,Tanzania,TZA,28.2605935327923
2017,YR2017,Thailand,THA,84.8893010401162
2017,YR2017,Timor-Leste,TLS,28.1782294917759
2017,YR2017,Togo,TGO,15.3339749716623
2017,YR2017,Tonga,TON,69.5498957167824
2017,YR2017,Trinidad and Tobago,TTO,..
2017,YR2017,Tunisia,TUN,84.9842421033383
2017,YR2017,Turkiye,TUR,..
2017,YR2017,Turkmenistan,TKM,..
2017,YR2017,Turks and Caicos Islands,TCA,94.8956255614577
2017,YR2017,Tuvalu,TUV,94.1006081361907
2017,YR2017,Uganda,UGA,23.8481323914087
2017,YR2017,Ukraine,UKR,..
2017,YR2017,United Arab Emirates,ARE,..
2017,YR2017,United Kingdom,GBR,..
2017,YR2017,United States,USA,..
2017,YR2017,Uruguay,URY,..
2017,YR2017,Uzbekistan,UZB,..
2017,YR2017,Vanuatu,VUT,53.8791286238327
2017,YR2017,"Venezuela, RB",VEN,..
2017,YR2017,Viet Nam,VNM,87.1043052297417
2017,YR2017,Virgin Islands (U.S.),VIR,..
2017,YR2017,West Bank and Gaza,PSE,94.9284428269413
2017,YR2017,"Yemen, Rep.",YEM,48.6129682596557
2017,YR2017,Zambia,ZMB,17.6116661766706
2017,YR2017,Zimbabwe,ZWE,42.4251313333788
2018,YR2018,Africa Eastern and Southern,AFE,22.5871968192586
2018,YR2018,Africa Western and Central,AFW,26.8134675684093
2018,YR2018,Arab World,ARB,74.6638048164741
2018,YR2018,Caribbean small states,CSS,..
2018,YR2018,Central Europe and the Baltics,CEB,..
2018,YR2018,Early-demographic dividend,EAR,67.6729244224214
2018,YR2018,East Asia & Pacific,EAS,91.5845330117042
2018,YR2018,East Asia & Pacific (excluding high income),EAP,91.5845330117042
2018,YR2018,East Asia & Pacific (IDA & IBRD countries),TEA,91.5845330117042
2018,YR2018,Euro area,EMU,..
2018,YR2018,Europe & Central Asia,ECS,..
2018,YR2018,Europe & Central Asia (excluding high income),ECA,..
2018,YR2018,Europe & Central Asia (IDA & IBRD countries),TEC,..
2018,YR2018,European Union,EUU,..
2018,YR2018,Fragile and conflict affected situations,FCS,32.2061027147769
2018,YR2018,Heavily indebted poor countries (HIPC),HPC,22.0410732544256
2018,YR2018,High income,HIC,..
2018,YR2018,IBRD only,IBD,..
2018,YR2018,IDA & IBRD total,IBT,69.5523501082614
2018,YR2018,IDA blend,IDB,..
2018,YR2018,IDA only,IDX,..
2018,YR2018,IDA total,IDA,..
2018,YR2018,Late-demographic dividend,LTE,94.8733787567093
2018,YR2018,Latin America & Caribbean,LCN,..
2018,YR2018,Latin America & Caribbean (excluding high income),LAC,..
2018,YR2018,Latin America & the Caribbean (IDA & IBRD countries),TLA,..
2018,YR2018,Least developed countries: UN classification,LDC,30.3805214949388
2018,YR2018,Low & middle income,LMY,69.6139028407016
2018,YR2018,Low income,LIC,20.2231129743437
2018,YR2018,Lower middle income,LMC,62.7744441861607
2018,YR2018,Middle East & North Africa,MEA,..
2018,YR2018,Middle East & North Africa (excluding high income),MNA,..
2018,YR2018,Middle East & North Africa (IDA & IBRD countries),TMN,..
2018,YR2018,Middle income,MIC,75.0279604096738
2018,YR2018,North America,NAC,..
2018,YR2018,Not classified,INX,..
2018,YR2018,OECD members,OED,..
2018,YR2018,Other small states,OSS,..
2018,YR2018,Pacific island small states,PSS,65.8901183716457
2018,YR2018,Post-demographic dividend,PST,..
2018,YR2018,Pre-demographic dividend,PRE,28.4759295489507
2018,YR2018,Small states,SST,..
2018,YR2018,South Asia,SAS,66.8436966990901
2018,YR2018,South Asia (IDA & IBRD),TSA,66.8436966990901
2018,YR2018,Sub-Saharan Africa,SSF,24.3545969163222
2018,YR2018,Sub-Saharan Africa (excluding high income),SSA,24.3545969163222
2018,YR2018,Sub-Saharan Africa (IDA & IBRD countries),TSS,24.3545969163222
2018,YR2018,Upper middle income,UMC,91.0691731613358
2018,YR2018,World,WLD,69.6389444998539
2018,YR2018,Afghanistan,AFG,44.7775364052837
2018,YR2018,Albania,ALB,..
2018,YR2018,Algeria,DZA,84.3839771689143
2018,YR2018,American Samoa,ASM,..
2018,YR2018,Andorra,AND,..
2018,YR2018,Angola,AGO,26.8222952752658
2018,YR2018,Antigua and Barbuda,ATG,..
2018,YR2018,Argentina,ARG,..
2018,YR2018,Armenia,ARM,94.3959169115063
2018,YR2018,Aruba,ABW,..
2018,YR2018,Australia,AUS,..
2018,YR2018,Austria,AUT,..
2018,YR2018,Azerbaijan,AZE,..
2018,YR2018,"Bahamas, The",BHS,..
2018,YR2018,Bahrain,BHR,..
2018,YR2018,Bangladesh,BGD,51.8270206745033
2018,YR2018,Barbados,BRB,..
2018,YR2018,Belarus,BLR,..
2018,YR2018,Belgium,BEL,..
2018,YR2018,Belize,BLZ,90.265090553217
2018,YR2018,Benin,BEN,10.9016003612488
2018,YR2018,Bermuda,BMU,..
2018,YR2018,Bhutan,BTN,89.7074371864136
2018,YR2018,Bolivia,BOL,26.8863368585665
2018,YR2018,Bosnia and Herzegovina,BIH,..
2018,YR2018,Botswana,BWA,..
2018,YR2018,Brazil,BRA,..
2018,YR2018,British Virgin Islands,VGB,..
2018,YR2018,Brunei Darussalam,BRN,..
2018,YR2018,Bulgaria,BGR,..
2018,YR2018,Burkina Faso,BFA,8.94672618396399
2018,YR2018,Burundi,BDI,6.14440210995612
2018,YR2018,Cabo Verde,CPV,..
2018,YR2018,Cambodia,KHM,74.6373897123768
2018,YR2018,Cameroon,CMR,36.1221456297941
2018,YR2018,Canada,CAN,..
2018,YR2018,Cayman Islands,CYM,..
2018,YR2018,Central African Republic,CAF,20.4358266181276
2018,YR2018,Chad,TCD,23.5539352133861
2018,YR2018,Channel Islands,CHI,..
2018,YR2018,Chile,CHL,..
2018,YR2018,China,CHN,97.074558133054
2018,YR2018,Colombia,COL,69.5767777711375
2018,YR2018,Comoros,COM,..
2018,YR2018,"Congo, Dem. Rep.",COD,18.996260395512
2018,YR2018,"Congo, Rep.",COG,48.0747264857321
2018,YR2018,Costa Rica,CRI,85.4370603934414
2018,YR2018,Cote d'Ivoire,CIV,20.2778104505103
2018,YR2018,Croatia,HRV,..
2018,YR2018,Cuba,CUB,89.8619127419855
2018,YR2018,Curacao,CUW,..
2018,YR2018,Cyprus,CYP,..
2018,YR2018,Czechia,CZE,..
2018,YR2018,Denmark,DNK,..
2018,YR2018,Djibouti,DJI,..
2018,YR2018,Dominica,DMA,..
2018,YR2018,Dominican Republic,DOM,50.0073403131818
2018,YR2018,Ecuador,ECU,87.1283478110848
2018,YR2018,"Egypt, Arab Rep.",EGY,89.8269190815113
2018,YR2018,El Salvador,SLV,90.6995792106616
2018,YR2018,Equatorial Guinea,GNQ,..
2018,YR2018,Eritrea,ERI,..
2018,YR2018,Estonia,EST,..
2018,YR2018,Eswatini,SWZ,24.1953018535792
2018,YR2018,Ethiopia,ETH,8.02888386359803
2018,YR2018,Faroe Islands,FRO,..
2018,YR2018,Fiji,FJI,86.3108143929781
2018,YR2018,Finland,FIN,..
2018,YR2018,France,FRA,..
2018,YR2018,French Polynesia,PYF,..
2018,YR2018,Gabon,GAB,..
2018,YR2018,"Gambia, The",GMB,12.9015935647382
2018,YR2018,Georgia,GEO,91.6382244770077
2018,YR2018,Germany,DEU,..
2018,YR2018,Ghana,GHA,41.3923816587303
2018,YR2018,Gibraltar,GIB,..
2018,YR2018,Greece,GRC,..
2018,YR2018,Greenland,GRL,..
2018,YR2018,Grenada,GRD,..
2018,YR2018,Guam,GUM,..
2018,YR2018,Guatemala,GTM,76.7152333044438
2018,YR2018,Guinea,GIN,20.3294617247301
2018,YR2018,Guinea-Bissau,GNB,15.053018015536
2018,YR2018,Guyana,GUY,80.4598440750537
2018,YR2018,Haiti,HTI,22.5672157772654
2018,YR2018,Honduras,HND,84.7103164250834
2018,YR2018,"Hong Kong SAR, China",HKG,..
2018,YR2018,Hungary,HUN,..
2018,YR2018,Iceland,ISL,..
2018,YR2018,India,IND,68.0714866477316
2018,YR2018,Indonesia,IDN,78.1924812495899
2018,YR2018,"Iran, Islamic Rep.",IRN,..
2018,YR2018,Iraq,IRQ,96.0007859320466
2018,YR2018,Ireland,IRL,..
2018,YR2018,Isle of Man,IMN,..
2018,YR2018,Israel,ISR,..
2018,YR2018,Italy,ITA,..
2018,YR2018,Jamaica,JAM,..
2018,YR2018,Japan,JPN,..
2018,YR2018,Jordan,JOR,..
2018,YR2018,Kazakhstan,KAZ,..
2018,YR2018,Kenya,KEN,37.3984897264061
2018,YR2018,Kiribati,KIR,55.4622002887726
2018,YR2018,"Korea, Dem. People's Rep.",PRK,..
2018,YR2018,"Korea, Rep.",KOR,..
2018,YR2018,Kosovo,XKX,..
2018,YR2018,Kuwait,KWT,..
2018,YR2018,Kyrgyz Republic,KGZ,96.6662194346672
2018,YR2018,Lao PDR,LAO,55.2730153263482
2018,YR2018,Latvia,LVA,..
2018,YR2018,Lebanon,LBN,..
2018,YR2018,Lesotho,LSO,5.45106353342744
2018,YR2018,Liberia,LBR,2.39200203612692
2018,YR2018,Libya,LBY,..
2018,YR2018,Liechtenstein,LIE,..
2018,YR2018,Lithuania,LTU,..
2018,YR2018,Luxembourg,LUX,..
2018,YR2018,"Macao SAR, China",MAC,..
2018,YR2018,Madagascar,MDG,23.5801084485572
2018,YR2018,Malawi,MWI,15.2941290346009
2018,YR2018,Malaysia,MYS,..
2018,YR2018,Maldives,MDV,95.8118683078773
2018,YR2018,Mali,MLI,16.7461643694391
2018,YR2018,Malta,MLT,..
2018,YR2018,Marshall Islands,MHL,85.0210566821528
2018,YR2018,Mauritania,MRT,47.3324745903308
2018,YR2018,Mauritius,MUS,..
2018,YR2018,Mexico,MEX,92.4799345437201
2018,YR2018,"Micronesia, Fed. Sts.",FSM,..
2018,YR2018,Moldova,MDA,..
2018,YR2018,Monaco,MCO,..
2018,YR2018,Mongolia,MNG,82.3458084943559
2018,YR2018,Montenegro,MNE,..
2018,YR2018,Morocco,MAR,..
2018,YR2018,Mozambique,MOZ,..
2018,YR2018,Myanmar,MMR,74.4382008519547
2018,YR2018,Namibia,NAM,..
2018,YR2018,Nauru,NRU,..
2018,YR2018,Nepal,NPL,59.4424060537118
2018,YR2018,Netherlands,NLD,..
2018,YR2018,New Caledonia,NCL,..
2018,YR2018,New Zealand,NZL,..
2018,YR2018,Nicaragua,NIC,..
2018,YR2018,Niger,NER,21.2791502580851
2018,YR2018,Nigeria,NGA,30.5923531843541
2018,YR2018,North Macedonia,MKD,..
2018,YR2018,Northern Mariana Islands,MNP,..
2018,YR2018,Norway,NOR,..
2018,YR2018,Oman,OMN,97.4
2018,YR2018,Pakistan,PAK,73.061686790313
2018,YR2018,Palau,PLW,..
2018,YR2018,Panama,PAN,..
2018,YR2018,Papua New Guinea,PNG,29.6995585073028
2018,YR2018,Paraguay,PRY,80.0745943070074
2018,YR2018,Peru,PER,..
2018,YR2018,Philippines,PHL,81.678627497488
2018,YR2018,Poland,POL,..
2018,YR2018,Portugal,PRT,..
2018,YR2018,Puerto Rico,PRI,..
2018,YR2018,Qatar,QAT,..
2018,YR2018,Romania,ROU,..
2018,YR2018,Russian Federation,RUS,..
2018,YR2018,Rwanda,RWA,15.3835909488765
2018,YR2018,Samoa,WSM,72.0542003001333
2018,YR2018,San Marino,SMR,..
2018,YR2018,Sao Tome and Principe,STP,50.6388701682328
2018,YR2018,Saudi Arabia,SAU,..
2018,YR2018,Senegal,SEN,21.7851127371002
2018,YR2018,Serbia,SRB,..
2018,YR2018,Seychelles,SYC,..
2018,YR2018,Sierra Leone,SLE,15.9647322529921
2018,YR2018,Singapore,SGP,..
2018,YR2018,Sint Maarten (Dutch part),SXM,..
2018,YR2018,Slovak Republic,SVK,..
2018,YR2018,Slovenia,SVN,..
2018,YR2018,Solomon Islands,SLB,38.4415500428421
2018,YR2018,Somalia,SOM,24.7949418892715
2018,YR2018,South Africa,ZAF,44.1192001173137
2018,YR2018,South Sudan,SSD,5.6
2018,YR2018,Spain,ESP,..
2018,YR2018,Sri Lanka,LKA,85.2914801829691
2018,YR2018,St. Kitts and Nevis,KNA,..
2018,YR2018,St. Lucia,LCA,..
2018,YR2018,St. Martin (French part),MAF,..
2018,YR2018,St. Vincent and the Grenadines,VCT,..
2018,YR2018,Sudan,SDN,16.0087090118172
2018,YR2018,Suriname,SUR,72.0965705662444
2018,YR2018,Sweden,SWE,..
2018,YR2018,Switzerland,CHE,..
2018,YR2018,Syrian Arab Republic,SYR,84.2406240819077
2018,YR2018,Tajikistan,TJK,72.7637293880581
2018,YR2018,Tanzania,TZA,28.3912768720566
2018,YR2018,Thailand,THA,84.9155949632942
2018,YR2018,Timor-Leste,TLS,28.2539728321086
2018,YR2018,Togo,TGO,16.1920142531773
2018,YR2018,Tonga,TON,69.5445106122968
2018,YR2018,Trinidad and Tobago,TTO,..
2018,YR2018,Tunisia,TUN,84.6960873056005
2018,YR2018,Turkiye,TUR,..
2018,YR2018,Turkmenistan,TKM,..
2018,YR2018,Turks and Caicos Islands,TCA,94.9141518883452
2018,YR2018,Tuvalu,TUV,94.0697433649598
2018,YR2018,Uganda,UGA,25.2386521200514
2018,YR2018,Ukraine,UKR,..
2018,YR2018,United Arab Emirates,ARE,..
2018,YR2018,United Kingdom,GBR,..
2018,YR2018,United States,USA,..
2018,YR2018,Uruguay,URY,..
2018,YR2018,Uzbekistan,UZB,81.6280082149931
2018,YR2018,Vanuatu,VUT,58.2915913650756
2018,YR2018,"Venezuela, RB",VEN,..
2018,YR2018,Viet Nam,VNM,87.4247409291133
2018,YR2018,Virgin Islands (U.S.),VIR,..
2018,YR2018,West Bank and Gaza,PSE,94.9263810129656
2018,YR2018,"Yemen, Rep.",YEM,..
2018,YR2018,Zambia,ZMB,17.7179166139126
2018,YR2018,Zimbabwe,ZWE,42.4196422521729
2019,YR2019,Africa Eastern and Southern,AFE,22.6162025771256
2019,YR2019,Africa Western and Central,AFW,27.0554369987888
2019,YR2019,Arab World,ARB,74.3754885701754
2019,YR2019,Caribbean small states,CSS,..
2019,YR2019,Central Europe and the Baltics,CEB,..
2019,YR2019,Early-demographic dividend,EAR,69.0480619365993
2019,YR2019,East Asia & Pacific,EAS,91.6490638918584
2019,YR2019,East Asia & Pacific (excluding high income),EAP,91.6490638918585
2019,YR2019,East Asia & Pacific (IDA & IBRD countries),TEA,91.6490638918585
2019,YR2019,Euro area,EMU,..
2019,YR2019,Europe & Central Asia,ECS,..
2019,YR2019,Europe & Central Asia (excluding high income),ECA,..
2019,YR2019,Europe & Central Asia (IDA & IBRD countries),TEC,..
2019,YR2019,European Union,EUU,..
2019,YR2019,Fragile and conflict affected situations,FCS,32.2503965817441
2019,YR2019,Heavily indebted poor countries (HIPC),HPC,22.2163595713467
2019,YR2019,High income,HIC,..
2019,YR2019,IBRD only,IBD,..
2019,YR2019,IDA & IBRD total,IBT,70.1629248312644
2019,YR2019,IDA blend,IDB,..
2019,YR2019,IDA only,IDX,..
2019,YR2019,IDA total,IDA,..
2019,YR2019,Late-demographic dividend,LTE,94.9211710979279
2019,YR2019,Latin America & Caribbean,LCN,..
2019,YR2019,Latin America & Caribbean (excluding high income),LAC,..
2019,YR2019,Latin America & the Caribbean (IDA & IBRD countries),TLA,..
2019,YR2019,Least developed countries: UN classification,LDC,31.0070951367074
2019,YR2019,Low & middle income,LMY,70.2248447267217
2019,YR2019,Low income,LIC,20.4594556173337
2019,YR2019,Lower middle income,LMC,64.1911741593214
2019,YR2019,Middle East & North Africa,MEA,..
2019,YR2019,Middle East & North Africa (excluding high income),MNA,..
2019,YR2019,Middle East & North Africa (IDA & IBRD countries),TMN,..
2019,YR2019,Middle income,MIC,75.7893024203947
2019,YR2019,North America,NAC,..
2019,YR2019,Not classified,INX,..
2019,YR2019,OECD members,OED,..
2019,YR2019,Other small states,OSS,..
2019,YR2019,Pacific island small states,PSS,66.3073769828856
2019,YR2019,Post-demographic dividend,PST,..
2019,YR2019,Pre-demographic dividend,PRE,28.6565060201952
2019,YR2019,Small states,SST,..
2019,YR2019,South Asia,SAS,69.0535456703282
2019,YR2019,South Asia (IDA & IBRD),TSA,69.0535456703282
2019,YR2019,Sub-Saharan Africa,SSF,24.4719825719733
2019,YR2019,Sub-Saharan Africa (excluding high income),SSA,24.4719825719733
2019,YR2019,Sub-Saharan Africa (IDA & IBRD countries),TSS,24.4719825719733
2019,YR2019,Upper middle income,UMC,91.1415002516234
2019,YR2019,World,WLD,70.2491528482639
2019,YR2019,Afghanistan,AFG,45.6495836221902
2019,YR2019,Albania,ALB,..
2019,YR2019,Algeria,DZA,84.5075609540377
2019,YR2019,American Samoa,ASM,..
2019,YR2019,Andorra,AND,..
2019,YR2019,Angola,AGO,26.9597996146697
2019,YR2019,Antigua and Barbuda,ATG,..
2019,YR2019,Argentina,ARG,..
2019,YR2019,Armenia,ARM,94.4004987283622
2019,YR2019,Aruba,ABW,..
2019,YR2019,Australia,AUS,..
2019,YR2019,Austria,AUT,..
2019,YR2019,Azerbaijan,AZE,..
2019,YR2019,"Bahamas, The",BHS,..
2019,YR2019,Bahrain,BHR,..
2019,YR2019,Bangladesh,BGD,55.1293324449055
2019,YR2019,Barbados,BRB,..
2019,YR2019,Belarus,BLR,..
2019,YR2019,Belgium,BEL,..
2019,YR2019,Belize,BLZ,90.2699941627287
2019,YR2019,Benin,BEN,11.4661562923965
2019,YR2019,Bermuda,BMU,..
2019,YR2019,Bhutan,BTN,90.9107377742463
2019,YR2019,Bolivia,BOL,26.9113600042049
2019,YR2019,Bosnia and Herzegovina,BIH,..
2019,YR2019,Botswana,BWA,..
2019,YR2019,Brazil,BRA,..
2019,YR2019,British Virgin Islands,VGB,..
2019,YR2019,Brunei Darussalam,BRN,..
2019,YR2019,Bulgaria,BGR,..
2019,YR2019,Burkina Faso,BFA,8.98098201878805
2019,YR2019,Burundi,BDI,6.142880092375
2019,YR2019,Cabo Verde,CPV,..
2019,YR2019,Cambodia,KHM,76.8491003218309
2019,YR2019,Cameroon,CMR,36.2706290391489
2019,YR2019,Canada,CAN,..
2019,YR2019,Cayman Islands,CYM,..
2019,YR2019,Central African Republic,CAF,20.9638788703953
2019,YR2019,Chad,TCD,24.4317139521309
2019,YR2019,Channel Islands,CHI,..
2019,YR2019,Chile,CHL,..
2019,YR2019,China,CHN,97.1092429077146
2019,YR2019,Colombia,COL,69.724608105128
2019,YR2019,Comoros,COM,..
2019,YR2019,"Congo, Dem. Rep.",COD,19.084077439722
2019,YR2019,"Congo, Rep.",COG,48.1857799471856
2019,YR2019,Costa Rica,CRI,85.6755177729412
2019,YR2019,Cote d'Ivoire,CIV,20.9474827178564
2019,YR2019,Croatia,HRV,..
2019,YR2019,Cuba,CUB,91.0320047553137
2019,YR2019,Curacao,CUW,..
2019,YR2019,Cyprus,CYP,..
2019,YR2019,Czechia,CZE,..
2019,YR2019,Denmark,DNK,..
2019,YR2019,Djibouti,DJI,..
2019,YR2019,Dominica,DMA,..
2019,YR2019,Dominican Republic,DOM,49.4131682229902
2019,YR2019,Ecuador,ECU,87.1506423235772
2019,YR2019,"Egypt, Arab Rep.",EGY,89.8282405087092
2019,YR2019,El Salvador,SLV,..
2019,YR2019,Equatorial Guinea,GNQ,..
2019,YR2019,Eritrea,ERI,..
2019,YR2019,Estonia,EST,..
2019,YR2019,Eswatini,SWZ,24.2519427260086
2019,YR2019,Ethiopia,ETH,8.1001707949846
2019,YR2019,Faroe Islands,FRO,..
2019,YR2019,Fiji,FJI,86.3659604469156
2019,YR2019,Finland,FIN,..
2019,YR2019,France,FRA,..
2019,YR2019,French Polynesia,PYF,..
2019,YR2019,Gabon,GAB,..
2019,YR2019,"Gambia, The",GMB,12.9120231633742
2019,YR2019,Georgia,GEO,91.667342972396
2019,YR2019,Germany,DEU,..
2019,YR2019,Ghana,GHA,41.4675932423186
2019,YR2019,Gibraltar,GIB,..
2019,YR2019,Greece,GRC,..
2019,YR2019,Greenland,GRL,..
2019,YR2019,Grenada,GRD,..
2019,YR2019,Guam,GUM,..
2019,YR2019,Guatemala,GTM,76.7664176720701
2019,YR2019,Guinea,GIN,20.4017047132877
2019,YR2019,Guinea-Bissau,GNB,16.5820498383063
2019,YR2019,Guyana,GUY,81.2159242667084
2019,YR2019,Haiti,HTI,22.2645912021566
2019,YR2019,Honduras,HND,84.8007549465735
2019,YR2019,"Hong Kong SAR, China",HKG,..
2019,YR2019,Hungary,HUN,..
2019,YR2019,Iceland,ISL,..
2019,YR2019,India,IND,70.1335988725305
2019,YR2019,Indonesia,IDN,78.4158442814724
2019,YR2019,"Iran, Islamic Rep.",IRN,..
2019,YR2019,Iraq,IRQ,96.6975955558301
2019,YR2019,Ireland,IRL,..
2019,YR2019,Isle of Man,IMN,..
2019,YR2019,Israel,ISR,..
2019,YR2019,Italy,ITA,..
2019,YR2019,Jamaica,JAM,..
2019,YR2019,Japan,JPN,..
2019,YR2019,Jordan,JOR,..
2019,YR2019,Kazakhstan,KAZ,..
2019,YR2019,Kenya,KEN,37.4470483463203
2019,YR2019,Kiribati,KIR,55.5194864593371
2019,YR2019,"Korea, Dem. People's Rep.",PRK,..
2019,YR2019,"Korea, Rep.",KOR,..
2019,YR2019,Kosovo,XKX,..
2019,YR2019,Kuwait,KWT,..
2019,YR2019,Kyrgyz Republic,KGZ,98.2842647450298
2019,YR2019,Lao PDR,LAO,55.4509079969042
2019,YR2019,Latvia,LVA,..
2019,YR2019,Lebanon,LBN,..
2019,YR2019,Lesotho,LSO,5.4802286979334
2019,YR2019,Liberia,LBR,2.6479285376764
2019,YR2019,Libya,LBY,..
2019,YR2019,Liechtenstein,LIE,..
2019,YR2019,Lithuania,LTU,..
2019,YR2019,Luxembourg,LUX,..
2019,YR2019,"Macao SAR, China",MAC,..
2019,YR2019,Madagascar,MDG,23.5493314888199
2019,YR2019,Malawi,MWI,15.2954169382637
2019,YR2019,Malaysia,MYS,..
2019,YR2019,Maldives,MDV,95.8209195359725
2019,YR2019,Mali,MLI,16.8865958673107
2019,YR2019,Malta,MLT,..
2019,YR2019,Marshall Islands,MHL,85.0449834720462
2019,YR2019,Mauritania,MRT,45.9132694564613
2019,YR2019,Mauritius,MUS,..
2019,YR2019,Mexico,MEX,92.845159353106
2019,YR2019,"Micronesia, Fed. Sts.",FSM,..
2019,YR2019,Moldova,MDA,..
2019,YR2019,Monaco,MCO,..
2019,YR2019,Mongolia,MNG,84.3534834834619
2019,YR2019,Montenegro,MNE,..
2019,YR2019,Morocco,MAR,..
2019,YR2019,Mozambique,MOZ,..
2019,YR2019,Myanmar,MMR,74.4719549274603
2019,YR2019,Namibia,NAM,..
2019,YR2019,Nauru,NRU,..
2019,YR2019,Nepal,NPL,60.7986115185935
2019,YR2019,Netherlands,NLD,..
2019,YR2019,New Caledonia,NCL,..
2019,YR2019,New Zealand,NZL,..
2019,YR2019,Nicaragua,NIC,..
2019,YR2019,Niger,NER,22.3814819360397
2019,YR2019,Nigeria,NGA,30.7168434063761
2019,YR2019,North Macedonia,MKD,..
2019,YR2019,Northern Mariana Islands,MNP,..
2019,YR2019,Norway,NOR,..
2019,YR2019,Oman,OMN,97.4
2019,YR2019,Pakistan,PAK,75.9873110440202
2019,YR2019,Palau,PLW,..
2019,YR2019,Panama,PAN,..
2019,YR2019,Papua New Guinea,PNG,29.7301407523652
2019,YR2019,Paraguay,PRY,80.1131748902506
2019,YR2019,Peru,PER,..
2019,YR2019,Philippines,PHL,81.6949782681515
2019,YR2019,Poland,POL,..
2019,YR2019,Portugal,PRT,..
2019,YR2019,Puerto Rico,PRI,..
2019,YR2019,Qatar,QAT,..
2019,YR2019,Romania,ROU,..
2019,YR2019,Russian Federation,RUS,..
2019,YR2019,Rwanda,RWA,16.3799786583271
2019,YR2019,Samoa,WSM,72.0274072767067
2019,YR2019,San Marino,SMR,..
2019,YR2019,Sao Tome and Principe,STP,53.0103104075633
2019,YR2019,Saudi Arabia,SAU,..
2019,YR2019,Senegal,SEN,21.8972934655641
2019,YR2019,Serbia,SRB,..
2019,YR2019,Seychelles,SYC,..
2019,YR2019,Sierra Leone,SLE,16.4402995214506
2019,YR2019,Singapore,SGP,..
2019,YR2019,Sint Maarten (Dutch part),SXM,..
2019,YR2019,Slovak Republic,SVK,..
2019,YR2019,Slovenia,SVN,..
2019,YR2019,Solomon Islands,SLB,38.6363929677589
2019,YR2019,Somalia,SOM,24.8699417135705
2019,YR2019,South Africa,ZAF,44.2448240398932
2019,YR2019,South Sudan,SSD,5.6
2019,YR2019,Spain,ESP,..
2019,YR2019,Sri Lanka,LKA,85.3023545397291
2019,YR2019,St. Kitts and Nevis,KNA,..
2019,YR2019,St. Lucia,LCA,..
2019,YR2019,St. Martin (French part),MAF,..
2019,YR2019,St. Vincent and the Grenadines,VCT,..
2019,YR2019,Sudan,SDN,14.2600000000002
2019,YR2019,Suriname,SUR,72.0993563975831
2019,YR2019,Sweden,SWE,..
2019,YR2019,Switzerland,CHE,..
2019,YR2019,Syrian Arab Republic,SYR,84.284994103842
2019,YR2019,Tajikistan,TJK,72.8273539598439
2019,YR2019,Tanzania,TZA,28.5221375889129
2019,YR2019,Thailand,THA,84.9416809628263
2019,YR2019,Timor-Leste,TLS,28.3303374796295
2019,YR2019,Togo,TGO,17.0523138830644
2019,YR2019,Tonga,TON,69.5411143452097
2019,YR2019,Trinidad and Tobago,TTO,..
2019,YR2019,Tunisia,TUN,84.4058998947847
2019,YR2019,Turkiye,TUR,..
2019,YR2019,Turkmenistan,TKM,..
2019,YR2019,Turks and Caicos Islands,TCA,94.9314228859131
2019,YR2019,Tuvalu,TUV,94.0399263369622
2019,YR2019,Uganda,UGA,26.6396920690785
2019,YR2019,Ukraine,UKR,..
2019,YR2019,United Arab Emirates,ARE,..
2019,YR2019,United Kingdom,GBR,..
2019,YR2019,United States,USA,..
2019,YR2019,Uruguay,URY,..
2019,YR2019,Uzbekistan,UZB,81.6222221138787
2019,YR2019,Vanuatu,VUT,62.6986579630054
2019,YR2019,"Venezuela, RB",VEN,..
2019,YR2019,Viet Nam,VNM,87.7457732686581
2019,YR2019,Virgin Islands (U.S.),VIR,..
2019,YR2019,West Bank and Gaza,PSE,94.9242695725112
2019,YR2019,"Yemen, Rep.",YEM,..
2019,YR2019,Zambia,ZMB,17.8253363195009
2019,YR2019,Zimbabwe,ZWE,42.419838127544
2020,YR2020,Africa Eastern and Southern,AFE,22.6462579272487
2020,YR2020,Africa Western and Central,AFW,27.0210375786559
2020,YR2020,Arab World,ARB,74.0870560879256
2020,YR2020,Caribbean small states,CSS,..
2020,YR2020,Central Europe and the Baltics,CEB,..
2020,YR2020,Early-demographic dividend,EAR,70.4296645877483
2020,YR2020,East Asia & Pacific,EAS,91.7265603116473
2020,YR2020,East Asia & Pacific (excluding high income),EAP,91.7265603116474
2020,YR2020,East Asia & Pacific (IDA & IBRD countries),TEA,91.7265603116473
2020,YR2020,Euro area,EMU,..
2020,YR2020,Europe & Central Asia,ECS,..
2020,YR2020,Europe & Central Asia (excluding high income),ECA,..
2020,YR2020,Europe & Central Asia (IDA & IBRD countries),TEC,..
2020,YR2020,European Union,EUU,..
2020,YR2020,Fragile and conflict affected situations,FCS,32.178505021402
2020,YR2020,Heavily indebted poor countries (HIPC),HPC,22.2071092950045
2020,YR2020,High income,HIC,..
2020,YR2020,IBRD only,IBD,..
2020,YR2020,IDA & IBRD total,IBT,70.7558311878771
2020,YR2020,IDA blend,IDB,..
2020,YR2020,IDA only,IDX,..
2020,YR2020,IDA total,IDA,..
2020,YR2020,Late-demographic dividend,LTE,94.9500111919857
2020,YR2020,Latin America & Caribbean,LCN,..
2020,YR2020,Latin America & Caribbean (excluding high income),LAC,..
2020,YR2020,Latin America & the Caribbean (IDA & IBRD countries),TLA,..
2020,YR2020,Least developed countries: UN classification,LDC,31.6193886407623
2020,YR2020,Low & middle income,LMY,70.8184348583175
2020,YR2020,Low income,LIC,20.6764595154444
2020,YR2020,Lower middle income,LMC,65.555385141583
2020,YR2020,Middle East & North Africa,MEA,..
2020,YR2020,Middle East & North Africa (excluding high income),MNA,..
2020,YR2020,Middle East & North Africa (IDA & IBRD countries),TMN,..
2020,YR2020,Middle income,MIC,76.5666660951135
2020,YR2020,North America,NAC,..
2020,YR2020,Not classified,INX,..
2020,YR2020,OECD members,OED,..
2020,YR2020,Other small states,OSS,..
2020,YR2020,Pacific island small states,PSS,77.8972694230546
2020,YR2020,Post-demographic dividend,PST,..
2020,YR2020,Pre-demographic dividend,PRE,28.7149456236113
2020,YR2020,Small states,SST,..
2020,YR2020,South Asia,SAS,71.2508501080616
2020,YR2020,South Asia (IDA & IBRD),TSA,71.2508501080616
2020,YR2020,Sub-Saharan Africa,SSF,24.4612043582695
2020,YR2020,Sub-Saharan Africa (excluding high income),SSA,24.4612043582695
2020,YR2020,Sub-Saharan Africa (IDA & IBRD countries),TSS,24.4612043582695
2020,YR2020,Upper middle income,UMC,91.3236403227296
2020,YR2020,World,WLD,70.8418293435916
2020,YR2020,Afghanistan,AFG,46.5134902430167
2020,YR2020,Albania,ALB,..
2020,YR2020,Algeria,DZA,84.6259803246641
2020,YR2020,American Samoa,ASM,..
2020,YR2020,Andorra,AND,..
2020,YR2020,Angola,AGO,27.0941939160816
2020,YR2020,Antigua and Barbuda,ATG,..
2020,YR2020,Argentina,ARG,..
2020,YR2020,Armenia,ARM,94.4066448682162
2020,YR2020,Aruba,ABW,..
2020,YR2020,Australia,AUS,..
2020,YR2020,Austria,AUT,..
2020,YR2020,Azerbaijan,AZE,..
2020,YR2020,"Bahamas, The",BHS,..
2020,YR2020,Bahrain,BHR,..
2020,YR2020,Bangladesh,BGD,58.4039524419607
2020,YR2020,Barbados,BRB,..
2020,YR2020,Belarus,BLR,..
2020,YR2020,Belgium,BEL,..
2020,YR2020,Belize,BLZ,90.2754838426304
2020,YR2020,Benin,BEN,12.0331623445634
2020,YR2020,Bermuda,BMU,..
2020,YR2020,Bhutan,BTN,92.0909616866683
2020,YR2020,Bolivia,BOL,26.9365292179146
2020,YR2020,Bosnia and Herzegovina,BIH,..
2020,YR2020,Botswana,BWA,..
2020,YR2020,Brazil,BRA,..
2020,YR2020,British Virgin Islands,VGB,..
2020,YR2020,Brunei Darussalam,BRN,..
2020,YR2020,Bulgaria,BGR,..
2020,YR2020,Burkina Faso,BFA,9.00896923438014
2020,YR2020,Burundi,BDI,6.19517542397347
2020,YR2020,Cabo Verde,CPV,..
2020,YR2020,Cambodia,KHM,79.0390980136457
2020,YR2020,Cameroon,CMR,36.4186146811021
2020,YR2020,Canada,CAN,..
2020,YR2020,Cayman Islands,CYM,..
2020,YR2020,Central African Republic,CAF,21.5071299497563
2020,YR2020,Chad,TCD,25.304527604495
2020,YR2020,Channel Islands,CHI,..
2020,YR2020,Chile,CHL,..
2020,YR2020,China,CHN,97.1428402465325
2020,YR2020,Colombia,COL,69.8701790353322
2020,YR2020,Comoros,COM,..
2020,YR2020,"Congo, Dem. Rep.",COD,19.1727928761919
2020,YR2020,"Congo, Rep.",COG,..
2020,YR2020,Costa Rica,CRI,85.9158656105008
2020,YR2020,Cote d'Ivoire,CIV,21.6213757662953
2020,YR2020,Croatia,HRV,..
2020,YR2020,Cuba,CUB,92.2020568139117
2020,YR2020,Curacao,CUW,..
2020,YR2020,Cyprus,CYP,..
2020,YR2020,Czechia,CZE,..
2020,YR2020,Denmark,DNK,..
2020,YR2020,Djibouti,DJI,..
2020,YR2020,Dominica,DMA,..
2020,YR2020,Dominican Republic,DOM,48.8144407220184
2020,YR2020,Ecuador,ECU,87.1749641493184
2020,YR2020,"Egypt, Arab Rep.",EGY,89.8309319942197
2020,YR2020,El Salvador,SLV,..
2020,YR2020,Equatorial Guinea,GNQ,..
2020,YR2020,Eritrea,ERI,..
2020,YR2020,Estonia,EST,..
2020,YR2020,Eswatini,SWZ,24.3110733978139
2020,YR2020,Ethiopia,ETH,8.1726920668899
2020,YR2020,Faroe Islands,FRO,..
2020,YR2020,Fiji,FJI,86.4205608058061
2020,YR2020,Finland,FIN,..
2020,YR2020,France,FRA,..
2020,YR2020,French Polynesia,PYF,..
2020,YR2020,Gabon,GAB,..
2020,YR2020,"Gambia, The",GMB,12.9222952829562
2020,YR2020,Georgia,GEO,91.6969582418216
2020,YR2020,Germany,DEU,..
2020,YR2020,Ghana,GHA,41.5422216103142
2020,YR2020,Gibraltar,GIB,..
2020,YR2020,Greece,GRC,..
2020,YR2020,Greenland,GRL,..
2020,YR2020,Grenada,GRD,..
2020,YR2020,Guam,GUM,..
2020,YR2020,Guatemala,GTM,..
2020,YR2020,Guinea,GIN,20.4769590168551
2020,YR2020,Guinea-Bissau,GNB,18.1149848978878
2020,YR2020,Guyana,GUY,81.9702300490495
2020,YR2020,Haiti,HTI,22.3730440528861
2020,YR2020,Honduras,HND,84.8829391617228
2020,YR2020,"Hong Kong SAR, China",HKG,..
2020,YR2020,Hungary,HUN,..
2020,YR2020,Iceland,ISL,..
2020,YR2020,India,IND,72.1867693705958
2020,YR2020,Indonesia,IDN,78.6223880588527
2020,YR2020,"Iran, Islamic Rep.",IRN,..
2020,YR2020,Iraq,IRQ,97.3882432746395
2020,YR2020,Ireland,IRL,..
2020,YR2020,Isle of Man,IMN,..
2020,YR2020,Israel,ISR,..
2020,YR2020,Italy,ITA,..
2020,YR2020,Jamaica,JAM,..
2020,YR2020,Japan,JPN,..
2020,YR2020,Jordan,JOR,..
2020,YR2020,Kazakhstan,KAZ,..
2020,YR2020,Kenya,KEN,37.4967249219934
2020,YR2020,Kiribati,KIR,55.5753758945501
2020,YR2020,"Korea, Dem. People's Rep.",PRK,..
2020,YR2020,"Korea, Rep.",KOR,..
2020,YR2020,Kosovo,XKX,..
2020,YR2020,Kuwait,KWT,..
2020,YR2020,Kyrgyz Republic,KGZ,..
2020,YR2020,Lao PDR,LAO,55.6299034296477
2020,YR2020,Latvia,LVA,..
2020,YR2020,Lebanon,LBN,..
2020,YR2020,Lesotho,LSO,5.51013667412696
2020,YR2020,Liberia,LBR,2.90787245466824
2020,YR2020,Libya,LBY,..
2020,YR2020,Liechtenstein,LIE,..
2020,YR2020,Lithuania,LTU,..
2020,YR2020,Luxembourg,LUX,..
2020,YR2020,"Macao SAR, China",MAC,..
2020,YR2020,Madagascar,MDG,23.5152516440623
2020,YR2020,Malawi,MWI,15.2981863308557
2020,YR2020,Malaysia,MYS,..
2020,YR2020,Maldives,MDV,95.829990405279
2020,YR2020,Mali,MLI,17.0257672507468
2020,YR2020,Malta,MLT,..
2020,YR2020,Marshall Islands,MHL,85.0683508989144
2020,YR2020,Mauritania,MRT,44.5105180122298
2020,YR2020,Mauritius,MUS,..
2020,YR2020,Mexico,MEX,93.2103783677687
2020,YR2020,"Micronesia, Fed. Sts.",FSM,..
2020,YR2020,Moldova,MDA,..
2020,YR2020,Monaco,MCO,..
2020,YR2020,Mongolia,MNG,86.3562428931112
2020,YR2020,Montenegro,MNE,..
2020,YR2020,Morocco,MAR,..
2020,YR2020,Mozambique,MOZ,..
2020,YR2020,Myanmar,MMR,74.5076907475993
2020,YR2020,Namibia,NAM,..
2020,YR2020,Nauru,NRU,..
2020,YR2020,Nepal,NPL,62.1436000447029
2020,YR2020,Netherlands,NLD,..
2020,YR2020,New Caledonia,NCL,..
2020,YR2020,New Zealand,NZL,..
2020,YR2020,Nicaragua,NIC,..
2020,YR2020,Niger,NER,23.4858463591772
2020,YR2020,Nigeria,NGA,30.8394963300283
2020,YR2020,North Macedonia,MKD,..
2020,YR2020,Northern Mariana Islands,MNP,..
2020,YR2020,Norway,NOR,..
2020,YR2020,Oman,OMN,97.4
2020,YR2020,Pakistan,PAK,78.901801545788
2020,YR2020,Palau,PLW,..
2020,YR2020,Panama,PAN,..
2020,YR2020,Papua New Guinea,PNG,29.7660124180848
2020,YR2020,Paraguay,PRY,80.1530646014318
2020,YR2020,Peru,PER,..
2020,YR2020,Philippines,PHL,81.7124760653887
2020,YR2020,Poland,POL,..
2020,YR2020,Portugal,PRT,..
2020,YR2020,Puerto Rico,PRI,..
2020,YR2020,Qatar,QAT,..
2020,YR2020,Romania,ROU,..
2020,YR2020,Russian Federation,RUS,..
2020,YR2020,Rwanda,RWA,17.3792467257484
2020,YR2020,Samoa,WSM,72.0034809415148
2020,YR2020,San Marino,SMR,..
2020,YR2020,Sao Tome and Principe,STP,55.4399006783177
2020,YR2020,Saudi Arabia,SAU,..
2020,YR2020,Senegal,SEN,22.0114222076587
2020,YR2020,Serbia,SRB,..
2020,YR2020,Seychelles,SYC,..
2020,YR2020,Sierra Leone,SLE,16.9109290430197
2020,YR2020,Singapore,SGP,..
2020,YR2020,Sint Maarten (Dutch part),SXM,..
2020,YR2020,Slovak Republic,SVK,..
2020,YR2020,Slovenia,SVN,..
2020,YR2020,Solomon Islands,SLB,..
2020,YR2020,Somalia,SOM,24.9454549996422
2020,YR2020,South Africa,ZAF,44.3696932485851
2020,YR2020,South Sudan,SSD,5.6
2020,YR2020,Spain,ESP,..
2020,YR2020,Sri Lanka,LKA,85.3151226885026
2020,YR2020,St. Kitts and Nevis,KNA,..
2020,YR2020,St. Lucia,LCA,..
2020,YR2020,St. Martin (French part),MAF,..
2020,YR2020,St. Vincent and the Grenadines,VCT,..
2020,YR2020,Sudan,SDN,12.5112909881827
2020,YR2020,Suriname,SUR,72.1036556784961
2020,YR2020,Sweden,SWE,..
2020,YR2020,Switzerland,CHE,..
2020,YR2020,Syrian Arab Republic,SYR,84.3290262644329
2020,YR2020,Tajikistan,TJK,72.8650827246927
2020,YR2020,Tanzania,TZA,28.6535425826319
2020,YR2020,Thailand,THA,84.9675932968364
2020,YR2020,Timor-Leste,TLS,28.4075295390131
2020,YR2020,Togo,TGO,17.146685689156
2020,YR2020,Tonga,TON,69.5399771448808
2020,YR2020,Trinidad and Tobago,TTO,..
2020,YR2020,Tunisia,TUN,84.113339319016
2020,YR2020,Turkiye,TUR,..
2020,YR2020,Turkmenistan,TKM,..
2020,YR2020,Turks and Caicos Islands,TCA,94.9475685135738
2020,YR2020,Tuvalu,TUV,94.0111541614549
2020,YR2020,Uganda,UGA,28.0508355811714
2020,YR2020,Ukraine,UKR,..
2020,YR2020,United Arab Emirates,ARE,..
2020,YR2020,United Kingdom,GBR,..
2020,YR2020,United States,USA,..
2020,YR2020,Uruguay,URY,..
2020,YR2020,Uzbekistan,UZB,81.6200363828575
2020,YR2020,Vanuatu,VUT,67.0997349761457
2020,YR2020,"Venezuela, RB",VEN,..
2020,YR2020,Viet Nam,VNM,88.0674163961593
2020,YR2020,Virgin Islands (U.S.),VIR,..
2020,YR2020,West Bank and Gaza,PSE,94.9221412620497
2020,YR2020,"Yemen, Rep.",YEM,..
2020,YR2020,Zambia,ZMB,17.9339266812519
2020,YR2020,Zimbabwe,ZWE,42.4261100052962
2021,YR2021,Africa Eastern and Southern,AFE,20.1004054158813
2021,YR2021,Africa Western and Central,AFW,27.2057478883306
2021,YR2021,Arab World,ARB,..
2021,YR2021,Caribbean small states,CSS,..
2021,YR2021,Central Europe and the Baltics,CEB,..
2021,YR2021,Early-demographic dividend,EAR,71.7114542077092
2021,YR2021,East Asia & Pacific,EAS,91.8197863766102
2021,YR2021,East Asia & Pacific (excluding high income),EAP,91.8197863766102
2021,YR2021,East Asia & Pacific (IDA & IBRD countries),TEA,91.8197863766102
2021,YR2021,Euro area,EMU,..
2021,YR2021,Europe & Central Asia,ECS,..
2021,YR2021,Europe & Central Asia (excluding high income),ECA,..
2021,YR2021,Europe & Central Asia (IDA & IBRD countries),TEC,..
2021,YR2021,European Union,EUU,..
2021,YR2021,Fragile and conflict affected situations,FCS,32.1859772255592
2021,YR2021,Heavily indebted poor countries (HIPC),HPC,22.3590257194754
2021,YR2021,High income,HIC,..
2021,YR2021,IBRD only,IBD,..
2021,YR2021,IDA & IBRD total,IBT,71.5645508854998
2021,YR2021,IDA blend,IDB,..
2021,YR2021,IDA only,IDX,..
2021,YR2021,IDA total,IDA,..
2021,YR2021,Late-demographic dividend,LTE,94.9888800128687
2021,YR2021,Latin America & Caribbean,LCN,..
2021,YR2021,Latin America & Caribbean (excluding high income),LAC,..
2021,YR2021,Latin America & the Caribbean (IDA & IBRD countries),TLA,..
2021,YR2021,Least developed countries: UN classification,LDC,32.4022474340748
2021,YR2021,Low & middle income,LMY,71.6292506376176
2021,YR2021,Low income,LIC,20.8788907159025
2021,YR2021,Lower middle income,LMC,66.5622980286526
2021,YR2021,Middle East & North Africa,MEA,..
2021,YR2021,Middle East & North Africa (excluding high income),MNA,..
2021,YR2021,Middle East & North Africa (IDA & IBRD countries),TMN,..
2021,YR2021,Middle income,MIC,77.8199205172175
2021,YR2021,North America,NAC,..
2021,YR2021,Not classified,INX,..
2021,YR2021,OECD members,OED,..
2021,YR2021,Other small states,OSS,..
2021,YR2021,Pacific island small states,PSS,78.6514605898032
2021,YR2021,Post-demographic dividend,PST,..
2021,YR2021,Pre-demographic dividend,PRE,28.8973485006506
2021,YR2021,Small states,SST,..
2021,YR2021,South Asia,SAS,73.4387454120543
2021,YR2021,South Asia (IDA & IBRD),TSA,73.4387454120543
2021,YR2021,Sub-Saharan Africa,SSF,23.3190295146628
2021,YR2021,Sub-Saharan Africa (excluding high income),SSA,23.3190295146628
2021,YR2021,Sub-Saharan Africa (IDA & IBRD countries),TSS,23.3190295146628
2021,YR2021,Upper middle income,UMC,92.7487835338754
2021,YR2021,World,WLD,71.6525096484581
2021,YR2021,Afghanistan,AFG,47.368944647633
2021,YR2021,Albania,ALB,..
2021,YR2021,Algeria,DZA,84.7393723351476
2021,YR2021,American Samoa,ASM,..
2021,YR2021,Andorra,AND,..
2021,YR2021,Angola,AGO,..
2021,YR2021,Antigua and Barbuda,ATG,..
2021,YR2021,Argentina,ARG,..
2021,YR2021,Armenia,ARM,94.4143709422696
2021,YR2021,Aruba,ABW,..
2021,YR2021,Australia,AUS,..
2021,YR2021,Austria,AUT,..
2021,YR2021,Azerbaijan,AZE,..
2021,YR2021,"Bahamas, The",BHS,..
2021,YR2021,Bahrain,BHR,..
2021,YR2021,Bangladesh,BGD,61.6507298351674
2021,YR2021,Barbados,BRB,..
2021,YR2021,Belarus,BLR,..
2021,YR2021,Belgium,BEL,..
2021,YR2021,Belize,BLZ,90.2815561181848
2021,YR2021,Benin,BEN,12.0815958693093
2021,YR2021,Bermuda,BMU,..
2021,YR2021,Bhutan,BTN,93.2487014927668
2021,YR2021,Bolivia,BOL,26.9618397610214
2021,YR2021,Bosnia and Herzegovina,BIH,..
2021,YR2021,Botswana,BWA,..
2021,YR2021,Brazil,BRA,..
2021,YR2021,British Virgin Islands,VGB,..
2021,YR2021,Brunei Darussalam,BRN,..
2021,YR2021,Bulgaria,BGR,..
2021,YR2021,Burkina Faso,BFA,9.08243762715683
2021,YR2021,Burundi,BDI,6.24869445674377
2021,YR2021,Cabo Verde,CPV,..
2021,YR2021,Cambodia,KHM,81.2064667541407
2021,YR2021,Cameroon,CMR,36.5655990916985
2021,YR2021,Canada,CAN,..
2021,YR2021,Cayman Islands,CYM,..
2021,YR2021,Central African Republic,CAF,22.0664213807021
2021,YR2021,Chad,TCD,26.1711993914632
2021,YR2021,Channel Islands,CHI,..
2021,YR2021,Chile,CHL,..
2021,YR2021,China,CHN,97.1753598301844
2021,YR2021,Colombia,COL,70.0130213605058
2021,YR2021,Comoros,COM,..
2021,YR2021,"Congo, Dem. Rep.",COD,19.2622580555037
2021,YR2021,"Congo, Rep.",COG,..
2021,YR2021,Costa Rica,CRI,85.9369963672708
2021,YR2021,Cote d'Ivoire,CIV,21.717457456385
2021,YR2021,Croatia,HRV,..
2021,YR2021,Cuba,CUB,93.3717803436285
2021,YR2021,Curacao,CUW,..
2021,YR2021,Cyprus,CYP,..
2021,YR2021,Czechia,CZE,..
2021,YR2021,Denmark,DNK,..
2021,YR2021,Djibouti,DJI,..
2021,YR2021,Dominica,DMA,..
2021,YR2021,Dominican Republic,DOM,48.2114397000082
2021,YR2021,Ecuador,ECU,87.2013140886487
2021,YR2021,"Egypt, Arab Rep.",EGY,..
2021,YR2021,El Salvador,SLV,..
2021,YR2021,Equatorial Guinea,GNQ,..
2021,YR2021,Eritrea,ERI,..
2021,YR2021,Estonia,EST,..
2021,YR2021,Eswatini,SWZ,..
2021,YR2021,Ethiopia,ETH,8.2466020220852
2021,YR2021,Faroe Islands,FRO,..
2021,YR2021,Fiji,FJI,86.4747201012831
2021,YR2021,Finland,FIN,..
2021,YR2021,France,FRA,..
2021,YR2021,French Polynesia,PYF,..
2021,YR2021,Gabon,GAB,..
2021,YR2021,"Gambia, The",GMB,12.9323930477143
2021,YR2021,Georgia,GEO,91.7269387350823
2021,YR2021,Germany,DEU,..
2021,YR2021,Ghana,GHA,41.6161555542656
2021,YR2021,Gibraltar,GIB,..
2021,YR2021,Greece,GRC,..
2021,YR2021,Greenland,GRL,..
2021,YR2021,Grenada,GRD,..
2021,YR2021,Guam,GUM,..
2021,YR2021,Guatemala,GTM,..
2021,YR2021,Guinea,GIN,20.5550218479716
2021,YR2021,Guinea-Bissau,GNB,19.6518500822057
2021,YR2021,Guyana,GUY,82.7225262962253
2021,YR2021,Haiti,HTI,22.4790750194289
2021,YR2021,Honduras,HND,84.9569378022214
2021,YR2021,"Hong Kong SAR, China",HKG,..
2021,YR2021,Hungary,HUN,..
2021,YR2021,Iceland,ISL,..
2021,YR2021,India,IND,74.2307260824252
2021,YR2021,Indonesia,IDN,78.8120563209643
2021,YR2021,"Iran, Islamic Rep.",IRN,..
2021,YR2021,Iraq,IRQ,97.3898916384023
2021,YR2021,Ireland,IRL,..
2021,YR2021,Isle of Man,IMN,..
2021,YR2021,Israel,ISR,..
2021,YR2021,Italy,ITA,..
2021,YR2021,Jamaica,JAM,..
2021,YR2021,Japan,JPN,..
2021,YR2021,Jordan,JOR,..
2021,YR2021,Kazakhstan,KAZ,..
2021,YR2021,Kenya,KEN,37.5474226479794
2021,YR2021,Kiribati,KIR,55.6299396924761
2021,YR2021,"Korea, Dem. People's Rep.",PRK,..
2021,YR2021,"Korea, Rep.",KOR,..
2021,YR2021,Kosovo,XKX,..
2021,YR2021,Kuwait,KWT,..
2021,YR2021,Kyrgyz Republic,KGZ,..
2021,YR2021,Lao PDR,LAO,55.81001562347
2021,YR2021,Latvia,LVA,..
2021,YR2021,Lebanon,LBN,..
2021,YR2021,Lesotho,LSO,5.54065235427619
2021,YR2021,Liberia,LBR,3.17195157297733
2021,YR2021,Libya,LBY,..
2021,YR2021,Liechtenstein,LIE,..
2021,YR2021,Lithuania,LTU,..
2021,YR2021,Luxembourg,LUX,..
2021,YR2021,"Macao SAR, China",MAC,..
2021,YR2021,Madagascar,MDG,23.477213342394
2021,YR2021,Malawi,MWI,15.3021736218143
2021,YR2021,Malaysia,MYS,..
2021,YR2021,Maldives,MDV,95.839098503441
2021,YR2021,Mali,MLI,17.164038041168
2021,YR2021,Malta,MLT,..
2021,YR2021,Marshall Islands,MHL,85.0911583544719
2021,YR2021,Mauritania,MRT,43.1240109584407
2021,YR2021,Mauritius,MUS,..
2021,YR2021,Mexico,MEX,93.5755964703008
2021,YR2021,"Micronesia, Fed. Sts.",FSM,..
2021,YR2021,Moldova,MDA,..
2021,YR2021,Monaco,MCO,..
2021,YR2021,Mongolia,MNG,86.3659417241489
2021,YR2021,Montenegro,MNE,..
2021,YR2021,Morocco,MAR,..
2021,YR2021,Mozambique,MOZ,..
2021,YR2021,Myanmar,MMR,74.5456507393466
2021,YR2021,Namibia,NAM,..
2021,YR2021,Nauru,NRU,..
2021,YR2021,Nepal,NPL,63.4767535346519
2021,YR2021,Netherlands,NLD,..
2021,YR2021,New Caledonia,NCL,..
2021,YR2021,New Zealand,NZL,..
2021,YR2021,Nicaragua,NIC,..
2021,YR2021,Niger,NER,24.5917836994839
2021,YR2021,Nigeria,NGA,30.9601568246174
2021,YR2021,North Macedonia,MKD,..
2021,YR2021,Northern Mariana Islands,MNP,..
2021,YR2021,Norway,NOR,..
2021,YR2021,Oman,OMN,97.4
2021,YR2021,Pakistan,PAK,81.8036795133813
2021,YR2021,Palau,PLW,..
2021,YR2021,Panama,PAN,..
2021,YR2021,Papua New Guinea,PNG,29.8079224281257
2021,YR2021,Paraguay,PRY,..
2021,YR2021,Peru,PER,..
2021,YR2021,Philippines,PHL,81.7311238752683
2021,YR2021,Poland,POL,..
2021,YR2021,Portugal,PRT,..
2021,YR2021,Puerto Rico,PRI,..
2021,YR2021,Qatar,QAT,..
2021,YR2021,Romania,ROU,..
2021,YR2021,Russian Federation,RUS,..
2021,YR2021,Rwanda,RWA,18.3815591811518
2021,YR2021,Samoa,WSM,71.9824237483293
2021,YR2021,San Marino,SMR,..
2021,YR2021,Sao Tome and Principe,STP,57.9233049483653
2021,YR2021,Saudi Arabia,SAU,..
2021,YR2021,Senegal,SEN,22.1277404762453
2021,YR2021,Serbia,SRB,..
2021,YR2021,Seychelles,SYC,..
2021,YR2021,Sierra Leone,SLE,17.3764218874508
2021,YR2021,Singapore,SGP,..
2021,YR2021,Sint Maarten (Dutch part),SXM,..
2021,YR2021,Slovak Republic,SVK,..
2021,YR2021,Slovenia,SVN,..
2021,YR2021,Solomon Islands,SLB,..
2021,YR2021,Somalia,SOM,25.0213552524622
2021,YR2021,South Africa,ZAF,..
2021,YR2021,South Sudan,SSD,5.6
2021,YR2021,Spain,ESP,..
2021,YR2021,Sri Lanka,LKA,85.3297829261632
2021,YR2021,St. Kitts and Nevis,KNA,..
2021,YR2021,St. Lucia,LCA,..
2021,YR2021,St. Martin (French part),MAF,..
2021,YR2021,St. Vincent and the Grenadines,VCT,..
2021,YR2021,Sudan,SDN,10.7625819763657
2021,YR2021,Suriname,SUR,72.1092254412695
2021,YR2021,Sweden,SWE,..
2021,YR2021,Switzerland,CHE,..
2021,YR2021,Syrian Arab Republic,SYR,84.3727242974638
2021,YR2021,Tajikistan,TJK,72.907215073403
2021,YR2021,Tanzania,TZA,28.7849472164506
2021,YR2021,Thailand,THA,84.9933265589558
2021,YR2021,Timor-Leste,TLS,..
2021,YR2021,Togo,TGO,17.2420829218153
2021,YR2021,Tonga,TON,69.540689320405
2021,YR2021,Trinidad and Tobago,TTO,..
2021,YR2021,Tunisia,TUN,84.1905545240624
2021,YR2021,Turkiye,TUR,..
2021,YR2021,Turkmenistan,TKM,..
2021,YR2021,Turks and Caicos Islands,TCA,94.962665217983
2021,YR2021,Tuvalu,TUV,93.9833890154252
2021,YR2021,Uganda,UGA,29.4722187104803
2021,YR2021,Ukraine,UKR,..
2021,YR2021,United Arab Emirates,ARE,..
2021,YR2021,United Kingdom,GBR,..
2021,YR2021,United States,USA,..
2021,YR2021,Uruguay,URY,..
2021,YR2021,Uzbekistan,UZB,81.6214463125233
2021,YR2021,Vanuatu,VUT,71.493672879145
2021,YR2021,"Venezuela, RB",VEN,..
2021,YR2021,Viet Nam,VNM,88.3893421603972
2021,YR2021,Virgin Islands (U.S.),VIR,..
2021,YR2021,West Bank and Gaza,PSE,94.9199675300813
2021,YR2021,"Yemen, Rep.",YEM,..
2021,YR2021,Zambia,ZMB,18.0436865423184
2021,YR2021,Zimbabwe,ZWE,42.4380646900694
2022,YR2022,Africa Eastern and Southern,AFE,20.2706905360599
2022,YR2022,Africa Western and Central,AFW,27.2898483661751
2022,YR2022,Arab World,ARB,..
2022,YR2022,Caribbean small states,CSS,..
2022,YR2022,Central Europe and the Baltics,CEB,..
2022,YR2022,Early-demographic dividend,EAR,73.0216313339019
2022,YR2022,East Asia & Pacific,EAS,91.9998305170068
2022,YR2022,East Asia & Pacific (excluding high income),EAP,91.9998305170068
2022,YR2022,East Asia & Pacific (IDA & IBRD countries),TEA,91.9998305170068
2022,YR2022,Euro area,EMU,..
2022,YR2022,Europe & Central Asia,ECS,..
2022,YR2022,Europe & Central Asia (excluding high income),ECA,..
2022,YR2022,Europe & Central Asia (IDA & IBRD countries),TEC,..
2022,YR2022,European Union,EUU,..
2022,YR2022,Fragile and conflict affected situations,FCS,32.2369338033978
2022,YR2022,Heavily indebted poor countries (HIPC),HPC,22.5312436991077
2022,YR2022,High income,HIC,..
2022,YR2022,IBRD only,IBD,..
2022,YR2022,IDA & IBRD total,IBT,72.0944380696961
2022,YR2022,IDA blend,IDB,..
2022,YR2022,IDA only,IDX,..
2022,YR2022,IDA total,IDA,..
2022,YR2022,Late-demographic dividend,LTE,95.024176985052
2022,YR2022,Latin America & Caribbean,LCN,..
2022,YR2022,Latin America & Caribbean (excluding high income),LAC,..
2022,YR2022,Latin America & the Caribbean (IDA & IBRD countries),TLA,..
2022,YR2022,Least developed countries: UN classification,LDC,32.2760440059168
2022,YR2022,Low & middle income,LMY,72.1573224237684
2022,YR2022,Low income,LIC,21.1350773558645
2022,YR2022,Lower middle income,LMC,67.8244513070555
2022,YR2022,Middle East & North Africa,MEA,..
2022,YR2022,Middle East & North Africa (excluding high income),MNA,..
2022,YR2022,Middle East & North Africa (IDA & IBRD countries),TMN,..
2022,YR2022,Middle income,MIC,78.5174606012106
2022,YR2022,North America,NAC,..
2022,YR2022,Not classified,INX,..
2022,YR2022,OECD members,OED,..
2022,YR2022,Other small states,OSS,..
2022,YR2022,Pacific island small states,PSS,..
2022,YR2022,Post-demographic dividend,PST,..
2022,YR2022,Pre-demographic dividend,PRE,29.0517414334302
2022,YR2022,Small states,SST,..
2022,YR2022,South Asia,SAS,75.3116964072835
2022,YR2022,South Asia (IDA & IBRD),TSA,75.3116964072835
2022,YR2022,Sub-Saharan Africa,SSF,23.4477886532018
2022,YR2022,Sub-Saharan Africa (excluding high income),SSA,23.4477886532018
2022,YR2022,Sub-Saharan Africa (IDA & IBRD countries),TSS,23.4477886532018
2022,YR2022,Upper middle income,UMC,92.8015980787997
2022,YR2022,World,WLD,72.1591825801542
2022,YR2022,Afghanistan,AFG,48.2146964807102
2022,YR2022,Albania,ALB,..
2022,YR2022,Algeria,DZA,84.8040971959364
2022,YR2022,American Samoa,ASM,..
2022,YR2022,Andorra,AND,..
2022,YR2022,Angola,AGO,..
2022,YR2022,Antigua and Barbuda,ATG,..
2022,YR2022,Argentina,ARG,..
2022,YR2022,Armenia,ARM,94.4236624190614
2022,YR2022,Aruba,ABW,..
2022,YR2022,Australia,AUS,..
2022,YR2022,Austria,AUT,..
2022,YR2022,Azerbaijan,AZE,..
2022,YR2022,"Bahamas, The",BHS,..
2022,YR2022,Bahrain,BHR,..
2022,YR2022,Bangladesh,BGD,61.7285374284022
2022,YR2022,Barbados,BRB,..
2022,YR2022,Belarus,BLR,..
2022,YR2022,Belgium,BEL,..
2022,YR2022,Belize,BLZ,90.2882904881919
2022,YR2022,Benin,BEN,12.1304640125118
2022,YR2022,Bermuda,BMU,..
2022,YR2022,Bhutan,BTN,93.204178158246
2022,YR2022,Bolivia,BOL,26.9873668279709
2022,YR2022,Bosnia and Herzegovina,BIH,..
2022,YR2022,Botswana,BWA,..
2022,YR2022,Brazil,BRA,..
2022,YR2022,British Virgin Islands,VGB,..
2022,YR2022,Brunei Darussalam,BRN,..
2022,YR2022,Bulgaria,BGR,..
2022,YR2022,Burkina Faso,BFA,9.15637010428493
2022,YR2022,Burundi,BDI,6.30358972230141
2022,YR2022,Cabo Verde,CPV,..
2022,YR2022,Cambodia,KHM,83.3505318947043
2022,YR2022,Cameroon,CMR,36.7118343003144
2022,YR2022,Canada,CAN,..
2022,YR2022,Cayman Islands,CYM,..
2022,YR2022,Central African Republic,CAF,22.1764140250317
2022,YR2022,Chad,TCD,26.200473195598
2022,YR2022,Channel Islands,CHI,..
2022,YR2022,Chile,CHL,..
2022,YR2022,China,CHN,97.2067969954623
2022,YR2022,Colombia,COL,70.1535998009368
2022,YR2022,Comoros,COM,..
2022,YR2022,"Congo, Dem. Rep.",COD,19.3524704216766
2022,YR2022,"Congo, Rep.",COG,..
2022,YR2022,Costa Rica,CRI,85.956934215767
2022,YR2022,Cote d'Ivoire,CIV,21.8149591175645
2022,YR2022,Croatia,HRV,..
2022,YR2022,Cuba,CUB,93.3792172696103
2022,YR2022,Curacao,CUW,..
2022,YR2022,Cyprus,CYP,..
2022,YR2022,Czechia,CZE,..
2022,YR2022,Denmark,DNK,..
2022,YR2022,Djibouti,DJI,..
2022,YR2022,Dominica,DMA,..
2022,YR2022,Dominican Republic,DOM,48.3248542782971
2022,YR2022,Ecuador,ECU,87.2295529005588
2022,YR2022,"Egypt, Arab Rep.",EGY,..
2022,YR2022,El Salvador,SLV,..
2022,YR2022,Equatorial Guinea,GNQ,..
2022,YR2022,Eritrea,ERI,..
2022,YR2022,Estonia,EST,..
2022,YR2022,Eswatini,SWZ,..
2022,YR2022,Ethiopia,ETH,8.32174621247843
2022,YR2022,Faroe Islands,FRO,..
2022,YR2022,Fiji,FJI,86.5284416259987
2022,YR2022,Finland,FIN,..
2022,YR2022,France,FRA,..
2022,YR2022,French Polynesia,PYF,..
2022,YR2022,Gabon,GAB,..
2022,YR2022,"Gambia, The",GMB,12.9423341700543
2022,YR2022,Georgia,GEO,91.7573493283286
2022,YR2022,Germany,DEU,..
2022,YR2022,Ghana,GHA,41.6893879927657
2022,YR2022,Gibraltar,GIB,..
2022,YR2022,Greece,GRC,..
2022,YR2022,Greenland,GRL,..
2022,YR2022,Grenada,GRD,..
2022,YR2022,Guam,GUM,..
2022,YR2022,Guatemala,GTM,..
2022,YR2022,Guinea,GIN,20.6360953235589
2022,YR2022,Guinea-Bissau,GNB,19.6890927411786
2022,YR2022,Guyana,GUY,83.472577831329
2022,YR2022,Haiti,HTI,22.5826849661963
2022,YR2022,Honduras,HND,84.9635605847528
2022,YR2022,"Hong Kong SAR, China",HKG,..
2022,YR2022,Hungary,HUN,..
2022,YR2022,Iceland,ISL,..
2022,YR2022,India,IND,76.2647931289017
2022,YR2022,Indonesia,IDN,78.985221215824
2022,YR2022,"Iran, Islamic Rep.",IRN,..
2022,YR2022,Iraq,IRQ,97.3916076752442
2022,YR2022,Ireland,IRL,..
2022,YR2022,Isle of Man,IMN,..
2022,YR2022,Israel,ISR,..
2022,YR2022,Italy,ITA,..
2022,YR2022,Jamaica,JAM,..
2022,YR2022,Japan,JPN,..
2022,YR2022,Jordan,JOR,..
2022,YR2022,Kazakhstan,KAZ,..
2022,YR2022,Kenya,KEN,37.5992383871847
2022,YR2022,Kiribati,KIR,55.6831754661604
2022,YR2022,"Korea, Dem. People's Rep.",PRK,..
2022,YR2022,"Korea, Rep.",KOR,..
2022,YR2022,Kosovo,XKX,..
2022,YR2022,Kuwait,KWT,..
2022,YR2022,Kyrgyz Republic,KGZ,..
2022,YR2022,Lao PDR,LAO,..
2022,YR2022,Latvia,LVA,..
2022,YR2022,Lebanon,LBN,..
2022,YR2022,Lesotho,LSO,5.57191056695708
2022,YR2022,Liberia,LBR,3.4401889360661
2022,YR2022,Libya,LBY,..
2022,YR2022,Liechtenstein,LIE,..
2022,YR2022,Lithuania,LTU,..
2022,YR2022,Luxembourg,LUX,..
2022,YR2022,"Macao SAR, China",MAC,..
2022,YR2022,Madagascar,MDG,23.4356305415008
2022,YR2022,Malawi,MWI,15.3075886409031
2022,YR2022,Malaysia,MYS,..
2022,YR2022,Maldives,MDV,..
2022,YR2022,Mali,MLI,17.3008689916163
2022,YR2022,Malta,MLT,..
2022,YR2022,Marshall Islands,MHL,..
2022,YR2022,Mauritania,MRT,41.7524087040847
2022,YR2022,Mauritius,MUS,..
2022,YR2022,Mexico,MEX,93.9408213324716
2022,YR2022,"Micronesia, Fed. Sts.",FSM,..
2022,YR2022,Moldova,MDA,..
2022,YR2022,Monaco,MCO,..
2022,YR2022,Mongolia,MNG,86.3769343275477
2022,YR2022,Montenegro,MNE,..
2022,YR2022,Morocco,MAR,..
2022,YR2022,Mozambique,MOZ,..
2022,YR2022,Myanmar,MMR,74.5855843111078
2022,YR2022,Namibia,NAM,..
2022,YR2022,Nauru,NRU,..
2022,YR2022,Nepal,NPL,63.5428419009465
2022,YR2022,Netherlands,NLD,..
2022,YR2022,New Caledonia,NCL,..
2022,YR2022,New Zealand,NZL,..
2022,YR2022,Nicaragua,NIC,..
2022,YR2022,Niger,NER,24.6168062963511
2022,YR2022,Nigeria,NGA,31.0788286850691
2022,YR2022,North Macedonia,MKD,..
2022,YR2022,Northern Mariana Islands,MNP,..
2022,YR2022,Norway,NOR,..
2022,YR2022,Oman,OMN,..
2022,YR2022,Pakistan,PAK,84.6913122344591
2022,YR2022,Palau,PLW,..
2022,YR2022,Panama,PAN,..
2022,YR2022,Papua New Guinea,PNG,29.8554982939322
2022,YR2022,Paraguay,PRY,..
2022,YR2022,Peru,PER,..
2022,YR2022,Philippines,PHL,81.7509188825856
2022,YR2022,Poland,POL,..
2022,YR2022,Portugal,PRT,..
2022,YR2022,Puerto Rico,PRI,..
2022,YR2022,Qatar,QAT,..
2022,YR2022,Romania,ROU,..
2022,YR2022,Russian Federation,RUS,..
2022,YR2022,Rwanda,RWA,18.4020078475938
2022,YR2022,Samoa,WSM,71.9643681014419
2022,YR2022,San Marino,SMR,..
2022,YR2022,Sao Tome and Principe,STP,58.0579084027812
2022,YR2022,Saudi Arabia,SAU,..
2022,YR2022,Senegal,SEN,22.2460059467457
2022,YR2022,Serbia,SRB,..
2022,YR2022,Seychelles,SYC,..
2022,YR2022,Sierra Leone,SLE,17.8365822426803
2022,YR2022,Singapore,SGP,..
2022,YR2022,Sint Maarten (Dutch part),SXM,..
2022,YR2022,Slovak Republic,SVK,..
2022,YR2022,Slovenia,SVN,..
2022,YR2022,Solomon Islands,SLB,..
2022,YR2022,Somalia,SOM,25.0976401225684
2022,YR2022,South Africa,ZAF,..
2022,YR2022,South Sudan,SSD,5.6
2022,YR2022,Spain,ESP,..
2022,YR2022,Sri Lanka,LKA,85.3463323653096
2022,YR2022,St. Kitts and Nevis,KNA,..
2022,YR2022,St. Lucia,LCA,..
2022,YR2022,St. Martin (French part),MAF,..
2022,YR2022,St. Vincent and the Grenadines,VCT,..
2022,YR2022,Sudan,SDN,10.7625819763657
2022,YR2022,Suriname,SUR,72.1162328452224
2022,YR2022,Sweden,SWE,..
2022,YR2022,Switzerland,CHE,..
2022,YR2022,Syrian Arab Republic,SYR,84.4161508942656
2022,YR2022,Tajikistan,TJK,72.9535628095172
2022,YR2022,Tanzania,TZA,28.9165331009964
2022,YR2022,Thailand,THA,85.0188191811181
2022,YR2022,Timor-Leste,TLS,..
2022,YR2022,Togo,TGO,17.3383339823286
2022,YR2022,Tonga,TON,69.5436621748934
2022,YR2022,Trinidad and Tobago,TTO,..
2022,YR2022,Tunisia,TUN,84.2692134674109
2022,YR2022,Turkiye,TUR,..
2022,YR2022,Turkmenistan,TKM,..
2022,YR2022,Turks and Caicos Islands,TCA,94.9767048521556
2022,YR2022,Tuvalu,TUV,93.9566685043167
2022,YR2022,Uganda,UGA,30.9041996805918
2022,YR2022,Ukraine,UKR,..
2022,YR2022,United Arab Emirates,ARE,..
2022,YR2022,United Kingdom,GBR,..
2022,YR2022,United States,USA,..
2022,YR2022,Uruguay,URY,..
2022,YR2022,Uzbekistan,UZB,81.6264659604551
2022,YR2022,Vanuatu,VUT,75.8797667083034
2022,YR2022,"Venezuela, RB",VEN,..
2022,YR2022,Viet Nam,VNM,88.7117747707398
2022,YR2022,Virgin Islands (U.S.),VIR,..
2022,YR2022,West Bank and Gaza,PSE,94.9177694020055
2022,YR2022,"Yemen, Rep.",YEM,..
2022,YR2022,Zambia,ZMB,18.1546153303463
2022,YR2022,Zimbabwe,ZWE,42.4560938126243
2023,YR2023,Africa Eastern and Southern,AFE,..
2023,YR2023,Africa Western and Central,AFW,..
2023,YR2023,Arab World,ARB,..
2023,YR2023,Caribbean small states,CSS,..
2023,YR2023,Central Europe and the Baltics,CEB,..
2023,YR2023,Early-demographic dividend,EAR,..
2023,YR2023,East Asia & Pacific,EAS,..
2023,YR2023,East Asia & Pacific (excluding high income),EAP,..
2023,YR2023,East Asia & Pacific (IDA & IBRD countries),TEA,..
2023,YR2023,Euro area,EMU,..
2023,YR2023,Europe & Central Asia,ECS,..
2023,YR2023,Europe & Central Asia (excluding high income),ECA,..
2023,YR2023,Europe & Central Asia (IDA & IBRD countries),TEC,..
2023,YR2023,European Union,EUU,..
2023,YR2023,Fragile and conflict affected situations,FCS,..
2023,YR2023,Heavily indebted poor countries (HIPC),HPC,..
2023,YR2023,High income,HIC,..
2023,YR2023,IBRD only,IBD,..
2023,YR2023,IDA & IBRD total,IBT,..
2023,YR2023,IDA blend,IDB,..
2023,YR2023,IDA only,IDX,..
2023,YR2023,IDA total,IDA,..
2023,YR2023,Late-demographic dividend,LTE,..
2023,YR2023,Latin America & Caribbean,LCN,..
2023,YR2023,Latin America & Caribbean (excluding high income),LAC,..
2023,YR2023,Latin America & the Caribbean (IDA & IBRD countries),TLA,..
2023,YR2023,Least developed countries: UN classification,LDC,..
2023,YR2023,Low & middle income,LMY,..
2023,YR2023,Low income,LIC,..
2023,YR2023,Lower middle income,LMC,..
2023,YR2023,Middle East & North Africa,MEA,..
2023,YR2023,Middle East & North Africa (excluding high income),MNA,..
2023,YR2023,Middle East & North Africa (IDA & IBRD countries),TMN,..
2023,YR2023,Middle income,MIC,..
2023,YR2023,North America,NAC,..
2023,YR2023,Not classified,INX,..
2023,YR2023,OECD members,OED,..
2023,YR2023,Other small states,OSS,..
2023,YR2023,Pacific island small states,PSS,..
2023,YR2023,Post-demographic dividend,PST,..
2023,YR2023,Pre-demographic dividend,PRE,..
2023,YR2023,Small states,SST,..
2023,YR2023,South Asia,SAS,..
2023,YR2023,South Asia (IDA & IBRD),TSA,..
2023,YR2023,Sub-Saharan Africa,SSF,..
2023,YR2023,Sub-Saharan Africa (excluding high income),SSA,..
2023,YR2023,Sub-Saharan Africa (IDA & IBRD countries),TSS,..
2023,YR2023,Upper middle income,UMC,..
2023,YR2023,World,WLD,..
2023,YR2023,Afghanistan,AFG,..
2023,YR2023,Albania,ALB,..
2023,YR2023,Algeria,DZA,..
2023,YR2023,American Samoa,ASM,..
2023,YR2023,Andorra,AND,..
2023,YR2023,Angola,AGO,..
2023,YR2023,Antigua and Barbuda,ATG,..
2023,YR2023,Argentina,ARG,..
2023,YR2023,Armenia,ARM,..
2023,YR2023,Aruba,ABW,..
2023,YR2023,Australia,AUS,..
2023,YR2023,Austria,AUT,..
2023,YR2023,Azerbaijan,AZE,..
2023,YR2023,"Bahamas, The",BHS,..
2023,YR2023,Bahrain,BHR,..
2023,YR2023,Bangladesh,BGD,..
2023,YR2023,Barbados,BRB,..
2023,YR2023,Belarus,BLR,..
2023,YR2023,Belgium,BEL,..
2023,YR2023,Belize,BLZ,..
2023,YR2023,Benin,BEN,..
2023,YR2023,Bermuda,BMU,..
2023,YR2023,Bhutan,BTN,..
2023,YR2023,Bolivia,BOL,..
2023,YR2023,Bosnia and Herzegovina,BIH,..
2023,YR2023,Botswana,BWA,..
2023,YR2023,Brazil,BRA,..
2023,YR2023,British Virgin Islands,VGB,..
2023,YR2023,Brunei Darussalam,BRN,..
2023,YR2023,Bulgaria,BGR,..
2023,YR2023,Burkina Faso,BFA,..
2023,YR2023,Burundi,BDI,..
2023,YR2023,Cabo Verde,CPV,..
2023,YR2023,Cambodia,KHM,..
2023,YR2023,Cameroon,CMR,..
2023,YR2023,Canada,CAN,..
2023,YR2023,Cayman Islands,CYM,..
2023,YR2023,Central African Republic,CAF,..
2023,YR2023,Chad,TCD,..
2023,YR2023,Channel Islands,CHI,..
2023,YR2023,Chile,CHL,..
2023,YR2023,China,CHN,..
2023,YR2023,Colombia,COL,..
2023,YR2023,Comoros,COM,..
2023,YR2023,"Congo, Dem. Rep.",COD,..
2023,YR2023,"Congo, Rep.",COG,..
2023,YR2023,Costa Rica,CRI,..
2023,YR2023,Cote d'Ivoire,CIV,..
2023,YR2023,Croatia,HRV,..
2023,YR2023,Cuba,CUB,..
2023,YR2023,Curacao,CUW,..
2023,YR2023,Cyprus,CYP,..
2023,YR2023,Czechia,CZE,..
2023,YR2023,Denmark,DNK,..
2023,YR2023,Djibouti,DJI,..
2023,YR2023,Dominica,DMA,..
2023,YR2023,Dominican Republic,DOM,..
2023,YR2023,Ecuador,ECU,..
2023,YR2023,"Egypt, Arab Rep.",EGY,..
2023,YR2023,El Salvador,SLV,..
2023,YR2023,Equatorial Guinea,GNQ,..
2023,YR2023,Eritrea,ERI,..
2023,YR2023,Estonia,EST,..
2023,YR2023,Eswatini,SWZ,..
2023,YR2023,Ethiopia,ETH,..
2023,YR2023,Faroe Islands,FRO,..
2023,YR2023,Fiji,FJI,..
2023,YR2023,Finland,FIN,..
2023,YR2023,France,FRA,..
2023,YR2023,French Polynesia,PYF,..
2023,YR2023,Gabon,GAB,..
2023,YR2023,"Gambia, The",GMB,..
2023,YR2023,Georgia,GEO,..
2023,YR2023,Germany,DEU,..
2023,YR2023,Ghana,GHA,..
2023,YR2023,Gibraltar,GIB,..
2023,YR2023,Greece,GRC,..
2023,YR2023,Greenland,GRL,..
2023,YR2023,Grenada,GRD,..
2023,YR2023,Guam,GUM,..
2023,YR2023,Guatemala,GTM,..
2023,YR2023,Guinea,GIN,..
2023,YR2023,Guinea-Bissau,GNB,..
2023,YR2023,Guyana,GUY,..
2023,YR2023,Haiti,HTI,..
2023,YR2023,Honduras,HND,..
2023,YR2023,"Hong Kong SAR, China",HKG,..
2023,YR2023,Hungary,HUN,..
2023,YR2023,Iceland,ISL,..
2023,YR2023,India,IND,..
2023,YR2023,Indonesia,IDN,..
2023,YR2023,"Iran, Islamic Rep.",IRN,..
2023,YR2023,Iraq,IRQ,..
2023,YR2023,Ireland,IRL,..
2023,YR2023,Isle of Man,IMN,..
2023,YR2023,Israel,ISR,..
2023,YR2023,Italy,ITA,..
2023,YR2023,Jamaica,JAM,..
2023,YR2023,Japan,JPN,..
2023,YR2023,Jordan,JOR,..
2023,YR2023,Kazakhstan,KAZ,..
2023,YR2023,Kenya,KEN,..
2023,YR2023,Kiribati,KIR,..
2023,YR2023,"Korea, Dem. People's Rep.",PRK,..
2023,YR2023,"Korea, Rep.",KOR,..
2023,YR2023,Kosovo,XKX,..
2023,YR2023,Kuwait,KWT,..
2023,YR2023,Kyrgyz Republic,KGZ,..
2023,YR2023,Lao PDR,LAO,..
2023,YR2023,Latvia,LVA,..
2023,YR2023,Lebanon,LBN,..
2023,YR2023,Lesotho,LSO,..
2023,YR2023,Liberia,LBR,..
2023,YR2023,Libya,LBY,..
2023,YR2023,Liechtenstein,LIE,..
2023,YR2023,Lithuania,LTU,..
2023,YR2023,Luxembourg,LUX,..
2023,YR2023,"Macao SAR, China",MAC,..
2023,YR2023,Madagascar,MDG,..
2023,YR2023,Malawi,MWI,..
2023,YR2023,Malaysia,MYS,..
2023,YR2023,Maldives,MDV,..
2023,YR2023,Mali,MLI,..
2023,YR2023,Malta,MLT,..
2023,YR2023,Marshall Islands,MHL,..
2023,YR2023,Mauritania,MRT,..
2023,YR2023,Mauritius,MUS,..
2023,YR2023,Mexico,MEX,..
2023,YR2023,"Micronesia, Fed. Sts.",FSM,..
2023,YR2023,Moldova,MDA,..
2023,YR2023,Monaco,MCO,..
2023,YR2023,Mongolia,MNG,..
2023,YR2023,Montenegro,MNE,..
2023,YR2023,Morocco,MAR,..
2023,YR2023,Mozambique,MOZ,..
2023,YR2023,Myanmar,MMR,..
2023,YR2023,Namibia,NAM,..
2023,YR2023,Nauru,NRU,..
2023,YR2023,Nepal,NPL,..
2023,YR2023,Netherlands,NLD,..
2023,YR2023,New Caledonia,NCL,..
2023,YR2023,New Zealand,NZL,..
2023,YR2023,Nicaragua,NIC,..
2023,YR2023,Niger,NER,..
2023,YR2023,Nigeria,NGA,..
2023,YR2023,North Macedonia,MKD,..
2023,YR2023,Northern Mariana Islands,MNP,..
2023,YR2023,Norway,NOR,..
2023,YR2023,Oman,OMN,..
2023,YR2023,Pakistan,PAK,..
2023,YR2023,Palau,PLW,..
2023,YR2023,Panama,PAN,..
2023,YR2023,Papua New Guinea,PNG,..
2023,YR2023,Paraguay,PRY,..
2023,YR2023,Peru,PER,..
2023,YR2023,Philippines,PHL,..
2023,YR2023,Poland,POL,..
2023,YR2023,Portugal,PRT,..
2023,YR2023,Puerto Rico,PRI,..
2023,YR2023,Qatar,QAT,..
2023,YR2023,Romania,ROU,..
2023,YR2023,Russian Federation,RUS,..
2023,YR2023,Rwanda,RWA,..
2023,YR2023,Samoa,WSM,..
2023,YR2023,San Marino,SMR,..
2023,YR2023,Sao Tome and Principe,STP,..
2023,YR2023,Saudi Arabia,SAU,..
2023,YR2023,Senegal,SEN,..
2023,YR2023,Serbia,SRB,..
2023,YR2023,Seychelles,SYC,..
2023,YR2023,Sierra Leone,SLE,..
2023,YR2023,Singapore,SGP,..
2023,YR2023,Sint Maarten (Dutch part),SXM,..
2023,YR2023,Slovak Republic,SVK,..
2023,YR2023,Slovenia,SVN,..
2023,YR2023,Solomon Islands,SLB,..
2023,YR2023,Somalia,SOM,..
2023,YR2023,South Africa,ZAF,..
2023,YR2023,South Sudan,SSD,..
2023,YR2023,Spain,ESP,..
2023,YR2023,Sri Lanka,LKA,..
2023,YR2023,St. Kitts and Nevis,KNA,..
2023,YR2023,St. Lucia,LCA,..
2023,YR2023,St. Martin (French part),MAF,..
2023,YR2023,St. Vincent and the Grenadines,VCT,..
2023,YR2023,Sudan,SDN,..
2023,YR2023,Suriname,SUR,..
2023,YR2023,Sweden,SWE,..
2023,YR2023,Switzerland,CHE,..
2023,YR2023,Syrian Arab Republic,SYR,..
2023,YR2023,Tajikistan,TJK,..
2023,YR2023,Tanzania,TZA,..
2023,YR2023,Thailand,THA,..
2023,YR2023,Timor-Leste,TLS,..
2023,YR2023,Togo,TGO,..
2023,YR2023,Tonga,TON,..
2023,YR2023,Trinidad and Tobago,TTO,..
2023,YR2023,Tunisia,TUN,..
2023,YR2023,Turkiye,TUR,..
2023,YR2023,Turkmenistan,TKM,..
2023,YR2023,Turks and Caicos Islands,TCA,..
2023,YR2023,Tuvalu,TUV,..
2023,YR2023,Uganda,UGA,..
2023,YR2023,Ukraine,UKR,..
2023,YR2023,United Arab Emirates,ARE,..
2023,YR2023,United Kingdom,GBR,..
2023,YR2023,United States,USA,..
2023,YR2023,Uruguay,URY,..
2023,YR2023,Uzbekistan,UZB,..
2023,YR2023,Vanuatu,VUT,..
2023,YR2023,"Venezuela, RB",VEN,..
2023,YR2023,Viet Nam,VNM,..
2023,YR2023,Virgin Islands (U.S.),VIR,..
2023,YR2023,West Bank and Gaza,PSE,..
2023,YR2023,"Yemen, Rep.",YEM,..
2023,YR2023,Zambia,ZMB,..
2023,YR2023,Zimbabwe,ZWE,..
,,,,
,,,,
,,,,
Data from database: Health Nutrition and Population Statistics,,,,
Last Updated: 07/01/2024,,,,
