"","Country","iso3","Year","GHG","GDP_PPPcap","Population","TFP"
"1","Afghanistan","AFG",2000,1.6921243995505,1617.82647494969,19542982,NA
"2","Afghanistan","AFG",2001,1.64158811179108,1454.11078195559,19688632,NA
"3","Afghanistan","AFG",2002,1.62171580517474,1774.30874287341,21000256,NA
"4","Afghanistan","AFG",2003,1.46617186908217,1815.92819979586,22645130,NA
"5","Afghanistan","AFG",2004,1.44376441855037,1776.91820712187,23553551,NA
"6","Afghanistan","AFG",2005,1.24921162398475,1908.11478234587,24411191,NA
"7","Afghanistan","AFG",2006,1.34346877092016,1929.72389709372,25442944,NA
"8","Afghanistan","AFG",2007,1.35157836246188,2155.35306784413,25903301,NA
"9","Afghanistan","AFG",2008,1.24083853444562,2191.50435559062,26427199,NA
"10","Afghanistan","AFG",2009,1.37421470551223,2565.02208584099,27385307,NA
"11","Afghanistan","AFG",2010,1.43573418657553,2848.58606111495,28189672,NA
"12","Afghanistan","AFG",2011,1.57933938177065,2757.05258747725,29249157,NA
"13","Afghanistan","AFG",2012,1.5991812004608,2985.31914452845,30466479,NA
"14","Afghanistan","AFG",2013,1.43452589394119,3046.57993117128,31541209,NA
"15","Afghanistan","AFG",2014,1.3552001914328,3017.94254424696,32716210,NA
"16","Afghanistan","AFG",2015,1.32349555452123,2967.692067153,33753499,NA
"17","Afghanistan","AFG",2016,1.1442417299981,2958.7853992308,34636207,NA
"18","Afghanistan","AFG",2017,1.09629136723651,2952.99891598909,35643418,NA
"19","Afghanistan","AFG",2018,1.23036192975121,2902.39211285546,36686784,NA
"20","Afghanistan","AFG",2019,1.29845162239612,2927.2451435353,37769499,NA
"21","Afghanistan","AFG",2020,1.25843358857108,2769.68574507111,38972230,NA
"22","Albania","ALB",2000,3.48953653897716,6581.63895175301,3089027,4.60882663726807
"23","Albania","ALB",2001,3.47119469894473,7232.57578423059,3060173,6.79223108291626
"24","Albania","ALB",2002,4.00161455540129,7590.05473576823,3051010,3.28340601921082
"25","Albania","ALB",2003,4.11671140301203,8024.82111506549,3039616,3.68202018737793
"26","Albania","ALB",2004,4.4221294853813,8482.80753337576,3026939,3.57875037193298
"27","Albania","ALB",2005,4.56517237684486,8963.80395125243,3011487,3.79142308235169
"28","Albania","ALB",2006,4.6148487144249,9563.48076802539,2992547,4.07294511795044
"29","Albania","ALB",2007,4.9372357486506,10262.3782813023,2970017,4.05852031707764
"30","Albania","ALB",2008,4.93507434102457,11055.717757381,2947314,8.45353317260742
"31","Albania","ALB",2009,4.71882416137583,11429.9665612152,2927519,5.98031902313232
"32","Albania","ALB",2010,4.91075599612787,11828.3749719376,2913021,2.56588673591614
"33","Albania","ALB",2011,4.92172570316113,12152.4171552329,2905195,-0.212600603699684
"34","Albania","ALB",2012,4.45135489309723,12292.2968253736,2900401,-1.96053576469421
"35","Albania","ALB",2013,4.5249990945914,12525.0807632731,2895092,3.12644696235657
"36","Albania","ALB",2014,4.70363295038005,12832.2122230451,2889104,0.403433561325073
"37","Albania","ALB",2015,4.43994315256859,13156.3322090523,2880703,-1.91188204288483
"38","Albania","ALB",2016,4.393188886481,13692.4788518201,2876101,-2.18702840805054
"39","Albania","ALB",2017,4.43462773075212,14155.0397519253,2873457,-0.455659717321396
"40","Albania","ALB",2018,4.53949098451913,14710.9825773622,2866376,0.554098725318909
"41","Albania","ALB",2019,4.570858206536,15078.5069736792,2854191,NA
"42","Albania","ALB",2020,4.7408511899488,14662.7955166094,2837849,NA
"43","Algeria","DZA",2000,3.82441057377516,11558.220469383,30774621,NA
"44","Algeria","DZA",2001,3.93361096782204,11742.5946761225,31200985,NA
"45","Algeria","DZA",2002,4.31108063737963,12213.1263531246,31624696,NA
"46","Algeria","DZA",2003,4.47952733085571,12835.1814413331,32055883,NA
"47","Algeria","DZA",2004,4.55367463700955,13226.7650481165,32510186,NA
"48","Algeria","DZA",2005,4.58758557209677,13738.495644436,32956690,NA
"49","Algeria","DZA",2006,4.56225156203858,13920.6940553701,33435080,NA
"50","Algeria","DZA",2007,4.76008017213985,14114.6745192683,33983827,NA
"51","Algeria","DZA",2008,5.09781151349524,14206.7767147039,34569592,NA
"52","Algeria","DZA",2009,5.28949757617859,14104.42817214,35196037,NA
"53","Algeria","DZA",2010,5.27073267971459,14496.4211312996,35856344,NA
"54","Algeria","DZA",2011,5.40102157174848,14641.9640935685,36543541,NA
"55","Algeria","DZA",2012,5.72484035023599,14697.5396133853,37260563,NA
"56","Algeria","DZA",2013,5.79191733536508,14778.1914257233,38000626,NA
"57","Algeria","DZA",2014,6.01398874994977,15073.7629403565,38760168,NA
"58","Algeria","DZA",2015,6.11825804560787,15239.5171456469,39543154,NA
"59","Algeria","DZA",2016,6.12469867076745,15511.6858768094,40339329,NA
"60","Algeria","DZA",2017,5.94034779422213,15427.6641894713,41136546,NA
"61","Algeria","DZA",2018,5.92900925205684,15343.4261222434,41927007,NA
"62","Algeria","DZA",2019,5.72782883865387,15199.1989965639,42705368,NA
"63","Algeria","DZA",2020,5.4164504772895,14194.1557479619,43451666,NA
"64","Angola","AGO",2000,4.05855223381684,6002.98914011246,16394062,3.30045652389526
"65","Angola","AGO",2001,3.93402823348801,6049.16321222272,16941587,4.13398551940918
"66","Angola","AGO",2002,3.66606611098197,6645.47776627718,17516139,12.5390424728394
"67","Angola","AGO",2003,3.61186384388392,6609.21488902386,18124342,1.73363482952118
"68","Angola","AGO",2004,3.53285069635324,7074.02594737625,18771125,8.11625194549561
"69","Angola","AGO",2005,3.71997155260421,7845.89015271542,19450959,9.90474510192871
"70","Angola","AGO",2006,3.41161199435497,8435.4550466421,20162340,6.72723293304443
"71","Angola","AGO",2007,3.75678431038828,9263.98070293341,20909684,8.12202548980713
"72","Angola","AGO",2008,4.29053333306256,9916.90935059131,21691522,4.28798341751099
"73","Angola","AGO",2009,4.35410144745987,9629.09194801829,22507674,-5.36783123016357
"74","Angola","AGO",2010,3.78415703338025,9672.83922433216,23364185,-0.428291290998459
"75","Angola","AGO",2011,4.16114282249885,9627.02059776978,24259111,-2.05124521255493
"76","Angola","AGO",2012,4.18580652332445,10051.3399118452,25188292,3.10053372383118
"77","Angola","AGO",2013,4.3282818504092,10150.9160957693,26147002,-0.0332501605153083
"78","Angola","AGO",2014,4.14870098604916,10250.5924040333,27128337,-0.195688590407371
"79","Angola","AGO",2015,4.01566180663691,9980.92988185425,28127721,-3.65624237060547
"80","Angola","AGO",2016,3.38537599168488,9381.80972573042,29154746,-6.53167724609375
"81","Angola","AGO",2017,3.37878649750624,9042.11712940232,30208628,-4.281822681427
"82","Angola","AGO",2018,3.0849517569338,8620.21466424389,31273533,21.0846385955811
"83","Angola","AGO",2019,2.59575689264895,8274.54256174643,32353588,NA
"84","Angola","AGO",2020,2.15804757495455,7556.96792771976,33428486,NA
"85","Argentina","ARG",2000,9.14969296132185,22281.3814299958,37070774,-2.44212627410889
"86","Argentina","ARG",2001,8.7243897910052,21066.4581290433,37480493,-4.85047483444214
"87","Argentina","ARG",2002,7.40365543814103,18571.7020471274,37885028,-8.81366157531738
"88","Argentina","ARG",2003,7.86862472625636,20005.1385113465,38278164,5.54377841949463
"89","Argentina","ARG",2004,8.35738873878982,21591.449396517,38668796,3.86432433128357
"90","Argentina","ARG",2005,8.42302835030749,23262.4075792816,39070501,4.13174152374268
"91","Argentina","ARG",2006,8.82598753512065,24877.2493922296,39476851,3.05373120307922
"92","Argentina","ARG",2007,9.17226819484862,26850.6645932771,39876111,4.0632119178772
"93","Argentina","ARG",2008,9.29859354022801,27658.4853446831,40273769,-0.119927309453487
"94","Argentina","ARG",2009,8.26623012063581,25747.1976809995,40684338,-7.94080448150635
"95","Argentina","ARG",2010,9.13016110054819,28056.2570212342,40788453,6.4919228553772
"96","Argentina","ARG",2011,9.52197296010321,29425.7593876084,41261490,1.34091913700104
"97","Argentina","ARG",2012,9.57480090556422,28825.9666865361,41733271,-4.49054718017578
"98","Argentina","ARG",2013,9.97491275921668,29227.6601818437,42202935,-0.184548527002335
"99","Argentina","ARG",2014,9.80185015351063,28200.8152571318,42669500,-3.97288918495178
"100","Argentina","ARG",2015,10.2539041247881,28669.2061336796,43131966,0.732736229896545
"101","Argentina","ARG",2016,10.0596671759131,27802.1057201498,43590368,-3.79216194152832
"102","Argentina","ARG",2017,10.316868835352,28334.904184742,44044811,0.610163748264313
"103","Argentina","ARG",2018,9.59753571100652,27367.115094108,44494502,-3.64779663085938
"104","Argentina","ARG",2019,8.83322568696054,26629.5529419501,44938712,NA
"105","Argentina","ARG",2020,8.56704017130237,23877.0931404855,45376763,NA
"106","Armenia","ARM",2000,2.54927019685015,4589.00825039977,3168523,5.85702228546143
"107","Armenia","ARM",2001,2.42717950696888,5044.11647826468,3133133,9.52234840393066
"108","Armenia","ARM",2002,2.26512247609423,5731.35346609213,3105037,21.0553665161133
"109","Armenia","ARM",2003,2.40011893412005,6569.26023440631,3084102,11.4523458480835
"110","Armenia","ARM",2004,2.50635372183454,7299.40001858866,3065745,9.81935214996338
"111","Armenia","ARM",2005,2.79947320258051,8362.90084037119,3047246,10.5655374526978
"112","Armenia","ARM",2006,3.01025756704916,9525.23146779778,3026486,10.2492361068726
"113","Armenia","ARM",2007,3.79016304213197,10898.8483795634,3004393,9.24067687988281
"114","Armenia","ARM",2008,4.58391256268043,11727.4821272949,2983421,2.5104660987854
"115","Armenia","ARM",2009,4.04934327206382,10143.2350796867,2964296,-15.5712671279907
"116","Armenia","ARM",2010,4.06104392854896,10438.5641904169,2946293,-0.628560125827789
"117","Armenia","ARM",2011,4.2026857848164,10990.177099035,2928976,3.49795603752136
"118","Armenia","ARM",2012,4.58651503290743,11796.2741177994,2914421,5.7569432258606
"119","Armenia","ARM",2013,4.63515207546778,12194.0189523843,2901385,2.57010412216186
"120","Armenia","ARM",2014,4.63395211186773,12667.3757330249,2889930,4.25582599639893
"121","Armenia","ARM",2015,4.46201887660814,13112.7600902915,2878595,5.87738513946533
"122","Armenia","ARM",2016,4.46539780596528,13192.9940731731,2865835,3.76378083229065
"123","Armenia","ARM",2017,4.8237731532048,14243.8749003795,2851923,5.72268962860107
"124","Armenia","ARM",2018,4.68813817658736,15037.0452420712,2836557,3.57911491394043
"125","Armenia","ARM",2019,4.85231748292921,16215.3607965094,2820602,NA
"126","Armenia","ARM",2020,4.83141334534447,15052.9359791136,2805608,NA
"127","Australia","AUS",2000,28.1740262288916,45013.0099535152,19028802,-0.51401960849762
"128","Australia","AUS",2001,28.3958544147648,45338.6834259568,19274701,-0.149682357907295
"129","Australia","AUS",2002,29.8730554441943,46609.7441798787,19495210,0.913918137550354
"130","Australia","AUS",2003,30.561789346654,47500.8351163647,19720737,-0.991641640663147
"131","Australia","AUS",2004,31.8511929845784,48980.8931754432,19932722,0.88935399055481
"132","Australia","AUS",2005,32.5825101760219,49914.5146351829,20176844,-1.74352550506592
"133","Australia","AUS",2006,32.0271562891961,50602.3502510337,20450966,-1.03456795215607
"134","Australia","AUS",2007,32.4986793986386,51562.094012556,20827622,-0.211774408817291
"135","Australia","AUS",2008,30.0813278638143,52351.5870495814,21249199,-0.654425263404846
"136","Australia","AUS",2009,30.0384455434074,52254.3227326852,21691653,-0.34490180015564
"137","Australia","AUS",2010,30.4853219255744,52589.8182081922,22031750,-0.254645168781281
"138","Australia","AUS",2011,30.7689114072001,53112.5328692855,22340024,-0.233465790748596
"139","Australia","AUS",2012,30.656374835311,54237.5919075866,22733465,1.26638627052307
"140","Australia","AUS",2013,29.2588707554787,54699.3516156156,23128129,0.308875501155853
"141","Australia","AUS",2014,27.8129926597275,55288.1153378005,23475686,0.875785648822784
"142","Australia","AUS",2015,26.7988117372942,55691.6988499962,23815995,0.335839241743088
"143","Australia","AUS",2016,27.0171297223304,56341.5181616503,24190907,1.4603945016861
"144","Australia","AUS",2017,26.4222912704333,56684.6473338143,24594202,0.208684578537941
"145","Australia","AUS",2018,25.5570257312171,57450.3810363952,24966643,0.314964115619659
"146","Australia","AUS",2019,24.2257852839984,57837.0606876407,25340217,NA
"147","Australia","AUS",2020,22.9983687974326,57059.7436441324,25655289,NA
"148","Austria","AUT",2000,17.7382802173226,53599.6093339584,8011566,1.13553774356842
"149","Austria","AUT",2001,18.113511477249,54098.0257018521,8042293,-0.696464478969574
"150","Austria","AUT",2002,18.075133288891,54631.6008500547,8081957,0.443270355463028
"151","Austria","AUT",2003,19.4844224179799,54986.7435667207,8121423,-0.724754214286804
"152","Austria","AUT",2004,19.541728332986,56048.4808874949,8171966,1.14071679115295
"153","Austria","AUT",2005,18.9053273904786,56959.6381151635,8227829,0.3746337890625
"154","Austria","AUT",2006,19.597723798442,58531.5097883729,8268641,1.22633349895477
"155","Austria","AUT",2007,19.56370028645,60544.6340440484,8295487,1.34471821784973
"156","Austria","AUT",2008,19.0796754727589,61232.5490249797,8321496,-0.907545208930969
"157","Austria","AUT",2009,17.6622409787926,58882.1418702532,8343323,-4.38648796081543
"158","Austria","AUT",2010,18.9264015413003,59803.3726339705,8363404,0.553622663021088
"159","Austria","AUT",2011,18.5354132016093,61346.9594696188,8391643,1.03614664077759
"160","Austria","AUT",2012,18.2754897756698,61451.549099757,8429991,-0.771991550922394
"161","Austria","AUT",2013,17.878159592354,60937.2569094954,8479823,-1.04343116283417
"162","Austria","AUT",2014,17.1298258704013,60919.8407084024,8546356,-0.674724876880646
"163","Austria","AUT",2015,16.6271648465021,61025.999453964,8642699,-0.145728066563606
"164","Austria","AUT",2016,16.7446547334168,61647.7794679581,8736668,0.364216774702072
"165","Austria","AUT",2017,16.8674151690083,62612.1399337979,8797566,0.413440376520157
"166","Austria","AUT",2018,16.7974183060986,63855.7816802723,8840521,0.382520914077759
"167","Austria","AUT",2019,16.4142075040544,64688.1438223164,8879920,NA
"168","Austria","AUT",2020,15.4730714703226,60349.9022781104,8916864,NA
"169","Azerbaijan","AZE",2000,4.31308065802297,5656.92989287759,8048600,4.35129261016846
"170","Azerbaijan","AZE",2001,5.28648227181495,6168.98510980328,8111200,3.51588535308838
"171","Azerbaijan","AZE",2002,3.92844275214746,6701.08173720633,8171950,-0.288189321756363
"172","Azerbaijan","AZE",2003,4.29176813486122,7329.40605088292,8234100,-3.9254846572876
"173","Azerbaijan","AZE",2004,4.28437414735182,7937.85948028631,8306500,-6.69715404510498
"174","Azerbaijan","AZE",2005,4.23065286682299,10054.100337324,8391850,17.7774696350098
"175","Azerbaijan","AZE",2006,4.2976921189076,13371.6584935601,8484550,24.1291446685791
"176","Azerbaijan","AZE",2007,4.42864680654456,16587.3657125149,8581300,17.0051460266113
"177","Azerbaijan","AZE",2008,4.77798283638026,17963.0207729203,8763400,4.60468292236328
"178","Azerbaijan","AZE",2009,4.43723385686784,19242.3899970454,8947243,2.57018637657166
"179","Azerbaijan","AZE",2010,4.67566975120619,19925.3900974045,9054332,3.44820380210876
"180","Azerbaijan","AZE",2011,5.38169262063993,19358.0777872405,9173082,-6.40680360794067
"181","Azerbaijan","AZE",2012,5.42033309300098,19523.3737133182,9295784,-4.37551927566528
"182","Azerbaijan","AZE",2013,5.95225494470611,20398.6461946342,9416801,-1.57260620594025
"183","Azerbaijan","AZE",2014,5.81266934226328,20709.2016245984,9535079,-2.44109988212585
"184","Azerbaijan","AZE",2015,5.88264117875921,20678.7539615582,9649341,-3.2376856803894
"185","Azerbaijan","AZE",2016,5.41137026185274,19822.4105921977,9757812,-4.13415765762329
"186","Azerbaijan","AZE",2017,5.45133167955018,19659.0048511424,9854033,-1.72933924198151
"187","Azerbaijan","AZE",2018,5.66283993885271,19781.8509075611,9939771,-2.67139863967896
"188","Azerbaijan","AZE",2019,6.35200678114649,20101.4919048601,10024283,NA
"189","Azerbaijan","AZE",2020,5.64444730723103,19126.096851651,10093121,NA
"190","Bahrain","BHR",2000,22.2059041766831,57968.9956082135,711442,0.600509166717529
"191","Bahrain","BHR",2001,21.9482529109445,57280.6986707494,730257,-1.90537095069885
"192","Bahrain","BHR",2002,25.7621424648004,55096.6571550779,748324,-2.19608020782471
"193","Bahrain","BHR",2003,24.6601722298669,54431.8763559658,778256,-0.405372440814972
"194","Bahrain","BHR",2004,22.5766945532533,54045.092888858,833451,0.759571373462677
"195","Bahrain","BHR",2005,21.5384413139313,53478.2662415503,901921,-1.51826357841492
"196","Bahrain","BHR",2006,21.7295122107112,52691.9323366851,970981,-1.52096974849701
"197","Bahrain","BHR",2007,20.6361857866597,52731.7921672618,1040532,-2.41176199913025
"198","Bahrain","BHR",2008,23.2791454116469,52765.3899455546,1110343,-4.80234003067017
"199","Bahrain","BHR",2009,19.5272589163007,50665.7507489219,1179453,-5.14310312271118
"200","Bahrain","BHR",2010,18.3800619651227,50704.8479679819,1213645,-0.178316742181778
"201","Bahrain","BHR",2011,18.3545221865457,53132.3284162611,1212077,-0.879942834377289
"202","Bahrain","BHR",2012,17.8154490720767,54516.8406594787,1224939,-1.47079885005951
"203","Bahrain","BHR",2013,21.8107253888944,55376.4005147894,1261673,-0.620283424854279
"204","Bahrain","BHR",2014,21.6068044169918,55065.8189472129,1311134,-0.193867206573486
"205","Bahrain","BHR",2015,22.38002707268,54149.9131524721,1362142,-1.84993803501129
"206","Bahrain","BHR",2016,21.0268731890941,54107.0752236423,1409661,-2.01332092285156
"207","Bahrain","BHR",2017,20.4496752252809,53859.7749589601,1456834,0.629815340042114
"208","Bahrain","BHR",2018,21.264467780337,54893.0724411368,1487340,-1.60027992725372
"209","Bahrain","BHR",2019,20.2184417078342,56749.9628370612,1494188,NA
"210","Bahrain","BHR",2020,20.7010975063404,53814.2452592358,1477469,NA
"211","Bangladesh","BGD",2000,1.67321761232639,2712.93512215725,129193327,NA
"212","Bangladesh","BGD",2001,1.69071637441081,2803.55471950946,131670484,NA
"213","Bangladesh","BGD",2002,1.69460717706719,2866.43454328715,134139826,NA
"214","Bangladesh","BGD",2003,1.5155031562906,2958.91503115633,136503206,NA
"215","Bangladesh","BGD",2004,1.62082804519243,3071.83778764611,138789725,NA
"216","Bangladesh","BGD",2005,1.67659904116093,3231.61370692891,140912590,NA
"217","Bangladesh","BGD",2006,1.70511986722267,3407.4273502159,142628831,NA
"218","Bangladesh","BGD",2007,1.74002742071072,3608.91543819399,144135934,NA
"219","Bangladesh","BGD",2008,1.81751887524593,3787.9382761855,145421318,NA
"220","Bangladesh","BGD",2009,1.84285709886711,3942.13631207203,146706810,NA
"221","Bangladesh","BGD",2010,1.89432801380221,4125.46390163202,148391139,NA
"222","Bangladesh","BGD",2011,1.94337292076407,4352.42643359325,150211005,NA
"223","Bangladesh","BGD",2012,1.96501072269052,4592.04840919812,152090649,NA
"224","Bangladesh","BGD",2013,2.01909993554376,4822.72621378266,154030139,NA
"225","Bangladesh","BGD",2014,2.05187535909083,5068.63965672741,155961299,NA
"226","Bangladesh","BGD",2015,2.15361263408823,5352.71133299566,157830000,NA
"227","Bangladesh","BGD",2016,2.12760537089057,5682.53553494306,159784568,NA
"228","Bangladesh","BGD",2017,2.20467616307168,6005.70718781048,161793964,NA
"229","Bangladesh","BGD",2018,2.31252350473968,6392.59334024091,163683958,NA
"230","Bangladesh","BGD",2019,2.34451462596337,6838.32611608243,165516222,NA
"231","Bangladesh","BGD",2020,2.33036747644746,7015.19792797056,167420951,NA
"232","Belarus","BLR",2000,6.8205288414198,11182.4548393871,9979610,4.68728828430176
"233","Belarus","BLR",2001,6.74470496478635,11771.0872049291,9928549,4.65313959121704
"234","Belarus","BLR",2002,7.09955162026334,12443.932258531,9865548,5.39651679992676
"235","Belarus","BLR",2003,6.96069169793703,13413.9265556823,9796749,6.9031229019165
"236","Belarus","BLR",2004,7.52411810791772,15052.1182112748,9730146,9.24219036102295
"237","Belarus","BLR",2005,7.344590966803,16579.8731645654,9663915,5.57556772232056
"238","Belarus","BLR",2006,8.10944191086704,18349.8718998326,9604924,3.32835054397583
"239","Belarus","BLR",2007,8.28022679268855,20019.6111614226,9560953,2.59869050979614
"240","Belarus","BLR",2008,8.86936110931186,22137.9472928215,9527985,2.8053286075592
"241","Belarus","BLR",2009,8.81934243437273,22236.8387652895,9504583,-5.17404508590698
"242","Belarus","BLR",2010,9.66989534682848,24012.6132979938,9483836,2.90815043449402
"243","Belarus","BLR",2011,8.68159714077569,25404.756603449,9461643,1.52765381336212
"244","Belarus","BLR",2012,8.42491006733737,25879.1319443907,9446836,-0.0794481188058853
"245","Belarus","BLR",2013,9.28257279290703,26147.6253573927,9443211,-1.35513985157013
"246","Belarus","BLR",2014,8.98707188088863,26564.4347191138,9448515,0.0400464572012424
"247","Belarus","BLR",2015,8.26440170421823,25513.213293121,9461076,-4.47026681900024
"248","Belarus","BLR",2016,7.55115224539872,24846.8301529773,9469379,-2.18330264091492
"249","Belarus","BLR",2017,8.00843169114724,25503.9809859341,9458989,2.47526168823242
"250","Belarus","BLR",2018,8.37871246184928,26363.4629821253,9438785,2.44385647773743
"251","Belarus","BLR",2019,8.51078084608866,26798.8206427961,9419758,NA
"252","Belarus","BLR",2020,7.70156924885587,26731.4953813508,9379952,NA
"253","Belgium","BEL",2000,19.0186000410693,50477.9941347136,10251250,0.844070553779602
"254","Belgium","BEL",2001,18.4265653648061,50857.824735388,10286570,-1.33954477310181
"255","Belgium","BEL",2002,18.3726934241785,51494.5617929448,10332785,0.629848539829254
"256","Belgium","BEL",2003,19.6738443373765,51811.6923531531,10376133,0.060707826167345
"257","Belgium","BEL",2004,20.3315230671182,53430.2540194465,10421137,1.70525467395782
"258","Belgium","BEL",2005,20.4650068723374,54370.8703803698,10478617,0.0232125911861658
"259","Belgium","BEL",2006,20.1156304587015,55392.0500342767,10547958,0.83530193567276
"260","Belgium","BEL",2007,19.9638675321784,57008.6013859359,10625700,1.46746218204498
"261","Belgium","BEL",2008,20.7178843053876,56812.7904441901,10709973,-1.73040533065796
"262","Belgium","BEL",2009,18.5964292046478,55283.0863376556,10796493,-2.57214093208313
"263","Belgium","BEL",2010,20.060178335245,56265.0153492543,10895586,1.80911099910736
"264","Belgium","BEL",2011,18.9407316846358,56610.2670078988,11038264,0.0683758556842804
"265","Belgium","BEL",2012,18.262672886218,56381.6888365741,11106932,-0.193240895867348
"266","Belgium","BEL",2013,18.2522729767917,56287.9976585439,11159407,0.0777768194675445
"267","Belgium","BEL",2014,17.431423903803,57028.0579675897,11209057,0.48121252655983
"268","Belgium","BEL",2015,17.0068894399914,57534.3966117368,11274196,0.571787476539612
"269","Belgium","BEL",2016,17.400211562025,57927.0428818868,11331422,-0.247639298439026
"270","Belgium","BEL",2017,17.5918284679182,58555.1524767785,11375158,0.18113049864769
"271","Belgium","BEL",2018,17.9304286671903,59383.8773280488,11427054,-0.225978225469589
"272","Belgium","BEL",2019,17.2630079792866,60506.6597699177,11488980,NA
"273","Belgium","BEL",2020,15.9607416053393,57358.8370328069,11538604,NA
"274","Benin","BEN",2000,1.76059295599028,2536.16885867097,6998023,2.51774573326111
"275","Benin","BEN",2001,1.95607301981962,2591.06485220288,7212041,1.88556802272797
"276","Benin","BEN",2002,1.98518207048582,2630.18061029627,7431783,1.6025093793869
"277","Benin","BEN",2003,2.14240521388397,2639.04370114641,7659208,-0.190657392144203
"278","Benin","BEN",2004,1.97476748389506,2672.84404357157,7894554,0.963516294956207
"279","Benin","BEN",2005,2.18664161549477,2632.47251454328,8149419,-1.1970329284668
"280","Benin","BEN",2006,2.24551052703372,2652.21841967159,8402631,1.08443403244019
"281","Benin","BEN",2007,2.68796302288754,2729.13741390352,8647761,2.03718852996826
"282","Benin","BEN",2008,2.73821502098432,2777.61974031765,8906469,1.08055770397186
"283","Benin","BEN",2009,2.80310158914173,2758.07243150648,9172514,-1.39424109458923
"284","Benin","BEN",2010,2.40461753539543,2733.57399641151,9445710,-1.62332916259766
"285","Benin","BEN",2011,2.29009806529615,2732.01249647957,9726380,-0.841257870197296
"286","Benin","BEN",2012,2.27102975286954,2779.7264808532,10014078,-0.227937281131744
"287","Benin","BEN",2013,2.66196260226806,2893.0467015352,10308730,0.254506260156631
"288","Benin","BEN",2014,3.07195693179498,2987.38236326153,10614844,0.227065831422806
"289","Benin","BEN",2015,2.53683236645013,2952.00218338705,10932783,-3.09272456169128
"290","Benin","BEN",2016,2.35185241436407,2962.66381572265,11260085,-0.894165515899658
"291","Benin","BEN",2017,2.32906046591668,3041.77929984989,11596779,0.163458898663521
"292","Benin","BEN",2018,2.41877015017185,3155.4510650627,11940683,0.699012696743011
"293","Benin","BEN",2019,2.35389449459711,3281.10470051465,12290444,NA
"294","Benin","BEN",2020,2.39123895598707,3317.8597222557,12643123,NA
"295","Bhutan","BTN",2000,10.6815938592945,5287.57434721684,587207,NA
"296","Bhutan","BTN",2001,10.2752583532169,5545.6305511084,603234,NA
"297","Bhutan","BTN",2002,10.9303246342586,5991.25497571775,619048,NA
"298","Bhutan","BTN",2003,10.5640257070467,6323.5411950973,634627,NA
"299","Bhutan","BTN",2004,10.7153759333653,6517.99683290216,649991,NA
"300","Bhutan","BTN",2005,10.7283648631727,6850.80441609334,663323,NA
"301","Bhutan","BTN",2006,10.0543415916861,7140.85609148376,673260,NA
"302","Bhutan","BTN",2007,10.875166686529,8195.07074477912,681614,NA
"303","Bhutan","BTN",2008,10.6987691759327,8470.03471622855,689737,NA
"304","Bhutan","BTN",2009,11.4553589388305,9019.11861272397,697678,NA
"305","Bhutan","BTN",2010,12.0794566337793,9985.28455483655,705516,NA
"306","Bhutan","BTN",2011,12.3636277024465,10714.686566371,713331,NA
"307","Bhutan","BTN",2012,12.0309958268904,11143.9445354588,721145,NA
"308","Bhutan","BTN",2013,12.4524214450942,11212.479426698,728889,NA
"309","Bhutan","BTN",2014,13.2294842086498,11744.5189124825,736357,NA
"310","Bhutan","BTN",2015,13.5092912773209,12400.2983237391,743274,NA
"311","Bhutan","BTN",2016,12.9318903071918,13320.9759036882,749761,NA
"312","Bhutan","BTN",2017,13.2448316093902,13482.3425280358,756121,NA
"313","Bhutan","BTN",2018,13.5803840345516,13854.8543977158,762096,NA
"314","Bhutan","BTN",2019,13.2782688512081,14555.1884045845,767459,NA
"315","Bhutan","BTN",2020,13.1087972214142,12979.9369485824,772506,NA
"316","Bolivia","BOL",2000,4.47511312176197,6146.02929379703,8592656,-2.6933159828186
"317","Bolivia","BOL",2001,4.14892304252376,6144.97829465098,8746084,-1.23723745346069
"318","Bolivia","BOL",2002,4.23215730111444,6193.26347494844,8900583,-1.6890457868576
"319","Bolivia","BOL",2003,4.12256427013288,6255.51558261865,9057378,-1.14777624607086
"320","Bolivia","BOL",2004,3.8063178820256,6407.83811795626,9216279,-1.23054492473602
"321","Bolivia","BOL",2005,3.95576529984043,6579.31228867825,9377388,1.37703895568848
"322","Bolivia","BOL",2006,3.82406482665308,6778.38492535327,9542663,1.21774172782898
"323","Bolivia","BOL",2007,4.02222711797341,6967.56988043206,9711152,0.100425384938717
"324","Bolivia","BOL",2008,4.08635961418655,7272.1662422642,9880593,1.07510471343994
"325","Bolivia","BOL",2009,4.47361915295043,7392.16259288398,10051317,-0.900978207588196
"326","Bolivia","BOL",2010,4.43781534889184,7571.67809247102,10223270,-0.433373808860779
"327","Bolivia","BOL",2011,4.52723313261825,7837.49318801327,10396246,0.0754466578364372
"328","Bolivia","BOL",2012,4.41876534769734,8108.20518828237,10569697,2.78283905982971
"329","Bolivia","BOL",2013,4.70489116802941,8524.03213402885,10743349,1.9873423576355
"330","Bolivia","BOL",2014,4.95346510232649,8851.71162782477,10916987,-1.05255389213562
"331","Bolivia","BOL",2015,5.50310377864084,9141.92840900882,11090085,3.85507559776306
"332","Bolivia","BOL",2016,5.67417878533697,9390.79063843794,11263015,-2.27360820770264
"333","Bolivia","BOL",2017,5.72646912636385,9642.81395706132,11435533,2.19147133827209
"334","Bolivia","BOL",2018,5.68205085456825,9907.06256669222,11606905,0.189687311649323
"335","Bolivia","BOL",2019,5.64288354493413,9985.23048460376,11777315,NA
"336","Bolivia","BOL",2020,5.51161876806504,9000.97565203128,11936162,NA
"337","Botswana","BWA",2000,8.1826582768595,13185.8171502399,1726985,-5.26082038879395
"338","Botswana","BWA",2001,7.59069426607879,12949.6403092989,1761930,-5.52008533477783
"339","Botswana","BWA",2002,7.16690949505468,13479.6960707779,1795130,0.11205518245697
"340","Botswana","BWA",2003,6.93378576579338,13857.2588252253,1826863,-1.19937264919281
"341","Botswana","BWA",2004,7.21660723208428,13984.8415100042,1859085,-4.13062000274658
"342","Botswana","BWA",2005,6.77393608168287,14361.957631482,1892807,-2.11807322502136
"343","Botswana","BWA",2006,6.18902701902075,15275.5828797355,1928704,1.23243176937103
"344","Botswana","BWA",2007,6.48517870835068,15850.2343481951,1966977,1.39175593852997
"345","Botswana","BWA",2008,7.36702936156702,16040.3153221647,2007320,0.0195004120469093
"346","Botswana","BWA",2009,7.69590614613896,13489.9509156143,2048997,-13.7652168273926
"347","Botswana","BWA",2010,7.32136587343168,14545.0198072174,2091664,5.11478519439697
"348","Botswana","BWA",2011,8.23710432430829,15236.7188806459,2134037,-1.8149516582489
"349","Botswana","BWA",2012,7.87547483738024,14957.618908069,2175425,-3.27570247650146
"350","Botswana","BWA",2013,9.0064476393998,16369.4252909372,2217278,4.3247184753418
"351","Botswana","BWA",2014,9.29550636474852,17052.1924039958,2260376,-0.774359583854675
"352","Botswana","BWA",2015,8.67533906031822,15994.9643027691,2305171,-6.91303443908691
"353","Botswana","BWA",2016,8.28858300660568,16905.58873935,2352416,-0.818814873695374
"354","Botswana","BWA",2017,6.96684813083802,17352.8958428846,2401840,-1.00326359272003
"355","Botswana","BWA",2018,7.12024068369268,17825.0185700403,2451409,0.275382190942764
"356","Botswana","BWA",2019,7.77444072089837,18106.0105437839,2499702,NA
"357","Botswana","BWA",2020,7.40501537108045,16289.391360351,2546402,NA
"358","Brazil","BRA",2000,6.71591007137109,14005.3471874231,175873720,0.400244891643524
"359","Brazil","BRA",2001,6.71669574493639,14016.1313772236,178211881,-1.49481868743896
"360","Brazil","BRA",2002,6.80372028394626,14265.9048770292,180476685,-1.06024956703186
"361","Brazil","BRA",2003,6.94496662782503,14259.3664089322,182629278,-1.77929592132568
"362","Brazil","BRA",2004,7.12019519477743,14911.2609608592,184722043,0.779083013534546
"363","Brazil","BRA",2005,7.26316791878165,15221.0138281541,186797334,-0.753102719783783
"364","Brazil","BRA",2006,7.54943733448749,15657.4795716983,188820682,0.0171246789395809
"365","Brazil","BRA",2007,7.9391545134253,16440.583740032,190779453,2.39494442939758
"366","Brazil","BRA",2008,8.28592235346959,17113.3679822643,192672317,1.25821602344513
"367","Brazil","BRA",2009,8.16892360121821,16939.4407810328,194517549,-3.1225893497467
"368","Brazil","BRA",2010,8.87060753068639,18062.1581103659,196353492,3.6263530254364
"369","Brazil","BRA",2011,8.83671635912975,18627.8104529397,198185302,-0.695898711681366
"370","Brazil","BRA",2012,8.92504967376789,18832.2195527075,199977707,-1.79699611663818
"371","Brazil","BRA",2013,9.13820622622079,19241.5059815726,201721767,-0.815772294998169
"372","Brazil","BRA",2014,9.14630481752608,19183.172744636,203459650,-3.42262840270996
"373","Brazil","BRA",2015,8.53012520127977,18357.0690617991,205188205,-3.65462064743042
"374","Brazil","BRA",2016,8.40209891823075,17620.9272434136,206859578,-3.67316937446594
"375","Brazil","BRA",2017,8.25950138263095,17724.4799577784,208504960,-0.185983255505562
"376","Brazil","BRA",2018,7.90953994612488,17917.7492123359,210166592,-0.921553730964661
"377","Brazil","BRA",2019,7.99836829511128,18018.6209151518,211782878,NA
"378","Brazil","BRA",2020,7.67158696289857,17327.5157249466,213196304,NA
"379","Bulgaria","BGR",2000,6.72545692305778,12558.9740745904,8170172,1.64657247066498
"380","Bulgaria","BGR",2001,7.23667068593215,13301.3551670776,8009142,-1.20731866359711
"381","Bulgaria","BGR",2002,7.28034488220726,14391.430013191,7837161,0.700938761234283
"382","Bulgaria","BGR",2003,8.09625352577313,15265.5743569127,7775327,-1.32536697387695
"383","Bulgaria","BGR",2004,7.88549251405609,16382.6181531611,7716860,0.428027004003525
"384","Bulgaria","BGR",2005,8.13636317617303,17671.1932987041,7658972,-0.427790820598602
"385","Bulgaria","BGR",2006,8.38869074865581,19017.1814497463,7601022,-0.605443596839905
"386","Bulgaria","BGR",2007,8.7607453717298,20432.3428445738,7545338,-0.492146968841553
"387","Bulgaria","BGR",2008,8.839399968722,21837.5009940859,7492561,-1.81324446201324
"388","Bulgaria","BGR",2009,7.74455748150128,21242.9936624346,7444443,-5.96351385116577
"389","Bulgaria","BGR",2010,7.64511384882909,21715.8794407598,7395599,1.0141373872757
"390","Bulgaria","BGR",2011,7.79378531148505,22312.3951777384,7348328,0.944701611995697
"391","Bulgaria","BGR",2012,7.6476755773387,22610.0572767345,7305888,-0.709861278533936
"392","Bulgaria","BGR",2013,7.0756435055511,22945.5137964647,7265115,-1.18428373336792
"393","Bulgaria","BGR",2014,7.34040155179525,23446.4063115841,7223938,-0.240900680422783
"394","Bulgaria","BGR",2015,7.54879250163044,24553.1436827934,7177991,1.57999682426453
"395","Bulgaria","BGR",2016,7.21661538137024,25626.8237228551,7127822,2.40247774124146
"396","Bulgaria","BGR",2017,7.51854149185983,26681.4288334943,7075947,1.66507029533386
"397","Bulgaria","BGR",2018,7.65988024619735,27739.5019515864,7025037,1.69954204559326
"398","Bulgaria","BGR",2019,7.50065831617411,29199.8335860323,6975761,NA
"399","Bulgaria","BGR",2020,7.35079186252898,28545.7085283433,6934015,NA
"400","Burkina Faso","BFA",2000,1.59141122195221,1428.57400617096,11882888,0.416829764842987
"401","Burkina Faso","BFA",2001,1.60618179649999,1477.28491846525,12249764,3.99674725532532
"402","Burkina Faso","BFA",2002,1.47193635354383,1494.67801269583,12632269,1.7810093164444
"403","Burkina Faso","BFA",2003,1.51853665893497,1561.83310184915,13030591,5.79921197891235
"404","Burkina Faso","BFA",2004,1.65527714566612,1581.25620933294,13445977,1.53975450992584
"405","Burkina Faso","BFA",2005,1.93746244170334,1664.99543180023,13876127,3.30707621574402
"406","Burkina Faso","BFA",2006,1.89596944351827,1714.76034904509,14316242,2.80153870582581
"407","Burkina Faso","BFA",2007,1.87591474730401,1731.93046335077,14757074,1.07732427120209
"408","Burkina Faso","BFA",2008,1.97747561742139,1779.32710911571,15197915,-1.1882027387619
"409","Burkina Faso","BFA",2009,1.87778629671449,1779.32305627973,15650022,-2.7729389667511
"410","Burkina Faso","BFA",2010,1.83222987079917,1873.97146230828,16116845,-3.51026678085327
"411","Burkina Faso","BFA",2011,1.81929972028327,1939.86659989406,16602651,-2.50011372566223
"412","Burkina Faso","BFA",2012,1.89910848957063,2003.6646118745,17113732,-5.79879903793335
"413","Burkina Faso","BFA",2013,1.90963520137444,2057.0639319853,17636408,-7.15340089797974
"414","Burkina Faso","BFA",2014,1.83842904038444,2083.19844698304,18169842,-6.2660961151123
"415","Burkina Faso","BFA",2015,1.89856213675346,2101.70266192027,18718019,-3.65049648284912
"416","Burkina Faso","BFA",2016,1.90406984872834,2162.72578977814,19275498,-3.29450535774231
"417","Burkina Faso","BFA",2017,1.96160749970088,2232.28781490944,19835858,-1.80164551734924
"418","Burkina Faso","BFA",2018,1.948638745129,2316.39432079045,20392723,-3.01141548156738
"419","Burkina Faso","BFA",2019,1.98718044292788,2391.53626844484,20951639,NA
"420","Burkina Faso","BFA",2020,1.91901752883965,2380.93171826574,21522626,NA
"421","Burundi","BDI",2000,1.56841434852705,988.036863486,6307659,20.3799724578857
"422","Burundi","BDI",2001,2.02045785125461,983.396846717033,6465729,-4.50046634674072
"423","Burundi","BDI",2002,2.00645811693364,998.561288984855,6648938,8.65397262573242
"424","Burundi","BDI",2003,1.97511563552798,955.669204427762,6860846,-16.5831317901611
"425","Burundi","BDI",2004,1.95896113235203,965.204118116021,7120496,-3.00361824035645
"426","Burundi","BDI",2005,1.9669954273963,938.381597310084,7388874,18.0823459625244
"427","Burundi","BDI",2006,1.9699264895503,954.190853889464,7658190,-22.7425079345703
"428","Burundi","BDI",2007,1.96005252590698,951.290082556638,7944609,-3.63558602333069
"429","Burundi","BDI",2008,1.89385245421018,957.222664357035,8278109,1.37224245071411
"430","Burundi","BDI",2009,1.8497200140946,944.629925612954,8709366,1.45722913742065
"431","Burundi","BDI",2010,1.84207278159932,947.62141733127,9126605,2.6567485332489
"432","Burundi","BDI",2011,1.84258639648499,951.188460391309,9455733,2.11351609230042
"433","Burundi","BDI",2012,1.30591839532251,958.657402907725,9795479,2.63450336456299
"434","Burundi","BDI",2013,1.41546642457773,970.375391768505,10149577,3.01414346694946
"435","Burundi","BDI",2014,1.37192078685743,977.765840288134,10494913,1.89390301704407
"436","Burundi","BDI",2015,1.35531892195918,918.557192941296,10727148,-6.66261339187622
"437","Burundi","BDI",2016,1.38222050389461,897.459046433604,10903327,-3.05811905860901
"438","Burundi","BDI",2017,1.42894747731397,880.993440128706,11155593,-1.57958614826202
"439","Burundi","BDI",2018,1.4056096049556,868.555507579394,11493472,-2.4002103805542
"440","Burundi","BDI",2019,1.35767688510706,855.732720083122,11874838,NA
"441","Burundi","BDI",2020,1.3159714244653,833.920257458019,12220227,NA
"442","Cambodia","KHM",2000,3.0516671759549,1922.03179092529,12118841,NA
"443","Cambodia","KHM",2001,3.07414227158381,2032.08092022307,12338192,NA
"444","Cambodia","KHM",2002,3.13090772326156,2126.34150468918,12561779,NA
"445","Cambodia","KHM",2003,3.23488031930735,2309.83931482713,12787710,NA
"446","Cambodia","KHM",2004,3.24945364491297,2491.30930003758,13016371,NA
"447","Cambodia","KHM",2005,3.48995596991454,2781.89028895165,13246583,NA
"448","Cambodia","KHM",2006,3.50533950159202,3041.10471220054,13477779,NA
"449","Cambodia","KHM",2007,3.56761963026847,3308.15747246437,13714791,NA
"450","Cambodia","KHM",2008,3.37199632680719,3501.92570219206,13943888,NA
"451","Cambodia","KHM",2009,3.65659885818423,3587.60889588246,14155740,NA
"452","Cambodia","KHM",2010,3.69762010666431,3711.53750580037,14363532,NA
"453","Cambodia","KHM",2011,3.72335580064347,3921.97911563181,14573885,NA
"454","Cambodia","KHM",2012,3.63527574623377,4159.16354123312,14786640,NA
"455","Cambodia","KHM",2013,3.60838057963241,4419.39886801717,14999683,NA
"456","Cambodia","KHM",2014,3.59899924863474,4702.73061823055,15210817,NA
"457","Cambodia","KHM",2015,3.62736033890828,4968.57276698982,15417523,NA
"458","Cambodia","KHM",2016,3.75638119927027,5283.72964943608,15624584,NA
"459","Cambodia","KHM",2017,3.87894163038074,5632.0312562916,15830689,NA
"460","Cambodia","KHM",2018,3.91892460025704,6050.5908826201,16025238,NA
"461","Cambodia","KHM",2019,4.08773756181924,6448.88455952596,16207746,NA
"462","Cambodia","KHM",2020,4.02348816680247,6128.78243783137,16396860,NA
"463","Cameroon","CMR",2000,3.23198200027059,3822.94425358926,15091594,-0.200368449091911
"464","Cameroon","CMR",2001,3.0873953558964,3884.87304812714,15493253,-2.42003393173218
"465","Cameroon","CMR",2002,3.26450924515966,3951.41936232132,15914033,-3.70257782936096
"466","Cameroon","CMR",2003,3.2668649831659,4054.78133246517,16354326,-1.48317921161652
"467","Cameroon","CMR",2004,3.25368143127392,4222.96638689885,16809407,-0.961282670497894
"468","Cameroon","CMR",2005,3.144548465944,4199.72270969362,17275171,-4.97521257400513
"469","Cameroon","CMR",2006,2.85528547102491,4241.51744722821,17751333,-4.01954555511475
"470","Cameroon","CMR",2007,2.68053880457531,4302.6192630847,18251866,4.36016750335693
"471","Cameroon","CMR",2008,2.64153851565606,4300.26640352464,18777081,-7.35666418075562
"472","Cameroon","CMR",2009,2.65100157829296,4286.57718166156,19319274,-4.68698692321777
"473","Cameroon","CMR",2010,2.5491939724501,4286.58302947378,19878036,-2.30669498443604
"474","Cameroon","CMR",2011,2.53616097891133,4307.85195558527,20448873,-1.21138441562653
"475","Cameroon","CMR",2012,2.48862168175289,4382.11120797355,21032684,0.901009976863861
"476","Cameroon","CMR",2013,2.67413564577038,4473.57231896434,21632850,1.78851127624512
"477","Cameroon","CMR",2014,2.63604988397328,4588.4864949903,22299585,1.52792954444885
"478","Cameroon","CMR",2015,2.58465756648315,4698.66677843587,23012646,1.7992832660675
"479","Cameroon","CMR",2016,2.64645615402294,4767.13186148953,23711630,0.520029246807098
"480","Cameroon","CMR",2017,2.55893803611593,4797.97544185544,24393181,-0.544404149055481
"481","Cameroon","CMR",2018,2.58899686601369,4851.48003949961,25076747,-0.0205126088112592
"482","Cameroon","CMR",2019,2.59166712390913,4882.35560028896,25782341,NA
"483","Cameroon","CMR",2020,2.46385795623479,4763.48194388066,26491087,NA
"484","Canada","CAN",2000,23.9649751904084,48399.3055389359,30685730,1.4822164773941
"485","Canada","CAN",2001,23.1172766376594,48774.1675534138,31020902,-0.832081258296967
"486","Canada","CAN",2002,23.8333102831693,49695.0066909867,31360079,0.330417484045029
"487","Canada","CAN",2003,24.9658505340689,50139.7862347007,31644028,0.965643107891083
"488","Canada","CAN",2004,24.9154404930533,51210.6796118735,31940655,1.26509237289429
"489","Canada","CAN",2005,26.0879243633169,52356.5578038534,32243753,2.28946208953857
"490","Canada","CAN",2006,26.2018811226053,53195.781842155,32571174,1.35269260406494
"491","Canada","CAN",2007,27.2071952081498,53761.8620298113,32889025,3.71327114105225
"492","Canada","CAN",2008,26.0309253705148,53711.6792064975,33247118,-1.12955510616302
"493","Canada","CAN",2009,24.3844579877067,51552.4223837895,33628895,-2.76387310028076
"494","Canada","CAN",2010,25.6480670650439,52558.4408142168,34004889,1.23811876773834
"495","Canada","CAN",2011,25.8273633380882,53681.1296700569,34339328,1.42958545684814
"496","Canada","CAN",2012,25.4759031861604,54034.8034751988,34714222,0.238247126340866
"497","Canada","CAN",2013,25.5363221928605,54712.178423981,35082954,0.770586311817169
"498","Canada","CAN",2014,25.01711327838,55723.4835404159,35437435,1.86752223968506
"499","Canada","CAN",2015,23.9443746825175,55660.8675272614,35702908,-0.526176273822784
"500","Canada","CAN",2016,23.046025369575,55606.1549191947,36109487,0.0916006490588188
"501","Canada","CAN",2017,23.4297750374373,56612.3285367448,36545236,1.24649500846863
"502","Canada","CAN",2018,23.5048355764147,57337.4909099991,37065084,0.652749121189117
"503","Canada","CAN",2019,22.8479767210353,57583.845798092,37601230,NA
"504","Canada","CAN",2020,21.5212713984884,54092.8790317796,38007166,NA
"505","Central African Republic","CAF",2000,2.15088727506393,1245.81399563599,3759170,-3.84821605682373
"506","Central African Republic","CAF",2001,2.14337583021561,1272.85710758505,3844773,3.64611744880676
"507","Central African Republic","CAF",2002,2.1627586378205,1290.38314917126,3930648,3.07365441322327
"508","Central African Republic","CAF",2003,2.12713357471619,1191.8731520062,4026841,-4.69292831420898
"509","Central African Republic","CAF",2004,2.32817931202524,1236.28534712166,4115138,6.29184770584106
"510","Central African Republic","CAF",2005,2.21579273194413,1219.5939445674,4208834,0.0341755226254463
"511","Central African Republic","CAF",2006,2.22982286981791,1251.87082171335,4294352,4.6862530708313
"512","Central African Republic","CAF",2007,2.3131116880384,1284.55283590666,4375569,3.16239666938782
"513","Central African Republic","CAF",2008,2.38489012146295,1283.2728263106,4467233,0.903994262218475
"514","Central African Republic","CAF",2009,2.43760181111797,1402.68164770801,4564540,7.40213680267334
"515","Central African Republic","CAF",2010,2.40642503415839,1479.41367757692,4660067,3.11214303970337
"516","Central African Republic","CAF",2011,2.43761738839196,1517.14839091011,4732022,3.03694486618042
"517","Central African Republic","CAF",2012,2.52381377220819,1577.98053252253,4773306,3.33192038536072
"518","Central African Republic","CAF",2013,2.36311475375233,996.896355923912,4802428,-44.1080322265625
"519","Central African Republic","CAF",2014,2.39065049329798,1001.85598053496,4798734,-0.941309869289398
"520","Central African Republic","CAF",2015,2.44783719946644,1043.92171697157,4819333,3.71354556083679
"521","Central African Republic","CAF",2016,2.59211434886021,1073.94477703739,4904177,3.85803365707398
"522","Central African Republic","CAF",2017,2.51041471935858,1103.86609318724,4996741,3.21431112289429
"523","Central African Republic","CAF",2018,2.54307297585334,1125.70091748228,5094780,3.18597221374512
"524","Central African Republic","CAF",2019,2.51189200832073,1145.09563657752,5209324,NA
"525","Central African Republic","CAF",2020,2.49265895244163,1136.57052993758,5343020,NA
"526","Chad","TCD",2000,4.02277331701997,1501.14484059514,8259137,-10.7242155075073
"527","Chad","TCD",2001,4.07963479607877,1620.55276247649,8538804,-7.65434217453003
"528","Chad","TCD",2002,3.94327904467868,1697.97157201535,8838369,-9.19762229919434
"529","Chad","TCD",2003,4.56058845315733,1871.63990238473,9196366,3.38493776321411
"530","Chad","TCD",2004,4.27517236097739,2392.0927022496,9613503,22.1338806152344
"531","Chad","TCD",2005,4.1953285762388,2695.81202138543,10005012,6.6436014175415
"532","Chad","TCD",2006,4.37295908310604,2586.98789080054,10365614,-13.3419322967529
"533","Chad","TCD",2007,4.39449121874576,2608.26864090164,10722731,-6.52998447418213
"534","Chad","TCD",2008,4.46467085166814,2596.86449460362,11098664,-5.77191209793091
"535","Chad","TCD",2009,4.60472949682507,2472.17870318429,11496128,-5.93127059936523
"536","Chad","TCD",2010,4.50080837102609,2717.50762664859,11894727,3.78093981742859
"537","Chad","TCD",2011,4.80336670735435,2742.699649067,12317730,-8.45706748962402
"538","Chad","TCD",2012,4.79780898230549,2887.74824701419,12754906,2.61681771278381
"539","Chad","TCD",2013,4.6105349755633,2864.7151974111,13216766,3.01748967170715
"540","Chad","TCD",2014,5.00063744415731,2821.27515439151,13697126,3.28149700164795
"541","Chad","TCD",2015,5.13779778186793,2823.36071529714,14140274,-0.497258901596069
"542","Chad","TCD",2016,5.13621986740236,2623.12070271494,14592585,-5.53960275650024
"543","Chad","TCD",2017,5.21807861762762,2496.49275170224,15085884,-3.08945751190186
"544","Chad","TCD",2018,5.27942903613199,2552.60616266347,15604210,2.52151608467102
"545","Chad","TCD",2019,5.30948901856272,2604.91636551989,16126866,NA
"546","Chad","TCD",2020,5.53830838500895,2513.01578402889,16644701,NA
"547","Chile","CHL",2000,7.52381553015467,17525.2717273479,15351799,0.944235324859619
"548","Chile","CHL",2001,7.2654731564733,17870.3008332711,15523978,-1.17783880233765
"549","Chile","CHL",2002,7.23849232716495,18240.2015602857,15693790,-1.75661218166351
"550","Chile","CHL",2003,7.36397452813001,18902.8708740806,15859112,-2.52110624313354
"551","Chile","CHL",2004,7.76811157645222,19961.9835794233,16017966,2.09524774551392
"552","Chile","CHL",2005,8.26213123306835,20918.5275760681,16175311,-1.40967559814453
"553","Chile","CHL",2006,8.39148594104285,21968.5375355854,16334575,1.24537754058838
"554","Chile","CHL",2007,8.90074448458268,22878.8834428789,16495538,-1.63296556472778
"555","Chile","CHL",2008,9.44170109796649,23509.7816931441,16661462,-5.01496028900146
"556","Chile","CHL",2009,8.62068248352497,23013.5817893814,16833447,-5.10271739959717
"557","Chile","CHL",2010,9.12464587253033,24116.7694715614,17004162,-2.50516963005066
"558","Chile","CHL",2011,10.0396137078282,25366.2690249825,17173573,-0.330535441637039
"559","Chile","CHL",2012,10.9703371791347,26670.4971338402,17341771,0.522270143032074
"560","Chile","CHL",2013,11.094810302166,27291.3576525957,17509925,-0.0712632238864898
"561","Chile","CHL",2014,9.96959668461927,27505.0495524158,17687108,-1.09989154338837
"562","Chile","CHL",2015,9.79120283439594,27811.3745158617,17870124,-0.157865434885025
"563","Chile","CHL",2016,10.0119942415351,27958.7284996682,18083879,-0.187085583806038
"564","Chile","CHL",2017,10.0371328941093,27892.9946862827,18368577,-0.849047422409058
"565","Chile","CHL",2018,10.3141181663809,28492.6611456515,18701450,1.999347448349
"566","Chile","CHL",2019,10.2360245222421,28218.5343879081,19039485,NA
"567","Chile","CHL",2020,9.70563525807744,26248.5616432825,19300315,NA
"568","China","CHN",2000,4.52241540566192,4066.03627019859,1262645000,2.66935610771179
"569","China","CHN",2001,4.61703662071971,4372.15705579934,1271850000,2.67330241203308
"570","China","CHN",2002,4.72225178794827,4744.39855079794,1280400000,3.03607058525085
"571","China","CHN",2003,5.2185385870832,5192.00604608587,1288400000,3.56867265701294
"572","China","CHN",2004,5.73154521752652,5684.16873050981,1296075000,3.7545485496521
"573","China","CHN",2005,6.05431065815446,6298.32318474516,1303720000,4.86130571365356
"574","China","CHN",2006,6.42272128619112,7057.09993331646,1311020000,6.57067728042603
"575","China","CHN",2007,6.54985146442599,8013.71568302247,1317885000,8.17094230651855
"576","China","CHN",2008,6.91359724283734,8743.74491232188,1324655000,4.07304096221924
"577","China","CHN",2009,7.68765217223495,9518.43214737204,1331260000,3.09072422981262
"578","China","CHN",2010,8.22754354003155,10476.3123630451,1337705000,4.48011302947998
"579","China","CHN",2011,8.94448504098466,11405.0172845617,1345035000,3.54089117050171
"580","China","CHN",2012,9.19098498613297,12217.8543175465,1354190000,2.20214748382568
"581","China","CHN",2013,9.39696314961071,13080.8288162668,1363240000,2.49360871315002
"582","China","CHN",2014,9.52332711307101,13968.581485524,1371860000,2.54295635223389
"583","China","CHN",2015,9.45487096628296,14856.7807604461,1379860000,2.54544758796692
"584","China","CHN",2016,9.48141521152804,15772.7647598696,1387790000,2.67642402648926
"585","China","CHN",2017,9.64822780976547,16757.9736318662,1396215000,3.13203573226929
"586","China","CHN",2018,10.0277955777007,17806.7902349725,1402760000,3.26355838775635
"587","China","CHN",2019,10.1725835479716,18820.5131033646,1407745000,NA
"588","China","CHN",2020,10.2928622279004,19215.1541703465,1411100000,NA
"589","Colombia","COL",2000,4.72917009334664,10813.4942250011,39215135,-1.12753856182098
"590","Colombia","COL",2001,4.71500251359931,10823.4504878807,39837875,-0.276859402656555
"591","Colombia","COL",2002,4.78220377263233,10925.1485602082,40454050,0.511532247066498
"592","Colombia","COL",2003,4.72297443402464,11183.2911819793,41057687,0.0400355346500873
"593","Colombia","COL",2004,4.47392435068913,11607.9384935105,41648268,3.17956519126892
"594","Colombia","COL",2005,4.62388318188586,11999.2549591305,42220940,0.989424824714661
"595","Colombia","COL",2006,4.6604968799643,12636.6246577724,42772910,3.91952037811279
"596","Colombia","COL",2007,4.87145373309669,13318.3033138168,43306582,2.53543305397034
"597","Colombia","COL",2008,4.72145336773895,13591.0609028567,43815313,-0.891881823539734
"598","Colombia","COL",2009,4.85241481132298,13586.7518430982,44313917,-4.14188289642334
"599","Colombia","COL",2010,4.96841746965749,14037.0642668639,44816108,-0.348356574773788
"600","Colombia","COL",2011,5.04448611413058,14852.3699513061,45308899,2.17643165588379
"601","Colombia","COL",2012,5.03638249340364,15279.4790008058,45782417,-0.819031596183777
"602","Colombia","COL",2013,5.57274159364723,15912.2471293239,46237930,0.896813094615936
"603","Colombia","COL",2014,5.37688081220894,16480.3631474161,46677947,0.640252888202667
"604","Colombia","COL",2015,5.26720879365556,16821.3801400631,47119728,-0.98960942029953
"605","Colombia","COL",2016,5.20281989298657,17003.244366485,47625955,-0.333563297986984
"606","Colombia","COL",2017,4.87008639119819,16986.0334182842,48351671,-1.07962238788605
"607","Colombia","COL",2018,5.02252628329732,17104.1313545678,49276961,0.528342664241791
"608","Colombia","COL",2019,5.05238289780783,17336.7716030551,50187406,NA
"609","Colombia","COL",2020,4.73823258323483,15861.4999291295,50930662,NA
"610","Costa Rica","CRI",2000,4.13203170836526,14018.7425010471,3979193,0.0946720689535141
"611","Costa Rica","CRI",2001,4.08346744831889,14250.4627491826,4053222,-2.06344723701477
"612","Costa Rica","CRI",2002,4.19612633793934,14495.9925105545,4122623,-0.134245917201042
"613","Costa Rica","CRI",2003,4.31534186926092,14891.3398216979,4188610,0.0512522086501121
"614","Costa Rica","CRI",2004,5.06135649175743,15323.2892201563,4252800,1.30970656871796
"615","Costa Rica","CRI",2005,5.35620100151461,15703.9624720602,4315887,-2.34499192237854
"616","Costa Rica","CRI",2006,5.20400740539794,16620.1356432166,4378172,3.4602632522583
"617","Costa Rica","CRI",2007,5.6253189735355,17743.6227382465,4440019,2.35841107368469
"618","Costa Rica","CRI",2008,5.71362058550317,18334.0135988728,4501921,1.27983736991882
"619","Costa Rica","CRI",2009,5.30245960509721,17932.6147807384,4563127,-1.31548380851746
"620","Costa Rica","CRI",2010,5.31766651433823,18660.9198222896,4622252,3.88543796539307
"621","Costa Rica","CRI",2011,5.46407345032304,19254.9142153216,4679926,3.12650632858276
"622","Costa Rica","CRI",2012,5.54244153692618,19960.7933253156,4736593,-2.46180748939514
"623","Costa Rica","CRI",2013,5.61011530835563,20232.2670799569,4791535,-0.783707141876221
"624","Costa Rica","CRI",2014,5.53234284568527,20724.9217693549,4844288,0.247055783867836
"625","Costa Rica","CRI",2015,5.41250423852306,21254.7840932179,4895242,1.6736775636673
"626","Costa Rica","CRI",2016,5.54006522824627,21925.6000804133,4945205,3.56888699531555
"627","Costa Rica","CRI",2017,5.24786037617021,22622.5534502656,4993842,-0.201533734798431
"628","Costa Rica","CRI",2018,5.2894845748568,23005.3121471934,5040734,-1.20900356769562
"629","Costa Rica","CRI",2019,5.23873753051412,23364.7831275883,5084532,NA
"630","Costa Rica","CRI",2020,4.85701352183199,22211.8613921833,5123105,NA
"631","Croatia","HRV",2000,7.92258268295726,21302.5369382703,4468302,1.87526631355286
"632","Croatia","HRV",2001,8.66672429458592,22826.9315626113,4299642,2.14486694335938
"633","Croatia","HRV",2002,9.47969810297305,24137.4391857553,4302174,2.58566927909851
"634","Croatia","HRV",2003,10.424522321973,25474.2482215034,4303399,1.41588532924652
"635","Croatia","HRV",2004,10.4700132248756,26529.2440630194,4304600,1.13256192207336
"636","Croatia","HRV",2005,10.7195746089368,27641.5780660686,4310145,1.36061596870422
"637","Croatia","HRV",2006,10.8492868980118,29039.3436666041,4311159,0.298162788152695
"638","Croatia","HRV",2007,11.1272758296162,30512.1740773583,4310217,0.395904839038849
"639","Croatia","HRV",2008,11.1578580846914,31116.5299688609,4309705,-2.45802593231201
"640","Croatia","HRV",2009,10.0091397906517,29026.7333060987,4305181,-8.85647964477539
"641","Croatia","HRV",2010,9.49906052617595,28704.5272098693,4295427,-0.142824798822403
"642","Croatia","HRV",2011,9.41837346509187,28775.6488231446,4280622,1.16148924827576
"643","Croatia","HRV",2012,9.02732869893834,28260.8366226603,4267558,-0.821146011352539
"644","Croatia","HRV",2013,8.76323585090731,28401.6853516941,4255689,0.107842549681663
"645","Croatia","HRV",2014,8.31765107717218,28460.7295690068,4238389,-2.89841961860657
"646","Croatia","HRV",2015,8.47841407084188,29471.7520880735,4203604,0.383423954248428
"647","Croatia","HRV",2016,8.73455165406606,30824.8598870778,4174349,1.80586576461792
"648","Croatia","HRV",2017,9.00059233452698,32351.872218096,4124531,0.191493779420853
"649","Croatia","HRV",2018,9.25074879256175,33730.8745577125,4087843,0.313565880060196
"650","Croatia","HRV",2019,9.22614889831791,35123.4876560601,4065253,NA
"651","Croatia","HRV",2020,9.27550732199811,32493.6254319725,4047680,NA
"652","Cuba","CUB",2000,6.81790085606788,NA,11105791,NA
"653","Cuba","CUB",2001,6.76952797703442,NA,11139127,NA
"654","Cuba","CUB",2002,5.89120744337149,NA,11170051,NA
"655","Cuba","CUB",2003,5.17251528319219,NA,11199217,NA
"656","Cuba","CUB",2004,5.08868641404223,NA,11225294,NA
"657","Cuba","CUB",2005,4.23944644720729,NA,11246114,NA
"658","Cuba","CUB",2006,4.26881405486854,NA,11260630,NA
"659","Cuba","CUB",2007,4.25915467044027,NA,11269887,NA
"660","Cuba","CUB",2008,4.73905061376056,NA,11276609,NA
"661","Cuba","CUB",2009,3.92059167366765,NA,11283185,NA
"662","Cuba","CUB",2010,4.16069309317155,NA,11290417,NA
"663","Cuba","CUB",2011,4.35009739682604,NA,11298710,NA
"664","Cuba","CUB",2012,4.39659559226023,NA,11309290,NA
"665","Cuba","CUB",2013,4.58352557879775,NA,11321579,NA
"666","Cuba","CUB",2014,4.63472650214105,NA,11332026,NA
"667","Cuba","CUB",2015,5.19927697468453,NA,11339894,NA
"668","Cuba","CUB",2016,4.78334610402325,NA,11342012,NA
"669","Cuba","CUB",2017,5.00794304635552,NA,11336405,NA
"670","Cuba","CUB",2018,5.22409774032734,NA,11328244,NA
"671","Cuba","CUB",2019,5.00380268548376,NA,11316697,NA
"672","Cuba","CUB",2020,4.68559080068651,NA,11300698,NA
"673","Cyprus","CYP",2000,12.8085130146676,36122.703125,948237,3.5953905582428
"674","Cyprus","CYP",2001,10.6549116301798,37147.91015625,964830,1.65532660484314
"675","Cyprus","CYP",2002,13.0023212063106,38091.87109375,982194,1.10658121109009
"676","Cyprus","CYP",2003,12.8544520996502,38618.921875,1000350,-0.440263241529465
"677","Cyprus","CYP",2004,12.7160486271388,40021.07421875,1018684,1.51724493503571
"678","Cyprus","CYP",2005,12.379411772721,41363.28125,1037062,1.45680165290833
"679","Cyprus","CYP",2006,13.0261321254368,42596.42578125,1055438,1.29002416133881
"680","Cyprus","CYP",2007,11.7290948133966,43825.01953125,1073873,0.391516923904419
"681","Cyprus","CYP",2008,14.0872835680244,44296.90234375,1092390,-0.997850477695465
"682","Cyprus","CYP",2009,12.7195838288577,42254.6015625,1110974,-4.04374217987061
"683","Cyprus","CYP",2010,13.5513162104255,42103.4921875,1129686,-0.0983263179659843
"684","Cyprus","CYP",2011,13.3045676392755,41213.87109375,1145086,-0.941151022911072
"685","Cyprus","CYP",2012,10.227062978424,39191.34765625,1156556,-2.44910860061646
"686","Cyprus","CYP",2013,9.17052706482757,36694.828125,1166968,-3.89997696876526
"687","Cyprus","CYP",2014,9.23860087361501,36442.01171875,1176995,-0.742330551147461
"688","Cyprus","CYP",2015,8.63614872192372,37903.125,1187280,2.31106996536255
"689","Cyprus","CYP",2016,8.78756754140745,40209.86328125,1197881,2.75610065460205
"690","Cyprus","CYP",2017,11.449814942053,42128.56640625,1208523,-0.154225423932076
"691","Cyprus","CYP",2018,9.72825826025446,44227.91015625,1218831,-0.0192475821822881
"692","Cyprus","CYP",2019,10.3123630117932,46195.59375,1228836,NA
"693","Cyprus","CYP",2020,10.3384772364901,44203.890625,1237537,NA
"694","Czechia","CZE",2000,13.399379700631,29427.4070011514,10255063,2.15388560295105
"695","Czechia","CZE",2001,13.5093845540697,30399.8730764283,10216605,1.0691419839859
"696","Czechia","CZE",2002,13.6826031970061,30919.5496618702,10196916,-0.294296473264694
"697","Czechia","CZE",2003,14.2320958459899,31949.2963145034,10193998,2.55491471290588
"698","Czechia","CZE",2004,14.6574043950401,33452.3408000614,10197101,3.43624901771545
"699","Czechia","CZE",2005,14.4310318285033,35535.7479961511,10211216,3.78637266159058
"700","Czechia","CZE",2006,14.132776833111,37786.8781740905,10238905,4.31544971466064
"701","Czechia","CZE",2007,14.4616136593036,39629.0061324728,10298828,2.40331840515137
"702","Czechia","CZE",2008,14.646469750112,40328.3426630095,10384603,-0.215343728661537
"703","Czechia","CZE",2009,13.5389671919318,38175.1422773334,10443936,-4.8222279548645
"704","Czechia","CZE",2010,13.926210691918,39097.3886218756,10474410,2.00005054473877
"705","Czechia","CZE",2011,13.9146244403912,39708.1626280195,10496088,1.09731268882751
"706","Czechia","CZE",2012,13.4892539497198,39347.0492956846,10510785,-1.56785261631012
"707","Czechia","CZE",2013,12.9345840093232,39317.5535692377,10514272,-1.06240689754486
"708","Czechia","CZE",2014,12.5926898279971,40158.0164275735,10525347,1.90268778800964
"709","Czechia","CZE",2015,12.7829007893359,42066.5759800801,10546059,3.53084063529968
"710","Czechia","CZE",2016,12.8783486967132,43069.4659744727,10566332,0.902156293392181
"711","Czechia","CZE",2017,13.1110239614647,45177.5226053634,10594438,2.71838164329529
"712","Czechia","CZE",2018,13.458220840868,46301.082036029,10629928,1.19882524013519
"713","Czechia","CZE",2019,13.3147359928986,47763.6165520254,10671870,NA
"714","Czechia","CZE",2020,12.5016796333933,45119.9387309139,10697858,NA
"715","Denmark","DNK",2000,17.9244839121578,57431.9708583601,5339616,1.56062400341034
"716","Denmark","DNK",2001,17.7059746537118,57770.222038052,5358783,-1.25044870376587
"717","Denmark","DNK",2002,17.7884265503098,57848.8452786473,5375931,-0.840583443641663
"718","Denmark","DNK",2003,18.8475590169275,57946.1771134796,5390574,-0.0735770314931869
"719","Denmark","DNK",2004,18.9232600670533,59401.2562936057,5404523,1.87372064590454
"720","Denmark","DNK",2005,19.6960884339182,60635.6232224211,5419432,0.275982409715652
"721","Denmark","DNK",2006,20.9892943126778,62743.2325188222,5437272,0.914397954940796
"722","Denmark","DNK",2007,20.8453897138338,63082.2477141652,5461438,-1.92643547058105
"723","Denmark","DNK",2008,20.2449127016227,62451.0723488026,5493621,-2.35175156593323
"724","Denmark","DNK",2009,18.9851722265382,59027.7651022814,5523095,-3.73773121833801
"725","Denmark","DNK",2010,18.7168790691285,59696.3545247692,5547683,3.02483463287354
"726","Denmark","DNK",2011,18.2196538692682,60230.3541783938,5570572,0.979580461978912
"727","Denmark","DNK",2012,17.580137856131,60000.8903063993,5591572,0.220463261008263
"728","Denmark","DNK",2013,18.2592535533405,60583.4064957167,5614932,0.397372514009476
"729","Denmark","DNK",2014,17.028153596453,61047.3337182821,5643475,0.463135719299316
"730","Denmark","DNK",2015,16.5513473203929,61893.2460620273,5683483,0.763671696186066
"731","Denmark","DNK",2016,16.8325712509637,63299.3377655398,5728010,1.42207300662994
"732","Denmark","DNK",2017,16.7141598581821,64815.730783181,5764980,0.115746513009071
"733","Denmark","DNK",2018,17.0183009771387,65694.7591327282,5793636,0.389868289232254
"734","Denmark","DNK",2019,16.1765828652229,66580.1881386027,5814422,NA
"735","Denmark","DNK",2020,14.977231680423,65204.5493201041,5831404,NA
"736","Djibouti","DJI",2000,3.14174168744785,NA,742033,NA
"737","Djibouti","DJI",2001,2.74623154809721,NA,765490,NA
"738","Djibouti","DJI",2002,2.81423039109099,NA,789129,NA
"739","Djibouti","DJI",2003,2.85963202336141,NA,806411,NA
"740","Djibouti","DJI",2004,2.92887591186713,NA,818373,NA
"741","Djibouti","DJI",2005,2.80428767208239,NA,830861,NA
"742","Djibouti","DJI",2006,3.07065873792775,NA,846947,NA
"743","Djibouti","DJI",2007,3.39943654993586,NA,865196,NA
"744","Djibouti","DJI",2008,3.05122088987208,NA,882886,NA
"745","Djibouti","DJI",2009,3.25319861345899,NA,901103,NA
"746","Djibouti","DJI",2010,3.53735024586481,NA,919199,NA
"747","Djibouti","DJI",2011,5.35948821369517,NA,936811,NA
"748","Djibouti","DJI",2012,8.66954135702257,NA,954297,NA
"749","Djibouti","DJI",2013,7.7133965109835,4469.07409933135,971753,NA
"750","Djibouti","DJI",2014,6.52378428941923,4705.04926772184,989087,NA
"751","Djibouti","DJI",2015,5.57527572635474,4961.8681860592,1006259,NA
"752","Djibouti","DJI",2016,5.14607113021164,5226.50026106607,1023261,NA
"753","Djibouti","DJI",2017,5.51716347115376,5421.95649149613,1040233,NA
"754","Djibouti","DJI",2018,4.2832334176178,5590.50426604853,1057198,NA
"755","Djibouti","DJI",2019,5.0321110582306,5809.30455041341,1073994,NA
"756","Djibouti","DJI",2020,5.77938640295526,5791.47767679877,1090156,NA
"757","Dominican Republic","DOM",2000,4.52733112941004,10896.3184155964,8540791,-0.575032293796539
"758","Dominican Republic","DOM",2001,4.38867722397047,10991.1363420488,8669040,-2.08908295631409
"759","Dominican Republic","DOM",2002,4.74771637161768,11313.0690271273,8795101,-1.1553328037262
"760","Dominican Republic","DOM",2003,3.68130476689308,11000.8684059352,8919852,-4.84542846679688
"761","Dominican Republic","DOM",2004,3.55067679323034,11131.2709216332,9043127,-1.17810022830963
"762","Dominican Republic","DOM",2005,4.10309390187079,12022.5080544053,9164768,5.26740884780884
"763","Dominican Republic","DOM",2006,4.35252278353348,12961.9183632133,9284168,2.69929265975952
"764","Dominican Republic","DOM",2007,4.61248368402164,13754.9212674095,9402206,2.39128375053406
"765","Dominican Republic","DOM",2008,4.70039153829809,14030.1411084465,9522948,-3.33164477348328
"766","Dominican Republic","DOM",2009,4.40726894700405,13992.4103270189,9648061,-2.00768852233887
"767","Dominican Republic","DOM",2010,4.62199254487562,14975.0010126958,9775755,2.35212707519531
"768","Dominican Republic","DOM",2011,4.44177038526181,15258.0858148503,9903737,-2.28702688217163
"769","Dominican Republic","DOM",2012,4.42253085264389,15487.2776356321,10030882,-1.05325400829315
"770","Dominican Republic","DOM",2013,4.21681229163594,16054.7677297656,10157051,1.23258125782013
"771","Dominican Republic","DOM",2014,4.11789490348755,16993.587444403,10282115,2.40308904647827
"772","Dominican Republic","DOM",2015,4.28272962434379,17973.1870256815,10405832,2.1439847946167
"773","Dominican Republic","DOM",2016,4.36629117033059,18968.9752386179,10527592,1.01607227325439
"774","Dominican Republic","DOM",2017,4.30603840654924,19501.8743054078,10647244,-0.179660797119141
"775","Dominican Republic","DOM",2018,4.40824964360398,20662.848586153,10765531,1.59536933898926
"776","Dominican Republic","DOM",2019,4.65789435280867,21451.286441995,10881882,NA
"777","Dominican Republic","DOM",2020,4.6819997720707,19545.4099552943,10999664,NA
"778","Ecuador","ECU",2000,3.98330581244309,9183.05155276919,12626507,-1.63430738449097
"779","Ecuador","ECU",2001,4.47698413102914,9405.11680690106,12845521,0.296095371246338
"780","Ecuador","ECU",2002,4.66516106037134,9697.55517665978,13070609,0.406108289957047
"781","Ecuador","ECU",2003,4.5661688456314,9802.81408202125,13301184,-1.01874685287476
"782","Ecuador","ECU",2004,4.66980836344617,10290.6634264766,13534593,1.14968228340149
"783","Ecuador","ECU",2005,4.83181486166437,10660.2046228939,13770012,-0.0028959538321942
"784","Ecuador","ECU",2006,4.79578715606838,10933.4897470283,14009061,-1.71181082725525
"785","Ecuador","ECU",2007,4.8180467059354,10952.8226853948,14251835,-1.75991332530975
"786","Ecuador","ECU",2008,4.87418208398165,11474.5257023541,14496797,1.2745258808136
"787","Ecuador","ECU",2009,4.94049277174486,11403.5277978831,14742766,-2.3259699344635
"788","Ecuador","ECU",2010,5.31354430638307,11665.6978598204,14989585,0.130065202713013
"789","Ecuador","ECU",2011,5.30467259751415,12449.0785549218,15237728,3.77671933174133
"790","Ecuador","ECU",2012,5.25435693535681,12961.0267423765,15483883,1.29352486133575
"791","Ecuador","ECU",2013,5.50631958782406,13689.1520460125,15722989,3.72305226325989
"792","Ecuador","ECU",2014,5.54251291792871,14064.7992246727,15957994,2.82947945594788
"793","Ecuador","ECU",2015,5.24132267647862,13881.5700738105,16195902,-1.98739075660706
"794","Ecuador","ECU",2016,4.96667970324988,13586.5160772568,16439585,-2.10628128051758
"795","Ecuador","ECU",2017,4.86642060833677,14179.1537503305,16696944,1.52594292163849
"796","Ecuador","ECU",2018,4.74239387837827,14083.5069982304,17015672,2.16912388801575
"797","Ecuador","ECU",2019,4.57819220133063,13870.4895118068,17343740,NA
"798","Ecuador","ECU",2020,3.9310832925729,12440.3263747814,17588595,NA
"799","Egypt","EGY",2000,2.94520414623387,NA,71371371,NA
"800","Egypt","EGY",2001,3.02945604437337,NA,72854261,NA
"801","Egypt","EGY",2002,2.84337165678298,NA,74393759,NA
"802","Egypt","EGY",2003,2.49920220335902,NA,75963322,NA
"803","Egypt","EGY",2004,2.46587587313636,NA,77522427,NA
"804","Egypt","EGY",2005,2.84806019946072,NA,79075310,NA
"805","Egypt","EGY",2006,3.00218956545842,NA,80629670,NA
"806","Egypt","EGY",2007,3.21021430742416,NA,82218755,NA
"807","Egypt","EGY",2008,3.21605945231535,NA,83844783,NA
"808","Egypt","EGY",2009,3.4316675172212,NA,85501064,NA
"809","Egypt","EGY",2010,3.4682594204353,NA,87252413,NA
"810","Egypt","EGY",2011,3.51733370253481,NA,89200054,NA
"811","Egypt","EGY",2012,3.92725938606636,NA,91240376,NA
"812","Egypt","EGY",2013,3.67263765814855,NA,93377890,NA
"813","Egypt","EGY",2014,3.82107333931955,NA,95592324,NA
"814","Egypt","EGY",2015,3.82638295771081,NA,97723799,NA
"815","Egypt","EGY",2016,3.68604025978751,NA,99784030,NA
"816","Egypt","EGY",2017,3.73645203983746,NA,101789386,NA
"817","Egypt","EGY",2018,3.73496860454535,NA,103740765,NA
"818","Egypt","EGY",2019,3.68791443596031,NA,105618671,NA
"819","Egypt","EGY",2020,3.47696183518386,NA,107465134,NA
"820","El Salvador","SLV",2000,3.49422796632095,7545.44796218991,5958482,NA
"821","El Salvador","SLV",2001,3.67738750938482,7580.32338410159,5988095,NA
"822","El Salvador","SLV",2002,3.89938155396166,7675.67106195114,6011275,NA
"823","El Salvador","SLV",2003,3.92329790655362,7780.27177685599,6026849,NA
"824","El Salvador","SLV",2004,4.45930745616429,7841.53237886842,6035655,NA
"825","El Salvador","SLV",2005,4.47904492161041,8050.5345128919,6037817,NA
"826","El Salvador","SLV",2006,4.60958938810799,8404.24674903143,6034436,NA
"827","El Salvador","SLV",2007,5.08387183014443,8548.83476118605,6044131,NA
"828","El Salvador","SLV",2008,4.76890355629575,8704.80584632591,6068099,NA
"829","El Salvador","SLV",2009,4.55713395068162,8494.49847423621,6091188,NA
"830","El Salvador","SLV",2010,4.55718523047031,8648.92982717672,6114034,NA
"831","El Salvador","SLV",2011,4.52256918151166,8943.06191543327,6137349,NA
"832","El Salvador","SLV",2012,4.29306006105416,9165.42034804478,6161289,NA
"833","El Salvador","SLV",2013,4.35471745771664,9327.56424468351,6185642,NA
"834","El Salvador","SLV",2014,4.26855283158106,9451.744607867,6209526,NA
"835","El Salvador","SLV",2015,4.31234586499729,9646.15432339854,6231066,NA
"836","El Salvador","SLV",2016,4.52213553006796,9863.76121214453,6250510,NA
"837","El Salvador","SLV",2017,4.49986016849119,10064.7934942601,6266654,NA
"838","El Salvador","SLV",2018,4.37469117712612,10297.203612692,6276342,NA
"839","El Salvador","SLV",2019,4.67830547215738,10543.9383291317,6280217,NA
"840","El Salvador","SLV",2020,4.22951092667382,9692.44931605799,6292731,NA
"841","Equatorial Guinea","GNQ",2000,6.29053583603728,11767.4708814313,684977,NA
"842","Equatorial Guinea","GNQ",2001,7.01658567295306,18031.964975074,719270,NA
"843","Equatorial Guinea","GNQ",2002,10.6899300532502,20242.4309684399,754115,NA
"844","Equatorial Guinea","GNQ",2003,14.24108097243,21709.5751241959,789681,NA
"845","Equatorial Guinea","GNQ",2004,12.7968923864022,28225.985816122,826355,NA
"846","Equatorial Guinea","GNQ",2005,14.1884685342601,31302.957953874,864726,NA
"847","Equatorial Guinea","GNQ",2006,15.5630744222972,32251.7680082519,905418,NA
"848","Equatorial Guinea","GNQ",2007,14.3784621304472,35540.4477563657,948814,NA
"849","Equatorial Guinea","GNQ",2008,13.1949526470432,39994.6159790647,994971,NA
"850","Equatorial Guinea","GNQ",2009,17.2955023026389,38706.6052512135,1043686,NA
"851","Equatorial Guinea","GNQ",2010,15.4062160942813,33668.8740654852,1094524,NA
"852","Equatorial Guinea","GNQ",2011,15.0929908016412,34341.9342607505,1144588,NA
"853","Equatorial Guinea","GNQ",2012,15.2151377773667,35711.4919273537,1193636,NA
"854","Equatorial Guinea","GNQ",2013,12.447177702129,32894.3693189101,1243941,NA
"855","Equatorial Guinea","GNQ",2014,10.8913222316555,31765.8997056851,1295183,NA
"856","Equatorial Guinea","GNQ",2015,9.27426515468157,27797.7942803179,1346973,NA
"857","Equatorial Guinea","GNQ",2016,8.79013348397508,24435.0645564801,1398927,NA
"858","Equatorial Guinea","GNQ",2017,7.56922696643593,22250.4389230263,1450694,NA
"859","Equatorial Guinea","GNQ",2018,8.18378127169226,20165.4795550607,1502091,NA
"860","Equatorial Guinea","GNQ",2019,7.17179194452113,18446.5916579681,1553031,NA
"861","Equatorial Guinea","GNQ",2020,7.68866527360125,17089.153726379,1596049,NA
"862","Eritrea","ERI",2000,3.80198738244119,NA,2392880,NA
"863","Eritrea","ERI",2001,3.6854559295232,NA,2461927,NA
"864","Eritrea","ERI",2002,3.65249656679724,NA,2547424,NA
"865","Eritrea","ERI",2003,3.83091118240549,NA,2653390,NA
"866","Eritrea","ERI",2004,3.3697711747637,NA,2763140,NA
"867","Eritrea","ERI",2005,3.14535222180534,NA,2831732,NA
"868","Eritrea","ERI",2006,2.97023359959557,NA,2880093,NA
"869","Eritrea","ERI",2007,2.92842868568786,NA,2926168,NA
"870","Eritrea","ERI",2008,2.67198715120165,NA,3005779,NA
"871","Eritrea","ERI",2009,2.79293085033719,NA,3083888,NA
"872","Eritrea","ERI",2010,2.78040530208076,NA,3147727,NA
"873","Eritrea","ERI",2011,2.39249765311708,NA,3207570,NA
"874","Eritrea","ERI",2012,2.3195000694337,NA,3252596,NA
"875","Eritrea","ERI",2013,2.65880453840249,NA,3296367,NA
"876","Eritrea","ERI",2014,2.49765887352017,NA,3323425,NA
"877","Eritrea","ERI",2015,2.56780600132002,NA,3340006,NA
"878","Eritrea","ERI",2016,2.44793387679582,NA,3365287,NA
"879","Eritrea","ERI",2017,2.29507939166346,NA,3396933,NA
"880","Eritrea","ERI",2018,2.13931273630181,NA,3445374,NA
"881","Eritrea","ERI",2019,2.34274541864689,NA,3498818,NA
"882","Eritrea","ERI",2020,2.3369166981456,NA,3555868,NA
"883","Estonia","EST",2000,13.7853324382631,20739.3911025799,1396985,6.73971509933472
"884","Estonia","EST",2001,14.3694438821766,22099.3392764137,1388115,3.76398301124573
"885","Estonia","EST",2002,15.2509565407348,23781.6515696429,1379350,4.50002670288086
"886","Estonia","EST",2003,17.0249993402629,25749.2797728847,1370720,3.40097808837891
"887","Estonia","EST",2004,16.9953173302819,27665.3068254089,1362550,4.53397083282471
"888","Estonia","EST",2005,16.5195794168166,30473.7787570071,1354775,5.3403058052063
"889","Estonia","EST",2006,17.1311669247001,33646.6185085554,1346810,3.02323031425476
"890","Estonia","EST",2007,18.9121499517602,36359.4666305513,1340680,3.95913195610046
"891","Estonia","EST",2008,17.5673299843978,34588.5500287282,1337090,-7.25518655776978
"892","Estonia","EST",2009,15.1646848895194,29585.1439652234,1334515,-9.05905055999756
"893","Estonia","EST",2010,16.7177652022657,30379.1091281954,1331475,5.54026508331299
"894","Estonia","EST",2011,16.2365456120858,32789.4323795893,1327439,1.76539242267609
"895","Estonia","EST",2012,16.4614809871986,34115.3622192703,1322696,0.225350901484489
"896","Estonia","EST",2013,17.6117955601507,34838.3629500515,1317997,-1.08742523193359
"897","Estonia","EST",2014,17.7907331796762,36090.4940948192,1314545,1.30597722530365
"898","Estonia","EST",2015,17.044778844257,36729.8072496625,1315407,-0.974229395389557
"899","Estonia","EST",2016,17.6404313460312,37854.8452505513,1315790,1.32997024059296
"900","Estonia","EST",2017,18.5158195542524,39939.4575647613,1317384,2.43195295333862
"901","Estonia","EST",2018,19.3635796282834,41273.1995505254,1321977,2.75468921661377
"902","Estonia","EST",2019,16.7247701691147,42652.5348631458,1326898,NA
"903","Estonia","EST",2020,16.8399059177924,41340.7646508087,1329522,NA
"904","Ethiopia","ETH",2000,2.66290713681821,810.270749182435,67031867,NA
"905","Ethiopia","ETH",2001,2.72329761114065,851.313428464571,69018932,NA
"906","Ethiopia","ETH",2002,2.77544375947531,838.298047001601,71073215,NA
"907","Ethiopia","ETH",2003,2.75136329627506,795.772138350107,73168838,NA
"908","Ethiopia","ETH",2004,2.76612220490955,877.114494989383,75301026,NA
"909","Ethiopia","ETH",2005,2.78552122512069,952.115666294682,77469940,NA
"910","Ethiopia","ETH",2006,2.69111836516147,1024.72911936948,79691050,NA
"911","Ethiopia","ETH",2007,2.78994967565379,1109.14330257095,81996185,NA
"912","Ethiopia","ETH",2008,2.77506886986189,1193.74728326721,84357105,NA
"913","Ethiopia","ETH",2009,2.83049417345936,1262.46397994724,86755585,NA
"914","Ethiopia","ETH",2010,2.69026039832015,1381.19044657574,89237791,NA
"915","Ethiopia","ETH",2011,2.52692068437382,1492.53396473949,91817929,NA
"916","Ethiopia","ETH",2012,2.52289546152294,1576.76875735604,94451280,NA
"917","Ethiopia","ETH",2013,2.59296486367669,1696.86515587413,97084366,NA
"918","Ethiopia","ETH",2014,2.58978284058894,1821.3916176818,99746766,NA
"919","Ethiopia","ETH",2015,2.72201313261779,1957.41454190833,102471895,NA
"920","Ethiopia","ETH",2016,2.87435223650534,2084.840556194,105293228,NA
"921","Ethiopia","ETH",2017,2.99682240958623,2222.82824481382,108197950,NA
"922","Ethiopia","ETH",2018,2.93815568197927,2311.16511659606,111129438,NA
"923","Ethiopia","ETH",2019,2.92679939853277,2437.97046055952,114120594,NA
"924","Ethiopia","ETH",2020,2.86835340350452,2516.54907642544,117190911,NA
"925","Finland","FIN",2000,22.0918164169353,46968.841714507,5176209,2.80612373352051
"926","Finland","FIN",2001,22.2904828859142,48099.3014282794,5188008,0.221602186560631
"927","Finland","FIN",2002,22.9826588655414,48792.4864789775,5200598,-0.224962264299393
"928","Finland","FIN",2003,25.7652185211244,49655.5451564067,5213014,0.593661189079285
"929","Finland","FIN",2004,25.641117962326,51494.705860401,5228172,2.22324180603027
"930","Finland","FIN",2005,24.4110865713858,52744.048034135,5246096,0.377028256654739
"931","Finland","FIN",2006,26.3615053401838,54653.981203281,5266268,1.48497331142426
"932","Finland","FIN",2007,25.7640477456039,57313.2916474478,5288720,2.29580855369568
"933","Finland","FIN",2008,24.671100804687,57494.585352886,5313399,-2.07331132888794
"934","Finland","FIN",2009,22.8623162181171,52599.1487066911,5338871,-7.88906192779541
"935","Finland","FIN",2010,24.7974753545009,54017.9458623339,5363352,2.67849659919739
"936","Finland","FIN",2011,24.2769479140233,55053.3906850323,5388272,0.779320299625397
"937","Finland","FIN",2012,23.1458799909325,53957.6680986279,5413971,-2.86256051063538
"938","Finland","FIN",2013,23.3456381949666,53183.4286685126,5438972,-1.14406299591064
"939","Finland","FIN",2014,22.764557548976,52710.7334867778,5461512,-0.708941876888275
"940","Finland","FIN",2015,21.3262446555229,52782.4873926277,5479531,-0.0095277912914752
"941","Finland","FIN",2016,21.8607970813959,53984.6316254715,5495303,1.46205520629883
"942","Finland","FIN",2017,21.9860570083031,55637.2262781223,5508214,1.38269937038422
"943","Finland","FIN",2018,22.7955400338234,56226.337241343,5515525,-0.840156495571136
"944","Finland","FIN",2019,21.3110374773383,56922.4873163103,5521606,NA
"945","Finland","FIN",2020,21.5332147986779,55424.8574989208,5529543,NA
"946","France","FRA",2000,12.9056986927827,45922.4789363701,60950994,0.93096399307251
"947","France","FRA",2001,12.6604441922429,46454.8706927365,61397775,-0.351085066795349
"948","France","FRA",2002,12.5882253564699,46610.7820717214,61847394,-0.360322564840317
"949","France","FRA",2003,13.1617161070968,46730.975806379,62288899,-0.330455005168915
"950","France","FRA",2004,13.4345625176602,47720.4413351103,62749003,1.54287326335907
"951","France","FRA",2005,13.6764014740518,48257.4650937971,63221847,0.0335545800626277
"952","France","FRA",2006,13.5040483528712,49223.247197008,63662444,0.518539011478424
"953","France","FRA",2007,13.6091485681362,50157.7837477634,64056624,0.190878644585609
"954","France","FRA",2008,13.6209893665976,50068.2969141379,64415237,-1.30039751529694
"955","France","FRA",2009,12.887409734348,48404.9657826363,64747011,-2.97040224075317
"956","France","FRA",2010,12.2101596534503,49130.422942344,65067033,0.968323707580566
"957","France","FRA",2011,12.6491140742159,50085.6829779109,65381583,0.716624021530151
"958","France","FRA",2012,12.4252337573567,49935.6269081617,65698266,-0.879574000835419
"959","France","FRA",2013,12.428652116365,50066.5304324783,66037928,-0.450586885213852
"960","France","FRA",2014,11.7929266478458,50326.567863089,66347328,-0.308593332767487
"961","France","FRA",2015,11.4621207129928,50682.8953586333,66583292,0.0241956021636724
"962","France","FRA",2016,11.4792142608951,50984.075297832,66758915,-0.377574563026428
"963","France","FRA",2017,11.5877803520766,51895.5662985838,66952516,0.461287140846252
"964","France","FRA",2018,11.4899625514303,52560.9536243841,67192200,0.0055500394664704
"965","France","FRA",2019,11.285565461776,53448.5548849943,67421122,NA
"966","France","FRA",2020,10.2813405209023,49311.333409639,67603660,NA
"967","Gabon","GAB",2000,13.1416077952747,21717.2240796789,1272935,-3.07667636871338
"968","Gabon","GAB",2001,13.3566356533196,21604.7804441769,1306590,0.620895266532898
"969","Gabon","GAB",2002,14.3127415605104,20981.4798584466,1341696,-4.06065893173218
"970","Gabon","GAB",2003,15.4860731760336,20875.4549325844,1378398,-0.857460975646973
"971","Gabon","GAB",2004,14.9906959625349,20438.9307066593,1417110,2.64388394355774
"972","Gabon","GAB",2005,15.1228188480977,20385.2899909124,1458353,5.09140539169312
"973","Gabon","GAB",2006,14.4378861566661,19224.1268658387,1502534,-5.00194215774536
"974","Gabon","GAB",2007,14.2560842505032,19751.876221581,1549774,3.55418872833252
"975","Gabon","GAB",2008,14.7838066182123,18493.0921102783,1599978,-6.09070110321045
"976","Gabon","GAB",2009,15.8145318958106,17911.1458491118,1653542,-1.61028063297272
"977","Gabon","GAB",2010,15.0154837529959,18530.5760935497,1711105,2.21204137802124
"978","Gabon","GAB",2011,12.8541945590197,19153.0878200945,1772500,1.60978877544403
"979","Gabon","GAB",2012,11.9022022547055,19450.402706679,1836705,0.217733934521675
"980","Gabon","GAB",2013,14.0054275090012,19836.455485141,1902226,1.64191460609436
"981","Gabon","GAB",2014,15.0015926496197,20008.9899778716,1966855,0.558593571186066
"982","Gabon","GAB",2015,15.1366767612152,20147.7116201795,2028517,2.73689842224121
"983","Gabon","GAB",2016,13.43747529149,19988.1755963186,2086206,1.23538684844971
"984","Gabon","GAB",2017,12.2642711204818,19555.707882916,2140215,-0.0758776664733886
"985","Gabon","GAB",2018,11.1231315926148,19225.5982574678,2192012,-0.464552581310272
"986","Gabon","GAB",2019,11.0939640910028,19491.4067631396,2242785,NA
"987","Gabon","GAB",2020,10.8085260126296,18681.4840738546,2292573,NA
"988","Georgia","GEO",2000,3.61378686192612,5706.27236527837,4077131,-2.02223992347717
"989","Georgia","GEO",2001,3.47273265694974,6074.08643017282,4014373,3.17308926582336
"990","Georgia","GEO",2002,3.55920771894099,6464.32539672648,3978515,6.19938564300537
"991","Georgia","GEO",2003,3.6734963382749,7227.73705960701,3951736,9.97429180145264
"992","Georgia","GEO",2004,3.7570011242183,7693.91525392067,3927340,3.72059226036072
"993","Georgia","GEO",2005,3.86379428280209,8485.58670534953,3902469,7.00455904006958
"994","Georgia","GEO",2006,4.27430754868845,9337.98906420101,3880347,6.4272985458374
"995","Georgia","GEO",2007,4.78745527300797,10567.2747164758,3860158,9.36248683929443
"996","Georgia","GEO",2008,4.96841608814405,10856.1031328003,3848449,4.34279108047485
"997","Georgia","GEO",2009,4.40790912730167,10553.0896395853,3814419,-5.15497016906738
"998","Georgia","GEO",2010,4.2154916038321,11294.3685917112,3786695,6.45533180236816
"999","Georgia","GEO",2011,4.81316994839573,12288.6828861156,3756441,4.08959341049194
"1000","Georgia","GEO",2012,5.14972741200215,13193.9596974054,3728874,2.71872043609619
"1001","Georgia","GEO",2013,4.96904012982101,13913.0018245661,3717668,2.34381079673767
"1002","Georgia","GEO",2014,5.3891846035347,14475.3135356035,3719414,1.29995226860046
"1003","Georgia","GEO",2015,5.13053891223206,14936.8434116647,3725276,-0.159582272171974
"1004","Georgia","GEO",2016,5.07972842670263,15442.9564358054,3727505,0.988532245159149
"1005","Georgia","GEO",2017,4.76436372733648,16237.6242230275,3728004,2.76459431648254
"1006","Georgia","GEO",2018,4.89372637466425,17228.6790847503,3726549,0.962492942810059
"1007","Georgia","GEO",2019,4.77475228412034,18186.8816465807,3720161,NA
"1008","Georgia","GEO",2020,5.14567675237397,17031.1440283426,3722716,NA
"1009","Germany","DEU",2000,17.7050225318196,49979.1331725952,82211508,0.0184946823865175
"1010","Germany","DEU",2001,17.2531172142719,50711.6804711795,82349925,0.839677572250366
"1011","Germany","DEU",2002,16.806287900798,50510.9059526937,82488495,-0.601102530956268
"1012","Germany","DEU",2003,17.650259599312,50215.4253930358,82534176,-0.568390667438507
"1013","Germany","DEU",2004,17.5294840675463,50810.1431030412,82516260,0.38049727678299
"1014","Germany","DEU",2005,17.2550317441026,51289.2800426687,82469422,0.0884842425584793
"1015","Germany","DEU",2006,17.8523503085419,53326.9769360948,82376451,2.40808272361755
"1016","Germany","DEU",2007,17.4068734629545,54941.6017527234,82266372,0.978716194629669
"1017","Germany","DEU",2008,17.5875388441513,55547.3107476973,82110097,-0.666038691997528
"1018","Germany","DEU",2009,16.3051672585853,52600.2325169242,81902307,-6.24617719650269
"1019","Germany","DEU",2010,16.9788710050473,54865.4305267761,81776930,3.4175808429718
"1020","Germany","DEU",2011,17.2433764092146,57992.3667447647,80274983,2.48482346534729
"1021","Germany","DEU",2012,16.9868329659372,58158.1379700188,80425823,-0.717738807201385
"1022","Germany","DEU",2013,17.2973811979107,58223.6495302747,80645605,-0.289109170436859
"1023","Germany","DEU",2014,16.591947796234,59239.3401017561,80982500,1.2375031709671
"1024","Germany","DEU",2015,15.9409140180016,59699.3381223014,81686611,0.639759600162506
"1025","Germany","DEU",2016,16.1399765868813,60578.2870698037,82348669,0.840096414089203
"1026","Germany","DEU",2017,16.074558437461,61991.4973083418,82657002,0.95726728439331
"1027","Germany","DEU",2018,16.2308750615202,62495.4989453146,82905782,0.119611077010632
"1028","Germany","DEU",2019,15.7029088645232,62970.7160913279,83092962,NA
"1029","Germany","DEU",2020,14.8511184279716,60342.6627037391,83160871,NA
"1030","Ghana","GHA",2000,1.9255941565435,3327.35199291767,19665502,NA
"1031","Ghana","GHA",2001,1.93085087686603,3369.50702508212,20195577,NA
"1032","Ghana","GHA",2002,1.93541764169039,3425.61820934278,20758326,NA
"1033","Ghana","GHA",2003,2.00900779786228,3507.75105744843,21329514,NA
"1034","Ghana","GHA",2004,1.94068005598508,3607.36522285021,21906444,NA
"1035","Ghana","GHA",2005,1.99014775211926,3721.30785741996,22496951,NA
"1036","Ghana","GHA",2006,2.30398061057583,3857.86154847605,23098586,NA
"1037","Ghana","GHA",2007,2.10163766859816,3923.12567803728,23708320,NA
"1038","Ghana","GHA",2008,2.14154465642554,4174.78124103364,24326087,NA
"1039","Ghana","GHA",2009,1.87587312682957,4269.16005861557,24950762,NA
"1040","Ghana","GHA",2010,2.12438247992161,4495.68916584106,25574719,NA
"1041","Ghana","GHA",2011,2.41218362942509,5005.36732498187,26205941,NA
"1042","Ghana","GHA",2012,2.53997396693239,5339.71321903045,26858762,NA
"1043","Ghana","GHA",2013,2.4311726841047,5593.77481886917,27525597,NA
"1044","Ghana","GHA",2014,2.17308834782994,5619.07233511591,28196358,NA
"1045","Ghana","GHA",2015,2.34907576253918,5607.36635657413,28870939,NA
"1046","Ghana","GHA",2016,2.48353916188763,5666.07795334591,29554303,NA
"1047","Ghana","GHA",2017,2.50637617592397,5993.63085211077,30222262,NA
"1048","Ghana","GHA",2018,2.5678954640987,6234.51208201488,30870641,NA
"1049","Ghana","GHA",2019,2.69416420716133,6508.24652305901,31522290,NA
"1050","Ghana","GHA",2020,2.37723105376323,6412.68541762469,32180401,NA
"1051","Greece","GRC",2000,14.5778921662343,31386.639783624,10805808,1.42263877391815
"1052","Greece","GRC",2001,14.3735653267588,32675.9292327768,10862132,1.61224865913391
"1053","Greece","GRC",2002,15.131037629887,34081.0289759343,10902022,0.554497241973877
"1054","Greece","GRC",2003,16.1246529659754,35970.7016808475,10928070,2.54609799385071
"1055","Greece","GRC",2004,16.0234276066352,37811.4913664483,10955141,1.73348259925842
"1056","Greece","GRC",2005,16.1963837769448,38146.962971083,10987314,-1.34430599212646
"1057","Greece","GRC",2006,16.5108449897624,40483.1569225337,11020362,2.43873143196106
"1058","Greece","GRC",2007,17.6922982314328,41796.2336918303,11048473,-0.159333258867264
"1059","Greece","GRC",2008,17.4746469083376,41709.3877420312,11077841,-3.05767941474915
"1060","Greece","GRC",2009,15.5776854866424,39886.2135496664,11107017,-5.38553476333618
"1061","Greece","GRC",2010,14.1915406086283,37566.7483686263,11121341,-5.0111346244812
"1062","Greece","GRC",2011,13.2864199319435,33906.4917435676,11104899,-5.96731424331665
"1063","Greece","GRC",2012,12.0692367583638,31250.2268565956,11045011,-3.73396611213684
"1064","Greece","GRC",2013,11.1554707717805,30762.4432227813,10965211,-1.421710729599
"1065","Greece","GRC",2014,10.9059228718179,31213.3765120298,10892413,0.585414350032806
"1066","Greece","GRC",2015,10.459892469673,31347.976574604,10820883,-0.655562818050385
"1067","Greece","GRC",2016,10.4121710010449,31468.6198471099,10775971,-0.329849481582642
"1068","Greece","GRC",2017,10.5610723066001,31995.4108838386,10754679,0.507331609725952
"1069","Greece","GRC",2018,10.6979519740852,32722.3310444029,10732882,1.04983508586884
"1070","Greece","GRC",2019,10.0973049959797,33502.7506488997,10721582,NA
"1071","Greece","GRC",2020,9.530198414262,30487.1129331045,10698599,NA
"1072","Guatemala","GTM",2000,4.29157556898393,8770.40383759823,11589761,-0.536054074764252
"1073","Guatemala","GTM",2001,4.33878074990181,8771.15495669343,11871565,-0.880886614322662
"1074","Guatemala","GTM",2002,4.79332522703408,8901.53608497848,12147518,0.646228909492493
"1075","Guatemala","GTM",2003,4.82225520563568,8926.15332610861,12415334,-0.421841353178024
"1076","Guatemala","GTM",2004,4.98114728710102,9003.85693390192,12682108,0.112093634903431
"1077","Guatemala","GTM",2005,4.91597426946833,9099.72302959969,12948292,0.414324015378952
"1078","Guatemala","GTM",2006,4.63187100496726,9386.00088013675,13213330,0.659529030323029
"1079","Guatemala","GTM",2007,4.67339893707395,9772.8051121689,13477017,1.55263876914978
"1080","Guatemala","GTM",2008,4.60284966634177,9889.57181842261,13739299,-0.649967014789581
"1081","Guatemala","GTM",2009,4.76382237980743,9740.70908421704,14000190,-2.2125256061554
"1082","Guatemala","GTM",2010,4.65018778497855,9825.01740019293,14259687,-0.062951810657978
"1083","Guatemala","GTM",2011,5.20400648429775,10032.0883470849,14521515,1.24078667163849
"1084","Guatemala","GTM",2012,4.7029698898072,10126.8280741235,14781942,-4.48538160324097
"1085","Guatemala","GTM",2013,4.77972956985114,10297.8392855208,15043981,3.97380828857422
"1086","Guatemala","GTM",2014,4.93281453949644,10553.5639314956,15306316,0.268678724765778
"1087","Guatemala","GTM",2015,5.02731327513652,10785.9581523698,15567419,0.786913394927979
"1088","Guatemala","GTM",2016,5.22258881009347,10872.5936799844,15827690,-0.625189065933228
"1089","Guatemala","GTM",2017,5.15352638221176,11005.459077705,16087418,-0.834668755531311
"1090","Guatemala","GTM",2018,5.24074996746722,11192.3717280854,16346950,-0.530579686164856
"1091","Guatemala","GTM",2019,5.34811505292015,11466.3762560987,16604026,NA
"1092","Guatemala","GTM",2020,5.16573957199087,11097.1500739277,16858333,NA
"1093","Guinea","GIN",2000,3.50640147688031,2358.28765608495,8336967,-3.79234933853149
"1094","Guinea","GIN",2001,3.47732939587218,2412.75161959628,8445717,0.468956798315048
"1095","Guinea","GIN",2002,3.54365325826556,2498.13177495102,8577790,0.942868173122406
"1096","Guinea","GIN",2003,3.38018862136291,2473.23418295471,8772254,-3.20989322662354
"1097","Guinea","GIN",2004,3.45619737799395,2477.50282602363,8961039,-5.65320920944214
"1098","Guinea","GIN",2005,3.33272488658434,2501.22160456279,9140114,-4.03295421600342
"1099","Guinea","GIN",2006,3.37311081139566,2478.61319510726,9330625,-5.62756538391113
"1100","Guinea","GIN",2007,3.56648793398018,2587.0048887648,9547082,-2.91026282310486
"1101","Guinea","GIN",2008,3.45831832163808,2629.5397474637,9779785,-2.56575465202332
"1102","Guinea","GIN",2009,3.55625965120666,2537.30645758746,10021323,-9.71589660644531
"1103","Guinea","GIN",2010,3.61892812797024,2594.83050344245,10270728,0.464146107435226
"1104","Guinea","GIN",2011,3.63085404127906,2673.40873029955,10527712,-11.1482591629028
"1105","Guinea","GIN",2012,3.65807959018364,2762.90350938513,10788692,-7.14530181884766
"1106","Guinea","GIN",2013,3.7648128814284,2802.56007024474,11055430,-9.3898115158081
"1107","Guinea","GIN",2014,3.72406452504337,2834.96634347846,11333365,-2.42299962043762
"1108","Guinea","GIN",2015,3.84655379538976,2869.85157178732,11625998,-2.74421358108521
"1109","Guinea","GIN",2016,4.05210554966767,3099.78874189372,11930985,-8.60015964508057
"1110","Guinea","GIN",2017,3.7517943093093,3332.76576150531,12240789,5.52548456192017
"1111","Guinea","GIN",2018,3.71816948171247,3455.64512638662,12554864,2.45750212669373
"1112","Guinea","GIN",2019,3.86333078295809,3557.46233883145,12877539,NA
"1113","Guinea","GIN",2020,3.86595985503341,3630.99330577677,13205153,NA
"1114","Haiti","HTI",2000,2.44072887936937,3256.62946976622,8360225,NA
"1115","Haiti","HTI",2001,2.41752234738211,3186.83391085521,8511728,NA
"1116","Haiti","HTI",2002,2.40800556331215,3163.58995198594,8661546,NA
"1117","Haiti","HTI",2003,2.39619455990099,3216.80164457879,8812245,NA
"1118","Haiti","HTI",2004,2.376523904401,3120.84410958207,8961489,NA
"1119","Haiti","HTI",2005,2.36550469777894,3163.11380246538,9111900,NA
"1120","Haiti","HTI",2006,2.53340545192256,3164.82372941453,9266288,NA
"1121","Haiti","HTI",2007,2.56397586380884,3258.36633663299,9420826,NA
"1122","Haiti","HTI",2008,2.53827105517737,3289.70539010892,9575247,NA
"1123","Haiti","HTI",2009,2.55422250875229,3426.38912318297,9730638,NA
"1124","Haiti","HTI",2010,2.78497260594889,3195.24820723659,9842880,NA
"1125","Haiti","HTI",2011,2.77551231124252,3320.34680581165,9954312,NA
"1126","Haiti","HTI",2012,2.80073344614241,3285.70754602266,10108539,NA
"1127","Haiti","HTI",2013,2.74637526161106,3376.63982000485,10261206,NA
"1128","Haiti","HTI",2014,2.81437750857612,3423.65317734526,10412740,NA
"1129","Haiti","HTI",2015,2.78101789292526,3422.09748627768,10563757,NA
"1130","Haiti","HTI",2016,2.86165912042077,3435.73122444055,10713849,NA
"1131","Haiti","HTI",2017,2.84857882549167,3474.34692898372,10863543,NA
"1132","Haiti","HTI",2018,2.87023569398486,3485.69687548702,11012421,NA
"1133","Haiti","HTI",2019,2.77065884103683,3381.584787365,11160438,NA
"1134","Haiti","HTI",2020,2.69650205224839,3229.47554356606,11306801,NA
"1135","Honduras","HND",2000,3.08779411116076,4579.68960840984,6656725,4.42879962921143
"1136","Honduras","HND",2001,3.19203262152565,4578.94787944773,6837861,0.22418200969696
"1137","Honduras","HND",2002,3.24848364255616,4627.02278723456,7019908,0.390283763408661
"1138","Honduras","HND",2003,3.08014888031677,4714.86701000971,7201881,1.81096923351288
"1139","Honduras","HND",2004,3.23273400650136,4885.34258343422,7383407,2.14545464515686
"1140","Honduras","HND",2005,3.18497748748253,5056.67544412551,7564613,1.27504599094391
"1141","Honduras","HND",2006,3.21306806765641,5263.15029099578,7745200,2.23034453392029
"1142","Honduras","HND",2007,3.55827185663939,5461.90151889031,7924462,1.00095295906067
"1143","Honduras","HND",2008,3.52929709954311,5566.70639487722,8101777,-1.08431422710419
"1144","Honduras","HND",2009,3.4729140388752,5313.75573967791,8277302,-6.13910913467407
"1145","Honduras","HND",2010,3.38423114337525,5396.07227927744,8450933,0.0776076689362526
"1146","Honduras","HND",2011,3.45570946318117,5488.43371596332,8622504,1.86452555656433
"1147","Honduras","HND",2012,3.3938242698784,5600.6077605497,8792367,0.506050109863281
"1148","Honduras","HND",2013,3.36571910396292,5644.13384802045,8960657,-3.41160464286804
"1149","Honduras","HND",2014,3.4156961903582,5705.16246265484,9127846,-1.26694023609161
"1150","Honduras","HND",2015,3.45968530897935,5812.5348879105,9294505,-1.15716421604156
"1151","Honduras","HND",2016,3.45744331403179,5926.49025534228,9460798,0.755872368812561
"1152","Honduras","HND",2017,3.34028911517129,6099.60734919414,9626842,-0.74242240190506
"1153","Honduras","HND",2018,3.33555986241833,6219.27973775059,9792850,-1.84468674659729
"1154","Honduras","HND",2019,3.21908887130598,6264.01884276715,9958829,NA
"1155","Honduras","HND",2020,2.98524393476862,5603.26398377777,10121763,NA
"1156","Hungary","HUN",2000,8.38546844930445,22117.9204303193,10210971,1.67795133590698
"1157","Hungary","HUN",2001,8.50393299229123,23069.2114730987,10187576,2.00046801567078
"1158","Hungary","HUN",2002,9.10798545353787,24229.2953575981,10158608,2.72991871833801
"1159","Hungary","HUN",2003,9.65715917890949,25255.8711300567,10129552,2.07372641563416
"1160","Hungary","HUN",2004,9.90197339175985,26568.118861864,10107146,3.36822462081909
"1161","Hungary","HUN",2005,10.0641144843587,27765.7886146197,10087065,2.45335125923157
"1162","Hungary","HUN",2006,9.94905713101227,28903.0475407078,10071370,1.81608724594116
"1163","Hungary","HUN",2007,9.71802899113588,29044.0669021254,10055780,-1.82930195331573
"1164","Hungary","HUN",2008,9.51447694648815,29384.0070385818,10038188,0.589556872844696
"1165","Hungary","HUN",2009,8.64248558243683,27445.959458479,10022650,-6.5658130645752
"1166","Hungary","HUN",2010,8.7158758362772,27801.833816111,10000023,0.404816955327988
"1167","Hungary","HUN",2011,8.52040561526043,28415.1173442897,9971727,1.17326903343201
"1168","Hungary","HUN",2012,8.04160262115571,28179.656464434,9920362,-2.1847448348999
"1169","Hungary","HUN",2013,7.96787830811838,28891.0217544976,9893082,0.442754864692688
"1170","Hungary","HUN",2014,8.05046755455595,30264.9492302161,9866468,0.0508606657385826
"1171","Hungary","HUN",2015,8.11651964815215,31485.5675425634,9843028,1.14533364772797
"1172","Hungary","HUN",2016,8.25623687297773,32378.9674983075,9814023,-0.520074367523193
"1173","Hungary","HUN",2017,8.54722606632193,33828.714942571,9787966,1.81806528568268
"1174","Hungary","HUN",2018,8.79858729078014,35798.0412754022,9775564,2.28819441795349
"1175","Hungary","HUN",2019,9.18181377482502,37662.67681014,9771141,NA
"1176","Hungary","HUN",2020,8.9241433908334,36119.5211735652,9750149,NA
"1177","Iceland","ISL",2000,20.6149738106954,47771.2127819391,281205,0.770627319812775
"1178","Iceland","ISL",2001,18.2251051040577,49032.3728944983,284968,0.564996838569641
"1179","Iceland","ISL",2002,17.9850935553717,48868.5667737394,287523,0.547014772891998
"1180","Iceland","ISL",2003,20.5626797337138,49571.1971626721,289521,0.832353174686432
"1181","Iceland","ISL",2004,21.4364152191117,52971.8336511963,292074,5.97361135482788
"1182","Iceland","ISL",2005,26.9187489925968,55333.2273812395,296734,0.36319175362587
"1183","Iceland","ISL",2006,24.9877650987991,57463.7495432513,303782,-1.78072476387024
"1184","Iceland","ISL",2007,24.342075066714,60765.2035973036,311566,3.41604828834534
"1185","Iceland","ISL",2008,19.1050066237338,60963.5412791154,317414,-0.102123744785786
"1186","Iceland","ISL",2009,15.1972033803238,56099.6490451987,318499,0.600387156009674
"1187","Iceland","ISL",2010,15.4806253425665,54588.9709277635,318041,-3.11085557937622
"1188","Iceland","ISL",2011,16.126169501689,55426.9919820409,319014,-1.19278132915497
"1189","Iceland","ISL",2012,15.9266361342084,55719.260961721,320716,-0.293391972780228
"1190","Iceland","ISL",2013,16.0630329976037,57707.422120467,323764,2.13664603233337
"1191","Iceland","ISL",2014,16.142477523849,58031.8586754801,327386,-0.273642480373383
"1192","Iceland","ISL",2015,16.2764367387085,59978.3315663231,330815,1.06299149990082
"1193","Iceland","ISL",2016,16.557335834731,62880.2627220515,335439,2.37309432029724
"1194","Iceland","ISL",2017,17.7452542685267,63999.1604652884,343400,0.181088984012604
"1195","Iceland","ISL",2018,17.6824554687966,65354.2615670932,352721,0.951608121395111
"1196","Iceland","ISL",2019,16.5835038144337,65122.7549510716,360563,NA
"1197","Iceland","ISL",2020,13.9871272226868,59627.2423412661,366463,NA
"1198","India","IND",2000,2.3998650995016,3099.5028215766,1059633675,0.800192832946777
"1199","India","IND",2001,2.43219107238076,3188.81024020636,1078970907,-0.281724274158478
"1200","India","IND",2002,2.36326986600634,3250.69565544917,1098313039,0.305254250764847
"1201","India","IND",2003,2.34551191437641,3445.92592352395,1117415123,1.87832176685333
"1202","India","IND",2004,2.38271220484478,3656.12620652098,1136264583,2.08793210983276
"1203","India","IND",2005,2.39329578968173,3881.9661798273,1154638713,4.37102937698364
"1204","India","IND",2006,2.47296315195679,4129.77837009239,1172373788,4.8010196685791
"1205","India","IND",2007,2.57911365164069,4379.69604361151,1189691809,5.00421571731567
"1206","India","IND",2008,2.59031290132125,4450.39022919238,1206734806,1.71100962162018
"1207","India","IND",2009,2.71126508547646,4731.36160463896,1223640160,0.715838730335236
"1208","India","IND",2010,2.78380022384131,5059.2827108398,1240613620,5.69229459762573
"1209","India","IND",2011,2.80578935816362,5249.54925694026,1257621191,1.7131689786911
"1210","India","IND",2012,2.88259283400914,5460.43768570052,1274487215,1.05651140213013
"1211","India","IND",2013,2.81556820167691,5732.24189090876,1291132063,2.23008942604065
"1212","India","IND",2014,2.93501978016354,6079.84393523695,1307246509,3.11102151870728
"1213","India","IND",2015,3.00255985194011,6488.14602910787,1322866505,3.54182004928589
"1214","India","IND",2016,3.02490891344551,6940.62588857522,1338636340,4.40361785888672
"1215","India","IND",2017,3.13597394837818,7326.60693679859,1354195680,2.6726291179657
"1216","India","IND",2018,3.19531001531307,7714.33974724531,1369003306,2.98000121116638
"1217","India","IND",2019,3.17688481769943,7930.0911303899,1383112050,NA
"1218","India","IND",2020,3.01322096367491,7399.53068079041,1396387127,NA
"1219","Indonesia","IDN",2000,3.43768832096855,6056.38197842165,214072421,1.46633756160736
"1220","Indonesia","IDN",2001,3.52899608617697,6190.51954040991,217112437,0.578994989395142
"1221","Indonesia","IDN",2002,3.60343419286345,6381.94955179996,220115092,1.33948194980621
"1222","Indonesia","IDN",2003,4.05294163429299,6599.09193597034,223080121,1.56697130203247
"1223","Indonesia","IDN",2004,3.98062990881313,6843.54654972364,225938595,1.42507100105286
"1224","Indonesia","IDN",2005,3.96809847293441,7140.8545640704,228805144,2.22642970085144
"1225","Indonesia","IDN",2006,3.93583250005586,7434.48785352221,231797427,1.55975675582886
"1226","Indonesia","IDN",2007,4.05290841294885,7802.46406905954,234858289,0.775263547897339
"1227","Indonesia","IDN",2008,4.15715324248239,8165.06155116624,237936543,0.968832433223724
"1228","Indonesia","IDN",2009,4.14129898736174,8435.4557468629,240981299,0.296893268823624
"1229","Indonesia","IDN",2010,4.30653633231061,8848.22473702066,244016173,1.56386816501617
"1230","Indonesia","IDN",2011,4.48637859362519,9274.96955181702,247099697,2.97207689285278
"1231","Indonesia","IDN",2012,4.56030522377501,9708.61182531081,250222695,2.82959651947021
"1232","Indonesia","IDN",2013,4.39287349333177,10121.8141535043,253275918,2.29026961326599
"1233","Indonesia","IDN",2014,4.45231024999172,10504.3869411088,256229761,2.01429748535156
"1234","Indonesia","IDN",2015,4.35882256175956,10893.6621142169,259091970,2.64772915840149
"1235","Indonesia","IDN",2016,4.26193097204508,11319.6634287738,261850182,1.12799036502838
"1236","Indonesia","IDN",2017,4.35901518651056,11772.5743296107,264498852,1.65864276885986
"1237","Indonesia","IDN",2018,4.56997147339219,12262.2310300771,267066843,1.97937488555908
"1238","Indonesia","IDN",2019,4.62283344715579,12757.7850854842,269582878,NA
"1239","Indonesia","IDN",2020,4.39121339434275,12388.5449268131,271857970,NA
"1240","Iran","IRN",2000,7.19050125747131,NA,65544383,NA
"1241","Iran","IRN",2001,7.31567156790333,NA,66674851,NA
"1242","Iran","IRN",2002,7.65591674570025,NA,67327117,NA
"1243","Iran","IRN",2003,8.4392794266511,NA,67954699,NA
"1244","Iran","IRN",2004,8.95685093811284,NA,69061674,NA
"1245","Iran","IRN",2005,8.71776284131419,NA,70182594,NA
"1246","Iran","IRN",2006,9.26236025840491,NA,71275760,NA
"1247","Iran","IRN",2007,9.69674311868108,NA,72319418,NA
"1248","Iran","IRN",2008,9.52638028253895,NA,73318394,NA
"1249","Iran","IRN",2009,9.99281876034797,NA,74322685,NA
"1250","Iran","IRN",2010,9.88767612203494,NA,75373855,NA
"1251","Iran","IRN",2011,9.84513793678724,NA,76342971,NA
"1252","Iran","IRN",2012,10.2652063329357,NA,77324451,NA
"1253","Iran","IRN",2013,10.070330888265,NA,78458928,NA
"1254","Iran","IRN",2014,9.95445264984956,NA,79961672,NA
"1255","Iran","IRN",2015,9.9418367415229,NA,81790841,NA
"1256","Iran","IRN",2016,9.8732950497631,NA,83306231,NA
"1257","Iran","IRN",2017,10.349658593706,NA,84505076,NA
"1258","Iran","IRN",2018,10.1258874373285,NA,85617562,NA
"1259","Iran","IRN",2019,10.294083552293,NA,86564202,NA
"1260","Iran","IRN",2020,10.6656597230489,NA,87290193,NA
"1261","Iraq","IRQ",2000,3.0376905882377,12702.1641950921,24628858,-3.04448127746582
"1262","Iraq","IRQ",2001,4.21222065482882,12529.6084051005,25425663,-12.4772272109985
"1263","Iraq","IRQ",2002,3.42719626102078,11144.0505255928,26255343,-19.8716602325439
"1264","Iraq","IRQ",2003,3.73253543099118,6849.33200800508,27068823,-57.4652557373047
"1265","Iraq","IRQ",2004,4.77215473820609,10210.5631004959,27858948,29.9958381652832
"1266","Iraq","IRQ",2005,5.45546791256045,10078.4437646837,28698684,-3.38985228538513
"1267","Iraq","IRQ",2006,4.5927349561283,10568.9137652977,28905607,-3.64483642578125
"1268","Iraq","IRQ",2007,4.45535854813848,10853.8161022311,28660887,2.10015845298767
"1269","Iraq","IRQ",2008,5.05877329147775,11511.9387643664,29218381,1.17181730270386
"1270","Iraq","IRQ",2009,6.02841914276253,11470.5178061755,30289040,-13.0192956924438
"1271","Iraq","IRQ",2010,6.04905512125735,11816.841015026,31264875,14.1281261444092
"1272","Iraq","IRQ",2011,6.22326584366161,12267.5848940673,32378061,8.48630809783936
"1273","Iraq","IRQ",2012,6.73644678671201,13357.0143882353,33864447,11.9184741973877
"1274","Iraq","IRQ",2013,6.46808089712515,13712.9317142992,35481800,0.649973154067993
"1275","Iraq","IRQ",2014,6.52463617135782,13536.8227681431,36746488,-5.73505830764771
"1276","Iraq","IRQ",2015,6.25044596688677,13516.0271989204,37757813,-4.76945447921753
"1277","Iraq","IRQ",2016,6.66799845921229,15016.0920644592,38697943,10.8738346099854
"1278","Iraq","IRQ",2017,6.7072368526073,14417.6306896487,39621162,-3.86069464683533
"1279","Iraq","IRQ",2018,6.78979228782243,14456.2357053224,40590700,-3.23918461799622
"1280","Iraq","IRQ",2019,7.12929529962012,14910.2250318887,41563520,NA
"1281","Iraq","IRQ",2020,6.30277415836026,12827.6345392323,42556984,NA
"1282","Ireland","IRL",2000,17.3568958127625,53744.5427002707,3805174,3.15290689468384
"1283","Ireland","IRL",2001,17.2277469958666,55702.171672264,3866243,0.17537759244442
"1284","Ireland","IRL",2002,17.3020882831707,58002.5358062034,3931947,1.65808725357056
"1285","Ireland","IRL",2003,17.7978568309673,58785.2141241344,3996521,-1.34263706207275
"1286","Ireland","IRL",2004,18.3178023424745,61638.3289592243,4070262,1.39755368232727
"1287","Ireland","IRL",2005,18.8540362247099,63771.5955065241,4159914,-0.952472984790802
"1288","Ireland","IRL",2006,19.6574309165978,65171.5036127249,4273591,-1.47161936759949
"1289","Ireland","IRL",2007,19.6155202504265,66676.4632636923,4398942,-0.565941751003265
"1290","Ireland","IRL",2008,18.7946245477184,62401.4051985652,4489544,-6.62002897262573
"1291","Ireland","IRL",2009,16.6132010609778,58623.1183119794,4535375,-2.50724124908447
"1292","Ireland","IRL",2010,16.0258125489562,59285.8083302601,4560155,3.13402009010315
"1293","Ireland","IRL",2011,14.9162169016961,60001.0778444531,4580084,0.159588381648064
"1294","Ireland","IRL",2012,14.0945860365578,59508.9965462958,4599533,-1.17151963710785
"1295","Ireland","IRL",2013,13.8264484232091,60494.162753994,4623816,-1.41160070896149
"1296","Ireland","IRL",2014,14.1458891084477,65660.1827647106,4657740,4.67088747024536
"1297","Ireland","IRL",2015,14.8227914105842,81053.3527776744,4701957,16.6432514190674
"1298","Ireland","IRL",2016,17.1563892069254,80997.582776769,4755335,-4.98120546340942
"1299","Ireland","IRL",2017,16.4318170941901,87942.4452615644,4807388,4.1832594871521
"1300","Ireland","IRL",2018,16.2979873934439,93214.3353844572,4867316,4.63831043243408
"1301","Ireland","IRL",2019,20.2649578331238,96369.6445790006,4934340,NA
"1302","Ireland","IRL",2020,18.2846226892733,101970.812553816,4985382,NA
"1303","Israel","ISR",2000,16.7539210916553,33275.0631655978,6289000,2.46523666381836
"1304","Israel","ISR",2001,16.2994179476256,32590.2286180761,6439000,-2.39751482009888
"1305","Israel","ISR",2002,15.7120157914116,31897.5848832705,6570000,-1.72230303287506
"1306","Israel","ISR",2003,15.3154173121988,31780.7796080985,6689700,-0.655613362789154
"1307","Israel","ISR",2004,14.919583665287,32675.2080644863,6809000,2.06784105300903
"1308","Israel","ISR",2005,14.5767395036497,33512.8909185546,6930100,0.540349364280701
"1309","Israel","ISR",2006,14.7841922431914,34770.0262786336,7053700,1.96332979202271
"1310","Israel","ISR",2007,15.1198351323107,36317.8525090071,7180100,1.07356631755829
"1311","Israel","ISR",2008,15.2289356772543,36827.9249156064,7308800,-1.03315460681915
"1312","Israel","ISR",2009,13.9313219188485,36403.1626371602,7485600,-1.69930136203766
"1313","Israel","ISR",2010,14.9672103031284,37722.4099869836,7623600,1.99788105487823
"1314","Israel","ISR",2011,15.3628752135368,39075.375376272,7765800,0.798383891582489
"1315","Israel","ISR",2012,15.5346849686721,39299.3515506546,7910500,-2.21102976799011
"1316","Israel","ISR",2013,14.5607077551785,40148.7774492867,8059500,0.564122557640076
"1317","Israel","ISR",2014,14.1194477781451,40872.5808449627,8215700,0.0799664333462715
"1318","Israel","ISR",2015,14.0235520296696,40967.3707596637,8380100,-1.0256814956665
"1319","Israel","ISR",2016,14.2872708932329,41963.675796165,8546000,0.227878093719482
"1320","Israel","ISR",2017,14.291320739071,42947.0586686984,8713300,-0.241791769862175
"1321","Israel","ISR",2018,14.3226403724446,43814.2949977965,8882800,0.558000564575195
"1322","Israel","ISR",2019,14.1169440388341,44580.8078825716,9054000,NA
"1323","Israel","ISR",2020,12.6545407806809,42915.9416939728,9215100,NA
"1324","Italy","ITA",2000,13.8530607517542,50353.4200415436,56942108,0.972315669059753
"1325","Italy","ITA",2001,13.5354515317114,51332.2904432567,56974100,-0.707267105579376
"1326","Italy","ITA",2002,14.1606074162918,51369.1149098293,57059007,-2.22411799430847
"1327","Italy","ITA",2003,14.7014084644709,51126.2585544038,57313203,-2.06001925468445
"1328","Italy","ITA",2004,14.6675323455895,51495.0028841364,57685327,-0.307665079832077
"1329","Italy","ITA",2005,14.7569654836586,51585.6445807938,57969484,-0.874975562095642
"1330","Italy","ITA",2006,14.8262934253126,52304.2402949819,58143979,-0.741838574409485
"1331","Italy","ITA",2007,14.8390761025203,52747.1905476807,58438310,-0.613554060459137
"1332","Italy","ITA",2008,14.3763306991326,51806.3906176391,58826731,-2.27264523506165
"1333","Italy","ITA",2009,12.9317629227608,48774.3916833748,59095365,-5.26322841644287
"1334","Italy","ITA",2010,13.1845841073713,49301.6959141674,59277417,1.22770512104034
"1335","Italy","ITA",2011,12.8667558665887,49473.0149235634,59379449,-0.143734335899353
"1336","Italy","ITA",2012,11.8231161850532,47795.9579360541,59539717,-3.27629160881042
"1337","Italy","ITA",2013,11.1659660691296,46833.3615309303,60233948,-1.1291663646698
"1338","Italy","ITA",2014,10.6439306779943,46825.6511245062,60789140,-0.385101288557053
"1339","Italy","ITA",2015,10.6460092823094,47311.8255262709,60730582,-0.0448009446263313
"1340","Italy","ITA",2016,10.6479449992869,47987.8379581014,60627498,-0.0175728593021631
"1341","Italy","ITA",2017,10.7574778801173,48849.2183534756,60536709,0.378269135951996
"1342","Italy","ITA",2018,10.8914185867744,49133.143527174,60421760,-0.350833863019943
"1343","Italy","ITA",2019,10.6594527732952,49690.6298505274,59729081,NA
"1344","Italy","ITA",2020,9.84942567686867,45505.0688708956,59438851,NA
"1345","Jamaica","JAM",2000,6.36194016456388,9518.23176270786,2612205,-0.24391907453537
"1346","Jamaica","JAM",2001,6.22681521252161,9585.31492008694,2625405,-0.360226064920425
"1347","Jamaica","JAM",2002,6.3874847127246,9716.89555675483,2638244,-0.114428512752056
"1348","Jamaica","JAM",2003,6.10462201685286,10012.2870477793,2651027,0.498827368021011
"1349","Jamaica","JAM",2004,5.74376241160845,10085.5908463419,2664024,-0.2961785197258
"1350","Jamaica","JAM",2005,5.73612417555392,10119.5337945035,2676863,-0.465055167675018
"1351","Jamaica","JAM",2006,5.6746858620526,10359.3160533723,2689660,0.451663166284561
"1352","Jamaica","JAM",2007,5.61551946057905,10457.972030237,2701221,-0.424443066120148
"1353","Jamaica","JAM",2008,5.36067268571716,10328.0398014352,2711373,-1.5027676820755
"1354","Jamaica","JAM",2009,4.70936917913511,9838.25107786462,2722401,-4.1437087059021
"1355","Jamaica","JAM",2010,4.70135951955495,9654.07238394554,2733896,-1.16602623462677
"1356","Jamaica","JAM",2011,4.90534031220227,9778.69453577348,2746169,1.13935446739197
"1357","Jamaica","JAM",2012,4.74272035779467,9676.84757123083,2759817,-0.513276100158691
"1358","Jamaica","JAM",2013,4.55989328525986,9687.60830353153,2773129,-0.324088603258133
"1359","Jamaica","JAM",2014,4.65273851126461,9719.30389895706,2784543,-1.65205574035645
"1360","Jamaica","JAM",2015,4.42891866700883,9778.11854236288,2794445,-0.261564880609512
"1361","Jamaica","JAM",2016,4.47149047429553,9886.55139264651,2802695,-0.605724215507507
"1362","Jamaica","JAM",2017,4.53303558261344,9964.391022519,2808376,-1.26611363887787
"1363","Jamaica","JAM",2018,4.75795360807057,10137.1110531558,2811835,-0.422023683786392
"1364","Jamaica","JAM",2019,4.88454530985673,10216.0655367181,2813773,NA
"1365","Jamaica","JAM",2020,4.72602655683391,9178.32077816518,2820436,NA
"1366","Japan","JPN",2000,15.8376032453502,39005.9136305044,126843000,1.71396040916443
"1367","Japan","JPN",2001,15.3136291724379,39062.2817355235,127149000,-0.62464314699173
"1368","Japan","JPN",2002,15.5256787618806,38987.9102707538,127445000,-0.107912413775921
"1369","Japan","JPN",2003,15.051319828746,39501.806782419,127718000,0.599763035774231
"1370","Japan","JPN",2004,15.4442938844018,40351.776374395,127761000,0.952112674713135
"1371","Japan","JPN",2005,15.5865921671175,41075.8243580849,127773000,0.17055843770504
"1372","Japan","JPN",2006,15.2718867331419,41613.1483821427,127854000,0.0446985550224781
"1373","Japan","JPN",2007,15.3811619885574,42182.1758636624,128001000,0.284574657678604
"1374","Japan","JPN",2008,14.9456528797092,41645.5722078975,128063000,-1.70335376262665
"1375","Japan","JPN",2009,13.8398751002086,39279.498871012,128047000,-5.10212087631226
"1376","Japan","JPN",2010,14.5273645690098,40881.7972423185,128070000,3.98074555397034
"1377","Japan","JPN",2011,15.1303064086247,40967.3431400832,127833000,-0.279381781816482
"1378","Japan","JPN",2012,15.669658180061,41596.9238038796,127629000,1.4262580871582
"1379","Japan","JPN",2013,15.4162780821124,42492.2439560498,127445000,1.25138688087463
"1380","Japan","JPN",2014,14.9693830373382,42674.6976301321,127276000,-0.47810634970665
"1381","Japan","JPN",2015,14.1724408102172,43386.7100739513,127141000,0.405671924352646
"1382","Japan","JPN",2016,14.0890766696198,43736.1305076612,127076000,-0.490514546632767
"1383","Japan","JPN",2017,13.8986023753134,44505.2792603684,126972000,0.742519855499268
"1384","Japan","JPN",2018,13.8938717397424,44848.4899421798,126811000,-0.961827516555786
"1385","Japan","JPN",2019,13.6833660143257,44730.9102844958,126633000,NA
"1386","Japan","JPN",2020,13.0912002386721,42992.4796365328,126261000,NA
"1387","Jordan","JOR",2000,5.70870627637542,8086.92202690853,5056174,0.811635732650757
"1388","Jordan","JOR",2001,5.73240521837108,8339.78581448441,5163310,2.82338881492615
"1389","Jordan","JOR",2002,5.7605932121993,8638.08033080173,5275532,3.34891033172607
"1390","Jordan","JOR",2003,6.3647863036951,8800.49674649158,5396117,1.08275437355042
"1391","Jordan","JOR",2004,6.63515897469772,9326.66839127919,5532423,3.85217475891113
"1392","Jordan","JOR",2005,6.75824473228798,9839.68834968723,5678534,1.50426387786865
"1393","Jordan","JOR",2006,5.84745028635489,9977.75903329275,6075548,2.59310293197632
"1394","Jordan","JOR",2007,5.86124418721241,10161.4021194103,6473457,0.0824163630604744
"1395","Jordan","JOR",2008,5.46092225375117,10641.5894255558,6632873,0.837114274501801
"1396","Jordan","JOR",2009,5.29380870867592,10938.5027244703,6780493,-1.32372713088989
"1397","Jordan","JOR",2010,5.32881820937631,10953.537631697,6931258,-1.76244914531708
"1398","Jordan","JOR",2011,5.57312178600964,10977.4820450868,7109980,-1.16322290897369
"1399","Jordan","JOR",2012,6.02298253845221,11086.0299443995,7211863,-1.61803138256073
"1400","Jordan","JOR",2013,5.87964847410177,10799.3538143329,7694814,-0.767141044139862
"1401","Jordan","JOR",2014,5.40549682003936,10148.99809876,8658026,-2.1434178352356
"1402","Jordan","JOR",2015,5.25428307009549,9581.68922567813,9494246,-1.06012415885925
"1403","Jordan","JOR",2016,4.98746522158453,9321.9045113153,9964656,-0.104161255061626
"1404","Jordan","JOR",2017,4.97325004170728,9339.81039725983,10215381,-1.00394248962402
"1405","Jordan","JOR",2018,4.55912269739693,9311.53116265584,10459865,-0.409215569496155
"1406","Jordan","JOR",2019,4.26290714921492,9288.52709103516,10698683,NA
"1407","Jordan","JOR",2020,4.13863315261291,9022.63930356769,10928721,NA
"1408","Kazakhstan","KAZ",2000,8.98454337946633,12935.864368308,14883626,5.62153148651123
"1409","Kazakhstan","KAZ",2001,9.55571878361492,14612.0290050498,14858335,6.42112827301025
"1410","Kazakhstan","KAZ",2002,10.2795465981792,15960.8738450013,14858948,7.10998153686523
"1411","Kazakhstan","KAZ",2003,10.2636758493386,17344.752672995,14909019,1.69983673095703
"1412","Kazakhstan","KAZ",2004,10.6283073823773,18886.5811908122,15012984,3.05624318122864
"1413","Kazakhstan","KAZ",2005,11.585145318969,20565.5294470866,15147029,4.22636651992798
"1414","Kazakhstan","KAZ",2006,12.5146807937409,22574.3429577665,15308085,7.79724645614624
"1415","Kazakhstan","KAZ",2007,13.3328574920199,24351.3464102542,15484192,0.458268702030182
"1416","Kazakhstan","KAZ",2008,13.7176079702039,24895.6645683245,15776938,2.40017509460449
"1417","Kazakhstan","KAZ",2009,15.121841047613,24901.3527260084,16092822,0.185762822628021
"1418","Kazakhstan","KAZ",2010,15.6793162637642,26374.8407672795,16321872,5.33451652526855
"1419","Kazakhstan","KAZ",2011,15.5144705042737,27946.1603432944,16557202,5.60621881484985
"1420","Kazakhstan","KAZ",2012,16.5651961162372,28881.2417563728,16792090,3.27241826057434
"1421","Kazakhstan","KAZ",2013,16.8564837876962,30177.4887221736,17035551,5.92295074462891
"1422","Kazakhstan","KAZ",2014,15.4397318172613,30986.4379168995,17288285,4.33311557769775
"1423","Kazakhstan","KAZ",2015,15.5802735676389,30893.7594851041,17542806,0.37044894695282
"1424","Kazakhstan","KAZ",2016,15.0458050518596,30758.3227260598,17794055,2.14067125320435
"1425","Kazakhstan","KAZ",2017,15.1985561744012,31524.4416339794,18037776,3.33476853370667
"1426","Kazakhstan","KAZ",2018,14.8966228791218,32330.2274546567,18276452,2.27369570732117
"1427","Kazakhstan","KAZ",2019,14.4751806000559,33298.2123695035,18513673,NA
"1428","Kazakhstan","KAZ",2020,14.0255472225691,32011.5491499004,18755666,NA
"1429","Kenya","KEN",2000,2.50888379699652,3756.63622296879,30851606,-0.526257932186127
"1430","Kenya","KEN",2001,2.54021214221678,3778.25854755615,31800343,-2.53588461875916
"1431","Kenya","KEN",2002,2.4643236508141,3681.2569427491,32779823,-2.75159931182861
"1432","Kenya","KEN",2003,2.44223273638135,3674.08592758409,33767122,0.0663726031780242
"1433","Kenya","KEN",2004,2.65643112681276,3743.56785736929,34791836,0.952764689922333
"1434","Kenya","KEN",2005,2.64231909170038,3844.73557120578,35843010,1.38544309139252
"1435","Kenya","KEN",2006,2.58874312817841,3970.73349887685,36925253,1.31797218322754
"1436","Kenya","KEN",2007,3.06867701534704,4116.45094720856,38036793,1.80359852313995
"1437","Kenya","KEN",2008,3.11904836823971,4002.88364073792,39186895,-4.48496150970459
"1438","Kenya","KEN",2009,2.99588803701721,4012.19428382397,40364444,-0.690074026584625
"1439","Kenya","KEN",2010,3.01565212227007,4211.52462957784,41517895,3.23232913017273
"1440","Kenya","KEN",2011,3.06388144408162,4307.10611556858,42635144,1.76034438610077
"1441","Kenya","KEN",2012,3.00525262920583,4387.93790075409,43725806,-0.552390575408936
"1442","Kenya","KEN",2013,3.05469739473196,4443.371215682,44792368,-0.501461088657379
"1443","Kenya","KEN",2014,3.07097163030466,4558.55155266374,45831863,-1.91653382778168
"1444","Kenya","KEN",2015,3.06764109358399,4679.62182831938,46851488,-0.229416891932487
"1445","Kenya","KEN",2016,3.14358606599569,4770.31046388086,47894670,1.37415969371796
"1446","Kenya","KEN",2017,3.09899830216353,4846.86210851932,48948137,-0.0332680754363536
"1447","Kenya","KEN",2018,3.09142509081515,5017.66784674664,49953304,1.53930878639221
"1448","Kenya","KEN",2019,3.35348649341905,5171.71264279257,50951450,NA
"1449","Kenya","KEN",2020,3.16866224370559,5057.40115537429,51985780,NA
"1450","Kuwait","KWT",2000,34.8010537012446,60585.3027103186,1934901,0.459113895893097
"1451","Kuwait","KWT",2001,33.463795261837,59099.6653440899,1991674,-4.49399375915527
"1452","Kuwait","KWT",2002,40.5859947391055,59348.6173050157,2047364,-3.28803849220276
"1453","Kuwait","KWT",2003,40.8604949933593,67984.3145416049,2101506,8.05302143096924
"1454","Kuwait","KWT",2004,43.8387495964593,73298.0622200601,2153481,1.88576400279999
"1455","Kuwait","KWT",2005,46.3822205822427,78193.9012534167,2235403,0.986139476299286
"1456","Kuwait","KWT",2006,42.1554468250159,79521.3484751938,2363409,-1.93056488037109
"1457","Kuwait","KWT",2007,41.5520234350892,79474.7611759618,2506769,-8.4070463180542
"1458","Kuwait","KWT",2008,44.4319989292128,77036.5084233618,2650930,-9.64635848999023
"1459","Kuwait","KWT",2009,35.0293327574941,67896.2680805032,2795550,-20.218189239502
"1460","Kuwait","KWT",2010,35.8310417407758,62956.2153213671,2943356,-14.5917139053345
"1461","Kuwait","KWT",2011,33.9881134402672,64844.5018948601,3143825,-2.65411829948425
"1462","Kuwait","KWT",2012,32.9201537642762,64908.262745514,3394663,4.63655233383179
"1463","Kuwait","KWT",2013,33.237459678083,62458.8089103273,3646518,-6.92186212539673
"1464","Kuwait","KWT",2014,31.3722200365559,60065.6544379887,3761584,-5.06752777099609
"1465","Kuwait","KWT",2015,33.0199689903544,57763.5174384765,3908743,-3.48879742622375
"1466","Kuwait","KWT",2016,33.9768483928144,56936.620843298,4048085,0.435834467411041
"1467","Kuwait","KWT",2017,32.8769494679273,52285.5871201723,4124904,-6.22893857955933
"1468","Kuwait","KWT",2018,31.4803009140183,51623.8079091411,4317185,-3.73838114738464
"1469","Kuwait","KWT",2019,31.6937270797584,51380.6455015764,4441100,NA
"1470","Kuwait","KWT",2020,25.4636134694611,49372.572947425,4360444,NA
"1471","Kyrgyzstan","KGZ",2000,1.94190973549849,NA,4898400,NA
"1472","Kyrgyzstan","KGZ",2001,1.75316974658812,NA,4945100,NA
"1473","Kyrgyzstan","KGZ",2002,1.81520960787867,NA,4990700,NA
"1474","Kyrgyzstan","KGZ",2003,1.86117792231069,NA,5043300,NA
"1475","Kyrgyzstan","KGZ",2004,1.78880317668387,NA,5104700,NA
"1476","Kyrgyzstan","KGZ",2005,1.94231013177254,NA,5162600,NA
"1477","Kyrgyzstan","KGZ",2006,2.17334264907474,NA,5218400,NA
"1478","Kyrgyzstan","KGZ",2007,2.50818448104795,NA,5268400,NA
"1479","Kyrgyzstan","KGZ",2008,3.00449025437849,NA,5318700,NA
"1480","Kyrgyzstan","KGZ",2009,2.79574356815208,NA,5383300,NA
"1481","Kyrgyzstan","KGZ",2010,2.82591038026241,NA,5447900,NA
"1482","Kyrgyzstan","KGZ",2011,3.06436988919437,NA,5514600,NA
"1483","Kyrgyzstan","KGZ",2012,3.47877884244808,NA,5607200,NA
"1484","Kyrgyzstan","KGZ",2013,3.54790325664445,NA,5719600,NA
"1485","Kyrgyzstan","KGZ",2014,3.56396549382649,NA,5835500,NA
"1486","Kyrgyzstan","KGZ",2015,3.37814825350496,NA,5956900,NA
"1487","Kyrgyzstan","KGZ",2016,3.2227389389851,NA,6079500,NA
"1488","Kyrgyzstan","KGZ",2017,3.34475700152212,NA,6198200,NA
"1489","Kyrgyzstan","KGZ",2018,3.71562912472876,NA,6322800,NA
"1490","Kyrgyzstan","KGZ",2019,3.46495801861293,NA,6456200,NA
"1491","Kyrgyzstan","KGZ",2020,3.46588078326935,NA,6579900,NA
"1492","Laos","LAO",2000,3.65454444885314,NA,5430853,NA
"1493","Laos","LAO",2001,3.65647792143136,NA,5519707,NA
"1494","Laos","LAO",2002,3.71725772636574,NA,5606101,NA
"1495","Laos","LAO",2003,3.71188509519186,NA,5689065,NA
"1496","Laos","LAO",2004,3.83611822231621,NA,5768167,NA
"1497","Laos","LAO",2005,3.80886918418943,NA,5852970,NA
"1498","Laos","LAO",2006,3.82479800956275,NA,5946593,NA
"1499","Laos","LAO",2007,4.0929099292202,NA,6041348,NA
"1500","Laos","LAO",2008,4.3097925427718,NA,6135861,NA
"1501","Laos","LAO",2009,4.50410204458588,NA,6229930,NA
"1502","Laos","LAO",2010,4.47461514454124,NA,6323418,NA
"1503","Laos","LAO",2011,4.31680338328902,NA,6416327,NA
"1504","Laos","LAO",2012,4.73416415331709,NA,6508803,NA
"1505","Laos","LAO",2013,4.69115960209761,NA,6600742,NA
"1506","Laos","LAO",2014,4.7994611504606,NA,6691454,NA
"1507","Laos","LAO",2015,5.07905520250001,NA,6787419,NA
"1508","Laos","LAO",2016,5.37665383872057,NA,6891363,NA
"1509","Laos","LAO",2017,5.51700083776751,NA,6997917,NA
"1510","Laos","LAO",2018,5.42810322551038,NA,7105006,NA
"1511","Laos","LAO",2019,5.43580530922456,NA,7212053,NA
"1512","Laos","LAO",2020,5.21168045009529,NA,7319399,NA
"1513","Latvia","LVA",2000,8.80015831679787,14554.2131724037,2367550,5.3305549621582
"1514","Latvia","LVA",2001,9.17058412588986,15695.906718153,2337170,2.54119539260864
"1515","Latvia","LVA",2002,9.55589855841576,17096.5594440255,2310173,3.89434361457825
"1516","Latvia","LVA",2003,11.2530308688711,18717.6675525538,2287955,5.35277557373047
"1517","Latvia","LVA",2004,10.8505898061717,20574.118201251,2263122,4.48923301696777
"1518","Latvia","LVA",2005,13.3971595991738,23213.3539355881,2238799,11.9523630142212
"1519","Latvia","LVA",2006,12.9507466033315,26431.8140222767,2218357,-2.24146628379822
"1520","Latvia","LVA",2007,13.9200225943563,29423.7371235063,2200325,2.87630200386047
"1521","Latvia","LVA",2008,12.6396564029812,28726.9722869522,2177322,-5.98237419128418
"1522","Latvia","LVA",2009,10.239455499385,24520.6791475489,2141669,-7.08631277084351
"1523","Latvia","LVA",2010,10.8822693023099,24119.7307848939,2097555,-0.557887315750122
"1524","Latvia","LVA",2011,11.6146879981643,25308.7322074626,2059709,4.86200094223022
"1525","Latvia","LVA",2012,11.8426636595998,27496.5454583635,2034319,2.41650629043579
"1526","Latvia","LVA",2013,11.7205280665016,28375.1842887263,2012647,0.213438883423805
"1527","Latvia","LVA",2014,11.771231788839,29243.7412502629,1993782,1.8129096031189
"1528","Latvia","LVA",2015,11.3794297966233,30599.6133134147,1977527,1.66100668907166
"1529","Latvia","LVA",2016,11.3848845570699,31668.5148442662,1959537,1.3806746006012
"1530","Latvia","LVA",2017,11.9262410512135,33036.3915943437,1942248,2.87429738044739
"1531","Latvia","LVA",2018,12.7137931302534,34729.7062763057,1927174,2.8255717754364
"1532","Latvia","LVA",2019,12.8071974247392,35208.1934590859,1913822,NA
"1533","Latvia","LVA",2020,11.9861781727015,34225.8976044058,1900449,NA
"1534","Lebanon","LBN",2000,8.47616291376106,11571.7326041085,4320642,-0.769732177257538
"1535","Lebanon","LBN",2001,9.79297691707639,11817.9305012844,4389200,0.972854673862457
"1536","Lebanon","LBN",2002,9.38853420792362,12053.8341563826,4446666,1.41676831245422
"1537","Lebanon","LBN",2003,9.35562583647965,12272.3440677497,4504807,1.21197068691254
"1538","Lebanon","LBN",2004,8.06488058164911,12882.0757995163,4574797,4.11654090881348
"1539","Lebanon","LBN",2005,7.63151355630134,13024.6648924956,4643044,1.80750417709351
"1540","Lebanon","LBN",2006,7.6615162366737,13003.680803908,4719864,-0.660776555538177
"1541","Lebanon","LBN",2007,7.16944987267247,13941.5614244767,4809608,5.73527383804321
"1542","Lebanon","LBN",2008,8.00888580252213,14955.1413563252,4887613,5.3252387046814
"1543","Lebanon","LBN",2009,8.81357942439857,16264.3506182706,4951135,4.33629179000854
"1544","Lebanon","LBN",2010,8.44213321196023,17390.7584012958,4995800,2.91411566734314
"1545","Lebanon","LBN",2011,8.63963638197901,17353.1960845294,5045056,-4.1747031211853
"1546","Lebanon","LBN",2012,9.34057714748295,17323.3013764282,5178337,-2.59653663635254
"1547","Lebanon","LBN",2013,8.87910987133901,16396.4969302163,5678851,-3.4000871181488
"1548","Lebanon","LBN",2014,8.23819361827447,15205.873265402,6274342,-2.81313061714172
"1549","Lebanon","LBN",2015,8.10050277296768,14980.020515614,6398940,-3.47330546379089
"1550","Lebanon","LBN",2016,8.4157411808154,15572.3611739774,6258619,-2.26940035820007
"1551","Lebanon","LBN",2017,8.53904091065584,16128.5838196051,6109252,-2.73464632034302
"1552","Lebanon","LBN",2018,8.86449418475798,16290.0516478592,5950839,-2.5201952457428
"1553","Lebanon","LBN",2019,8.7938342187002,15659.5661040012,5781907,NA
"1554","Lebanon","LBN",2020,9.39498779294792,12507.4366368078,5662923,NA
"1555","Liberia","LBR",2000,2.51588333790189,1868.17975587618,2895224,NA
"1556","Liberia","LBR",2001,2.54440906836385,1867.11910921753,2981648,NA
"1557","Liberia","LBR",2002,2.5311785445327,1887.64601570733,3060599,NA
"1558","Liberia","LBR",2003,2.66630184277499,1308.15090140274,3085173,NA
"1559","Liberia","LBR",2004,3.31652736146513,1326.53565502695,3122447,NA
"1560","Liberia","LBR",2005,3.35404798912904,1335.61728880785,3266318,NA
"1561","Liberia","LBR",2006,3.20919104013385,1364.60347323709,3455397,NA
"1562","Liberia","LBR",2007,2.90329453158789,1422.10019670004,3632740,NA
"1563","Liberia","LBR",2008,2.94335578737438,1463.12408187297,3783887,NA
"1564","Liberia","LBR",2009,3.04532038094009,1492.99817384053,3905066,NA
"1565","Liberia","LBR",2010,3.06266178977845,1538.85083488512,4019956,NA
"1566","Liberia","LBR",2011,3.04484318747316,1601.03374045996,4181150,NA
"1567","Liberia","LBR",2012,3.14090497338224,1668.97289588776,4331740,NA
"1568","Liberia","LBR",2013,3.12896505858465,1774.5205777394,4427313,NA
"1569","Liberia","LBR",2014,3.2104705333902,1750.1438489328,4519398,NA
"1570","Liberia","LBR",2015,3.36791744433409,1714.09047960464,4612329,NA
"1571","Liberia","LBR",2016,3.48875945144087,1653.31050211233,4706097,NA
"1572","Liberia","LBR",2017,3.48991277484278,1661.30290782171,4796631,NA
"1573","Liberia","LBR",2018,3.60464306661961,1647.97443793846,4889391,NA
"1574","Liberia","LBR",2019,3.63245056679344,1575.76665001238,4985289,NA
"1575","Liberia","LBR",2020,3.62975329665751,1497.37692436272,5087584,NA
"1576","Libya","LBY",2000,12.6431554827991,17742.3474896438,5154790,NA
"1577","Libya","LBY",2001,12.289022800887,17111.4835611225,5275916,NA
"1578","Libya","LBY",2002,13.9316232392497,16625.0592103276,5405326,NA
"1579","Libya","LBY",2003,14.1702460023076,18417.8843446972,5542641,NA
"1580","Libya","LBY",2004,13.2455693221557,18846.2418698799,5687563,NA
"1581","Libya","LBY",2005,14.0072686510552,20644.0270766892,5837986,NA
"1582","Libya","LBY",2006,13.0938144964991,21539.6274538208,5973369,NA
"1583","Libya","LBY",2007,12.9799696568303,22416.1098051613,6097177,NA
"1584","Libya","LBY",2008,13.5616907471279,21909.429070862,6228370,NA
"1585","Libya","LBY",2009,14.992944951901,20513.5632098849,6360191,NA
"1586","Libya","LBY",2010,15.2207770372066,21109.9679253729,6491988,NA
"1587","Libya","LBY",2011,11.501980803722,10739.0931713183,6188132,NA
"1588","Libya","LBY",2012,15.5903812950413,20595.580038429,5869870,NA
"1589","Libya","LBY",2013,15.6177317789483,16553.1426523565,5985221,NA
"1590","Libya","LBY",2014,14.8493826674157,12495.792970176,6097764,NA
"1591","Libya","LBY",2015,12.5753079661307,12192.1386217463,6192235,NA
"1592","Libya","LBY",2016,12.9116531513185,11828.7113766913,6282196,NA
"1593","Libya","LBY",2017,12.3651682939856,15424.055430096,6378261,NA
"1594","Libya","LBY",2018,12.7590533124613,16380.8515494718,6477793,NA
"1595","Libya","LBY",2019,13.0131123334807,14333.4224412442,6569088,NA
"1596","Libya","LBY",2020,10.0040519039671,9976.03740275891,6653942,NA
"1597","Lithuania","LTU",2000,9.67931919490052,15771.4269595328,3499536,4.10675954818726
"1598","Lithuania","LTU",2001,9.57223495122547,16933.0225490496,3470818,6.16364049911499
"1599","Lithuania","LTU",2002,9.63082349984865,18216.5452581272,3443067,2.53569078445435
"1600","Lithuania","LTU",2003,10.1753197836793,20302.9848798403,3415213,6.63879442214966
"1601","Lithuania","LTU",2004,10.7508354867931,21867.2861464791,3377075,4.63227415084839
"1602","Lithuania","LTU",2005,11.0050738758833,23944.7019948719,3322528,3.52578258514404
"1603","Lithuania","LTU",2006,11.8703875953734,26129.3392566938,3269909,4.30364751815796
"1604","Lithuania","LTU",2007,13.3806876647627,29370.7739737176,3231294,5.92782068252563
"1605","Lithuania","LTU",2008,13.5402902221558,30445.7809464936,3198231,1.05325245857239
"1606","Lithuania","LTU",2009,11.5394369148787,26217.5449293891,3162916,-12.628514289856
"1607","Lithuania","LTU",2010,12.4126447166753,26887.4913057701,3097282,3.60085916519165
"1608","Lithuania","LTU",2011,12.7234078148386,29240.7487851392,3028115,4.4059910774231
"1609","Lithuania","LTU",2012,12.52642832441,30920.330402208,2987773,1.80589973926544
"1610","Lithuania","LTU",2013,12.5183268543811,32474.6413533554,2957689,1.62657701969147
"1611","Lithuania","LTU",2014,12.2733034018797,33975.0843756963,2932367,1.14572370052338
"1612","Lithuania","LTU",2015,12.3776266685463,35251.2986931775,2904910,-0.132631942629814
"1613","Lithuania","LTU",2016,12.8006164194044,36618.1468417838,2868231,0.0358235575258731
"1614","Lithuania","LTU",2017,13.0307211818356,38774.4892011822,2828403,2.75317883491516
"1615","Lithuania","LTU",2018,14.1017340608574,41019.7901632878,2801543,1.38493621349335
"1616","Lithuania","LTU",2019,14.6706102902032,43062.3228425315,2794137,NA
"1617","Lithuania","LTU",2020,13.4726786007076,43091.7973723526,2794885,NA
"1618","Luxembourg","LUX",2000,35.1074017636603,114141.585295622,436300,2.7464234828949
"1619","Luxembourg","LUX",2001,34.0320721028925,116258.426812926,441525,-1.76818120479584
"1620","Luxembourg","LUX",2002,35.5769654208649,118757.530526236,446175,1.20963668823242
"1621","Luxembourg","LUX",2003,38.9703220987242,120396.257843179,451630,-1.28084194660187
"1622","Luxembourg","LUX",2004,46.210823324923,123720.261499488,458095,0.559142470359802
"1623","Luxembourg","LUX",2005,39.0528023502614,124866.858810412,465158,-0.963821709156036
"1624","Luxembourg","LUX",2006,36.8021759469267,130284.96750238,472637,1.48552489280701
"1625","Luxembourg","LUX",2007,38.7945744084314,138677.965491876,479993,3.75072956085205
"1626","Luxembourg","LUX",2008,37.7368066173742,135812.22230327,488650,-6.04241704940796
"1627","Luxembourg","LUX",2009,44.1298078802842,129002.240187517,497783,-6.3091254234314
"1628","Luxembourg","LUX",2010,41.2495691410866,131432.059616316,506953,1.99133479595184
"1629","Luxembourg","LUX",2011,35.5496103213683,129885.369760706,518347,-1.32366037368774
"1630","Luxembourg","LUX",2012,32.9691700931089,128895.405145048,530946,-4.10830974578857
"1631","Luxembourg","LUX",2013,35.3648562077915,129945.453783621,543360,0.313582569360733
"1632","Luxembourg","LUX",2014,34.0867191212004,130247.661687069,556319,0.43596601486206
"1633","Luxembourg","LUX",2015,34.0293768325751,130097.2561798,569604,1.12982070446014
"1634","Luxembourg","LUX",2016,32.4872340465714,133661.649729132,582014,0.961148858070374
"1635","Luxembourg","LUX",2017,32.5079706292593,132169.834045368,596336,-1.83796954154968
"1636","Luxembourg","LUX",2018,32.139119949699,131733.8846493,607950,-0.0104477973654866
"1637","Luxembourg","LUX",2019,31.5342489865949,132724.752743888,620001,NA
"1638","Luxembourg","LUX",2020,27.5753661520846,129865.629988164,630419,NA
"1639","Madagascar","MDG",2000,2.52858705247431,1701.44320253324,16216431,NA
"1640","Madagascar","MDG",2001,2.38957847462026,1748.50350928912,16709665,NA
"1641","Madagascar","MDG",2002,2.32048186877623,1486.43429741546,17211934,NA
"1642","Madagascar","MDG",2003,2.41064029414624,1584.74925232124,17724310,NA
"1643","Madagascar","MDG",2004,2.26894743547422,1620.11953793047,18250774,NA
"1644","Madagascar","MDG",2005,2.32617212788801,1648.17631553759,18792171,NA
"1645","Madagascar","MDG",2006,2.42363870626023,1686.86335459761,19350299,NA
"1646","Madagascar","MDG",2007,2.50022845239919,1731.61751794713,19924958,NA
"1647","Madagascar","MDG",2008,2.51337463659459,1794.40235887057,20513599,NA
"1648","Madagascar","MDG",2009,2.50094297680722,1673.15551466469,21117092,NA
"1649","Madagascar","MDG",2010,2.40107694936064,1635.24511472811,21731053,NA
"1650","Madagascar","MDG",2011,2.32274039039443,1614.5513777354,22348158,NA
"1651","Madagascar","MDG",2012,2.39196505954532,1617.79082882235,22966240,NA
"1652","Madagascar","MDG",2013,2.30365752267072,1610.60230789415,23588073,NA
"1653","Madagascar","MDG",2014,2.32108072344577,1620.35788906355,24215976,NA
"1654","Madagascar","MDG",2015,2.35316743541344,1627.58061341993,24850912,NA
"1655","Madagascar","MDG",2016,2.28165803768436,1648.91226979046,25501941,NA
"1656","Madagascar","MDG",2017,2.19606665817585,1669.72764267024,26169542,NA
"1657","Madagascar","MDG",2018,2.28478041785522,1678.78623269236,26846541,NA
"1658","Madagascar","MDG",2019,2.28020587854574,1707.8315382978,27533134,NA
"1659","Madagascar","MDG",2020,2.28425876804983,1545.72714378969,28225177,NA
"1660","Malawi","MWI",2000,1.37465839108317,1239.39174838676,11229387,NA
"1661","Malawi","MWI",2001,1.33566554903381,1149.58039601898,11498818,NA
"1662","Malawi","MWI",2002,1.44815350032936,1140.84274642418,11784498,NA
"1663","Malawi","MWI",2003,1.45045138180916,1176.12385998737,12087965,NA
"1664","Malawi","MWI",2004,1.42740379246553,1208.2196975075,12411342,NA
"1665","Malawi","MWI",2005,1.46116040230806,1214.7426419188,12755648,NA
"1666","Malawi","MWI",2006,1.44498925549342,1237.27386519947,13118307,NA
"1667","Malawi","MWI",2007,1.46784736835523,1318.33196397214,13495463,NA
"1668","Malawi","MWI",2008,1.56164048654813,1378.42886690465,13889423,NA
"1669","Malawi","MWI",2009,1.53691088261813,1449.72601522136,14298932,NA
"1670","Malawi","MWI",2010,1.60608991787319,1504.37514113215,14718422,NA
"1671","Malawi","MWI",2011,1.51227021401052,1533.22889572405,15146094,NA
"1672","Malawi","MWI",2012,1.4728816006128,1518.14803849238,15581251,NA
"1673","Malawi","MWI",2013,1.53139257818812,1555.50607410511,16024775,NA
"1674","Malawi","MWI",2014,1.53597771479905,1597.56484331405,16477966,NA
"1675","Malawi","MWI",2015,1.49657687165636,1597.69145324855,16938942,NA
"1676","Malawi","MWI",2016,1.49097770550519,1593.59549264808,17405624,NA
"1677","Malawi","MWI",2017,1.4610114477189,1613.0593571462,17881167,NA
"1678","Malawi","MWI",2018,1.4937522064416,1638.91665761076,18367883,NA
"1679","Malawi","MWI",2019,1.52195203688735,1687.28944917892,18867337,NA
"1680","Malawi","MWI",2020,1.69475202588744,1656.43985192533,19377061,NA
"1681","Malaysia","MYS",2000,6.3238108894922,18532.9096706227,22945150,4.12500810623169
"1682","Malaysia","MYS",2001,6.4840573530052,18186.4411330146,23542517,-2.42664861679077
"1683","Malaysia","MYS",2002,6.52454719852157,18708.8694877279,24142445,2.03812146186829
"1684","Malaysia","MYS",2003,6.93605555600467,19329.0062757538,24739411,1.44007742404938
"1685","Malaysia","MYS",2004,7.18477540230263,20168.5062099425,25333247,3.10732197761536
"1686","Malaysia","MYS",2005,7.36142248181899,20767.5857243346,25923536,2.01895475387573
"1687","Malaysia","MYS",2006,7.50728014135481,21444.4857715028,26509413,1.64154243469238
"1688","Malaysia","MYS",2007,8.12816782753684,22305.118263117,27092604,1.75825357437134
"1689","Malaysia","MYS",2008,8.483224384476,22898.0027575442,27664296,0.931258738040924
"1690","Malaysia","MYS",2009,7.84860603543324,22106.6417311801,28217204,-4.71617937088013
"1691","Malaysia","MYS",2010,8.703238790997,23307.9698543785,28717731,1.68825900554657
"1692","Malaysia","MYS",2011,8.86105609031856,24115.8181203958,29184133,1.06694722175598
"1693","Malaysia","MYS",2012,9.20389796229848,25006.3587781537,29660212,0.35703307390213
"1694","Malaysia","MYS",2013,10.2773265111623,25736.3525554142,30134807,-0.696424305438995
"1695","Malaysia","MYS",2014,10.694155324732,26818.4317281659,30606459,1.50597870349884
"1696","Malaysia","MYS",2015,10.2391257674077,27699.6278860387,31068833,1.20802795886993
"1697","Malaysia","MYS",2016,9.66352322101816,28425.3707609412,31526418,1.06015300750732
"1698","Malaysia","MYS",2017,9.48583593087202,29551.5457597197,31975806,1.61415386199951
"1699","Malaysia","MYS",2018,10.1642986757857,30459.9655338061,32399271,0.679481744766235
"1700","Malaysia","MYS",2019,10.2355293645284,31300.5086554849,32804020,NA
"1701","Malaysia","MYS",2020,9.63054175103684,29200.452632127,33199993,NA
"1702","Mali","MLI",2000,1.68923893162206,1912.30898407596,11239101,NA
"1703","Mali","MLI",2001,1.52928805412009,2140.99256560511,11583824,NA
"1704","Mali","MLI",2002,1.37880938851625,2139.97091956827,11952660,NA
"1705","Mali","MLI",2003,1.55946024155681,2262.05132721811,12342165,NA
"1706","Mali","MLI",2004,1.44068357104125,2224.14409518764,12751995,NA
"1707","Mali","MLI",2005,1.44346115653511,2314.01514572099,13180551,NA
"1708","Mali","MLI",2006,1.37656340629853,2388.34820274568,13623541,NA
"1709","Mali","MLI",2007,1.44366075536578,2400.65286853272,14080912,NA
"1710","Mali","MLI",2008,1.50226207003747,2474.90996854311,14551117,NA
"1711","Mali","MLI",2009,1.48518525785164,2506.58091243588,15032635,NA
"1712","Mali","MLI",2010,1.54855999492826,2594.41564875252,15529181,NA
"1713","Mali","MLI",2011,1.5317649275304,2612.84826005922,16039734,NA
"1714","Mali","MLI",2012,1.48113906378387,2523.17698088508,16514687,NA
"1715","Mali","MLI",2013,1.52972526697522,2508.92142241824,17004033,NA
"1716","Mali","MLI",2014,1.62749135517875,2615.6703103311,17551814,NA
"1717","Mali","MLI",2015,1.62824549159956,2686.559744481,18112907,NA
"1718","Mali","MLI",2016,1.74125825654425,2759.10958220319,18700106,NA
"1719","Mali","MLI",2017,1.73554527653568,2816.19328902961,19311355,NA
"1720","Mali","MLI",2018,1.74739372762827,2862.40632429945,19934298,NA
"1721","Mali","MLI",2019,1.79459861993241,2916.17069419921,20567424,NA
"1722","Mali","MLI",2020,1.7478460431309,2796.41038445608,21224040,NA
"1723","Malta","MLT",2000,9.51003436310413,31038.1250176477,390087,4.17556953430176
"1724","Malta","MLT",2001,9.3506005093114,30572.7694025448,393028,-2.36911463737488
"1725","Malta","MLT",2002,8.84089673370981,31177.506721539,395969,1.62360084056854
"1726","Malta","MLT",2003,10.0842026845116,32117.3428978787,398582,0.250411242246628
"1727","Malta","MLT",2004,10.188979257426,32032.2500013446,401268,-2.15219688415527
"1728","Malta","MLT",2005,10.3474342988844,32745.5946310613,403834,-0.0130454245954751
"1729","Malta","MLT",2006,10.2499584427523,33388.7026589811,405308,-1.84009027481079
"1730","Malta","MLT",2007,10.5102715347421,34948.2827118295,406724,-0.182090625166893
"1731","Malta","MLT",2008,10.3673887249292,36252.8955933691,409379,-0.218355715274811
"1732","Malta","MLT",2009,9.46737887024515,35478.5574145299,412477,-3.94439482688904
"1733","Malta","MLT",2010,10.0407500212766,37492.6754847041,414508,-0.0307101998478174
"1734","Malta","MLT",2011,9.53519430872942,37704.4960044256,416268,-1.74853551387787
"1735","Malta","MLT",2012,9.32601603890734,38899.9873251579,420028,-0.10598760843277
"1736","Malta","MLT",2013,9.0492103476944,40882.0239374743,425967,1.1123046875
"1737","Malta","MLT",2014,8.80413642751568,43121.6083126636,434558,3.91633152961731
"1738","Malta","MLT",2015,8.4232850322047,46127.6208432662,445053,4.4031138420105
"1739","Malta","MLT",2016,8.07955648487904,46922.1890069731,455356,-0.159794479608536
"1740","Malta","MLT",2017,8.00976365837442,51578.9812583984,467999,0.237288922071457
"1741","Malta","MLT",2018,8.43973992295706,53367.9476695149,484630,1.55862843990326
"1742","Malta","MLT",2019,8.55992984686134,53342.2137912334,504062,NA
"1743","Malta","MLT",2020,8.48183374222526,50392.9591202549,515332,NA
"1744","Mauritania","MRT",2000,6.6895922355115,5008.60807144572,2695003,-7.19947624206543
"1745","Mauritania","MRT",2001,7.44465673528992,4847.41086528495,2761823,-5.59388828277588
"1746","Mauritania","MRT",2002,5.50614982485088,4806.89853853419,2821703,-6.43030405044556
"1747","Mauritania","MRT",2003,9.34659729609461,5023.65213880391,2883326,-3.93664169311523
"1748","Mauritania","MRT",2004,5.28174265033498,5139.22552468863,2946575,-11.1035737991333
"1749","Mauritania","MRT",2005,4.87973263015775,5445.82951721956,3012360,-6.61695623397827
"1750","Mauritania","MRT",2006,5.38810178410121,6284.70209595667,3081229,13.7038764953613
"1751","Mauritania","MRT",2007,5.05180072896086,6002.77832709959,3153508,-8.56302165985107
"1752","Mauritania","MRT",2008,4.95804708569914,5813.35608895899,3233336,-8.65180587768555
"1753","Mauritania","MRT",2009,5.32669349144849,5639.78745530453,3322616,-3.64211559295654
"1754","Mauritania","MRT",2010,4.91623103731176,5605.76389263189,3419461,-5.65547275543213
"1755","Mauritania","MRT",2011,4.25824200422867,5653.21720469753,3524249,-8.2260103225708
"1756","Mauritania","MRT",2012,4.44699131493334,5716.25195847077,3636113,5.60736894607544
"1757","Mauritania","MRT",2013,4.37183933331367,5769.72871359233,3742959,1.15540862083435
"1758","Mauritania","MRT",2014,4.29149228958824,5837.85203652106,3843174,6.28178024291992
"1759","Mauritania","MRT",2015,4.21531098933174,5969.54239881575,3946220,-9.27163505554199
"1760","Mauritania","MRT",2016,4.05391283466999,5866.28145291802,4051890,-0.327811151742935
"1761","Mauritania","MRT",2017,4.34681503306534,6050.62180822951,4160015,0.516327083110809
"1762","Mauritania","MRT",2018,4.28987638102668,6153.63790853695,4270712,1.42919158935547
"1763","Mauritania","MRT",2019,4.42843210403757,6162.21045071341,4383849,NA
"1764","Mauritania","MRT",2020,4.55970985323434,5963.23550334684,4498604,NA
"1765","Mexico","MEX",2000,7.63744349341032,20470.4937645071,97873442,1.05597341060638
"1766","Mexico","MEX",2001,7.63245003733961,20078.2183907682,99394288,-2.75355672836304
"1767","Mexico","MEX",2002,7.54726812703974,19744.7933652376,100917081,-2.9337854385376
"1768","Mexico","MEX",2003,7.45155665431119,19701.4633875532,102429341,-0.784459710121155
"1769","Mexico","MEX",2004,7.42318252568936,20127.2242879286,103945813,0.35872295498848
"1770","Mexico","MEX",2005,7.68879969271079,20277.2552828148,105442402,-0.404994487762451
"1771","Mexico","MEX",2006,7.83795675387055,20965.8256062375,106886790,0.358291447162628
"1772","Mexico","MEX",2007,7.86096156095027,21102.2688313519,108302973,-1.13302993774414
"1773","Mexico","MEX",2008,7.80701345632242,20992.5602637663,109684489,-2.45187711715698
"1774","Mexico","MEX",2009,7.19586516493594,19385.5437229068,111049428,-7.08390140533447
"1775","Mexico","MEX",2010,7.40235804253898,20058.3854848724,112532401,-0.0395869985222816
"1776","Mexico","MEX",2011,7.41698608465992,20457.6001663547,114150481,1.29723012447357
"1777","Mexico","MEX",2012,7.35903733026803,20898.9357184489,115755909,-0.310401231050491
"1778","Mexico","MEX",2013,7.26831857645784,20805.3480382084,117290686,-0.740977466106415
"1779","Mexico","MEX",2014,7.04242552259481,21069.7661610169,118755887,0.97735333442688
"1780","Mexico","MEX",2015,6.93741646882149,21408.9283209728,120149897,0.479599624872208
"1781","Mexico","MEX",2016,6.80804133478389,21578.2633552956,121519221,0.466689944267273
"1782","Mexico","MEX",2017,6.89080884510538,21777.5225129207,122839258,0.0545559711754322
"1783","Mexico","MEX",2018,6.83546029673277,21997.7730148117,124013861,-0.392296463251114
"1784","Mexico","MEX",2019,6.69501115104861,21704.1859474903,125085311,NA
"1785","Mexico","MEX",2020,5.82319216647161,19728.4817839998,125998302,NA
"1786","Moldova","MDA",2000,4.8223954579649,5727.07922525352,2924668,2.1093966960907
"1787","Moldova","MDA",2001,4.81216538594263,6090.03474356112,2918135,6.94417381286621
"1788","Moldova","MDA",2002,4.64507605454998,6580.27841436838,2911385,7.5659646987915
"1789","Moldova","MDA",2003,5.9207159158757,7034.35784911687,2903198,11.8969659805298
"1790","Moldova","MDA",2004,5.42840196928198,7573.6178454751,2896023,9.11955547332764
"1791","Moldova","MDA",2005,5.70146268546026,8161.47344724765,2888985,7.08762121200562
"1792","Moldova","MDA",2006,5.55183711817626,8577.02858037286,2880967,6.36648225784302
"1793","Moldova","MDA",2007,5.84600454658026,8854.83397616724,2874299,1.8540495634079
"1794","Moldova","MDA",2008,6.32151983748611,9563.69814290939,2868833,5.7577543258667
"1795","Moldova","MDA",2009,5.50349723107909,9001.23432081622,2865213,-4.03464841842651
"1796","Moldova","MDA",2010,6.41383006484027,9649.9509930271,2862354,7.56229877471924
"1797","Moldova","MDA",2011,6.78844009784976,10217.3087761255,2860699,2.49711084365845
"1798","Moldova","MDA",2012,6.95834963807778,10158.3854676883,2860324,-1.07188498973846
"1799","Moldova","MDA",2013,6.7000836595278,11080.0634585341,2859558,5.72881555557251
"1800","Moldova","MDA",2014,6.76735214056106,11641.1208436577,2857815,2.3797459602356
"1801","Moldova","MDA",2015,6.21590589996287,11691.0797484184,2835978,-3.21150898933411
"1802","Moldova","MDA",2016,6.2138246171065,12377.366678394,2803186,1.78580701351166
"1803","Moldova","MDA",2017,6.49234295400479,13118.8219369605,2755189,3.25555300712585
"1804","Moldova","MDA",2018,7.14221857261066,13895.5043655692,2707203,-0.284305363893509
"1805","Moldova","MDA",2019,7.17719713017138,14621.2401362286,2664224,NA
"1806","Moldova","MDA",2020,6.95607863436077,13559.2600217483,2635130,NA
"1807","Mongolia","MNG",2000,7.69747191603678,5818.24307842901,2450979,-3.79521489143372
"1808","Mongolia","MNG",2001,7.6214384697675,5917.07088396343,2472601,0.283758580684662
"1809","Mongolia","MNG",2002,6.71580688644481,6117.9824222592,2494617,1.13988065719604
"1810","Mongolia","MNG",2003,6.61537357138303,6463.78966651762,2516454,1.69052922725677
"1811","Mongolia","MNG",2004,6.53206457554521,7070.667158451,2537949,5.28798627853394
"1812","Mongolia","MNG",2005,7.730016138071,7499.84803935428,2559255,-3.07394647598267
"1813","Mongolia","MNG",2006,8.47498595115766,8043.99678108557,2581242,1.6688312292099
"1814","Mongolia","MNG",2007,9.61769897499769,8750.13407442299,2605643,-0.687095880508423
"1815","Mongolia","MNG",2008,9.4812880706544,9379.85489687765,2633887,-6.32086849212646
"1816","Mongolia","MNG",2009,9.51785969808794,9095.9769892529,2666713,4.95679712295532
"1817","Mongolia","MNG",2010,8.59648474434276,9507.118823625,2702520,-5.63326501846313
"1818","Mongolia","MNG",2011,9.80603244978323,10960.0959283864,2743938,4.0074052810669
"1819","Mongolia","MNG",2012,10.8874353120712,12078.9185320062,2792349,3.97707295417786
"1820","Mongolia","MNG",2013,13.3549741344232,13210.0945665668,2845153,5.94790077209473
"1821","Mongolia","MNG",2014,11.9241786547391,13943.4277148653,2902823,8.23968505859375
"1822","Mongolia","MNG",2015,11.721547995309,13974.5967260365,2964749,2.98357009887695
"1823","Mongolia","MNG",2016,12.0602729108575,13898.1456953585,3029555,4.54821491241455
"1824","Mongolia","MNG",2017,12.288256556649,14401.5375067562,3096030,2.75198912620544
"1825","Mongolia","MNG",2018,13.2209879925045,15230.2408828847,3163991,4.81047821044922
"1826","Mongolia","MNG",2019,14.9700112808635,15790.6961126441,3232430,NA
"1827","Mongolia","MNG",2020,13.2725626920366,14801.3420829185,3294335,NA
"1828","Morocco","MAR",2000,2.74439896584647,5100.11572265625,28554415,-0.930696427822113
"1829","Morocco","MAR",2001,2.73103706406318,5417.57861328125,28930097,-0.169548183679581
"1830","Morocco","MAR",2002,2.78301806818453,5544.07177734375,29301817,-1.4426931142807
"1831","Morocco","MAR",2003,2.84843196279438,5810.05322265625,29661270,-2.04465627670288
"1832","Morocco","MAR",2004,3.14982957306741,5996.39013671875,30033125,-1.22422969341278
"1833","Morocco","MAR",2005,3.19057095413771,6103.42236328125,30431902,0.0700357630848884
"1834","Morocco","MAR",2006,3.22442276194799,6488.673828125,30833022,-1.51914393901825
"1835","Morocco","MAR",2007,3.30961731893779,6620.59033203125,31232633,0.959937512874603
"1836","Morocco","MAR",2008,3.50023279309301,6901.95068359375,31634992,-2.94093179702759
"1837","Morocco","MAR",2009,3.32439086638247,7063.72705078125,32042877,-5.30557680130005
"1838","Morocco","MAR",2010,3.4347055814018,7210.63671875,32464865,0.0431158207356929
"1839","Morocco","MAR",2011,3.55400593633658,7503.79296875,32903699,-1.02009761333466
"1840","Morocco","MAR",2012,3.5386674265399,7628.64404296875,33352169,-0.243977516889572
"1841","Morocco","MAR",2013,3.54762454787916,7839.0322265625,33803527,1.03005349636078
"1842","Morocco","MAR",2014,3.51793823961912,7951.79833984375,34248603,0.363494664430618
"1843","Morocco","MAR",2015,3.42924541814442,8198.80859375,34680458,1.7786670923233
"1844","Morocco","MAR",2016,3.47935431835232,8141.9404296875,35107264,-1.91771805286407
"1845","Morocco","MAR",2017,3.47832000586125,8450.0087890625,35528115,1.51409780979156
"1846","Morocco","MAR",2018,3.55781591759994,8611.75,35927511,-0.656027495861053
"1847","Morocco","MAR",2019,3.63239725988139,8768.17578125,36304408,NA
"1848","Morocco","MAR",2020,3.45689137897684,8054.56298828125,36688772,NA
"1849","Mozambique","MOZ",2000,2.34045512117631,711.976393527396,17768505,-5.20869064331055
"1850","Mozambique","MOZ",2001,2.02017400322511,785.790173616246,18220716,5.02873086929321
"1851","Mozambique","MOZ",2002,2.34945246819556,842.645266172761,18694946,1.66764986515045
"1852","Mozambique","MOZ",2003,2.35199711691639,883.239121472194,19186754,4.50144338607788
"1853","Mozambique","MOZ",2004,2.31249025266187,934.133964844421,19694411,3.24065327644348
"1854","Mozambique","MOZ",2005,2.34603489615548,970.38995609863,20211114,1.73635840415955
"1855","Mozambique","MOZ",2006,2.21979329851479,1041.80471709595,20735982,4.35632419586182
"1856","Mozambique","MOZ",2007,1.69090158085259,1095.12568701598,21280513,2.6571102142334
"1857","Mozambique","MOZ",2008,1.66275970940055,1141.94256161019,21845571,-0.590460240840912
"1858","Mozambique","MOZ",2009,1.51924184735721,1178.70909947834,22436660,-1.14673757553101
"1859","Mozambique","MOZ",2010,1.49559595345196,1224.23020471309,23073723,-1.40998005867004
"1860","Mozambique","MOZ",2011,1.93859383020691,1275.52959822581,23760421,-1.04196882247925
"1861","Mozambique","MOZ",2012,2.24510737330958,1338.51594866104,24487611,-6.4912052154541
"1862","Mozambique","MOZ",2013,2.40185692518044,1385.83254864214,25251731,-10.7315473556519
"1863","Mozambique","MOZ",2014,2.45438197283114,1449.92926632722,26038704,-9.04891586303711
"1864","Mozambique","MOZ",2015,2.16781493540367,1512.5997455554,26843246,-4.06748628616333
"1865","Mozambique","MOZ",2016,2.13388646171466,1537.90853271216,27696493,-2.61844873428345
"1866","Mozambique","MOZ",2017,1.99701937917829,1532.0073576114,28569441,-3.87903618812561
"1867","Mozambique","MOZ",2018,2.06861161391834,1538.83512127022,29423878,-5.2061128616333
"1868","Mozambique","MOZ",2019,2.15947510302239,1528.88988354373,30285595,NA
"1869","Mozambique","MOZ",2020,1.96506246695785,1466.12476474476,31178239,NA
"1870","Namibia","NAM",2000,7.06624359946733,7858.38789521253,1819141,-0.554895877838135
"1871","Namibia","NAM",2001,7.01283781767123,7786.54169496761,1856402,-2.90697622299194
"1872","Namibia","NAM",2002,5.30458056753795,8017.28134128559,1888525,0.688879013061523
"1873","Namibia","NAM",2003,6.36581087130224,8237.36597245597,1915425,0.91749119758606
"1874","Namibia","NAM",2004,5.23376383489115,9130.82442337694,1939406,7.67046356201172
"1875","Namibia","NAM",2005,5.33465853144806,9245.1365329555,1962865,-1.74814701080322
"1876","Namibia","NAM",2006,5.28286112598756,9773.29833199798,1986558,1.44328606128693
"1877","Namibia","NAM",2007,5.78905353783008,10162.2400708746,2011492,-0.371006935834885
"1878","Namibia","NAM",2008,6.83182563197476,10286.5124067605,2038552,-3.27631330490112
"1879","Namibia","NAM",2009,7.27274629664731,10166.2899453939,2067919,-5.9609522819519
"1880","Namibia","NAM",2010,6.546258407554,10614.6201576671,2099271,0.748126149177551
"1881","Namibia","NAM",2011,6.61381884248305,10965.2729759535,2132340,-1.36991953849792
"1882","Namibia","NAM",2012,7.36294752548178,11266.6089486464,2167470,-2.54119825363159
"1883","Namibia","NAM",2013,7.62121942934144,11593.5753768689,2204510,-1.35384654998779
"1884","Namibia","NAM",2014,7.98175406825115,11982.6963648348,2243001,-0.792021453380585
"1885","Namibia","NAM",2015,7.57441302847816,12166.5658392058,2282704,1.40142011642456
"1886","Namibia","NAM",2016,7.59560268149252,11846.7880832757,2323352,-0.811579525470734
"1887","Namibia","NAM",2017,6.82902614920707,11408.7253099967,2364534,-4.37405586242676
"1888","Namibia","NAM",2018,6.3253979094853,11214.38604306,2405680,-4.19001960754395
"1889","Namibia","NAM",2019,6.05012015124734,10813.3044681944,2446644,NA
"1890","Namibia","NAM",2020,5.46147367540294,9652.24827219463,2489098,NA
"1891","Nepal","NPL",2000,3.00922191901298,2340.81563141298,24559500,NA
"1892","Nepal","NPL",2001,2.92446626109073,2413.8142127556,24956071,NA
"1893","Nepal","NPL",2002,3.02323963157261,2380.24424587571,25332178,NA
"1894","Nepal","NPL",2003,3.0601140587484,2439.49479601556,25682908,NA
"1895","Nepal","NPL",2004,3.05394846555483,2521.54105171428,26003965,NA
"1896","Nepal","NPL",2005,3.09627662122274,2580.23106308364,26285110,NA
"1897","Nepal","NPL",2006,3.11203267965409,2641.34799494749,26518971,NA
"1898","Nepal","NPL",2007,3.17544710665948,2708.7143922589,26713655,NA
"1899","Nepal","NPL",2008,3.21492395222865,2852.60983167965,26881544,NA
"1900","Nepal","NPL",2009,3.32327902425314,2961.83900365912,27026941,NA
"1901","Nepal","NPL",2010,3.41585171281872,3085.31407004502,27161567,NA
"1902","Nepal","NPL",2011,3.42238615700327,3176.65040602417,27266399,NA
"1903","Nepal","NPL",2012,3.38202494079925,3316.50073452021,27330694,NA
"1904","Nepal","NPL",2013,3.63759990889664,3426.5579593796,27381555,NA
"1905","Nepal","NPL",2014,3.73288906567326,3621.73168937112,27462106,NA
"1906","Nepal","NPL",2015,3.70975088862648,3745.26182249477,27610325,NA
"1907","Nepal","NPL",2016,3.87538584097978,3743.7445783578,27861186,NA
"1908","Nepal","NPL",2017,4.10422257460523,4071.70431755798,28183426,NA
"1909","Nepal","NPL",2018,4.19771520464384,4371.38571771897,28506712,NA
"1910","Nepal","NPL",2019,4.24382539238299,4607.52454717112,28832496,NA
"1911","Nepal","NPL",2020,4.09307901056056,4412.5420439395,29348627,NA
"1912","Netherlands","NLD",2000,19.6128525787073,56016.8727218416,15925513,1.38648068904877
"1913","Netherlands","NLD",2001,19.2786238505301,56887.4332731111,16046180,-0.297696560621262
"1914","Netherlands","NLD",2002,19.5728024907533,56664.4134372303,16148929,-1.22374248504639
"1915","Netherlands","NLD",2003,20.2398670372725,56452.8674805644,16225302,-0.377480298280716
"1916","Netherlands","NLD",2004,20.3912281975482,57391.3645202468,16281779,1.86680579185486
"1917","Netherlands","NLD",2005,20.0145971578797,58422.0135197444,16319868,0.695782721042633
"1918","Netherlands","NLD",2006,20.0239762657447,60391.544265121,16346101,0.919676601886749
"1919","Netherlands","NLD",2007,20.7027387714589,62601.6205718183,16381696,0.617163956165314
"1920","Netherlands","NLD",2008,20.2688510305501,63678.4032834996,16445593,-0.0754177272319793
"1921","Netherlands","NLD",2009,18.8085185870383,61029.7298855714,16530388,-3.9591646194458
"1922","Netherlands","NLD",2010,19.09213612457,61518.5540088717,16615394,1.16224348545074
"1923","Netherlands","NLD",2011,18.2398165029255,62318.1416226231,16693074,0.174582436680794
"1924","Netherlands","NLD",2012,17.4031770920644,61480.8126014961,16754962,-1.54201185703278
"1925","Netherlands","NLD",2013,17.6469889736652,61281.288807752,16804432,0.151456236839294
"1926","Netherlands","NLD",2014,16.5493148702277,62045.8563802085,16865008,0.917692005634308
"1927","Netherlands","NLD",2015,16.8505361548136,63081.3941350677,16939923,0.511444330215454
"1928","Netherlands","NLD",2016,16.2997385788049,64267.736357935,17030314,0.606722712516785
"1929","Netherlands","NLD",2017,16.3047742767451,65666.0036593237,17131296,0.532152950763702
"1930","Netherlands","NLD",2018,16.6047323034385,66758.2640145753,17231624,0.0359787084162235
"1931","Netherlands","NLD",2019,16.1741133718708,67847.8542926795,17344874,NA
"1932","Netherlands","NLD",2020,15.7218720781861,64862.1922496366,17441500,NA
"1933","New Zealand","NZL",2000,16.5660267522612,35879.7911310766,3857700,0.428769022226334
"1934","New Zealand","NZL",2001,17.0969277138803,36885.644684201,3880500,0.434722572565079
"1935","New Zealand","NZL",2002,17.7171139207962,37959.0650638123,3948500,1.05912911891937
"1936","New Zealand","NZL",2003,18.9387097463361,38976.9126257578,4027200,0.951422929763794
"1937","New Zealand","NZL",2004,19.3662547927275,39971.7705007585,4087500,-0.381889790296555
"1938","New Zealand","NZL",2005,20.4332321311868,40848.2981387428,4133900,-0.67991840839386
"1939","New Zealand","NZL",2006,19.3678773805964,41475.1217441795,4184600,-0.130828782916069
"1940","New Zealand","NZL",2007,19.7928853569692,42346.0894838728,4223800,0.27683299779892
"1941","New Zealand","NZL",2008,18.6799290178114,41561.1820713151,4259800,-2.61553955078125
"1942","New Zealand","NZL",2009,17.7376806018111,41132.3368456501,4302600,0.316529005765915
"1943","New Zealand","NZL",2010,17.4419822146166,41270.9285099133,4350700,0.544468760490417
"1944","New Zealand","NZL",2011,17.9429340714926,41814.8851834052,4384000,-0.0998495891690254
"1945","New Zealand","NZL",2012,18.2585539070588,42570.3332823343,4408100,0.849981307983398
"1946","New Zealand","NZL",2013,18.0051069957619,43338.4373782961,4442100,-0.2680504322052
"1947","New Zealand","NZL",2014,18.5056265094176,44255.5046637459,4516500,-0.165568649768829
"1948","New Zealand","NZL",2015,17.9011737708915,44963.8339159182,4609400,0.419198334217071
"1949","New Zealand","NZL",2016,17.8531124692964,45626.6818435018,4714100,-0.307734191417694
"1950","New Zealand","NZL",2017,18.0669098108531,46193.2884771696,4813600,-1.53328394889832
"1951","New Zealand","NZL",2018,17.6110660162399,46947.937247914,4900600,-0.392707407474518
"1952","New Zealand","NZL",2019,17.6119255201863,47277.6628302055,4979200,NA
"1953","New Zealand","NZL",2020,17.9508203591599,46104.6057908752,5090200,NA
"1954","Nicaragua","NIC",2000,4.011852530833,4878.24776981667,5123222,0.0162679273635149
"1955","Nicaragua","NIC",2001,4.06223485099565,4958.32771126837,5192764,-0.0920831114053726
"1956","Nicaragua","NIC",2002,3.91240253143723,4935.48539005128,5259006,-2.20120310783386
"1957","Nicaragua","NIC",2003,3.5641809758623,5000.6117655634,5323062,-0.568095624446869
"1958","Nicaragua","NIC",2004,3.78179394909199,5204.38202801757,5386223,1.38855874538422
"1959","Nicaragua","NIC",2005,3.82670279921449,5356.95850970538,5454678,0.216249242424965
"1960","Nicaragua","NIC",2006,3.85195739770858,5500.40577576797,5529811,0.393921911716461
"1961","Nicaragua","NIC",2007,4.13493123700859,5697.21109549591,5607453,0.506676137447357
"1962","Nicaragua","NIC",2008,3.87302900110793,5809.09964464617,5687744,-0.0939096882939338
"1963","Nicaragua","NIC",2009,3.78771936704479,5538.3658931707,5770639,-5.25775671005249
"1964","Nicaragua","NIC",2010,3.80918832471328,5701.12790180564,5855734,0.634108543395996
"1965","Nicaragua","NIC",2011,3.9931936617107,5976.25284495841,5942553,1.29132747650146
"1966","Nicaragua","NIC",2012,3.99732116547489,6275.7876907774,6030607,1.25321960449219
"1967","Nicaragua","NIC",2013,3.85294652349436,6494.14961103199,6119379,0.771854519844055
"1968","Nicaragua","NIC",2014,3.93761126295041,6712.21749816316,6208676,0.130181446671486
"1969","Nicaragua","NIC",2015,3.97517191595749,6939.03286207731,6298598,0.329195320606232
"1970","Nicaragua","NIC",2016,4.37729403939063,7158.75799760378,6389235,-0.433546245098114
"1971","Nicaragua","NIC",2017,4.24825771150705,7391.19683946294,6480532,0.186828926205635
"1972","Nicaragua","NIC",2018,3.97047743601271,7049.02753442352,6572233,-6.00162172317505
"1973","Nicaragua","NIC",2019,3.99389345022047,6756.59375829081,6663924,NA
"1974","Nicaragua","NIC",2020,3.77951833531816,6523.3698502278,6755895,NA
"1975","Niger","NER",2000,1.64910791328675,1190.56674543223,11622665,-3.6516809463501
"1976","Niger","NER",2001,1.58233456823422,1233.06511808278,12031430,4.51777029037476
"1977","Niger","NER",2002,1.27821547326676,1248.82313660601,12456517,-0.310832232236862
"1978","Niger","NER",2003,1.30230696625283,1231.2780915085,12900790,2.38350939750671
"1979","Niger","NER",2004,1.47150931611505,1192.0823507557,13366885,-4.86104583740234
"1980","Niger","NER",2005,1.30662725137099,1233.87551052205,13855221,0.128218740224838
"1981","Niger","NER",2006,1.27216315137169,1260.12046671298,14365168,-0.0717953369021415
"1982","Niger","NER",2007,1.26192855001881,1252.74827252938,14897873,2.30544233322144
"1983","Niger","NER",2008,1.34211107922959,1300.55418500177,15455175,4.39649868011475
"1984","Niger","NER",2009,1.31557474925928,1277.69230957636,16037915,-6.36693525314331
"1985","Niger","NER",2010,1.40829262961311,1336.56410237447,16647543,3.09055233001709
"1986","Niger","NER",2011,1.25559288138435,1318.10130997844,17283112,-3.79656648635864
"1987","Niger","NER",2012,1.35379849510457,1403.18971067857,17954407,8.26358604431152
"1988","Niger","NER",2013,1.55359287533984,1423.26169034701,18653199,0.117148868739605
"1989","Niger","NER",2014,1.74042130217883,1462.82122998491,19372014,1.31433296203613
"1990","Niger","NER",2015,1.95456505238526,1471.66135329224,20128124,-2.15945982933044
"1991","Niger","NER",2016,2.07064429383043,1500.00858681288,20921743,-0.66268402338028
"1992","Niger","NER",2017,1.92229044035242,1520.0015371232,21737922,-0.560326993465424
"1993","Niger","NER",2018,1.99348331848308,1574.33838262666,22577058,-0.539417386054993
"1994","Niger","NER",2019,1.90487170561274,1612.63734693259,23443393,NA
"1995","Niger","NER",2020,2.07185057225887,1615.69272448944,24333639,NA
"1996","Nigeria","NGA",2000,3.99901316494491,3290.70566119181,122851984,3.87797403335571
"1997","Nigeria","NGA",2001,4.24275908920457,3392.03528516309,126152678,7.00690269470215
"1998","Nigeria","NGA",2002,4.11980090359888,3806.21589634462,129583026,4.63166904449463
"1999","Nigeria","NGA",2003,4.24675226776286,3974.76787469397,133119801,7.6688814163208
"2000","Nigeria","NGA",2004,4.18904176042994,4223.7979478186,136756848,3.84887337684631
"2001","Nigeria","NGA",2005,4.18399772237661,4372.97561105085,140490722,2.56435251235962
"2002","Nigeria","NGA",2006,3.99459571406551,4511.63952365517,144329764,1.14275884628296
"2003","Nigeria","NGA",2007,4.17151201971158,4677.54184720889,148294028,3.05053353309631
"2004","Nigeria","NGA",2008,4.080145379478,4856.81280081835,152382506,3.39714598655701
"2005","Nigeria","NGA",2009,4.0767026954865,5102.91640379355,156595758,3.41398167610169
"2006","Nigeria","NGA",2010,4.19769467314935,5359.51848370873,160952853,2.35194993019104
"2007","Nigeria","NGA",2011,4.35257565333218,5488.00481519556,165463745,1.3244264125824
"2008","Nigeria","NGA",2012,4.18878762745124,5563.64167560671,170075932,0.867214798927307
"2009","Nigeria","NGA",2013,4.44820385247686,5775.86634650721,174726123,2.57514262199402
"2010","Nigeria","NGA",2014,4.41058950527771,5980.191816483,179379016,1.48383617401123
"2011","Nigeria","NGA",2015,4.34711029472682,5985.09435248731,183995785,-2.42418789863586
"2012","Nigeria","NGA",2016,4.30375540345252,5744.55787877157,188666931,-5.75068187713623
"2013","Nigeria","NGA",2017,4.31117883127501,5651.73413165037,193495907,-2.3675856590271
"2014","Nigeria","NGA",2018,4.3442599683049,5628.74079442015,198387623,-1.31285285949707
"2015","Nigeria","NGA",2019,4.3902069292998,5628.17765244652,203304492,NA
"2016","Nigeria","NGA",2020,4.27185623927208,5410.69355517726,208327405,NA
"2017","Norway","NOR",2000,17.157469854563,77587.2073182558,4490967,1.90886783599854
"2018","Norway","NOR",2001,16.8480195051598,78791.3045707129,4513751,-0.379041761159897
"2019","Norway","NOR",2002,17.9641437068056,79447.0914824426,4538159,-1.14498841762543
"2020","Norway","NOR",2003,18.3437631661979,79728.7849973309,4564855,0.137003481388092
"2021","Norway","NOR",2004,18.8341659470333,82440.9558801113,4591910,2.22430491447449
"2022","Norway","NOR",2005,19.305207142349,84079.996241889,4623291,0.420405030250549
"2023","Norway","NOR",2006,19.8062805166527,85458.5466934023,4660677,-1.38331282138824
"2024","Norway","NOR",2007,20.9356892588115,87043.4979357593,4709153,-1.87760102748871
"2025","Norway","NOR",2008,20.1800951415531,86379.6624832291,4768212,-3.03297924995422
"2026","Norway","NOR",2009,18.4704535953404,83642.0695747773,4828726,-3.89512825012207
"2027","Norway","NOR",2010,21.4735236799361,83256.7880722557,4889252,0.476670235395432
"2028","Norway","NOR",2011,20.1023921723276,83092.4342216441,4953088,-0.419977158308029
"2029","Norway","NOR",2012,19.5291350073225,84237.1495663816,5018573,0.792219638824463
"2030","Norway","NOR",2013,19.9281349887303,84070.4583940478,5079623,-0.49654033780098
"2031","Norway","NOR",2014,18.8453482138249,84830.2558016961,5137232,0.536361694335938
"2032","Norway","NOR",2015,17.3600897450231,85550.2942614495,5188607,1.02704620361328
"2033","Norway","NOR",2016,17.6139563528074,85787.6174410424,5234519,0.411558330059052
"2034","Norway","NOR",2017,17.347000395947,87194.1115421374,5276968,1.41294467449188
"2035","Norway","NOR",2018,17.7619799048504,87338.4708008985,5311916,0.0708489120006561
"2036","Norway","NOR",2019,17.5311443143316,87725.7283254613,5347896,NA
"2037","Norway","NOR",2020,16.0235918951734,86096.0508947506,5379475,NA
"2038","Oman","OMN",2000,17.3092423974454,42086.0431536301,2344253,-0.119598671793938
"2039","Oman","OMN",2001,19.3964727178564,43492.2863754557,2374653,-3.24008393287659
"2040","Oman","OMN",2002,18.7266641928992,42654.1482671623,2403659,-8.92329025268555
"2041","Oman","OMN",2003,18.4629113144932,41247.5873733105,2431600,-13.483868598938
"2042","Oman","OMN",2004,20.0694691539092,41351.7687385072,2468855,-6.85247039794922
"2043","Oman","OMN",2005,14.5370009355895,41551.1413844552,2515192,-3.19128394126892
"2044","Oman","OMN",2006,19.3996485311081,42540.4398485334,2560649,-2.00449061393738
"2045","Oman","OMN",2007,19.929389030643,43696.9691440917,2605700,-8.11320972442627
"2046","Oman","OMN",2008,21.3263677717526,46586.3955926767,2651028,-1.09342515468597
"2047","Oman","OMN",2009,23.1206191718969,48304.1178923167,2697537,-9.47193336486816
"2048","Oman","OMN",2010,21.2608855833878,48191.6145135737,2881914,-1.09307396411896
"2049","Oman","OMN",2011,21.3313382004888,44440.3092616125,3206870,-7.58598518371582
"2050","Oman","OMN",2012,22.2894377331064,41964.0828578552,3535579,4.19247722625732
"2051","Oman","OMN",2013,23.0041496770533,40854.4853548905,3816680,-0.970030307769775
"2052","Oman","OMN",2014,22.2264380419734,39639.9870514802,4009267,-1.51473462581635
"2053","Oman","OMN",2015,23.9759268196936,39813.7887054675,4191776,2.29311275482178
"2054","Oman","OMN",2016,24.2287688442376,39860.9893909688,4398070,2.90496468544006
"2055","Oman","OMN",2017,23.5917889732398,38691.1077105097,4541854,-1.22938597202301
"2056","Oman","OMN",2018,23.0858753260052,38673.6045360857,4601157,0.687195003032684
"2057","Oman","OMN",2019,21.0847676801659,38292.3859682752,4602768,NA
"2058","Oman","OMN",2020,24.4225146727263,37560.5998714953,4543399,NA
"2059","Pakistan","PAK",2000,2.68616921245856,3531.71291531612,154369924,NA
"2060","Pakistan","PAK",2001,2.64899604943576,3559.72784658715,159217727,NA
"2061","Pakistan","PAK",2002,2.64732265276326,3563.67846926558,163262807,NA
"2062","Pakistan","PAK",2003,2.5934751081778,3668.77938852508,166876680,NA
"2063","Pakistan","PAK",2004,2.72121984411188,3859.64601808903,170648620,NA
"2064","Pakistan","PAK",2005,2.76678556611308,4042.15457513378,174372098,NA
"2065","Pakistan","PAK",2006,2.91146572188812,4185.86655659206,178069984,NA
"2066","Pakistan","PAK",2007,3.03411181517057,4257.92556870432,181924521,NA
"2067","Pakistan","PAK",2008,3.03112817254207,4233.34830715497,185931955,NA
"2068","Pakistan","PAK",2009,2.96903952125411,4270.43882264229,190123222,NA
"2069","Pakistan","PAK",2010,2.86125647048555,4228.7817715945,194454498,NA
"2070","Pakistan","PAK",2011,2.89674099984569,4246.06710882497,198602738,NA
"2071","Pakistan","PAK",2012,2.93571174015111,4292.02110293486,202205861,NA
"2072","Pakistan","PAK",2013,3.00047357930145,4407.14705841377,205337562,NA
"2073","Pakistan","PAK",2014,3.05395079776745,4520.23463399286,208251628,NA
"2074","Pakistan","PAK",2015,3.10188462256522,4645.28631071145,210969298,NA
"2075","Pakistan","PAK",2016,3.24561361072052,4886.61212115378,213524840,NA
"2076","Pakistan","PAK",2017,3.41251822668997,5031.56060738433,216379655,NA
"2077","Pakistan","PAK",2018,3.32948206612231,5255.06350681272,219731479,NA
"2078","Pakistan","PAK",2019,3.31073895565798,5295.95295138203,223293280,NA
"2079","Pakistan","PAK",2020,3.36948568385986,5135.01459288839,227196741,NA
"2080","Panama","PAN",2000,3.80631766182746,14572.975232,3001731,-1.58294439315796
"2081","Panama","PAN",2001,3.89968076987312,14427.8299606334,3061024,-1.8867039680481
"2082","Panama","PAN",2002,4.01265579522773,14507.1438107336,3120990,-0.0157050862908363
"2083","Panama","PAN",2003,3.9218569538891,14957.5532635396,3181608,0.956241548061371
"2084","Panama","PAN",2004,4.04685703151912,15875.1126783664,3243311,3.54369044303894
"2085","Panama","PAN",2005,3.92264083806072,16867.9609254194,3305868,3.14920854568481
"2086","Panama","PAN",2006,3.96829949317043,18190.2741172461,3368573,4.81697797775269
"2087","Panama","PAN",2007,5.22378583428769,20208.821572788,3431614,5.11423683166504
"2088","Panama","PAN",2008,5.19023239196679,21867.8187584359,3495276,1.88123381137848
"2089","Panama","PAN",2009,4.86487392114828,21822.9876932564,3559343,-3.29471468925476
"2090","Panama","PAN",2010,5.59737015373496,22739.1106168049,3623617,-0.143453449010849
"2091","Panama","PAN",2011,6.07100810443495,24999.4605937327,3688674,3.92368674278259
"2092","Panama","PAN",2012,6.65567500920886,26926.8852753071,3754862,1.24071133136749
"2093","Panama","PAN",2013,6.78466143516094,28135.3278985154,3821556,-1.47844648361206
"2094","Panama","PAN",2014,6.69333244549455,28931.8044469554,3888793,-2.3224401473999
"2095","Panama","PAN",2015,6.38383889635506,29933.1555724329,3957099,-1.7447258234024
"2096","Panama","PAN",2016,6.40178170274776,30765.2371628659,4026336,-2.24261426925659
"2097","Panama","PAN",2017,6.20774335789335,31979.8122713941,4096063,-0.815165162086487
"2098","Panama","PAN",2018,5.76975325354949,32681.4463626977,4165255,-3.97453165054321
"2099","Panama","PAN",2019,6.2598980352123,33163.7269089339,4232532,NA
"2100","Panama","PAN",2020,4.87164105539366,26881.7987053989,4294396,NA
"2101","Papua New Guinea","PNG",2000,2.24347589174133,3326.79859970528,5508297,NA
"2102","Papua New Guinea","PNG",2001,2.16188878575651,3211.75932963208,5698489,NA
"2103","Papua New Guinea","PNG",2002,2.38900397930878,3100.79509952543,5892596,NA
"2104","Papua New Guinea","PNG",2003,2.15210196209303,3064.44402995345,6090980,NA
"2105","Papua New Guinea","PNG",2004,2.1568466814446,3046.33289602666,6293166,NA
"2106","Papua New Guinea","PNG",2005,2.00998173621228,3136.58568251035,6498818,NA
"2107","Papua New Guinea","PNG",2006,2.0730268279475,3202.48730426388,6708217,NA
"2108","Papua New Guinea","PNG",2007,1.98766905942924,3345.85030363442,6921066,NA
"2109","Papua New Guinea","PNG",2008,1.98666119722986,3233.91811872812,7137988,NA
"2110","Papua New Guinea","PNG",2009,2.03985910159032,3349.64345389883,7358890,NA
"2111","Papua New Guinea","PNG",2010,2.11099622769796,3579.17141222267,7583269,NA
"2112","Papua New Guinea","PNG",2011,2.33261157168871,3514.83277391807,7806637,NA
"2113","Papua New Guinea","PNG",2012,2.65315873571209,3577.4517726759,8026545,NA
"2114","Papua New Guinea","PNG",2013,2.23315236914369,3615.28323843913,8245627,NA
"2115","Papua New Guinea","PNG",2014,1.90815753598592,3998.61805004308,8464153,NA
"2116","Papua New Guinea","PNG",2015,1.9179518616186,4154.52332559184,8682174,NA
"2117","Papua New Guinea","PNG",2016,1.86178338061162,4275.74858615698,8899169,NA
"2118","Papua New Guinea","PNG",2017,1.76417347084285,4322.22282084806,9114796,NA
"2119","Papua New Guinea","PNG",2018,1.83180916335724,4211.1454741469,9329227,NA
"2120","Papua New Guinea","PNG",2019,1.90894250006725,4301.61139205544,9542486,NA
"2121","Papua New Guinea","PNG",2020,1.76899495105976,4077.63132163554,9749640,NA
"2122","Paraguay","PRY",2000,5.81855033788945,9998.59285445016,5123819,-4.51877021789551
"2123","Paraguay","PRY",2001,5.92484193814624,9749.25865842117,5211541,-4.00886917114258
"2124","Paraguay","PRY",2002,4.95452238686018,9610.74777842015,5286512,-3.3460681438446
"2125","Paraguay","PRY",2003,4.76955058306337,9903.45028992033,5353254,-0.0590246468782424
"2126","Paraguay","PRY",2004,4.66034838258647,10187.1943942536,5416324,-2.97251915931702
"2127","Paraguay","PRY",2005,4.40704876095885,10290.1008222945,5476878,-2.16911602020264
"2128","Paraguay","PRY",2006,4.6976304738957,10672.9933252368,5534675,2.8730034828186
"2129","Paraguay","PRY",2007,5.23016185978433,11141.8704701862,5590145,0.429173737764359
"2130","Paraguay","PRY",2008,5.64674898320216,11751.1391651669,5645148,1.64078617095947
"2131","Paraguay","PRY",2009,5.59328108531526,11601.2854565093,5702574,-3.69824004173279
"2132","Paraguay","PRY",2010,6.40648764121315,12738.5765601705,5768613,7.3684492111206
"2133","Paraguay","PRY",2011,6.70632447039526,13109.4665717863,5843939,-0.158551037311554
"2134","Paraguay","PRY",2012,6.54343249784359,12834.8015915074,5923322,-6.08244228363037
"2135","Paraguay","PRY",2013,6.43188199874337,13700.7030515364,6005652,5.69219970703125
"2136","Paraguay","PRY",2014,7.0215644671299,14219.354423733,6090721,3.19284796714783
"2137","Paraguay","PRY",2015,6.46178363277082,14427.6002349787,6177950,-0.0933467373251915
"2138","Paraguay","PRY",2016,6.64424959922836,14826.6636909956,6266615,0.893776178359985
"2139","Paraguay","PRY",2017,6.62982899033334,15320.3366476959,6355404,0.105792053043842
"2140","Paraguay","PRY",2018,6.53497712618091,15592.9841390273,6443328,-1.47032046318054
"2141","Paraguay","PRY",2019,6.44996669567132,15321.3245528933,6530026,NA
"2142","Paraguay","PRY",2020,6.12900395023096,14991.6606201094,6618695,NA
"2143","Peru","PER",2000,3.11590438708629,7669.0953178046,26654439,-2.14495468139648
"2144","Peru","PER",2001,3.06926954113481,7611.6662817532,27014909,-2.13489031791687
"2145","Peru","PER",2002,3.19057702039028,7931.57975039907,27334503,2.04867362976074
"2146","Peru","PER",2003,3.08705490945958,8174.37942683849,27623341,0.386560052633286
"2147","Peru","PER",2004,3.11503820042796,8495.986392858,27893911,0.798542320728302
"2148","Peru","PER",2005,3.15808826083068,8949.95442691077,28147267,1.70251905918121
"2149","Peru","PER",2006,3.29361126485147,9547.91327762554,28381078,2.69452476501465
"2150","Peru","PER",2007,3.48583768426197,10286.3548193625,28600387,3.66879272460938
"2151","Peru","PER",2008,3.90592631528417,11151.530521564,28806185,3.77074527740479
"2152","Peru","PER",2009,3.70093650603758,11204.3768755244,29009326,-3.14836287498474
"2153","Peru","PER",2010,3.99312693379,12059.0180183322,29229572,3.72734475135803
"2154","Peru","PER",2011,4.14737031216548,12726.5999815198,29477721,1.59804797172546
"2155","Peru","PER",2012,4.42828394807397,13395.3993805891,29749589,0.809543192386627
"2156","Peru","PER",2013,4.36232669147988,14052.1376191683,30038809,1.55767095088959
"2157","Peru","PER",2014,4.38362090995334,14244.5660212948,30353951,-1.06524252891541
"2158","Peru","PER",2015,4.30145122281322,14542.7930911313,30711863,0.899025678634644
"2159","Peru","PER",2016,4.3034231324027,14917.4489473588,31132779,1.97707688808441
"2160","Peru","PER",2017,4.06044894026496,15069.5221084659,31605486,-1.26259326934814
"2161","Peru","PER",2018,4.11396188569974,15386.2601642505,32203944,0.731863975524902
"2162","Peru","PER",2019,4.18420845068404,15463.5432397882,32824861,NA
"2163","Peru","PER",2020,3.80496148576726,13609.5999609595,33304756,NA
"2164","Philippines","PHL",2000,2.75058859321079,4740.43891694569,77958223,2.84780263900757
"2165","Philippines","PHL",2001,2.67156294879364,4778.4008437474,79626086,-1.71534276008606
"2166","Philippines","PHL",2002,2.60279642079265,4856.49948429567,81285572,0.194146648049354
"2167","Philippines","PHL",2003,2.58097095141287,5003.38317718716,82942837,1.66991746425629
"2168","Philippines","PHL",2004,2.56288147501274,5229.45080700165,84607501,2.80777764320374
"2169","Philippines","PHL",2005,2.58504857636577,5386.81653712891,86261250,1.51918518543243
"2170","Philippines","PHL",2006,2.50888872602184,5578.57225112139,87901835,2.3164963722229
"2171","Philippines","PHL",2007,2.69836414722869,5840.06810169965,89561377,2.86671042442322
"2172","Philippines","PHL",2008,2.59962621608666,5987.03757861835,91252326,1.15607905387878
"2173","Philippines","PHL",2009,2.60125292562465,5965.30730902221,92946951,-1.76003170013428
"2174","Philippines","PHL",2010,2.63546452664744,6273.03927731515,94636700,3.71623659133911
"2175","Philippines","PHL",2011,2.65664399560388,6388.31296959977,96337913,0.0906350463628768
"2176","Philippines","PHL",2012,2.77394595356398,6697.55620962768,98032317,3.6191713809967
"2177","Philippines","PHL",2013,2.82395904657661,7016.53846470436,99700107,3.48071646690369
"2178","Philippines","PHL",2014,2.92371983712029,7340.361585912,101325201,3.14175152778625
"2179","Philippines","PHL",2015,3.00945805569631,7691.76308685047,103031365,1.13482165336609
"2180","Philippines","PHL",2016,3.22716200056188,8131.82537948653,104875266,-0.178137853741646
"2181","Philippines","PHL",2017,3.31332289508502,8584.13622709699,106738501,2.47196817398071
"2182","Philippines","PHL",2018,3.41340450094966,9016.28659637608,108568836,0.340277493000031
"2183","Philippines","PHL",2019,3.50512834324902,9452.2939715981,110380804,NA
"2184","Philippines","PHL",2020,3.35719571148182,8455.18457134106,112190977,NA
"2185","Poland","POL",2000,10.8005866146375,18566.3546288772,38258629,2.78365397453308
"2186","Poland","POL",2001,10.5661134251014,18800.6018648402,38248076,0.406664699316025
"2187","Poland","POL",2002,10.4780018364531,19166.9137058143,38230364,2.2942488193512
"2188","Poland","POL",2003,10.4909377038484,19855.6317989181,38204570,2.51117920875549
"2189","Poland","POL",2004,10.5950303722875,20878.6545002534,38182222,2.73682451248169
"2190","Poland","POL",2005,10.8886700081616,21568.9476594356,38165445,0.33095446228981
"2191","Poland","POL",2006,11.2703017284866,22921.1975887696,38141267,1.75104379653931
"2192","Poland","POL",2007,11.5842663913687,24484.0656663756,38120560,1.20181322097778
"2193","Poland","POL",2008,11.9375683888452,25553.9058406534,38125759,-1.05962836742401
"2194","Poland","POL",2009,11.0530707960277,26204.410367111,38151603,0.434371590614319
"2195","Poland","POL",2010,11.7989235111246,27112.1333797381,38042794,3.18416285514832
"2196","Poland","POL",2011,11.7177843365653,28521.6612623568,38063255,2.40617632865906
"2197","Poland","POL",2012,11.4501674877129,28952.9157305301,38063164,-0.373680502176285
"2198","Poland","POL",2013,11.0600519641861,29168.624211075,38040196,-0.314577788114548
"2199","Poland","POL",2014,10.8575602261338,30334.8786569618,38011735,0.232089161872864
"2200","Poland","POL",2015,10.7240208240863,31700.3682364154,37986412,0.794363737106323
"2201","Poland","POL",2016,10.827869792672,32675.3052259954,37970087,0.909769356250763
"2202","Poland","POL",2017,11.2650919548247,34354.5987616319,37974826,2.37325620651245
"2203","Poland","POL",2018,11.300939816648,36500.4114282584,37974750,3.29486417770386
"2204","Poland","POL",2019,10.7817936983602,38181.6230334689,37965475,NA
"2205","Poland","POL",2020,10.5464926502267,37852.8021313639,37899070,NA
"2206","Portugal","PRT",2000,12.4950135034986,35069.8274234319,10289898,-0.581662595272064
"2207","Portugal","PRT",2001,12.2433030341639,35500.2265279823,10362722,-0.76449990272522
"2208","Portugal","PRT",2002,12.5965635373122,35578.5198767402,10419631,-0.699163973331451
"2209","Portugal","PRT",2003,12.3006519717557,35115.3793639394,10458821,-1.20598030090332
"2210","Portugal","PRT",2004,12.3786177544773,35658.1296697307,10483861,1.34977388381958
"2211","Portugal","PRT",2005,12.4286824624892,35870.3091157968,10503330,0.198365911841392
"2212","Portugal","PRT",2006,11.9175486152859,36387.5365744003,10522288,-0.284359842538834
"2213","Portugal","PRT",2007,11.8041587889566,37226.4700908599,10542964,0.753460764884949
"2214","Portugal","PRT",2008,11.7838807896392,37291.504724285,10558177,-1.61499452590942
"2215","Portugal","PRT",2009,11.1681974582672,36092.8107699144,10568247,-2.70991182327271
"2216","Portugal","PRT",2010,10.7681983983799,36703.1140208942,10573100,1.37649965286255
"2217","Portugal","PRT",2011,9.97900347784602,36127.2948149171,10557560,-1.01935458183289
"2218","Portugal","PRT",2012,9.01404469615934,34804.6331855419,10514844,-1.74792718887329
"2219","Portugal","PRT",2013,8.90378689554765,34651.7717994279,10457295,0.624471843242645
"2220","Portugal","PRT",2014,8.99537261920391,35097.4096770211,10401062,-0.530374705791473
"2221","Portugal","PRT",2015,9.39267833894987,35803.3574097749,10358076,0.344951987266541
"2222","Portugal","PRT",2016,9.45452671437023,36636.2976816869,10325452,0.581279873847961
"2223","Portugal","PRT",2017,9.93344615845179,37943.1150594783,10300300,0.935952603816986
"2224","Portugal","PRT",2018,9.77698472572678,39123.6147595275,10283822,0.382856696844101
"2225","Portugal","PRT",2019,9.47518989933165,40188.2866846655,10286263,NA
"2226","Portugal","PRT",2020,9.281495241483,36852.2283864876,10297081,NA
"2227","Qatar","QAT",2000,62.2860484082562,93187.0628594345,645937,6.01791334152222
"2228","Qatar","QAT",2001,65.2951846476397,92115.8257561269,678831,-7.46313619613647
"2229","Qatar","QAT",2002,64.696779570263,94111.689385267,713186,-3.03390526771545
"2230","Qatar","QAT",2003,69.1702342267704,93224.4541710123,748525,-12.6021995544434
"2231","Qatar","QAT",2004,66.5724358266608,107023.682595438,777943,2.1544337272644
"2232","Qatar","QAT",2005,73.9104796517677,107784.523492671,848710,-5.43288516998291
"2233","Qatar","QAT",2006,68.0785520836956,115383.744098991,1015060,-0.25212773680687
"2234","Qatar","QAT",2007,66.2901168507188,109579.786495681,1231893,-15.1996078491211
"2235","Qatar","QAT",2008,63.3501000728324,109206.40491188,1444277,-7.43307018280029
"2236","Qatar","QAT",2009,60.8288262750136,108435.853601326,1610274,-4.40650463104248
"2237","Qatar","QAT",2010,51.5279431793312,129045.005604062,1713504,6.59322929382324
"2238","Qatar","QAT",2011,62.3511263911209,145591.019362857,1804171,4.13432312011719
"2239","Qatar","QAT",2012,57.6994730471553,143830.710940029,1905660,-4.40891599655151
"2240","Qatar","QAT",2013,62.0047382082583,136453.997390961,2035501,-6.02310752868652
"2241","Qatar","QAT",2014,59.431879043704,128013.987050891,2214465,-4.10177135467529
"2242","Qatar","QAT",2015,47.8692411215913,123070.887876565,2414573,-3.9217963218689
"2243","Qatar","QAT",2016,48.791665911487,120054.408736518,2595166,-6.11176776885986
"2244","Qatar","QAT",2017,45.5926095751689,115064.943662853,2711755,-3.01715564727783
"2245","Qatar","QAT",2018,43.9998642799693,114909.945485127,2766732,-3.52781772613525
"2246","Qatar","QAT",2019,38.0198318238551,113160.973779334,2807235,NA
"2247","Qatar","QAT",2020,43.316173095791,103061.913422502,2760385,NA
"2248","Romania","ROU",2000,6.3195383443193,14852.0045228553,22442971,1.77694869041443
"2249","Romania","ROU",2001,6.56581260329478,15846.6020661761,22131970,4.49157476425171
"2250","Romania","ROU",2002,6.54018280065282,17059.7972301295,21730496,9.7122974395752
"2251","Romania","ROU",2003,7.01070113432651,17585.5740124781,21574326,8.40818500518799
"2252","Romania","ROU",2004,7.37953253010365,19530.3825522358,21451748,9.03531074523926
"2253","Romania","ROU",2005,7.77067144981894,20568.7165343689,21319685,13.5021781921387
"2254","Romania","ROU",2006,8.21919090524079,22352.1632721707,21193760,5.858717918396
"2255","Romania","ROU",2007,9.24421352378152,24325.7806625167,20882982,-0.363173097372055
"2256","Romania","ROU",2008,9.44240708666057,27036.6964764678,20537875,-15.172679901123
"2257","Romania","ROU",2009,7.49889605162797,25758.8641747456,20367487,-6.33596324920654
"2258","Romania","ROU",2010,7.45346404407333,24900.2303252792,20246871,-5.7894115447998
"2259","Romania","ROU",2011,7.70233892164552,26147.9394614015,20147528,0.329595327377319
"2260","Romania","ROU",2012,7.50273407864783,26764.5812626098,20058035,2.83792448043823
"2261","Romania","ROU",2013,6.83082995634511,26939.0387629625,19983693,2.38872718811035
"2262","Romania","ROU",2014,6.929514087595,28153.1072772672,19908979,1.3500372171402
"2263","Romania","ROU",2015,6.97998072797792,29178.7445167211,19815616,2.6560595035553
"2264","Romania","ROU",2016,7.11676935873303,30185.905903257,19702267,3.36013269424438
"2265","Romania","ROU",2017,7.6915872324712,32849.1077325096,19588715,3.67985582351685
"2266","Romania","ROU",2018,8.07379828247024,35065.180260834,19473970,2.11186933517456
"2267","Romania","ROU",2019,8.04946342481058,36633.36232592,19371648,NA
"2268","Romania","ROU",2020,7.68449571857863,35482.1963127972,19265250,NA
"2269","Russia","RUS",2000,8.94980186310439,NA,146596869,NA
"2270","Russia","RUS",2001,9.77218590448419,NA,145976482,NA
"2271","Russia","RUS",2002,10.0355757881498,NA,145306497,NA
"2272","Russia","RUS",2003,10.3585272933252,NA,144648618,NA
"2273","Russia","RUS",2004,10.9036289737622,NA,144067316,NA
"2274","Russia","RUS",2005,11.042640605722,NA,143518814,NA
"2275","Russia","RUS",2006,11.707697020078,NA,143049637,NA
"2276","Russia","RUS",2007,12.5141823682433,NA,142805114,NA
"2277","Russia","RUS",2008,12.5339252994035,NA,142742366,NA
"2278","Russia","RUS",2009,12.1568367869236,NA,142785349,NA
"2279","Russia","RUS",2010,12.4116660952756,NA,142849468,NA
"2280","Russia","RUS",2011,13.0255219062536,NA,142960908,NA
"2281","Russia","RUS",2012,13.1298678770194,NA,143201721,NA
"2282","Russia","RUS",2013,13.104146756487,NA,143506995,NA
"2283","Russia","RUS",2014,12.395152010746,NA,143819667,NA
"2284","Russia","RUS",2015,11.9035687459682,NA,144096870,NA
"2285","Russia","RUS",2016,12.1632147706743,NA,144342397,NA
"2286","Russia","RUS",2017,12.7081168043624,NA,144496739,NA
"2287","Russia","RUS",2018,12.388469596906,NA,144477859,NA
"2288","Russia","RUS",2019,13.2312832058946,NA,144406261,NA
"2289","Russia","RUS",2020,13.1781407072222,NA,144073139,NA
"2290","Rwanda","RWA",2000,1.42927455498629,1016.66199090104,8109989,3.59447050094604
"2291","Rwanda","RWA",2001,1.373092706487,1093.18409838429,8223941,3.23537993431091
"2292","Rwanda","RWA",2002,1.38742154509299,1220.7394919553,8372306,8.25031852722168
"2293","Rwanda","RWA",2003,1.38086724988799,1220.49916686742,8567992,-1.6784827709198
"2294","Rwanda","RWA",2004,1.38705686874618,1277.19280440829,8791853,3.58968234062195
"2295","Rwanda","RWA",2005,1.4138141821175,1360.29587570276,9026299,4.74832916259766
"2296","Rwanda","RWA",2006,1.3319526012791,1446.71094686551,9270066,5.17124509811401
"2297","Rwanda","RWA",2007,1.34311921569977,1516.26750609323,9523168,1.45515561103821
"2298","Rwanda","RWA",2008,1.40946221325524,1641.77767401672,9781996,4.02933549880982
"2299","Rwanda","RWA",2009,1.42251095305552,1699.94452992694,10043737,0.109159596264362
"2300","Rwanda","RWA",2010,1.42971592642786,1779.15851051568,10309031,1.43757379055023
"2301","Rwanda","RWA",2011,1.39469551190862,1874.21498172873,10576932,2.02945756912231
"2302","Rwanda","RWA",2012,1.58133398559949,1988.01219478847,10840334,2.15246105194092
"2303","Rwanda","RWA",2013,1.57811593385822,2032.40480194092,11101350,-1.89937686920166
"2304","Rwanda","RWA",2014,1.5774556695217,2106.21454365589,11368451,0.269563615322113
"2305","Rwanda","RWA",2015,1.65102819937545,2238.53941469642,11642959,2.21666312217712
"2306","Rwanda","RWA",2016,1.65962068999188,2316.63731573814,11930899,-0.676472961902618
"2307","Rwanda","RWA",2017,1.53896269973939,2351.59686866227,12230339,-0.463707834482193
"2308","Rwanda","RWA",2018,1.63478742711872,2493.44001744938,12531808,1.33062934875488
"2309","Rwanda","RWA",2019,1.71259383434444,2667.46458436613,12835028,NA
"2310","Rwanda","RWA",2020,1.61566735347045,2520.31739425373,13146362,NA
"2311","Saudi Arabia","SAU",2000,15.8827523710016,55962.2661342789,21547390,-1.53999733924866
"2312","Saudi Arabia","SAU",2001,16.1434375251291,53309.111388544,22085929,-8.64902687072754
"2313","Saudi Arabia","SAU",2002,16.1608897294298,50371.9783079834,22623415,-10.8459348678589
"2314","Saudi Arabia","SAU",2003,16.6035450239733,52234.649280791,23150847,1.97023415565491
"2315","Saudi Arabia","SAU",2004,16.7429398848599,54196.5514152953,23661808,-2.17427134513855
"2316","Saudi Arabia","SAU",2005,17.6220860388912,54931.7942450845,24397644,-2.26325440406799
"2317","Saudi Arabia","SAU",2006,18.392015997103,54373.737695386,25382870,-7.34639072418213
"2318","Saudi Arabia","SAU",2007,18.8450449568758,53318.4191601834,26400068,-6.84048414230347
"2319","Saudi Arabia","SAU",2008,19.92311863961,54407.7081673247,27437353,1.6074116230011
"2320","Saudi Arabia","SAU",2009,20.725099850785,51760.7643987566,28483797,-18.6440124511719
"2321","Saudi Arabia","SAU",2010,21.0297442795271,54911.547517012,29411929,-1.73580706119537
"2322","Saudi Arabia","SAU",2011,21.4727062203877,58645.464894853,30150945,1.89759814739227
"2323","Saudi Arabia","SAU",2012,22.8982629235718,59471.682017769,30821543,2.04841732978821
"2324","Saudi Arabia","SAU",2013,22.9000279098389,57998.4816777822,31482498,0.529527723789215
"2325","Saudi Arabia","SAU",2014,24.2210948365657,58872.2671400126,32125564,2.03768730163574
"2326","Saudi Arabia","SAU",2015,25.2656224176892,58498.5399040699,32749848,2.6453869342804
"2327","Saudi Arabia","SAU",2016,23.6766036226032,57308.4637764548,33416270,1.60953342914581
"2328","Saudi Arabia","SAU",2017,22.7314310454571,57942.5484983044,34193122,-0.366343230009079
"2329","Saudi Arabia","SAU",2018,21.6914796778145,61359.4653740388,35018133,3.20383787155151
"2330","Saudi Arabia","SAU",2019,21.5016957582875,62647.7141300525,35827362,NA
"2331","Saudi Arabia","SAU",2020,21.5497885057206,57420.7335736424,35997107,NA
"2332","Senegal","SEN",2000,2.31729561035268,3093.28791602615,9704287,-0.628528296947479
"2333","Senegal","SEN",2001,2.60594746191882,3149.33113703503,9938027,0.737282514572144
"2334","Senegal","SEN",2002,2.32983218829184,3075.23157503112,10180950,-2.66950941085815
"2335","Senegal","SEN",2003,2.55463218320035,3170.03494688479,10434504,3.13372325897217
"2336","Senegal","SEN",2004,2.77116804793186,3240.3020166984,10698691,1.5996812582016
"2337","Senegal","SEN",2005,2.73563058503436,3301.82076160815,10974057,0.912032306194305
"2338","Senegal","SEN",2006,2.5232412598973,3301.03152414193,11263387,-2.18941736221313
"2339","Senegal","SEN",2007,2.75142163131543,3316.42037834774,11563869,-0.267293095588684
"2340","Senegal","SEN",2008,2.77326909883036,3359.70567090311,11872929,-1.5704448223114
"2341","Senegal","SEN",2009,2.7477130280541,3371.46166688616,12195029,-3.11910581588745
"2342","Senegal","SEN",2010,2.70625595629258,3403.56707165919,12530121,-1.29375410079956
"2343","Senegal","SEN",2011,2.77431184422722,3362.87940537332,12875880,-3.5712103843689
"2344","Senegal","SEN",2012,2.60489680793089,3405.10864460824,13231833,-0.0650089457631111
"2345","Senegal","SEN",2013,2.67977768901137,3385.42590686562,13595566,-2.84481167793274
"2346","Senegal","SEN",2014,2.6384769327901,3484.01219749797,13970308,0.908829867839813
"2347","Senegal","SEN",2015,2.53480703180533,3593.79477120389,14356181,0.668671250343323
"2348","Senegal","SEN",2016,2.60018021361936,3710.05531589724,14751356,0.209609866142273
"2349","Senegal","SEN",2017,2.51942965381208,3871.4514678592,15157793,0.512939512729645
"2350","Senegal","SEN",2018,2.68434411102427,3998.28635303406,15574909,-0.39358526468277
"2351","Senegal","SEN",2019,2.67732412481022,4070.61227058594,16000781,NA
"2352","Senegal","SEN",2020,2.72719146396149,4018.04129277358,16436120,NA
"2353","Serbia","SRB",2000,0.892269163364763,11105.3287997175,7516346,6.54894208908081
"2354","Serbia","SRB",2001,1.02797886669911,11878.5127870566,7503433,4.41274118423462
"2355","Serbia","SRB",2002,1.25851209337817,12661.2325409627,7496522,6.61118221282959
"2356","Serbia","SRB",2003,1.57690991447479,13272.9487742652,7480591,3.94054794311523
"2357","Serbia","SRB",2004,1.9212016694506,14193.5723366138,7463157,9.86384582519531
"2358","Serbia","SRB",2005,1.93210006769286,15076.7167719493,7440769,10.3461360931396
"2359","Serbia","SRB",2006,2.23141878299347,15726.5248169658,7411569,3.1977801322937
"2360","Serbia","SRB",2007,2.86098230262598,17027.1357157595,7381579,0.973905205726624
"2361","Serbia","SRB",2008,3.02248706874994,17982.2767717474,7350222,0.464205324649811
"2362","Serbia","SRB",2009,2.29145387864576,17487.1460184544,7320807,0.365237891674042
"2363","Serbia","SRB",2010,2.37062781429436,17840.4347951655,7291436,4.35161304473877
"2364","Serbia","SRB",2011,2.04073462624428,17985.5794557541,7234099,4.86128902435303
"2365","Serbia","SRB",2012,2.01010514992782,17992.8097480545,7199077,-1.5870373249054
"2366","Serbia","SRB",2013,1.88518204900556,18162.1902958482,7164132,-1.06735074520111
"2367","Serbia","SRB",2014,1.84600726796727,17921.4348094092,7130576,-5.64878177642822
"2368","Serbia","SRB",2015,1.60439011697728,18246.7899524804,7095383,-0.151864156126976
"2369","Serbia","SRB",2016,1.7071543184267,18888.3266046834,7058322,-2.2321937084198
"2370","Serbia","SRB",2017,1.90091374294944,19437.9042052637,7020858,-1.40965962409973
"2371","Serbia","SRB",2018,2.22160122827046,20453.0815797261,6982604,2.30825352668762
"2372","Serbia","SRB",2019,2.31233696944651,21539.9212928014,6945235,NA
"2373","Serbia","SRB",2020,2.42451878116886,21477.8772156464,6899126,NA
"2374","Sierra Leone","SLE",2000,2.25425681116847,1983.28872384614,4584067,5.97087335586548
"2375","Sierra Leone","SLE",2001,2.21196897142679,1750.92464516643,4857096,-8.34872245788574
"2376","Sierra Leone","SLE",2002,2.22612132784754,2091.14110506622,5140113,20.7148761749268
"2377","Sierra Leone","SLE",2003,2.14120015265416,2198.2572054634,5350907,5.61573505401611
"2378","Sierra Leone","SLE",2004,2.1271972462021,2262.8721288184,5533329,2.07693338394165
"2379","Sierra Leone","SLE",2005,2.11109859326721,2298.72384461378,5683334,1.21568262577057
"2380","Sierra Leone","SLE",2006,2.15691394071701,2344.86224500738,5809774,1.5667210817337
"2381","Sierra Leone","SLE",2007,2.03889198181916,2379.94446774647,5939163,5.1304349899292
"2382","Sierra Leone","SLE",2008,2.03772311906962,2406.81530678537,6090860,2.11820149421692
"2383","Sierra Leone","SLE",2009,2.05298266244736,2378.72061176339,6259842,-1.02825713157654
"2384","Sierra Leone","SLE",2010,2.01276353115703,2461.98104777802,6436698,-7.06200075149536
"2385","Sierra Leone","SLE",2011,2.19618474633879,2592.85893546121,6612385,-8.63649749755859
"2386","Sierra Leone","SLE",2012,2.20681206147708,2795.43889111142,6788587,5.35332202911377
"2387","Sierra Leone","SLE",2013,2.4053037325282,3127.53945227621,6964859,13.1859560012817
"2388","Sierra Leone","SLE",2014,2.33443777125061,2815.05858238971,7140688,-1.99333310127258
"2389","Sierra Leone","SLE",2015,2.28852024227401,2630.53498647131,7314773,-28.0133209228516
"2390","Sierra Leone","SLE",2016,2.21818069899049,2734.71898873403,7493913,1.2858225107193
"2391","Sierra Leone","SLE",2017,2.16724789180137,2755.90428922426,7677565,-0.479063659906387
"2392","Sierra Leone","SLE",2018,2.28087838573085,2769.86967708939,7861281,-1.14555966854095
"2393","Sierra Leone","SLE",2019,2.12065808340819,2855.22906606837,8046828,NA
"2394","Sierra Leone","SLE",2020,2.08893436947859,2755.10252450787,8233970,NA
"2395","Singapore","SGP",2000,24.4861346561385,68314.5444027166,4027887,0.813957154750824
"2396","Singapore","SGP",2001,24.9604540584515,65784.4018813783,4138012,-6.78969383239746
"2397","Singapore","SGP",2002,21.8313048949325,67744.2702679808,4175950,2.00214290618896
"2398","Singapore","SGP",2003,23.0651950572737,71877.5348633552,4114826,3.21987533569336
"2399","Singapore","SGP",2004,23.2628774312757,78039.024710382,4166664,6.12071847915649
"2400","Singapore","SGP",2005,24.157296769764,81841.1587801054,4265762,2.98584961891174
"2401","Singapore","SGP",2006,23.334321779418,86463.8283836607,4401365,1.8295716047287
"2402","Singapore","SGP",2007,26.1301080627745,90417.8073849967,4588599,0.745939552783966
"2403","Singapore","SGP",2008,23.5620889161085,87329.5937792686,4839396,-6.5674877166748
"2404","Singapore","SGP",2009,21.2201836534569,84843.5194001734,4987573,-5.00488519668579
"2405","Singapore","SGP",2010,25.0104746934284,95456.1893079996,5076732,7.42832899093628
"2406","Singapore","SGP",2011,23.945184382229,99296.7561111269,5183688,-0.0143251875415444
"2407","Singapore","SGP",2012,24.7934884560901,101187.825333454,5312437,-1.82723844051361
"2408","Singapore","SGP",2013,25.3238144017283,104359.030680724,5399162,-1.55019450187683
"2409","Singapore","SGP",2014,24.2079501823735,107066.858613992,5469724,-1.98893010616302
"2410","Singapore","SGP",2015,23.0314832039363,108953.724294287,5535002,-2.20040225982666
"2411","Singapore","SGP",2016,22.8870315386914,111579.742684331,5607283,-1.57513570785522
"2412","Singapore","SGP",2017,23.4357111980274,116471.820764776,5612253,-0.244902372360229
"2413","Singapore","SGP",2018,24.3354574483476,119927.769127927,5638676,0.73209935426712
"2414","Singapore","SGP",2019,23.7613553607397,120114.133894235,5703569,NA
"2415","Singapore","SGP",2020,22.1934082541652,115893.042395938,5685807,NA
"2416","Slovakia","SVK",2000,9.29813150512396,NA,5388720,NA
"2417","Slovakia","SVK",2001,9.74258394666183,NA,5378867,NA
"2418","Slovakia","SVK",2002,9.70806683339272,NA,5376912,NA
"2419","Slovakia","SVK",2003,9.75384782458152,NA,5373374,NA
"2420","Slovakia","SVK",2004,9.85815176695386,NA,5372280,NA
"2421","Slovakia","SVK",2005,10.6496316689354,NA,5372807,NA
"2422","Slovakia","SVK",2006,10.8657777539315,NA,5373054,NA
"2423","Slovakia","SVK",2007,11.4617407487783,NA,5374622,NA
"2424","Slovakia","SVK",2008,12.0845910200599,NA,5379233,NA
"2425","Slovakia","SVK",2009,10.9574298149543,NA,5386406,NA
"2426","Slovakia","SVK",2010,11.7443477226808,NA,5391428,NA
"2427","Slovakia","SVK",2011,11.3699134502942,NA,5398384,NA
"2428","Slovakia","SVK",2012,10.365475478269,NA,5407579,NA
"2429","Slovakia","SVK",2013,10.4536735236266,NA,5413393,NA
"2430","Slovakia","SVK",2014,10.2707672044057,NA,5418649,NA
"2431","Slovakia","SVK",2015,10.3357098125989,NA,5423801,NA
"2432","Slovakia","SVK",2016,10.6688816036464,NA,5430798,NA
"2433","Slovakia","SVK",2017,10.7420669217226,NA,5439232,NA
"2434","Slovakia","SVK",2018,10.8802335759355,NA,5446771,NA
"2435","Slovakia","SVK",2019,11.2022839933355,NA,5454147,NA
"2436","Slovakia","SVK",2020,10.6812487673708,NA,5458827,NA
"2437","Slovenia","SVN",2000,14.3405167799414,30063.1185898035,1988925,0.626834094524384
"2438","Slovenia","SVN",2001,14.6855549532873,30864.8593872124,1992060,1.01734793186188
"2439","Slovenia","SVN",2002,14.364427464419,31838.5469043586,1994530,0.908107161521912
"2440","Slovenia","SVN",2003,14.8994669649363,32835.993386037,1995733,1.77604675292969
"2441","Slovenia","SVN",2004,15.5434635839668,34306.7388496443,1997012,2.62542057037354
"2442","Slovenia","SVN",2005,15.382157072971,35567.3052544187,2000474,2.68437170982361
"2443","Slovenia","SVN",2006,14.9963841539837,37548.8841971027,2006868,2.54278445243835
"2444","Slovenia","SVN",2007,15.9413043387922,40005.2467444859,2018122,2.52278208732605
"2445","Slovenia","SVN",2008,16.7550911999928,41288.9727557999,2021316,-0.0794837996363639
"2446","Slovenia","SVN",2009,14.973943731705,37811.5788513485,2039669,-7.36418533325195
"2447","Slovenia","SVN",2010,15.2259862362581,38065.7361511822,2048583,2.27994537353516
"2448","Slovenia","SVN",2011,14.5433581903091,38235.7228432228,2052843,1.41670000553131
"2449","Slovenia","SVN",2012,13.6936085472908,37043.0646872377,2057159,-2.3603687286377
"2450","Slovenia","SVN",2013,13.1962179351291,36688.0834957932,2059953,-0.746735811233521
"2451","Slovenia","SVN",2014,12.5559354437279,37664.6519433353,2061980,1.97864055633545
"2452","Slovenia","SVN",2015,12.3051651344755,38537.0951946684,2063531,0.755351066589355
"2453","Slovenia","SVN",2016,12.6618229411557,39677.4171473288,2065042,1.31179404258728
"2454","Slovenia","SVN",2017,12.6947186712342,41703.303948468,2066388,1.98783111572266
"2455","Slovenia","SVN",2018,12.9525605806691,43371.9809596182,2073894,1.47651600837708
"2456","Slovenia","SVN",2019,12.9276123377946,44580.7777658794,2088385,NA
"2457","Slovenia","SVN",2020,12.0408277995757,42474.2247069866,2102419,NA
"2458","Somalia","SOM",2000,4.00849635604015,702.597884642105,8721465,NA
"2459","Somalia","SOM",2001,3.23691630515927,723.120180319118,9070747,NA
"2460","Somalia","SOM",2002,4.03881718303175,749.644477800483,9411103,NA
"2461","Somalia","SOM",2003,4.25649761768939,777.605443472158,9758281,NA
"2462","Somalia","SOM",2004,3.65618648497492,802.77163830945,10117354,NA
"2463","Somalia","SOM",2005,3.27840194835717,830.509147724838,10467292,NA
"2464","Somalia","SOM",2006,3.26663399217575,857.685803053548,10784973,NA
"2465","Somalia","SOM",2007,3.23174335680615,887.050959226108,11118092,NA
"2466","Somalia","SOM",2008,3.31523455478208,918.802293799713,11444870,NA
"2467","Somalia","SOM",2009,3.04169315385429,955.877228274248,11730037,NA
"2468","Somalia","SOM",2010,3.57966194924042,994.868463102852,12026649,NA
"2469","Somalia","SOM",2011,3.91954061989964,1053.9838388457,12216837,NA
"2470","Somalia","SOM",2012,4.88322889378661,1114.4041510607,12440326,NA
"2471","Somalia","SOM",2013,4.68383854275467,1197.29191546886,12852485,NA
"2472","Somalia","SOM",2014,4.96918938915246,1258.82249426267,13309235,NA
"2473","Somalia","SOM",2015,4.75743554087914,1343.44296664306,13763906,NA
"2474","Somalia","SOM",2016,4.05584511318809,1383.65853160293,14292847,NA
"2475","Somalia","SOM",2017,2.9693488478184,1527.11215779223,14864221,NA
"2476","Somalia","SOM",2018,2.96807286492128,1504.43908725289,15411094,NA
"2477","Somalia","SOM",2019,3.30885355315337,1491.10760399509,15981300,NA
"2478","Somalia","SOM",2020,3.29397171607912,1396.05343344361,16537016,NA
"2479","South Africa","ZAF",2000,8.51875916020521,11197.5148952493,46813266,1.96578586101532
"2480","South Africa","ZAF",2001,8.54405305612706,11401.4310542259,47229714,2.58676171302795
"2481","South Africa","ZAF",2002,8.66599403373149,11711.8839542087,47661514,-1.26438617706299
"2482","South Africa","ZAF",2003,9.34912084406668,11937.7154170418,48104048,1.72145807743073
"2483","South Africa","ZAF",2004,10.0263364381019,12356.3163369664,48556071,1.12417924404144
"2484","South Africa","ZAF",2005,10.1021975189561,12877.3063105512,49017147,-0.406887233257294
"2485","South Africa","ZAF",2006,10.0734893737634,13460.6894225103,49491756,-1.14733672142029
"2486","South Africa","ZAF",2007,10.1916493062958,14033.4008432554,49996094,2.42812323570251
"2487","South Africa","ZAF",2008,10.2489299634964,14315.1896495205,50565812,-2.27820992469788
"2488","South Africa","ZAF",2009,10.0843494323588,13927.7288929376,51170779,-2.70134735107422
"2489","South Africa","ZAF",2010,10.1579971649439,14182.3342847818,51784921,2.26234149932861
"2490","South Africa","ZAF",2011,9.81159694461882,14451.929184196,52443325,-0.472758382558823
"2491","South Africa","ZAF",2012,10.0737343892643,14581.5889567472,53145033,-1.30857634544373
"2492","South Africa","ZAF",2013,9.92296376677598,14699.0668127928,53873616,-1.40918779373169
"2493","South Africa","ZAF",2014,9.6652891607901,14661.2624348251,54729551,-1.1542387008667
"2494","South Africa","ZAF",2015,8.98467016671077,14559.4743780889,55876504,-2.91031646728516
"2495","South Africa","ZAF",2016,8.79477990595939,14519.030855302,56422274,-1.22388887405396
"2496","South Africa","ZAF",2017,8.99343520301366,14591.4366758593,56641209,-1.36907207965851
"2497","South Africa","ZAF",2018,8.95246407800838,14571.3756333595,57339635,-0.725110590457916
"2498","South Africa","ZAF",2019,8.90578207712565,14370.2380390151,58087055,NA
"2499","South Africa","ZAF",2020,8.10083070677908,13266.785814741,58801927,NA
"2500","Spain","ESP",2000,12.0265860895537,39945.8971298178,40567864,-0.0882981419563293
"2501","Spain","ESP",2001,11.9488372583033,41224.2924057393,40850412,-0.254377573728561
"2502","Spain","ESP",2002,12.4144511239709,41766.0378188791,41431558,-0.853425621986389
"2503","Spain","ESP",2003,12.963875318572,42223.130174522,42187645,-1.15461122989655
"2504","Spain","ESP",2004,13.4139528435882,42793.3902326006,42921895,-1.30462574958801
"2505","Spain","ESP",2005,13.7865694733481,43570.7652574033,43653155,-1.23500549793243
"2506","Spain","ESP",2006,13.7580807104166,44572.6815459931,44397319,-0.802881062030792
"2507","Spain","ESP",2007,14.2432448226837,45301.2843416374,45226803,-0.752021610736847
"2508","Spain","ESP",2008,13.2313518656739,44926.348951812,45954106,-1.17714273929596
"2509","Spain","ESP",2009,11.2172084963832,42852.220888454,46362946,-0.932230532169342
"2510","Spain","ESP",2010,10.9510602696344,42695.5274189933,46576897,0.133671805262566
"2511","Spain","ESP",2011,10.7274935043689,42271.8346788238,46742697,-0.136874213814735
"2512","Spain","ESP",2012,10.0047052987926,41034.0481566356,46773055,-1.27888906002045
"2513","Spain","ESP",2013,9.44801952699891,40594.914008768,46620045,-0.587799549102783
"2514","Spain","ESP",2014,9.51041338615057,41339.4111169417,46480882,-0.182010307908058
"2515","Spain","ESP",2015,9.61471378015304,43053.761430314,46444832,0.94934344291687
"2516","Spain","ESP",2016,9.53293492459228,44274.6676149922,46484062,0.331308841705322
"2517","Spain","ESP",2017,9.83608168722782,45446.2508575695,46593236,0.139206096529961
"2518","Spain","ESP",2018,9.90434466546134,46325.2099441141,46797754,-0.152444824576378
"2519","Spain","ESP",2019,9.44746322266327,46896.4171141424,47134837,NA
"2520","Spain","ESP",2020,8.54631611541367,41553.4477945675,47365655,NA
"2521","Sri Lanka","LKA",2000,2.78157357901172,6428.61341890463,18776371,0.652204096317291
"2522","Sri Lanka","LKA",2001,2.60643879029529,6230.03051864853,18920275,-3.11710667610169
"2523","Sri Lanka","LKA",2002,2.6200784826312,6409.86278893446,19110707,0.35127854347229
"2524","Sri Lanka","LKA",2003,2.69872091443494,6741.01248849424,19303180,2.51594042778015
"2525","Sri Lanka","LKA",2004,2.71986089095866,7059.91098068568,19490431,1.35627686977386
"2526","Sri Lanka","LKA",2005,2.82809272013145,7452.74234124518,19673866,1.89537084102631
"2527","Sri Lanka","LKA",2006,2.88252113277583,7970.66491021045,19870706,1.95836925506592
"2528","Sri Lanka","LKA",2007,2.9232188597411,8454.2067533326,20078655,2.81754159927368
"2529","Sri Lanka","LKA",2008,3.05888228210495,8897.82686006864,20285643,-0.638560473918915
"2530","Sri Lanka","LKA",2009,2.84120306792815,9156.31906483165,20482477,0.207060992717743
"2531","Sri Lanka","LKA",2010,3.03123593837988,9832.18622337307,20668557,3.39113163948059
"2532","Sri Lanka","LKA",2011,3.41991416367367,10618.4925999943,20859743,3.77166676521301
"2533","Sri Lanka","LKA",2012,3.56786586370423,11447.6937741445,21017147,4.16002750396729
"2534","Sri Lanka","LKA",2013,3.26496267594971,12249.7223350448,21131756,-2.26479578018188
"2535","Sri Lanka","LKA",2014,3.29372377251385,12909.9663066055,21239457,0.574450314044952
"2536","Sri Lanka","LKA",2015,3.5762310297297,13329.7793438947,21336697,0.373408585786819
"2537","Sri Lanka","LKA",2016,3.60069316785579,13845.6146782368,21425494,-0.13221737742424
"2538","Sri Lanka","LKA",2017,3.51434927692643,14572.4858214565,21506813,-1.61416256427765
"2539","Sri Lanka","LKA",2018,3.51396841974679,14759.8248945765,21670000,-0.75531017780304
"2540","Sri Lanka","LKA",2019,3.47440224985513,14637.44429132,21803000,NA
"2541","Sri Lanka","LKA",2020,3.30298936122549,13886.6513728651,21919000,NA
"2542","Sudan","SDN",2000,4.44986553119893,3575.85205078125,26298773,1.44747221469879
"2543","Sudan","SDN",2001,4.85591749232725,3701.548828125,26947253,-1.15140640735626
"2544","Sudan","SDN",2002,4.9544033347804,3814.31323242188,27570318,-6.49001026153564
"2545","Sudan","SDN",2003,4.53894798858086,3946.92260742188,28188977,-0.187129512429237
"2546","Sudan","SDN",2004,4.75930344352007,4041.05712890625,28831550,-2.09120321273804
"2547","Sudan","SDN",2005,5.10559149393582,4152.32275390625,29540577,-1.31562864780426
"2548","Sudan","SDN",2006,5.47160351557032,4299.97412109375,30332968,4.7854208946228
"2549","Sudan","SDN",2007,5.22133293842564,4415.78515625,31191163,5.44712400436401
"2550","Sudan","SDN",2008,5.32863069560151,4446.40966796875,32065241,3.1838915348053
"2551","Sudan","SDN",2009,5.27683857884841,4188.0546875,32948155,-1.86600375175476
"2552","Sudan","SDN",2010,4.98146000181654,4219.8369140625,33739933,-0.0708474814891815
"2553","Sudan","SDN",2011,4.94482597541713,4467.6259765625,34419624,-4.94052839279175
"2554","Sudan","SDN",2012,4.89784394324324,4145.931640625,35159792,-1.72055423259735
"2555","Sudan","SDN",2013,4.91468707016637,4130.48583984375,35990704,2.07578349113464
"2556","Sudan","SDN",2014,4.7711674042903,4207.50048828125,37003245,0.197881743311882
"2557","Sudan","SDN",2015,4.74196938508835,4159.1943359375,38171178,2.14220261573792
"2558","Sudan","SDN",2016,4.80499357669641,4174.56103515625,39377169,1.86365437507629
"2559","Sudan","SDN",2017,4.70575359585928,4061.01831054688,40679828,1.35890114307404
"2560","Sudan","SDN",2018,4.33305046366191,3816.65991210938,41999059,-5.34210300445557
"2561","Sudan","SDN",2019,4.09113894764253,3625.52319335938,43232093,NA
"2562","Sudan","SDN",2020,3.92251575865156,3401.24975585938,44440486,NA
"2563","Sweden","SWE",2000,17.1984176571756,47875.0844662248,8872109,2.07296133041382
"2564","Sweden","SWE",2001,16.3144250559002,48396.4480131984,8895960,-1.00650644302368
"2565","Sweden","SWE",2002,16.7978365103346,49337.9339663754,8924958,1.27600789070129
"2566","Sweden","SWE",2003,17.7549093558855,50079.2644126515,8958229,1.66101086139679
"2567","Sweden","SWE",2004,17.6717238749824,51967.5521829866,8993531,3.63062500953674
"2568","Sweden","SWE",2005,17.6337955208743,53205.8786711631,9029572,1.4945307970047
"2569","Sweden","SWE",2006,18.0218679387914,55381.3956841034,9080505,2.15611505508423
"2570","Sweden","SWE",2007,18.2791511411388,56745.0382579962,9148092,0.565631210803986
"2571","Sweden","SWE",2008,17.7656643562406,55784.9313453087,9219637,-2.08283233642578
"2572","Sweden","SWE",2009,16.0718828971292,52957.8847419787,9298515,-3.51999092102051
"2573","Sweden","SWE",2010,17.6776594177252,55527.9398099145,9378126,4.64935064315796
"2574","Sweden","SWE",2011,17.7130509065311,56853.8371607227,9449213,0.899637699127197
"2575","Sweden","SWE",2012,17.4349635108618,56200.9022565602,9519374,-1.80944347381592
"2576","Sweden","SWE",2013,17.1554748675477,56360.7084200436,9600379,-0.178938448429108
"2577","Sweden","SWE",2014,16.6056537158077,57085.3853562625,9696110,1.10840320587158
"2578","Sweden","SWE",2015,16.1975999145926,58975.977889509,9799186,2.39217472076416
"2579","Sweden","SWE",2016,16.2475148649827,59608.0874555511,9923085,0.313195466995239
"2580","Sweden","SWE",2017,16.3008092828799,59883.6677649278,10057698,-0.0307948440313339
"2581","Sweden","SWE",2018,15.9688997020831,60318.460717919,10175214,0.0696021243929863
"2582","Sweden","SWE",2019,15.2531047640141,61232.484852732,10278887,NA
"2583","Sweden","SWE",2020,14.9648926484238,59572.4747596976,10353442,NA
"2584","Switzerland","CHE",2000,19.2363486327091,67378.3901472877,7184250,1.87916421890259
"2585","Switzerland","CHE",2001,20.2828918975873,68008.3441852855,7229854,-0.935209333896637
"2586","Switzerland","CHE",2002,19.1176647973374,67446.4044310268,7284753,-1.32725834846497
"2587","Switzerland","CHE",2003,19.7786805393888,66926.167976443,7339001,-0.508054435253143
"2588","Switzerland","CHE",2004,19.4974844955563,68263.4411390817,7389625,1.62290954589844
"2589","Switzerland","CHE",2005,20.1333264155195,69692.5954827493,7437115,1.61048817634583
"2590","Switzerland","CHE",2006,19.9038630571125,72077.8598470308,7483934,1.34002101421356
"2591","Switzerland","CHE",2007,19.7727841940191,74234.3010991931,7551117,1.06697165966034
"2592","Switzerland","CHE",2008,20.5814039959649,75355.202488789,7647675,-0.544252812862396
"2593","Switzerland","CHE",2009,19.9583284165093,72709.8138293408,7743831,-3.17072725296021
"2594","Switzerland","CHE",2010,21.3278932513803,74290.2619629278,7824909,2.03109812736511
"2595","Switzerland","CHE",2011,23.2824212166583,74800.8886353533,7912398,-0.735410153865814
"2596","Switzerland","CHE",2012,21.934472033007,74883.6158924249,7996861,-1.03360402584076
"2597","Switzerland","CHE",2013,22.0186344114126,75354.1550500884,8089346,0.259801864624023
"2598","Switzerland","CHE",2014,20.9179473287572,76189.6018443969,8188649,0.393759965896606
"2599","Switzerland","CHE",2015,21.2632045798704,76566.0772542148,8282396,-0.511564433574677
"2600","Switzerland","CHE",2016,21.6417996618003,77301.2124304857,8373338,-0.124746888875961
"2601","Switzerland","CHE",2017,20.8821503727388,77626.9027376941,8451840,0.183367311954498
"2602","Switzerland","CHE",2018,20.0450877325754,79261.3563641288,8514329,1.18440735340118
"2603","Switzerland","CHE",2019,20.5340279554937,79596.7029465098,8575280,NA
"2604","Switzerland","CHE",2020,19.8044084358127,77324.8870934007,8638167,NA
"2605","Syria","SYR",2000,4.45348051781787,NA,16307654,NA
"2606","Syria","SYR",2001,3.97648043060238,NA,16727948,NA
"2607","Syria","SYR",2002,3.67314619657954,NA,17164021,NA
"2608","Syria","SYR",2003,3.58577001313529,NA,17611356,NA
"2609","Syria","SYR",2004,3.79360953682258,NA,18084007,NA
"2610","Syria","SYR",2005,4.44476550941203,NA,18583557,NA
"2611","Syria","SYR",2006,4.18662615631285,NA,19432009,NA
"2612","Syria","SYR",2007,4.16259753297585,NA,20703005,NA
"2613","Syria","SYR",2008,3.7339938222927,NA,21474059,NA
"2614","Syria","SYR",2009,4.18247506840744,NA,21827220,NA
"2615","Syria","SYR",2010,4.22459046118615,NA,22337563,NA
"2616","Syria","SYR",2011,4.0592362915616,NA,22730733,NA
"2617","Syria","SYR",2012,3.46271656410229,NA,22605577,NA
"2618","Syria","SYR",2013,2.5536270523003,NA,21495821,NA
"2619","Syria","SYR",2014,2.49287284416924,NA,20072232,NA
"2620","Syria","SYR",2015,2.50618342285814,NA,19205178,NA
"2621","Syria","SYR",2016,2.40223850664048,NA,18964252,NA
"2622","Syria","SYR",2017,2.55990799562909,NA,18983373,NA
"2623","Syria","SYR",2018,2.67136109599069,NA,19333463,NA
"2624","Syria","SYR",2019,2.82882647897909,NA,20098251,NA
"2625","Syria","SYR",2020,2.63073481821266,NA,20772595,NA
"2626","Tajikistan","TJK",2000,1.43689230181956,1365.23327447129,6272998,23.1913471221924
"2627","Tajikistan","TJK",2001,1.51449821139335,1467.39882474638,6408810,-10.8408250808716
"2628","Tajikistan","TJK",2002,1.6773738843372,1594.93890470219,6541755,1.15573859214783
"2629","Tajikistan","TJK",2003,1.64071227611426,1736.64039749855,6672492,7.32735395431519
"2630","Tajikistan","TJK",2004,1.74450712073883,1878.28696227255,6801204,6.27019548416138
"2631","Tajikistan","TJK",2005,1.83712811851804,1965.30020458256,6929145,6.34155988693237
"2632","Tajikistan","TJK",2006,1.96586504508706,2063.288508243,7057417,16.9250144958496
"2633","Tajikistan","TJK",2007,2.32986170994385,2181.89798056536,7188391,20.9110126495361
"2634","Tajikistan","TJK",2008,2.50531874732043,2308.09430040334,7324627,4.9279932975769
"2635","Tajikistan","TJK",2009,2.32626995521394,2349.50030269416,7468596,12.0366353988647
"2636","Tajikistan","TJK",2010,2.15612931311143,2449.27358745359,7621779,1.63109970092773
"2637","Tajikistan","TJK",2011,2.54464275768169,2572.48074895498,7784819,15.1513328552246
"2638","Tajikistan","TJK",2012,2.57507971009216,2700.09546037358,7956382,7.84268283843994
"2639","Tajikistan","TJK",2013,2.56202052989242,2828.38542075147,8136610,1.63221168518066
"2640","Tajikistan","TJK",2014,2.69419029374121,2943.08867917317,8326348,5.34908056259155
"2641","Tajikistan","TJK",2015,2.31360505481803,3041.44479553257,8524063,-3.57228350639343
"2642","Tajikistan","TJK",2016,2.39120271228776,3169.9667820524,8725318,1.51078760623932
"2643","Tajikistan","TJK",2017,2.44715941761674,3312.71202243506,8925525,6.81812953948975
"2644","Tajikistan","TJK",2018,2.48378525048461,3479.69235966041,9128132,0.963160395622253
"2645","Tajikistan","TJK",2019,2.61311247873771,3649.88375518646,9337003,NA
"2646","Tajikistan","TJK",2020,2.37445679935441,3724.7489591466,9543207,NA
"2647","Tanzania","TZA",2000,2.71062387906765,1839.93664550781,34463704,1.51969158649445
"2648","Tanzania","TZA",2001,2.73942464659361,1899.74536132813,35414469,2.38600087165833
"2649","Tanzania","TZA",2002,2.66272078496652,1982.64428710938,36353531,2.8600172996521
"2650","Tanzania","TZA",2003,2.87712503362465,2059.83740234375,37333918,1.21272706985474
"2651","Tanzania","TZA",2004,2.82938778588575,2155.24145507813,38360879,1.35797309875488
"2652","Tanzania","TZA",2005,2.82289916497357,2253.09326171875,39439505,0.518244087696075
"2653","Tanzania","TZA",2006,2.74819855618379,2334.1044921875,40562052,-1.35984444618225
"2654","Tanzania","TZA",2007,2.800008376112,2423.61596679688,41716497,-0.874586760997772
"2655","Tanzania","TZA",2008,2.74468710890701,2493.25927734375,42870884,-1.99639844894409
"2656","Tanzania","TZA",2009,2.73779307461463,2560.81103515625,43957933,-1.34898614883423
"2657","Tanzania","TZA",2010,2.76437199672314,2654.80346679688,45110527,-0.476755350828171
"2658","Tanzania","TZA",2011,2.89075682769464,2779.70776367188,46416031,-0.219143450260162
"2659","Tanzania","TZA",2012,2.78523300620427,2822.4853515625,47786137,-2.45589017868042
"2660","Tanzania","TZA",2013,2.92613438492763,2924.86328125,49253643,0.396488845348358
"2661","Tanzania","TZA",2014,2.87244602120302,3027.56909179688,50814552,0.108547687530517
"2662","Tanzania","TZA",2015,2.76754597684867,3111.44458007813,52542823,-1.07952094078064
"2663","Tanzania","TZA",2016,2.75162162897365,3214.24682617188,54401802,-0.24037255346775
"2664","Tanzania","TZA",2017,2.51328177275599,3319.37670898438,56267032,-0.510486900806427
"2665","Tanzania","TZA",2018,2.44293798842145,3392.68872070313,58090443,-0.863207280635834
"2666","Tanzania","TZA",2019,2.47736471926982,3484.63256835938,59872579,NA
"2667","Tanzania","TZA",2020,2.46436814516026,3449.82153320313,61704518,NA
"2668","Thailand","THA",2000,5.28767318142615,11622.5250278537,63066603,2.09965920448303
"2669","Thailand","THA",2001,5.43842776703587,11901.3182104659,63649892,0.631707608699799
"2670","Thailand","THA",2002,5.53559546029711,12512.1831324963,64222580,3.01855301856995
"2671","Thailand","THA",2003,5.86499649853368,13287.3048987459,64776956,3.75404238700867
"2672","Thailand","THA",2004,6.08622324354814,13997.0013867292,65311166,2.3109724521637
"2673","Thailand","THA",2005,6.45522476274241,14458.2551810694,65821360,0.447740226984024
"2674","Thailand","THA",2006,6.5131509691404,15051.0606748719,66319525,1.37674176692963
"2675","Thailand","THA",2007,6.68783179278078,15742.6552891781,66826754,1.90033233165741
"2676","Thailand","THA",2008,6.9132639856473,15891.7823409885,67328239,-1.90328276157379
"2677","Thailand","THA",2009,6.58593246335051,15665.9031153449,67813654,-3.09765124320984
"2678","Thailand","THA",2010,7.15728602624267,16730.3697884488,68270489,4.80536270141602
"2679","Thailand","THA",2011,7.43090507980396,16766.3477057883,68712846,-1.90313470363617
"2680","Thailand","THA",2012,7.81412775622918,17869.6376607459,69157023,3.89470243453979
"2681","Thailand","THA",2013,7.80986098297459,18242.4256715363,69578602,0.50086522102356
"2682","Thailand","THA",2014,7.48156095885479,18324.6144674875,69960943,-0.0546488016843795
"2683","Thailand","THA",2015,7.07602819730095,18811.9975100064,70294397,1.07605814933777
"2684","Thailand","THA",2016,7.12963317695541,19370.6087810117,70607037,1.45999348163605
"2685","Thailand","THA",2017,7.10197888096375,20094.6778762603,70898202,2.12302279472351
"2686","Thailand","THA",2018,7.41293230536204,20879.9027821449,71127802,1.74807000160217
"2687","Thailand","THA",2019,7.80306016198217,21277.8392684764,71307763,NA
"2688","Thailand","THA",2020,7.93610305619585,19957.257140917,71475664,NA
"2689","Togo","TGO",2000,1.95404083783413,2096.8590980088,5008035,-1.71224641799927
"2690","Togo","TGO",2001,1.90020098575749,2059.104879543,5145426,-4.3285608291626
"2691","Togo","TGO",2002,2.0130756747646,2084.23035181359,5281538,-3.77179718017578
"2692","Togo","TGO",2003,2.12784541849133,2168.65126437284,5421001,0.785654544830322
"2693","Togo","TGO",2004,1.92035048110397,2093.01482434117,5565218,-0.280796587467194
"2694","Togo","TGO",2005,1.98066155541116,1944.77951063788,5711597,-1.82583999633789
"2695","Togo","TGO",2006,1.90015080058355,1941.17299016862,5874240,1.87370955944061
"2696","Togo","TGO",2007,2.02419447823122,1863.28302167894,6047537,1.7323602437973
"2697","Togo","TGO",2008,2.01369072892674,1883.54937890364,6222482,0.0558159612119197
"2698","Togo","TGO",2009,2.26135610015922,1930.78017936473,6398624,2.4074981212616
"2699","Togo","TGO",2010,2.2727550409051,1988.95210506479,6571855,2.66581988334656
"2700","Togo","TGO",2011,2.21575615374923,2048.81548870004,6748672,3.31104207038879
"2701","Togo","TGO",2012,2.16956181303211,2121.42903155248,6926635,2.3893883228302
"2702","Togo","TGO",2013,2.21290445309538,2188.07010810966,7106229,2.39373803138733
"2703","Togo","TGO",2014,2.07726825888843,2253.48526218314,7288383,2.5898904800415
"2704","Togo","TGO",2015,1.9863458779916,2317.54781080269,7473229,1.24263620376587
"2705","Togo","TGO",2016,2.13439896838933,2355.26826551519,7661354,0.680913925170898
"2706","Togo","TGO",2017,1.97659592794163,2389.21244832869,7852795,0.281615555286407
"2707","Togo","TGO",2018,2.01370700034727,2442.64693857392,8046679,-0.510619938373566
"2708","Togo","TGO",2019,2.02078009952524,2501.03087536243,8243094,NA
"2709","Togo","TGO",2020,2.05658935872943,2490.05293780864,8442580,NA
"2710","Tunisia","TUN",2000,3.92486249904372,9134.40503123018,9893316,0.997321307659149
"2711","Tunisia","TUN",2001,3.9864869698555,9380.55287379366,9995123,-0.337424993515015
"2712","Tunisia","TUN",2002,4.04175800262137,9407.54643469314,10094561,-2.04791665077209
"2713","Tunisia","TUN",2003,4.01203361682038,9752.01371301749,10193798,1.21492528915405
"2714","Tunisia","TUN",2004,4.08652814857268,10263.794269827,10292225,2.63966250419617
"2715","Tunisia","TUN",2005,3.99448691921875,10529.1483318403,10388344,-0.559200644493103
"2716","Tunisia","TUN",2006,4.09698710815217,10983.9101271039,10483558,0.365419983863831
"2717","Tunisia","TUN",2007,4.18009472881343,11613.9119959357,10580395,2.14981770515442
"2718","Tunisia","TUN",2008,4.26702475904418,11990.1830687173,10680380,-0.0191295221447944
"2719","Tunisia","TUN",2009,4.23123190833869,12229.761822093,10784504,-0.924626171588898
"2720","Tunisia","TUN",2010,4.32640364014916,12458.2573541291,10895063,-0.687739789485931
"2721","Tunisia","TUN",2011,4.21870821406748,12068.7003710793,11032528,-2.1548752784729
"2722","Tunisia","TUN",2012,4.26858965561586,12436.3821530724,11174383,-0.263024747371674
"2723","Tunisia","TUN",2013,4.29522023975319,12587.9812395618,11300284,-0.481067150831222
"2724","Tunisia","TUN",2014,4.39761807414507,12823.9888072464,11428948,0.147739127278328
"2725","Tunisia","TUN",2015,4.28434374385728,12802.7610370157,11557779,-0.973552584648132
"2726","Tunisia","TUN",2016,4.39686217427816,12803.8736135284,11685667,-0.639521479606628
"2727","Tunisia","TUN",2017,4.18880152411365,12953.5232061615,11811443,-0.152278661727905
"2728","Tunisia","TUN",2018,4.03948430919945,13163.5905902886,11933041,0.723975300788879
"2729","Tunisia","TUN",2019,3.91026498516201,13249.2240908099,12049314,NA
"2730","Tunisia","TUN",2020,3.79910270793855,11955.5659209798,12161723,NA
"2731","Turkey","TUR",2000,6.54318268082229,NA,64113547,NA
"2732","Turkey","TUR",2001,5.31418627827218,NA,65072018,NA
"2733","Turkey","TUR",2002,5.71495886319117,NA,65988663,NA
"2734","Turkey","TUR",2003,6.08566581859807,NA,66867327,NA
"2735","Turkey","TUR",2004,6.4657157362515,NA,67785075,NA
"2736","Turkey","TUR",2005,6.79538295550514,NA,68704715,NA
"2737","Turkey","TUR",2006,7.48939696154049,NA,69601333,NA
"2738","Turkey","TUR",2007,7.80133623825471,NA,70468869,NA
"2739","Turkey","TUR",2008,7.79071469053805,NA,71320726,NA
"2740","Turkey","TUR",2009,7.16227462161109,NA,72225639,NA
"2741","Turkey","TUR",2010,7.89248758363113,NA,73195345,NA
"2742","Turkey","TUR",2011,8.31417954118515,NA,74173854,NA
"2743","Turkey","TUR",2012,8.26987853703283,NA,75277439,NA
"2744","Turkey","TUR",2013,8.40224988959274,NA,76576117,NA
"2745","Turkey","TUR",2014,8.24474542863281,NA,78112073,NA
"2746","Turkey","TUR",2015,8.20747310449626,NA,79646178,NA
"2747","Turkey","TUR",2016,8.31033492257951,NA,81019394,NA
"2748","Turkey","TUR",2017,8.66514398244334,NA,82089826,NA
"2749","Turkey","TUR",2018,8.06013696548978,NA,82809304,NA
"2750","Turkey","TUR",2019,7.77467011404435,NA,83481684,NA
"2751","Turkey","TUR",2020,8.04206150935792,NA,84135428,NA
"2752","Turkmenistan","TKM",2000,8.91121495047549,5112.52948147352,4569132,NA
"2753","Turkmenistan","TKM",2001,11.2416372084365,5228.80329286491,4635094,2.09385418891907
"2754","Turkmenistan","TKM",2002,10.9615808954651,5138.87117760604,4698968,-2.2606942653656
"2755","Turkmenistan","TKM",2003,14.8171554411503,5203.8543813176,4758988,1.39967000484467
"2756","Turkmenistan","TKM",2004,13.6171228287706,5360.22429910532,4819792,2.52000093460083
"2757","Turkmenistan","TKM",2005,11.1569931410712,5945.95239804804,4885775,9.27004241943359
"2758","Turkmenistan","TKM",2006,8.72697540589779,6476.82805700551,4954029,7.90565061569214
"2759","Turkmenistan","TKM",2007,10.2190640768967,7060.14844993043,5024894,7.3080005645752
"2760","Turkmenistan","TKM",2008,10.3689047057405,7944.99590073106,5100083,9.38190746307373
"2761","Turkmenistan","TKM",2009,8.26427746921694,8264.86534322735,5180957,0.502011358737946
"2762","Turkmenistan","TKM",2010,8.19960179023212,8842.33283585112,5267970,3.43562126159668
"2763","Turkmenistan","TKM",2011,8.91051302761291,9929.68934634645,5360811,8.52571392059326
"2764","Turkmenistan","TKM",2012,10.1085847549013,10794.2335233663,5458682,6.52176427841187
"2765","Turkmenistan","TKM",2013,9.68326657369637,11633.2905987757,5560095,5.22079420089722
"2766","Turkmenistan","TKM",2014,10.0853263332269,12544.3983464061,5663152,5.38124561309814
"2767","Turkmenistan","TKM",2015,9.98052834164968,13057.8303253557,5766431,2.10382342338562
"2768","Turkmenistan","TKM",2016,9.80944012042831,13552.8477118745,5868561,2.27027535438538
"2769","Turkmenistan","TKM",2017,9.8394529861118,14107.6671199289,5968383,2.49013733863831
"2770","Turkmenistan","TKM",2018,9.97996381858291,14648.135352725,6065066,NA
"2771","Turkmenistan","TKM",2019,10.0080201931498,15231.3056176565,6158420,NA
"2772","Turkmenistan","TKM",2020,9.46705598546945,15791.1775857601,6250438,NA
"2773","Uganda","UGA",2000,2.83071163895312,1487.00498853512,24020697,NA
"2774","Uganda","UGA",2001,2.75449139084451,1516.96423755695,24763325,NA
"2775","Uganda","UGA",2002,2.78347890775389,1598.5828380849,25545090,NA
"2776","Uganda","UGA",2003,2.79426217221136,1649.1482601448,26354736,NA
"2777","Uganda","UGA",2004,2.77052091301782,1709.36159216857,27146084,NA
"2778","Uganda","UGA",2005,2.74531039712839,1765.03788457066,27946588,NA
"2779","Uganda","UGA",2006,2.72969428447623,1898.97915280479,28773227,NA
"2780","Uganda","UGA",2007,2.75776144621309,1999.0624896434,29629804,NA
"2781","Uganda","UGA",2008,2.93443237842785,2110.10049271503,30509862,NA
"2782","Uganda","UGA",2009,3.19831672824275,2188.29916246327,31412520,NA
"2783","Uganda","UGA",2010,3.15609354238292,2244.60595194584,32341728,NA
"2784","Uganda","UGA",2011,3.10154583932136,2384.4653273154,33295738,NA
"2785","Uganda","UGA",2012,3.11525774690041,2405.09455932767,34273295,NA
"2786","Uganda","UGA",2013,2.96630473490874,2420.88808087266,35273570,NA
"2787","Uganda","UGA",2014,3.0468790271342,2470.50380909598,36336539,NA
"2788","Uganda","UGA",2015,2.96118924292085,2520.0201028843,37477356,NA
"2789","Uganda","UGA",2016,2.94974815736835,2554.22769062073,38748299,NA
"2790","Uganda","UGA",2017,2.94383660258643,2543.84754394956,40127085,NA
"2791","Uganda","UGA",2018,3.01885960938206,2613.87976413963,41515395,NA
"2792","Uganda","UGA",2019,3.08757945580178,2689.41009144919,42949080,NA
"2793","Uganda","UGA",2020,3.11979384034307,2678.00907202293,44404611,NA
"2794","Ukraine","UKR",2000,4.85487705230268,10364.0625,49176500,0.770030319690704
"2795","Ukraine","UKR",2001,5.40840463185875,11379.3857421875,48662400,6.76596307754517
"2796","Ukraine","UKR",2002,5.55640838586361,12092.7890625,48202470,2.03631615638733
"2797","Ukraine","UKR",2003,6.0238862240799,13342.8798828125,47812949,2.78668808937073
"2798","Ukraine","UKR",2004,5.30303859081489,15021.06640625,47451626,6.528235912323
"2799","Ukraine","UKR",2005,5.88663658824913,15610.5732421875,47105171,-0.894437849521637
"2800","Ukraine","UKR",2006,6.38668043289394,16901.5078125,46787786,5.4607720375061
"2801","Ukraine","UKR",2007,6.8924608160667,18374.013671875,46509355,5.70227527618408
"2802","Ukraine","UKR",2008,7.04779869412676,18883.986328125,46258189,0.988104403018951
"2803","Ukraine","UKR",2009,5.67229342178391,16092.7958984375,46053331,-6.33903694152832
"2804","Ukraine","UKR",2010,5.91768404349694,16811.794921875,45870741,2.96668195724487
"2805","Ukraine","UKR",2011,6.25224946562913,17783.95703125,45706086,2.79778504371643
"2806","Ukraine","UKR",2012,6.35927641912922,17848.740234375,45593342,2.84549593925476
"2807","Ukraine","UKR",2013,6.4847721501016,17889.091796875,45489648,-2.79594421386719
"2808","Ukraine","UKR",2014,5.44322154054149,16978.8125,45272155,3.23773956298828
"2809","Ukraine","UKR",2015,4.28551392847423,15403.7099609375,45154036,-2.2039806842804
"2810","Ukraine","UKR",2016,4.65805102251737,15856.8125,45004673,0.0303182825446128
"2811","Ukraine","UKR",2017,4.63013920101954,16310.3603515625,44831135,3.33924341201782
"2812","Ukraine","UKR",2018,5.11930714327667,16978.984375,44622518,2.84874701499939
"2813","Ukraine","UKR",2019,5.09387373713591,17636.5546875,44386203,NA
"2814","Ukraine","UKR",2020,4.69016763519883,17092.5390625,44132049,NA
"2815","United Arab Emirates","ARE",2000,32.988521388541,92547.229034458,3275333,NA
"2816","United Arab Emirates","ARE",2001,33.907794765688,88045.1975134384,3454198,NA
"2817","United Arab Emirates","ARE",2002,33.3851578068554,84871.6027535708,3633655,NA
"2818","United Arab Emirates","ARE",2003,35.1369800031051,87150.8833791823,3813443,NA
"2819","United Arab Emirates","ARE",2004,37.4883552855881,90388.9837700252,3993339,NA
"2820","United Arab Emirates","ARE",2005,37.4061359305276,89986.1311216052,4280993,NA
"2821","United Arab Emirates","ARE",2006,34.9890228861984,92044.5126067714,4898954,NA
"2822","United Arab Emirates","ARE",2007,34.9268590504955,84581.8658071611,5872624,NA
"2823","United Arab Emirates","ARE",2008,32.0908375013256,77891.9885982726,6988685,NA
"2824","United Arab Emirates","ARE",2009,24.9719288643887,69357.9974277425,7992644,NA
"2825","United Arab Emirates","ARE",2010,21.0689476883699,68799.9308534482,8481771,NA
"2826","United Arab Emirates","ARE",2011,21.6929587037709,70662.515951892,8575205,NA
"2827","United Arab Emirates","ARE",2012,19.9005101258032,69158.8266382581,8664969,NA
"2828","United Arab Emirates","ARE",2013,19.9672775787671,69806.9559826784,8751847,NA
"2829","United Arab Emirates","ARE",2014,21.4227742535567,69409.0370414881,8835951,NA
"2830","United Arab Emirates","ARE",2015,21.9948584306378,70234.7317493103,8916899,NA
"2831","United Arab Emirates","ARE",2016,23.1026497171251,70573.9927090433,8994263,NA
"2832","United Arab Emirates","ARE",2017,21.5695621021489,68871.8495814229,9068296,NA
"2833","United Arab Emirates","ARE",2018,21.7758936266131,68854.9699017468,9140169,NA
"2834","United Arab Emirates","ARE",2019,20.958767491158,68887.8454078333,9211657,NA
"2835","United Arab Emirates","ARE",2020,19.807907256887,65784.6769384678,9287289,NA
"2836","United Kingdom","GBR",2000,17.3240505197091,43247.6363841289,58920255,0.986567676067352
"2837","United Kingdom","GBR",2001,17.2144946991024,44189.8549094421,59147394,1.1071605682373
"2838","United Kingdom","GBR",2002,17.3529645520853,44793.3260796919,59398371,0.553895711898804
"2839","United Kingdom","GBR",2003,17.4318347442318,45990.7158894902,59675878,1.43268668651581
"2840","United Kingdom","GBR",2004,17.763598577236,46853.7925502931,60016621,0.51244056224823
"2841","United Kingdom","GBR",2005,17.7986478780236,47804.7852704727,60430361,1.22882223129272
"2842","United Kingdom","GBR",2006,17.9065370629821,48584.4359655863,60876407,0.855766713619232
"2843","United Kingdom","GBR",2007,17.5697087668149,49472.9859832834,61352459,0.517641961574554
"2844","United Kingdom","GBR",2008,16.215091663515,48963.0231634107,61837393,-1.86884307861328
"2845","United Kingdom","GBR",2009,14.3247534938714,46348.7534285525,62307089,-4.06967258453369
"2846","United Kingdom","GBR",2010,14.5990471182859,47013.8824059552,62797627,1.01924097537994
"2847","United Kingdom","GBR",2011,13.9099355262647,47178.9199174847,63290511,0.675696730613708
"2848","United Kingdom","GBR",2012,14.2358013901173,47550.942852854,63732375,0.247754633426666
"2849","United Kingdom","GBR",2013,14.1977273413358,48083.8034269041,64160684,0.822521865367889
"2850","United Kingdom","GBR",2014,13.8143905852432,49250.5599904054,64634750,0.469459265470505
"2851","United Kingdom","GBR",2015,13.4998187281393,49983.3485901235,65148739,0.563903450965881
"2852","United Kingdom","GBR",2016,12.8627475793042,50540.8797670822,65644158,0.275583773851395
"2853","United Kingdom","GBR",2017,12.3679590243359,51601.140444708,66091461,0.51471334695816
"2854","United Kingdom","GBR",2018,12.4246533784586,52071.2696607082,66492992,-0.0402429550886154
"2855","United Kingdom","GBR",2019,12.1888402239184,52645.5441982903,66869012,NA
"2856","United Kingdom","GBR",2020,10.6519649379804,47144.7221502814,67113943,NA
"2857","United States","USA",2000,29.9690332004774,55038.6224973696,286380414,1.04033994674683
"2858","United States","USA",2001,29.2597208317919,55017.3049765671,289195605,-0.659983515739441
"2859","United States","USA",2002,28.7544741659423,55436.1169800356,291855305,0.678259909152985
"2860","United States","USA",2003,29.1418615312154,56498.2078312289,294338482,1.31817710399628
"2861","United States","USA",2004,29.3624600696644,58131.6336843365,297034170,1.60573363304138
"2862","United States","USA",2005,29.4871657747158,59604.7536363553,299737123,0.996604442596436
"2863","United States","USA",2006,28.8913331616241,60676.5655689312,302581067,0.0469513684511184
"2864","United States","USA",2007,28.5651909469488,61306.596939243,305406735,-0.205635562539101
"2865","United States","USA",2008,27.2904778333334,60798.4338397205,308243877,-1.27185761928558
"2866","United States","USA",2009,25.1014278231291,58714.9736895542,310897345,-1.01845002174377
"2867","United States","USA",2010,25.9011413228137,59789.4129077609,313430866,1.99406814575195
"2868","United States","USA",2011,24.8930061987928,60245.4843989068,315642982,0.274089753627777
"2869","United States","USA",2012,24.2082102700636,61134.5306079914,317892780,0.432646542787552
"2870","United States","USA",2013,24.5530975898651,61958.7234408783,320033255,0.532149314880371
"2871","United States","USA",2014,24.6901771192584,63018.8033934414,322300701,0.760596811771393
"2872","United States","USA",2015,24.4812843011637,64359.4725898758,324590798,1.22377717494965
"2873","United States","USA",2016,24.0435638945149,65017.6549627249,326855870,-0.0040844031609594
"2874","United States","USA",2017,23.6498273430625,66155.5555685457,328823493,0.651280581951141
"2875","United States","USA",2018,24.2145623493499,67719.7656402495,330405960,1.26590144634247
"2876","United States","USA",2019,23.8745354823762,69112.6026870666,331896119,NA
"2877","United States","USA",2020,21.7936287699541,67342.0709283912,335164366,NA
"2878","Uruguay","URY",2000,7.04427105352783,18752.0578112966,3292224,-3.80587482452393
"2879","Uruguay","URY",2001,6.81398278995325,17986.9007596433,3300939,-5.53860092163086
"2880","Uruguay","URY",2002,6.29588433712179,16572.7881760134,3306441,-7.45393896102905
"2881","Uruguay","URY",2003,5.48320763320674,16694.4389231595,3310202,1.49933111667633
"2882","Uruguay","URY",2004,5.98972243381582,17519.3796251133,3313801,4.14802980422974
"2883","Uruguay","URY",2005,5.89849894685377,18811.3195971021,3317665,5.44092607498169
"2884","Uruguay","URY",2006,6.38061197223306,19560.0817556405,3322282,0.5101438164711
"2885","Uruguay","URY",2007,6.43162501086912,20803.893182056,3328651,2.3439838886261
"2886","Uruguay","URY",2008,8.00940662261461,22249.3835165533,3336126,2.64270639419556
"2887","Uruguay","URY",2009,7.2297701854209,23138.0820687014,3344156,1.56350088119507
"2888","Uruguay","URY",2010,7.47369658223662,24879.8350192618,3352651,4.51539373397827
"2889","Uruguay","URY",2011,8.12767256280791,26099.3215293803,3361637,1.26127660274506
"2890","Uruguay","URY",2012,8.15679230310249,26953.2811065384,3371133,0.511241495609283
"2891","Uruguay","URY",2013,8.33043125458674,28119.4833341404,3381180,1.74254703521729
"2892","Uruguay","URY",2014,8.51118590170704,28935.0974409271,3391662,-0.148902580142021
"2893","Uruguay","URY",2015,8.53466558971732,28941.6294107011,3402818,-1.06514370441437
"2894","Uruguay","URY",2016,8.27146819284482,29332.5672615246,3413766,-0.0992533415555954
"2895","Uruguay","URY",2017,8.18529285095935,29762.4333171685,3422200,1.49741470813751
"2896","Uruguay","URY",2018,8.17507536064419,29757.9388543783,3427042,0.113207913935184
"2897","Uruguay","URY",2019,8.51989849346466,30010.5742615797,3428409,NA
"2898","Uruguay","URY",2020,8.27571063194111,27788.1854968153,3429086,NA
"2899","Uzbekistan","UZB",2000,5.04391797031099,3410.65044991898,24650400,1.88829386234283
"2900","Uzbekistan","UZB",2001,4.89199379791808,3509.72863761694,24964450,1.590949177742
"2901","Uzbekistan","UZB",2002,5.03890503165657,3604.69346202514,25271850,0.914115965366364
"2902","Uzbekistan","UZB",2003,4.41290248926808,3711.77853054423,25567650,1.23973548412323
"2903","Uzbekistan","UZB",2004,4.30954703138795,3939.53039814876,25864350,3.21210861206055
"2904","Uzbekistan","UZB",2005,4.25883739136875,4160.95512970703,26167000,3.54877042770386
"2905","Uzbekistan","UZB",2006,4.74809730440962,4413.72281227266,26488250,4.11735105514526
"2906","Uzbekistan","UZB",2007,4.66907733039381,4764.56391427529,26868000,5.33406114578247
"2907","Uzbekistan","UZB",2008,5.09513108473384,5115.64391465594,27302800,4.38082599639893
"2908","Uzbekistan","UZB",2009,4.61464923957655,5439.55068123847,27767400,3.36873531341553
"2909","Uzbekistan","UZB",2010,5.21276362290231,5760.80511957791,28562400,2.99102282524109
"2910","Uzbekistan","UZB",2011,5.1564055983183,6100.25100998284,29339400,3.37023520469666
"2911","Uzbekistan","UZB",2012,5.06417217729151,6435.56467226429,29774500,2.90016984939575
"2912","Uzbekistan","UZB",2013,5.00808554788574,6797.77494784494,30243200,3.00277733802795
"2913","Uzbekistan","UZB",2014,4.77606973518452,7145.10980664151,30757700,3.38606786727905
"2914","Uzbekistan","UZB",2015,4.69932431838285,7529.76364274179,31298900,3.5358293056488
"2915","Uzbekistan","UZB",2016,5.10624345271362,7839.97820100236,31847900,2.76173996925354
"2916","Uzbekistan","UZB",2017,4.82555132167009,8047.05375469466,32388600,0.977686524391174
"2917","Uzbekistan","UZB",2018,5.20106603956387,8348.96057873127,32956100,1.21120345592499
"2918","Uzbekistan","UZB",2019,5.27436879945968,8755.12593984949,33580350,NA
"2919","Uzbekistan","UZB",2020,5.07040308491414,8727.41104939223,34232050,NA
"2920","Venezuela","VEN",2000,7.73300509407313,NA,24427729,NA
"2921","Venezuela","VEN",2001,8.15638789712785,NA,24880203,NA
"2922","Venezuela","VEN",2002,7.38701332081314,NA,25330929,NA
"2923","Venezuela","VEN",2003,6.98344120185611,NA,25782029,NA
"2924","Venezuela","VEN",2004,7.35530058999798,NA,26226927,NA
"2925","Venezuela","VEN",2005,7.79038572939221,NA,26668785,NA
"2926","Venezuela","VEN",2006,8.01642889440667,NA,27102081,NA
"2927","Venezuela","VEN",2007,8.72175910485554,NA,27525097,NA
"2928","Venezuela","VEN",2008,8.96747782481695,NA,27933833,NA
"2929","Venezuela","VEN",2009,9.21156564420755,NA,28327892,NA
"2930","Venezuela","VEN",2010,8.86968375624354,NA,28715022,NA
"2931","Venezuela","VEN",2011,8.27207658056326,NA,29096159,NA
"2932","Venezuela","VEN",2012,9.59303490786597,NA,29470426,NA
"2933","Venezuela","VEN",2013,9.95978780562756,NA,29838021,NA
"2934","Venezuela","VEN",2014,10.1011188297221,NA,30193258,NA
"2935","Venezuela","VEN",2015,11.1793291700552,NA,30529716,NA
"2936","Venezuela","VEN",2016,6.83054106072372,NA,30741464,NA
"2937","Venezuela","VEN",2017,7.25447377491027,NA,30563433,NA
"2938","Venezuela","VEN",2018,6.03513018618633,NA,29825653,NA
"2939","Venezuela","VEN",2019,5.63289156008341,NA,28971683,NA
"2940","Venezuela","VEN",2020,6.5412205534965,NA,28490453,NA
"2941","Vietnam","VNM",2000,3.11561810069881,NA,79001142,NA
"2942","Vietnam","VNM",2001,3.10476832379262,NA,79817777,NA
"2943","Vietnam","VNM",2002,3.16808103639389,NA,80642308,NA
"2944","Vietnam","VNM",2003,3.35328332326821,NA,81475825,NA
"2945","Vietnam","VNM",2004,3.49912302711475,NA,82311227,NA
"2946","Vietnam","VNM",2005,3.53560347893692,NA,83142095,NA
"2947","Vietnam","VNM",2006,3.63853723190402,NA,83951800,NA
"2948","Vietnam","VNM",2007,3.93165808684461,NA,84762269,NA
"2949","Vietnam","VNM",2008,4.15692665606595,NA,85597241,NA
"2950","Vietnam","VNM",2009,4.33072483726957,NA,86482923,NA
"2951","Vietnam","VNM",2010,4.19967345172659,NA,87411012,NA
"2952","Vietnam","VNM",2011,4.21388954987996,NA,88349117,NA
"2953","Vietnam","VNM",2012,4.08638952045602,NA,89301326,NA
"2954","Vietnam","VNM",2013,4.2504092812368,NA,90267739,NA
"2955","Vietnam","VNM",2014,4.32727667745638,NA,91235504,NA
"2956","Vietnam","VNM",2015,4.44099796225759,NA,92191398,NA
"2957","Vietnam","VNM",2016,4.31927948703227,NA,93126529,NA
"2958","Vietnam","VNM",2017,4.49649509265654,NA,94033048,NA
"2959","Vietnam","VNM",2018,4.69236936247111,NA,94914330,NA
"2960","Vietnam","VNM",2019,5.21611765474408,NA,95776716,NA
"2961","Vietnam","VNM",2020,4.95258896181108,NA,96648685,NA
"2962","Yemen","YEM",2000,1.97394515205437,NA,18628700,NA
"2963","Yemen","YEM",2001,1.99706624955837,NA,19143457,NA
"2964","Yemen","YEM",2002,2.04285662634123,NA,19660653,NA
"2965","Yemen","YEM",2003,2.389215274028,NA,20188799,NA
"2966","Yemen","YEM",2004,2.38558464540468,NA,20733406,NA
"2967","Yemen","YEM",2005,2.66948243852492,NA,21320671,NA
"2968","Yemen","YEM",2006,3.14788713884498,NA,21966298,NA
"2969","Yemen","YEM",2007,3.24485209779568,NA,22641538,NA
"2970","Yemen","YEM",2008,3.07487522210795,NA,23329004,NA
"2971","Yemen","YEM",2009,2.84606066250295,NA,24029589,NA
"2972","Yemen","YEM",2010,2.60790149601226,NA,24743946,NA
"2973","Yemen","YEM",2011,2.36927896232177,NA,25475610,NA
"2974","Yemen","YEM",2012,2.46755349073161,NA,26223391,NA
"2975","Yemen","YEM",2013,2.64007536814523,NA,26984002,NA
"2976","Yemen","YEM",2014,2.61732541414287,NA,27753304,NA
"2977","Yemen","YEM",2015,1.70713689673782,NA,28516545,NA
"2978","Yemen","YEM",2016,1.53030547476618,NA,29274002,NA
"2979","Yemen","YEM",2017,1.3960904778738,NA,30034389,NA
"2980","Yemen","YEM",2018,1.45977397252094,NA,30790513,NA
"2981","Yemen","YEM",2019,1.3249436716832,NA,31546691,NA
"2982","Yemen","YEM",2020,1.18969480993468,NA,32284046,NA
"2983","Zambia","ZMB",2000,3.40023868136941,2220.5653712714,9891136,NA
"2984","Zambia","ZMB",2001,3.46158915637287,2268.96965564597,10191964,NA
"2985","Zambia","ZMB",2002,3.35495427990017,2299.33289188114,10508294,NA
"2986","Zambia","ZMB",2003,3.25489226813477,2383.87611741089,10837973,NA
"2987","Zambia","ZMB",2004,3.08376949307548,2471.72073328685,11188040,NA
"2988","Zambia","ZMB",2005,3.09426250369488,2564.47560965912,11564870,NA
"2989","Zambia","ZMB",2006,2.94958011271112,2673.46151928529,11971567,NA
"2990","Zambia","ZMB",2007,2.92246587636876,2796.3529332184,12402073,NA
"2991","Zambia","ZMB",2008,2.82833160172377,2908.14362510668,12852966,NA
"2992","Zambia","ZMB",2009,2.67514536852982,3065.84420108998,13318087,NA
"2993","Zambia","ZMB",2010,2.8297463012829,3266.50749293828,13792086,NA
"2994","Zambia","ZMB",2011,2.94186579708153,3335.64339500657,14265814,NA
"2995","Zambia","ZMB",2012,3.09483173441624,3474.55252844092,14744658,NA
"2996","Zambia","ZMB",2013,3.2881276965777,3535.22449043144,15234976,NA
"2997","Zambia","ZMB",2014,3.16879807463961,3585.57748507131,15737793,NA
"2998","Zambia","ZMB",2015,3.11902749005671,3576.92544834125,16248230,NA
"2999","Zambia","ZMB",2016,3.03106714551521,3598.17166023389,16767761,NA
"3000","Zambia","ZMB",2017,3.07838870661973,3612.50597664593,17298054,NA
"3001","Zambia","ZMB",2018,2.90860204591391,3646.95966481655,17835893,NA
"3002","Zambia","ZMB",2019,2.74509806395578,3591.56418883108,18380477,NA
"3003","Zambia","ZMB",2020,2.27991983027225,3391.59541156095,18927715,NA
"3004","Zimbabwe","ZWE",2000,4.15996802752321,4071.01879493332,11834676,-7.05691242218018
"3005","Zimbabwe","ZWE",2001,4.3180571870807,4102.08347374101,11910978,-2.99835109710693
"3006","Zimbabwe","ZWE",2002,4.17282939359448,3701.4551630322,11984644,-13.9428949356079
"3007","Zimbabwe","ZWE",2003,4.1661072591305,3036.05335744546,12075828,-23.0062103271484
"3008","Zimbabwe","ZWE",2004,4.41996586490895,2828.84335235764,12160881,-9.07316493988037
"3009","Zimbabwe","ZWE",2005,4.46514727326846,2642.17228645763,12224753,-7.92935514450073
"3010","Zimbabwe","ZWE",2006,4.30322129400536,2519.82737436022,12330490,-5.16644239425659
"3011","Zimbabwe","ZWE",2007,4.33074745094988,2395.9888431511,12450568,-5.21926879882812
"3012","Zimbabwe","ZWE",2008,4.09896956318049,1949.03489400299,12550347,-20.5423698425293
"3013","Zimbabwe","ZWE",2009,4.45737448871873,2176.86451056307,12679810,10.0061883926392
"3014","Zimbabwe","ZWE",2010,4.67708786026741,2563.47835069731,12839771,15.6127061843872
"3015","Zimbabwe","ZWE",2011,4.58409547958744,2875.90206119283,13025785,10.677417755127
"3016","Zimbabwe","ZWE",2012,4.96981735551643,3301.1662321392,13265331,13.6474409103394
"3017","Zimbabwe","ZWE",2013,4.78687105510773,3319.77208601676,13555422,-0.353484123945236
"3018","Zimbabwe","ZWE",2014,4.60805441671944,3352.38134856227,13855753,-0.389944165945053
"3019","Zimbabwe","ZWE",2015,5.05522442793718,3366.63371346725,14154937,-0.882958292961121
"3020","Zimbabwe","ZWE",2016,4.54218610917219,3345.31502335074,14452704,-1.90876007080078
"3021","Zimbabwe","ZWE",2017,4.5464254407528,3453.50573857064,14751101,1.41107654571533
"3022","Zimbabwe","ZWE",2018,4.48812936838279,3572.9813398596,15052184,-0.176859378814697
"3023","Zimbabwe","ZWE",2019,4.24839831437237,3294.80389162738,15354608,NA
"3024","Zimbabwe","ZWE",2020,4.26300853789382,2987.26841265633,15669666,NA
