,Country,iso3,Year,GHG,Biodiversity_Impact,Scarce_Water_Consumption,GDP_PPPcap,Population,TFP,HDI,Helper,,,,,
1,Afghanistan,AFG,2000,1.6921244,8.22E-12,337.5442705,1617.826475,19542982,0,0.351,AFG2000,0,1.0000,0.8793,,ctfp/usctfp * (rtfpa US /  RTFPS US 21) 
2,Afghanistan,AFG,2001,1.641588112,8.07E-12,326.5416354,1454.110782,19688632,0,0.355,AFG2001,0,1.0000,0.8805,,
3,Afghanistan,AFG,2002,1.621715805,7.88E-12,283.0690059,1774.308743,21000256,0,0.383,AFG2002,0,1.0000,0.8919,,
4,Afghanistan,AFG,2003,1.466171869,7.05E-12,272.0162967,1815.9282,22645130,0,0.392,AFG2003,0,1.0000,0.9072,,
5,Afghanistan,AFG,2004,1.443764419,6.46E-12,286.5043792,1776.918207,23553551,0,0.408,AFG2004,0,1.0000,0.9220,,
6,Afghanistan,AFG,2005,1.249211624,6.40E-12,285.3928241,1908.114782,24411191,0,0.417,AFG2005,0,1.0000,0.9304,,
7,Afghanistan,AFG,2006,1.343468771,6.12E-12,275.4760263,1929.723897,25442944,0,0.426,AFG2006,0,1.0000,0.9288,,
8,Afghanistan,AFG,2007,1.351578362,6.11E-12,247.7294774,2155.353068,25903301,0,0.442,AFG2007,0,1.0000,0.9277,,
9,Afghanistan,AFG,2008,1.240838534,5.80E-12,226.4812207,2191.504356,26427199,0,0.446,AFG2008,0,1.0000,0.9233,,
10,Afghanistan,AFG,2009,1.374214706,5.61E-12,177.8387676,2565.022086,27385307,0,0.458,AFG2009,0,1.0000,0.9250,,
11,Afghanistan,AFG,2010,1.435734187,5.66E-12,225.978033,2848.586061,28189672,0,0.465,AFG2010,0,1.0000,0.9405,,
12,Afghanistan,AFG,2011,1.579339382,5.66E-12,228.3725175,2757.052587,29249157,0,0.474,AFG2011,0,1.0000,0.9383,,
13,Afghanistan,AFG,2012,1.5991812,5.52E-12,186.4648011,2985.319145,30466479,0,0.484,AFG2012,0,1.0000,0.9397,,
14,Afghanistan,AFG,2013,1.434525894,5.16E-12,167.0387811,3046.579931,31541209,0,0.492,AFG2013,0,1.0000,0.9419,,
15,Afghanistan,AFG,2014,1.355200191,5.07E-12,155.8006402,3017.942544,32716210,0,0.497,AFG2014,0,1.0000,0.9440,,
16,Afghanistan,AFG,2015,1.323495555,4.94E-12,150.1390849,2967.692067,33753499,0,0.496,AFG2015,0,1.0000,0.9488,,
17,Afghanistan,AFG,2016,1.14424173,4.77E-12,118.6765936,2958.785399,34636207,0,0.495,AFG2016,0,1.0000,0.9484,,
18,Afghanistan,AFG,2017,1.096291367,4.55E-12,109.7319483,2952.998916,35643418,0,0.496,AFG2017,0,1.0000,0.9534,,
19,Afghanistan,AFG,2018,1.23036193,4.64E-12,115.3280773,2902.392113,36686784,0,0.498,AFG2018,0,1.0000,0.9582,,
20,Afghanistan,AFG,2019,1.298451622,4.94E-12,100.9987204,2927.245144,37769499,0,0.507,AFG2019,0,1.0000,0.9643,,
21,Afghanistan,AFG,2020,1.258433589,4.74E-12,66.42884411,2769.685745,38972230,0,0.501,AFG2020,0,1.0000,0.9731,,
22,Albania,ALB,2000,3.489536539,1.59E-11,10.06827933,6581.638952,3089027,0.296899669,0.682,ALB2000,0.337635398,1.0000,0.8793,,
23,Albania,ALB,2001,3.471194699,1.41E-11,11.58072062,7232.575784,3060173,0.319751927,0.691,ALB2001,0.363166362,1.0000,0.8805,,
24,Albania,ALB,2002,4.001614555,1.75E-11,12.94250313,7590.054736,3051010,0.342664105,0.697,ALB2002,0.384209186,1.0000,0.8919,,
25,Albania,ALB,2003,4.116711403,1.61E-11,11.66198136,8024.821115,3039616,0.371903574,0.705,ALB2003,0.409953713,1.0000,0.9072,,
26,Albania,ALB,2004,4.422129485,1.68E-11,16.01710563,8482.807533,3026939,0.38670799,0.71,ALB2004,0.419429928,1.0000,0.9220,,
27,Albania,ALB,2005,4.565172377,1.61E-11,16.02498401,8963.803951,3011487,0.418299989,0.723,ALB2005,0.449575484,1.0000,0.9304,,
28,Albania,ALB,2006,4.614848714,1.57E-11,15.41286521,9563.480768,2992547,0.425911922,0.732,ALB2006,0.458577752,1.0000,0.9288,,
29,Albania,ALB,2007,4.937235749,1.69E-11,14.4406552,10262.37828,2970017,0.437915853,0.742,ALB2007,0.472023159,1.0000,0.9277,,
30,Albania,ALB,2008,4.935074341,1.81E-11,16.35495447,11055.71776,2947314,0.4870213,0.749,ALB2008,0.527487874,1.0000,0.9233,,
31,Albania,ALB,2009,4.718824161,1.79E-11,15.33473569,11429.96656,2927519,0.503398713,0.756,ALB2009,0.544203877,1.0000,0.9250,,
32,Albania,ALB,2010,4.910755996,1.90E-11,18.4160861,11828.37497,2913021,0.490274286,0.769,ALB2010,0.521304607,1.0000,0.9405,,
33,Albania,ALB,2011,4.921725703,1.86E-11,15.91327284,12152.41716,2905195,0.519719449,0.781,ALB2011,0.553908646,1.0000,0.9383,,
34,Albania,ALB,2012,4.451354893,1.79E-11,12.7204222,12292.29683,2900401,0.487489677,0.79,ALB2012,0.518776536,1.0000,0.9397,,
35,Albania,ALB,2013,4.524999095,1.80E-11,12.08668844,12525.08076,2895092,0.465620039,0.793,ALB2013,0.494323522,1.0000,0.9419,,
36,Albania,ALB,2014,4.70363295,1.80E-11,9.820958972,12832.21222,2889104,0.483117687,0.797,ALB2014,0.511781991,1.0000,0.9440,,
37,Albania,ALB,2015,4.439943153,1.81E-11,9.497609975,13156.33221,2880703,0.54158944,0.797,ALB2015,0.570814192,1.0000,0.9488,,
38,Albania,ALB,2016,4.393188886,1.82E-11,10.08549793,13692.47885,2876101,0.536805775,0.797,ALB2016,0.566006184,1.0000,0.9484,,
39,Albania,ALB,2017,4.434627731,1.80E-11,11.34824276,14155.03975,2873457,0.548342667,0.798,ALB2017,0.575157583,1.0000,0.9534,,
40,Albania,ALB,2018,4.539490985,1.84E-11,13.1495822,14710.98258,2866376,0.438949119,0.801,ALB2018,0.458097011,1.0000,0.9582,,
41,Albania,ALB,2019,4.570858207,1.87E-11,12.99809157,15078.50697,2854191,0.449704255,0.805,ALB2019,0.466369271,1.0000,0.9643,,
42,Albania,ALB,2020,4.74085119,2.01E-11,12.27465268,14662.79552,2837849,0.460164687,0.794,ALB2020,0.472896218,1.0000,0.9731,,
43,Algeria,DZA,2000,3.824410574,5.18E-12,24.95086737,11558.22047,30774621,0,0.651,DZA2000,0,1.0000,0.8793,,
44,Algeria,DZA,2001,3.933610968,5.31E-12,21.85258134,11742.59468,31200985,0,0.659,DZA2001,0,1.0000,0.8805,,
45,Algeria,DZA,2002,4.311080637,5.96E-12,37.37918426,12213.12635,31624696,0,0.669,DZA2002,0,1.0000,0.8919,,
46,Algeria,DZA,2003,4.479527331,6.32E-12,38.12209964,12835.18144,32055883,0,0.677,DZA2003,0,1.0000,0.9072,,
47,Algeria,DZA,2004,4.553674637,6.72E-12,45.54739877,13226.76505,32510186,0,0.685,DZA2004,0,1.0000,0.9220,,
48,Algeria,DZA,2005,4.587585572,7.60E-12,35.70200147,13738.49564,32956690,0,0.692,DZA2005,0,1.0000,0.9304,,
49,Algeria,DZA,2006,4.562251562,6.04E-12,36.5742097,13920.69406,33435080,0,0.698,DZA2006,0,1.0000,0.9288,,
50,Algeria,DZA,2007,4.760080172,6.80E-12,43.13840638,14114.67452,33983827,0,0.704,DZA2007,0,1.0000,0.9277,,
51,Algeria,DZA,2008,5.097811513,7.39E-12,28.38770909,14206.77671,34569592,0,0.711,DZA2008,0,1.0000,0.9233,,
52,Algeria,DZA,2009,5.289497576,7.13E-12,25.43792648,14104.42817,35196037,0,0.714,DZA2009,0,1.0000,0.9250,,
53,Algeria,DZA,2010,5.27073268,6.17E-12,25.85921494,14496.42113,35856344,0,0.718,DZA2010,0,1.0000,0.9405,,
54,Algeria,DZA,2011,5.401021572,6.09E-12,27.28951534,14641.96409,36543541,0,0.718,DZA2011,0,1.0000,0.9383,,
55,Algeria,DZA,2012,5.72484035,6.20E-12,25.90646022,14697.53961,37260563,0,0.723,DZA2012,0,1.0000,0.9397,,
56,Algeria,DZA,2013,5.791917335,6.26E-12,27.3189168,14778.19143,38000626,0,0.727,DZA2013,0,1.0000,0.9419,,
57,Algeria,DZA,2014,6.01398875,6.17E-12,25.25483325,15073.76294,38760168,0,0.732,DZA2014,0,1.0000,0.9440,,
58,Algeria,DZA,2015,6.118258046,6.78E-12,36.87341122,15239.51715,39543154,0,0.737,DZA2015,0,1.0000,0.9488,,
59,Algeria,DZA,2016,6.124698671,5.94E-12,24.82866628,15511.68588,40339329,0,0.743,DZA2016,0,1.0000,0.9484,,
60,Algeria,DZA,2017,5.940347794,5.21E-12,21.8621863,15427.66419,41136546,0,0.746,DZA2017,0,1.0000,0.9534,,
61,Algeria,DZA,2018,5.929009252,4.43E-12,15.28147047,15343.42612,41927007,0,0.749,DZA2018,0,1.0000,0.9582,,
62,Algeria,DZA,2019,5.727828839,4.16E-12,12.82149769,15199.199,42705368,0,0.753,DZA2019,0,1.0000,0.9643,,
63,Algeria,DZA,2020,5.416450477,3.72E-12,12.82056386,14194.15575,43451666,0,0.742,DZA2020,0,1.0000,0.9731,,
64,Angola,AGO,2000,4.058552234,2.54E-11,4.080665194,6002.98914,16394062,0.122984341,0.391,AGO2000,0.139858246,1.0000,0.8793,,
65,Angola,AGO,2001,3.934028233,2.52E-11,4.626198596,6049.163212,16941587,0.128770014,0.401,AGO2001,0.146253809,1.0000,0.8805,,
66,Angola,AGO,2002,3.666066111,2.43E-11,3.956615726,6645.477766,17516139,0.149463293,0.417,AGO2002,0.167584434,1.0000,0.8919,,
67,Angola,AGO,2003,3.611863844,2.38E-11,3.829593892,6609.214889,18124342,0.159563781,0.435,AGO2003,0.175889045,1.0000,0.9072,,
68,Angola,AGO,2004,3.532850696,2.34E-11,3.5807883,7074.025947,18771125,0.193345587,0.448,AGO2004,0.209705845,1.0000,0.9220,,
69,Angola,AGO,2005,3.719971553,2.25E-11,5.391455775,7845.890153,19450959,0.257942181,0.463,AGO2005,0.277228028,1.0000,0.9304,,
70,Angola,AGO,2006,3.411611994,2.25E-11,5.884701828,8435.455047,20162340,0.318560379,0.475,AGO2006,0.342992753,1.0000,0.9288,,
71,Angola,AGO,2007,3.75678431,2.22E-11,5.236265939,9263.980703,20909684,0.327999878,0.492,AGO2007,0.353546321,1.0000,0.9277,,
72,Angola,AGO,2008,4.290533333,2.20E-11,11.1388244,9916.909351,21691522,0.351026463,0.504,AGO2008,0.380193233,1.0000,0.9233,,
73,Angola,AGO,2009,4.354101447,2.16E-11,8.776990112,9629.091948,22507674,0.231075586,0.517,AGO2009,0.249806419,1.0000,0.9250,,
74,Angola,AGO,2010,3.784157033,2.06E-11,10.30108073,9672.839224,23364185,0.287483788,0.528,AGO2010,0.305679142,1.0000,0.9405,,
75,Angola,AGO,2011,4.161142822,2.01E-11,9.811000792,9627.020598,24259111,0.345131415,0.545,AGO2011,0.367835522,1.0000,0.9383,,
76,Angola,AGO,2012,4.185806523,1.95E-11,8.29750436,10051.33991,25188292,0.373375112,0.557,AGO2012,0.397338152,1.0000,0.9397,,
77,Angola,AGO,2013,4.32828185,1.91E-11,8.274923787,10150.9161,26147002,0.382497036,0.567,AGO2013,0.406076342,1.0000,0.9419,,
78,Angola,AGO,2014,4.148700986,1.88E-11,9.742937879,10250.5924,27128337,0.391148095,0.577,AGO2014,0.414355665,1.0000,0.9440,,
79,Angola,AGO,2015,4.015661807,1.83E-11,8.502475152,9980.929882,28127721,0.356086998,0.603,AGO2015,0.375301838,1.0000,0.9488,,
80,Angola,AGO,2016,3.385375992,1.72E-11,4.702763385,9381.809726,29154746,0.342136004,0.609,AGO2016,0.360747039,1.0000,0.9484,,
81,Angola,AGO,2017,3.378786498,1.71E-11,6.146012093,9042.117129,30208628,0.32609224,0.61,AGO2017,0.342038721,1.0000,0.9534,,
82,Angola,AGO,2018,3.084951757,1.63E-11,7.030572379,8620.214664,31273533,0.358137534,0.611,AGO2018,0.373760253,1.0000,0.9582,,
83,Angola,AGO,2019,2.595756893,1.55E-11,7.565716578,8274.542562,32353588,0.364859237,0.611,AGO2019,0.37838009,1.0000,0.9643,,
84,Angola,AGO,2020,2.158047575,1.45E-11,1.276519439,7556.967928,33428486,0.418701979,0.61,AGO2020,0.430286348,1.0000,0.9731,,
85,Argentina,ARG,2000,9.149692961,2.60E-11,5.016067189,22281.38143,37070774,0.633360352,0.789,ARG2000,0.720259726,1.0000,0.8793,,
86,Argentina,ARG,2001,8.724389791,2.54E-11,4.362263373,21066.45813,37480493,0.614400717,0.795,ARG2001,0.6978212,1.0000,0.8805,,
87,Argentina,ARG,2002,7.403655438,2.09E-11,2.815639557,18571.70205,37885028,0.555163322,0.795,ARG2002,0.622472107,1.0000,0.8919,,
88,Argentina,ARG,2003,7.868624726,2.04E-11,2.972150341,20005.13851,38278164,0.59889869,0.804,ARG2003,0.660173118,1.0000,0.9072,,
89,Argentina,ARG,2004,8.357388739,2.00E-11,3.539682925,21591.4494,38668796,0.632402217,0.808,ARG2004,0.68591398,1.0000,0.9220,,
90,Argentina,ARG,2005,8.42302835,2.04E-11,3.706685898,23262.40758,39070501,0.665153564,0.812,ARG2005,0.714885831,1.0000,0.9304,,
91,Argentina,ARG,2006,8.825987535,2.11E-11,4.03988212,24877.24939,39476851,0.703119337,0.822,ARG2006,0.757045925,1.0000,0.9288,,
92,Argentina,ARG,2007,9.172268195,2.14E-11,7.538961397,26850.66459,39876111,0.732374963,0.825,ARG2007,0.789416373,1.0000,0.9277,,
93,Argentina,ARG,2008,9.29859354,2.13E-11,5.034088333,27658.48534,40273769,0.74150886,0.833,ARG2008,0.803120792,1.0000,0.9233,,
94,Argentina,ARG,2009,8.266230121,2.07E-11,4.57979127,25747.19768,40684338,0.687520423,0.835,ARG2009,0.74325037,1.0000,0.9250,,
95,Argentina,ARG,2010,9.130161101,2.20E-11,5.205875586,28056.25702,40788453,0.740550428,0.844,ARG2010,0.787421167,1.0000,0.9405,,
96,Argentina,ARG,2011,9.52197296,2.25E-11,5.615505505,29425.75939,41261490,0.786583943,0.852,ARG2011,0.83832854,1.0000,0.9383,,
97,Argentina,ARG,2012,9.574800906,2.27E-11,5.741764274,28825.96669,41733271,0.781833682,0.85,ARG2012,0.832011402,1.0000,0.9397,,
98,Argentina,ARG,2013,9.974912759,2.24E-11,5.995339989,29227.66018,42202935,0.77365681,0.852,ARG2013,0.821349442,1.0000,0.9419,,
99,Argentina,ARG,2014,9.801850154,2.22E-11,5.731924635,28200.81526,42669500,0.749588164,0.855,ARG2014,0.794062674,1.0000,0.9440,,
100,Argentina,ARG,2015,10.25390412,2.29E-11,6.556106606,28669.20613,43131966,0.76104307,0.859,ARG2015,0.802109778,1.0000,0.9488,,
101,Argentina,ARG,2016,10.05966718,2.25E-11,6.522519208,27802.10572,43590368,0.780696739,0.857,ARG2016,0.823163986,1.0000,0.9484,,
102,Argentina,ARG,2017,10.31686884,2.26E-11,11.6176859,28334.90418,44044811,0.843447675,0.861,ARG2017,0.884693742,1.0000,0.9534,,
103,Argentina,ARG,2018,9.597535711,2.13E-11,6.045201819,27367.11509,44494502,0.849903325,0.861,ARG2018,0.886977911,1.0000,0.9582,,
104,Argentina,ARG,2019,8.833225687,2.00E-11,4.993164458,26629.55294,44938712,0.79082633,0.861,ARG2019,0.820132554,1.0000,0.9643,,
105,Argentina,ARG,2020,8.567040171,2.00E-11,4.465497052,23877.09314,45376763,0.783267973,0.851,ARG2020,0.804938912,1.0000,0.9731,,
106,Armenia,ARM,2000,2.549270197,1.11E-11,50.52919788,4589.00825,3168523,0.232650242,0.667,ARM2000,0.264570713,1.0000,0.8793,,
107,Armenia,ARM,2001,2.427179507,1.06E-11,57.21333976,5044.116478,3133133,0.253245728,0.672,ARM2001,0.28763026,1.0000,0.8805,,
108,Armenia,ARM,2002,2.265122476,1.15E-11,52.88232668,5731.353466,3105037,0.315551293,0.682,ARM2002,0.353809178,1.0000,0.8919,,
109,Armenia,ARM,2003,2.400118934,1.01E-11,61.87279965,6569.260234,3084102,0.368446671,0.692,ARM2003,0.406143129,1.0000,0.9072,,
110,Armenia,ARM,2004,2.506353722,1.12E-11,92.17872776,7299.400019,3065745,0.403559123,0.7,ARM2004,0.437706947,1.0000,0.9220,,
111,Armenia,ARM,2005,2.799473203,1.19E-11,98.85934092,8362.90084,3047246,0.453025495,0.711,ARM2005,0.486897349,1.0000,0.9304,,
112,Armenia,ARM,2006,3.010257567,1.39E-11,113.0393599,9525.231468,3026486,0.509828272,0.725,ARM2006,0.548930168,1.0000,0.9288,,
113,Armenia,ARM,2007,3.790163042,1.45E-11,133.3273869,10898.84838,3004393,0.562746791,0.739,ARM2007,0.606576622,1.0000,0.9277,,
114,Armenia,ARM,2008,4.583912563,1.56E-11,137.6865551,11727.48213,2983421,0.54869939,0.743,ARM2008,0.594290793,1.0000,0.9233,,
115,Armenia,ARM,2009,4.049343272,1.37E-11,96.46160686,10143.23508,2964296,0.539756709,0.741,ARM2009,0.583509028,1.0000,0.9250,,
116,Armenia,ARM,2010,4.061043929,1.39E-11,91.91082282,10438.56419,2946293,0.576187258,0.747,ARM2010,0.612655163,1.0000,0.9405,,
117,Armenia,ARM,2011,4.202685785,1.38E-11,101.4343048,10990.1771,2928976,0.61435653,0.752,ARM2011,0.654771328,1.0000,0.9383,,
118,Armenia,ARM,2012,4.586515033,1.36E-11,91.00098729,11796.27412,2914421,0.656064734,0.761,ARM2012,0.698170662,1.0000,0.9397,,
119,Armenia,ARM,2013,4.635152075,1.31E-11,86.58574672,12194.01895,2901385,0.556789069,0.766,ARM2013,0.591112733,1.0000,0.9419,,
120,Armenia,ARM,2014,4.633952112,1.33E-11,76.35576347,12667.37573,2889930,0.581553651,0.772,ARM2014,0.61605835,1.0000,0.9440,,
121,Armenia,ARM,2015,4.462018877,1.19E-11,76.95434661,13112.76009,2878595,0.605127284,0.777,ARM2015,0.637780607,1.0000,0.9488,,
122,Armenia,ARM,2016,4.465397806,1.18E-11,73.23475409,13192.99407,2865835,0.667747156,0.783,ARM2016,0.70407033,1.0000,0.9484,,
123,Armenia,ARM,2017,4.823773153,1.27E-11,84.46688366,14243.8749,2851923,0.759166086,0.785,ARM2017,0.796290636,1.0000,0.9534,,
124,Armenia,ARM,2018,4.688138177,1.21E-11,93.41039341,15037.04524,2836557,0.656478873,0.789,ARM2018,0.685115874,1.0000,0.9582,,
125,Armenia,ARM,2019,4.852317483,1.33E-11,97.65538944,16215.3608,2820602,0.683402093,0.796,ARM2019,0.708727419,1.0000,0.9643,,
126,Armenia,ARM,2020,4.831413345,1.44E-11,102.7752016,15052.93598,2805608,0.625769366,0.761,ARM2020,0.643082738,1.0000,0.9731,,
127,Australia,AUS,2000,28.17402623,1.30E-10,43.06534494,45013.00995,19028802,0.76048975,0.897,AUS2000,0.864831746,1.0000,0.8793,,
128,Australia,AUS,2001,28.39585441,1.38E-10,43.31438965,45338.68343,19274701,0.781263965,0.9,AUS2001,0.887340367,1.0000,0.8805,,
129,Australia,AUS,2002,29.87305544,1.32E-10,32.2063649,46609.74418,19495210,0.80312958,0.902,AUS2002,0.900502145,1.0000,0.8919,,
130,Australia,AUS,2003,30.56178935,1.42E-10,117.5902614,47500.83512,19720737,0.81405287,0.906,AUS2003,0.897340119,1.0000,0.9072,,
131,Australia,AUS,2004,31.85119298,1.21E-10,71.109548,48980.89318,19932722,0.81911917,0.91,AUS2004,0.888430297,1.0000,0.9220,,
132,Australia,AUS,2005,32.58251018,1.26E-10,47.19197983,49914.51464,20176844,0.832786399,0.914,AUS2005,0.895052254,1.0000,0.9304,,
133,Australia,AUS,2006,32.02715629,1.25E-10,39.61125675,50602.35025,20450966,0.817067134,0.917,AUS2006,0.879733086,1.0000,0.9288,,
134,Australia,AUS,2007,32.4986794,1.04E-10,41.66625669,51562.09401,20827622,0.804819108,0.919,AUS2007,0.867502868,1.0000,0.9277,,
135,Australia,AUS,2008,30.08132786,5.19E-11,44.98107094,52351.58705,21249199,0.807249249,0.924,AUS2008,0.874323547,1.0000,0.9233,,
136,Australia,AUS,2009,30.03844554,5.74E-11,49.87726931,52254.32273,21691653,0.810742486,0.927,AUS2009,0.876460731,1.0000,0.9250,,
137,Australia,AUS,2010,30.48532193,5.55E-11,46.07516477,52589.81821,22031750,0.867962132,0.929,AUS2010,0.922896981,1.0000,0.9405,,
138,Australia,AUS,2011,30.76891141,5.17E-11,49.74335085,53112.53287,22340024,0.889886925,0.933,AUS2011,0.9484272,1.0000,0.9383,,
139,Australia,AUS,2012,30.65637484,5.13E-11,43.63661341,54237.59191,22733465,0.853973716,0.938,AUS2012,0.90878135,1.0000,0.9397,,
140,Australia,AUS,2013,29.25887076,4.62E-11,42.39456695,54699.35162,23128129,0.793449461,0.935,AUS2013,0.842362225,1.0000,0.9419,,
141,Australia,AUS,2014,27.81299266,3.99E-11,40.03742293,55288.11534,23475686,0.791036929,0.937,AUS2014,0.837970674,1.0000,0.9440,,
142,Australia,AUS,2015,26.79881174,3.82E-11,32.21717054,55691.69885,23815995,0.774458569,0.938,AUS2015,0.816249192,1.0000,0.9488,,
143,Australia,AUS,2016,27.01712972,4.62E-11,32.17617102,56341.51816,24190907,0.803276989,0.939,AUS2016,0.846972525,1.0000,0.9484,,
144,Australia,AUS,2017,26.42229127,4.05E-11,37.66030144,56684.64733,24594202,0.826277429,0.94,AUS2017,0.866683841,1.0000,0.9534,,
145,Australia,AUS,2018,25.55702573,3.85E-11,40.91898189,57450.38104,24966643,0.838295458,0.945,AUS2018,0.874863684,1.0000,0.9582,,
146,Australia,AUS,2019,24.22578528,3.96E-11,35.4232619,57837.06069,25340217,0.818244377,0.947,AUS2019,0.848566651,1.0000,0.9643,,
147,Australia,AUS,2020,22.9983688,3.99E-11,28.422007,57059.74364,25655289,0.8332953,0.95,AUS2020,0.856350362,1.0000,0.9731,,
148,Austria,AUT,2000,17.73828022,1.26E-11,24.26000705,53599.60933,8011566,0.884149751,0.879,AUT2000,1.005458355,1.0000,0.8793,,
149,Austria,AUT,2001,18.11351148,1.20E-11,22.47987724,54098.0257,8042293,0.887827238,0.883,AUT2001,1.008372307,1.0000,0.8805,,
150,Austria,AUT,2002,18.07513329,1.14E-11,23.06618456,54631.60085,8081957,0.922603294,0.887,AUT2002,1.034461021,1.0000,0.8919,,
151,Austria,AUT,2003,19.48442242,1.16E-11,23.9608687,54986.74357,8121423,0.907760715,0.889,AUT2003,1.000635386,1.0000,0.9072,,
152,Austria,AUT,2004,19.54172833,1.23E-11,26.33813952,56048.48089,8171966,0.914437491,0.895,AUT2004,0.991814137,1.0000,0.9220,,
153,Austria,AUT,2005,18.90532739,1.17E-11,27.75242964,56959.63812,8227829,0.92463285,0.898,AUT2005,0.993765891,1.0000,0.9304,,
154,Austria,AUT,2006,19.5977238,1.20E-11,27.5868004,58531.50979,8268641,0.919228481,0.902,AUT2006,0.989729822,1.0000,0.9288,,
155,Austria,AUT,2007,19.56370029,1.20E-11,27.1092871,60544.63404,8295487,0.912504233,0.905,AUT2007,0.983575106,1.0000,0.9277,,
156,Austria,AUT,2008,19.07967547,1.18E-11,30.12576533,61232.54902,8321496,0.880707442,0.907,AUT2008,0.953885376,1.0000,0.9233,,
157,Austria,AUT,2009,17.66224098,1.18E-11,26.39617406,58882.14187,8343323,0.850667246,0.907,AUT2009,0.919621766,1.0000,0.9250,,
158,Austria,AUT,2010,18.92640154,1.19E-11,28.66859884,59803.37263,8363404,0.828837626,0.912,AUT2010,0.881296217,1.0000,0.9405,,
159,Austria,AUT,2011,18.5354132,1.26E-11,28.21673442,61346.95947,8391643,0.815090358,0.915,AUT2011,0.86871022,1.0000,0.9383,,
160,Austria,AUT,2012,18.27548978,1.27E-11,24.98438452,61451.5491,8429991,0.816022997,0.916,AUT2012,0.868394971,1.0000,0.9397,,
161,Austria,AUT,2013,17.87815959,1.13E-11,24.60034544,60937.25691,8479823,0.789072784,0.915,AUT2013,0.837715745,1.0000,0.9419,,
162,Austria,AUT,2014,17.12982587,1.09E-11,24.15303065,60919.84071,8546356,0.811048699,0.919,AUT2014,0.859169781,1.0000,0.9440,,
163,Austria,AUT,2015,16.62716485,1.03E-11,22.53587272,61025.99945,8642699,0.823035943,0.919,AUT2015,0.867447853,1.0000,0.9488,,
164,Austria,AUT,2016,16.74465473,1.01E-11,23.19964487,61647.77947,8736668,0.823052861,0.921,AUT2016,0.867824137,1.0000,0.9484,,
165,Austria,AUT,2017,16.86741517,1.03E-11,23.53494892,62612.13993,8797566,0.827483158,0.922,AUT2017,0.867948532,1.0000,0.9534,,
166,Austria,AUT,2018,16.79741831,1.08E-11,26.0699084,63855.78168,8840521,0.83369253,0.925,AUT2018,0.870059967,1.0000,0.9582,,
167,Austria,AUT,2019,16.4142075,1.04E-11,24.97615094,64688.14382,8879920,0.867249772,0.928,AUT2019,0.899388075,1.0000,0.9643,,
168,Austria,AUT,2020,15.47307147,1.02E-11,25.14881688,60349.90228,8916864,0.864737938,0.925,AUT2020,0.888662934,1.0000,0.9731,,
169,Azerbaijan,AZE,2000,4.313080658,1.81E-11,88.48620003,5656.929893,8048600,0,0.652,AZE2000,0,1.0000,0.8793,,
170,Azerbaijan,AZE,2001,5.286482272,1.65E-11,94.72937026,6168.98511,8111200,0,0.66,AZE2001,0,1.0000,0.8805,,
171,Azerbaijan,AZE,2002,3.928442752,1.31E-11,66.02007404,6701.081737,8171950,0,0.669,AZE2002,0,1.0000,0.8919,,
172,Azerbaijan,AZE,2003,4.291768135,1.34E-11,70.58272392,7329.406051,8234100,0,0.676,AZE2003,0,1.0000,0.9072,,
173,Azerbaijan,AZE,2004,4.284374147,1.30E-11,78.43072423,7937.85948,8306500,0,0.682,AZE2004,0,1.0000,0.9220,,
174,Azerbaijan,AZE,2005,4.230652867,1.20E-11,83.54927241,10054.10034,8391850,0,0.692,AZE2005,0,1.0000,0.9304,,
175,Azerbaijan,AZE,2006,4.297692119,1.26E-11,92.58160472,13371.65849,8484550,0,0.711,AZE2006,0,1.0000,0.9288,,
176,Azerbaijan,AZE,2007,4.428646807,1.29E-11,95.73981498,16587.36571,8581300,0,0.72,AZE2007,0,1.0000,0.9277,,
177,Azerbaijan,AZE,2008,4.777982836,1.29E-11,95.89519498,17963.02077,8763400,0,0.731,AZE2008,0,1.0000,0.9233,,
178,Azerbaijan,AZE,2009,4.437233857,9.52E-12,82.66857579,19242.39,8947243,0,0.74,AZE2009,0,1.0000,0.9250,,
179,Azerbaijan,AZE,2010,4.675669751,1.31E-11,110.1485425,19925.3901,9054332,0,0.744,AZE2010,0,1.0000,0.9405,,
180,Azerbaijan,AZE,2011,5.381692621,1.32E-11,104.0481578,19358.07779,9173082,0,0.746,AZE2011,0,1.0000,0.9383,,
181,Azerbaijan,AZE,2012,5.420333093,1.31E-11,82.38931712,19523.37371,9295784,0,0.751,AZE2012,0,1.0000,0.9397,,
182,Azerbaijan,AZE,2013,5.952254945,1.35E-11,81.51312718,20398.64619,9416801,0,0.757,AZE2013,0,1.0000,0.9419,,
183,Azerbaijan,AZE,2014,5.812669342,1.32E-11,73.83072027,20709.20162,9535079,0,0.766,AZE2014,0,1.0000,0.9440,,
184,Azerbaijan,AZE,2015,5.882641179,1.33E-11,84.13963339,20678.75396,9649341,0,0.771,AZE2015,0,1.0000,0.9488,,
185,Azerbaijan,AZE,2016,5.411370262,1.26E-11,72.92992871,19822.41059,9757812,0,0.772,AZE2016,0,1.0000,0.9484,,
186,Azerbaijan,AZE,2017,5.45133168,1.21E-11,76.497188,19659.00485,9854033,0,0.774,AZE2017,0,1.0000,0.9534,,
187,Azerbaijan,AZE,2018,5.662839939,1.22E-11,77.6498466,19781.85091,9939771,0,0.775,AZE2018,0,1.0000,0.9582,,
188,Azerbaijan,AZE,2019,6.352006781,1.70E-11,79.16090972,20101.4919,10024283,0,0.78,AZE2019,0,1.0000,0.9643,,
189,Azerbaijan,AZE,2020,5.644447307,1.69E-11,82.49502175,19126.09685,10093121,0,0.757,AZE2020,0,1.0000,0.9731,,
190,Bahrain,BHR,2000,22.20590418,1.89E-11,148.5045647,57968.99561,711442,0.737031163,0.775,BHR2000,0.838154554,1.0000,0.8793,,
191,Bahrain,BHR,2001,21.94825291,1.87E-11,133.1620669,57280.69867,730257,0.643626939,0.785,BHR2001,0.731015623,1.0000,0.8805,,
192,Bahrain,BHR,2002,25.76214246,2.33E-11,214.6401699,55096.65716,748324,0.535688654,0.791,BHR2002,0.600636303,1.0000,0.8919,,
193,Bahrain,BHR,2003,24.66017223,2.14E-11,195.6434755,54431.87636,778256,0.555104752,0.799,BHR2003,0.611898541,1.0000,0.9072,,
194,Bahrain,BHR,2004,22.57669455,2.59E-11,342.8214317,54045.09289,833451,0.527714306,0.795,BHR2004,0.572367728,1.0000,0.9220,,
195,Bahrain,BHR,2005,21.53844131,1.96E-11,258.119493,53478.26624,901921,0.60461329,0.791,BHR2005,0.649819076,1.0000,0.9304,,
196,Bahrain,BHR,2006,21.72951221,1.97E-11,387.4720084,52691.93234,970981,0.638841311,0.795,BHR2006,0.687838018,1.0000,0.9288,,
197,Bahrain,BHR,2007,20.63618579,1.77E-11,348.2612195,52731.79217,1040532,0.664368241,0.8,BHR2007,0.716112912,1.0000,0.9277,,
198,Bahrain,BHR,2008,23.27914541,2.15E-11,297.2668623,52765.38995,1110343,0.822469459,0.804,BHR2008,0.890808403,1.0000,0.9233,,
199,Bahrain,BHR,2009,19.52725892,2.02E-11,235.8238378,50665.75075,1179453,0.689756715,0.804,BHR2009,0.745667934,1.0000,0.9250,,
200,Bahrain,BHR,2010,18.38006197,2.37E-11,251.7266649,50704.84797,1213645,0.729947412,0.81,BHR2010,0.776147068,1.0000,0.9405,,
201,Bahrain,BHR,2011,18.35452219,1.64E-11,319.9188128,53132.32842,1212077,0.754043556,0.817,BHR2011,0.803647518,1.0000,0.9383,,
202,Bahrain,BHR,2012,17.81544907,1.35E-11,280.5702381,54516.84066,1224939,0.794328102,0.833,BHR2012,0.845307708,1.0000,0.9397,,
203,Bahrain,BHR,2013,21.81072539,1.56E-11,342.6734816,55376.40051,1261673,0.817327571,0.846,BHR2013,0.867712319,1.0000,0.9419,,
204,Bahrain,BHR,2014,21.60680442,1.42E-11,347.9040425,55065.81895,1311134,0.775171588,0.847,BHR2014,0.821164012,1.0000,0.9440,,
205,Bahrain,BHR,2015,22.38002707,1.76E-11,301.6835222,54149.91315,1362142,0.705971661,0.868,BHR2015,0.744066656,1.0000,0.9488,,
206,Bahrain,BHR,2016,21.02687319,1.44E-11,224.2437561,54107.07522,1409661,0.663548644,0.871,BHR2016,0.699643433,1.0000,0.9484,,
207,Bahrain,BHR,2017,20.44967523,1.41E-11,270.4462805,53859.77496,1456834,0.658506744,0.874,BHR2017,0.690708876,1.0000,0.9534,,
208,Bahrain,BHR,2018,21.26446778,1.21E-11,224.5959185,54893.07244,1487340,0.706385053,0.886,BHR2018,0.737199068,1.0000,0.9582,,
209,Bahrain,BHR,2019,20.21844171,1.32E-11,228.3076083,56749.96284,1494188,0.725462813,0.894,BHR2019,0.752346814,1.0000,0.9643,,
210,Bahrain,BHR,2020,20.70109751,9.91E-12,111.6504661,53814.24526,1477469,0.706384412,0.885,BHR2020,0.725928187,1.0000,0.9731,,
211,Bangladesh,BGD,2000,1.673217612,1.89E-12,3.195404127,2712.935122,129193327,0,0.477,BGD2000,0,1.0000,0.8793,,
212,Bangladesh,BGD,2001,1.690716374,2.79E-12,4.493404048,2803.55472,131670484,0,0.486,BGD2001,0,1.0000,0.8805,,
213,Bangladesh,BGD,2002,1.694607177,2.71E-12,5.378148767,2866.434543,134139826,0,0.494,BGD2002,0,1.0000,0.8919,,
214,Bangladesh,BGD,2003,1.515503156,2.37E-12,5.105507612,2958.915031,136503206,0,0.503,BGD2003,0,1.0000,0.9072,,
215,Bangladesh,BGD,2004,1.620828045,2.42E-12,4.690407028,3071.837788,138789725,0,0.511,BGD2004,0,1.0000,0.9220,,
216,Bangladesh,BGD,2005,1.676599041,2.47E-12,5.193049222,3231.613707,140912590,0,0.52,BGD2005,0,1.0000,0.9304,,
217,Bangladesh,BGD,2006,1.705119867,2.44E-12,3.788790088,3407.42735,142628831,0,0.527,BGD2006,0,1.0000,0.9288,,
218,Bangladesh,BGD,2007,1.740027421,2.45E-12,6.100941736,3608.915438,144135934,0,0.534,BGD2007,0,1.0000,0.9277,,
219,Bangladesh,BGD,2008,1.817518875,2.57E-12,4.483970093,3787.938276,145421318,0,0.538,BGD2008,0,1.0000,0.9233,,
220,Bangladesh,BGD,2009,1.842857099,2.54E-12,4.760491574,3942.136312,146706810,0,0.551,BGD2009,0,1.0000,0.9250,,
221,Bangladesh,BGD,2010,1.894328014,2.55E-12,4.460047347,4125.463902,148391139,0,0.561,BGD2010,0,1.0000,0.9405,,
222,Bangladesh,BGD,2011,1.943372921,2.61E-12,5.31541776,4352.426434,150211005,0,0.572,BGD2011,0,1.0000,0.9383,,
223,Bangladesh,BGD,2012,1.965010723,2.61E-12,5.322163967,4592.048409,152090649,0,0.583,BGD2012,0,1.0000,0.9397,,
224,Bangladesh,BGD,2013,2.019099936,2.60E-12,5.77181095,4822.726214,154030139,0,0.589,BGD2013,0,1.0000,0.9419,,
225,Bangladesh,BGD,2014,2.051875359,2.55E-12,5.132619924,5068.639657,155961299,0,0.6,BGD2014,0,1.0000,0.9440,,
226,Bangladesh,BGD,2015,2.153612634,2.56E-12,4.552753845,5352.711333,157830000,0,0.621,BGD2015,0,1.0000,0.9488,,
227,Bangladesh,BGD,2016,2.127605371,2.54E-12,3.556679644,5682.535535,159784568,0,0.632,BGD2016,0,1.0000,0.9484,,
228,Bangladesh,BGD,2017,2.204676163,2.65E-12,4.09159414,6005.707188,161793964,0,0.633,BGD2017,0,1.0000,0.9534,,
229,Bangladesh,BGD,2018,2.312523505,2.67E-12,4.74353378,6392.59334,163683958,0,0.646,BGD2018,0,1.0000,0.9582,,
230,Bangladesh,BGD,2019,2.344514626,2.67E-12,4.570827121,6838.326116,165516222,0,0.656,BGD2019,0,1.0000,0.9643,,
231,Bangladesh,BGD,2020,2.330367476,2.68E-12,5.035078972,7015.197928,167420951,0,0.663,BGD2020,0,1.0000,0.9731,,
232,Belarus,BLR,2000,6.820528841,3.50E-12,2.949043887,11182.45484,9979610,0,0.724,BLR2000,0,1.0000,0.8793,,
233,Belarus,BLR,2001,6.744704965,3.45E-12,4.553288326,11771.0872,9928549,0,0.731,BLR2001,0,1.0000,0.8805,,
234,Belarus,BLR,2002,7.09955162,3.51E-12,3.810914421,12443.93226,9865548,0,0.738,BLR2002,0,1.0000,0.8919,,
235,Belarus,BLR,2003,6.960691698,3.35E-12,5.888074121,13413.92656,9796749,0,0.747,BLR2003,0,1.0000,0.9072,,
236,Belarus,BLR,2004,7.524118108,4.02E-12,7.765395404,15052.11821,9730146,0,0.758,BLR2004,0,1.0000,0.9220,,
237,Belarus,BLR,2005,7.344590967,3.77E-12,4.251261143,16579.87316,9663915,0,0.767,BLR2005,0,1.0000,0.9304,,
238,Belarus,BLR,2006,8.109441911,4.20E-12,4.961718203,18349.8719,9604924,0,0.777,BLR2006,0,1.0000,0.9288,,
239,Belarus,BLR,2007,8.280226793,4.39E-12,7.765836186,20019.61116,9560953,0,0.786,BLR2007,0,1.0000,0.9277,,
240,Belarus,BLR,2008,8.869361109,4.48E-12,10.62646948,22137.94729,9527985,0,0.796,BLR2008,0,1.0000,0.9233,,
241,Belarus,BLR,2009,8.819342434,4.10E-12,6.713429716,22236.83877,9504583,0,0.798,BLR2009,0,1.0000,0.9250,,
242,Belarus,BLR,2010,9.669895347,4.18E-12,7.633595109,24012.6133,9483836,0,0.803,BLR2010,0,1.0000,0.9405,,
243,Belarus,BLR,2011,8.681597141,4.57E-12,9.152248786,25404.7566,9461643,0,0.812,BLR2011,0,1.0000,0.9383,,
244,Belarus,BLR,2012,8.424910067,4.42E-12,5.722808172,25879.13194,9446836,0,0.818,BLR2012,0,1.0000,0.9397,,
245,Belarus,BLR,2013,9.282572793,4.31E-12,5.911182805,26147.62536,9443211,0,0.821,BLR2013,0,1.0000,0.9419,,
246,Belarus,BLR,2014,8.987071881,4.42E-12,6.876131523,26564.43472,9448515,0,0.825,BLR2014,0,1.0000,0.9440,,
247,Belarus,BLR,2015,8.264401704,4.08E-12,5.393669582,25513.21329,9461076,0,0.825,BLR2015,0,1.0000,0.9488,,
248,Belarus,BLR,2016,7.551152245,3.97E-12,4.821770376,24846.83015,9469379,0,0.825,BLR2016,0,1.0000,0.9484,,
249,Belarus,BLR,2017,8.008431691,5.10E-12,7.653783941,25503.98099,9458989,0,0.828,BLR2017,0,1.0000,0.9534,,
250,Belarus,BLR,2018,8.378712462,4.70E-12,7.801553138,26363.46298,9438785,0,0.827,BLR2018,0,1.0000,0.9582,,
251,Belarus,BLR,2019,8.510780846,4.03E-12,6.593532609,26798.82064,9419758,0,0.826,BLR2019,0,1.0000,0.9643,,
252,Belarus,BLR,2020,7.701569249,3.76E-12,5.253066282,26731.49538,9379952,0,0.815,BLR2020,0,1.0000,0.9731,,
253,Belgium,BEL,2000,19.01860004,1.56E-11,43.83983929,50477.99413,10251250,1.055847052,0.894,BEL2000,1.200713158,1.0000,0.8793,,
254,Belgium,BEL,2001,18.42656536,1.43E-11,44.11567864,50857.82474,10286570,1.066350852,0.899,BEL2001,1.21113503,1.0000,0.8805,,
255,Belgium,BEL,2002,18.37269342,1.34E-11,46.71930177,51494.56179,10332785,1.112978984,0.901,BEL2002,1.247918129,1.0000,0.8919,,
256,Belgium,BEL,2003,19.67384434,1.46E-11,47.13557598,51811.69235,10376133,1.06509236,0.903,BEL2003,1.174063921,1.0000,0.9072,,
257,Belgium,BEL,2004,20.33152307,1.48E-11,51.62345206,53430.25402,10421137,1.04293546,0.909,BEL2004,1.131185174,1.0000,0.9220,,
258,Belgium,BEL,2005,20.46500687,1.43E-11,51.42819632,54370.87038,10478617,1.032108239,0.911,BEL2005,1.10927701,1.0000,0.9304,,
259,Belgium,BEL,2006,20.11563046,1.39E-11,50.89286441,55392.05003,10547958,0.967106841,0.913,BEL2006,1.04128027,1.0000,0.9288,,
260,Belgium,BEL,2007,19.96386753,1.38E-11,52.7034985,57008.60139,10625700,0.947654912,0.916,BEL2007,1.021463513,1.0000,0.9277,,
261,Belgium,BEL,2008,20.71788431,1.40E-11,60.96400999,56812.79044,10709973,0.928962227,0.917,BEL2008,1.00614965,1.0000,0.9233,,
262,Belgium,BEL,2009,18.5964292,1.21E-11,53.66252026,55283.08634,10796493,0.933714454,0.919,BEL2009,1.009400725,1.0000,0.9250,,
263,Belgium,BEL,2010,20.06017834,1.13E-11,52.16625716,56265.01535,10895586,0.898141498,0.921,BEL2010,0.954986453,1.0000,0.9405,,
264,Belgium,BEL,2011,18.94073168,1.13E-11,46.38483014,56610.26701,11038264,0.875169423,0.923,BEL2011,0.932741523,1.0000,0.9383,,
265,Belgium,BEL,2012,18.26267289,1.06E-11,40.67313194,56381.68884,11106932,0.869896673,0.923,BEL2012,0.925726235,1.0000,0.9397,,
266,Belgium,BEL,2013,18.25227298,1.01E-11,37.09953439,56287.99766,11159407,0.853964209,0.925,BEL2013,0.906607449,1.0000,0.9419,,
267,Belgium,BEL,2014,17.4314239,1.03E-11,35.8898889,57028.05797,11209057,0.860817725,0.93,BEL2014,0.911891699,1.0000,0.9440,,
268,Belgium,BEL,2015,17.00688944,9.75E-12,35.58348726,57534.39661,11274196,0.868913873,0.933,BEL2015,0.915801406,1.0000,0.9488,,
269,Belgium,BEL,2016,17.40021156,1.03E-11,37.79908061,57927.04288,11331422,0.878356189,0.936,BEL2016,0.926135778,1.0000,0.9484,,
270,Belgium,BEL,2017,17.59182847,1.05E-11,35.85651137,58555.15248,11375158,0.857303615,0.94,BEL2017,0.899227262,1.0000,0.9534,,
271,Belgium,BEL,2018,17.93042867,1.05E-11,37.50388736,59383.87733,11427054,0.833368984,0.942,BEL2018,0.869722307,1.0000,0.9582,,
272,Belgium,BEL,2019,17.26300798,1.02E-11,38.09570289,60506.65977,11488980,0.867936653,0.945,BEL2019,0.90010041,1.0000,0.9643,,
273,Belgium,BEL,2020,15.96074161,9.58E-12,33.21947083,57358.83703,11538604,0.884513772,0.939,BEL2020,0.908985913,1.0000,0.9731,,
274,Benin,BEN,2000,1.760592956,2.75E-12,3.185576211,2536.168859,6998023,0.386536861,0.415,BEN2000,0.439571142,1.0000,0.8793,,
275,Benin,BEN,2001,1.95607302,2.90E-12,16.14352619,2591.064852,7212041,0.402679462,0.426,BEN2001,0.457353413,1.0000,0.8805,,
276,Benin,BEN,2002,1.98518207,2.89E-12,8.304995811,2630.18061,7431783,0.428571735,0.435,BEN2002,0.480532378,1.0000,0.8919,,
277,Benin,BEN,2003,2.142405214,2.98E-12,4.679749183,2639.043701,7659208,0.443793124,0.442,BEN2003,0.489198416,1.0000,0.9072,,
278,Benin,BEN,2004,1.974767484,2.60E-12,2.441131282,2672.844044,7894554,0.467675172,0.449,BEN2004,0.507248282,1.0000,0.9220,,
279,Benin,BEN,2005,2.186641615,2.87E-12,3.595024998,2632.472515,8149419,0.476867339,0.456,BEN2005,0.512521803,1.0000,0.9304,,
280,Benin,BEN,2006,2.245510527,2.38E-12,2.109466995,2652.21842,8402631,0.475123488,0.462,BEN2006,0.511563659,1.0000,0.9288,,
281,Benin,BEN,2007,2.687963023,3.22E-12,3.134302225,2729.137414,8647761,0.482934995,0.469,BEN2007,0.520548642,1.0000,0.9277,,
282,Benin,BEN,2008,2.738215021,2.49E-12,2.367936214,2777.61974,8906469,0.474168293,0.475,BEN2008,0.513566911,1.0000,0.9233,,
283,Benin,BEN,2009,2.803101589,2.52E-12,2.650302575,2758.072432,9172514,0.45789425,0.48,BEN2009,0.495010853,1.0000,0.9250,,
284,Benin,BEN,2010,2.404617535,2.34E-12,2.301052125,2733.573996,9445710,0.451116931,0.485,BEN2010,0.479668915,1.0000,0.9405,,
285,Benin,BEN,2011,2.290098065,2.14E-12,1.820137833,2732.012496,9726380,0.43929886,0.49,BEN2011,0.468197674,1.0000,0.9383,,
286,Benin,BEN,2012,2.271029753,2.14E-12,1.967884682,2779.726481,10014078,0.459294491,0.497,BEN2012,0.488771796,1.0000,0.9397,,
287,Benin,BEN,2013,2.661962602,2.34E-12,2.595964336,2893.046702,10308730,0.464669443,0.506,BEN2013,0.493314326,1.0000,0.9419,,
288,Benin,BEN,2014,3.071956932,2.70E-12,7.426407317,2987.382363,10614844,0.471046802,0.509,BEN2014,0.498994917,1.0000,0.9440,,
289,Benin,BEN,2015,2.536832366,2.41E-12,6.1518658,2952.002183,10932783,0.471242758,0.511,BEN2015,0.496671528,1.0000,0.9488,,
290,Benin,BEN,2016,2.351852414,2.21E-12,5.886428059,2962.663816,11260085,0.479385299,0.51,BEN2016,0.505462229,1.0000,0.9484,,
291,Benin,BEN,2017,2.329060466,2.21E-12,7.092855253,3041.7793,11596779,0.458921841,0.507,BEN2017,0.481363922,1.0000,0.9534,,
292,Benin,BEN,2018,2.41877015,2.10E-12,5.858544388,3155.451065,11940683,0.442881651,0.507,BEN2018,0.462201089,1.0000,0.9582,,
293,Benin,BEN,2019,2.353894495,1.99E-12,5.787868509,3281.104701,12290444,0.456271551,0.507,BEN2019,0.473179936,1.0000,0.9643,,
294,Benin,BEN,2020,2.391238956,1.96E-12,3.531788574,3317.859722,12643123,0.44159473,0.504,BEN2020,0.45381248,1.0000,0.9731,,
295,Bhutan,BTN,2000,10.68159386,4.99E-11,11.1856668,5287.574347,587207,0,NA,BTN2000,0,1.0000,0.8793,,
296,Bhutan,BTN,2001,10.27525835,4.65E-11,12.88898035,5545.630551,603234,0,NA,BTN2001,0,1.0000,0.8805,,
297,Bhutan,BTN,2002,10.93032463,5.18E-11,16.23062935,5991.254976,619048,0,NA,BTN2002,0,1.0000,0.8919,,
298,Bhutan,BTN,2003,10.56402571,4.81E-11,17.66900172,6323.541195,634627,0,NA,BTN2003,0,1.0000,0.9072,,
299,Bhutan,BTN,2004,10.71537593,5.06E-11,23.76953831,6517.996833,649991,0,NA,BTN2004,0,1.0000,0.9220,,
300,Bhutan,BTN,2005,10.72836486,5.00E-11,28.52674158,6850.804416,663323,0,NA,BTN2005,0,1.0000,0.9304,,
301,Bhutan,BTN,2006,10.05434159,4.75E-11,24.77793146,7140.856091,673260,0,NA,BTN2006,0,1.0000,0.9288,,
302,Bhutan,BTN,2007,10.87516669,4.63E-11,26.8991327,8195.070745,681614,0,NA,BTN2007,0,1.0000,0.9277,,
303,Bhutan,BTN,2008,10.69876918,4.21E-11,21.89392957,8470.034716,689737,0,NA,BTN2008,0,1.0000,0.9233,,
304,Bhutan,BTN,2009,11.45535894,4.26E-11,21.46408036,9019.118613,697678,0,NA,BTN2009,0,1.0000,0.9250,,
305,Bhutan,BTN,2010,12.07945663,4.24E-11,22.80903124,9985.284555,705516,0,0.593,BTN2010,0,1.0000,0.9405,,
306,Bhutan,BTN,2011,12.3636277,4.19E-11,21.47250853,10714.68657,713331,0,0.603,BTN2011,0,1.0000,0.9383,,
307,Bhutan,BTN,2012,12.03099583,4.14E-11,27.13854534,11143.94454,721145,0,0.609,BTN2012,0,1.0000,0.9397,,
308,Bhutan,BTN,2013,12.45242145,4.13E-11,32.31489727,11212.47943,728889,0,0.616,BTN2013,0,1.0000,0.9419,,
309,Bhutan,BTN,2014,13.22948421,4.13E-11,26.49691837,11744.51891,736357,0,0.626,BTN2014,0,1.0000,0.9440,,
310,Bhutan,BTN,2015,13.50929128,4.10E-11,35.36601767,12400.29832,743274,0,0.637,BTN2015,0,1.0000,0.9488,,
311,Bhutan,BTN,2016,12.93189031,4.01E-11,29.70108328,13320.9759,749761,0,0.647,BTN2016,0,1.0000,0.9484,,
312,Bhutan,BTN,2017,13.24483161,3.97E-11,30.32537797,13482.34253,756121,0,0.656,BTN2017,0,1.0000,0.9534,,
313,Bhutan,BTN,2018,13.58038403,3.96E-11,31.19543748,13854.8544,762096,0,0.667,BTN2018,0,1.0000,0.9582,,
314,Bhutan,BTN,2019,13.27826885,3.90E-11,33.70571277,14555.1884,767459,0,0.68,BTN2019,0,1.0000,0.9643,,
315,Bhutan,BTN,2020,13.10879722,3.92E-11,15.09602976,12979.93695,772506,0,0.688,BTN2020,0,1.0000,0.9731,,
316,Bolivia,BOL,2000,4.475113122,8.27E-11,1.952526803,6146.029294,8592656,0.282325799,0.63,BOL2000,0.321061939,1.0000,0.8793,,
317,Bolivia,BOL,2001,4.148923043,7.96E-11,1.673027064,6144.978295,8746084,0.287133394,0.639,BOL2001,0.326119035,1.0000,0.8805,,
318,Bolivia,BOL,2002,4.232157301,7.65E-11,1.384739811,6193.263475,8900583,0.295323568,0.642,BOL2002,0.331129014,1.0000,0.8919,,
319,Bolivia,BOL,2003,4.12256427,6.90E-11,1.401910085,6255.515583,9057378,0.302129497,0.645,BOL2003,0.333040923,1.0000,0.9072,,
320,Bolivia,BOL,2004,3.806317882,6.52E-11,1.33290214,6407.838118,9216279,0.307023173,0.648,BOL2004,0.333002448,1.0000,0.9220,,
321,Bolivia,BOL,2005,3.9557653,6.88E-11,1.240502633,6579.312289,9377388,0.320800993,0.658,BOL2005,0.344786674,1.0000,0.9304,,
322,Bolivia,BOL,2006,3.824064827,6.64E-11,1.225200801,6778.384925,9542663,0.336915569,0.656,BOL2006,0.362755716,1.0000,0.9288,,
323,Bolivia,BOL,2007,4.022227118,6.72E-11,1.268643694,6967.56988,9711152,0.344798505,0.664,BOL2007,0.371653318,1.0000,0.9277,,
324,Bolivia,BOL,2008,4.086359614,6.74E-11,1.365606441,7272.166242,9880593,0.373255553,0.668,BOL2008,0.404269338,1.0000,0.9233,,
325,Bolivia,BOL,2009,4.473619153,7.21E-11,1.370419338,7392.162593,10051317,0.359606182,0.671,BOL2009,0.38875562,1.0000,0.9250,,
326,Bolivia,BOL,2010,4.437815349,7.03E-11,1.674608408,7571.678092,10223270,0.386775789,0.677,BOL2010,0.411255509,1.0000,0.9405,,
327,Bolivia,BOL,2011,4.527233133,6.85E-11,1.38620434,7837.493188,10396246,0.405628887,0.683,BOL2011,0.432312757,1.0000,0.9383,,
328,Bolivia,BOL,2012,4.418765348,6.59E-11,1.738220304,8108.205188,10569697,0.430748234,0.685,BOL2012,0.458393455,1.0000,0.9397,,
329,Bolivia,BOL,2013,4.704891168,6.78E-11,1.777066158,8524.032134,10743349,0.453510531,0.699,BOL2013,0.481467515,1.0000,0.9419,,
330,Bolivia,BOL,2014,4.953465102,6.84E-11,1.935492532,8851.711628,10916987,0.439769767,0.701,BOL2014,0.465862155,1.0000,0.9440,,
331,Bolivia,BOL,2015,5.503103779,7.13E-11,2.196888432,9141.928409,11090085,0.419531558,0.704,BOL2015,0.442169935,1.0000,0.9488,,
332,Bolivia,BOL,2016,5.674178785,7.29E-11,1.820817443,9390.790638,11263015,0.420565348,0.714,BOL2016,0.443442672,1.0000,0.9484,,
333,Bolivia,BOL,2017,5.726469126,7.23E-11,1.933811698,9642.813957,11435533,0.440710206,0.715,BOL2017,0.462261707,1.0000,0.9534,,
334,Bolivia,BOL,2018,5.682050855,7.18E-11,1.956450052,9907.062567,11606905,0.427453108,0.722,BOL2018,0.44609952,1.0000,0.9582,,
335,Bolivia,BOL,2019,5.642883545,7.32E-11,2.150631605,9985.230485,11777315,0.417985544,0.728,BOL2019,0.433475137,1.0000,0.9643,,
336,Bolivia,BOL,2020,5.511618768,7.21E-11,1.288296332,9000.975652,11936162,0.382919147,0.697,BOL2020,0.393513501,1.0000,0.9731,,
337,Botswana,BWA,2000,8.182658277,9.61E-11,15.68408276,13185.81715,1726985,0.577675003,0.594,BWA2000,0.656934142,1.0000,0.8793,,
338,Botswana,BWA,2001,7.590694266,9.22E-11,10.94800432,12949.64031,1761930,0.540460019,0.595,BWA2001,0.613841176,1.0000,0.8805,,
339,Botswana,BWA,2002,7.166909495,9.02E-11,13.45225862,13479.69607,1795130,0.612832353,0.594,BWA2002,0.687133014,1.0000,0.8919,,
340,Botswana,BWA,2003,6.933785766,8.88E-11,13.32836965,13857.25883,1826863,0.584316932,0.602,BWA2003,0.644099474,1.0000,0.9072,,
341,Botswana,BWA,2004,7.216607232,8.77E-11,13.45371033,13984.84151,1859085,0.596026027,0.608,BWA2004,0.646459758,1.0000,0.9220,,
342,Botswana,BWA,2005,6.773936082,8.59E-11,18.02983446,14361.95763,1892807,0.674277926,0.616,BWA2005,0.724692404,1.0000,0.9304,,
343,Botswana,BWA,2006,6.189027019,8.30E-11,10.65128447,15275.58288,1928704,0.666308371,0.627,BWA2006,0.717411697,1.0000,0.9288,,
344,Botswana,BWA,2007,6.485178708,8.25E-11,11.90047646,15850.23435,1966977,0.650380178,0.64,BWA2007,0.70103538,1.0000,0.9277,,
345,Botswana,BWA,2008,7.367029362,8.33E-11,20.01761489,16040.31532,2007320,0.753238003,0.645,BWA2008,0.815824509,1.0000,0.9233,,
346,Botswana,BWA,2009,7.695906146,8.17E-11,14.26623632,13489.95092,2048997,0.567100948,0.644,BWA2009,0.613069773,1.0000,0.9250,,
347,Botswana,BWA,2010,7.321365873,8.17E-11,22.24700822,14545.01981,2091664,0.569570043,0.652,BWA2010,0.605619133,1.0000,0.9405,,
348,Botswana,BWA,2011,8.237104324,8.03E-11,17.72898405,15236.71888,2134037,0.564800321,0.661,BWA2011,0.601955116,1.0000,0.9383,,
349,Botswana,BWA,2012,7.875474837,7.77E-11,13.10192297,14957.61891,2175425,0.521180503,0.667,BWA2012,0.554629624,1.0000,0.9397,,
350,Botswana,BWA,2013,9.006447639,7.68E-11,11.35990727,16369.42529,2217278,0.524186014,0.676,BWA2013,0.556499839,1.0000,0.9419,,
351,Botswana,BWA,2014,9.295506365,7.48E-11,11.63954348,17052.1924,2260376,0.576768656,0.685,BWA2014,0.610989451,1.0000,0.9440,,
352,Botswana,BWA,2015,8.67533906,7.35E-11,9.80145967,15994.9643,2305171,0.557879244,0.69,BWA2015,0.587983012,1.0000,0.9488,,
353,Botswana,BWA,2016,8.288583007,7.07E-11,11.02183287,16905.58874,2352416,0.602601906,0.696,BWA2016,0.635381401,1.0000,0.9484,,
354,Botswana,BWA,2017,6.966848131,6.84E-11,7.321841092,17352.89584,2401840,0.614505815,0.704,BWA2017,0.644556224,1.0000,0.9534,,
355,Botswana,BWA,2018,7.120240684,6.75E-11,8.79858769,17825.01857,2451409,0.580762874,0.71,BWA2018,0.606096983,1.0000,0.9582,,
356,Botswana,BWA,2019,7.774440721,6.81E-11,11.1638607,18106.01054,2499702,0.586107898,0.718,BWA2019,0.607827723,1.0000,0.9643,,
357,Botswana,BWA,2020,7.405015371,6.57E-11,10.73041242,16289.39136,2546402,0.537577034,0.718,BWA2020,0.552450359,1.0000,0.9731,,
358,Brazil,BRA,2000,6.715910071,4.53E-11,1.731427215,14005.34719,175873720,0.543841824,0.69,BRA2000,0.618458927,1.0000,0.8793,,
359,Brazil,BRA,2001,6.716695745,4.38E-11,1.774511623,14016.13138,178211881,0.53229199,0.694,BRA2001,0.60456413,1.0000,0.8805,,
360,Brazil,BRA,2002,6.803720284,4.35E-11,1.662145344,14265.90488,180476685,0.530287329,0.7,BRA2002,0.594580114,1.0000,0.8919,,
361,Brazil,BRA,2003,6.944966628,4.28E-11,1.479503143,14259.36641,182629278,0.515595943,0.705,BRA2003,0.568347514,1.0000,0.9072,,
362,Brazil,BRA,2004,7.120195195,4.21E-11,1.703348353,14911.26096,184722043,0.518699558,0.712,BRA2004,0.562590182,1.0000,0.9220,,
363,Brazil,BRA,2005,7.263167919,4.14E-11,2.062585715,15221.01383,186797334,0.524527181,0.718,BRA2005,0.563745081,1.0000,0.9304,,
364,Brazil,BRA,2006,7.549437334,4.19E-11,2.463320142,15657.47957,188820682,0.53654605,0.725,BRA2006,0.577697098,1.0000,0.9288,,
365,Brazil,BRA,2007,7.939154513,4.27E-11,2.77163012,16440.58374,190779453,0.549633538,0.732,BRA2007,0.592442036,1.0000,0.9277,,
366,Brazil,BRA,2008,8.285922353,4.12E-11,3.388133966,17113.36798,192672317,0.550017792,0.739,BRA2008,0.595718741,1.0000,0.9233,,
367,Brazil,BRA,2009,8.168923601,4.08E-11,3.265004218,16939.44078,194517549,0.537716534,0.742,BRA2009,0.581303477,1.0000,0.9250,,
368,Brazil,BRA,2010,8.870607531,4.06E-11,4.314706091,18062.15811,196353492,0.547768296,0.748,BRA2010,0.582437515,1.0000,0.9405,,
369,Brazil,BRA,2011,8.836716359,4.14E-11,4.463405085,18627.81045,198185302,0.566088232,0.753,BRA2011,0.603327751,1.0000,0.9383,,
370,Brazil,BRA,2012,8.925049674,4.08E-11,5.698322546,18832.21955,199977707,0.554981669,0.758,BRA2012,0.590600133,1.0000,0.9397,,
371,Brazil,BRA,2013,9.138206226,3.82E-11,5.924472914,19241.50598,201721767,0.540421348,0.762,BRA2013,0.573736012,1.0000,0.9419,,
372,Brazil,BRA,2014,9.146304818,3.74E-11,5.107943748,19183.17274,203459650,0.528189268,0.765,BRA2014,0.559527755,1.0000,0.9440,,
373,Brazil,BRA,2015,8.530125201,3.55E-11,4.098266315,18357.06906,205188205,0.493685669,0.764,BRA2015,0.520325482,1.0000,0.9488,,
374,Brazil,BRA,2016,8.402098918,3.70E-11,3.667136795,17620.92724,206859578,0.475577407,0.765,BRA2016,0.501447201,1.0000,0.9484,,
375,Brazil,BRA,2017,8.259501383,3.50E-11,4.101234351,17724.47996,208504960,0.477686817,0.77,BRA2017,0.501046538,1.0000,0.9534,,
376,Brazil,BRA,2018,7.909539946,3.41E-11,4.280706074,17917.74921,210166592,0.481373094,0.774,BRA2018,0.502371609,1.0000,0.9582,,
377,Brazil,BRA,2019,7.998368295,3.37E-11,4.449792831,18018.62092,211782878,0.480935983,0.776,BRA2019,0.498758376,1.0000,0.9643,,
378,Brazil,BRA,2020,7.671586963,3.31E-11,3.491372272,17327.51572,213196304,0.505008269,0.77,BRA2020,0.518980503,1.0000,0.9731,,
379,Bulgaria,BGR,2000,6.725456923,6.27E-12,10.23456588,12558.97407,8170172,0.949064618,0.733,BGR2000,1.07927978,1.0000,0.8793,,
380,Bulgaria,BGR,2001,7.236670686,6.68E-12,11.12593931,13301.35517,8009142,0.932863465,0.742,BGR2001,1.059523344,1.0000,0.8805,,
381,Bulgaria,BGR,2002,7.280344882,6.49E-12,12.66783448,14391.43001,7837161,0.938547426,0.753,BGR2002,1.052338243,1.0000,0.8919,,
382,Bulgaria,BGR,2003,8.096253526,6.55E-12,13.12692122,15265.57436,7775327,0.976130504,0.762,BGR2003,1.076000214,1.0000,0.9072,,
383,Bulgaria,BGR,2004,7.885492514,6.65E-12,14.66630874,16382.61815,7716860,0.94546814,0.769,BGR2004,1.025470495,1.0000,0.9220,,
384,Bulgaria,BGR,2005,8.136363176,6.47E-12,14.28750623,17671.1933,7658972,0.899559835,0.775,BGR2005,0.966818213,1.0000,0.9304,,
385,Bulgaria,BGR,2006,8.388690749,6.92E-12,15.68786327,19017.18145,7601022,0.878292507,0.779,BGR2006,0.945654213,1.0000,0.9288,,
386,Bulgaria,BGR,2007,8.760745372,7.34E-12,16.00934453,20432.34284,7545338,0.884864869,0.785,BGR2007,0.953783035,1.0000,0.9277,,
387,Bulgaria,BGR,2008,8.839399969,6.62E-12,15.79629356,21837.50099,7492561,0.827101121,0.791,BGR2008,0.895824909,1.0000,0.9233,,
388,Bulgaria,BGR,2009,7.744557482,6.21E-12,14.28117491,21242.99366,7444443,0.804557396,0.793,BGR2009,0.869774282,1.0000,0.9250,,
389,Bulgaria,BGR,2010,7.645113849,5.79E-12,13.56050118,21715.87944,7395599,0.764370665,0.799,BGR2010,0.812749028,1.0000,0.9405,,
390,Bulgaria,BGR,2011,7.793785311,5.72E-12,13.27732672,22312.39518,7348328,0.740620733,0.803,BGR2011,0.789341688,1.0000,0.9383,,
391,Bulgaria,BGR,2012,7.647675577,5.83E-12,11.67368533,22610.05728,7305888,0.738910063,0.807,BGR2012,0.786332965,1.0000,0.9397,,
392,Bulgaria,BGR,2013,7.075643506,5.99E-12,11.59922289,22945.5138,7265115,0.686876274,0.815,BGR2013,0.729219258,1.0000,0.9419,,
393,Bulgaria,BGR,2014,7.340401552,5.51E-12,11.3617158,23446.40631,7223938,0.68609923,0.819,BGR2014,0.726806819,1.0000,0.9440,,
394,Bulgaria,BGR,2015,7.548792502,5.33E-12,11.89358391,24553.14368,7177991,0.703743699,0.824,BGR2015,0.741718471,1.0000,0.9488,,
395,Bulgaria,BGR,2016,7.216615381,5.75E-12,13.35838598,25626.82372,7127822,0.743038964,0.827,BGR2016,0.783457756,1.0000,0.9484,,
396,Bulgaria,BGR,2017,7.518541492,6.57E-12,14.83780253,26681.42883,7075947,0.72036409,0.829,BGR2017,0.755591154,1.0000,0.9534,,
397,Bulgaria,BGR,2018,7.659880246,6.94E-12,15.42983696,27739.50195,7025037,0.730037704,0.832,BGR2018,0.761883497,1.0000,0.9582,,
398,Bulgaria,BGR,2019,7.500658316,7.18E-12,16.02899601,29199.83359,6975761,0.765716814,0.835,BGR2019,0.794092536,1.0000,0.9643,,
399,Bulgaria,BGR,2020,7.350791863,6.16E-12,14.95240612,28545.70853,6934015,0.750840206,0.826,BGR2020,0.771613955,1.0000,0.9731,,
400,Burkina Faso,BFA,2000,1.591411222,2.39E-12,1.738692859,1428.574006,11882888,0.333064613,NA,BFA2000,0.378762305,1.0000,0.8793,,
401,Burkina Faso,BFA,2001,1.606181796,2.57E-12,1.748920873,1477.284918,12249764,0.342915378,NA,BFA2001,0.389474839,1.0000,0.8805,,
402,Burkina Faso,BFA,2002,1.471936354,2.58E-12,1.414274951,1494.678013,12632269,0.351825988,NA,BFA2002,0.394481868,1.0000,0.8919,,
403,Burkina Faso,BFA,2003,1.518536659,2.56E-12,1.62373406,1561.833102,13030591,0.379466031,NA,BFA2003,0.4182899,1.0000,0.9072,,
404,Burkina Faso,BFA,2004,1.655277146,2.38E-12,6.218794358,1581.256209,13445977,0.401768043,NA,BFA2004,0.435764313,1.0000,0.9220,,
405,Burkina Faso,BFA,2005,1.937462442,2.48E-12,2.959405898,1664.995432,13876127,0.409757383,0.333,BFA2005,0.440394163,1.0000,0.9304,,
406,Burkina Faso,BFA,2006,1.895969444,2.34E-12,3.165278888,1714.760349,14316242,0.424211659,0.34,BFA2006,0.456747085,1.0000,0.9288,,
407,Burkina Faso,BFA,2007,1.875914747,2.26E-12,2.448336672,1731.930463,14757074,0.416502684,0.344,BFA2007,0.448942214,1.0000,0.9277,,
408,Burkina Faso,BFA,2008,1.977475617,2.51E-12,3.891253552,1779.327109,15197915,0.373518414,0.357,BFA2008,0.404554039,1.0000,0.9233,,
409,Burkina Faso,BFA,2009,1.877786297,2.38E-12,2.862310347,1779.323056,15650022,0.362530068,0.366,BFA2009,0.391916513,1.0000,0.9250,,
410,Burkina Faso,BFA,2010,1.832229871,2.40E-12,7.260018047,1873.971462,16116845,0.36838756,0.377,BFA2010,0.391703457,1.0000,0.9405,,
411,Burkina Faso,BFA,2011,1.81929972,2.28E-12,5.395430198,1939.8666,16602651,0.372806747,0.389,BFA2011,0.397331446,1.0000,0.9383,,
412,Burkina Faso,BFA,2012,1.89910849,2.38E-12,2.248015594,2003.664612,17113732,0.392501306,0.398,BFA2012,0.417691857,1.0000,0.9397,,
413,Burkina Faso,BFA,2013,1.909635201,2.29E-12,2.807705971,2057.063932,17636408,0.384103726,0.405,BFA2013,0.407782078,1.0000,0.9419,,
414,Burkina Faso,BFA,2014,1.83842904,2.10E-12,2.059045504,2083.198447,18169842,0.372083933,0.409,BFA2014,0.39416039,1.0000,0.9440,,
415,Burkina Faso,BFA,2015,1.898562137,1.96E-12,1.625988427,2101.702662,18718019,0.387347141,0.419,BFA2015,0.408248812,1.0000,0.9488,,
416,Burkina Faso,BFA,2016,1.904069849,1.88E-12,1.366528279,2162.72579,19275498,0.409376128,0.427,BFA2016,0.431644797,1.0000,0.9484,,
417,Burkina Faso,BFA,2017,1.9616075,1.83E-12,1.46000864,2232.287815,19835858,0.406421568,0.438,BFA2017,0.426296294,1.0000,0.9534,,
418,Burkina Faso,BFA,2018,1.948638745,1.86E-12,1.486706981,2316.394321,20392723,0.396276102,0.449,BFA2018,0.413562506,1.0000,0.9582,,
419,Burkina Faso,BFA,2019,1.987180443,1.78E-12,1.540013028,2391.536268,20951639,0.421408597,0.453,BFA2019,0.43702504,1.0000,0.9643,,
420,Burkina Faso,BFA,2020,1.919017529,1.73E-12,1.796035137,2380.931718,21522626,0.453396268,0.453,BFA2020,0.465940535,1.0000,0.9731,,
421,Burundi,BDI,2000,1.568414349,8.72E-12,1.995296077,988.0368635,6307659,0.140904213,0.308,BDI2000,0.160236791,1.0000,0.8793,,
422,Burundi,BDI,2001,2.020457851,8.49E-12,1.971504858,983.3968467,6465729,0.134065472,0.311,BDI2001,0.152268261,1.0000,0.8805,,
423,Burundi,BDI,2002,2.006458117,8.03E-12,2.164629535,998.561289,6648938,0.149742248,0.324,BDI2002,0.16789721,1.0000,0.8919,,
424,Burundi,BDI,2003,1.975115636,7.97E-12,2.148700443,955.6692044,6860846,0.134871782,0.332,BDI2003,0.148670763,1.0000,0.9072,,
425,Burundi,BDI,2004,1.958961132,7.45E-12,2.187357444,965.2041181,7120496,0.132024761,0.344,BDI2004,0.143196255,1.0000,0.9220,,
426,Burundi,BDI,2005,1.966995427,7.45E-12,2.705695339,938.3815973,7388874,0.157982619,0.352,BDI2005,0.169794679,1.0000,0.9304,,
427,Burundi,BDI,2006,1.96992649,6.78E-12,3.119172428,954.1908539,7658190,0.142567483,0.376,BDI2006,0.153501868,1.0000,0.9288,,
428,Burundi,BDI,2007,1.960052526,6.56E-12,2.408689244,951.2900826,7944609,0.137416029,0.389,BDI2007,0.148118749,1.0000,0.9277,,
429,Burundi,BDI,2008,1.893852454,6.31E-12,2.414572415,957.2226644,8278109,0.146741121,0.401,BDI2008,0.158933833,1.0000,0.9233,,
430,Burundi,BDI,2009,1.849720014,6.36E-12,2.344039199,944.6299256,8709366,0.1472509,0.409,BDI2009,0.159186959,1.0000,0.9250,,
431,Burundi,BDI,2010,1.842072782,5.94E-12,2.469431943,947.6214173,9126605,0.15396514,0.416,BDI2010,0.163709864,1.0000,0.9405,,
432,Burundi,BDI,2011,1.842586396,6.09E-12,2.343764768,951.1884604,9455733,0.167274919,0.42,BDI2011,0.178278923,1.0000,0.9383,,
433,Burundi,BDI,2012,1.305918395,6.13E-12,1.886506982,958.6574029,9795479,0.177495105,0.425,BDI2012,0.188886657,1.0000,0.9397,,
434,Burundi,BDI,2013,1.415466425,6.27E-12,1.737589595,970.3753918,10149577,0.200745662,0.428,BDI2013,0.213120773,1.0000,0.9419,,
435,Burundi,BDI,2014,1.371920787,6.10E-12,1.591084282,977.7658403,10494913,0.205127749,0.431,BDI2014,0.217298374,1.0000,0.9440,,
436,Burundi,BDI,2015,1.355318922,5.95E-12,1.72291807,918.5571929,10727148,0.203023871,0.432,BDI2015,0.213979259,1.0000,0.9488,,
437,Burundi,BDI,2016,1.382220504,5.85E-12,1.76967859,897.4590464,10903327,0.20453077,0.436,BDI2016,0.215656549,1.0000,0.9484,,
438,Burundi,BDI,2017,1.428947477,5.78E-12,3.55556867,880.9934401,11155593,0.202186429,0.434,BDI2017,0.212073699,1.0000,0.9534,,
439,Burundi,BDI,2018,1.405609605,5.60E-12,3.002027486,868.5555076,11493472,0.200651334,0.434,BDI2018,0.209404171,1.0000,0.9582,,
440,Burundi,BDI,2019,1.357676885,5.54E-12,3.198761963,855.7327201,11874838,0.220410995,0.435,BDI2019,0.228578925,1.0000,0.9643,,
441,Burundi,BDI,2020,1.315971424,5.42E-12,3.010556715,833.9202575,12220227,0.22259442,0.435,BDI2020,0.228753015,1.0000,0.9731,,
442,Cambodia,KHM,2000,3.051667176,1.92E-11,1.770558637,1922.031791,12118841,0,0.438,KHM2000,0,1.0000,0.8793,,
443,Cambodia,KHM,2001,3.074142272,1.90E-11,2.736361468,2032.08092,12338192,0,0.453,KHM2001,0,1.0000,0.8805,,
444,Cambodia,KHM,2002,3.130907723,1.90E-11,4.006948616,2126.341505,12561779,0,0.473,KHM2002,0,1.0000,0.8919,,
445,Cambodia,KHM,2003,3.234880319,1.85E-11,15.62975257,2309.839315,12787710,0,0.488,KHM2003,0,1.0000,0.9072,,
446,Cambodia,KHM,2004,3.249453645,1.85E-11,5.738763388,2491.3093,13016371,0,0.502,KHM2004,0,1.0000,0.9220,,
447,Cambodia,KHM,2005,3.48995597,1.84E-11,5.374511168,2781.890289,13246583,0,0.514,KHM2005,0,1.0000,0.9304,,
448,Cambodia,KHM,2006,3.505339502,1.78E-11,3.792036627,3041.104712,13477779,0,0.525,KHM2006,0,1.0000,0.9288,,
449,Cambodia,KHM,2007,3.56761963,1.73E-11,2.922201874,3308.157472,13714791,0,0.534,KHM2007,0,1.0000,0.9277,,
450,Cambodia,KHM,2008,3.371996327,1.66E-11,1.976239565,3501.925702,13943888,0,0.539,KHM2008,0,1.0000,0.9233,,
451,Cambodia,KHM,2009,3.656598858,1.69E-11,1.705231047,3587.608896,14155740,0,0.539,KHM2009,0,1.0000,0.9250,,
452,Cambodia,KHM,2010,3.697620107,1.69E-11,2.139234823,3711.537506,14363532,0,0.543,KHM2010,0,1.0000,0.9405,,
453,Cambodia,KHM,2011,3.723355801,1.64E-11,2.418997801,3921.979116,14573885,0,0.547,KHM2011,0,1.0000,0.9383,,
454,Cambodia,KHM,2012,3.635275746,1.58E-11,1.830564256,4159.163541,14786640,0,0.551,KHM2012,0,1.0000,0.9397,,
455,Cambodia,KHM,2013,3.60838058,1.53E-11,1.745490004,4419.398868,14999683,0,0.554,KHM2013,0,1.0000,0.9419,,
456,Cambodia,KHM,2014,3.598999249,1.51E-11,2.053462818,4702.730618,15210817,0,0.557,KHM2014,0,1.0000,0.9440,,
457,Cambodia,KHM,2015,3.627360339,1.47E-11,2.090769188,4968.572767,15417523,0,0.562,KHM2015,0,1.0000,0.9488,,
458,Cambodia,KHM,2016,3.756381199,1.46E-11,2.943840627,5283.729649,15624584,0,0.57,KHM2016,0,1.0000,0.9484,,
459,Cambodia,KHM,2017,3.87894163,1.44E-11,2.984843529,5632.031256,15830689,0,0.578,KHM2017,0,1.0000,0.9534,,
460,Cambodia,KHM,2018,3.9189246,1.42E-11,3.418394506,6050.590883,16025238,0,0.586,KHM2018,0,1.0000,0.9582,,
461,Cambodia,KHM,2019,4.087737562,1.42E-11,3.869771689,6448.88456,16207746,0,0.593,KHM2019,0,1.0000,0.9643,,
462,Cambodia,KHM,2020,4.023488167,1.41E-11,3.436590071,6128.782438,16396860,0,0.595,KHM2020,0,1.0000,0.9731,,
463,Cameroon,CMR,2000,3.231982,2.23E-11,1.834628966,3822.944254,15091594,0.354005603,0.439,CMR2000,0.402576476,1.0000,0.8793,,
464,Cameroon,CMR,2001,3.087395356,2.11E-11,2.195372227,3884.873048,15493253,0.35125441,0.458,CMR2001,0.398946106,1.0000,0.8805,,
465,Cameroon,CMR,2002,3.264509245,2.15E-11,2.727181566,3951.419362,15914033,0.347290551,0.458,CMR2002,0.389396548,1.0000,0.8919,,
466,Cameroon,CMR,2003,3.266864983,2.07E-11,2.427951493,4054.781332,16354326,0.355587552,0.465,CMR2003,0.391968369,1.0000,0.9072,,
467,Cameroon,CMR,2004,3.253681431,2.00E-11,2.340268114,4222.966387,16809407,0.366050126,0.47,CMR2004,0.397024065,1.0000,0.9220,,
468,Cameroon,CMR,2005,3.144548466,1.96E-11,2.624945207,4199.72271,17275171,0.374574181,0.472,CMR2005,0.40258038,1.0000,0.9304,,
469,Cameroon,CMR,2006,2.855285471,1.92E-11,4.195920826,4241.517447,17751333,0.370071994,0.473,CMR2006,0.398455113,1.0000,0.9288,,
470,Cameroon,CMR,2007,2.680538805,1.89E-11,5.877020366,4302.619263,18251866,0.360790725,0.485,CMR2007,0.388891101,1.0000,0.9277,,
471,Cameroon,CMR,2008,2.641538516,1.82E-11,3.198259397,4300.266404,18777081,0.355757375,0.501,CMR2008,0.385317236,1.0000,0.9233,,
472,Cameroon,CMR,2009,2.651001578,1.78E-11,3.231192031,4286.577182,19319274,0.346191049,0.516,CMR2009,0.374253064,1.0000,0.9250,,
473,Cameroon,CMR,2010,2.549193972,1.76E-11,2.47236282,4286.583029,19878036,0.346283668,0.529,CMR2010,0.36820057,1.0000,0.9405,,
474,Cameroon,CMR,2011,2.536160979,1.71E-11,3.036621804,4307.851956,20448873,0.343074302,0.538,CMR2011,0.365643084,1.0000,0.9383,,
475,Cameroon,CMR,2012,2.488621682,1.66E-11,2.6945547,4382.111208,21032684,0.354335509,0.549,CMR2012,0.377076596,1.0000,0.9397,,
476,Cameroon,CMR,2013,2.674135646,1.60E-11,2.189484245,4473.572319,21632850,0.361715247,0.558,CMR2013,0.384013444,1.0000,0.9419,,
477,Cameroon,CMR,2014,2.636049884,1.54E-11,3.067877099,4588.486495,22299585,0.369367905,0.566,CMR2014,0.391283214,1.0000,0.9440,,
478,Cameroon,CMR,2015,2.584657566,1.47E-11,1.183599892,4698.666778,23012646,0.387353956,0.575,CMR2015,0.408255994,1.0000,0.9488,,
479,Cameroon,CMR,2016,2.646456154,1.45E-11,1.668589465,4767.131861,23711630,0.398511954,0.579,CMR2016,0.420189649,1.0000,0.9484,,
480,Cameroon,CMR,2017,2.558938036,1.42E-11,1.554959405,4797.975442,24393181,0.401451587,0.581,CMR2017,0.421083272,1.0000,0.9534,,
481,Cameroon,CMR,2018,2.588996866,1.38E-11,1.526745655,4851.480039,25076747,0.429391932,0.582,CMR2018,0.448122919,1.0000,0.9582,,
482,Cameroon,CMR,2019,2.591667124,1.34E-11,1.492108649,4882.3556,25782341,0.453150499,0.582,CMR2019,0.469943225,1.0000,0.9643,,
483,Cameroon,CMR,2020,2.463857956,1.33E-11,1.90964167,4763.481944,26491087,0.462678694,0.579,CMR2020,0.475479782,1.0000,0.9731,,
484,Canada,CAN,2000,23.96497519,1.14E-11,23.19816556,48399.30554,30685730,0.838608742,0.894,CAN2000,0.953668952,1.0000,0.8793,,
485,Canada,CAN,2001,23.11727664,1.07E-11,24.6714761,48774.16755,31020902,0.838437227,0.897,CAN2001,0.952276349,1.0000,0.8805,,
486,Canada,CAN,2002,23.83331028,1.05E-11,28.2337798,49695.00669,31360079,0.852454323,0.899,CAN2002,0.95580709,1.0000,0.8919,,
487,Canada,CAN,2003,24.96585053,1.08E-11,31.38807827,50139.78623,31644028,0.860912497,0.902,CAN2003,0.94899404,1.0000,0.9072,,
488,Canada,CAN,2004,24.91544049,1.03E-11,29.90056715,51210.67961,31940655,0.871217808,0.906,CAN2004,0.944937348,1.0000,0.9220,,
489,Canada,CAN,2005,26.08792436,1.08E-11,34.60562081,52356.5578,32243753,0.899859531,0.909,CAN2005,0.967140317,1.0000,0.9304,,
490,Canada,CAN,2006,26.20188112,1.08E-11,39.74132177,53195.78184,32571174,0.878856005,0.913,CAN2006,0.946260929,1.0000,0.9288,,
491,Canada,CAN,2007,27.20719521,1.09E-11,35.88660627,53761.86203,32889025,0.863558812,0.914,CAN2007,0.930817544,1.0000,0.9277,,
492,Canada,CAN,2008,26.03092537,1.03E-11,36.33130093,53711.67921,33247118,0.866202868,0.916,CAN2008,0.938175619,1.0000,0.9233,,
493,Canada,CAN,2009,24.38445799,9.72E-12,31.22622946,51552.42238,33628895,0.797375624,0.915,CAN2009,0.86201036,1.0000,0.9250,,
494,Canada,CAN,2010,25.64806707,9.97E-12,40.375427,52558.44081,34004889,0.806930381,0.918,CAN2010,0.858002424,1.0000,0.9405,,
495,Canada,CAN,2011,25.82736334,9.76E-12,36.14303755,53681.12967,34339328,0.825284036,0.921,CAN2011,0.879574478,1.0000,0.9383,,
496,Canada,CAN,2012,25.47590319,9.79E-12,34.79942156,54034.80348,34714222,0.804746177,0.927,CAN2012,0.85639441,1.0000,0.9397,,
497,Canada,CAN,2013,25.53632219,9.63E-12,35.0990601,54712.17842,35082954,0.776282535,0.93,CAN2013,0.824137032,1.0000,0.9419,,
498,Canada,CAN,2014,25.01711328,9.29E-12,30.84794836,55723.48354,35437435,0.808983896,0.932,CAN2014,0.85698247,1.0000,0.9440,,
499,Canada,CAN,2015,23.94437468,8.81E-12,28.45338667,55660.86753,35702908,0.790342097,0.932,CAN2015,0.832989812,1.0000,0.9488,,
500,Canada,CAN,2016,23.04602537,8.45E-12,31.30564317,55606.15492,36109487,0.794357349,0.933,CAN2016,0.837567687,1.0000,0.9484,,
501,Canada,CAN,2017,23.42977504,9.07E-12,34.73004827,56612.32854,36545236,0.817637924,0.935,CAN2017,0.857621849,1.0000,0.9534,,
502,Canada,CAN,2018,23.50483558,9.31E-12,35.72984633,57337.49091,37065084,0.816262768,0.935,CAN2018,0.851869881,1.0000,0.9582,,
503,Canada,CAN,2019,22.84797672,8.68E-12,34.03749055,57583.8458,37601230,0.794538969,0.937,CAN2019,0.823982775,1.0000,0.9643,,
504,Canada,CAN,2020,21.5212714,8.19E-12,28.80385131,54092.87903,38007166,0.821535812,0.931,CAN2020,0.844265521,1.0000,0.9731,,
505,Central African Republic,CAF,2000,2.150887275,8.45E-12,0.561151425,1245.813996,3759170,0.330781409,0.333,CAF2000,0.376165837,1.0000,0.8793,,
506,Central African Republic,CAF,2001,2.14337583,9.84E-12,0.400305837,1272.857108,3844773,0.335494181,0.335,CAF2001,0.381046027,1.0000,0.8805,,
507,Central African Republic,CAF,2002,2.162758638,9.82E-12,0.221538579,1290.383149,3930648,0.337742624,0.337,CAF2002,0.378691018,1.0000,0.8919,,
508,Central African Republic,CAF,2003,2.127133575,9.16E-12,0.38909088,1191.873152,4026841,0.330208861,0.338,CAF2003,0.363993138,1.0000,0.9072,,
509,Central African Republic,CAF,2004,2.328179312,1.18E-11,0.247356527,1236.285347,4115138,0.345505964,0.342,CAF2004,0.374741524,1.0000,0.9220,,
510,Central African Republic,CAF,2005,2.215792732,9.36E-12,0.36888566,1219.593945,4208834,0.355512135,0.346,CAF2005,0.382093102,1.0000,0.9304,,
511,Central African Republic,CAF,2006,2.22982287,8.84E-12,0.481013863,1251.870822,4294352,0.396113453,0.35,CAF2006,0.426493853,1.0000,0.9288,,
512,Central African Republic,CAF,2007,2.313111688,8.80E-12,0.434261101,1284.552836,4375569,0.394075879,0.356,CAF2007,0.424768686,1.0000,0.9277,,
513,Central African Republic,CAF,2008,2.384890121,9.42E-12,0.385703374,1283.272826,4467233,0.370435327,0.362,CAF2008,0.401214778,1.0000,0.9233,,
514,Central African Republic,CAF,2009,2.437601811,9.70E-12,0.366380047,1402.681648,4564540,0.361336221,NA,CAF2009,0.390625894,1.0000,0.9250,,
515,Central African Republic,CAF,2010,2.406425034,9.40E-12,0.408815318,1479.413678,4660067,0.336194888,0.358,CAF2010,0.357473254,1.0000,0.9405,,
516,Central African Republic,CAF,2011,2.437617388,8.21E-12,0.311778631,1517.148391,4732022,0.311098428,0.377,CAF2011,0.331563711,1.0000,0.9383,,
517,Central African Republic,CAF,2012,2.523813772,8.76E-12,0.240121023,1577.980533,4773306,0.332161589,0.385,CAF2012,0.353479564,1.0000,0.9397,,
518,Central African Republic,CAF,2013,2.363114754,7.12E-12,0.198124418,996.8963559,4802428,0.224233224,0.359,CAF2013,0.238056242,1.0000,0.9419,,
519,Central African Republic,CAF,2014,2.390650493,6.57E-12,0.54057602,1001.855981,4798734,0.194603792,0.319,CAF2014,0.20615001,1.0000,0.9440,,
520,Central African Republic,CAF,2015,2.447837199,6.64E-12,0.53688859,1043.921717,4819333,0.209745307,0.377,CAF2015,0.22106339,1.0000,0.9488,,
521,Central African Republic,CAF,2016,2.592114349,6.39E-12,0.620190604,1073.944777,4904177,0.21386767,0.376,CAF2016,0.225501344,1.0000,0.9484,,
522,Central African Republic,CAF,2017,2.510414719,6.18E-12,0.690770999,1103.866093,4996741,0.200001009,0.356,CAF2017,0.209781408,1.0000,0.9534,,
523,Central African Republic,CAF,2018,2.543072976,6.25E-12,0.901946558,1125.700917,5094780,0.20045732,0.391,CAF2018,0.209201694,1.0000,0.9582,,
524,Central African Republic,CAF,2019,2.511892008,6.46E-12,0.570619845,1145.095637,5209324,0.209304932,0.279,CAF2019,0.217061296,1.0000,0.9643,,
525,Central African Republic,CAF,2020,2.492658952,6.61E-12,0.41601828,1136.57053,5343020,0.220104164,0.386,CAF2020,0.22619386,1.0000,0.9731,,
526,Chad,TCD,2000,4.022773317,8.22E-12,5.534518728,1501.144841,8259137,0,0.303,TCD2000,0,1.0000,0.8793,,
527,Chad,TCD,2001,4.079634796,7.67E-12,1.483416672,1620.552762,8538804,0,0.313,TCD2001,0,1.0000,0.8805,,
528,Chad,TCD,2002,3.943279045,8.18E-12,6.147281528,1697.971572,8838369,0,0.32,TCD2002,0,1.0000,0.8919,,
529,Chad,TCD,2003,4.560588453,7.60E-12,4.140448685,1871.639902,9196366,0,0.32,TCD2003,0,1.0000,0.9072,,
530,Chad,TCD,2004,4.275172361,7.16E-12,4.298439588,2392.092702,9613503,0,0.338,TCD2004,0,1.0000,0.9220,,
531,Chad,TCD,2005,4.195328576,6.74E-12,3.418154228,2695.812021,10005012,0,0.339,TCD2005,0,1.0000,0.9304,,
532,Chad,TCD,2006,4.372959083,6.52E-12,3.566145142,2586.987891,10365614,0,0.339,TCD2006,0,1.0000,0.9288,,
533,Chad,TCD,2007,4.394491219,6.30E-12,2.897227987,2608.268641,10722731,0,0.35,TCD2007,0,1.0000,0.9277,,
534,Chad,TCD,2008,4.464670852,6.08E-12,2.461605902,2596.864495,11098664,0,0.354,TCD2008,0,1.0000,0.9233,,
535,Chad,TCD,2009,4.604729497,5.85E-12,2.181218655,2472.178703,11496128,0,0.369,TCD2009,0,1.0000,0.9250,,
536,Chad,TCD,2010,4.500808371,5.74E-12,1.945816287,2717.507627,11894727,0,0.375,TCD2010,0,1.0000,0.9405,,
537,Chad,TCD,2011,4.803366707,5.60E-12,2.012181497,2742.699649,12317730,0,0.384,TCD2011,0,1.0000,0.9383,,
538,Chad,TCD,2012,4.797808982,5.39E-12,1.424672246,2887.748247,12754906,0,0.391,TCD2012,0,1.0000,0.9397,,
539,Chad,TCD,2013,4.610534976,5.21E-12,1.332806464,2864.715197,13216766,0,0.396,TCD2013,0,1.0000,0.9419,,
540,Chad,TCD,2014,5.000637444,5.05E-12,1.082844411,2821.275154,13697126,0,0.401,TCD2014,0,1.0000,0.9440,,
541,Chad,TCD,2015,5.137797782,4.92E-12,1.069629067,2823.360715,14140274,0,0.396,TCD2015,0,1.0000,0.9488,,
542,Chad,TCD,2016,5.136219867,4.71E-12,0.819900051,2623.120703,14592585,0,0.396,TCD2016,0,1.0000,0.9484,,
543,Chad,TCD,2017,5.218078618,4.58E-12,0.978924385,2496.492752,15085884,0,0.397,TCD2017,0,1.0000,0.9534,,
544,Chad,TCD,2018,5.279429036,4.41E-12,0.906929008,2552.606163,15604210,0,0.402,TCD2018,0,1.0000,0.9582,,
545,Chad,TCD,2019,5.309489019,4.35E-12,1.017040459,2604.916366,16126866,0,0.406,TCD2019,0,1.0000,0.9643,,
546,Chad,TCD,2020,5.538308385,4.17E-12,0.922893834,2513.015784,16644701,0,0.408,TCD2020,0,1.0000,0.9731,,
547,Chile,CHL,2000,7.52381553,1.50E-11,8.773848906,17525.27173,15351799,0.571695532,0.771,CHL2000,0.650134265,1.0000,0.8793,,
548,Chile,CHL,2001,7.265473156,1.46E-11,8.176011145,17870.30083,15523978,0.574670983,0.778,CHL2001,0.652697146,1.0000,0.8805,,
549,Chile,CHL,2002,7.238492327,1.46E-11,8.578529585,18240.20156,15693790,0.578621285,0.784,CHL2002,0.648774147,1.0000,0.8919,,
550,Chile,CHL,2003,7.363974528,1.44E-11,9.45364148,18902.87087,15859112,0.595925573,0.789,CHL2003,0.656895816,1.0000,0.9072,,
551,Chile,CHL,2004,7.768111576,1.44E-11,9.891432162,19961.98358,16017966,0.643645153,0.797,CHL2004,0.698108256,1.0000,0.9220,,
552,Chile,CHL,2005,8.262131233,1.53E-11,11.39298041,20918.52758,16175311,0.693664929,0.804,CHL2005,0.745528936,1.0000,0.9304,,
553,Chile,CHL,2006,8.391485941,1.53E-11,11.8703538,21968.53754,16334575,0.784232371,0.804,CHL2006,0.844380021,1.0000,0.9288,,
554,Chile,CHL,2007,8.900744485,1.50E-11,12.21013944,22878.88344,16495538,0.80156091,0.812,CHL2007,0.863990903,1.0000,0.9277,,
555,Chile,CHL,2008,9.441701098,1.57E-11,14.02802542,23509.78169,16661462,0.731407454,0.82,CHL2008,0.792180061,1.0000,0.9233,,
556,Chile,CHL,2009,8.620682484,1.55E-11,12.57520725,23013.58179,16833447,0.720262639,0.819,CHL2009,0.778646648,1.0000,0.9250,,
557,Chile,CHL,2010,9.124645873,1.53E-11,13.56345146,24116.76947,17004162,0.775300323,0.823,CHL2010,0.824370444,1.0000,0.9405,,
558,Chile,CHL,2011,10.03961371,1.56E-11,13.91349387,25366.26902,17173573,0.811949798,0.823,CHL2011,0.865363061,1.0000,0.9383,,
559,Chile,CHL,2012,10.97033718,1.59E-11,14.78860411,26670.49713,17341771,0.830198275,0.832,CHL2012,0.883480012,1.0000,0.9397,,
560,Chile,CHL,2013,11.0948103,1.54E-11,14.93545216,27291.35765,17509925,0.807049806,0.845,CHL2013,0.856800973,1.0000,0.9419,,
561,Chile,CHL,2014,9.969596685,1.54E-11,14.28422875,27505.04955,17687108,0.822066758,0.849,CHL2014,0.870841563,1.0000,0.9440,,
562,Chile,CHL,2015,9.791202834,1.55E-11,13.43313927,27811.37452,17870124,0.796004012,0.855,CHL2015,0.83895725,1.0000,0.9488,,
563,Chile,CHL,2016,10.01199424,1.54E-11,13.42077558,27958.7285,18083879,0.786305326,0.859,CHL2016,0.829077661,1.0000,0.9484,,
564,Chile,CHL,2017,10.03713289,1.50E-11,12.72671664,27892.99469,18368577,0.788357255,0.862,CHL2017,0.826909304,1.0000,0.9534,,
565,Chile,CHL,2018,10.31411817,1.50E-11,14.04476294,28492.66115,18701450,0.822048625,0.866,CHL2018,0.85790813,1.0000,0.9582,,
566,Chile,CHL,2019,10.23602452,1.50E-11,13.38431599,28218.53439,19039485,0.840627635,0.867,CHL2019,0.871779382,1.0000,0.9643,,
567,Chile,CHL,2020,9.705635258,1.50E-11,13.44563968,26248.56164,19300315,0.924109984,0.856,CHL2020,0.949677646,1.0000,0.9731,,
568,China,CHN,2000,4.522415406,3.36E-12,19.91222275,4066.03627,1262645000,0.286700216,0.598,CHN2000,0.326036543,1.0000,0.8793,,
569,China,CHN,2001,4.617036621,3.53E-12,19.58227934,4372.157056,1271850000,0.297914994,0.608,CHN2001,0.338364512,1.0000,0.8805,,
570,China,CHN,2002,4.722251788,3.62E-12,19.38889254,4744.398551,1280400000,0.305100505,0.619,CHN2002,0.342091322,1.0000,0.8919,,
571,China,CHN,2003,5.218538587,4.65E-12,18.65103634,5192.006046,1288400000,0.318021159,0.63,CHN2003,0.35055849,1.0000,0.9072,,
572,China,CHN,2004,5.731545218,4.72E-12,20.42369398,5684.168731,1296075000,0.339877874,0.642,CHN2004,0.368637204,1.0000,0.9220,,
573,China,CHN,2005,6.054310658,4.77E-12,21.83971959,6298.323185,1303720000,0.360938438,0.654,CHN2005,0.387925118,1.0000,0.9304,,
574,China,CHN,2006,6.422721286,4.20E-12,23.47708676,7057.099933,1311020000,0.36631061,0.666,CHN2006,0.394405246,1.0000,0.9288,,
575,China,CHN,2007,6.549851464,4.21E-12,24.11707178,8013.715683,1317885000,0.381862901,0.68,CHN2007,0.411604494,1.0000,0.9277,,
576,China,CHN,2008,6.913597243,5.53E-12,25.058928,8743.744912,1324655000,0.381384611,0.689,CHN2008,0.413073838,1.0000,0.9233,,
577,China,CHN,2009,7.687652172,5.75E-12,27.44051544,9518.432147,1331260000,0.372912175,0.7,CHN2009,0.403140187,1.0000,0.9250,,
578,China,CHN,2010,8.22754354,5.87E-12,28.47232185,10476.31236,1337705000,0.371534388,0.71,CHN2010,0.395049453,1.0000,0.9405,,
579,China,CHN,2011,8.944485041,5.82E-12,29.19658019,11405.01728,1345035000,0.379221054,0.717,CHN2011,0.404167712,1.0000,0.9383,,
580,China,CHN,2012,9.190984986,5.70E-12,30.16371119,12217.85432,1354190000,0.389886566,0.725,CHN2012,0.414909303,1.0000,0.9397,,
581,China,CHN,2013,9.39696315,6.23E-12,31.53842483,13080.82882,1363240000,0.378403464,0.733,CHN2013,0.401730418,1.0000,0.9419,,
582,China,CHN,2014,9.523327113,6.48E-12,29.69515703,13968.58149,1371860000,0.385748025,0.742,CHN2014,0.408635199,1.0000,0.9440,,
583,China,CHN,2015,9.454870966,6.51E-12,30.62249561,14856.78076,1379860000,0.393595511,0.75,CHN2015,0.41483435,1.0000,0.9488,,
584,China,CHN,2016,9.481415212,6.03E-12,31.71934394,15772.76476,1387790000,0.398582051,0.758,CHN2016,0.420263559,1.0000,0.9484,,
585,China,CHN,2017,9.64822781,6.35E-12,31.83402667,16757.97363,1396215000,0.41221379,0.765,CHN2017,0.432371765,1.0000,0.9534,,
586,China,CHN,2018,10.02779558,6.49E-12,32.32090355,17806.79023,1402760000,0.42091427,0.774,CHN2018,0.439275444,1.0000,0.9582,,
587,China,CHN,2019,10.17258355,6.43E-12,32.94583156,18820.5131,1407745000,0.432471914,0.781,CHN2019,0.448498338,1.0000,0.9643,,
588,China,CHN,2020,10.29286223,6.58E-12,32.13933768,19215.15417,1411100000,0.440753528,0.786,CHN2020,0.452948004,1.0000,0.9731,,
589,Colombia,COL,2000,4.729170093,1.26E-10,3.691052532,10813.49423,39215135,0.44315611,0.679,COL2000,0.503958762,1.0000,0.8793,,
590,Colombia,COL,2001,4.715002514,1.17E-10,3.68869996,10823.45049,39837875,0.439098752,0.681,COL2001,0.498717546,1.0000,0.8805,,
591,Colombia,COL,2002,4.782203773,1.15E-10,3.482180218,10925.14856,40454050,0.428882532,0.684,COL2002,0.480880857,1.0000,0.8919,,
592,Colombia,COL,2003,4.722974434,1.12E-10,3.85636119,11183.29118,41057687,0.433126614,0.691,COL2003,0.477440596,1.0000,0.9072,,
593,Colombia,COL,2004,4.473924351,1.11E-10,3.721675189,11607.93849,41648268,0.440767242,0.699,COL2004,0.478063494,1.0000,0.9220,,
594,Colombia,COL,2005,4.623883182,1.10E-10,4.048957415,11999.25496,42220940,0.450849067,0.711,COL2005,0.484558195,1.0000,0.9304,,
595,Colombia,COL,2006,4.66049688,1.06E-10,4.281418094,12636.62466,42772910,0.463711625,0.712,COL2006,0.499276549,1.0000,0.9288,,
596,Colombia,COL,2007,4.871453733,1.06E-10,5.002520636,13318.30331,43306582,0.47390255,0.724,COL2007,0.5108127,1.0000,0.9277,,
597,Colombia,COL,2008,4.721453368,1.04E-10,4.323853717,13591.0609,43815313,0.493459443,0.731,COL2008,0.534460962,1.0000,0.9233,,
598,Colombia,COL,2009,4.852414811,1.04E-10,4.888080995,13586.75184,44313917,0.487301822,0.736,COL2009,0.526802182,1.0000,0.9250,,
599,Colombia,COL,2010,4.96841747,1.02E-10,4.235422166,14037.06427,44816108,0.513272451,0.741,COL2010,0.545758367,1.0000,0.9405,,
600,Colombia,COL,2011,5.044486114,9.82E-11,4.308508441,14852.36995,45308899,0.554150514,0.747,COL2011,0.590604722,1.0000,0.9383,,
601,Colombia,COL,2012,5.036382493,9.85E-11,4.371285039,15279.479,45782417,0.565574159,0.748,COL2012,0.601872444,1.0000,0.9397,,
602,Colombia,COL,2013,5.572741594,1.02E-10,5.127964232,15912.24713,46237930,0.567415206,0.76,COL2013,0.602393925,1.0000,0.9419,,
603,Colombia,COL,2014,5.376880812,9.99E-11,5.020711016,16480.36315,46677947,0.572953353,0.763,COL2014,0.60694778,1.0000,0.9440,,
604,Colombia,COL,2015,5.267208794,9.82E-11,5.018767518,16821.38014,47119728,0.561102255,0.767,COL2015,0.591379941,1.0000,0.9488,,
605,Colombia,COL,2016,5.202819893,9.72E-11,4.722744062,17003.24437,47625955,0.565400156,0.772,COL2016,0.596156001,1.0000,0.9484,,
606,Colombia,COL,2017,4.870086391,1.04E-10,5.025576543,16986.03342,48351671,0.55903739,0.774,COL2017,0.586375296,1.0000,0.9534,,
607,Colombia,COL,2018,5.022526283,1.01E-10,5.383948493,17104.13135,49276961,0.560518571,0.775,COL2018,0.58496958,1.0000,0.9582,,
608,Colombia,COL,2019,5.052382898,9.84E-11,6.784923904,17336.7716,50187406,0.56729888,0.777,COL2019,0.588321686,1.0000,0.9643,,
609,Colombia,COL,2020,4.738232583,9.94E-11,4.579366315,15861.49993,50930662,0.585041749,0.764,COL2020,0.601228297,1.0000,0.9731,,
610,Costa Rica,CRI,2000,4.132031708,6.40E-11,21.34732696,14018.7425,3979193,0.584655779,0.72,CRI2000,0.664872706,1.0000,0.8793,,
611,Costa Rica,CRI,2001,4.083467448,6.28E-11,24.61054785,14250.46275,4053222,0.58972261,0.726,CRI2001,0.669792414,1.0000,0.8805,,
612,Costa Rica,CRI,2002,4.196126338,6.42E-11,26.30094339,14495.99251,4122623,0.577745269,0.73,CRI2002,0.647791922,1.0000,0.8919,,
613,Costa Rica,CRI,2003,4.315341869,6.26E-11,17.85012011,14891.33982,4188610,0.583039364,0.736,CRI2003,0.642691195,1.0000,0.9072,,
614,Costa Rica,CRI,2004,5.061356492,6.41E-11,34.83790864,15323.28922,4252800,0.587490758,0.741,CRI2004,0.637202263,1.0000,0.9220,,
615,Costa Rica,CRI,2005,5.356201002,6.31E-11,32.74387693,15703.96247,4315887,0.597923152,0.748,CRI2005,0.642628729,1.0000,0.9304,,
616,Costa Rica,CRI,2006,5.204007405,6.33E-11,32.51090085,16620.13564,4378172,0.591587842,0.755,CRI2006,0.636960387,1.0000,0.9288,,
617,Costa Rica,CRI,2007,5.625318974,6.39E-11,33.12024868,17743.62274,4440019,0.593075617,0.76,CRI2007,0.639267623,1.0000,0.9277,,
618,Costa Rica,CRI,2008,5.713620586,6.50E-11,35.29977231,18334.0136,4501921,0.589736559,0.769,CRI2008,0.638737738,1.0000,0.9233,,
619,Costa Rica,CRI,2009,5.302459605,6.51E-11,35.05880371,17932.61478,4563127,0.618090667,0.773,CRI2009,0.668192685,1.0000,0.9250,,
620,Costa Rica,CRI,2010,5.317666514,6.40E-11,24.35745905,18660.91982,4622252,0.617241235,0.776,CRI2010,0.656307518,1.0000,0.9405,,
621,Costa Rica,CRI,2011,5.46407345,6.10E-11,30.57069775,19254.91422,4679926,0.612451927,0.783,CRI2011,0.652741432,1.0000,0.9383,,
622,Costa Rica,CRI,2012,5.542441537,5.92E-11,28.42227724,19960.79333,4736593,0.6446629,0.789,CRI2012,0.686037064,1.0000,0.9397,,
623,Costa Rica,CRI,2013,5.610115308,5.67E-11,25.78600432,20232.26708,4791535,0.633482278,0.795,CRI2013,0.672533751,1.0000,0.9419,,
624,Costa Rica,CRI,2014,5.532342846,5.27E-11,27.22379004,20724.92177,4844288,0.664563995,0.802,CRI2014,0.703993857,1.0000,0.9440,,
625,Costa Rica,CRI,2015,5.412504239,5.06E-11,32.27401592,21254.78409,4895242,0.707932466,0.803,CRI2015,0.746133268,1.0000,0.9488,,
626,Costa Rica,CRI,2016,5.540065228,4.93E-11,37.66991976,21925.60008,4945205,0.752809205,0.805,CRI2016,0.793759465,1.0000,0.9484,,
627,Costa Rica,CRI,2017,5.247860376,4.77E-11,27.16493583,22622.55345,4993842,0.794819481,0.809,CRI2017,0.833687544,1.0000,0.9534,,
628,Costa Rica,CRI,2018,5.289484575,4.59E-11,24.12967636,23005.31215,5040734,0.765435179,0.813,CRI2018,0.798825085,1.0000,0.9582,,
629,Costa Rica,CRI,2019,5.238737531,4.56E-11,32.0145798,23364.78313,5084532,0.766394614,0.821,CRI2019,0.794795454,1.0000,0.9643,,
630,Costa Rica,CRI,2020,4.857013522,4.53E-11,21.30938225,22211.86139,5123105,0.750813468,0.819,CRI2020,0.771586478,1.0000,0.9731,,
631,Croatia,HRV,2000,7.922582683,6.33E-12,6.598350409,21302.53694,4468302,0.64317779,0.769,HRV2000,0.731424153,1.0000,0.8793,,
632,Croatia,HRV,2001,8.666724295,6.87E-12,8.074221947,22826.93156,4299642,0.64443491,0.785,HRV2001,0.731933296,1.0000,0.8805,,
633,Croatia,HRV,2002,9.479698103,7.66E-12,11.16254625,24137.43919,4302174,0.6837229,0.792,HRV2002,0.766618431,1.0000,0.8919,,
634,Croatia,HRV,2003,10.42452232,7.61E-12,10.13859137,25474.24822,4303399,0.70592608,0.798,HRV2003,0.778150678,1.0000,0.9072,,
635,Croatia,HRV,2004,10.47001322,8.20E-12,12.97552688,26529.24406,4304600,0.69525552,0.807,HRV2004,0.75408572,1.0000,0.9220,,
636,Croatia,HRV,2005,10.71957461,8.75E-12,18.24517295,27641.57807,4310145,0.696243011,0.814,HRV2005,0.748299778,1.0000,0.9304,,
637,Croatia,HRV,2006,10.8492869,9.31E-12,23.54510603,29039.34367,4311159,0.653617137,0.819,HRV2006,0.703747094,1.0000,0.9288,,
638,Croatia,HRV,2007,11.12727583,8.81E-12,22.76791362,30512.17408,4310217,0.655368975,0.825,HRV2007,0.706412733,1.0000,0.9277,,
639,Croatia,HRV,2008,11.15785808,9.37E-12,27.85668366,31116.52997,4309705,0.657426183,0.827,HRV2008,0.71205169,1.0000,0.9233,,
640,Croatia,HRV,2009,10.00913979,8.42E-12,18.06277697,29026.73331,4305181,0.622085834,0.826,HRV2009,0.672511697,1.0000,0.9250,,
641,Croatia,HRV,2010,9.499060526,7.88E-12,14.42736509,28704.52721,4295427,0.608056174,0.831,HRV2010,0.646541119,1.0000,0.9405,,
642,Croatia,HRV,2011,9.418373465,8.83E-12,15.65472433,28775.64882,4280622,0.612493703,0.836,HRV2011,0.652785957,1.0000,0.9383,,
643,Croatia,HRV,2012,9.027328699,7.95E-12,13.2990211,28260.83662,4267558,0.616458361,0.839,HRV2012,0.65602237,1.0000,0.9397,,
644,Croatia,HRV,2013,8.763235851,7.07E-12,9.36055034,28401.68535,4255689,0.58749621,0.846,HRV2013,0.623712838,1.0000,0.9419,,
645,Croatia,HRV,2014,8.317651077,7.81E-12,11.37283096,28460.72957,4238389,0.58559053,0.848,HRV2014,0.620334744,1.0000,0.9440,,
646,Croatia,HRV,2015,8.478414071,7.10E-12,13.33467791,29471.75209,4203604,0.624642022,0.852,HRV2015,0.658348382,1.0000,0.9488,,
647,Croatia,HRV,2016,8.734551654,7.31E-12,16.88539184,30824.85989,4174349,0.643636253,0.856,HRV2016,0.678647876,1.0000,0.9484,,
648,Croatia,HRV,2017,9.000592335,6.36E-12,13.60746324,32351.87222,4124531,0.663704938,0.862,HRV2017,0.69616127,1.0000,0.9534,,
649,Croatia,HRV,2018,9.250748793,7.27E-12,16.86541606,33730.87456,4087843,0.624207091,0.867,HRV2018,0.651436329,1.0000,0.9582,,
650,Croatia,HRV,2019,9.226148898,6.78E-12,14.76545981,35123.48766,4065253,0.615375828,0.872,HRV2019,0.638180256,1.0000,0.9643,,
651,Croatia,HRV,2020,9.275507322,6.47E-12,12.80022578,32493.62543,4047680,0.570317014,0.867,HRV2020,0.586096168,1.0000,0.9731,,
652,Cuba,CUB,2000,6.817900856,1.30E-10,25.37903416,NA,11105791,0,0.697,CUB2000,0,1.0000,0.8793,,
653,Cuba,CUB,2001,6.769527977,1.12E-10,27.28292603,NA,11139127,0,0.705,CUB2001,0,1.0000,0.8805,,
654,Cuba,CUB,2002,5.891207443,1.18E-10,30.46899773,NA,11170051,0,0.711,CUB2002,0,1.0000,0.8919,,
655,Cuba,CUB,2003,5.172515283,9.31E-11,26.32297016,NA,11199217,0,0.721,CUB2003,0,1.0000,0.9072,,
656,Cuba,CUB,2004,5.088686414,1.06E-10,29.84332955,NA,11225294,0,0.734,CUB2004,0,1.0000,0.9220,,
657,Cuba,CUB,2005,4.239446447,1.07E-10,27.36084734,NA,11246114,0,0.747,CUB2005,0,1.0000,0.9304,,
658,Cuba,CUB,2006,4.268814055,1.01E-10,28.64559297,NA,11260630,0,0.766,CUB2006,0,1.0000,0.9288,,
659,Cuba,CUB,2007,4.25915467,9.55E-11,27.17966562,NA,11269887,0,0.78,CUB2007,0,1.0000,0.9277,,
660,Cuba,CUB,2008,4.739050614,9.31E-11,31.2781796,NA,11276609,0,0.788,CUB2008,0,1.0000,0.9233,,
661,Cuba,CUB,2009,3.920591674,8.62E-11,28.16762082,NA,11283185,0,0.788,CUB2009,0,1.0000,0.9250,,
662,Cuba,CUB,2010,4.160693093,8.71E-11,27.55203494,NA,11290417,0,0.783,CUB2010,0,1.0000,0.9405,,
663,Cuba,CUB,2011,4.350097397,1.10E-10,28.75494779,NA,11298710,0,0.781,CUB2011,0,1.0000,0.9383,,
664,Cuba,CUB,2012,4.396595592,1.08E-10,28.32179467,NA,11309290,0,0.777,CUB2012,0,1.0000,0.9397,,
665,Cuba,CUB,2013,4.583525579,1.07E-10,27.50418299,NA,11321579,0,0.771,CUB2013,0,1.0000,0.9419,,
666,Cuba,CUB,2014,4.634726502,1.05E-10,25.39197871,NA,11332026,0,0.77,CUB2014,0,1.0000,0.9440,,
667,Cuba,CUB,2015,5.199276975,1.12E-10,30.14652872,NA,11339894,0,0.769,CUB2015,0,1.0000,0.9488,,
668,Cuba,CUB,2016,4.783346104,1.12E-10,31.29375414,NA,11342012,0,0.767,CUB2016,0,1.0000,0.9484,,
669,Cuba,CUB,2017,5.007943046,1.12E-10,31.10547828,NA,11336405,0,0.767,CUB2017,0,1.0000,0.9534,,
670,Cuba,CUB,2018,5.22409774,1.12E-10,33.21842284,NA,11328244,0,0.769,CUB2018,0,1.0000,0.9582,,
671,Cuba,CUB,2019,5.003802685,1.13E-10,35.17014865,NA,11316697,0,0.769,CUB2019,0,1.0000,0.9643,,
672,Cuba,CUB,2020,4.685590801,1.16E-10,35.86644227,NA,11300698,0,0.762,CUB2020,0,1.0000,0.9731,,
673,Cyprus,CYP,2000,12.80851301,2.25E-11,63.03692436,36122.70313,948237,0.797010684,0.808,CYP2000,0.906363487,1.0000,0.8793,,
674,Cyprus,CYP,2001,10.65491163,2.05E-11,53.59137706,37147.91016,964830,0.809682636,0.815,CYP2001,0.919617593,1.0000,0.8805,,
675,Cyprus,CYP,2002,13.00232121,2.32E-11,71.10221581,38091.87109,982194,0.804722026,0.827,CYP2002,0.902287662,1.0000,0.8919,,
676,Cyprus,CYP,2003,12.8544521,2.32E-11,70.79532996,38618.92188,1000350,0.795393513,0.835,CYP2003,0.876771688,1.0000,0.9072,,
677,Cyprus,CYP,2004,12.71604863,2.35E-11,65.51373924,40021.07422,1018684,0.779777631,0.84,CYP2004,0.845759809,1.0000,0.9220,,
678,Cyprus,CYP,2005,12.37941177,2.31E-11,67.06489014,41363.28125,1037062,0.797159199,0.844,CYP2005,0.856761277,1.0000,0.9304,,
679,Cyprus,CYP,2006,13.02613213,2.24E-11,72.67211696,42596.42578,1055438,0.788085401,0.85,CYP2006,0.848528564,1.0000,0.9288,,
680,Cyprus,CYP,2007,11.72909481,1.99E-11,53.14402694,43825.01953,1073873,0.77231216,0.855,CYP2007,0.832464099,1.0000,0.9277,,
681,Cyprus,CYP,2008,14.08728357,1.95E-11,56.56284279,44296.90234,1092390,0.803809362,0.862,CYP2008,0.870597839,1.0000,0.9233,,
682,Cyprus,CYP,2009,12.71958383,2.02E-11,50.89963991,42254.60156,1110974,0.840807216,0.867,CYP2009,0.908962488,1.0000,0.9250,,
683,Cyprus,CYP,2010,13.55131621,1.83E-11,53.74426775,42103.49219,1129686,0.799759774,0.869,CYP2010,0.850377977,1.0000,0.9405,,
684,Cyprus,CYP,2011,13.30456764,3.13E-11,49.46519323,41213.87109,1145086,0.729125386,0.872,CYP2011,0.777090132,1.0000,0.9383,,
685,Cyprus,CYP,2012,10.22706298,1.74E-11,38.43627275,39191.34766,1156556,0.727838015,0.872,CYP2012,0.774550319,1.0000,0.9397,,
686,Cyprus,CYP,2013,9.170527065,1.90E-11,37.19030031,36694.82813,1166968,0.658017606,0.873,CYP2013,0.698581576,1.0000,0.9419,,
687,Cyprus,CYP,2014,9.238600874,1.68E-11,43.60247361,36442.01172,1176995,0.65254012,0.875,CYP2014,0.691256583,1.0000,0.9440,,
688,Cyprus,CYP,2015,8.636148722,1.66E-11,30.03764967,37903.125,1187280,0.667703331,0.882,CYP2015,0.703733325,1.0000,0.9488,,
689,Cyprus,CYP,2016,8.787567541,1.49E-11,35.16047143,40209.86328,1197881,0.707777197,0.888,CYP2016,0.746277869,1.0000,0.9484,,
690,Cyprus,CYP,2017,11.44981494,2.16E-11,48.57038385,42128.56641,1208523,0.685993082,0.897,CYP2017,0.719539344,1.0000,0.9534,,
691,Cyprus,CYP,2018,9.72825826,1.86E-11,37.81216618,44227.91016,1218831,0.63942897,0.902,CYP2018,0.667322218,1.0000,0.9582,,
692,Cyprus,CYP,2019,10.31236301,1.94E-11,36.65611682,46195.59375,1228836,0.715498011,0.907,CYP2019,0.742012739,1.0000,0.9643,,
693,Cyprus,CYP,2020,10.33847724,1.87E-11,37.13125253,44203.89063,1237537,0.703001681,0.905,CYP2020,0.722451866,1.0000,0.9731,,
694,Czechia,CZE,2000,13.3993797,7.71E-12,12.77329816,29427.407,10255063,0.467717998,0.817,CZE2000,0.531890631,1.0000,0.8793,,
695,Czechia,CZE,2001,13.50938455,7.77E-12,16.13554352,30399.87308,10216605,0.511168565,0.828,CZE2001,0.580572665,1.0000,0.8805,,
696,Czechia,CZE,2002,13.6826032,7.39E-12,12.98121874,30919.54966,10196916,0.518869569,0.835,CZE2002,0.581778049,1.0000,0.8919,,
697,Czechia,CZE,2003,14.23209585,7.44E-12,15.33350496,31949.29631,10193998,0.524963661,0.842,CZE2003,0.578673661,1.0000,0.9072,,
698,Czechia,CZE,2004,14.6574044,7.84E-12,15.19707897,33452.3408,10197101,0.532915262,0.848,CZE2004,0.578008771,1.0000,0.9220,,
699,Czechia,CZE,2005,14.43103183,8.39E-12,18.02994768,35535.748,10211216,0.544716774,0.856,CZE2005,0.585444212,1.0000,0.9304,,
700,Czechia,CZE,2006,14.13277683,8.26E-12,14.82139694,37786.87817,10238905,0.544784994,0.864,CZE2006,0.586567938,1.0000,0.9288,,
701,Czechia,CZE,2007,14.46161366,8.85E-12,15.54837218,39629.00613,10298828,0.570419963,0.87,CZE2007,0.614847422,1.0000,0.9277,,
702,Czechia,CZE,2008,14.64646975,9.89E-12,16.60542114,40328.34266,10384603,0.533302086,0.873,CZE2008,0.577614129,1.0000,0.9233,,
703,Czechia,CZE,2009,13.53896719,9.01E-12,13.5016702,38175.14228,10443936,0.533050204,0.875,CZE2009,0.576258898,1.0000,0.9250,,
704,Czechia,CZE,2010,13.92621069,9.26E-12,14.62663857,39097.38862,10474410,0.538888857,0.88,CZE2010,0.57299608,1.0000,0.9405,,
705,Czechia,CZE,2011,13.91462444,8.48E-12,14.6887581,39708.16263,10496088,0.537951654,0.883,CZE2011,0.573340237,1.0000,0.9383,,
706,Czechia,CZE,2012,13.48925395,7.94E-12,12.68707555,39347.0493,10510785,0.538519504,0.885,CZE2012,0.573081434,1.0000,0.9397,,
707,Czechia,CZE,2013,12.93458401,7.71E-12,12.66314314,39317.55357,10514272,0.52617726,0.892,CZE2013,0.558613837,1.0000,0.9419,,
708,Czechia,CZE,2014,12.59268983,8.62E-12,13.51226009,40158.01643,10525347,0.546063033,0.898,CZE2014,0.578462005,1.0000,0.9440,,
709,Czechia,CZE,2015,12.78290079,8.01E-12,14.00069612,42066.57598,10546059,0.567596913,0.9,CZE2015,0.598225057,1.0000,0.9488,,
710,Czechia,CZE,2016,12.8783487,7.59E-12,13.965698,43069.46597,10566332,0.571029545,0.902,CZE2016,0.60209161,1.0000,0.9484,,
711,Czechia,CZE,2017,13.11102396,7.94E-12,14.61473892,45177.52261,10594438,0.582506431,0.904,CZE2017,0.610992014,1.0000,0.9534,,
712,Czechia,CZE,2018,13.45822084,8.21E-12,16.79247665,46301.08204,10629928,0.582802331,0.901,CZE2018,0.608225405,1.0000,0.9582,,
713,Czechia,CZE,2019,13.31473599,8.12E-12,15.16974067,47763.61655,10671870,0.612727276,0.903,CZE2019,0.635433555,1.0000,0.9643,,
714,Czechia,CZE,2020,12.50167963,6.82E-12,13.11047293,45119.93873,10697858,0.609138057,0.898,CZE2020,0.625991285,1.0000,0.9731,,
715,Denmark,DNK,2000,17.92448391,1.83E-11,23.848133,57431.97086,5339616,0.947719691,0.896,DNK2000,1.077750325,1.0000,0.8793,,
716,Denmark,DNK,2001,17.70597465,1.89E-11,24.54049571,57770.22204,5358783,0.938267044,0.902,DNK2001,1.065660596,1.0000,0.8805,,
717,Denmark,DNK,2002,17.78842655,1.53E-11,25.55344631,57848.84528,5375931,0.963184201,0.902,DNK2002,1.079962015,1.0000,0.8919,,
718,Denmark,DNK,2003,18.84755902,1.64E-11,29.90312349,57946.17711,5390574,0.935756158,0.907,DNK2003,1.031495094,1.0000,0.9072,,
719,Denmark,DNK,2004,18.92326007,1.49E-11,35.79702048,59401.25629,5404523,0.945692135,0.912,DNK2004,1.025713444,1.0000,0.9220,,
720,Denmark,DNK,2005,19.69608843,1.96E-11,34.0448579,60635.62322,5419432,0.951031316,0.917,DNK2005,1.022138119,1.0000,0.9304,,
721,Denmark,DNK,2006,20.98929431,1.91E-11,40.25480397,62743.23252,5437272,0.939623395,0.917,DNK2006,1.011688948,1.0000,0.9288,,
722,Denmark,DNK,2007,20.84538971,1.75E-11,38.33977742,63082.24771,5461438,0.938146464,0.918,DNK2007,1.011214495,1.0000,0.9277,,
723,Denmark,DNK,2008,20.2449127,1.62E-11,38.8047698,62451.07235,5493621,0.912330996,0.922,DNK2008,0.98813653,1.0000,0.9233,,
724,Denmark,DNK,2009,18.98517223,1.47E-11,34.48036559,59027.7651,5523095,0.896585004,0.915,DNK2009,0.969261587,1.0000,0.9250,,
725,Denmark,DNK,2010,18.71687907,1.19E-11,35.93456849,59696.35452,5547683,0.892406279,0.92,DNK2010,0.948888242,1.0000,0.9405,,
726,Denmark,DNK,2011,18.21965387,1.34E-11,32.63544743,60230.35418,5570572,0.899148826,0.934,DNK2011,0.958298385,1.0000,0.9383,,
727,Denmark,DNK,2012,17.58013786,1.29E-11,30.270783,60000.89031,5591572,0.88782165,0.938,DNK2012,0.944801629,1.0000,0.9397,,
728,Denmark,DNK,2013,18.25925355,1.29E-11,32.04182311,60583.4065,5614932,0.867956606,0.941,DNK2013,0.921462417,1.0000,0.9419,,
729,Denmark,DNK,2014,17.0281536,1.14E-11,29.72970375,61047.33372,5643475,0.87017199,0.939,DNK2014,0.921800971,1.0000,0.9440,,
730,Denmark,DNK,2015,16.55134732,1.13E-11,27.54529167,61893.24606,5683483,0.874147116,0.943,DNK2015,0.921317041,1.0000,0.9488,,
731,Denmark,DNK,2016,16.83257125,1.14E-11,26.97950855,63299.33777,5728010,0.876016258,0.951,DNK2016,0.923668563,1.0000,0.9484,,
732,Denmark,DNK,2017,16.71415986,1.13E-11,28.57139635,64815.73078,5764980,0.881365747,0.951,DNK2017,0.924466074,1.0000,0.9534,,
733,Denmark,DNK,2018,17.01830098,1.15E-11,32.17190773,65694.75913,5793636,0.877425512,0.95,DNK2018,0.915700674,1.0000,0.9582,,
734,Denmark,DNK,2019,16.17658287,1.10E-11,30.13071544,66580.18814,5814422,0.910796444,0.953,DNK2019,0.944548488,1.0000,0.9643,,
735,Denmark,DNK,2020,14.97723168,8.10E-12,27.50383872,65204.54932,5831404,0.920125272,0.954,DNK2020,0.945582688,1.0000,0.9731,,
736,Djibouti,DJI,2000,3.141741687,1.80E-11,35.2768095,NA,742033,0,0.337,DJI2000,0,1.0000,0.8793,,
737,Djibouti,DJI,2001,2.746231548,1.79E-11,25.14808827,NA,765490,0,0.342,DJI2001,0,1.0000,0.8805,,
738,Djibouti,DJI,2002,2.814230391,1.73E-11,30.21445133,NA,789129,0,0.349,DJI2002,0,1.0000,0.8919,,
739,Djibouti,DJI,2003,2.859632023,1.70E-11,25.79388997,NA,806411,0,0.36,DJI2003,0,1.0000,0.9072,,
740,Djibouti,DJI,2004,2.928875912,1.72E-11,30.85298899,NA,818373,0,0.368,DJI2004,0,1.0000,0.9220,,
741,Djibouti,DJI,2005,2.804287672,1.73E-11,26.53491985,NA,830861,0,0.375,DJI2005,0,1.0000,0.9304,,
742,Djibouti,DJI,2006,3.070658738,1.70E-11,31.01258891,NA,846947,0,0.385,DJI2006,0,1.0000,0.9288,,
743,Djibouti,DJI,2007,3.39943655,1.74E-11,36.85581171,NA,865196,0,0.392,DJI2007,0,1.0000,0.9277,,
744,Djibouti,DJI,2008,3.05122089,1.64E-11,24.41496158,NA,882886,0,0.4,DJI2008,0,1.0000,0.9233,,
745,Djibouti,DJI,2009,3.253198613,1.73E-11,23.33811069,NA,901103,0,0.411,DJI2009,0,1.0000,0.9250,,
746,Djibouti,DJI,2010,3.537350246,1.75E-11,44.69405198,NA,919199,0,0.421,DJI2010,0,1.0000,0.9405,,
747,Djibouti,DJI,2011,5.359488214,2.11E-11,51.04310922,NA,936811,0,0.432,DJI2011,0,1.0000,0.9383,,
748,Djibouti,DJI,2012,8.669541357,2.27E-11,327.9546399,NA,954297,0,0.442,DJI2012,0,1.0000,0.9397,,
749,Djibouti,DJI,2013,7.713396511,2.29E-11,96.70081783,4469.074099,971753,0,0.45,DJI2013,0,1.0000,0.9419,,
750,Djibouti,DJI,2014,6.523784289,2.14E-11,42.49310101,4705.049268,989087,0,0.459,DJI2014,0,1.0000,0.9440,,
751,Djibouti,DJI,2015,5.575275726,1.97E-11,39.56963389,4961.868186,1006259,0,0.469,DJI2015,0,1.0000,0.9488,,
752,Djibouti,DJI,2016,5.14607113,1.84E-11,47.29138935,5226.500261,1023261,0,0.477,DJI2016,0,1.0000,0.9484,,
753,Djibouti,DJI,2017,5.517163471,1.88E-11,53.3631075,5421.956491,1040233,0,0.484,DJI2017,0,1.0000,0.9534,,
754,Djibouti,DJI,2018,4.283233418,1.68E-11,54.5205713,5590.504266,1057198,0,0.492,DJI2018,0,1.0000,0.9582,,
755,Djibouti,DJI,2019,5.032111058,1.70E-11,89.4189345,5809.30455,1073994,0,0.497,DJI2019,0,1.0000,0.9643,,
756,Djibouti,DJI,2020,5.779386403,1.70E-11,60.79807416,5791.477677,1090156,0,0.499,DJI2020,0,1.0000,0.9731,,
757,Dominican Republic,DOM,2000,4.527331129,5.84E-11,29.5622461,10896.31842,8540791,0.576227871,0.658,DOM2000,0.655288458,1.0000,0.8793,,
758,Dominican Republic,DOM,2001,4.388677224,5.34E-11,27.18445551,10991.13634,8669040,0.619705268,0.663,DOM2001,0.703845978,1.0000,0.8805,,
759,Dominican Republic,DOM,2002,4.747716372,6.28E-11,33.10713287,11313.06903,8795101,0.600980706,0.668,DOM2002,0.673844457,1.0000,0.8919,,
760,Dominican Republic,DOM,2003,3.681304767,4.59E-11,31.35627346,11000.86841,8919852,0.544631631,0.67,DOM2003,0.600353897,1.0000,0.9072,,
761,Dominican Republic,DOM,2004,3.550676793,5.73E-11,33.99173488,11131.27092,9043127,0.544560136,0.673,DOM2004,0.590638995,1.0000,0.9220,,
762,Dominican Republic,DOM,2005,4.103093902,6.40E-11,44.90087709,12022.50805,9164768,0.588836668,0.683,DOM2005,0.632862866,1.0000,0.9304,,
763,Dominican Republic,DOM,2006,4.352522784,6.74E-11,49.75433317,12961.91836,9284168,0.6191711,0.691,DOM2006,0.666659176,1.0000,0.9288,,
764,Dominican Republic,DOM,2007,4.612483684,6.64E-11,53.81069402,13754.92127,9402206,0.642699154,0.698,DOM2007,0.692756116,1.0000,0.9277,,
765,Dominican Republic,DOM,2008,4.700391538,6.52E-11,59.58772348,14030.14111,9522948,0.603984463,0.704,DOM2008,0.6541695,1.0000,0.9233,,
766,Dominican Republic,DOM,2009,4.407268947,6.89E-11,67.51603963,13992.41033,9648061,0.615776965,0.707,DOM2009,0.665691435,1.0000,0.9250,,
767,Dominican Republic,DOM,2010,4.621992545,6.83E-11,73.86396303,14975.00101,9775755,0.646486192,0.715,DOM2010,0.68740344,1.0000,0.9405,,
768,Dominican Republic,DOM,2011,4.441770385,6.59E-11,71.60583802,15258.08581,9903737,0.624365206,0.721,DOM2011,0.665438414,1.0000,0.9383,,
769,Dominican Republic,DOM,2012,4.422530853,6.31E-11,70.1944244,15487.27764,10030882,0.605511047,0.727,DOM2012,0.644372463,1.0000,0.9397,,
770,Dominican Republic,DOM,2013,4.216812292,6.29E-11,73.35232986,16054.76773,10157051,0.595673923,0.731,DOM2013,0.632394671,1.0000,0.9419,,
771,Dominican Republic,DOM,2014,4.117894903,6.08E-11,70.560572,16993.58744,10282115,0.590948653,0.737,DOM2014,0.626010776,1.0000,0.9440,,
772,Dominican Republic,DOM,2015,4.282729624,5.93E-11,67.27117377,17973.18703,10405832,0.5978462,0.747,DOM2015,0.630106628,1.0000,0.9488,,
773,Dominican Republic,DOM,2016,4.36629117,5.80E-11,66.28946473,18968.97524,10527592,0.60227443,0.766,DOM2016,0.635036111,1.0000,0.9484,,
774,Dominican Republic,DOM,2017,4.306038407,5.74E-11,66.62222513,19501.87431,10647244,0.584719453,0.77,DOM2017,0.613313258,1.0000,0.9534,,
775,Dominican Republic,DOM,2018,4.408249644,5.65E-11,69.39192858,20662.84859,10765531,0.584070531,0.773,DOM2018,0.609548926,1.0000,0.9582,,
776,Dominican Republic,DOM,2019,4.657894353,5.64E-11,69.6782354,21451.28644,10881882,0.602594246,0.771,DOM2019,0.624925017,1.0000,0.9643,,
777,Dominican Republic,DOM,2020,4.681999772,6.15E-11,82.70980974,19545.40996,10999664,0.616394893,0.767,DOM2020,0.633448899,1.0000,0.9731,,
778,Ecuador,ECU,2000,3.983305812,1.16E-10,2.877315171,9183.051553,12626507,0.373938947,0.683,ECU2000,0.425244749,1.0000,0.8793,,
779,Ecuador,ECU,2001,4.476984131,1.11E-10,3.057277667,9405.116807,12845521,0.344972643,0.691,ECU2001,0.39181143,1.0000,0.8805,,
780,Ecuador,ECU,2002,4.66516106,1.08E-10,3.959172466,9697.555177,13070609,0.347231544,0.698,ECU2002,0.389330387,1.0000,0.8919,,
781,Ecuador,ECU,2003,4.566168846,1.02E-10,3.334498706,9802.814082,13301184,0.335857615,0.703,ECU2003,0.370219827,1.0000,0.9072,,
782,Ecuador,ECU,2004,4.669808363,1.01E-10,3.405095111,10290.66343,13534593,0.348389018,0.709,ECU2004,0.377868533,1.0000,0.9220,,
783,Ecuador,ECU,2005,4.831814862,1.01E-10,3.776158449,10660.20462,13770012,0.383133868,0.714,ECU2005,0.411780059,1.0000,0.9304,,
784,Ecuador,ECU,2006,4.795787156,9.74E-11,3.790009497,10933.48975,14009061,0.395247419,0.718,ECU2006,0.425561398,1.0000,0.9288,,
785,Ecuador,ECU,2007,4.818046706,9.42E-11,3.86624388,10952.82269,14251835,0.403756248,0.722,ECU2007,0.435203016,1.0000,0.9277,,
786,Ecuador,ECU,2008,4.874182084,9.22E-11,4.399556438,11474.5257,14496797,0.42986998,0.729,ECU2008,0.465587854,1.0000,0.9233,,
787,Ecuador,ECU,2009,4.940492772,9.19E-11,3.943589324,11403.5278,14742766,0.400226696,0.731,ECU2009,0.432668805,1.0000,0.9250,,
788,Ecuador,ECU,2010,5.313544306,8.89E-11,4.438659967,11665.69786,14989585,0.418020794,0.737,ECU2010,0.444478065,1.0000,0.9405,,
789,Ecuador,ECU,2011,5.304672598,8.56E-11,3.861479012,12449.07855,15237728,0.455502279,0.743,ECU2011,0.485467017,1.0000,0.9383,,
790,Ecuador,ECU,2012,5.254356935,8.52E-11,3.385987796,12961.02674,15483883,0.468081724,0.75,ECU2012,0.49812299,1.0000,0.9397,,
791,Ecuador,ECU,2013,5.506319588,8.38E-11,3.637852734,13689.15205,15722989,0.491186472,0.755,ECU2013,0.521466017,1.0000,0.9419,,
792,Ecuador,ECU,2014,5.542512918,6.46E-11,3.898375807,14064.79922,15957994,0.488221825,0.76,ECU2014,0.517188966,1.0000,0.9440,,
793,Ecuador,ECU,2015,5.241322676,6.53E-11,3.391148471,13881.57007,16195902,0.446327549,0.764,ECU2015,0.470411867,1.0000,0.9488,,
794,Ecuador,ECU,2016,4.966679703,6.28E-11,3.274989018,13586.51608,16439585,0.433299211,0.761,ECU2016,0.456869215,1.0000,0.9484,,
795,Ecuador,ECU,2017,4.866420608,6.25E-11,3.465337301,14179.15375,16696944,0.454364784,0.764,ECU2017,0.476584017,1.0000,0.9534,,
796,Ecuador,ECU,2018,4.742393878,6.00E-11,3.506054627,14083.507,17015672,0.463780158,0.767,ECU2018,0.484011233,1.0000,0.9582,,
797,Ecuador,ECU,2019,4.578192201,5.82E-11,3.472443172,13870.48951,17343740,0.473342331,0.765,ECU2019,0.490883321,1.0000,0.9643,,
798,Ecuador,ECU,2020,3.931083293,5.53E-11,2.884677524,12440.32637,17588595,0.465518806,0.74,ECU2020,0.478398472,1.0000,0.9731,,
799,Egypt,EGY,2000,2.945204146,1.74E-12,613.0162642,NA,71371371,0.72049098,0.639,EGY2000,0.819344997,1.0000,0.8793,,
800,Egypt,EGY,2001,3.029456044,1.54E-12,638.9322441,NA,72854261,0.719429077,0.642,EGY2001,0.817109823,1.0000,0.8805,,
801,Egypt,EGY,2002,2.843371657,1.30E-12,742.5836501,NA,74393759,0.78240359,0.643,EGY2002,0.877263308,1.0000,0.8919,,
802,Egypt,EGY,2003,2.499202203,9.31E-13,670.4888,NA,75963322,0.77942469,0.643,EGY2003,0.859169066,1.0000,0.9072,,
803,Egypt,EGY,2004,2.465875873,9.30E-13,659.5337073,NA,77522427,0.79177273,0.645,EGY2004,0.858769894,1.0000,0.9220,,
804,Egypt,EGY,2005,2.848060199,1.16E-12,666.2566215,NA,79075310,0.79244509,0.648,EGY2005,0.851694703,1.0000,0.9304,,
805,Egypt,EGY,2006,3.002189565,1.11E-12,680.4231669,NA,80629670,0.802375287,0.651,EGY2006,0.86391443,1.0000,0.9288,,
806,Egypt,EGY,2007,3.210214307,1.19E-12,653.445867,NA,82218755,0.858321175,0.658,EGY2007,0.925171971,1.0000,0.9277,,
807,Egypt,EGY,2008,3.216059452,1.43E-12,527.6873551,NA,83844783,0.946939212,0.665,EGY2008,1.025620341,1.0000,0.9233,,
808,Egypt,EGY,2009,3.431667517,1.32E-12,558.5987176,NA,85501064,0.933978112,0.671,EGY2009,1.009685755,1.0000,0.9250,,
809,Egypt,EGY,2010,3.46825942,1.29E-12,611.6748182,NA,87252413,0.974811839,0.677,EGY2010,1.036509395,1.0000,0.9405,,
810,Egypt,EGY,2011,3.517333703,1.10E-12,598.9303966,NA,89200054,1.052560618,0.68,EGY2011,1.121802211,1.0000,0.9383,,
811,Egypt,EGY,2012,3.927259386,1.29E-12,569.2043129,NA,91240376,1.206578713,0.689,EGY2012,1.284016371,1.0000,0.9397,,
812,Egypt,EGY,2013,3.672637658,1.15E-12,510.4577829,NA,93377890,1.170414805,0.695,EGY2013,1.24256587,1.0000,0.9419,,
813,Egypt,EGY,2014,3.821073339,1.22E-12,475.0995402,NA,95592324,1.196142573,0.699,EGY2014,1.267112017,1.0000,0.9440,,
814,Egypt,EGY,2015,3.826382958,1.37E-12,453.4152175,NA,97723799,1.126120353,0.706,EGY2015,1.186887026,1.0000,0.9488,,
815,Egypt,EGY,2016,3.68604026,8.99E-13,444.4730563,NA,99784030,1.133462291,0.713,EGY2016,1.195118785,1.0000,0.9484,,
816,Egypt,EGY,2017,3.73645204,1.09E-12,432.8256983,NA,101789386,1.133530251,0.72,EGY2017,1.188961864,1.0000,0.9534,,
817,Egypt,EGY,2018,3.734968605,1.07E-12,408.4306518,NA,103740765,1.169916027,0.728,EGY2018,1.220950246,1.0000,0.9582,,
818,Egypt,EGY,2019,3.687914436,1.28E-12,400.3515745,NA,105618671,1.144188919,0.736,EGY2019,1.186589956,1.0000,0.9643,,
819,Egypt,EGY,2020,3.476961835,1.27E-12,421.1082051,NA,107465134,1.203346349,0.736,EGY2020,1.236639738,1.0000,0.9731,,
820,El Salvador,SLV,2000,3.494227966,2.71E-11,8.197468176,7545.447962,5958482,0.579738674,0.607,SLV2000,0.659280956,1.0000,0.8793,,
821,El Salvador,SLV,2001,3.677387509,2.40E-11,8.639426054,7580.323384,5988095,0.564924588,0.612,SLV2001,0.641627431,1.0000,0.8805,,
822,El Salvador,SLV,2002,3.899381554,2.72E-11,8.227907363,7675.671062,6011275,0.582339314,0.621,SLV2002,0.652942955,1.0000,0.8919,,
823,El Salvador,SLV,2003,3.923297907,2.54E-11,10.80619239,7780.271777,6026849,0.584663699,0.628,SLV2003,0.644481719,1.0000,0.9072,,
824,El Salvador,SLV,2004,4.459307456,2.77E-11,11.46123192,7841.532379,6035655,0.585771779,0.636,SLV2004,0.63533783,1.0000,0.9220,,
825,El Salvador,SLV,2005,4.479044922,2.70E-11,14.32234874,8050.534513,6037817,0.612991685,0.642,SLV2005,0.658823907,1.0000,0.9304,,
826,El Salvador,SLV,2006,4.609589388,2.57E-11,11.56019938,8404.246749,6034436,0.618331306,0.647,SLV2006,0.665754974,1.0000,0.9288,,
827,El Salvador,SLV,2007,5.08387183,2.65E-11,11.76927893,8548.834761,6044131,0.609846595,0.653,SLV2007,0.657344818,1.0000,0.9277,,
828,El Salvador,SLV,2008,4.768903556,2.47E-11,7.362574721,8704.805846,6068099,0.588733985,0.653,SLV2008,0.637651861,1.0000,0.9233,,
829,El Salvador,SLV,2009,4.557133951,2.54E-11,7.696492276,8494.498474,6091188,0.567406784,0.653,SLV2009,0.6134004,1.0000,0.9250,,
830,El Salvador,SLV,2010,4.55718523,2.61E-11,9.957332738,8648.929827,6114034,0.568787043,0.66,SLV2010,0.604786575,1.0000,0.9405,,
831,El Salvador,SLV,2011,4.522569182,2.50E-11,6.746699176,8943.061915,6137349,0.569534762,0.662,SLV2011,0.607001007,1.0000,0.9383,,
832,El Salvador,SLV,2012,4.293060061,2.47E-11,6.605955656,9165.420348,6161289,0.542235596,0.666,SLV2012,0.577036023,1.0000,0.9397,,
833,El Salvador,SLV,2013,4.354717458,2.43E-11,6.418670337,9327.564245,6185642,0.510525988,0.668,SLV2013,0.541997731,1.0000,0.9419,,
834,El Salvador,SLV,2014,4.268552832,2.49E-11,6.031677909,9451.744608,6209526,0.497302805,0.668,SLV2014,0.526808739,1.0000,0.9440,,
835,El Salvador,SLV,2015,4.312345865,2.51E-11,6.607956593,9646.154323,6231066,0.484370827,0.667,SLV2015,0.510508001,1.0000,0.9488,,
836,El Salvador,SLV,2016,4.52213553,2.51E-11,5.775136251,9863.761212,6250510,0.470195646,0.666,SLV2016,0.49577269,1.0000,0.9484,,
837,El Salvador,SLV,2017,4.499860168,2.55E-11,5.383427371,10064.79349,6266654,0.457340835,0.665,SLV2017,0.479705602,1.0000,0.9534,,
838,El Salvador,SLV,2018,4.374691177,2.53E-11,6.114251388,10297.20361,6276342,0.446477987,0.67,SLV2018,0.465954304,1.0000,0.9582,,
839,El Salvador,SLV,2019,4.678305472,2.54E-11,6.295742325,10543.93833,6280217,0.446236602,0.67,SLV2019,0.462773114,1.0000,0.9643,,
840,El Salvador,SLV,2020,4.229510927,2.63E-11,5.986188186,9692.449316,6292731,0.428855565,0.66,SLV2020,0.440720856,1.0000,0.9731,,
841,Equatorial Guinea,GNQ,2000,6.290535836,4.86E-11,10.12588673,11767.47088,684977,0,0.508,GNQ2000,0,1.0000,0.8793,,
842,Equatorial Guinea,GNQ,2001,7.016585673,4.68E-11,11.47260862,18031.96498,719270,0,0.521,GNQ2001,0,1.0000,0.8805,,
843,Equatorial Guinea,GNQ,2002,10.68993005,4.56E-11,11.00333216,20242.43097,754115,0,0.536,GNQ2002,0,1.0000,0.8919,,
844,Equatorial Guinea,GNQ,2003,14.24108097,4.82E-11,21.4178868,21709.57512,789681,0,0.541,GNQ2003,0,1.0000,0.9072,,
845,Equatorial Guinea,GNQ,2004,12.79689239,4.25E-11,42.56643445,28225.98582,826355,0,0.552,GNQ2004,0,1.0000,0.9220,,
846,Equatorial Guinea,GNQ,2005,14.18846853,4.08E-11,41.93758392,31302.95795,864726,0,0.566,GNQ2005,0,1.0000,0.9304,,
847,Equatorial Guinea,GNQ,2006,15.56307442,3.83E-11,48.28155109,32251.76801,905418,0,0.591,GNQ2006,0,1.0000,0.9288,,
848,Equatorial Guinea,GNQ,2007,14.37846213,3.64E-11,25.17470115,35540.44776,948814,0,0.603,GNQ2007,0,1.0000,0.9277,,
849,Equatorial Guinea,GNQ,2008,13.19495265,3.54E-11,27.75712597,39994.61598,994971,0,0.613,GNQ2008,0,1.0000,0.9233,,
850,Equatorial Guinea,GNQ,2009,17.2955023,3.84E-11,95.71770166,38706.60525,1043686,0,0.615,GNQ2009,0,1.0000,0.9250,,
851,Equatorial Guinea,GNQ,2010,15.40621609,3.34E-11,119.1778917,33668.87407,1094524,0,0.612,GNQ2010,0,1.0000,0.9405,,
852,Equatorial Guinea,GNQ,2011,15.0929908,3.21E-11,64.66936576,34341.93426,1144588,0,0.624,GNQ2011,0,1.0000,0.9383,,
853,Equatorial Guinea,GNQ,2012,15.21513778,3.10E-11,28.58372335,35711.49193,1193636,0,0.635,GNQ2012,0,1.0000,0.9397,,
854,Equatorial Guinea,GNQ,2013,12.4471777,2.89E-11,27.54805687,32894.36932,1243941,0,0.644,GNQ2013,0,1.0000,0.9419,,
855,Equatorial Guinea,GNQ,2014,10.89132223,2.74E-11,24.14567968,31765.89971,1295183,0,0.652,GNQ2014,0,1.0000,0.9440,,
856,Equatorial Guinea,GNQ,2015,9.274265155,2.59E-11,19.21355568,27797.79428,1346973,0,0.656,GNQ2015,0,1.0000,0.9488,,
857,Equatorial Guinea,GNQ,2016,8.790133484,2.53E-11,15.33484547,24435.06456,1398927,0,0.659,GNQ2016,0,1.0000,0.9484,,
858,Equatorial Guinea,GNQ,2017,7.569226966,2.40E-11,14.52007956,22250.43892,1450694,0,0.661,GNQ2017,0,1.0000,0.9534,,
859,Equatorial Guinea,GNQ,2018,8.183781272,2.35E-11,14.43635257,20165.47956,1502091,0,0.663,GNQ2018,0,1.0000,0.9582,,
860,Equatorial Guinea,GNQ,2019,7.171791945,2.27E-11,11.90650393,18446.59166,1553031,0,0.667,GNQ2019,0,1.0000,0.9643,,
861,Equatorial Guinea,GNQ,2020,7.688665274,2.26E-11,10.30894138,17089.15373,1596049,0,0.668,GNQ2020,0,1.0000,0.9731,,
862,Eritrea,ERI,2000,3.801987382,3.33E-11,19.77943184,NA,2392880,0,NA,ERI2000,0,1.0000,0.8793,,
863,Eritrea,ERI,2001,3.68545593,3.22E-11,19.93090313,NA,2461927,0,NA,ERI2001,0,1.0000,0.8805,,
864,Eritrea,ERI,2002,3.652496567,3.15E-11,25.08155059,NA,2547424,0,NA,ERI2002,0,1.0000,0.8919,,
865,Eritrea,ERI,2003,3.830911182,3.07E-11,26.91022083,NA,2653390,0,NA,ERI2003,0,1.0000,0.9072,,
866,Eritrea,ERI,2004,3.369771175,2.93E-11,27.75260865,NA,2763140,0,NA,ERI2004,0,1.0000,0.9220,,
867,Eritrea,ERI,2005,3.145352222,2.81E-11,25.44645599,NA,2831732,0,0.474,ERI2005,0,1.0000,0.9304,,
868,Eritrea,ERI,2006,2.9702336,2.77E-11,15.78771178,NA,2880093,0,0.473,ERI2006,0,1.0000,0.9288,,
869,Eritrea,ERI,2007,2.928428686,2.72E-11,11.6719507,NA,2926168,0,0.472,ERI2007,0,1.0000,0.9277,,
870,Eritrea,ERI,2008,2.671987151,2.63E-11,8.279598807,NA,3005779,0,0.457,ERI2008,0,1.0000,0.9233,,
871,Eritrea,ERI,2009,2.79293085,2.59E-11,7.660917942,NA,3083888,0,0.462,ERI2009,0,1.0000,0.9250,,
872,Eritrea,ERI,2010,2.780405302,2.53E-11,8.406474538,NA,3147727,0,0.465,ERI2010,0,1.0000,0.9405,,
873,Eritrea,ERI,2011,2.392497653,2.43E-11,5.569769843,NA,3207570,0,0.48,ERI2011,0,1.0000,0.9383,,
874,Eritrea,ERI,2012,2.319500069,2.39E-11,4.741926774,NA,3252596,0,0.483,ERI2012,0,1.0000,0.9397,,
875,Eritrea,ERI,2013,2.658804538,2.40E-11,4.46028072,NA,3296367,0,0.479,ERI2013,0,1.0000,0.9419,,
876,Eritrea,ERI,2014,2.497658874,2.37E-11,4.583270113,NA,3323425,0,0.497,ERI2014,0,1.0000,0.9440,,
877,Eritrea,ERI,2015,2.567806001,2.37E-11,3.823280506,NA,3340006,0,0.48,ERI2015,0,1.0000,0.9488,,
878,Eritrea,ERI,2016,2.447933877,2.33E-11,3.301371676,NA,3365287,0,0.485,ERI2016,0,1.0000,0.9484,,
879,Eritrea,ERI,2017,2.295079392,2.28E-11,5.285821755,NA,3396933,0,0.48,ERI2017,0,1.0000,0.9534,,
880,Eritrea,ERI,2018,2.139312736,2.22E-11,6.192570748,NA,3445374,0,0.49,ERI2018,0,1.0000,0.9582,,
881,Eritrea,ERI,2019,2.342745419,2.24E-11,7.889160562,NA,3498818,0,0.495,ERI2019,0,1.0000,0.9643,,
882,Eritrea,ERI,2020,2.336916698,2.22E-11,4.682100301,NA,3555868,0,0.495,ERI2020,0,1.0000,0.9731,,
883,Estonia,EST,2000,13.78533244,3.31E-12,11.90404221,20739.3911,1396985,0.508419788,0.793,EST2000,0.578176856,1.0000,0.8793,,
884,Estonia,EST,2001,14.36944388,4.19E-12,15.46756701,22099.33928,1388115,0.528623743,0.802,EST2001,0.600397825,1.0000,0.8805,,
885,Estonia,EST,2002,15.25095654,4.36E-12,22.86847075,23781.65157,1379350,0.580861214,0.813,EST2002,0.651285648,1.0000,0.8919,,
886,Estonia,EST,2003,17.02499934,4.84E-12,28.01105701,25749.27977,1370720,0.563833389,0.824,EST2003,0.621520221,1.0000,0.9072,,
887,Estonia,EST,2004,16.99531733,5.06E-12,29.98757022,27665.30683,1362550,0.566373364,0.834,EST2004,0.614297986,1.0000,0.9220,,
888,Estonia,EST,2005,16.51957942,5.01E-12,29.49953693,30473.77876,1354775,0.583262237,0.847,EST2005,0.626871645,1.0000,0.9304,,
889,Estonia,EST,2006,17.13116692,4.43E-12,24.42826057,33646.61851,1346810,0.579850552,0.855,EST2006,0.624322891,1.0000,0.9288,,
890,Estonia,EST,2007,18.91214995,4.56E-12,21.70208942,36359.46663,1340680,0.60636986,0.859,EST2007,0.653597295,1.0000,0.9277,,
891,Estonia,EST,2008,17.56732998,5.08E-12,21.52031631,34588.55003,1337090,0.566874875,0.864,EST2008,0.613976479,1.0000,0.9233,,
892,Estonia,EST,2009,15.16468489,3.94E-12,15.63292536,29585.14397,1334515,0.550988287,0.863,EST2009,0.595651031,1.0000,0.9250,,
893,Estonia,EST,2010,16.7177652,3.61E-12,42.23659501,30379.10913,1331475,0.555771065,0.868,EST2010,0.590946794,1.0000,0.9405,,
894,Estonia,EST,2011,16.23654561,4.36E-12,35.89014768,32789.43238,1327439,0.567391412,0.877,EST2011,0.604716659,1.0000,0.9383,,
895,Estonia,EST,2012,16.46148099,4.40E-12,28.84013836,34115.36222,1322696,0.597442702,0.88,EST2012,0.635786295,1.0000,0.9397,,
896,Estonia,EST,2013,17.61179556,4.38E-12,23.39228932,34838.36295,1317997,0.595966992,0.887,EST2013,0.632705808,1.0000,0.9419,,
897,Estonia,EST,2014,17.79073318,4.58E-12,16.96962206,36090.49409,1314545,0.613974157,0.885,EST2014,0.650402427,1.0000,0.9440,,
898,Estonia,EST,2015,17.04477884,4.29E-12,14.45990097,36729.80725,1315407,0.616081144,0.888,EST2015,0.64932555,1.0000,0.9488,,
899,Estonia,EST,2016,17.64043135,4.67E-12,21.31338262,37854.84525,1315790,0.64254721,0.89,EST2016,0.677499592,1.0000,0.9484,,
900,Estonia,EST,2017,18.51581955,5.29E-12,16.45250086,39939.45756,1317384,0.638597951,0.894,EST2017,0.669826508,1.0000,0.9534,,
901,Estonia,EST,2018,19.36357963,5.15E-12,17.22170466,41273.19955,1321977,0.655746224,0.897,EST2018,0.684351265,1.0000,0.9582,,
902,Estonia,EST,2019,16.72477017,5.14E-12,16.62334485,42652.53486,1326898,0.685197662,0.901,EST2019,0.710589528,1.0000,0.9643,,
903,Estonia,EST,2020,16.83990592,4.54E-12,15.44359965,41340.76465,1329522,0.70020475,0.901,EST2020,0.719577551,1.0000,0.9731,,
904,Ethiopia,ETH,2000,2.662907137,1.01E-11,1.6034746,810.2707492,67031867,0,0.293,ETH2000,0,1.0000,0.8793,,
905,Ethiopia,ETH,2001,2.723297611,9.79E-12,1.332280028,851.3134285,69018932,0,0.307,ETH2001,0,1.0000,0.8805,,
906,Ethiopia,ETH,2002,2.775443759,9.47E-12,1.089833105,838.298047,71073215,0,0.314,ETH2002,0,1.0000,0.8919,,
907,Ethiopia,ETH,2003,2.751363296,9.59E-12,1.265977853,795.7721384,73168838,0,0.317,ETH2003,0,1.0000,0.9072,,
908,Ethiopia,ETH,2004,2.766122205,9.83E-12,1.524900378,877.114495,75301026,0,0.331,ETH2004,0,1.0000,0.9220,,
909,Ethiopia,ETH,2005,2.785521225,9.50E-12,1.877841397,952.1156663,77469940,0,0.35,ETH2005,0,1.0000,0.9304,,
910,Ethiopia,ETH,2006,2.691118365,9.32E-12,1.913182942,1024.729119,79691050,0,0.366,ETH2006,0,1.0000,0.9288,,
911,Ethiopia,ETH,2007,2.789949676,9.40E-12,1.88339137,1109.143303,81996185,0,0.383,ETH2007,0,1.0000,0.9277,,
912,Ethiopia,ETH,2008,2.77506887,8.97E-12,1.533882575,1193.747283,84357105,0,0.398,ETH2008,0,1.0000,0.9233,,
913,Ethiopia,ETH,2009,2.830494173,8.95E-12,1.468897382,1262.46398,86755585,0,0.405,ETH2009,0,1.0000,0.9250,,
914,Ethiopia,ETH,2010,2.690260398,8.64E-12,1.669932722,1381.190447,89237791,0,0.415,ETH2010,0,1.0000,0.9405,,
915,Ethiopia,ETH,2011,2.526920684,8.14E-12,1.562875946,1492.533965,91817929,0,0.425,ETH2011,0,1.0000,0.9383,,
916,Ethiopia,ETH,2012,2.522895462,7.82E-12,1.68239947,1576.768757,94451280,0,0.433,ETH2012,0,1.0000,0.9397,,
917,Ethiopia,ETH,2013,2.592964864,7.64E-12,2.314081055,1696.865156,97084366,0,0.441,ETH2013,0,1.0000,0.9419,,
918,Ethiopia,ETH,2014,2.589782841,7.44E-12,4.434214548,1821.391618,99746766,0,0.449,ETH2014,0,1.0000,0.9440,,
919,Ethiopia,ETH,2015,2.722013133,7.41E-12,4.5507611,1957.414542,102471895,0,0.456,ETH2015,0,1.0000,0.9488,,
920,Ethiopia,ETH,2016,2.874352237,7.50E-12,4.816084782,2084.840556,105293228,0,0.463,ETH2016,0,1.0000,0.9484,,
921,Ethiopia,ETH,2017,2.99682241,7.63E-12,4.77132787,2222.828245,108197950,0,0.47,ETH2017,0,1.0000,0.9534,,
922,Ethiopia,ETH,2018,2.938155682,7.52E-12,4.59447589,2311.165117,111129438,0,0.476,ETH2018,0,1.0000,0.9582,,
923,Ethiopia,ETH,2019,2.926799399,7.27E-12,4.811035364,2437.970461,114120594,0,0.482,ETH2019,0,1.0000,0.9643,,
924,Ethiopia,ETH,2020,2.868353404,6.85E-12,2.291672707,2516.549076,117190911,0,0.486,ETH2020,0,1.0000,0.9731,,
925,Finland,FIN,2000,22.09181642,9.00E-12,15.24091501,46968.84171,5176209,0.846762267,0.898,FIN2000,0.96294117,1.0000,0.8793,,
926,Finland,FIN,2001,22.29048289,8.08E-12,15.18138498,48099.30143,5188008,0.869092721,0.908,FIN2001,0.987094104,1.0000,0.8805,,
927,Finland,FIN,2002,22.98265887,7.56E-12,16.14663895,48792.48648,5200598,0.889649075,0.912,FIN2002,0.997511387,1.0000,0.8919,,
928,Finland,FIN,2003,25.76521852,7.86E-12,16.2372167,49655.54516,5213014,0.874215226,0.915,FIN2003,0.963657796,1.0000,0.9072,,
929,Finland,FIN,2004,25.64111796,7.76E-12,18.9778351,51494.70586,5228172,0.886487595,0.911,FIN2004,0.961499214,1.0000,0.9220,,
930,Finland,FIN,2005,24.41108657,8.11E-12,23.41794221,52744.04803,5246096,0.882090076,0.914,FIN2005,0.948042274,1.0000,0.9304,,
931,Finland,FIN,2006,26.36150534,8.21E-12,24.35739974,54653.9812,5266268,0.867830076,0.917,FIN2006,0.934389353,1.0000,0.9288,,
932,Finland,FIN,2007,25.76404775,7.97E-12,25.99112422,57313.29165,5288720,0.896368737,0.92,FIN2007,0.966182888,1.0000,0.9277,,
933,Finland,FIN,2008,24.6711008,8.25E-12,27.37463963,57494.58535,5313399,0.857234132,0.921,FIN2008,0.928461671,1.0000,0.9233,,
934,Finland,FIN,2009,22.86231622,7.30E-12,22.07609601,52599.14871,5338871,0.802368079,0.916,FIN2009,0.867407501,1.0000,0.9250,,
935,Finland,FIN,2010,24.79747535,6.91E-12,23.27944028,54017.94586,5363352,0.798195512,0.92,FIN2010,0.848714709,1.0000,0.9405,,
936,Finland,FIN,2011,24.27694791,7.46E-12,25.18547222,55053.39069,5388272,0.798177663,0.924,FIN2011,0.850684941,1.0000,0.9383,,
937,Finland,FIN,2012,23.14587999,6.90E-12,19.49391442,53957.6681,5413971,0.787502449,0.924,FIN2012,0.838043988,1.0000,0.9397,,
938,Finland,FIN,2013,23.34563819,6.62E-12,20.38148706,53183.42867,5438972,0.749428644,0.934,FIN2013,0.795627713,1.0000,0.9419,,
939,Finland,FIN,2014,22.76455755,6.18E-12,18.531305,52710.73349,5461512,0.760357639,0.936,FIN2014,0.805471122,1.0000,0.9440,,
940,Finland,FIN,2015,21.32624466,5.60E-12,17.49618883,52782.48739,5479531,0.78631462,0.938,FIN2015,0.828745008,1.0000,0.9488,,
941,Finland,FIN,2016,21.86079708,6.55E-12,20.28301256,53984.63163,5495303,0.800004772,0.94,FIN2016,0.84352231,1.0000,0.9484,,
942,Finland,FIN,2017,21.98605701,6.77E-12,18.16130126,55637.22628,5508214,0.803474556,0.942,FIN2017,0.842765868,1.0000,0.9534,,
943,Finland,FIN,2018,22.79554003,7.29E-12,20.5648527,56226.33724,5515525,0.783807995,0.945,FIN2018,0.817999363,1.0000,0.9582,,
944,Finland,FIN,2019,21.31103748,6.44E-12,17.46865966,56922.48732,5521606,0.803461064,0.947,FIN2019,0.833235502,1.0000,0.9643,,
945,Finland,FIN,2020,21.5332148,6.14E-12,16.97421115,55424.8575,5529543,0.79654532,0.947,FIN2020,0.818583608,1.0000,0.9731,,
946,France,FRA,2000,12.90569869,1.36E-11,24.73270523,45922.47894,60950994,1.055628593,0.852,FRA2000,1.200464725,1.0000,0.8793,,
947,France,FRA,2001,12.66044419,1.21E-11,24.25718162,46454.87069,61397775,1.098379361,0.855,FRA2001,1.247512221,1.0000,0.8805,,
948,France,FRA,2002,12.58822536,1.10E-11,26.54785367,46610.78207,61847394,1.139329303,0.858,FRA2002,1.277463198,1.0000,0.8919,,
949,France,FRA,2003,13.16171611,1.10E-11,27.61085876,46730.97581,62288899,1.082466794,0.862,FRA2003,1.193215966,1.0000,0.9072,,
950,France,FRA,2004,13.43456252,1.19E-11,30.48947,47720.44134,62749003,1.033019347,0.869,FRA2004,1.120429993,1.0000,0.9220,,
951,France,FRA,2005,13.67640147,1.18E-11,31.97128734,48257.46509,63221847,1.026934327,0.877,FRA2005,1.103716254,1.0000,0.9304,,
952,France,FRA,2006,13.50404835,1.25E-11,32.37999172,49223.2472,63662444,0.998385024,0.881,FRA2006,1.074957371,1.0000,0.9288,,
953,France,FRA,2007,13.60914857,1.20E-11,31.76298235,50157.78375,64056624,0.982482098,0.884,FRA2007,1.059003234,1.0000,0.9277,,
954,France,FRA,2008,13.62098937,1.20E-11,31.62045714,50068.29691,64415237,0.946241076,0.884,FRA2008,1.024864197,1.0000,0.9233,,
955,France,FRA,2009,12.88740973,1.08E-11,29.71409328,48404.96578,64747011,0.936049549,0.883,FRA2009,1.011925101,1.0000,0.9250,,
956,France,FRA,2010,12.21015965,9.99E-12,27.27802073,49130.42294,65067033,0.911212972,0.888,FRA2010,0.968885243,1.0000,0.9405,,
957,France,FRA,2011,12.64911407,1.05E-11,29.97049348,50085.68298,65381583,0.909820164,0.892,FRA2011,0.969671726,1.0000,0.9383,,
958,France,FRA,2012,12.42523376,9.97E-12,25.27627859,49935.62691,65698266,0.909799283,0.893,FRA2012,0.968189776,1.0000,0.9397,,
959,France,FRA,2013,12.42865212,9.73E-12,25.61691675,50066.53043,66037928,0.891449065,0.896,FRA2013,0.946403086,1.0000,0.9419,,
960,France,FRA,2014,11.79292665,9.81E-12,23.9528788,50326.56786,66347328,0.898474313,0.9,FRA2014,0.951782525,1.0000,0.9440,,
961,France,FRA,2015,11.46212071,9.30E-12,22.28777189,50682.89536,66583292,0.912864986,0.901,FRA2015,0.962124169,1.0000,0.9488,,
962,France,FRA,2016,11.47921426,9.07E-12,22.34553505,50984.0753,66758915,0.919074309,0.905,FRA2016,0.969068825,1.0000,0.9484,,
963,France,FRA,2017,11.58778035,9.61E-12,23.8556542,51895.5663,66952516,0.908270928,0.908,FRA2017,0.952686965,1.0000,0.9534,,
964,France,FRA,2018,11.48996255,9.18E-12,23.83100438,52560.95362,67192200,0.887666602,0.911,FRA2018,0.926388502,1.0000,0.9582,,
965,France,FRA,2019,11.28556546,9.33E-12,23.90441062,53448.55488,67421122,0.908589414,0.914,FRA2019,0.942259669,1.0000,0.9643,,
966,France,FRA,2020,10.28134052,8.72E-12,21.35251322,49311.33341,67603660,0.893688087,0.909,FRA2020,0.918414056,1.0000,0.9731,,
967,Gabon,GAB,2000,13.1416078,4.12E-11,9.450486492,21717.22408,1272935,0.46245942,0.652,GAB2000,0.525910556,1.0000,0.8793,,
968,Gabon,GAB,2001,13.35663565,4.06E-11,6.613996148,21604.78044,1306590,0.356953001,0.657,GAB2001,0.405418426,1.0000,0.8805,,
969,Gabon,GAB,2002,14.31274156,4.56E-11,6.408258734,20981.47986,1341696,0.330977731,0.661,GAB2002,0.371105939,1.0000,0.8919,,
970,Gabon,GAB,2003,15.48607318,4.67E-11,6.077091334,20875.45493,1378398,0.316040054,0.664,GAB2003,0.348374695,1.0000,0.9072,,
971,Gabon,GAB,2004,14.99069596,4.20E-11,7.78710215,20438.93071,1417110,0.330938826,0.665,GAB2004,0.358941764,1.0000,0.9220,,
972,Gabon,GAB,2005,15.12281885,4.28E-11,9.16864533,20385.28999,1458353,0.412510325,0.671,GAB2005,0.443352938,1.0000,0.9304,,
973,Gabon,GAB,2006,14.43788616,4.45E-11,10.51936148,19224.12687,1502534,0.383663002,0.67,GAB2006,0.4130885,1.0000,0.9288,,
974,Gabon,GAB,2007,14.25608425,4.85E-11,11.01595425,19751.87622,1549774,0.394403573,0.674,GAB2007,0.425121903,1.0000,0.9277,,
975,Gabon,GAB,2008,14.78380662,4.11E-11,9.929547469,18493.09211,1599978,0.46375359,0.675,GAB2008,0.502286851,1.0000,0.9233,,
976,Gabon,GAB,2009,15.8145319,5.41E-11,9.765097073,17911.14585,1653542,0.306378985,0.681,GAB2009,0.331213862,1.0000,0.9250,,
977,Gabon,GAB,2010,15.01548375,4.43E-11,9.643404175,18530.57609,1711105,0.349777963,0.684,GAB2010,0.371916026,1.0000,0.9405,,
978,Gabon,GAB,2011,12.85419456,4.25E-11,10.52322132,19153.08782,1772500,0.497418934,0.69,GAB2011,0.530141115,1.0000,0.9383,,
979,Gabon,GAB,2012,11.90220225,4.05E-11,8.116009901,19450.40271,1836705,0.469107154,0.699,GAB2012,0.499214232,1.0000,0.9397,,
980,Gabon,GAB,2013,14.00542751,3.99E-11,10.18056625,19836.45549,1902226,0.449326792,0.707,GAB2013,0.477025867,1.0000,0.9419,,
981,Gabon,GAB,2014,15.00159265,5.21E-11,9.590908571,20008.98998,1966855,0.434310365,0.716,GAB2014,0.460078835,1.0000,0.9440,,
982,Gabon,GAB,2015,15.13667676,5.82E-11,9.39526026,20147.71162,2028517,0.44349334,0.72,GAB2015,0.467424721,1.0000,0.9488,,
983,Gabon,GAB,2016,13.43747529,5.06E-11,8.400358637,19988.1756,2086206,0.457882645,0.724,GAB2016,0.482789904,1.0000,0.9484,,
984,Gabon,GAB,2017,12.26427112,4.78E-11,9.494626719,19555.70788,2140215,0.547706162,0.726,GAB2017,0.574489951,1.0000,0.9534,,
985,Gabon,GAB,2018,11.12313159,4.22E-11,9.664492474,19225.59826,2192012,0.743995495,0.727,GAB2018,0.776450157,1.0000,0.9582,,
986,Gabon,GAB,2019,11.09396409,4.36E-11,9.345479757,19491.40676,2242785,0.771059035,0.73,GAB2019,0.799632728,1.0000,0.9643,,
987,Gabon,GAB,2020,10.80852601,4.29E-11,7.011377217,18681.48407,2292573,0.786365054,0.732,GAB2020,0.808121681,1.0000,0.9731,,
988,Georgia,GEO,2000,3.613786862,1.27E-11,51.44674319,5706.272365,4077131,0,0.705,GEO2000,0,1.0000,0.8793,,
989,Georgia,GEO,2001,3.472732657,1.47E-11,38.87747768,6074.08643,4014373,0,0.712,GEO2001,0,1.0000,0.8805,,
990,Georgia,GEO,2002,3.559207719,1.45E-11,55.19289659,6464.325397,3978515,0,0.719,GEO2002,0,1.0000,0.8919,,
991,Georgia,GEO,2003,3.673496338,1.39E-11,35.05977034,7227.73706,3951736,0,0.733,GEO2003,0,1.0000,0.9072,,
992,Georgia,GEO,2004,3.757001124,1.16E-11,41.95970992,7693.915254,3927340,0,0.737,GEO2004,0,1.0000,0.9220,,
993,Georgia,GEO,2005,3.863794283,1.19E-11,58.9838815,8485.586705,3902469,0,0.744,GEO2005,0,1.0000,0.9304,,
994,Georgia,GEO,2006,4.274307549,1.25E-11,80.01033286,9337.989064,3880347,0,0.75,GEO2006,0,1.0000,0.9288,,
995,Georgia,GEO,2007,4.787455273,1.29E-11,65.88430371,10567.27472,3860158,0,0.76,GEO2007,0,1.0000,0.9277,,
996,Georgia,GEO,2008,4.968416088,1.34E-11,126.2682955,10856.10313,3848449,0,0.757,GEO2008,0,1.0000,0.9233,,
997,Georgia,GEO,2009,4.407909127,1.25E-11,152.3297141,10553.08964,3814419,0,0.76,GEO2009,0,1.0000,0.9250,,
998,Georgia,GEO,2010,4.215491604,1.16E-11,127.1607613,11294.36859,3786695,0,0.77,GEO2010,0,1.0000,0.9405,,
999,Georgia,GEO,2011,4.813169948,1.17E-11,138.2088859,12288.68289,3756441,0,0.78,GEO2011,0,1.0000,0.9383,,
1000,Georgia,GEO,2012,5.149727412,1.09E-11,77.03905877,13193.9597,3728874,0,0.789,GEO2012,0,1.0000,0.9397,,
1001,Georgia,GEO,2013,4.96904013,1.07E-11,126.6815001,13913.00182,3717668,0,0.796,GEO2013,0,1.0000,0.9419,,
1002,Georgia,GEO,2014,5.389184604,1.03E-11,96.44164864,14475.31354,3719414,0,0.802,GEO2014,0,1.0000,0.9440,,
1003,Georgia,GEO,2015,5.130538912,1.03E-11,78.59036113,14936.84341,3725276,0,0.807,GEO2015,0,1.0000,0.9488,,
1004,Georgia,GEO,2016,5.079728427,9.35E-12,61.21956065,15442.95644,3727505,0,0.809,GEO2016,0,1.0000,0.9484,,
1005,Georgia,GEO,2017,4.764363727,7.64E-12,75.24407659,16237.62422,3728004,0,0.816,GEO2017,0,1.0000,0.9534,,
1006,Georgia,GEO,2018,4.893726375,8.14E-12,56.51111433,17228.67908,3726549,0,0.824,GEO2018,0,1.0000,0.9582,,
1007,Georgia,GEO,2019,4.774752284,7.51E-12,57.49805194,18186.88165,3720161,0,0.83,GEO2019,0,1.0000,0.9643,,
1008,Georgia,GEO,2020,5.145676752,1.03E-11,86.68903327,17031.14403,3722716,0,0.822,GEO2020,0,1.0000,0.9731,,
1009,Germany,DEU,2000,17.70502253,1.18E-11,34.19920263,49979.13317,82211508,0.889646653,0.897,DEU2000,1.011709452,1.0000,0.8793,,
1010,Germany,DEU,2001,17.25311721,1.06E-11,31.17048232,50711.68047,82349925,0.912778919,0.904,DEU2001,1.036711812,1.0000,0.8805,,
1011,Germany,DEU,2002,16.8062879,9.95E-12,34.86791485,50510.90595,82488495,0.932483095,0.909,DEU2002,1.045538664,1.0000,0.8919,,
1012,Germany,DEU,2003,17.6502596,1.03E-11,34.35857746,50215.42539,82534176,0.938831688,0.914,DEU2003,1.034885287,1.0000,0.9072,,
1013,Germany,DEU,2004,17.52948407,1.06E-11,36.30861072,50810.1431,82516260,0.943415367,0.923,DEU2004,1.023244023,1.0000,0.9220,,
1014,Germany,DEU,2005,17.25503174,1.07E-11,41.58655459,51289.28004,82469422,0.967026997,0.923,DEU2005,1.039329767,1.0000,0.9304,,
1015,Germany,DEU,2006,17.85235031,1.11E-11,42.72450351,53326.97694,82376451,0.950024544,0.927,DEU2006,1.022887826,1.0000,0.9288,,
1016,Germany,DEU,2007,17.40687346,1.07E-11,39.43584822,54941.60175,82266372,0.954371598,0.931,DEU2007,1.028703332,1.0000,0.9277,,
1017,Germany,DEU,2008,17.58753884,1.10E-11,40.17328422,55547.31075,82110097,0.931705244,0.933,DEU2008,1.009120584,1.0000,0.9233,,
1018,Germany,DEU,2009,16.30516726,9.71E-12,36.68185912,52600.23252,81902307,0.895196695,0.933,DEU2009,0.967760742,1.0000,0.9250,,
1019,Germany,DEU,2010,16.97887101,9.32E-12,37.87412869,54865.43053,81776930,0.895056641,0.936,DEU2010,0.95170635,1.0000,0.9405,,
1020,Germany,DEU,2011,17.24337641,1.01E-11,35.93152351,57992.36674,80274983,0.911427635,0.942,DEU2011,0.971384943,1.0000,0.9383,,
1021,Germany,DEU,2012,16.98683297,9.47E-12,31.44149983,58158.13797,80425823,0.909140998,0.944,DEU2012,0.967489243,1.0000,0.9397,,
1022,Germany,DEU,2013,17.2973812,9.39E-12,31.45146044,58223.64953,80645605,0.914021163,0.945,DEU2013,0.970366657,1.0000,0.9419,,
1023,Germany,DEU,2014,16.5919478,9.14E-12,29.98462774,59239.3401,80982500,0.93097241,0.949,DEU2014,0.986208797,1.0000,0.9440,,
1024,Germany,DEU,2015,15.94091402,8.56E-12,28.68864325,59699.33812,81686611,0.931624968,0.948,DEU2015,0.98189646,1.0000,0.9488,,
1025,Germany,DEU,2016,16.13997659,8.58E-12,30.65456975,60578.28707,82348669,0.958540297,0.949,DEU2016,1.010681629,1.0000,0.9484,,
1026,Germany,DEU,2017,16.07455844,8.81E-12,31.33239657,61991.49731,82657002,0.968800426,0.951,DEU2017,1.016176462,1.0000,0.9534,,
1027,Germany,DEU,2018,16.23087506,9.11E-12,36.87906935,62495.49895,82905782,0.973506094,0.952,DEU2018,1.015972495,1.0000,0.9582,,
1028,Germany,DEU,2019,15.70290886,9.00E-12,37.15127695,62970.71609,83092962,1.00281756,0.957,DEU2019,1.039979696,1.0000,0.9643,,
1029,Germany,DEU,2020,14.85111843,8.54E-12,39.12871689,60342.6627,83160871,0.998143602,0.955,DEU2020,1.025759578,1.0000,0.9731,,
1030,Ghana,GHA,2000,1.925594157,1.20E-11,2.148267398,3327.351993,19665502,0,0.487,GHA2000,0,1.0000,0.8793,,
1031,Ghana,GHA,2001,1.930850877,1.23E-11,4.867130409,3369.507025,20195577,0,0.486,GHA2001,0,1.0000,0.8805,,
1032,Ghana,GHA,2002,1.935417642,1.19E-11,2.464591489,3425.618209,20758326,0,0.493,GHA2002,0,1.0000,0.8919,,
1033,Ghana,GHA,2003,2.009007798,1.19E-11,7.195014589,3507.751057,21329514,0,0.495,GHA2003,0,1.0000,0.9072,,
1034,Ghana,GHA,2004,1.940680056,1.15E-11,5.12361949,3607.365223,21906444,0,0.503,GHA2004,0,1.0000,0.9220,,
1035,Ghana,GHA,2005,1.990147752,1.14E-11,3.100282022,3721.307857,22496951,0,0.515,GHA2005,0,1.0000,0.9304,,
1036,Ghana,GHA,2006,2.303980611,1.13E-11,4.978630893,3857.861548,23098586,0,0.524,GHA2006,0,1.0000,0.9288,,
1037,Ghana,GHA,2007,2.101637669,1.09E-11,4.864512562,3923.125678,23708320,0,0.534,GHA2007,0,1.0000,0.9277,,
1038,Ghana,GHA,2008,2.141544656,1.08E-11,5.69725053,4174.781241,24326087,0,0.546,GHA2008,0,1.0000,0.9233,,
1039,Ghana,GHA,2009,1.875873127,1.04E-11,2.865116994,4269.160059,24950762,0,0.551,GHA2009,0,1.0000,0.9250,,
1040,Ghana,GHA,2010,2.12438248,1.02E-11,3.580882799,4495.689166,25574719,0,0.558,GHA2010,0,1.0000,0.9405,,
1041,Ghana,GHA,2011,2.412183629,9.78E-12,4.863279107,5005.367325,26205941,0,0.568,GHA2011,0,1.0000,0.9383,,
1042,Ghana,GHA,2012,2.539973967,9.37E-12,3.712445561,5339.713219,26858762,0,0.575,GHA2012,0,1.0000,0.9397,,
1043,Ghana,GHA,2013,2.431172684,9.64E-12,4.320679193,5593.774819,27525597,0,0.582,GHA2013,0,1.0000,0.9419,,
1044,Ghana,GHA,2014,2.173088348,9.30E-12,3.303168876,5619.072335,28196358,0,0.58,GHA2014,0,1.0000,0.9440,,
1045,Ghana,GHA,2015,2.349075763,9.00E-12,3.837241323,5607.366357,28870939,0,0.588,GHA2015,0,1.0000,0.9488,,
1046,Ghana,GHA,2016,2.483539162,8.97E-12,4.469308499,5666.077953,29554303,0,0.59,GHA2016,0,1.0000,0.9484,,
1047,Ghana,GHA,2017,2.506376176,8.81E-12,4.993209745,5993.630852,30222262,0,0.594,GHA2017,0,1.0000,0.9534,,
1048,Ghana,GHA,2018,2.567895464,8.54E-12,4.392658676,6234.512082,30870641,0,0.6,GHA2018,0,1.0000,0.9582,,
1049,Ghana,GHA,2019,2.694164207,8.56E-12,6.829485205,6508.246523,31522290,0,0.609,GHA2019,0,1.0000,0.9643,,
1050,Ghana,GHA,2020,2.377231054,8.37E-12,2.52571865,6412.685418,32180401,0,0.614,GHA2020,0,1.0000,0.9731,,
1051,Greece,GRC,2000,14.57789217,2.45E-11,59.65687178,31386.63978,10805808,0.636953706,0.828,GRC2000,0.724346101,1.0000,0.8793,,
1052,Greece,GRC,2001,14.37356533,2.22E-11,60.21458762,32675.92923,10862132,0.693922689,0.837,GRC2001,0.788140297,1.0000,0.8805,,
1053,Greece,GRC,2002,15.13103763,2.40E-11,67.93221525,34081.02898,10902022,0.742309837,0.836,GRC2002,0.832308531,1.0000,0.8919,,
1054,Greece,GRC,2003,16.12465297,2.40E-11,67.84291954,35970.70168,10928070,0.711484506,0.842,GRC2003,0.784277797,1.0000,0.9072,,
1055,Greece,GRC,2004,16.02342761,2.34E-11,77.68522006,37811.49137,10955141,0.707014919,0.851,GRC2004,0.76684016,1.0000,0.9220,,
1056,Greece,GRC,2005,16.19638378,2.34E-11,77.01047614,38146.96297,10987314,0.680126985,0.863,GRC2005,0.730978787,1.0000,0.9304,,
1057,Greece,GRC,2006,16.51084499,2.28E-11,73.68680104,40483.15692,11020362,0.675251701,0.871,GRC2006,0.727040946,1.0000,0.9288,,
1058,Greece,GRC,2007,17.69229823,2.30E-11,72.86452387,41796.23369,11048473,0.655915814,0.866,GRC2007,0.707002163,1.0000,0.9277,,
1059,Greece,GRC,2008,17.47464691,2.38E-11,71.58791245,41709.38774,11077841,0.654370199,0.871,GRC2008,0.708741784,1.0000,0.9233,,
1060,Greece,GRC,2009,15.57768549,2.21E-11,62.2750308,39886.21355,11107017,0.652031306,0.874,GRC2009,0.704884529,1.0000,0.9250,,
1061,Greece,GRC,2010,14.19154061,2.17E-11,60.96822265,37566.74837,11121341,0.632461811,0.876,GRC2010,0.672491431,1.0000,0.9405,,
1062,Greece,GRC,2011,13.28641993,2.00E-11,52.49835555,33906.49174,11104899,0.572804734,0.874,GRC2011,0.61048609,1.0000,0.9383,,
1063,Greece,GRC,2012,12.06923676,1.88E-11,40.77228636,31250.22686,11045011,0.524490915,0.874,GRC2012,0.558152497,1.0000,0.9397,,
1064,Greece,GRC,2013,11.15547077,1.89E-11,40.94393076,30762.44322,10965211,0.48125371,0.879,GRC2013,0.510920942,1.0000,0.9419,,
1065,Greece,GRC,2014,10.90592287,1.66E-11,36.99906082,31213.37651,10892413,0.485950075,0.886,GRC2014,0.514782429,1.0000,0.9440,,
1066,Greece,GRC,2015,10.45989247,1.76E-11,36.59035332,31347.97657,10820883,0.515895157,0.888,GRC2015,0.543733418,1.0000,0.9488,,
1067,Greece,GRC,2016,10.412171,1.73E-11,34.78431235,31468.61985,10775971,0.520896304,0.884,GRC2016,0.549231291,1.0000,0.9484,,
1068,Greece,GRC,2017,10.56107231,1.78E-11,39.155242,31995.41088,10754679,0.529701372,0.887,GRC2017,0.555604696,1.0000,0.9534,,
1069,Greece,GRC,2018,10.69795197,1.88E-11,45.15479812,32722.33104,10732882,0.511052619,0.893,GRC2018,0.533345819,1.0000,0.9582,,
1070,Greece,GRC,2019,10.097305,2.12E-11,43.25351049,33502.75065,10721582,0.54762027,0.896,GRC2019,0.56791383,1.0000,0.9643,,
1071,Greece,GRC,2020,9.530198414,2.24E-11,43.99497628,30487.11293,10698599,0.532336101,0.896,GRC2020,0.547064424,1.0000,0.9731,,
1072,Guatemala,GTM,2000,4.291575569,4.35E-11,7.720641185,8770.403838,11589761,0.61313137,0.563,GTM2000,0.697255254,1.0000,0.8793,,
1073,Guatemala,GTM,2001,4.33878075,4.45E-11,7.498603095,8771.154957,11871565,0.620970962,0.567,GTM2001,0.705283523,1.0000,0.8805,,
1074,Guatemala,GTM,2002,4.793325227,4.28E-11,11.74950539,8901.536085,12147518,0.621536585,0.572,GTM2002,0.69689256,1.0000,0.8919,,
1075,Guatemala,GTM,2003,4.822255206,4.26E-11,8.552159987,8926.153326,12415334,0.623848451,0.577,GTM2003,0.687675536,1.0000,0.9072,,
1076,Guatemala,GTM,2004,4.981147287,4.33E-11,8.655750818,9003.856934,12682108,0.627340516,0.58,GTM2004,0.680423975,1.0000,0.9220,,
1077,Guatemala,GTM,2005,4.915974269,3.99E-11,10.70922394,9099.72303,12948292,0.631601497,0.583,GTM2005,0.67882514,1.0000,0.9304,,
1078,Guatemala,GTM,2006,4.631871005,4.04E-11,12.63495396,9386.00088,13213330,0.630721997,0.59,GTM2006,0.679095984,1.0000,0.9288,,
1079,Guatemala,GTM,2007,4.673398937,3.93E-11,15.25708243,9772.805112,13477017,0.641551173,0.601,GTM2007,0.691518724,1.0000,0.9277,,
1080,Guatemala,GTM,2008,4.602849666,3.68E-11,12.07424866,9889.571818,13739299,0.634281359,0.609,GTM2008,0.686983764,1.0000,0.9233,,
1081,Guatemala,GTM,2009,4.76382238,3.25E-11,8.768334807,9740.709084,14000190,0.624292408,0.616,GTM2009,0.674897134,1.0000,0.9250,,
1082,Guatemala,GTM,2010,4.650187785,3.23E-11,9.828646476,9825.0174,14259687,0.630698099,0.623,GTM2010,0.67061609,1.0000,0.9405,,
1083,Guatemala,GTM,2011,5.204006484,3.24E-11,10.45241144,10032.08835,14521515,0.643799588,0.628,GTM2011,0.686151266,1.0000,0.9383,,
1084,Guatemala,GTM,2012,4.70296989,2.97E-11,8.673907935,10126.82807,14781942,0.627001394,0.631,GTM2012,0.66724205,1.0000,0.9397,,
1085,Guatemala,GTM,2013,4.77972957,2.77E-11,6.132659021,10297.83929,15043981,0.633811392,0.633,GTM2013,0.672883153,1.0000,0.9419,,
1086,Guatemala,GTM,2014,4.932814539,2.72E-11,6.743833565,10553.56393,15306316,0.63213021,0.65,GTM2014,0.669635713,1.0000,0.9440,,
1087,Guatemala,GTM,2015,5.027313275,2.61E-11,6.123828201,10785.95815,15567419,0.621359574,0.638,GTM2015,0.654888809,1.0000,0.9488,,
1088,Guatemala,GTM,2016,5.22258881,2.57E-11,5.673115956,10872.59368,15827690,0.614583021,0.642,GTM2016,0.648014247,1.0000,0.9484,,
1089,Guatemala,GTM,2017,5.153526382,2.49E-11,5.16680943,11005.45908,16087418,0.6247823,0.647,GTM2017,0.655335248,1.0000,0.9534,,
1090,Guatemala,GTM,2018,5.240749967,2.54E-11,5.461257261,11192.37173,16346950,0.617292391,0.649,GTM2018,0.644219995,1.0000,0.9582,,
1091,Guatemala,GTM,2019,5.348115053,2.62E-11,6.010212228,11466.37626,16604026,0.610939122,0.653,GTM2019,0.633579135,1.0000,0.9643,,
1092,Guatemala,GTM,2020,5.165739572,2.58E-11,6.4724164,11097.15007,16858333,0.613401806,0.645,GTM2020,0.630373001,1.0000,0.9731,,
1093,Guinea,GIN,2000,3.506401477,2.05E-11,1.786331743,2358.287656,8336967,0,0.359,GIN2000,0,1.0000,0.8793,,
1094,Guinea,GIN,2001,3.477329396,2.04E-11,1.900561131,2412.75162,8445717,0,0.366,GIN2001,0,1.0000,0.8805,,
1095,Guinea,GIN,2002,3.543653258,2.06E-11,1.935479666,2498.131775,8577790,0,0.377,GIN2002,0,1.0000,0.8919,,
1096,Guinea,GIN,2003,3.380188621,2.00E-11,1.976466888,2473.234183,8772254,0,0.384,GIN2003,0,1.0000,0.9072,,
1097,Guinea,GIN,2004,3.456197378,1.99E-11,2.218115554,2477.502826,8961039,0,0.391,GIN2004,0,1.0000,0.9220,,
1098,Guinea,GIN,2005,3.332724887,1.97E-11,2.061187144,2501.221605,9140114,0,0.401,GIN2005,0,1.0000,0.9304,,
1099,Guinea,GIN,2006,3.373110811,1.94E-11,2.69322383,2478.613195,9330625,0,0.409,GIN2006,0,1.0000,0.9288,,
1100,Guinea,GIN,2007,3.566487934,1.92E-11,3.679778763,2587.004889,9547082,0,0.416,GIN2007,0,1.0000,0.9277,,
1101,Guinea,GIN,2008,3.458318322,1.87E-11,2.42042037,2629.539747,9779785,0,0.422,GIN2008,0,1.0000,0.9233,,
1102,Guinea,GIN,2009,3.556259651,1.84E-11,2.908518755,2537.306458,10021323,0,0.424,GIN2009,0,1.0000,0.9250,,
1103,Guinea,GIN,2010,3.618928128,1.78E-11,2.597941532,2594.830503,10270728,0,0.43,GIN2010,0,1.0000,0.9405,,
1104,Guinea,GIN,2011,3.630854041,1.73E-11,2.486354838,2673.40873,10527712,0,0.436,GIN2011,0,1.0000,0.9383,,
1105,Guinea,GIN,2012,3.65807959,1.71E-11,2.339693024,2762.903509,10788692,0,0.44,GIN2012,0,1.0000,0.9397,,
1106,Guinea,GIN,2013,3.764812881,1.70E-11,2.680738009,2802.56007,11055430,0,0.445,GIN2013,0,1.0000,0.9419,,
1107,Guinea,GIN,2014,3.724064525,1.65E-11,3.2728194,2834.966343,11333365,0,0.451,GIN2014,0,1.0000,0.9440,,
1108,Guinea,GIN,2015,3.846553795,1.61E-11,3.026668499,2869.851572,11625998,0,0.465,GIN2015,0,1.0000,0.9488,,
1109,Guinea,GIN,2016,4.05210555,1.58E-11,3.884462168,3099.788742,11930985,0,0.482,GIN2016,0,1.0000,0.9484,,
1110,Guinea,GIN,2017,3.751794309,1.53E-11,4.643007019,3332.765762,12240789,0,0.482,GIN2017,0,1.0000,0.9534,,
1111,Guinea,GIN,2018,3.718169482,1.48E-11,4.316944675,3455.645126,12554864,0,0.479,GIN2018,0,1.0000,0.9582,,
1112,Guinea,GIN,2019,3.863330783,1.46E-11,4.368811825,3557.462339,12877539,0,0.486,GIN2019,0,1.0000,0.9643,,
1113,Guinea,GIN,2020,3.865959855,1.46E-11,8.063699363,3630.993306,13205153,0,0.488,GIN2020,0,1.0000,0.9731,,
1114,Haiti,HTI,2000,2.440728879,5.66E-11,4.726974511,3256.62947,8360225,0,0.497,HTI2000,0,1.0000,0.8793,,
1115,Haiti,HTI,2001,2.417522347,5.34E-11,4.451675545,3186.833911,8511728,0,0.5,HTI2001,0,1.0000,0.8805,,
1116,Haiti,HTI,2002,2.408005563,5.40E-11,4.998516862,3163.589952,8661546,0,0.504,HTI2002,0,1.0000,0.8919,,
1117,Haiti,HTI,2003,2.39619456,5.28E-11,3.872229487,3216.801645,8812245,0,0.508,HTI2003,0,1.0000,0.9072,,
1118,Haiti,HTI,2004,2.376523904,5.18E-11,4.593447493,3120.84411,8961489,0,0.505,HTI2004,0,1.0000,0.9220,,
1119,Haiti,HTI,2005,2.365504698,5.01E-11,5.298117456,3163.113802,9111900,0,0.516,HTI2005,0,1.0000,0.9304,,
1120,Haiti,HTI,2006,2.533405452,5.14E-11,6.110166533,3164.823729,9266288,0,0.52,HTI2006,0,1.0000,0.9288,,
1121,Haiti,HTI,2007,2.563975864,5.51E-11,6.612731188,3258.366337,9420826,0,0.524,HTI2007,0,1.0000,0.9277,,
1122,Haiti,HTI,2008,2.538271055,5.18E-11,5.876195084,3289.70539,9575247,0,0.528,HTI2008,0,1.0000,0.9233,,
1123,Haiti,HTI,2009,2.554222509,5.69E-11,5.992877043,3426.389123,9730638,0,0.534,HTI2009,0,1.0000,0.9250,,
1124,Haiti,HTI,2010,2.784972606,5.52E-11,6.829736375,3195.248207,9842880,0,0.452,HTI2010,0,1.0000,0.9405,,
1125,Haiti,HTI,2011,2.775512311,5.26E-11,6.742503931,3320.346806,9954312,0,0.536,HTI2011,0,1.0000,0.9383,,
1126,Haiti,HTI,2012,2.800733446,5.06E-11,7.907520423,3285.707546,10108539,0,0.54,HTI2012,0,1.0000,0.9397,,
1127,Haiti,HTI,2013,2.746375262,5.19E-11,7.546519962,3376.63982,10261206,0,0.545,HTI2013,0,1.0000,0.9419,,
1128,Haiti,HTI,2014,2.814377509,5.06E-11,8.801711419,3423.653177,10412740,0,0.549,HTI2014,0,1.0000,0.9440,,
1129,Haiti,HTI,2015,2.781017893,5.08E-11,7.40389775,3422.097486,10563757,0,0.552,HTI2015,0,1.0000,0.9488,,
1130,Haiti,HTI,2016,2.86165912,5.00E-11,7.459243501,3435.731224,10713849,0,0.555,HTI2016,0,1.0000,0.9484,,
1131,Haiti,HTI,2017,2.848578825,5.03E-11,7.981172946,3474.346929,10863543,0,0.559,HTI2017,0,1.0000,0.9534,,
1132,Haiti,HTI,2018,2.870235694,4.99E-11,8.386217108,3485.696875,11012421,0,0.561,HTI2018,0,1.0000,0.9582,,
1133,Haiti,HTI,2019,2.770658841,4.94E-11,7.087900369,3381.584787,11160438,0,0.56,HTI2019,0,1.0000,0.9643,,
1134,Haiti,HTI,2020,2.696502052,5.00E-11,4.713714433,3229.475544,11306801,0,0.555,HTI2020,0,1.0000,0.9731,,
1135,Honduras,HND,2000,3.087794111,5.65E-11,10.49388506,4579.689608,6656725,0.413282262,0.558,HND2000,0.469986111,1.0000,0.8793,,
1136,Honduras,HND,2001,3.192032622,5.41E-11,9.889772121,4578.947879,6837861,0.40895173,0.561,HND2001,0.464477301,1.0000,0.8805,,
1137,Honduras,HND,2002,3.248483643,5.45E-11,16.35729403,4627.022787,7019908,0.416783932,0.564,HND2002,0.467315406,1.0000,0.8919,,
1138,Honduras,HND,2003,3.08014888,4.93E-11,9.45033598,4714.86701,7201881,0.422866241,0.568,HND2003,0.466130465,1.0000,0.9072,,
1139,Honduras,HND,2004,3.232734007,4.99E-11,14.80627968,4885.342583,7383407,0.435867493,0.573,HND2004,0.472749144,1.0000,0.9220,,
1140,Honduras,HND,2005,3.184977487,5.03E-11,12.33871774,5056.675444,7564613,0.454209859,0.578,HND2005,0.488170266,1.0000,0.9304,,
1141,Honduras,HND,2006,3.213068068,5.00E-11,14.18407055,5263.150291,7745200,0.446198969,0.582,HND2006,0.480420738,1.0000,0.9288,,
1142,Honduras,HND,2007,3.558271857,4.80E-11,19.29555515,5461.901519,7924462,0.443908055,0.587,HND2007,0.478482068,1.0000,0.9277,,
1143,Honduras,HND,2008,3.5292971,4.77E-11,12.52689359,5566.706395,8101777,0.386756343,0.592,HND2008,0.418891907,1.0000,0.9233,,
1144,Honduras,HND,2009,3.472914039,4.85E-11,15.00591324,5313.75574,8277302,0.374194321,0.594,HND2009,0.404526263,1.0000,0.9250,,
1145,Honduras,HND,2010,3.384231143,4.67E-11,15.69226359,5396.072279,8450933,0.371276555,0.596,HND2010,0.394775301,1.0000,0.9405,,
1146,Honduras,HND,2011,3.455709463,4.57E-11,9.638303454,5488.433716,8622504,0.380642991,0.598,HND2011,0.40568319,1.0000,0.9383,,
1147,Honduras,HND,2012,3.39382427,4.47E-11,8.630612674,5600.607761,8792367,0.386723404,0.597,HND2012,0.411543131,1.0000,0.9397,,
1148,Honduras,HND,2013,3.365719104,4.53E-11,9.491693649,5644.133848,8960657,0.347747245,0.601,HND2013,0.369184375,1.0000,0.9419,,
1149,Honduras,HND,2014,3.41569619,4.48E-11,9.628689816,5705.162463,9127846,0.357026885,0.604,HND2014,0.378209978,1.0000,0.9440,,
1150,Honduras,HND,2015,3.459685309,4.39E-11,10.34922855,5812.534888,9294505,0.370620239,0.61,HND2015,0.390619308,1.0000,0.9488,,
1151,Honduras,HND,2016,3.457443314,4.32E-11,16.60416967,5926.490255,9460798,0.379622354,0.616,HND2016,0.400272518,1.0000,0.9484,,
1152,Honduras,HND,2017,3.340289115,4.18E-11,7.464401814,6099.607349,9626842,0.367635852,0.618,HND2017,0.385613889,1.0000,0.9534,,
1153,Honduras,HND,2018,3.335559862,4.22E-11,10.05522521,6219.279738,9792850,0.354179158,0.619,HND2018,0.369629204,1.0000,0.9582,,
1154,Honduras,HND,2019,3.219088871,4.16E-11,6.132919845,6264.018843,9958829,0.377935952,0.632,HND2019,0.391941398,1.0000,0.9643,,
1155,Honduras,HND,2020,2.985243935,4.16E-11,8.054124289,5603.263984,10121763,0.361169837,0.625,HND2020,0.371162444,1.0000,0.9731,,
1156,Hungary,HUN,2000,8.385468449,3.70E-12,8.431800957,22117.92043,10210971,0.640725579,0.781,HUN2000,0.72863549,1.0000,0.8793,,
1157,Hungary,HUN,2001,8.503932992,3.51E-12,8.205085469,23069.21147,10187576,0.659226187,0.791,HUN2001,0.748732865,1.0000,0.8805,,
1158,Hungary,HUN,2002,9.107985454,3.70E-12,9.6131981,24229.29536,10158608,0.706557461,0.8,HUN2002,0.792221487,1.0000,0.8919,,
1159,Hungary,HUN,2003,9.657159179,3.76E-12,8.972590233,25255.87113,10129552,0.685071059,0.807,HUN2003,0.755161941,1.0000,0.9072,,
1160,Hungary,HUN,2004,9.901973392,3.83E-12,11.2188739,26568.11886,10107146,0.672649682,0.811,HUN2004,0.729567051,1.0000,0.9220,,
1161,Hungary,HUN,2005,10.06411448,3.66E-12,10.30054502,27765.78861,10087065,0.696440054,0.816,HUN2005,0.748511553,1.0000,0.9304,,
1162,Hungary,HUN,2006,9.949057131,3.73E-12,11.48938135,28903.04754,10071370,0.677819686,0.823,HUN2006,0.729805887,1.0000,0.9288,,
1163,Hungary,HUN,2007,9.718028991,3.91E-12,12.65481798,29044.0669,10055780,0.665426696,0.826,HUN2007,0.717253804,1.0000,0.9277,,
1164,Hungary,HUN,2008,9.514476946,3.78E-12,12.348506,29384.00704,10038188,0.65027488,0.833,HUN2008,0.704306185,1.0000,0.9233,,
1165,Hungary,HUN,2009,8.642485582,3.42E-12,10.45233344,27445.95946,10022650,0.639072611,0.834,HUN2009,0.690875411,1.0000,0.9250,,
1166,Hungary,HUN,2010,8.715875836,3.77E-12,10.48917418,27801.83382,10000023,0.638266708,0.838,HUN2010,0.678663731,1.0000,0.9405,,
1167,Hungary,HUN,2011,8.520405615,3.56E-12,8.197432981,28415.11734,9971727,0.630051277,0.841,HUN2011,0.671498537,1.0000,0.9383,,
1168,Hungary,HUN,2012,8.041602621,3.19E-12,6.931354617,28179.65646,9920362,0.603833885,0.841,HUN2012,0.642587662,1.0000,0.9397,,
1169,Hungary,HUN,2013,7.967878308,3.07E-12,6.68508431,28891.02175,9893082,0.585755308,0.85,HUN2013,0.621864617,1.0000,0.9419,,
1170,Hungary,HUN,2014,8.050467555,4.60E-12,7.614810668,30264.94923,9866468,0.585265649,0.848,HUN2014,0.619990587,1.0000,0.9440,,
1171,Hungary,HUN,2015,8.116519648,3.56E-12,7.050314725,31485.56754,9843028,0.586858973,0.847,HUN2015,0.618526518,1.0000,0.9488,,
1172,Hungary,HUN,2016,8.256236873,3.31E-12,6.993119636,32378.9675,9814023,0.572405476,0.851,HUN2016,0.603542387,1.0000,0.9484,,
1173,Hungary,HUN,2017,8.547226066,3.41E-12,8.206185159,33828.71494,9787966,0.588064502,0.853,HUN2017,0.616821885,1.0000,0.9534,,
1174,Hungary,HUN,2018,8.798587291,3.73E-12,9.482326775,35798.04128,9775564,0.591460128,0.857,HUN2018,0.617260873,1.0000,0.9582,,
1175,Hungary,HUN,2019,9.181813775,3.65E-12,9.856696104,37662.67681,9771141,0.61779155,0.861,HUN2019,0.640685499,1.0000,0.9643,,
1176,Hungary,HUN,2020,8.924143391,3.37E-12,8.213138073,36119.52117,9750149,0.602988323,0.857,HUN2020,0.619671404,1.0000,0.9731,,
1177,Iceland,ISL,2000,20.61497381,1.36E-11,32.90446305,47771.21278,281205,0.812885847,0.902,ISL2000,0.92441678,1.0000,0.8793,,
1178,Iceland,ISL,2001,18.2251051,1.04E-11,23.47750896,49032.37289,284968,0.817403962,0.91,ISL2001,0.928387284,1.0000,0.8805,,
1179,Iceland,ISL,2002,17.98509356,1.04E-11,24.75692429,48868.56677,287523,0.844834545,0.917,ISL2002,0.947263479,1.0000,0.8919,,
1180,Iceland,ISL,2003,20.56267973,1.11E-11,29.01051495,49571.19716,289521,0.819729174,0.925,ISL2003,0.903597176,1.0000,0.9072,,
1181,Iceland,ISL,2004,21.43641522,1.25E-11,33.0382756,52971.83365,292074,0.839471706,0.928,ISL2004,0.910504997,1.0000,0.9220,,
1182,Iceland,ISL,2005,26.91874899,1.68E-11,48.82571621,55333.22738,296734,0.802967774,0.935,ISL2005,0.863004148,1.0000,0.9304,,
1183,Iceland,ISL,2006,24.9877651,1.50E-11,49.63136091,57463.74954,303782,0.769450456,0.936,ISL2006,0.828464389,1.0000,0.9288,,
1184,Iceland,ISL,2007,24.34207507,1.45E-11,58.15523943,60765.2036,311566,0.807998674,0.941,ISL2007,0.870930076,1.0000,0.9277,,
1185,Iceland,ISL,2008,19.10500662,1.01E-11,38.68671181,60963.54128,317414,0.826382787,0.935,ISL2008,0.89504689,1.0000,0.9233,,
1186,Iceland,ISL,2009,15.19720338,7.25E-12,25.47550165,56099.64905,318499,0.787127385,0.934,ISL2009,0.850931406,1.0000,0.9250,,
1187,Iceland,ISL,2010,15.48062534,7.37E-12,27.97189757,54588.97093,318041,0.83806815,0.935,ISL2010,0.891110957,1.0000,0.9405,,
1188,Iceland,ISL,2011,16.1261695,8.04E-12,31.0830009,55426.99198,319014,0.863828208,0.941,ISL2011,0.920654237,1.0000,0.9383,,
1189,Iceland,ISL,2012,15.92663613,7.56E-12,22.14332511,55719.26096,320716,0.855301936,0.946,ISL2012,0.910194814,1.0000,0.9397,,
1190,Iceland,ISL,2013,16.063033,7.89E-12,25.18440707,57707.42212,323764,0.811065984,0.95,ISL2013,0.861064732,1.0000,0.9419,,
1191,Iceland,ISL,2014,16.14247752,7.64E-12,21.95929687,58031.85868,327386,0.820705283,0.954,ISL2014,0.869399309,1.0000,0.9440,,
1192,Iceland,ISL,2015,16.27643674,7.02E-12,21.30103592,59978.33157,330815,0.850716253,0.956,ISL2015,0.896621823,1.0000,0.9488,,
1193,Iceland,ISL,2016,16.55733583,8.05E-12,24.72321615,62880.26272,335439,0.816495594,0.959,ISL2016,0.860910177,1.0000,0.9484,,
1194,Iceland,ISL,2017,17.74525427,9.22E-12,29.28876994,63999.16047,343400,0.801034003,0.962,ISL2017,0.840205967,1.0000,0.9534,,
1195,Iceland,ISL,2018,17.68245547,9.48E-12,28.41689845,65354.26157,352721,0.788667361,0.966,ISL2018,0.823070705,1.0000,0.9582,,
1196,Iceland,ISL,2019,16.58350381,8.50E-12,26.46430488,65122.75495,360563,0.865132057,0.969,ISL2019,0.897191882,1.0000,0.9643,,
1197,Iceland,ISL,2020,13.98712722,6.64E-12,18.59975085,59627.24234,366463,0.846392615,0.965,ISL2020,0.869810045,1.0000,0.9731,,
1198,India,IND,2000,2.3998651,5.59E-12,70.88937269,3099.502822,1059633675,0.266992014,0.501,IND2000,0.303624302,1.0000,0.8793,,
1199,India,IND,2001,2.432191072,5.62E-12,69.2965917,3188.81024,1078970907,0.265772002,0.511,IND2001,0.301857293,1.0000,0.8805,,
1200,India,IND,2002,2.363269866,5.40E-12,64.53613669,3250.695655,1098313039,0.270391305,0.516,IND2002,0.303173929,1.0000,0.8919,,
1201,India,IND,2003,2.345511914,5.49E-12,68.01906708,3445.925924,1117415123,0.27943734,0.529,IND2003,0.308027089,1.0000,0.9072,,
1202,India,IND,2004,2.382712205,5.37E-12,62.70710713,3656.126207,1136264583,0.294931244,0.538,IND2004,0.31988734,1.0000,0.9220,,
1203,India,IND,2005,2.39329579,5.32E-12,63.06562265,3881.96618,1154638713,0.320589698,0.547,IND2005,0.34455958,1.0000,0.9304,,
1204,India,IND,2006,2.472963152,5.30E-12,65.41287788,4129.77837,1172373788,0.338908265,0.557,IND2006,0.364901245,1.0000,0.9288,,
1205,India,IND,2007,2.579113652,5.40E-12,70.00085145,4379.696044,1189691809,0.351371555,0.566,IND2007,0.378738314,1.0000,0.9277,,
1206,India,IND,2008,2.590312901,5.27E-12,68.77159511,4450.390229,1206734806,0.340614402,0.574,IND2008,0.368916035,1.0000,0.9233,,
1207,India,IND,2009,2.711265085,5.11E-12,67.93406449,4731.361605,1223640160,0.332146793,0.579,IND2009,0.35907039,1.0000,0.9250,,
1208,India,IND,2010,2.783800224,5.31E-12,72.82096545,5059.282711,1240613620,0.355199321,0.59,IND2010,0.37768051,1.0000,0.9405,,
1209,India,IND,2011,2.805789358,5.34E-12,70.12034748,5249.549257,1257621191,0.359999189,0.603,IND2011,0.383681357,1.0000,0.9383,,
1210,India,IND,2012,2.882592834,5.15E-12,69.11653945,5460.437686,1274487215,0.374967279,0.609,IND2012,0.399032503,1.0000,0.9397,,
1211,India,IND,2013,2.815568202,5.05E-12,66.10882479,5732.241891,1291132063,0.35832434,0.615,IND2013,0.380413502,1.0000,0.9419,,
1212,India,IND,2014,2.93501978,5.21E-12,65.28700836,6079.843935,1307246509,0.364522901,0.625,IND2014,0.386150748,1.0000,0.9440,,
1213,India,IND,2015,3.002559852,5.12E-12,68.94041468,6488.146029,1322866505,0.373994614,0.633,IND2015,0.394175768,1.0000,0.9488,,
1214,India,IND,2016,3.024908913,5.17E-12,68.08779575,6940.625889,1338636340,0.381546735,0.644,IND2016,0.40230158,1.0000,0.9484,,
1215,India,IND,2017,3.135973948,5.21E-12,66.45881177,7326.606937,1354195680,0.385949518,0.649,IND2017,0.404823124,1.0000,0.9534,,
1216,India,IND,2018,3.195310015,5.05E-12,65.52060319,7714.339747,1369003306,0.404598815,0.648,IND2018,0.422248274,1.0000,0.9582,,
1217,India,IND,2019,3.176884818,5.05E-12,66.36118362,7930.09113,1383112050,0.390042666,0.651,IND2019,0.404496759,1.0000,0.9643,,
1218,India,IND,2020,3.013220964,5.17E-12,69.68057309,7399.530681,1396387127,0.365116327,0.652,IND2020,0.375218123,1.0000,0.9731,,
1219,Indonesia,IDN,2000,3.437688321,2.62E-11,4.790676797,6056.381978,214072421,0.370421278,0.6,IDN2000,0.421244442,1.0000,0.8793,,
1220,Indonesia,IDN,2001,3.528996086,2.59E-11,4.873197281,6190.51954,217112437,0.365318142,0.608,IDN2001,0.414919347,1.0000,0.8805,,
1221,Indonesia,IDN,2002,3.603434193,2.55E-11,5.295305332,6381.949552,220115092,0.362137285,0.617,IDN2002,0.406043321,1.0000,0.8919,,
1222,Indonesia,IDN,2003,4.052941634,2.79E-11,29.22908451,6599.091936,223080121,0.349807862,0.625,IDN2003,0.385597348,1.0000,0.9072,,
1223,Indonesia,IDN,2004,3.980629909,2.70E-11,16.29483822,6843.54655,225938595,0.364956256,0.624,IDN2004,0.395837635,1.0000,0.9220,,
1224,Indonesia,IDN,2005,3.968098473,2.58E-11,10.76807178,7140.854564,228805144,0.3778875,0.638,IDN2005,0.40614143,1.0000,0.9304,,
1225,Indonesia,IDN,2006,3.9358325,2.56E-11,6.685917998,7434.487854,231797427,0.384321523,0.646,IDN2006,0.413797528,1.0000,0.9288,,
1226,Indonesia,IDN,2007,4.052908413,2.58E-11,7.692146784,7802.464069,234858289,0.377632955,0.649,IDN2007,0.407045096,1.0000,0.9277,,
1227,Indonesia,IDN,2008,4.157153242,2.64E-11,7.622281974,8165.061551,237936543,0.391307795,0.653,IDN2008,0.423821539,1.0000,0.9233,,
1228,Indonesia,IDN,2009,4.141298987,2.69E-11,7.696282316,8435.455747,240981299,0.373136576,0.663,IDN2009,0.403382778,1.0000,0.9250,,
1229,Indonesia,IDN,2010,4.306536332,2.70E-11,9.570064189,8848.224737,244016173,0.377332895,0.67,IDN2010,0.401214957,1.0000,0.9405,,
1230,Indonesia,IDN,2011,4.486378594,2.65E-11,10.91829864,9274.969552,247099697,0.423126145,0.678,IDN2011,0.450961053,1.0000,0.9383,,
1231,Indonesia,IDN,2012,4.560305224,2.59E-11,10.69253659,9708.611825,250222695,0.441514495,0.686,IDN2012,0.469850689,1.0000,0.9397,,
1232,Indonesia,IDN,2013,4.392873493,2.58E-11,11.95462309,10121.81415,253275918,0.441980398,0.69,IDN2013,0.469226599,1.0000,0.9419,,
1233,Indonesia,IDN,2014,4.45231025,2.54E-11,11.46802128,10504.38694,256229761,0.434622783,0.693,IDN2014,0.46040979,1.0000,0.9440,,
1234,Indonesia,IDN,2015,4.358822562,2.48E-11,11.92543643,10893.66211,259091970,0.41662612,0.701,IDN2015,0.439107716,1.0000,0.9488,,
1235,Indonesia,IDN,2016,4.261930972,2.50E-11,9.026505166,11319.66343,261850182,0.413424045,0.705,IDN2016,0.435912907,1.0000,0.9484,,
1236,Indonesia,IDN,2017,4.359015187,2.53E-11,9.824198386,11772.57433,264498852,0.415562845,0.712,IDN2017,0.435884595,1.0000,0.9534,,
1237,Indonesia,IDN,2018,4.569971473,2.48E-11,9.984825234,12262.23103,267066843,0.435321514,0.715,IDN2018,0.454311162,1.0000,0.9582,,
1238,Indonesia,IDN,2019,4.622833447,2.51E-11,9.639103036,12757.78509,269582878,0.43906697,0.714,IDN2019,0.455337793,1.0000,0.9643,,
1239,Indonesia,IDN,2020,4.391213394,2.56E-11,10.96472529,12388.54493,271857970,0.421399469,0.71,IDN2020,0.43305847,1.0000,0.9731,,
1240,Iran,IRN,2000,7.190501257,9.91E-12,238.6399484,NA,65544383,0.673763857,0.71,IRN2000,0.766206741,1.0000,0.8793,,
1241,Iran,IRN,2001,7.315671568,9.99E-12,254.4718784,NA,66674851,0.735485839,0.719,IRN2001,0.835346699,1.0000,0.8805,,
1242,Iran,IRN,2002,7.655916746,1.06E-11,306.3276401,NA,67327117,0.82451193,0.727,IRN2002,0.924476922,1.0000,0.8919,,
1243,Iran,IRN,2003,8.439279427,1.11E-11,280.0850046,NA,67954699,0.877927675,0.732,IRN2003,0.967750072,1.0000,0.9072,,
1244,Iran,IRN,2004,8.956850938,1.03E-11,312.8610301,NA,69061674,0.941501739,0.741,IRN2004,1.02116847,1.0000,0.9220,,
1245,Iran,IRN,2005,8.717762841,8.08E-12,300.0301737,NA,70182594,1.054560137,0.746,IRN2005,1.133407593,1.0000,0.9304,,
1246,Iran,IRN,2006,9.262360258,8.11E-12,307.1362062,NA,71275760,1.081835917,0.757,IRN2006,1.164808631,1.0000,0.9288,,
1247,Iran,IRN,2007,9.696743119,7.91E-12,329.6627817,NA,72319418,1.18271846,0.761,IRN2007,1.27483511,1.0000,0.9277,,
1248,Iran,IRN,2008,9.526380283,7.57E-12,290.8446656,NA,73318394,1.159192821,0.765,IRN2008,1.255510092,1.0000,0.9233,,
1249,Iran,IRN,2009,9.99281876,8.09E-12,326.5025624,NA,74322685,1.190917703,0.771,IRN2009,1.287452698,1.0000,0.9250,,
1250,Iran,IRN,2010,9.887676122,7.66E-12,316.8441065,NA,75373855,1.234923973,0.778,IRN2010,1.313084483,1.0000,0.9405,,
1251,Iran,IRN,2011,9.845137937,7.53E-12,299.5623272,NA,76342971,1.27382704,0.787,IRN2011,1.357624412,1.0000,0.9383,,
1252,Iran,IRN,2012,10.26520633,8.16E-12,285.0149088,NA,77324451,1.080586566,0.795,IRN2012,1.149938107,1.0000,0.9397,,
1253,Iran,IRN,2013,10.07033089,8.19E-12,257.2954068,NA,78458928,0.997546547,0.794,IRN2013,1.059041023,1.0000,0.9419,,
1254,Iran,IRN,2014,9.95445265,7.20E-12,233.8799589,NA,79961672,0.953184078,0.795,IRN2014,1.009738326,1.0000,0.9440,,
1255,Iran,IRN,2015,9.941836742,6.92E-12,238.6819057,NA,81790841,0.785642035,0.788,IRN2015,0.828036129,1.0000,0.9488,,
1256,Iran,IRN,2016,9.87329505,7.01E-12,231.0005531,NA,83306231,0.854344779,0.791,IRN2016,0.900818229,1.0000,0.9484,,
1257,Iran,IRN,2017,10.34965859,7.06E-12,223.0261554,NA,84505076,0.827926854,0.793,IRN2017,0.868413925,1.0000,0.9534,,
1258,Iran,IRN,2018,10.12588744,7.29E-12,200.84549,NA,85617562,0.775771248,0.79,IRN2018,0.809612036,1.0000,0.9582,,
1259,Iran,IRN,2019,10.29408355,7.63E-12,231.5430258,NA,86564202,0.752510263,0.787,IRN2019,0.780396581,1.0000,0.9643,,
1260,Iran,IRN,2020,10.66565972,7.66E-12,237.9428451,NA,87290193,0.894002736,0.775,IRN2020,0.918737411,1.0000,0.9731,,
1261,Iraq,IRQ,2000,3.037690588,3.65E-12,107.723016,12702.1642,24628858,0.770424856,0.592,IRQ2000,0.876129985,1.0000,0.8793,,
1262,Iraq,IRQ,2001,4.212220655,4.42E-12,124.5361911,12529.60841,25425663,0.703546965,0.598,IRQ2001,0.799071312,1.0000,0.8805,,
1263,Iraq,IRQ,2002,3.427196261,3.61E-12,111.7878797,11144.05053,26255343,0.612864568,0.6,IRQ2002,0.687169135,1.0000,0.8919,,
1264,Iraq,IRQ,2003,3.732535431,6.48E-12,110.0081607,6849.332008,27068823,0.349993005,0.582,IRQ2003,0.385801435,1.0000,0.9072,,
1265,Iraq,IRQ,2004,4.772154738,5.96E-12,146.866352,10210.5631,27858948,0.486950818,0.604,IRQ2004,0.528154969,1.0000,0.9220,,
1266,Iraq,IRQ,2005,5.455467913,7.03E-12,191.0163464,10078.44376,28698684,0.476460387,0.609,IRQ2005,0.512084424,1.0000,0.9304,,
1267,Iraq,IRQ,2006,4.592734956,3.94E-12,152.1769593,10568.91377,28905607,0.465859797,0.611,IRQ2006,0.501589477,1.0000,0.9288,,
1268,Iraq,IRQ,2007,4.455358548,4.88E-12,189.2786157,10853.8161,28660887,0.506840876,0.618,IRQ2007,0.546316445,1.0000,0.9277,,
1269,Iraq,IRQ,2008,5.058773291,4.21E-12,146.1148346,11511.93876,29218381,0.535880117,0.634,IRQ2008,0.580406368,1.0000,0.9233,,
1270,Iraq,IRQ,2009,6.028419143,6.15E-12,170.9799412,11470.51781,30289040,0.51952604,0.644,IRQ2009,0.561638474,1.0000,0.9250,,
1271,Iraq,IRQ,2010,6.049055121,3.75E-12,149.2009061,11816.84102,31264875,0.589668674,0.65,IRQ2010,0.626989841,1.0000,0.9405,,
1272,Iraq,IRQ,2011,6.223265844,3.34E-12,158.1057165,12267.58489,32378061,0.689482555,0.656,IRQ2011,0.734839439,1.0000,0.9383,,
1273,Iraq,IRQ,2012,6.736446787,4.14E-12,158.6736801,13357.01439,33864447,0.79285504,0.664,IRQ2012,0.843740106,1.0000,0.9397,,
1274,Iraq,IRQ,2013,6.468080897,3.52E-12,147.0207344,13712.93171,35481800,0.784369295,0.668,IRQ2013,0.832722306,1.0000,0.9419,,
1275,Iraq,IRQ,2014,6.524636171,3.69E-12,142.1752897,13536.82277,36746488,0.656791317,0.671,IRQ2014,0.695760012,1.0000,0.9440,,
1276,Iraq,IRQ,2015,6.250445967,3.49E-12,108.1737611,13516.0272,37757813,0.562066823,0.675,IRQ2015,0.592396557,1.0000,0.9488,,
1277,Iraq,IRQ,2016,6.667998459,3.89E-12,144.6968929,15016.09206,38697943,0.583768779,0.676,IRQ2016,0.615523815,1.0000,0.9484,,
1278,Iraq,IRQ,2017,6.707236853,3.93E-12,160.531135,14417.63069,39621162,0.60802137,0.681,IRQ2017,0.637754679,1.0000,0.9534,,
1279,Iraq,IRQ,2018,6.789792288,4.25E-12,143.4972705,14456.23571,40590700,0.708443472,0.689,IRQ2018,0.739347279,1.0000,0.9582,,
1280,Iraq,IRQ,2019,7.1292953,4.70E-12,162.1972277,14910.22503,41563520,0.733253574,0.693,IRQ2019,0.760426283,1.0000,0.9643,,
1281,Iraq,IRQ,2020,6.302774158,4.11E-12,151.8144176,12827.63454,42556984,0.597829982,0.68,IRQ2020,0.614370346,1.0000,0.9731,,
1282,Ireland,IRL,2000,17.35689581,7.93E-12,18.4929784,53744.5427,3805174,1.103514574,0.869,IRL2000,1.25492084,1.0000,0.8793,,
1283,Ireland,IRL,2001,17.227747,7.60E-12,19.07505216,55702.17167,3866243,1.150789238,0.876,IRL2001,1.307038069,1.0000,0.8805,,
1284,Ireland,IRL,2002,17.30208828,7.77E-12,21.65499163,58002.53581,3931947,1.243987089,0.883,IRL2002,1.394809842,1.0000,0.8919,,
1285,Ireland,IRL,2003,17.79785683,7.85E-12,20.9289166,58785.21412,3996521,1.295700864,0.891,IRL2003,1.428266406,1.0000,0.9072,,
1286,Ireland,IRL,2004,18.31780234,8.45E-12,25.61962641,61638.32896,4070262,1.287062135,0.899,IRL2004,1.395969033,1.0000,0.9220,,
1287,Ireland,IRL,2005,18.85403622,8.57E-12,27.30030162,63771.59551,4159914,1.320747807,0.905,IRL2005,1.419497609,1.0000,0.9304,,
1288,Ireland,IRL,2006,19.65743092,9.42E-12,32.35970638,65171.50361,4273591,1.186555341,0.908,IRL2006,1.277559638,1.0000,0.9288,,
1289,Ireland,IRL,2007,19.61552025,8.91E-12,31.72893914,66676.46326,4398942,1.148940382,0.911,IRL2007,1.238426208,1.0000,0.9277,,
1290,Ireland,IRL,2008,18.79462455,8.86E-12,40.98126822,62401.4052,4489544,1.073385,0.907,IRL2008,1.162572503,1.0000,0.9233,,
1291,Ireland,IRL,2009,16.61320106,7.93E-12,28.51083167,58623.11831,4535375,1.113895967,0.907,IRL2009,1.204187632,1.0000,0.9250,,
1292,Ireland,IRL,2010,16.02581255,6.67E-12,26.45036616,59285.80833,4560155,1.037422259,0.915,IRL2010,1.103082538,1.0000,0.9405,,
1293,Ireland,IRL,2011,14.9162169,6.80E-12,46.08836602,60001.07784,4580084,1.044828899,0.909,IRL2011,1.113561869,1.0000,0.9383,,
1294,Ireland,IRL,2012,14.09458604,6.02E-12,45.63313687,59508.99655,4599533,1.024713838,0.911,IRL2012,1.090479493,1.0000,0.9397,,
1295,Ireland,IRL,2013,13.82644842,5.55E-12,31.09396936,60494.16275,4623816,0.951214353,0.915,IRL2013,1.009852648,1.0000,0.9419,,
1296,Ireland,IRL,2014,14.14588911,6.39E-12,51.54089307,65660.18276,4657740,0.973515553,0.921,IRL2014,1.031276107,1.0000,0.9440,,
1297,Ireland,IRL,2015,14.82279141,6.41E-12,40.3757003,81053.35278,4701957,1.136775614,0.931,IRL2015,1.198117256,1.0000,0.9488,,
1298,Ireland,IRL,2016,17.15638921,7.64E-12,45.28309172,80997.58278,4755335,1.030219523,0.936,IRL2016,1.086259961,1.0000,0.9484,,
1299,Ireland,IRL,2017,16.43181709,7.91E-12,46.55462268,87942.44526,4807388,0.984352956,0.941,IRL2017,1.032489538,1.0000,0.9534,,
1300,Ireland,IRL,2018,16.29798739,8.11E-12,60.30573506,93214.33538,4867316,0.977806264,0.944,IRL2018,1.020460248,1.0000,0.9582,,
1301,Ireland,IRL,2019,20.26495783,1.02E-11,67.65564607,96369.64458,4934340,0.910292161,0.947,IRL2019,0.944025517,1.0000,0.9643,,
1302,Ireland,IRL,2020,18.28462269,8.35E-12,39.62169386,101970.8126,4985382,0.943887673,0.948,IRL2020,0.970002532,1.0000,0.9731,,
1303,Israel,ISR,2000,16.75392109,8.82E-12,79.87350255,33275.06317,6289000,0.727873556,0.839,ISR2000,0.82774049,1.0000,0.8793,,
1304,Israel,ISR,2001,16.29941795,9.14E-12,73.13784797,32590.22862,6439000,0.748402033,0.841,ISR2001,0.850016594,1.0000,0.8805,,
1305,Israel,ISR,2002,15.71201579,9.02E-12,75.73199779,31897.58488,6570000,0.739131749,0.846,ISR2002,0.828745127,1.0000,0.8919,,
1306,Israel,ISR,2003,15.31541731,7.92E-12,77.63990963,31780.77961,6689700,0.721454808,0.847,ISR2003,0.795268178,1.0000,0.9072,,
1307,Israel,ISR,2004,14.91958367,8.31E-12,71.81139886,32675.20806,6809000,0.717063583,0.85,ISR2004,0.777739108,1.0000,0.9220,,
1308,Israel,ISR,2005,14.5767395,7.94E-12,64.82414921,33512.89092,6930100,0.714696986,0.858,ISR2005,0.768133521,1.0000,0.9304,,
1309,Israel,ISR,2006,14.78419224,8.39E-12,66.72294831,34770.02628,7053700,0.710496399,0.867,ISR2006,0.76498878,1.0000,0.9288,,
1310,Israel,ISR,2007,15.11983513,8.19E-12,66.72754605,36317.85251,7180100,0.69298433,0.878,ISR2007,0.746957779,1.0000,0.9277,,
1311,Israel,ISR,2008,15.22893568,1.01E-11,65.54374361,36827.92492,7308800,0.661273142,0.878,ISR2008,0.716218293,1.0000,0.9233,,
1312,Israel,ISR,2009,13.93132192,8.62E-12,55.74579879,36403.16264,7485600,0.688383402,0.884,ISR2009,0.744183302,1.0000,0.9250,,
1313,Israel,ISR,2010,14.9672103,9.10E-12,57.11554942,37722.40999,7623600,0.696298135,0.889,ISR2010,0.740368068,1.0000,0.9405,,
1314,Israel,ISR,2011,15.36287521,9.88E-12,53.71075825,39075.37538,7765800,0.700234203,0.892,ISR2011,0.746298373,1.0000,0.9383,,
1315,Israel,ISR,2012,15.53468497,9.57E-12,48.11943014,39299.35155,7910500,0.707735707,0.893,ISR2012,0.753157854,1.0000,0.9397,,
1316,Israel,ISR,2013,14.56070776,9.56E-12,46.09656181,40148.77745,8059500,0.654924261,0.899,ISR2013,0.695297539,1.0000,0.9419,,
1317,Israel,ISR,2014,14.11944778,8.38E-12,42.19871874,40872.58084,8215700,0.657328885,0.902,ISR2014,0.696329474,1.0000,0.9440,,
1318,Israel,ISR,2015,14.02355203,7.88E-12,41.32552419,40967.37076,8380100,0.69196818,0.902,ISR2015,0.729307532,1.0000,0.9488,,
1319,Israel,ISR,2016,14.28727089,8.22E-12,39.52791865,41963.6758,8546000,0.708808127,0.905,ISR2016,0.747364879,1.0000,0.9484,,
1320,Israel,ISR,2017,14.29132074,8.36E-12,43.90885985,42947.05867,8713300,0.712110318,0.908,ISR2017,0.746933758,1.0000,0.9534,,
1321,Israel,ISR,2018,14.32264037,8.81E-12,47.04060529,43814.295,8882800,0.680901867,0.911,ISR2018,0.71060425,1.0000,0.9582,,
1322,Israel,ISR,2019,14.11694404,9.51E-12,52.97594358,44580.80788,9054000,0.684511069,0.913,ISR2019,0.709877491,1.0000,0.9643,,
1323,Israel,ISR,2020,12.65454078,7.29E-12,43.29589128,42915.94169,9215100,0.718205206,0.912,ISR2020,0.738076031,1.0000,0.9731,,
1324,Italy,ITA,2000,13.85306075,2.21E-11,46.48398511,50353.42004,56942108,0.886308447,0.849,ITA2000,1.007913232,1.0000,0.8793,,
1325,Italy,ITA,2001,13.53545153,2.06E-11,44.94263927,51332.29044,56974100,0.916265326,0.856,ITA2001,1.040671587,1.0000,0.8805,,
1326,Italy,ITA,2002,14.16060742,1.94E-11,44.60211721,51369.11491,57059007,0.897823094,0.862,ITA2002,1.006676435,1.0000,0.8919,,
1327,Italy,ITA,2003,14.70140846,1.93E-11,45.67555154,51126.25855,57313203,0.880003568,0.866,ITA2003,0.970038354,1.0000,0.9072,,
1328,Italy,ITA,2004,14.66753235,1.88E-11,50.23811278,51495.00288,57685327,0.860613334,0.874,ITA2004,0.933435559,1.0000,0.9220,,
1329,Italy,ITA,2005,14.75696548,1.81E-11,50.67588447,51585.64458,57969484,0.84987028,0.876,ITA2005,0.913413465,1.0000,0.9304,,
1330,Italy,ITA,2006,14.82629343,1.84E-11,54.49107164,52304.24029,58143979,0.829626447,0.881,ITA2006,0.893255651,1.0000,0.9288,,
1331,Italy,ITA,2007,14.8390761,1.81E-11,51.10014724,52747.19055,58438310,0.832829907,0.885,ITA2007,0.897695303,1.0000,0.9277,,
1332,Italy,ITA,2008,14.3763307,1.82E-11,55.16997881,51806.39062,58826731,0.812308619,0.885,ITA2008,0.8798033,1.0000,0.9233,,
1333,Italy,ITA,2009,12.93176292,1.64E-11,41.36345705,48774.39168,59095365,0.781124077,0.884,ITA2009,0.844441473,1.0000,0.9250,,
1334,Italy,ITA,2010,13.18458411,1.63E-11,42.34693751,49301.69591,59277417,0.785543679,0.887,ITA2010,0.83526212,1.0000,0.9405,,
1335,Italy,ITA,2011,12.86675587,1.62E-11,43.54108358,49473.01492,59379449,0.765732126,0.89,ITA2011,0.816105008,1.0000,0.9383,,
1336,Italy,ITA,2012,11.82311619,1.51E-11,34.77195134,47795.95794,59539717,0.74787916,0.887,ITA2012,0.795877695,1.0000,0.9397,,
1337,Italy,ITA,2013,11.16596607,1.47E-11,36.32741182,46833.36153,60233948,0.715008275,0.887,ITA2013,0.759085476,1.0000,0.9419,,
1338,Italy,ITA,2014,10.64393068,1.40E-11,32.00498781,46825.65112,60789140,0.717887135,0.89,ITA2014,0.760480762,1.0000,0.9440,,
1339,Italy,ITA,2015,10.64600928,1.32E-11,30.84930874,47311.82553,60730582,0.715067925,0.889,ITA2015,0.753653765,1.0000,0.9488,,
1340,Italy,ITA,2016,10.647945,1.33E-11,28.93782857,47987.83796,60627498,0.721381842,0.894,ITA2016,0.760622561,1.0000,0.9484,,
1341,Italy,ITA,2017,10.75747788,1.33E-11,32.42271039,48849.21835,60536709,0.730885096,0.897,ITA2017,0.766626656,1.0000,0.9534,,
1342,Italy,ITA,2018,10.89141859,1.37E-11,37.57524147,49133.14353,60421760,0.728706965,0.902,ITA2018,0.760494709,1.0000,0.9582,,
1343,Italy,ITA,2019,10.65945277,1.34E-11,34.80602857,49690.62985,59729081,0.762894401,0.906,ITA2019,0.791165531,1.0000,0.9643,,
1344,Italy,ITA,2020,9.849425677,1.29E-11,29.50125935,45505.06887,59438851,0.75344452,0.899,ITA2020,0.774290323,1.0000,0.9731,,
1345,Jamaica,JAM,2000,6.361940165,5.04E-11,11.00593583,9518.231763,2612205,0.422802228,0.659,JAM2000,0.480812252,1.0000,0.8793,,
1346,Jamaica,JAM,2001,6.226815213,4.96E-11,12.22746465,9585.31492,2625405,0.404602118,0.668,JAM2001,0.459537119,1.0000,0.8805,,
1347,Jamaica,JAM,2002,6.387484713,5.22E-11,12.6633811,9716.895557,2638244,0.372782078,0.672,JAM2002,0.417978704,1.0000,0.8919,,
1348,Jamaica,JAM,2003,6.104622017,4.32E-11,11.7647692,10012.28705,2651027,0.392056411,0.668,JAM2003,0.432168424,1.0000,0.9072,,
1349,Jamaica,JAM,2004,5.743762412,4.90E-11,12.45629684,10085.59085,2664024,0.384002769,0.684,JAM2004,0.4164958,1.0000,0.9220,,
1350,Jamaica,JAM,2005,5.736124176,4.89E-11,12.49489559,10119.53379,2676863,0.378236138,0.687,JAM2005,0.406516135,1.0000,0.9304,,
1351,Jamaica,JAM,2006,5.674685862,5.16E-11,10.88996749,10359.31605,2689660,0.36409933,0.696,JAM2006,0.392024368,1.0000,0.9288,,
1352,Jamaica,JAM,2007,5.615519461,4.72E-11,10.448843,10457.97203,2701221,0.359611971,0.704,JAM2007,0.387620538,1.0000,0.9277,,
1353,Jamaica,JAM,2008,5.360672686,4.91E-11,13.31691663,10328.0398,2711373,0.326506004,0.711,JAM2008,0.353635371,1.0000,0.9233,,
1354,Jamaica,JAM,2009,4.709369179,5.08E-11,11.70041137,9838.251078,2722401,0.32866604,0.711,JAM2009,0.35530749,1.0000,0.9250,,
1355,Jamaica,JAM,2010,4.70135952,5.24E-11,18.26696008,9654.072384,2733896,0.324019594,0.708,JAM2010,0.344527364,1.0000,0.9405,,
1356,Jamaica,JAM,2011,4.905340312,5.17E-11,13.30772855,9778.694536,2746169,0.322347199,0.711,JAM2011,0.34355247,1.0000,0.9383,,
1357,Jamaica,JAM,2012,4.742720358,5.25E-11,13.27276443,9676.847571,2759817,0.338560082,0.711,JAM2012,0.360288709,1.0000,0.9397,,
1358,Jamaica,JAM,2013,4.559893285,5.07E-11,12.09734076,9687.608304,2773129,0.354443327,0.711,JAM2013,0.376293242,1.0000,0.9419,,
1359,Jamaica,JAM,2014,4.652738511,5.29E-11,11.49448624,9719.303899,2784543,0.356604044,0.712,JAM2014,0.377762049,1.0000,0.9440,,
1360,Jamaica,JAM,2015,4.428918667,5.27E-11,10.42403021,9778.118542,2794445,0.361828172,0.713,JAM2015,0.381352812,1.0000,0.9488,,
1361,Jamaica,JAM,2016,4.471490474,5.23E-11,12.99013691,9886.551393,2802695,0.364592144,0.714,JAM2016,0.384424716,1.0000,0.9484,,
1362,Jamaica,JAM,2017,4.533035583,5.28E-11,10.97445407,9964.391023,2808376,0.364664319,0.715,JAM2017,0.382497042,1.0000,0.9534,,
1363,Jamaica,JAM,2018,4.757953608,5.25E-11,13.31884485,10137.11105,2811835,0.360219169,0.715,JAM2018,0.375932693,1.0000,0.9582,,
1364,Jamaica,JAM,2019,4.88454531,5.30E-11,10.82477268,10216.06554,2813773,0.353129788,0.716,JAM2019,0.366215974,1.0000,0.9643,,
1365,Jamaica,JAM,2020,4.726026557,6.01E-11,20.00062426,9178.320778,2820436,0.366861458,0.711,JAM2020,0.377011538,1.0000,0.9731,,
1366,Japan,JPN,2000,15.83760325,1.83E-11,34.82922583,39005.91363,126843000,0.656590259,0.889,JPN2000,0.746676862,1.0000,0.8793,,
1367,Japan,JPN,2001,15.31362917,1.70E-11,31.72024782,39062.28174,127149000,0.660161368,0.892,JPN2001,0.74979502,1.0000,0.8805,,
1368,Japan,JPN,2002,15.52567876,1.54E-11,33.02645622,38987.91027,127445000,0.668702202,0.894,JPN2002,0.749776602,1.0000,0.8919,,
1369,Japan,JPN,2003,15.05131983,1.25E-11,27.30005711,39501.80678,127718000,0.672633488,0.896,JPN2003,0.741451859,1.0000,0.9072,,
1370,Japan,JPN,2004,15.44429388,1.35E-11,31.90810117,40351.77637,127761000,0.678633685,0.899,JPN2004,0.736057401,1.0000,0.9220,,
1371,Japan,JPN,2005,15.58659217,1.29E-11,30.62050951,41075.82436,127773000,0.694189174,0.9,JPN2005,0.746092379,1.0000,0.9304,,
1372,Japan,JPN,2006,15.27188673,1.26E-11,29.50641588,41613.14838,127854000,0.679706204,0.903,JPN2006,0.731837094,1.0000,0.9288,,
1373,Japan,JPN,2007,15.38116199,1.18E-11,28.12392827,42182.17586,128001000,0.672182698,0.905,JPN2007,0.724536002,1.0000,0.9277,,
1374,Japan,JPN,2008,14.94565288,1.29E-11,27.79241249,41645.57221,128063000,0.653025326,0.905,JPN2008,0.707285166,1.0000,0.9233,,
1375,Japan,JPN,2009,13.8398751,1.15E-11,25.7872472,39279.49887,128047000,0.636963462,0.905,JPN2009,0.688595295,1.0000,0.9250,,
1376,Japan,JPN,2010,14.52736457,1.13E-11,25.17629446,40881.79724,128070000,0.653606236,0.907,JPN2010,0.694974124,1.0000,0.9405,,
1377,Japan,JPN,2011,15.13030641,1.16E-11,23.86456746,40967.34314,127833000,0.6470605,0.906,JPN2011,0.689626694,1.0000,0.9383,,
1378,Japan,JPN,2012,15.66965818,1.16E-11,23.26530814,41596.9238,127629000,0.643919256,0.909,JPN2012,0.685245693,1.0000,0.9397,,
1379,Japan,JPN,2013,15.41627808,1.10E-11,21.94727716,42492.24396,127445000,0.65399587,0.912,JPN2013,0.694311917,1.0000,0.9419,,
1380,Japan,JPN,2014,14.96938304,1.08E-11,20.65037951,42674.69763,127276000,0.639043926,0.914,JPN2014,0.676959634,1.0000,0.9440,,
1381,Japan,JPN,2015,14.17244081,1.01E-11,18.2955897,43386.71007,127141000,0.665333252,0.917,JPN2015,0.701235354,1.0000,0.9488,,
1382,Japan,JPN,2016,14.08907667,9.59E-12,17.7234426,43736.13051,127076000,0.650977586,0.918,JPN2016,0.686388552,1.0000,0.9484,,
1383,Japan,JPN,2017,13.89860238,1.03E-11,19.19183798,44505.27926,126972000,0.648585249,0.92,JPN2017,0.680302203,1.0000,0.9534,,
1384,Japan,JPN,2018,13.89387174,1.07E-11,20.38658973,44848.48994,126811000,0.640992902,0.921,JPN2018,0.668954372,1.0000,0.9582,,
1385,Japan,JPN,2019,13.68336601,1.06E-11,20.04921066,44730.91028,126633000,0.633581821,0.922,JPN2019,0.657060921,1.0000,0.9643,,
1386,Japan,JPN,2020,13.09120024,9.93E-12,17.57338423,42992.47964,126261000,0.624046652,0.922,JPN2020,0.641312361,1.0000,0.9731,,
1387,Jordan,JOR,2000,5.708706276,4.82E-12,54.33501769,8086.922027,5056174,0.284198842,0.672,JOR2000,0.323191971,1.0000,0.8793,,
1388,Jordan,JOR,2001,5.732405218,4.63E-12,50.16895253,8339.785814,5163310,0.292969218,0.679,JOR2001,0.332747221,1.0000,0.8805,,
1389,Jordan,JOR,2002,5.760593212,4.63E-12,62.3332467,8638.080331,5275532,0.319166087,0.686,JOR2002,0.357862234,1.0000,0.8919,,
1390,Jordan,JOR,2003,6.364786304,4.80E-12,63.27995795,8800.496746,5396117,0.329201438,0.693,JOR2003,0.362882644,1.0000,0.9072,,
1391,Jordan,JOR,2004,6.635158975,5.78E-12,127.2805264,9326.668391,5532423,0.353763933,0.705,JOR2004,0.383698255,1.0000,0.9220,,
1392,Jordan,JOR,2005,6.758244732,7.03E-12,110.8489959,9839.68835,5678534,0.388890479,0.713,JOR2005,0.417967081,1.0000,0.9304,,
1393,Jordan,JOR,2006,5.847450286,4.83E-12,86.62193386,9977.759033,6075548,0.409988591,0.719,JOR2006,0.441433161,1.0000,0.9288,,
1394,Jordan,JOR,2007,5.861244187,5.45E-12,115.1567426,10161.40212,6473457,0.43268087,0.725,JOR2007,0.466380447,1.0000,0.9277,,
1395,Jordan,JOR,2008,5.460922254,4.56E-12,67.16930062,10641.58943,6632873,0.481819672,0.733,JOR2008,0.521854043,1.0000,0.9233,,
1396,Jordan,JOR,2009,5.293808709,4.36E-12,76.52438095,10938.50272,6780493,0.521858819,0.735,JOR2009,0.564160347,1.0000,0.9250,,
1397,Jordan,JOR,2010,5.328818209,4.93E-12,66.20255384,10953.53763,6931258,0.557215086,0.732,JOR2010,0.592482209,1.0000,0.9405,,
1398,Jordan,JOR,2011,5.573121786,3.63E-12,63.93176657,10977.48205,7109980,0.633825251,0.734,JOR2011,0.675520778,1.0000,0.9383,,
1399,Jordan,JOR,2012,6.022982538,3.96E-12,58.38407182,11086.02994,7211863,0.625779705,0.74,JOR2012,0.665941954,1.0000,0.9397,,
1400,Jordan,JOR,2013,5.879648474,4.07E-12,65.06121254,10799.35381,7694814,0.621661518,0.742,JOR2013,0.659984291,1.0000,0.9419,,
1401,Jordan,JOR,2014,5.40549682,3.81E-12,72.56438825,10148.9981,8658026,0.610379531,0.742,JOR2014,0.646594524,1.0000,0.9440,,
1402,Jordan,JOR,2015,5.25428307,3.97E-12,74.85357446,9581.689226,9494246,0.556925591,0.743,JOR2015,0.586977899,1.0000,0.9488,,
1403,Jordan,JOR,2016,4.987465222,3.65E-12,49.22867141,9321.904511,9964656,0.536589267,0.745,JOR2016,0.565777898,1.0000,0.9484,,
1404,Jordan,JOR,2017,4.973250042,3.16E-12,46.96882898,9339.810397,10215381,0.54224566,0.747,JOR2017,0.568762422,1.0000,0.9534,,
1405,Jordan,JOR,2018,4.559122697,2.97E-12,36.20918957,9311.531163,10459865,0.543229078,0.747,JOR2018,0.566925883,1.0000,0.9582,,
1406,Jordan,JOR,2019,4.262907149,2.65E-12,36.56817535,9288.527091,10698683,0.566420206,0.75,JOR2019,0.58741045,1.0000,0.9643,,
1407,Jordan,JOR,2020,4.138633153,2.80E-12,29.90871058,9022.639304,10928721,0.536126281,0.743,JOR2020,0.550959468,1.0000,0.9731,,
1408,Kazakhstan,KAZ,2000,8.984543379,4.13E-11,56.57586168,12935.86437,14883626,0.225371078,0.692,KAZ2000,0.25629282,1.0000,0.8793,,
1409,Kazakhstan,KAZ,2001,9.555718784,4.00E-11,65.82537587,14612.02901,14858335,0.246241742,0.707,KAZ2001,0.279675305,1.0000,0.8805,,
1410,Kazakhstan,KAZ,2002,10.2795466,3.99E-11,74.32212856,15960.87385,14858948,0.243156572,0.72,KAZ2002,0.272637218,1.0000,0.8919,,
1411,Kazakhstan,KAZ,2003,10.26367585,4.01E-11,67.9163826,17344.75267,14909019,0.256029182,0.732,KAZ2003,0.282224,1.0000,0.9072,,
1412,Kazakhstan,KAZ,2004,10.62830738,3.99E-11,68.18107795,18886.58119,15012984,0.277661055,0.743,KAZ2004,0.301155806,1.0000,0.9220,,
1413,Kazakhstan,KAZ,2005,11.58514532,3.94E-11,75.0656363,20565.52945,15147029,0.313924599,0.754,KAZ2005,0.337396145,1.0000,0.9304,,
1414,Kazakhstan,KAZ,2006,12.51468079,3.88E-11,88.77438457,22574.34296,15308085,0.370112295,0.765,KAZ2006,0.398498505,1.0000,0.9288,,
1415,Kazakhstan,KAZ,2007,13.33285749,3.72E-11,85.00835729,24351.34641,15484192,0.401913284,0.772,KAZ2007,0.433216512,1.0000,0.9277,,
1416,Kazakhstan,KAZ,2008,13.71760797,3.50E-11,74.48707906,24895.66457,15776938,0.464833704,0.771,KAZ2008,0.503456712,1.0000,0.9233,,
1417,Kazakhstan,KAZ,2009,15.12184105,3.70E-11,100.1375269,24901.35273,16092822,0.44716049,0.774,KAZ2009,0.483407021,1.0000,0.9250,,
1418,Kazakhstan,KAZ,2010,15.67931626,3.61E-11,134.3808177,26374.84077,16321872,0.517390489,0.781,KAZ2010,0.550137043,1.0000,0.9405,,
1419,Kazakhstan,KAZ,2011,15.5144705,3.45E-11,97.97430842,27946.16034,16557202,0.642673525,0.79,KAZ2011,0.684951127,1.0000,0.9383,,
1420,Kazakhstan,KAZ,2012,16.56519612,3.50E-11,96.17387585,28881.24176,16792090,0.648269045,0.799,KAZ2012,0.689874649,1.0000,0.9397,,
1421,Kazakhstan,KAZ,2013,16.85648379,3.49E-11,96.67233002,30177.48872,17035551,0.626613779,0.808,KAZ2013,0.665241838,1.0000,0.9419,,
1422,Kazakhstan,KAZ,2014,15.43973182,3.40E-11,76.44129468,30986.43792,17288285,0.665793075,0.813,KAZ2014,0.705295861,1.0000,0.9440,,
1423,Kazakhstan,KAZ,2015,15.58027357,3.53E-11,87.53163782,30893.75949,17542806,0.626564541,0.819,KAZ2015,0.660374641,1.0000,0.9488,,
1424,Kazakhstan,KAZ,2016,15.04580505,3.41E-11,78.7441447,30758.32273,17794055,0.635345788,0.82,KAZ2016,0.669906437,1.0000,0.9484,,
1425,Kazakhstan,KAZ,2017,15.19855617,3.35E-11,84.7431384,31524.44163,18037776,0.68240516,0.824,KAZ2017,0.715775967,1.0000,0.9534,,
1426,Kazakhstan,KAZ,2018,14.89662288,2.83E-11,78.34781719,32330.22745,18276452,0.608964994,0.828,KAZ2018,0.635529339,1.0000,0.9582,,
1427,Kazakhstan,KAZ,2019,14.4751806,2.96E-11,70.65817328,33298.21237,18513673,0.634361466,0.834,KAZ2019,0.657869458,1.0000,0.9643,,
1428,Kazakhstan,KAZ,2020,14.02554722,3.07E-11,105.7497293,32011.54915,18755666,0.607221507,0.826,KAZ2020,0.624021709,1.0000,0.9731,,
1429,Kenya,KEN,2000,2.508883797,1.23E-11,5.560580011,3756.636223,30851606,0.334024484,0.5,KEN2000,0.379853874,1.0000,0.8793,,
1430,Kenya,KEN,2001,2.540212142,1.21E-11,5.49318079,3778.258548,31800343,0.349052276,0.505,KEN2001,0.396444976,1.0000,0.8805,,
1431,Kenya,KEN,2002,2.464323651,1.13E-11,4.903558862,3681.256943,32779823,0.327712063,0.504,KEN2002,0.367444336,1.0000,0.8919,,
1432,Kenya,KEN,2003,2.442232736,1.12E-11,5.932018426,3674.085928,33767122,0.336827133,0.515,KEN2003,0.371288538,1.0000,0.9072,,
1433,Kenya,KEN,2004,2.656431127,1.14E-11,5.318767783,3743.567857,34791836,0.35229997,0.526,KEN2004,0.382110417,1.0000,0.9220,,
1434,Kenya,KEN,2005,2.642319092,1.06E-11,5.593206636,3844.735571,35843010,0.359950201,0.532,KEN2005,0.386862993,1.0000,0.9304,,
1435,Kenya,KEN,2006,2.588743128,9.99E-12,6.228923739,3970.733499,36925253,0.377666866,0.541,KEN2006,0.406632483,1.0000,0.9288,,
1436,Kenya,KEN,2007,3.068677015,1.03E-11,7.529765863,4116.450947,38036793,0.385244054,0.548,KEN2007,0.41524899,1.0000,0.9277,,
1437,Kenya,KEN,2008,3.119048368,9.92E-12,6.632600495,4002.883641,39186895,0.379312709,0.553,KEN2008,0.410829782,1.0000,0.9233,,
1438,Kenya,KEN,2009,2.995888037,9.57E-12,5.711312491,4012.194284,40364444,0.37063274,0.553,KEN2009,0.400675982,1.0000,0.9250,,
1439,Kenya,KEN,2010,3.015652122,9.37E-12,6.369968627,4211.52463,41517895,0.358836477,0.552,KEN2010,0.381547868,1.0000,0.9405,,
1440,Kenya,KEN,2011,3.063881444,9.28E-12,8.024086642,4307.106116,42635144,0.361236208,0.56,KEN2011,0.384999752,1.0000,0.9383,,
1441,Kenya,KEN,2012,3.005252629,9.27E-12,7.079135819,4387.937901,43725806,0.376551296,0.565,KEN2012,0.400718182,1.0000,0.9397,,
1442,Kenya,KEN,2013,3.054697395,9.09E-12,8.092363319,4443.371216,44792368,0.378327277,0.57,KEN2013,0.401649535,1.0000,0.9419,,
1443,Kenya,KEN,2014,3.07097163,8.57E-12,8.685121903,4558.551553,45831863,0.392544568,0.576,KEN2014,0.415834993,1.0000,0.9440,,
1444,Kenya,KEN,2015,3.067641094,8.42E-12,7.872170728,4679.621828,46851488,0.407583948,0.583,KEN2015,0.429577619,1.0000,0.9488,,
1445,Kenya,KEN,2016,3.143586066,8.32E-12,8.666809731,4770.310464,47894670,0.413483543,0.594,KEN2016,0.435975641,1.0000,0.9484,,
1446,Kenya,KEN,2017,3.098998302,8.24E-12,9.05758578,4846.862109,48948137,0.411591605,0.599,KEN2017,0.431719154,1.0000,0.9534,,
1447,Kenya,KEN,2018,3.091425091,8.00E-12,7.071757795,5017.667847,49953304,0.435646603,0.605,KEN2018,0.454650432,1.0000,0.9582,,
1448,Kenya,KEN,2019,3.353486493,8.05E-12,7.476103531,5171.712643,50951450,0.464603208,0.611,KEN2019,0.481820345,1.0000,0.9643,,
1449,Kenya,KEN,2020,3.168662244,7.93E-12,6.706667027,5057.401155,51985780,0.475778416,0.6,KEN2020,0.488941938,1.0000,0.9731,,
1450,Kuwait,KWT,2000,34.8010537,2.66E-11,321.8867517,60585.30271,1934901,0.719092382,0.778,KWT2000,0.817754507,1.0000,0.8793,,
1451,Kuwait,KWT,2001,33.46379526,2.77E-11,412.6128994,59099.66534,1991674,0.63858258,0.777,KWT2001,0.725286365,1.0000,0.8805,,
1452,Kuwait,KWT,2002,40.58599474,3.12E-11,380.6764514,59348.61731,2047364,0.658149986,0.783,KWT2002,0.73794502,1.0000,0.8919,,
1453,Kuwait,KWT,2003,40.86049499,3.14E-11,411.6107178,67984.31454,2101506,0.765542467,0.795,KWT2003,0.843866527,1.0000,0.9072,,
1454,Kuwait,KWT,2004,43.8387496,3.08E-11,826.9736847,73298.06222,2153481,0.878131588,0.798,KWT2004,0.952436149,1.0000,0.9220,,
1455,Kuwait,KWT,2005,46.38222058,3.25E-11,969.9237963,78193.90125,2235403,1.03410684,0.798,KWT2005,1.111425042,1.0000,0.9304,,
1456,Kuwait,KWT,2006,42.15544683,2.59E-11,608.1107991,79521.34848,2363409,1.12332559,0.799,KWT2006,1.209480405,1.0000,0.9288,,
1457,Kuwait,KWT,2007,41.55202344,2.85E-11,968.5565997,79474.76118,2506769,1.099745844,0.801,KWT2007,1.185400128,1.0000,0.9277,,
1458,Kuwait,KWT,2008,44.43199893,3.51E-11,1562.537993,77036.50842,2650930,1.264245015,0.805,KWT2008,1.369291067,1.0000,0.9233,,
1459,Kuwait,KWT,2009,35.02933276,3.01E-11,1058.788521,67896.26808,2795550,0.908466243,0.809,KWT2009,0.982105911,1.0000,0.9250,,
1460,Kuwait,KWT,2010,35.83104174,3.00E-11,701.1196506,62956.21532,2943356,0.940624193,0.812,KWT2010,1.000157952,1.0000,0.9405,,
1461,Kuwait,KWT,2011,33.98811344,2.40E-11,613.8905387,64844.50189,3143825,1.146498461,0.817,KWT2011,1.221919656,1.0000,0.9383,,
1462,Kuwait,KWT,2012,32.92015376,2.57E-11,350.5463649,64908.26275,3394663,1.281226761,0.822,KWT2012,1.363455296,1.0000,0.9397,,
1463,Kuwait,KWT,2013,33.23745968,2.55E-11,426.3780794,62458.80891,3646518,1.178634008,0.814,KWT2013,1.251291752,1.0000,0.9419,,
1464,Kuwait,KWT,2014,31.37222004,2.32E-11,311.0030023,60065.65444,3761584,1.049331074,0.818,KWT2014,1.111589909,1.0000,0.9440,,
1465,Kuwait,KWT,2015,33.01996899,2.32E-11,261.6114055,57763.51744,3908743,0.69296504,0.832,KWT2015,0.730358183,1.0000,0.9488,,
1466,Kuwait,KWT,2016,33.97684839,1.87E-11,221.3187799,56936.62084,4048085,0.627080817,0.836,KWT2016,0.661191881,1.0000,0.9484,,
1467,Kuwait,KWT,2017,32.87694947,1.99E-11,234.6748473,52285.58712,4124904,0.633993643,0.838,KWT2017,0.664997041,1.0000,0.9534,,
1468,Kuwait,KWT,2018,31.48030091,1.86E-11,191.8658562,51623.80791,4317185,0.765753928,0.84,KWT2018,0.799157739,1.0000,0.9582,,
1469,Kuwait,KWT,2019,31.69372708,1.59E-11,231.260452,51380.6455,4441100,0.783447835,0.843,KWT2019,0.812480628,1.0000,0.9643,,
1470,Kuwait,KWT,2020,25.46361347,1.04E-11,92.25447592,49372.57295,4360444,0.715386582,0.837,KWT2020,0.735179424,1.0000,0.9731,,
1471,Kyrgyzstan,KGZ,2000,1.941909735,1.56E-11,91.3914142,NA,4898400,0.246566483,0.627,KGZ2000,0.280396312,1.0000,0.8793,,
1472,Kyrgyzstan,KGZ,2001,1.753169747,1.56E-11,88.89351448,NA,4945100,0.263257511,0.634,KGZ2001,0.299001396,1.0000,0.8805,,
1473,Kyrgyzstan,KGZ,2002,1.815209608,1.45E-11,85.24149182,NA,4990700,0.26490232,0.635,KGZ2002,0.297019452,1.0000,0.8919,,
1474,Kyrgyzstan,KGZ,2003,1.861177922,1.29E-11,71.31855621,NA,5043300,0.293538096,0.642,KGZ2003,0.32357052,1.0000,0.9072,,
1475,Kyrgyzstan,KGZ,2004,1.788803177,1.30E-11,74.36297058,NA,5104700,0.338610072,0.646,KGZ2004,0.367262125,1.0000,0.9220,,
1476,Kyrgyzstan,KGZ,2005,1.942310132,1.24E-11,74.92940761,NA,5162600,0.339642233,0.648,KGZ2005,0.365036637,1.0000,0.9304,,
1477,Kyrgyzstan,KGZ,2006,2.173342649,1.26E-11,73.55974531,NA,5218400,0.346106297,0.652,KGZ2006,0.372651339,1.0000,0.9288,,
1478,Kyrgyzstan,KGZ,2007,2.508184481,1.18E-11,71.26660669,NA,5268400,0.393857011,0.658,KGZ2007,0.424532771,1.0000,0.9277,,
1479,Kyrgyzstan,KGZ,2008,3.004490254,1.24E-11,74.82484788,NA,5318700,0.468387728,0.666,KGZ2008,0.507306039,1.0000,0.9233,,
1480,Kyrgyzstan,KGZ,2009,2.795743568,1.23E-11,90.44074801,NA,5383300,0.460372063,0.669,KGZ2009,0.497689515,1.0000,0.9250,,
1481,Kyrgyzstan,KGZ,2010,2.82591038,1.34E-11,76.40088779,NA,5447900,0.446180745,0.668,KGZ2010,0.474420309,1.0000,0.9405,,
1482,Kyrgyzstan,KGZ,2011,3.064369889,1.32E-11,75.75312023,NA,5514600,0.523918793,0.67,KGZ2011,0.55838424,1.0000,0.9383,,
1483,Kyrgyzstan,KGZ,2012,3.478778842,1.37E-11,64.40748107,NA,5607200,0.480520414,0.679,KGZ2012,0.51135999,1.0000,0.9397,,
1484,Kyrgyzstan,KGZ,2013,3.547903257,1.44E-11,62.66961912,NA,5719600,0.465679411,0.686,KGZ2013,0.494386554,1.0000,0.9419,,
1485,Kyrgyzstan,KGZ,2014,3.563965494,1.42E-11,62.0556836,NA,5835500,0.616419657,0.691,KGZ2014,0.652993023,1.0000,0.9440,,
1486,Kyrgyzstan,KGZ,2015,3.378148254,1.40E-11,56.53669794,NA,5956900,0.433321098,0.695,KGZ2015,0.456703573,1.0000,0.9488,,
1487,Kyrgyzstan,KGZ,2016,3.222738939,1.36E-11,53.82514039,NA,6079500,0.464013029,0.7,KGZ2016,0.489253759,1.0000,0.9484,,
1488,Kyrgyzstan,KGZ,2017,3.344757002,1.32E-11,53.85510664,NA,6198200,0.525381421,0.704,KGZ2017,0.551073492,1.0000,0.9534,,
1489,Kyrgyzstan,KGZ,2018,3.715629125,1.32E-11,56.55807004,NA,6322800,0.431790402,0.708,KGZ2018,0.450626016,1.0000,0.9582,,
1490,Kyrgyzstan,KGZ,2019,3.464958019,1.30E-11,57.71718594,NA,6456200,0.401147336,0.708,KGZ2019,0.416012943,1.0000,0.9643,,
1491,Kyrgyzstan,KGZ,2020,3.465880783,1.29E-11,56.14816173,NA,6579900,0.366937061,0.7,KGZ2020,0.377089232,1.0000,0.9731,,
1492,Laos,LAO,2000,3.654544449,3.06E-11,3.162954897,NA,5430853,0.292273432,0.473,LAO2000,0.332374424,1.0000,0.8793,,
1493,Laos,LAO,2001,3.656477921,3.04E-11,2.801360324,NA,5519707,0.334613527,0.479,LAO2001,0.380045801,1.0000,0.8805,,
1494,Laos,LAO,2002,3.717257726,2.99E-11,2.744369697,NA,5606101,0.356700343,0.488,LAO2002,0.399947196,1.0000,0.8919,,
1495,Laos,LAO,2003,3.711885095,3.05E-11,2.904434759,NA,5689065,0.344274173,0.496,LAO2003,0.379497498,1.0000,0.9072,,
1496,Laos,LAO,2004,3.836118222,3.07E-11,3.220575277,NA,5768167,0.350012569,0.505,LAO2004,0.379629463,1.0000,0.9220,,
1497,Laos,LAO,2005,3.808869184,3.05E-11,2.655753217,NA,5852970,0.341225729,0.514,LAO2005,0.366738528,1.0000,0.9304,,
1498,Laos,LAO,2006,3.82479801,2.91E-11,2.697802276,NA,5946593,0.376571204,0.515,LAO2006,0.405452788,1.0000,0.9288,,
1499,Laos,LAO,2007,4.092909929,3.03E-11,3.240521653,NA,6041348,0.387186498,0.529,LAO2007,0.417342722,1.0000,0.9277,,
1500,Laos,LAO,2008,4.309792543,3.02E-11,3.080557046,NA,6135861,0.364644608,0.537,LAO2008,0.394942909,1.0000,0.9233,,
1501,Laos,LAO,2009,4.504102045,3.07E-11,3.274167957,NA,6229930,0.375349408,0.548,LAO2009,0.405774981,1.0000,0.9250,,
1502,Laos,LAO,2010,4.474615145,2.99E-11,3.341895789,NA,6323418,0.371159284,0.556,LAO2010,0.394650608,1.0000,0.9405,,
1503,Laos,LAO,2011,4.316803383,2.82E-11,3.295835943,NA,6416327,0.400040043,0.567,LAO2011,0.426356256,1.0000,0.9383,,
1504,Laos,LAO,2012,4.734164153,2.95E-11,3.002576917,NA,6508803,0.440047847,0.577,LAO2012,0.468289912,1.0000,0.9397,,
1505,Laos,LAO,2013,4.691159602,2.84E-11,2.921353022,NA,6600742,0.450813223,0.587,LAO2013,0.478603929,1.0000,0.9419,,
1506,Laos,LAO,2014,4.79946115,2.77E-11,3.242645814,NA,6691454,0.453017489,0.597,LAO2014,0.47989589,1.0000,0.9440,,
1507,Laos,LAO,2015,5.079055203,2.75E-11,3.168061843,NA,6787419,0.452252945,0.604,LAO2015,0.476657003,1.0000,0.9488,,
1508,Laos,LAO,2016,5.376653839,2.69E-11,3.610857028,NA,6891363,0.456962032,0.609,LAO2016,0.481819212,1.0000,0.9484,,
1509,Laos,LAO,2017,5.517000838,2.63E-11,3.689377684,NA,6997917,0.467215079,0.612,LAO2017,0.490062714,1.0000,0.9534,,
1510,Laos,LAO,2018,5.428103226,2.56E-11,3.847772962,NA,7105006,0.464885785,0.613,LAO2018,0.485165089,1.0000,0.9582,,
1511,Laos,LAO,2019,5.435805309,2.52E-11,4.400181359,NA,7212053,0.456476133,0.615,LAO2019,0.473392099,1.0000,0.9643,,
1512,Laos,LAO,2020,5.21168045,2.52E-11,3.50112325,NA,7319399,0.441827019,0.616,LAO2020,0.454051197,1.0000,0.9731,,
1513,Latvia,LVA,2000,8.800158317,2.78E-12,7.988734993,14554.21317,2367550,0.49343256,0.764,LVA2000,0.561133325,1.0000,0.8793,,
1514,Latvia,LVA,2001,9.170584126,2.75E-12,9.732391962,15695.90672,2337170,0.557490639,0.775,LVA2001,0.633184135,1.0000,0.8805,,
1515,Latvia,LVA,2002,9.555898558,2.58E-12,9.50950453,17096.55944,2310173,0.568912232,0.786,LVA2002,0.637887955,1.0000,0.8919,,
1516,Latvia,LVA,2003,11.25303087,3.77E-12,15.70009695,18717.66755,2287955,0.543178976,0.798,LVA2003,0.598752618,1.0000,0.9072,,
1517,Latvia,LVA,2004,10.85058981,2.93E-12,10.56573505,20574.1182,2263122,0.566970775,0.809,LVA2004,0.614945948,1.0000,0.9220,,
1518,Latvia,LVA,2005,13.3971596,3.74E-12,14.17682576,23213.35394,2238799,0.605647584,0.818,LVA2005,0.650930703,1.0000,0.9304,,
1519,Latvia,LVA,2006,12.9507466,3.66E-12,12.33301018,26431.81402,2218357,0.545283611,0.823,LVA2006,0.587104797,1.0000,0.9288,,
1520,Latvia,LVA,2007,13.92002259,4.79E-12,21.44996141,29423.73712,2200325,0.557154143,0.829,LVA2007,0.600548387,1.0000,0.9277,,
1521,Latvia,LVA,2008,12.6396564,4.15E-12,15.59436456,28726.97229,2177322,0.513652568,0.837,LVA2008,0.556331933,1.0000,0.9233,,
1522,Latvia,LVA,2009,10.2394555,3.58E-12,11.09483724,24520.67915,2141669,0.480324491,0.836,LVA2009,0.519259274,1.0000,0.9250,,
1523,Latvia,LVA,2010,10.8822693,4.02E-12,13.36344533,24119.73078,2097555,0.484221562,0.833,LVA2010,0.514868796,1.0000,0.9405,,
1524,Latvia,LVA,2011,11.614688,3.82E-12,12.00578299,25308.73221,2059709,0.471550084,0.84,LVA2011,0.50257051,1.0000,0.9383,,
1525,Latvia,LVA,2012,11.84266366,3.57E-12,11.0417211,27496.54546,2034319,0.497699619,0.843,LVA2012,0.529641747,1.0000,0.9397,,
1526,Latvia,LVA,2013,11.72052807,3.51E-12,13.83640597,28375.18429,2012647,0.507195379,0.852,LVA2013,0.538461804,1.0000,0.9419,,
1527,Latvia,LVA,2014,11.77123179,3.33E-12,10.86993764,29243.74125,1993782,0.521679824,0.854,LVA2014,0.552632093,1.0000,0.9440,,
1528,Latvia,LVA,2015,11.3794298,3.44E-12,9.824841189,30599.61331,1977527,0.540931333,0.859,LVA2015,0.570120573,1.0000,0.9488,,
1529,Latvia,LVA,2016,11.38488456,3.52E-12,9.600614207,31668.51484,1959537,0.553131927,0.864,LVA2016,0.583220422,1.0000,0.9484,,
1530,Latvia,LVA,2017,11.92624105,3.71E-12,11.23913448,33036.39159,1942248,0.573346061,0.87,LVA2017,0.601383686,1.0000,0.9534,,
1531,Latvia,LVA,2018,12.71379313,3.95E-12,15.00586081,34729.70628,1927174,0.572391729,0.875,LVA2018,0.597360671,1.0000,0.9582,,
1532,Latvia,LVA,2019,12.80719742,3.70E-12,11.86704815,35208.19346,1913822,0.593589043,0.88,LVA2019,0.615586102,1.0000,0.9643,,
1533,Latvia,LVA,2020,11.98617817,3.63E-12,10.15293525,34225.8976,1900449,0.60175594,0.879,LVA2020,0.618404925,1.0000,0.9731,,
1534,Lebanon,LBN,2000,8.476162914,1.54E-11,81.86790206,11571.7326,4320642,0,NA,LBN2000,0,1.0000,0.8793,,
1535,Lebanon,LBN,2001,9.792976917,1.30E-11,112.5292163,11817.9305,4389200,0,NA,LBN2001,0,1.0000,0.8805,,
1536,Lebanon,LBN,2002,9.388534208,1.34E-11,97.12244267,12053.83416,4446666,0,NA,LBN2002,0,1.0000,0.8919,,
1537,Lebanon,LBN,2003,9.355625836,1.21E-11,86.95244797,12272.34407,4504807,0,NA,LBN2003,0,1.0000,0.9072,,
1538,Lebanon,LBN,2004,8.064880582,1.00E-11,53.93923024,12882.0758,4574797,0,NA,LBN2004,0,1.0000,0.9220,,
1539,Lebanon,LBN,2005,7.631513556,1.28E-11,54.53746354,13024.66489,4643044,0,0.71,LBN2005,0,1.0000,0.9304,,
1540,Lebanon,LBN,2006,7.661516237,1.54E-11,46.2755122,13003.6808,4719864,0,0.713,LBN2006,0,1.0000,0.9288,,
1541,Lebanon,LBN,2007,7.169449873,1.43E-11,54.31306314,13941.56142,4809608,0,0.726,LBN2007,0,1.0000,0.9277,,
1542,Lebanon,LBN,2008,8.008885803,1.50E-11,55.1712935,14955.14136,4887613,0,0.734,LBN2008,0,1.0000,0.9233,,
1543,Lebanon,LBN,2009,8.813579424,1.35E-11,72.62595147,16264.35062,4951135,0,0.743,LBN2009,0,1.0000,0.9250,,
1544,Lebanon,LBN,2010,8.442133212,1.26E-11,74.17071921,17390.7584,4995800,0,0.75,LBN2010,0,1.0000,0.9405,,
1545,Lebanon,LBN,2011,8.639636382,1.27E-11,71.14699433,17353.19608,5045056,0,0.758,LBN2011,0,1.0000,0.9383,,
1546,Lebanon,LBN,2012,9.340577147,1.30E-11,66.90920977,17323.30138,5178337,0,0.762,LBN2012,0,1.0000,0.9397,,
1547,Lebanon,LBN,2013,8.879109871,1.10E-11,67.36146022,16396.49693,5678851,0,0.762,LBN2013,0,1.0000,0.9419,,
1548,Lebanon,LBN,2014,8.238193618,1.17E-11,61.28695814,15205.87327,6274342,0,0.761,LBN2014,0,1.0000,0.9440,,
1549,Lebanon,LBN,2015,8.100502773,1.00E-11,56.47842679,14980.02052,6398940,0,0.763,LBN2015,0,1.0000,0.9488,,
1550,Lebanon,LBN,2016,8.415741181,1.13E-11,53.3565589,15572.36117,6258619,0,0.767,LBN2016,0,1.0000,0.9484,,
1551,Lebanon,LBN,2017,8.539040911,1.03E-11,59.10802828,16128.58382,6109252,0,0.772,LBN2017,0,1.0000,0.9534,,
1552,Lebanon,LBN,2018,8.864494185,1.10E-11,58.81778742,16290.05165,5950839,0,0.774,LBN2018,0,1.0000,0.9582,,
1553,Lebanon,LBN,2019,8.793834219,1.15E-11,60.67314248,15659.5661,5781907,0,0.771,LBN2019,0,1.0000,0.9643,,
1554,Lebanon,LBN,2020,9.394987793,1.33E-11,64.39905397,12507.43664,5662923,0,0.75,LBN2020,0,1.0000,0.9731,,
1555,Liberia,LBR,2000,2.515883338,4.91E-11,0.514681169,1868.179756,2895224,0,0.443,LBR2000,0,1.0000,0.8793,,
1556,Liberia,LBR,2001,2.544409068,4.82E-11,0.564196466,1867.119109,2981648,0,0.448,LBR2001,0,1.0000,0.8805,,
1557,Liberia,LBR,2002,2.531178545,4.61E-11,0.570710789,1887.646016,3060599,0,0.453,LBR2002,0,1.0000,0.8919,,
1558,Liberia,LBR,2003,2.666301843,4.64E-11,0.837926688,1308.150901,3085173,0,0.429,LBR2003,0,1.0000,0.9072,,
1559,Liberia,LBR,2004,3.316527361,4.69E-11,1.37558898,1326.535655,3122447,0,0.442,LBR2004,0,1.0000,0.9220,,
1560,Liberia,LBR,2005,3.354047989,4.51E-11,1.596676363,1335.617289,3266318,0,0.446,LBR2005,0,1.0000,0.9304,,
1561,Liberia,LBR,2006,3.20919104,4.15E-11,1.392069665,1364.603473,3455397,0,0.45,LBR2006,0,1.0000,0.9288,,
1562,Liberia,LBR,2007,2.903294532,4.14E-11,0.594327923,1422.100197,3632740,0,0.455,LBR2007,0,1.0000,0.9277,,
1563,Liberia,LBR,2008,2.943355787,4.03E-11,0.626927069,1463.124082,3783887,0,0.459,LBR2008,0,1.0000,0.9233,,
1564,Liberia,LBR,2009,3.045320381,4.00E-11,0.521611774,1492.998174,3905066,0,0.463,LBR2009,0,1.0000,0.9250,,
1565,Liberia,LBR,2010,3.06266179,3.89E-11,0.441983095,1538.850835,4019956,0,0.467,LBR2010,0,1.0000,0.9405,,
1566,Liberia,LBR,2011,3.044843187,3.74E-11,0.630011191,1601.03374,4181150,0,0.471,LBR2011,0,1.0000,0.9383,,
1567,Liberia,LBR,2012,3.140904973,3.59E-11,0.622873692,1668.972896,4331740,0,0.475,LBR2012,0,1.0000,0.9397,,
1568,Liberia,LBR,2013,3.128965059,3.51E-11,0.841326384,1774.520578,4427313,0,0.481,LBR2013,0,1.0000,0.9419,,
1569,Liberia,LBR,2014,3.210470533,3.49E-11,0.617338061,1750.143849,4519398,0,0.479,LBR2014,0,1.0000,0.9440,,
1570,Liberia,LBR,2015,3.367917444,3.43E-11,1.070689869,1714.09048,4612329,0,0.48,LBR2015,0,1.0000,0.9488,,
1571,Liberia,LBR,2016,3.488759451,3.39E-11,1.19890626,1653.310502,4706097,0,0.485,LBR2016,0,1.0000,0.9484,,
1572,Liberia,LBR,2017,3.489912775,3.32E-11,1.143437822,1661.302908,4796631,0,0.491,LBR2017,0,1.0000,0.9534,,
1573,Liberia,LBR,2018,3.604643067,3.28E-11,1.389533277,1647.974438,4889391,0,0.495,LBR2018,0,1.0000,0.9582,,
1574,Liberia,LBR,2019,3.632450567,3.18E-11,1.205295558,1575.76665,4985289,0,0.497,LBR2019,0,1.0000,0.9643,,
1575,Liberia,LBR,2020,3.629753297,3.14E-11,0.566973083,1497.376924,5087584,0,0.498,LBR2020,0,1.0000,0.9731,,
1576,Libya,LBY,2000,12.64315548,7.79E-12,313.6928996,17742.34749,5154790,0,0.727,LBY2000,0,1.0000,0.8793,,
1577,Libya,LBY,2001,12.2890228,6.52E-12,286.6902906,17111.48356,5275916,0,0.73,LBY2001,0,1.0000,0.8805,,
1578,Libya,LBY,2002,13.93162324,1.30E-11,267.2906063,16625.05921,5405326,0,0.733,LBY2002,0,1.0000,0.8919,,
1579,Libya,LBY,2003,14.170246,1.34E-11,312.887302,18417.88434,5542641,0,0.739,LBY2003,0,1.0000,0.9072,,
1580,Libya,LBY,2004,13.24556932,8.84E-12,273.8033113,18846.24187,5687563,0,0.741,LBY2004,0,1.0000,0.9220,,
1581,Libya,LBY,2005,14.00726865,8.73E-12,329.924139,20644.02708,5837986,0,0.747,LBY2005,0,1.0000,0.9304,,
1582,Libya,LBY,2006,13.0938145,7.49E-12,339.4697942,21539.62745,5973369,0,0.751,LBY2006,0,1.0000,0.9288,,
1583,Libya,LBY,2007,12.97996966,7.56E-12,289.6853347,22416.10981,6097177,0,0.754,LBY2007,0,1.0000,0.9277,,
1584,Libya,LBY,2008,13.56169075,8.42E-12,285.0957296,21909.42907,6228370,0,0.754,LBY2008,0,1.0000,0.9233,,
1585,Libya,LBY,2009,14.99294495,1.03E-11,356.9919196,20513.56321,6360191,0,0.753,LBY2009,0,1.0000,0.9250,,
1586,Libya,LBY,2010,15.22077704,9.17E-12,307.3962385,21109.96793,6491988,0,0.755,LBY2010,0,1.0000,0.9405,,
1587,Libya,LBY,2011,11.5019808,6.67E-12,314.831811,10739.09317,6188132,0,0.715,LBY2011,0,1.0000,0.9383,,
1588,Libya,LBY,2012,15.5903813,9.00E-12,296.2851643,20595.58004,5869870,0,0.758,LBY2012,0,1.0000,0.9397,,
1589,Libya,LBY,2013,15.61773178,9.92E-12,286.969931,16553.14265,5985221,0,0.748,LBY2013,0,1.0000,0.9419,,
1590,Libya,LBY,2014,14.84938267,7.84E-12,264.0327739,12495.79297,6097764,0,0.728,LBY2014,0,1.0000,0.9440,,
1591,Libya,LBY,2015,12.57530797,6.62E-12,183.2449283,12192.13862,6192235,0,0.728,LBY2015,0,1.0000,0.9488,,
1592,Libya,LBY,2016,12.91165315,7.24E-12,216.0315927,11828.71138,6282196,0,0.725,LBY2016,0,1.0000,0.9484,,
1593,Libya,LBY,2017,12.36516829,6.60E-12,208.0808781,15424.05543,6378261,0,0.74,LBY2017,0,1.0000,0.9534,,
1594,Libya,LBY,2018,12.75905331,6.46E-12,246.9983937,16380.85155,6477793,0,0.743,LBY2018,0,1.0000,0.9582,,
1595,Libya,LBY,2019,13.01311233,7.35E-12,246.3320794,14333.42244,6569088,0,0.737,LBY2019,0,1.0000,0.9643,,
1596,Libya,LBY,2020,10.0040519,4.38E-12,222.3982603,9976.037403,6653942,0,0.688,LBY2020,0,1.0000,0.9731,,
1597,Lithuania,LTU,2000,9.679319195,4.88E-12,10.06338175,15771.42696,3499536,0.626644578,0.778,LTU2000,0.712622523,1.0000,0.8793,,
1598,Lithuania,LTU,2001,9.572234951,6.00E-12,57.35354887,16933.02255,3470818,0.654182564,0.787,LTU2001,0.743004441,1.0000,0.8805,,
1599,Lithuania,LTU,2002,9.6308235,2.99E-12,13.37030431,18216.54526,3443067,0.684984853,0.799,LTU2002,0.768033385,1.0000,0.8919,,
1600,Lithuania,LTU,2003,10.17531978,5.00E-12,22.39144642,20302.98488,3415213,0.714592858,0.812,LTU2003,0.78770417,1.0000,0.9072,,
1601,Lithuania,LTU,2004,10.75083549,5.18E-12,16.90627254,21867.28615,3377075,0.698354573,0.821,LTU2004,0.757447004,1.0000,0.9220,,
1602,Lithuania,LTU,2005,11.00507388,3.74E-12,19.68319352,23944.70199,3322528,0.716146551,0.828,LTU2005,0.769691467,1.0000,0.9304,,
1603,Lithuania,LTU,2006,11.8703876,5.34E-12,20.09598511,26129.33926,3269909,0.716014568,0.834,LTU2006,0.770930171,1.0000,0.9288,,
1604,Lithuania,LTU,2007,13.38068766,5.65E-12,21.06796243,29370.77397,3231294,0.711865138,0.839,LTU2007,0.767309129,1.0000,0.9277,,
1605,Lithuania,LTU,2008,13.54029022,5.87E-12,24.74604801,30445.78095,3198231,0.695825061,0.849,LTU2008,0.753641129,1.0000,0.9233,,
1606,Lithuania,LTU,2009,11.53943691,5.09E-12,19.87730987,26217.54493,3162916,0.66493448,0.851,LTU2009,0.718833625,1.0000,0.9250,,
1607,Lithuania,LTU,2010,12.41264472,3.92E-12,20.23200573,26887.49131,3097282,0.639321023,0.854,LTU2010,0.679784775,1.0000,0.9405,,
1608,Lithuania,LTU,2011,12.72340781,4.12E-12,18.96449994,29240.74879,3028115,0.702248476,0.86,LTU2011,0.748445153,1.0000,0.9383,,
1609,Lithuania,LTU,2012,12.52642832,4.26E-12,15.3987527,30920.3304,2987773,0.728483418,0.862,LTU2012,0.775237143,1.0000,0.9397,,
1610,Lithuania,LTU,2013,12.51832685,4.74E-12,17.38566617,32474.64135,2957689,0.702801359,0.865,LTU2013,0.746126056,1.0000,0.9419,,
1611,Lithuania,LTU,2014,12.2733034,5.24E-12,18.28846137,33975.08438,2932367,0.713996604,0.866,LTU2014,0.756359398,1.0000,0.9440,,
1612,Lithuania,LTU,2015,12.37762667,5.22E-12,16.11769772,35251.29869,2904910,0.713618472,0.869,LTU2015,0.752126098,1.0000,0.9488,,
1613,Lithuania,LTU,2016,12.80061642,6.15E-12,16.54741752,36618.14684,2868231,0.708818359,0.875,LTU2016,0.747375667,1.0000,0.9484,,
1614,Lithuania,LTU,2017,13.03072118,6.91E-12,18.21372421,38774.4892,2828403,0.726355628,0.885,LTU2017,0.761875689,1.0000,0.9534,,
1615,Lithuania,LTU,2018,14.10173406,5.95E-12,23.29502186,41019.79016,2801543,0.72861467,0.889,LTU2018,0.760398388,1.0000,0.9582,,
1616,Lithuania,LTU,2019,14.67061029,6.51E-12,34.70355901,43062.32284,2794137,0.760950777,0.894,LTU2019,0.78914988,1.0000,0.9643,,
1617,Lithuania,LTU,2020,13.4726786,4.71E-12,15.64827521,43091.79737,2794885,0.772057107,0.888,LTU2020,0.793417871,1.0000,0.9731,,
1618,Luxembourg,LUX,2000,35.10740176,4.06E-11,78.8716684,114141.5853,436300,1.115006409,0.861,LUX2000,1.267989397,1.0000,0.8793,,
1619,Luxembourg,LUX,2001,34.0320721,3.75E-11,69.35427779,116258.4268,441525,1.095273009,0.863,LUX2001,1.243984103,1.0000,0.8805,,
1620,Luxembourg,LUX,2002,35.57696542,4.01E-11,72.25779873,118757.5305,446175,1.117086513,0.868,LUX2002,1.252523661,1.0000,0.8919,,
1621,Luxembourg,LUX,2003,38.9703221,5.15E-11,122.9245901,120396.2578,451630,1.016329438,0.87,LUX2003,1.120311975,1.0000,0.9072,,
1622,Luxembourg,LUX,2004,46.21082332,7.44E-11,212.4021386,123720.2615,458095,0.963177471,0.878,LUX2004,1.04467833,1.0000,0.9220,,
1623,Luxembourg,LUX,2005,39.05280235,4.30E-11,113.682203,124866.8588,465158,0.884226767,0.879,LUX2005,0.950338721,1.0000,0.9304,,
1624,Luxembourg,LUX,2006,36.80217595,2.39E-11,67.96766515,130284.9675,472637,0.909246011,0.88,LUX2006,0.978981733,1.0000,0.9288,,
1625,Luxembourg,LUX,2007,38.79457441,3.82E-11,109.5578054,138677.9655,479993,0.934038172,0.883,LUX2007,1.006786227,1.0000,0.9277,,
1626,Luxembourg,LUX,2008,37.73680662,3.28E-11,100.2043526,135812.2223,488650,0.84499077,0.896,LUX2008,0.915201008,1.0000,0.9233,,
1627,Luxembourg,LUX,2009,44.12980788,1.06E-10,425.5874273,129002.2402,497783,0.868942317,0.905,LUX2009,0.939378202,1.0000,0.9250,,
1628,Luxembourg,LUX,2010,41.24956914,5.31E-11,185.8637379,131432.0596,506953,0.884677628,0.909,LUX2010,0.940670431,1.0000,0.9405,,
1629,Luxembourg,LUX,2011,35.54961032,2.86E-11,57.93401236,129885.3698,518347,0.721919927,0.911,LUX2011,0.76941067,1.0000,0.9383,,
1630,Luxembourg,LUX,2012,32.96917009,2.72E-11,48.23206781,128895.4051,530946,0.770497267,0.914,LUX2012,0.819947422,1.0000,0.9397,,
1631,Luxembourg,LUX,2013,35.36485621,5.41E-11,167.9898732,129945.4538,543360,0.753347357,0.919,LUX2013,0.799787998,1.0000,0.9419,,
1632,Luxembourg,LUX,2014,34.08671912,5.10E-11,129.2327261,130247.6617,556319,0.818023802,0.924,LUX2014,0.866558731,1.0000,0.9440,,
1633,Luxembourg,LUX,2015,34.02937683,5.40E-11,110.9324139,130097.2562,569604,0.904854482,0.913,LUX2015,0.953681409,1.0000,0.9488,,
1634,Luxembourg,LUX,2016,32.48723405,4.42E-11,146.1586532,133661.6497,582014,0.929349755,0.916,LUX2016,0.979903221,1.0000,0.9484,,
1635,Luxembourg,LUX,2017,32.50797063,3.02E-11,165.9813149,132169.834,596336,0.980563587,0.913,LUX2017,1.028514862,1.0000,0.9534,,
1636,Luxembourg,LUX,2018,32.13911995,3.10E-11,59.41304301,131733.8846,607950,0.923721108,0.915,LUX2018,0.964015782,1.0000,0.9582,,
1637,Luxembourg,LUX,2019,31.53424899,4.67E-11,76.16436808,132724.7527,620001,0.97256526,0.916,LUX2019,1.008606315,1.0000,0.9643,,
1638,Luxembourg,LUX,2020,27.57536615,3.30E-11,49.12071971,129865.63,630419,0.963374726,0.916,LUX2020,0.990028739,1.0000,0.9731,,
1639,Madagascar,MDG,2000,2.528587052,4.10E-10,4.556332454,1701.443203,16216431,0,0.443,MDG2000,0,1.0000,0.8793,,
1640,Madagascar,MDG,2001,2.389578475,4.03E-10,4.735422937,1748.503509,16709665,0,0.451,MDG2001,0,1.0000,0.8805,,
1641,Madagascar,MDG,2002,2.320481869,3.95E-10,4.602163961,1486.434297,17211934,0,0.448,MDG2002,0,1.0000,0.8919,,
1642,Madagascar,MDG,2003,2.410640294,3.83E-10,5.512943147,1584.749252,17724310,0,0.458,MDG2003,0,1.0000,0.9072,,
1643,Madagascar,MDG,2004,2.268947435,3.61E-10,4.522930001,1620.119538,18250774,0,0.465,MDG2004,0,1.0000,0.9220,,
1644,Madagascar,MDG,2005,2.326172128,3.51E-10,4.772247889,1648.176316,18792171,0,0.47,MDG2005,0,1.0000,0.9304,,
1645,Madagascar,MDG,2006,2.423638706,3.36E-10,4.633095743,1686.863355,19350299,0,0.474,MDG2006,0,1.0000,0.9288,,
1646,Madagascar,MDG,2007,2.500228452,3.27E-10,5.839792201,1731.617518,19924958,0,0.482,MDG2007,0,1.0000,0.9277,,
1647,Madagascar,MDG,2008,2.513374637,3.18E-10,5.738612185,1794.402359,20513599,0,0.49,MDG2008,0,1.0000,0.9233,,
1648,Madagascar,MDG,2009,2.500942977,3.12E-10,5.871341264,1673.155515,21117092,0,0.493,MDG2009,0,1.0000,0.9250,,
1649,Madagascar,MDG,2010,2.401076949,3.03E-10,6.598313365,1635.245115,21731053,0,0.493,MDG2010,0,1.0000,0.9405,,
1650,Madagascar,MDG,2011,2.32274039,2.95E-10,6.676580078,1614.551378,22348158,0,0.494,MDG2011,0,1.0000,0.9383,,
1651,Madagascar,MDG,2012,2.39196506,2.88E-10,6.215616506,1617.790829,22966240,0,0.496,MDG2012,0,1.0000,0.9397,,
1652,Madagascar,MDG,2013,2.303657523,2.79E-10,7.071411861,1610.602308,23588073,0,0.497,MDG2013,0,1.0000,0.9419,,
1653,Madagascar,MDG,2014,2.321080723,2.71E-10,6.786314181,1620.357889,24215976,0,0.5,MDG2014,0,1.0000,0.9440,,
1654,Madagascar,MDG,2015,2.353167435,2.63E-10,5.91542828,1627.580613,24850912,0,0.501,MDG2015,0,1.0000,0.9488,,
1655,Madagascar,MDG,2016,2.281658038,2.57E-10,5.608597602,1648.91227,25501941,0,0.501,MDG2016,0,1.0000,0.9484,,
1656,Madagascar,MDG,2017,2.196066658,2.50E-10,5.499291211,1669.727643,26169542,0,0.505,MDG2017,0,1.0000,0.9534,,
1657,Madagascar,MDG,2018,2.284780418,2.43E-10,5.211007416,1678.786233,26846541,0,0.501,MDG2018,0,1.0000,0.9582,,
1658,Madagascar,MDG,2019,2.280205879,2.39E-10,5.853122662,1707.831538,27533134,0,0.495,MDG2019,0,1.0000,0.9643,,
1659,Madagascar,MDG,2020,2.284258768,2.37E-10,4.721976877,1545.727144,28225177,0,0.483,MDG2020,0,1.0000,0.9731,,
1660,Malawi,MWI,2000,1.374658391,5.66E-12,3.27567697,1239.391748,11229387,0,0.394,MWI2000,0,1.0000,0.8793,,
1661,Malawi,MWI,2001,1.335665549,5.65E-12,2.016673655,1149.580396,11498818,0,0.4,MWI2001,0,1.0000,0.8805,,
1662,Malawi,MWI,2002,1.4481535,5.70E-12,5.21668499,1140.842746,11784498,0,0.407,MWI2002,0,1.0000,0.8919,,
1663,Malawi,MWI,2003,1.450451382,5.64E-12,6.109503404,1176.12386,12087965,0,0.414,MWI2003,0,1.0000,0.9072,,
1664,Malawi,MWI,2004,1.427403792,5.51E-12,5.091882612,1208.219698,12411342,0,0.421,MWI2004,0,1.0000,0.9220,,
1665,Malawi,MWI,2005,1.461160402,5.55E-12,8.007531537,1214.742642,12755648,0,0.427,MWI2005,0,1.0000,0.9304,,
1666,Malawi,MWI,2006,1.444989255,5.51E-12,7.060135295,1237.273865,13118307,0,0.436,MWI2006,0,1.0000,0.9288,,
1667,Malawi,MWI,2007,1.467847368,5.07E-12,5.540763277,1318.331964,13495463,0,0.444,MWI2007,0,1.0000,0.9277,,
1668,Malawi,MWI,2008,1.561640487,5.47E-12,5.828510725,1378.428867,13889423,0,0.455,MWI2008,0,1.0000,0.9233,,
1669,Malawi,MWI,2009,1.536910883,5.28E-12,4.643287926,1449.726015,14298932,0,0.465,MWI2009,0,1.0000,0.9250,,
1670,Malawi,MWI,2010,1.606089918,5.34E-12,4.510085058,1504.375141,14718422,0,0.475,MWI2010,0,1.0000,0.9405,,
1671,Malawi,MWI,2011,1.512270214,5.08E-12,2.357429339,1533.228896,15146094,0,0.483,MWI2011,0,1.0000,0.9383,,
1672,Malawi,MWI,2012,1.472881601,4.87E-12,1.703458224,1518.148038,15581251,0,0.488,MWI2012,0,1.0000,0.9397,,
1673,Malawi,MWI,2013,1.531392578,4.82E-12,1.810044583,1555.506074,16024775,0,0.494,MWI2013,0,1.0000,0.9419,,
1674,Malawi,MWI,2014,1.535977715,4.71E-12,1.900769339,1597.564843,16477966,0,0.5,MWI2014,0,1.0000,0.9440,,
1675,Malawi,MWI,2015,1.496576872,4.57E-12,1.853230885,1597.691453,16938942,0,0.504,MWI2015,0,1.0000,0.9488,,
1676,Malawi,MWI,2016,1.490977706,4.40E-12,1.888173042,1593.595493,17405624,0,0.506,MWI2016,0,1.0000,0.9484,,
1677,Malawi,MWI,2017,1.461011448,4.35E-12,1.833528282,1613.059357,17881167,0,0.508,MWI2017,0,1.0000,0.9534,,
1678,Malawi,MWI,2018,1.493752206,4.23E-12,1.692613308,1638.916658,18367883,0,0.51,MWI2018,0,1.0000,0.9582,,
1679,Malawi,MWI,2019,1.521952037,4.18E-12,1.741116474,1687.289449,18867337,0,0.513,MWI2019,0,1.0000,0.9643,,
1680,Malawi,MWI,2020,1.694752026,4.31E-12,1.735161578,1656.439852,19377061,0,0.512,MWI2020,0,1.0000,0.9731,,
1681,Malaysia,MYS,2000,6.323810889,2.90E-11,10.29915325,18532.90967,22945150,0.468682246,0.733,MYS2000,0.532987177,1.0000,0.8793,,
1682,Malaysia,MYS,2001,6.484057353,2.87E-11,12.11116402,18186.44113,23542517,0.450477934,0.731,MYS2001,0.511641741,1.0000,0.8805,,
1683,Malaysia,MYS,2002,6.524547199,2.81E-11,14.00308436,18708.86949,24142445,0.46492367,0.732,MYS2002,0.521291673,1.0000,0.8919,,
1684,Malaysia,MYS,2003,6.936055556,2.88E-11,22.63392847,19329.00628,24739411,0.476935368,0.737,MYS2003,0.525731504,1.0000,0.9072,,
1685,Malaysia,MYS,2004,7.184775402,2.73E-11,19.09143681,20168.50621,25333247,0.51231598,0.739,MYS2004,0.555666447,1.0000,0.9220,,
1686,Malaysia,MYS,2005,7.361422482,2.68E-11,17.34860336,20767.58572,25923536,0.544525666,0.736,MYS2005,0.585238814,1.0000,0.9304,,
1687,Malaysia,MYS,2006,7.507280141,2.72E-11,20.32638946,21444.48577,26509413,0.546683636,0.742,MYS2006,0.588612199,1.0000,0.9288,,
1688,Malaysia,MYS,2007,8.128167828,2.75E-11,21.3294121,22305.11826,27092604,0.575010782,0.754,MYS2007,0.619795799,1.0000,0.9277,,
1689,Malaysia,MYS,2008,8.483224384,2.81E-11,24.92361129,22898.00276,27664296,0.609573021,0.765,MYS2008,0.660222411,1.0000,0.9233,,
1690,Malaysia,MYS,2009,7.848606035,2.77E-11,18.28897014,22106.64173,28217204,0.560037331,0.773,MYS2009,0.605433583,1.0000,0.9250,,
1691,Malaysia,MYS,2010,8.703238791,2.79E-11,21.82112768,23307.96985,28717731,0.565065157,0.779,MYS2010,0.600829124,1.0000,0.9405,,
1692,Malaysia,MYS,2011,8.86105609,2.88E-11,24.22300085,24115.81812,29184133,0.592017818,0.782,MYS2011,0.630963087,1.0000,0.9383,,
1693,Malaysia,MYS,2012,9.203897962,3.06E-11,22.5697371,25006.35878,29660212,0.617092393,0.787,MYS2012,0.656697094,1.0000,0.9397,,
1694,Malaysia,MYS,2013,10.27732651,3.13E-11,22.50105445,25736.35256,30134807,0.609055139,0.791,MYS2013,0.646600783,1.0000,0.9419,,
1695,Malaysia,MYS,2014,10.69415532,3.24E-11,24.03346576,26818.43173,30606459,0.592561807,0.795,MYS2014,0.627719641,1.0000,0.9440,,
1696,Malaysia,MYS,2015,10.23912577,3.38E-11,21.0937864,27699.62789,31068833,0.573574847,0.8,MYS2015,0.604525566,1.0000,0.9488,,
1697,Malaysia,MYS,2016,9.663523221,3.35E-11,18.17815395,28425.37076,31526418,0.576572671,0.805,MYS2016,0.607936263,1.0000,0.9484,,
1698,Malaysia,MYS,2017,9.485835931,3.35E-11,20.40213354,29551.54576,31975806,0.575856225,0.807,MYS2017,0.604016602,1.0000,0.9534,,
1699,Malaysia,MYS,2018,10.16429868,3.41E-11,22.33185168,30459.96553,32399271,0.610599404,0.809,MYS2018,0.637235045,1.0000,0.9582,,
1700,Malaysia,MYS,2019,10.23552936,3.37E-11,22.2653827,31300.50866,32804020,0.592063261,0.812,MYS2019,0.614003778,1.0000,0.9643,,
1701,Malaysia,MYS,2020,9.630541751,3.39E-11,17.33850722,29200.45263,33199993,0.593895266,0.81,MYS2020,0.610326767,1.0000,0.9731,,
1702,Mali,MLI,2000,1.689238932,4.64E-12,4.681328684,1912.308984,11239101,0,0.32,MLI2000,0,1.0000,0.8793,,
1703,Mali,MLI,2001,1.529288054,4.36E-12,5.095738492,2140.992566,11583824,0,0.332,MLI2001,0,1.0000,0.8805,,
1704,Mali,MLI,2002,1.378809389,4.14E-12,4.561717854,2139.97092,11952660,0,0.34,MLI2002,0,1.0000,0.8919,,
1705,Mali,MLI,2003,1.559460242,4.32E-12,5.236485776,2262.051327,12342165,0,0.352,MLI2003,0,1.0000,0.9072,,
1706,Mali,MLI,2004,1.440683571,3.96E-12,5.180924843,2224.144095,12751995,0,0.359,MLI2004,0,1.0000,0.9220,,
1707,Mali,MLI,2005,1.443461157,3.94E-12,5.528475808,2314.015146,13180551,0,0.368,MLI2005,0,1.0000,0.9304,,
1708,Mali,MLI,2006,1.376563406,3.80E-12,5.77125472,2388.348203,13623541,0,0.377,MLI2006,0,1.0000,0.9288,,
1709,Mali,MLI,2007,1.443660755,3.77E-12,5.53582771,2400.652869,14080912,0,0.386,MLI2007,0,1.0000,0.9277,,
1710,Mali,MLI,2008,1.50226207,3.64E-12,5.906009622,2474.909969,14551117,0,0.395,MLI2008,0,1.0000,0.9233,,
1711,Mali,MLI,2009,1.485185258,3.57E-12,6.353879008,2506.580912,15032635,0,0.403,MLI2009,0,1.0000,0.9250,,
1712,Mali,MLI,2010,1.548559995,3.50E-12,7.048254185,2594.415649,15529181,0,0.41,MLI2010,0,1.0000,0.9405,,
1713,Mali,MLI,2011,1.531764928,3.45E-12,6.64515451,2612.84826,16039734,0,0.415,MLI2011,0,1.0000,0.9383,,
1714,Mali,MLI,2012,1.481139064,3.33E-12,6.402087651,2523.176981,16514687,0,0.411,MLI2012,0,1.0000,0.9397,,
1715,Mali,MLI,2013,1.529725267,3.20E-12,6.431245132,2508.921422,17004033,0,0.409,MLI2013,0,1.0000,0.9419,,
1716,Mali,MLI,2014,1.627491355,3.18E-12,6.395652373,2615.67031,17551814,0,0.414,MLI2014,0,1.0000,0.9440,,
1717,Mali,MLI,2015,1.628245492,3.10E-12,6.189099047,2686.559744,18112907,0,0.413,MLI2015,0,1.0000,0.9488,,
1718,Mali,MLI,2016,1.741258257,3.08E-12,6.421809765,2759.109582,18700106,0,0.411,MLI2016,0,1.0000,0.9484,,
1719,Mali,MLI,2017,1.735545277,2.96E-12,5.515570017,2816.193289,19311355,0,0.416,MLI2017,0,1.0000,0.9534,,
1720,Mali,MLI,2018,1.747393728,2.87E-12,6.125854802,2862.406324,19934298,0,0.421,MLI2018,0,1.0000,0.9582,,
1721,Mali,MLI,2019,1.79459862,2.83E-12,6.138287632,2916.170694,20567424,0,0.425,MLI2019,0,1.0000,0.9643,,
1722,Mali,MLI,2020,1.747846043,2.77E-12,6.221668154,2796.410384,21224040,0,0.414,MLI2020,0,1.0000,0.9731,,
1723,Malta,MLT,2000,9.510034363,1.01E-11,32.82244862,31038.12502,390087,0.87157165,0.79,MLT2000,0.991154492,1.0000,0.8793,,
1724,Malta,MLT,2001,9.350600509,9.68E-12,27.20731053,30572.7694,393028,0.817620071,0.801,MLT2001,0.928632736,1.0000,0.8805,,
1725,Malta,MLT,2002,8.840896734,9.17E-12,30.94668908,31177.50672,395969,0.842459963,0.806,MLT2002,0.944600999,1.0000,0.8919,,
1726,Malta,MLT,2003,10.08420268,9.59E-12,38.31893123,32117.3429,398582,0.837715006,0.818,MLT2003,0.923423171,1.0000,0.9072,,
1727,Malta,MLT,2004,10.18897926,9.32E-12,42.87674783,32032.25,401268,0.816439365,0.832,MLT2004,0.885523736,1.0000,0.9220,,
1728,Malta,MLT,2005,10.3474343,9.03E-12,49.9720098,32745.59463,403834,0.83033526,0.84,MLT2005,0.892417848,1.0000,0.9304,,
1729,Malta,MLT,2006,10.24995844,8.81E-12,48.54364586,33388.70266,405308,0.803339527,0.838,MLT2006,0.864952624,1.0000,0.9288,,
1730,Malta,MLT,2007,10.51027153,8.71E-12,40.79967739,34948.28271,406724,0.797323719,0.845,MLT2007,0.859423697,1.0000,0.9277,,
1731,Malta,MLT,2008,10.36738872,8.98E-12,48.53506791,36252.89559,409379,0.779077305,0.848,MLT2008,0.843810797,1.0000,0.9233,,
1732,Malta,MLT,2009,9.46737887,8.73E-12,49.33261954,35478.55741,412477,0.805020148,0.854,MLT2009,0.870274544,1.0000,0.9250,,
1733,Malta,MLT,2010,10.04075002,8.32E-12,60.36916599,37492.67548,414508,0.7543799,0.867,MLT2010,0.802125931,1.0000,0.9405,,
1734,Malta,MLT,2011,9.535194309,8.24E-12,52.77166533,37704.496,416268,0.711168056,0.862,MLT2011,0.757951498,1.0000,0.9383,,
1735,Malta,MLT,2012,9.326016039,7.85E-12,35.09706031,38899.98733,420028,0.707753911,0.87,MLT2012,0.753177226,1.0000,0.9397,,
1736,Malta,MLT,2013,9.049210348,7.85E-12,30.48953555,40882.02394,425967,0.653942365,0.88,MLT2013,0.694255114,1.0000,0.9419,,
1737,Malta,MLT,2014,8.804136428,7.94E-12,26.65680304,43121.60831,434558,0.686217164,0.886,MLT2014,0.726931751,1.0000,0.9440,,
1738,Malta,MLT,2015,8.423285032,7.16E-12,29.28933094,46127.62084,445053,0.800797217,0.892,MLT2015,0.844009101,1.0000,0.9488,,
1739,Malta,MLT,2016,8.079556485,6.93E-12,19.38946038,46922.18901,455356,0.757028859,0.891,MLT2016,0.798208654,1.0000,0.9484,,
1740,Malta,MLT,2017,8.009763658,6.91E-12,21.2409513,51578.98126,467999,0.804779105,0.901,MLT2017,0.844134212,1.0000,0.9534,,
1741,Malta,MLT,2018,8.439739923,7.50E-12,24.23096975,53367.94767,484630,0.816697628,0.908,MLT2018,0.852323711,1.0000,0.9582,,
1742,Malta,MLT,2019,8.559929847,7.64E-12,23.82909694,53342.21379,504062,0.810036234,0.91,MLT2019,0.840054333,1.0000,0.9643,,
1743,Malta,MLT,2020,8.481833742,7.33E-12,20.59436023,50392.95912,515332,0.761260244,0.903,MLT2020,0.782322288,1.0000,0.9731,,
1744,Mauritania,MRT,2000,6.689592236,2.84E-11,222.6879979,5008.608071,2695003,0.418336506,0.468,MRT2000,0.475733817,1.0000,0.8793,,
1745,Mauritania,MRT,2001,7.444656735,5.56E-11,123.3455019,4847.410865,2761823,0.395817432,0.47,MRT2001,0.449559689,1.0000,0.8805,,
1746,Mauritania,MRT,2002,5.506149825,2.01E-11,31.15839392,4806.898539,2821703,0.398520664,0.475,MRT2002,0.446837872,1.0000,0.8919,,
1747,Mauritania,MRT,2003,9.346597296,9.77E-11,83.90075423,5023.652139,2883326,0.395992962,0.482,MRT2003,0.436507732,1.0000,0.9072,,
1748,Mauritania,MRT,2004,5.28174265,1.89E-11,84.40024887,5139.225525,2946575,0.423971889,0.494,MRT2004,0.459846973,1.0000,0.9220,,
1749,Mauritania,MRT,2005,4.87973263,1.65E-11,16.01962139,5445.829517,3012360,0.404259567,0.5,MRT2005,0.434485286,1.0000,0.9304,,
1750,Mauritania,MRT,2006,5.388101784,1.66E-11,33.89295732,6284.702096,3081229,0.407799481,0.512,MRT2006,0.439076155,1.0000,0.9288,,
1751,Mauritania,MRT,2007,5.051800729,1.63E-11,18.89926195,6002.778327,3153508,0.393549168,0.512,MRT2007,0.424200952,1.0000,0.9277,,
1752,Mauritania,MRT,2008,4.958047086,1.56E-11,21.74413041,5813.356089,3233336,0.375714055,0.512,MRT2008,0.406932116,1.0000,0.9233,,
1753,Mauritania,MRT,2009,5.326693491,1.53E-11,21.9287161,5639.787455,3322616,0.374032719,0.522,MRT2009,0.404351562,1.0000,0.9250,,
1754,Mauritania,MRT,2010,4.916231037,1.41E-11,20.42912807,5605.763893,3419461,0.427327105,0.525,MRT2010,0.454373389,1.0000,0.9405,,
1755,Mauritania,MRT,2011,4.258242004,1.36E-11,17.56209935,5653.217205,3524249,0.428532225,0.53,MRT2011,0.456722766,1.0000,0.9383,,
1756,Mauritania,MRT,2012,4.446991315,1.32E-11,16.15952167,5716.251958,3636113,0.417014398,0.538,MRT2012,0.443778187,1.0000,0.9397,,
1757,Mauritania,MRT,2013,4.371839333,1.33E-11,17.37634195,5769.728714,3742959,0.464545253,0.544,MRT2013,0.49318248,1.0000,0.9419,,
1758,Mauritania,MRT,2014,4.29149229,1.25E-11,15.07552319,5837.852037,3843174,0.434380276,0.547,MRT2014,0.460152894,1.0000,0.9440,,
1759,Mauritania,MRT,2015,4.215310989,1.21E-11,13.83891273,5969.542399,3946220,0.470917833,0.551,MRT2015,0.496329069,1.0000,0.9488,,
1760,Mauritania,MRT,2016,4.053912835,1.19E-11,12.33476199,5866.281453,4051890,0.49652576,0.548,MRT2016,0.523535073,1.0000,0.9484,,
1761,Mauritania,MRT,2017,4.346815033,1.17E-11,16.44266195,6050.621808,4160015,0.560645559,0.551,MRT2017,0.588062108,1.0000,0.9534,,
1762,Mauritania,MRT,2018,4.289876381,1.14E-11,17.12496808,6153.637909,4270712,0.550666194,0.561,MRT2018,0.574687421,1.0000,0.9582,,
1763,Mauritania,MRT,2019,4.428432104,1.13E-11,20.16867857,6162.210451,4383849,0.576017112,0.566,MRT2019,0.597362995,1.0000,0.9643,,
1764,Mauritania,MRT,2020,4.559709853,1.12E-11,15.51592245,5963.235503,4498604,0.603362829,0.554,MRT2020,0.620056272,1.0000,0.9731,,
1765,Mexico,MEX,2000,7.637443493,5.16E-11,32.57970241,20470.49376,97873442,0.745379508,0.712,MEX2000,0.847648323,1.0000,0.8793,,
1766,Mexico,MEX,2001,7.632450037,5.15E-11,31.63724351,20078.21839,99394288,0.751311588,0.715,MEX2001,0.853321195,1.0000,0.8805,,
1767,Mexico,MEX,2002,7.547268127,5.11E-11,32.50358098,19744.79337,100917081,0.749560156,0.722,MEX2002,0.840437889,1.0000,0.8919,,
1768,Mexico,MEX,2003,7.451556654,5.03E-11,36.65593765,19701.46339,102429341,0.739316867,0.728,MEX2003,0.814957738,1.0000,0.9072,,
1769,Mexico,MEX,2004,7.423182526,4.94E-11,34.44997924,20127.22429,103945813,0.733878858,0.732,MEX2004,0.795977235,1.0000,0.9220,,
1770,Mexico,MEX,2005,7.688799693,4.89E-11,33.97932163,20277.25528,105442402,0.74096995,0.736,MEX2005,0.796370864,1.0000,0.9304,,
1771,Mexico,MEX,2006,7.837956754,4.80E-11,34.72611922,20965.82561,106886790,0.757424358,0.745,MEX2006,0.815515935,1.0000,0.9288,,
1772,Mexico,MEX,2007,7.860961561,4.76E-11,35.08436806,21102.26883,108302973,0.757824647,0.747,MEX2007,0.816848218,1.0000,0.9277,,
1773,Mexico,MEX,2008,7.807013456,4.63E-11,36.31952783,20992.56026,109684489,0.747003093,0.75,MEX2008,0.809071541,1.0000,0.9233,,
1774,Mexico,MEX,2009,7.195865165,4.53E-11,31.00240159,19385.54372,111049428,0.684829815,0.749,MEX2009,0.740341663,1.0000,0.9250,,
1775,Mexico,MEX,2010,7.402358043,4.40E-11,34.54088977,20058.38548,112532401,0.67659291,0.751,MEX2010,0.719415665,1.0000,0.9405,,
1776,Mexico,MEX,2011,7.416986085,4.38E-11,33.97764716,20457.60017,114150481,0.678968424,0.757,MEX2011,0.723633647,1.0000,0.9383,,
1777,Mexico,MEX,2012,7.35903733,4.18E-11,31.97223194,20898.93572,115755909,0.690926,0.764,MEX2012,0.735269308,1.0000,0.9397,,
1778,Mexico,MEX,2013,7.268318576,4.20E-11,32.62371439,20805.34804,117290686,0.651777186,0.765,MEX2013,0.69195646,1.0000,0.9419,,
1779,Mexico,MEX,2014,7.042425523,4.14E-11,29.76378585,21069.76616,118755887,0.658320972,0.769,MEX2014,0.697380424,1.0000,0.9440,,
1780,Mexico,MEX,2015,6.937416469,4.13E-11,29.89409625,21408.92832,120149897,0.660534957,0.773,MEX2015,0.696178138,1.0000,0.9488,,
1781,Mexico,MEX,2016,6.808041335,4.21E-11,29.8577962,21578.26336,121519221,0.667983054,0.778,MEX2016,0.70431906,1.0000,0.9484,,
1782,Mexico,MEX,2017,6.890808845,4.31E-11,29.51617798,21777.52251,122839258,0.656522388,0.781,MEX2017,0.688627481,1.0000,0.9534,,
1783,Mexico,MEX,2018,6.835460297,4.28E-11,29.48794004,21997.77301,124013861,0.660709822,0.785,MEX2018,0.689531386,1.0000,0.9582,,
1784,Mexico,MEX,2019,6.695011151,4.29E-11,29.60283788,21704.18595,125085311,0.654206811,0.788,MEX2019,0.678450227,1.0000,0.9643,,
1785,Mexico,MEX,2020,5.823192166,4.21E-11,26.54185932,19728.48178,125998302,0.658472516,0.763,MEX2020,0.676690698,1.0000,0.9731,,
1786,Moldova,MDA,2000,4.822395458,3.25E-12,24.38531225,5727.079225,2924668,0.22535593,NA,MDA2000,0.256275594,1.0000,0.8793,,
1787,Moldova,MDA,2001,4.812165386,2.80E-12,7.871551877,6090.034744,2918135,0.234128953,NA,MDA2001,0.265917897,1.0000,0.8805,,
1788,Moldova,MDA,2002,4.645076055,2.46E-12,6.134178929,6580.278414,2911385,0.251625679,NA,MDA2002,0.282133132,1.0000,0.8919,,
1789,Moldova,MDA,2003,5.920715916,2.65E-12,4.711202391,7034.357849,2903198,0.287772194,NA,MDA2003,0.317214698,1.0000,0.9072,,
1790,Moldova,MDA,2004,5.428401969,2.47E-12,4.130014162,7573.617845,2896023,0.313493414,NA,MDA2004,0.34002018,1.0000,0.9220,,
1791,Moldova,MDA,2005,5.701462685,2.46E-12,5.286435186,8161.473447,2888985,0.345103889,0.702,MDA2005,0.370906651,1.0000,0.9304,,
1792,Moldova,MDA,2006,5.551837118,2.81E-12,5.233515183,8577.02858,2880967,0.37761768,0.711,MDA2006,0.406579524,1.0000,0.9288,,
1793,Moldova,MDA,2007,5.846004547,2.99E-12,6.093630179,8854.833976,2874299,0.388225073,0.718,MDA2007,0.418462187,1.0000,0.9277,,
1794,Moldova,MDA,2008,6.321519837,2.88E-12,7.510178712,9563.698143,2868833,0.383426354,0.728,MDA2008,0.41528523,1.0000,0.9233,,
1795,Moldova,MDA,2009,5.503497231,2.93E-12,6.539864015,9001.234321,2865213,0.371136622,0.729,MDA2009,0.401220709,1.0000,0.9250,,
1796,Moldova,MDA,2010,6.413830065,3.03E-12,6.231231576,9649.950993,2862354,0.428646456,0.739,MDA2010,0.455776244,1.0000,0.9405,,
1797,Moldova,MDA,2011,6.788440098,2.90E-12,9.115171321,10217.30878,2860699,0.491107614,0.748,MDA2011,0.523414612,1.0000,0.9383,,
1798,Moldova,MDA,2012,6.958349638,2.82E-12,8.267453486,10158.38547,2860324,0.501032491,0.754,MDA2012,0.533188522,1.0000,0.9397,,
1799,Moldova,MDA,2013,6.70008366,2.80E-12,9.509423598,11080.06346,2859558,0.490094142,0.758,MDA2013,0.520306349,1.0000,0.9419,,
1800,Moldova,MDA,2014,6.767352141,2.32E-12,12.40723761,11641.12084,2857815,0.516720516,0.762,MDA2014,0.54737854,1.0000,0.9440,,
1801,Moldova,MDA,2015,6.2159059,2.15E-12,10.41914554,11691.07975,2835978,0.5339398,0.759,MDA2015,0.56275177,1.0000,0.9488,,
1802,Moldova,MDA,2016,6.213824617,2.14E-12,9.284812191,12377.36668,2803186,0.597812999,0.763,MDA2016,0.630331993,1.0000,0.9484,,
1803,Moldova,MDA,2017,6.492342954,2.24E-12,10.86097275,13118.82194,2755189,0.694518254,0.769,MDA2017,0.728481412,1.0000,0.9534,,
1804,Moldova,MDA,2018,7.142218573,2.38E-12,12.72223144,13895.50437,2707203,0.604316091,0.772,MDA2018,0.63067764,1.0000,0.9582,,
1805,Moldova,MDA,2019,7.17719713,2.87E-12,13.29100832,14621.24014,2664224,0.616754878,0.775,MDA2019,0.63961041,1.0000,0.9643,,
1806,Moldova,MDA,2020,6.956078634,2.86E-12,13.89822403,13559.26002,2635130,0.579970235,0.77,MDA2020,0.596016467,1.0000,0.9731,,
1807,Mongolia,MNG,2000,7.697471916,5.51E-11,5.793428177,5818.243078,2450979,0.247372023,0.611,MNG2000,0.281312376,1.0000,0.8793,,
1808,Mongolia,MNG,2001,7.62143847,5.08E-11,3.670545512,5917.070884,2472601,0.249536941,0.622,MNG2001,0.28341791,1.0000,0.8805,,
1809,Mongolia,MNG,2002,6.715806886,4.66E-11,13.13432342,6117.982422,2494617,0.236949747,0.631,MNG2002,0.265677869,1.0000,0.8919,,
1810,Mongolia,MNG,2003,6.615373571,4.19E-11,4.502126425,6463.789667,2516454,0.219425616,0.643,MNG2003,0.241875455,1.0000,0.9072,,
1811,Mongolia,MNG,2004,6.532064576,4.11E-11,3.496835124,7070.667158,2537949,0.221940745,0.658,MNG2004,0.24072063,1.0000,0.9220,,
1812,Mongolia,MNG,2005,7.730016138,4.82E-11,5.020580685,7499.848039,2559255,0.237946054,0.671,MNG2005,0.255736828,1.0000,0.9304,,
1813,Mongolia,MNG,2006,8.474985951,5.12E-11,4.211934212,8043.996781,2581242,0.262699304,0.683,MNG2006,0.282847345,1.0000,0.9288,,
1814,Mongolia,MNG,2007,9.617698975,4.95E-11,10.07222539,8750.134074,2605643,0.28411174,0.696,MNG2007,0.306239933,1.0000,0.9277,,
1815,Mongolia,MNG,2008,9.481288071,4.95E-11,14.50531144,9379.854897,2633887,0.285392368,0.707,MNG2008,0.309105605,1.0000,0.9233,,
1816,Mongolia,MNG,2009,9.517859698,4.93E-11,4.603541429,9095.976989,2666713,0.256861078,0.711,MNG2009,0.277682066,1.0000,0.9250,,
1817,Mongolia,MNG,2010,8.596484744,4.70E-11,6.605122548,9507.118824,2702520,0.286856009,0.714,MNG2010,0.30501163,1.0000,0.9405,,
1818,Mongolia,MNG,2011,9.80603245,4.38E-11,7.757251826,10960.09593,2743938,0.33861893,0.725,MNG2011,0.36089462,1.0000,0.9383,,
1819,Mongolia,MNG,2012,10.88743531,4.41E-11,6.897349637,12078.91853,2792349,0.378304744,0.735,MNG2012,0.402584165,1.0000,0.9397,,
1820,Mongolia,MNG,2013,13.35497413,4.56E-11,20.0784275,13210.09457,2845153,0.360706402,0.744,MNG2013,0.382942408,1.0000,0.9419,,
1821,Mongolia,MNG,2014,11.92417865,4.07E-11,19.3082284,13943.42771,2902823,0.356975964,0.748,MNG2014,0.378156036,1.0000,0.9440,,
1822,Mongolia,MNG,2015,11.721548,4.23E-11,11.10185836,13974.59673,2964749,0.351584306,0.753,MNG2015,0.370556176,1.0000,0.9488,,
1823,Mongolia,MNG,2016,12.06027291,4.18E-11,14.13705657,13898.1457,3029555,0.366022032,0.759,MNG2016,0.385932386,1.0000,0.9484,,
1824,Mongolia,MNG,2017,12.28825656,3.97E-11,10.42691679,14401.53751,3096030,0.372369921,0.759,MNG2017,0.390579462,1.0000,0.9534,,
1825,Mongolia,MNG,2018,13.22098799,4.00E-11,15.5676958,15230.24088,3163991,0.397708131,0.767,MNG2018,0.415057003,1.0000,0.9582,,
1826,Mongolia,MNG,2019,14.97001128,3.96E-11,11.87867884,15790.69611,3232430,0.424591808,0.758,MNG2019,0.440326214,1.0000,0.9643,,
1827,Mongolia,MNG,2020,13.27256269,3.87E-11,5.156700338,14801.34208,3294335,0.428586416,0.741,MNG2020,0.440444261,1.0000,0.9731,,
1828,Morocco,MAR,2000,2.744398966,9.53E-12,62.35829662,5100.115723,28554415,0,0.528,Mar-00,0,1.0000,0.8793,,
1829,Morocco,MAR,2001,2.731037064,8.59E-12,69.92377685,5417.578613,28930097,0,0.539,Mar-01,0,1.0000,0.8805,,
1830,Morocco,MAR,2002,2.783018068,7.91E-12,87.15839428,5544.071777,29301817,0,0.55,Mar-02,0,1.0000,0.8919,,
1831,Morocco,MAR,2003,2.848431963,8.29E-12,92.95078749,5810.053223,29661270,0,0.56,Mar-03,0,1.0000,0.9072,,
1832,Morocco,MAR,2004,3.149829573,8.67E-12,89.00298593,5996.390137,30033125,0,0.567,Mar-04,0,1.0000,0.9220,,
1833,Morocco,MAR,2005,3.190570954,7.58E-12,79.47324859,6103.422363,30431902,0,0.573,Mar-05,0,1.0000,0.9304,,
1834,Morocco,MAR,2006,3.224422762,7.65E-12,84.66171818,6488.673828,30833022,0,0.579,Mar-06,0,1.0000,0.9288,,
1835,Morocco,MAR,2007,3.309617319,7.32E-12,73.36413196,6620.590332,31232633,0,0.586,Mar-07,0,1.0000,0.9277,,
1836,Morocco,MAR,2008,3.500232793,7.59E-12,69.24574081,6901.950684,31634992,0,0.593,Mar-08,0,1.0000,0.9233,,
1837,Morocco,MAR,2009,3.324390866,7.12E-12,78.15348081,7063.727051,32042877,0,0.598,Mar-09,0,1.0000,0.9250,,
1838,Morocco,MAR,2010,3.434705581,7.00E-12,65.9229905,7210.636719,32464865,0,0.607,Mar-10,0,1.0000,0.9405,,
1839,Morocco,MAR,2011,3.554005936,7.08E-12,62.95554929,7503.792969,32903699,0,0.619,Mar-11,0,1.0000,0.9383,,
1840,Morocco,MAR,2012,3.538667427,6.88E-12,54.44409476,7628.644043,33352169,0,0.629,Mar-12,0,1.0000,0.9397,,
1841,Morocco,MAR,2013,3.547624548,6.65E-12,54.80531794,7839.032227,33803527,0,0.639,Mar-13,0,1.0000,0.9419,,
1842,Morocco,MAR,2014,3.51793824,6.38E-12,52.78067457,7951.79834,34248603,0,0.648,Mar-14,0,1.0000,0.9440,,
1843,Morocco,MAR,2015,3.429245418,6.35E-12,49.81747937,8198.808594,34680458,0,0.659,Mar-15,0,1.0000,0.9488,,
1844,Morocco,MAR,2016,3.479354318,6.50E-12,42.89926417,8141.94043,35107264,0,0.665,Mar-16,0,1.0000,0.9484,,
1845,Morocco,MAR,2017,3.478320006,6.37E-12,48.70930556,8450.008789,35528115,0,0.674,Mar-17,0,1.0000,0.9534,,
1846,Morocco,MAR,2018,3.557815918,6.19E-12,47.0366049,8611.75,35927511,0,0.68,Mar-18,0,1.0000,0.9582,,
1847,Morocco,MAR,2019,3.63239726,5.77E-12,45.86913047,8768.175781,36304408,0,0.687,Mar-19,0,1.0000,0.9643,,
1848,Morocco,MAR,2020,3.456891379,6.14E-12,47.85521,8054.562988,36688772,0,0.683,Mar-20,0,1.0000,0.9731,,
1849,Mozambique,MOZ,2000,2.340455121,2.51E-11,5.286710194,711.9763935,17768505,0.323953549,0.311,MOZ2000,0.36840117,1.0000,0.8793,,
1850,Mozambique,MOZ,2001,2.020174003,2.44E-11,2.815625639,785.7901736,18220716,0.312655944,0.326,MOZ2001,0.35510692,1.0000,0.8805,,
1851,Mozambique,MOZ,2002,2.349452468,2.45E-11,6.611752651,842.6452662,18694946,0.34816537,0.335,MOZ2002,0.390377432,1.0000,0.8919,,
1852,Mozambique,MOZ,2003,2.351997117,2.40E-11,8.076527738,883.2391215,19186754,0.370954982,0.35,MOZ2003,0.408908069,1.0000,0.9072,,
1853,Mozambique,MOZ,2004,2.312490253,2.28E-11,6.492375703,934.1339648,19694411,0.365682563,0.36,MOZ2004,0.3966254,1.0000,0.9220,,
1854,Mozambique,MOZ,2005,2.346034896,2.27E-11,6.137611804,970.3899561,20211114,0.378481651,0.371,MOZ2005,0.406780005,1.0000,0.9304,,
1855,Mozambique,MOZ,2006,2.219793299,2.25E-11,4.754803078,1041.804717,20735982,0.373943292,0.379,MOZ2006,0.402623326,1.0000,0.9288,,
1856,Mozambique,MOZ,2007,1.690901581,2.11E-11,5.458639858,1095.125687,21280513,0.373811355,0.392,MOZ2007,0.402925849,1.0000,0.9277,,
1857,Mozambique,MOZ,2008,1.662759709,2.11E-11,2.733029959,1141.942562,21845571,0.364408163,0.403,MOZ2008,0.394686818,1.0000,0.9233,,
1858,Mozambique,MOZ,2009,1.519241847,2.07E-11,2.580264156,1178.709099,22436660,0.351067334,0.411,MOZ2009,0.379524618,1.0000,0.9250,,
1859,Mozambique,MOZ,2010,1.495595953,2.04E-11,1.610002137,1224.230205,23073723,0.336503621,0.419,MOZ2010,0.357801527,1.0000,0.9405,,
1860,Mozambique,MOZ,2011,1.93859383,2.02E-11,1.782506331,1275.529598,23760421,0.307218923,0.424,MOZ2011,0.327428997,1.0000,0.9383,,
1861,Mozambique,MOZ,2012,2.245107373,2.00E-11,5.863185171,1338.515949,24487611,0.282665986,0.431,MOZ2012,0.300807357,1.0000,0.9397,,
1862,Mozambique,MOZ,2013,2.401856925,1.94E-11,4.699018043,1385.832549,25251731,0.264408483,0.443,MOZ2013,0.280708134,1.0000,0.9419,,
1863,Mozambique,MOZ,2014,2.454381973,1.88E-11,5.955066471,1449.929266,26038704,0.264496797,0.45,MOZ2014,0.280189902,1.0000,0.9440,,
1864,Mozambique,MOZ,2015,2.167814935,1.81E-11,5.852467537,1512.599746,26843246,0.273329029,0.457,MOZ2015,0.288078159,1.0000,0.9488,,
1865,Mozambique,MOZ,2016,2.133886462,1.77E-11,2.809560929,1537.908533,27696493,0.274919849,0.46,MOZ2016,0.289874554,1.0000,0.9484,,
1866,Mozambique,MOZ,2017,1.997019379,1.71E-11,3.745064179,1532.007358,28569441,0.247231716,0.461,MOZ2017,0.259321779,1.0000,0.9534,,
1867,Mozambique,MOZ,2018,2.068611614,1.67E-11,1.895569384,1538.835121,29423878,0.250260012,0.469,MOZ2018,0.261176884,1.0000,0.9582,,
1868,Mozambique,MOZ,2019,2.159475103,1.64E-11,3.249390569,1528.889884,30285595,0.258072108,0.475,MOZ2019,0.267635673,1.0000,0.9643,,
1869,Mozambique,MOZ,2020,1.965062467,1.59E-11,1.899303715,1466.124765,31178239,0.252730595,0.477,MOZ2020,0.259722978,1.0000,0.9731,,
1870,Namibia,NAM,2000,7.066243599,3.70E-10,6.661749869,7858.387895,1819141,0.626148067,0.561,NAM2000,0.712057889,1.0000,0.8793,,
1871,Namibia,NAM,2001,7.012837818,3.64E-10,9.545932419,7786.541695,1856402,0.628744452,0.555,NAM2001,0.714112461,1.0000,0.8805,,
1872,Namibia,NAM,2002,5.304580568,3.56E-10,5.229749243,8017.281341,1888525,0.6368949,0.555,NAM2002,0.714112937,1.0000,0.8919,,
1873,Namibia,NAM,2003,6.365810871,3.51E-10,7.040273728,8237.365972,1915425,0.617685604,0.558,NAM2003,0.680882156,1.0000,0.9072,,
1874,Namibia,NAM,2004,5.233763835,3.47E-10,6.415787385,9130.824423,1939406,0.657735451,0.563,NAM2004,0.713390827,1.0000,0.9220,,
1875,Namibia,NAM,2005,5.334658531,3.44E-10,7.046358404,9245.136533,1962865,0.678236306,0.564,NAM2005,0.728946745,1.0000,0.9304,,
1876,Namibia,NAM,2006,5.282861126,3.39E-10,12.30220913,9773.298332,1986558,0.713099648,0.569,NAM2006,0.767791688,1.0000,0.9288,,
1877,Namibia,NAM,2007,5.789053538,3.35E-10,9.236072172,10162.24007,2011492,0.686444265,0.576,NAM2007,0.739908338,1.0000,0.9277,,
1878,Namibia,NAM,2008,6.831825632,3.34E-10,12.2087074,10286.51241,2038552,0.68093862,0.581,NAM2008,0.737517774,1.0000,0.9233,,
1879,Namibia,NAM,2009,7.272746297,3.30E-10,18.98574767,10166.28995,2067919,0.602167121,0.585,NAM2009,0.650978386,1.0000,0.9250,,
1880,Namibia,NAM,2010,6.546258408,3.22E-10,11.35602307,10614.62016,2099271,0.578629593,0.591,NAM2010,0.615252078,1.0000,0.9405,,
1881,Namibia,NAM,2011,6.613818842,3.19E-10,38.41698705,10965.27298,2132340,0.595348134,0.598,NAM2011,0.634512484,1.0000,0.9383,,
1882,Namibia,NAM,2012,7.362947525,3.16E-10,46.26401846,11266.60895,2167470,0.632026887,0.607,NAM2012,0.672590077,1.0000,0.9397,,
1883,Namibia,NAM,2013,7.621219429,3.10E-10,23.94909888,11593.57538,2204510,0.564852249,0.616,NAM2013,0.599672973,1.0000,0.9419,,
1884,Namibia,NAM,2014,7.981754068,3.05E-10,18.6056894,11982.69636,2243001,0.57648181,0.624,NAM2014,0.610685587,1.0000,0.9440,,
1885,Namibia,NAM,2015,7.574413028,3.02E-10,15.89705705,12166.56584,2282704,0.604504974,0.63,NAM2015,0.637124717,1.0000,0.9488,,
1886,Namibia,NAM,2016,7.595602681,2.97E-10,15.3900399,11846.78808,2323352,0.612977241,0.634,NAM2016,0.646321118,1.0000,0.9484,,
1887,Namibia,NAM,2017,6.829026149,2.92E-10,13.9152751,11408.72531,2364534,0.605953253,0.638,NAM2017,0.635585427,1.0000,0.9534,,
1888,Namibia,NAM,2018,6.325397909,2.85E-10,11.347319,11214.38604,2405680,0.559523373,0.642,NAM2018,0.583930969,1.0000,0.9582,,
1889,Namibia,NAM,2019,6.050120151,2.79E-10,11.25629874,10813.30447,2446644,0.538677886,0.647,NAM2019,0.558640063,1.0000,0.9643,,
1890,Namibia,NAM,2020,5.461473675,2.72E-10,8.191831675,9652.248272,2489098,0.544252189,0.647,NAM2020,0.559310198,1.0000,0.9731,,
1891,Nepal,NPL,2000,3.009221919,8.52E-12,5.660143565,2340.815631,24559500,0,0.471,NPL2000,0,1.0000,0.8793,,
1892,Nepal,NPL,2001,2.924466261,8.13E-12,4.876523057,2413.814213,24956071,0,0.472,NPL2001,0,1.0000,0.8805,,
1893,Nepal,NPL,2002,3.023239632,8.20E-12,5.684424204,2380.244246,25332178,0,0.479,NPL2002,0,1.0000,0.8919,,
1894,Nepal,NPL,2003,3.060114059,7.82E-12,5.986676902,2439.494796,25682908,0,0.486,NPL2003,0,1.0000,0.9072,,
1895,Nepal,NPL,2004,3.053948466,7.88E-12,6.437266204,2521.541052,26003965,0,0.493,NPL2004,0,1.0000,0.9220,,
1896,Nepal,NPL,2005,3.096276621,7.81E-12,7.359911482,2580.231063,26285110,0,0.5,NPL2005,0,1.0000,0.9304,,
1897,Nepal,NPL,2006,3.11203268,7.75E-12,7.031619144,2641.347995,26518971,0,0.512,NPL2006,0,1.0000,0.9288,,
1898,Nepal,NPL,2007,3.175447107,7.74E-12,7.811420036,2708.714392,26713655,0,0.516,NPL2007,0,1.0000,0.9277,,
1899,Nepal,NPL,2008,3.214923952,7.58E-12,7.906997156,2852.609832,26881544,0,0.526,NPL2008,0,1.0000,0.9233,,
1900,Nepal,NPL,2009,3.323279024,7.60E-12,7.98301404,2961.839004,27026941,0,0.538,NPL2009,0,1.0000,0.9250,,
1901,Nepal,NPL,2010,3.415851713,7.65E-12,8.473226547,3085.31407,27161567,0,0.551,NPL2010,0,1.0000,0.9405,,
1902,Nepal,NPL,2011,3.422386157,7.59E-12,7.972853622,3176.650406,27266399,0,0.559,NPL2011,0,1.0000,0.9383,,
1903,Nepal,NPL,2012,3.382024941,7.54E-12,7.271641196,3316.500735,27330694,0,0.565,NPL2012,0,1.0000,0.9397,,
1904,Nepal,NPL,2013,3.637599909,7.57E-12,8.032035586,3426.557959,27381555,0,0.57,NPL2013,0,1.0000,0.9419,,
1905,Nepal,NPL,2014,3.732889066,7.60E-12,9.788946892,3621.731689,27462106,0,0.574,NPL2014,0,1.0000,0.9440,,
1906,Nepal,NPL,2015,3.709750889,7.58E-12,10.91390584,3745.261822,27610325,0,0.575,NPL2015,0,1.0000,0.9488,,
1907,Nepal,NPL,2016,3.875385841,7.61E-12,11.36330188,3743.744578,27861186,0,0.58,NPL2016,0,1.0000,0.9484,,
1908,Nepal,NPL,2017,4.104222575,7.56E-12,13.11161941,4071.704318,28183426,0,0.588,NPL2017,0,1.0000,0.9534,,
1909,Nepal,NPL,2018,4.197715205,7.43E-12,12.6127855,4371.385718,28506712,0,0.596,NPL2018,0,1.0000,0.9582,,
1910,Nepal,NPL,2019,4.243825392,7.37E-12,12.84261995,4607.524547,28832496,0,0.604,NPL2019,0,1.0000,0.9643,,
1911,Nepal,NPL,2020,4.093079011,7.13E-12,10.13979557,4412.542044,29348627,0,0.599,NPL2020,0,1.0000,0.9731,,
1912,Netherlands,NLD,2000,19.61285258,1.95E-11,42.55809031,56016.87272,15925513,1.079261978,0.9,NLD2000,1.227340698,1.0000,0.8793,,
1913,Netherlands,NLD,2001,19.27862385,1.86E-11,43.38210346,56887.43327,16046180,1.100837489,0.902,NLD2001,1.250304103,1.0000,0.8805,,
1914,Netherlands,NLD,2002,19.57280249,1.84E-11,45.55323716,56664.41344,16148929,1.12699417,0.898,NLD2002,1.263632536,1.0000,0.8919,,
1915,Netherlands,NLD,2003,20.23986704,1.91E-11,50.36707338,56452.86748,16225302,1.086929498,0.901,NLD2003,1.198135257,1.0000,0.9072,,
1916,Netherlands,NLD,2004,20.3912282,1.98E-11,57.92104807,57391.36452,16281779,1.069661847,0.904,NLD2004,1.160173059,1.0000,0.9220,,
1917,Netherlands,NLD,2005,20.01459716,1.93E-11,58.9183841,58422.01352,16319868,1.108825377,0.907,NLD2005,1.191730142,1.0000,0.9304,,
1918,Netherlands,NLD,2006,20.02397627,1.89E-11,60.59414107,60391.54427,16346101,1.081948185,0.914,NLD2006,1.164929509,1.0000,0.9288,,
1919,Netherlands,NLD,2007,20.70273877,1.87E-11,65.15287269,62601.62057,16381696,1.074305119,0.92,NLD2007,1.157977939,1.0000,0.9277,,
1920,Netherlands,NLD,2008,20.26885103,1.79E-11,59.76438301,63678.40328,16445593,1.040656017,0.92,NLD2008,1.127124071,1.0000,0.9233,,
1921,Netherlands,NLD,2009,18.80851859,1.59E-11,49.13866118,61029.72989,16530388,0.996602008,0.92,NLD2009,1.077385902,1.0000,0.9250,,
1922,Netherlands,NLD,2010,19.09213612,1.56E-11,52.08947059,61518.55401,16615394,0.910114877,0.925,NLD2010,0.967717648,1.0000,0.9405,,
1923,Netherlands,NLD,2011,18.2398165,1.62E-11,54.40302286,62318.14162,16693074,0.893380432,0.935,NLD2011,0.952150524,1.0000,0.9383,,
1924,Netherlands,NLD,2012,17.40317709,1.43E-11,43.40014789,61480.8126,16754962,0.896673575,0.935,NLD2012,0.954221666,1.0000,0.9397,,
1925,Netherlands,NLD,2013,17.64698897,1.44E-11,44.16205184,61281.28881,16804432,0.912063434,0.937,NLD2013,0.968288243,1.0000,0.9419,,
1926,Netherlands,NLD,2014,16.54931487,1.35E-11,37.06652842,62045.85638,16865008,0.884779443,0.939,NLD2014,0.937275112,1.0000,0.9440,,
1927,Netherlands,NLD,2015,16.85053615,1.33E-11,36.79195076,63081.39414,16939923,0.898212617,0.94,NLD2015,0.946681142,1.0000,0.9488,,
1928,Netherlands,NLD,2016,16.29973858,1.30E-11,36.1031619,64267.73636,17030314,0.902077603,0.941,NLD2016,0.951147556,1.0000,0.9484,,
1929,Netherlands,NLD,2017,16.30477428,1.35E-11,43.22520159,65666.00366,17131296,0.913834682,0.945,NLD2017,0.958522797,1.0000,0.9534,,
1930,Netherlands,NLD,2018,16.6047323,1.36E-11,55.77707964,66758.26401,17231624,0.918679893,0.947,NLD2018,0.958754659,1.0000,0.9582,,
1931,Netherlands,NLD,2019,16.17411337,1.31E-11,45.52858681,67847.85429,17344874,0.944272906,0.95,NLD2019,0.979265511,1.0000,0.9643,,
1932,Netherlands,NLD,2020,15.72187208,1.33E-11,41.53279973,64862.19225,17441500,0.942048553,0.945,NLD2020,0.968112528,1.0000,0.9731,,
1933,New Zealand,NZL,2000,16.56602675,1.33E-10,13.18351275,35879.79113,3857700,0.78089353,0.896,NZL2000,0.888034999,1.0000,0.8793,,
1934,New Zealand,NZL,2001,17.09692771,1.35E-10,13.5468407,36885.64468,3880500,0.789142309,0.902,NZL2001,0.896288395,1.0000,0.8805,,
1935,New Zealand,NZL,2002,17.71711392,1.10E-10,16.76115653,37959.06506,3948500,0.789188126,0.905,NZL2002,0.88487041,1.0000,0.8919,,
1936,New Zealand,NZL,2003,18.93870975,1.05E-10,19.82054929,38976.91263,4027200,0.795457589,0.91,NZL2003,0.87684232,1.0000,0.9072,,
1937,New Zealand,NZL,2004,19.36625479,1.02E-10,24.88447256,39971.7705,4087500,0.774826334,0.912,NZL2004,0.84038955,1.0000,0.9220,,
1938,New Zealand,NZL,2005,20.43323213,1.06E-10,27.66795366,40848.29814,4133900,0.776736793,0.917,NZL2005,0.834811926,1.0000,0.9304,,
1939,New Zealand,NZL,2006,19.36787738,1.04E-10,21.98712683,41475.12174,4184600,0.775498408,0.918,NZL2006,0.834976196,1.0000,0.9288,,
1940,New Zealand,NZL,2007,19.79288536,1.03E-10,24.12254164,42346.08948,4223800,0.813211537,0.921,NZL2007,0.876548946,1.0000,0.9277,,
1941,New Zealand,NZL,2008,18.67992902,9.35E-11,23.59640024,41561.18207,4259800,0.807649882,0.92,NZL2008,0.874757469,1.0000,0.9233,,
1942,New Zealand,NZL,2009,17.7376806,1.04E-10,20.16714084,41132.33685,4302600,0.83277713,0.923,NZL2009,0.900281489,1.0000,0.9250,,
1943,New Zealand,NZL,2010,17.44198221,9.48E-11,21.10349677,41270.92851,4350700,0.841331772,0.926,NZL2010,0.894581139,1.0000,0.9405,,
1944,New Zealand,NZL,2011,17.94293407,9.84E-11,21.87304604,41814.88518,4384000,0.853386835,0.927,NZL2011,0.90952599,1.0000,0.9383,,
1945,New Zealand,NZL,2012,18.25855391,9.31E-11,29.03391585,42570.33328,4408100,0.844718463,0.929,NZL2012,0.898932099,1.0000,0.9397,,
1946,New Zealand,NZL,2013,18.005107,9.01E-11,31.29922591,43338.43738,4442100,0.785746386,0.933,NZL2013,0.834184289,1.0000,0.9419,,
1947,New Zealand,NZL,2014,18.50562651,8.66E-11,25.69255606,44255.50466,4516500,0.780063658,0.932,NZL2014,0.826346338,1.0000,0.9440,,
1948,New Zealand,NZL,2015,17.90117377,8.74E-11,23.59399187,44963.83392,4609400,0.806534121,0.934,NZL2015,0.850055575,1.0000,0.9488,,
1949,New Zealand,NZL,2016,17.85311247,9.02E-11,24.38005652,45626.68184,4714100,0.832850745,0.938,NZL2016,0.878154993,1.0000,0.9484,,
1950,New Zealand,NZL,2017,18.06690981,8.75E-11,33.17874253,46193.28848,4813600,0.849833129,0.936,NZL2017,0.891391456,1.0000,0.9534,,
1951,New Zealand,NZL,2018,17.61106602,8.33E-11,42.46680956,46947.93725,4900600,0.836227616,0.938,NZL2018,0.872705638,1.0000,0.9582,,
1952,New Zealand,NZL,2019,17.61192552,8.25E-11,38.29803043,47277.66283,4979200,0.85565763,0.938,NZL2019,0.887366354,1.0000,0.9643,,
1953,New Zealand,NZL,2020,17.95082036,9.29E-11,31.06279832,46104.60579,5090200,0.881379571,0.94,NZL2020,0.905764997,1.0000,0.9731,,
1954,Nicaragua,NIC,2000,4.011852531,9.03E-11,5.051446371,4878.24777,5123222,0.43417,0.593,NIC2000,0.493739724,1.0000,0.8793,,
1955,Nicaragua,NIC,2001,4.062234851,8.61E-11,11.44069017,4958.327711,5192764,0.43180306,0.601,NIC2001,0.490431279,1.0000,0.8805,,
1956,Nicaragua,NIC,2002,3.912402531,9.12E-11,5.10195652,4935.48539,5259006,0.424014902,0.609,NIC2002,0.475423068,1.0000,0.8919,,
1957,Nicaragua,NIC,2003,3.564180976,8.00E-11,6.902283529,5000.611766,5323062,0.426285509,0.615,NIC2003,0.469899565,1.0000,0.9072,,
1958,Nicaragua,NIC,2004,3.781793949,8.11E-11,6.624294329,5204.382028,5386223,0.427353628,0.623,NIC2004,0.463514864,1.0000,0.9220,,
1959,Nicaragua,NIC,2005,3.826702799,8.31E-11,9.429501326,5356.95851,5454678,0.436056411,0.63,NIC2005,0.46865952,1.0000,0.9304,,
1960,Nicaragua,NIC,2006,3.851957398,7.88E-11,6.302620832,5500.405776,5529811,0.425955351,0.636,NIC2006,0.458624512,1.0000,0.9288,,
1961,Nicaragua,NIC,2007,4.134931237,7.75E-11,8.785146133,5697.211095,5607453,0.426707745,0.642,NIC2007,0.459942102,1.0000,0.9277,,
1962,Nicaragua,NIC,2008,3.873029001,7.37E-11,7.404253261,5809.099645,5687744,0.423958714,0.646,NIC2008,0.459185421,1.0000,0.9233,,
1963,Nicaragua,NIC,2009,3.787719367,7.12E-11,10.94119979,5538.365893,5770639,0.41342228,0.646,NIC2009,0.446934015,1.0000,0.9250,,
1964,Nicaragua,NIC,2010,3.809188325,6.80E-11,6.600722748,5701.127902,5855734,0.40893599,0.651,NIC2010,0.434818268,1.0000,0.9405,,
1965,Nicaragua,NIC,2011,3.993193662,6.57E-11,6.59774949,5976.252845,5942553,0.407982993,0.657,NIC2011,0.434821725,1.0000,0.9383,,
1966,Nicaragua,NIC,2012,3.997321165,6.55E-11,4.928782737,6275.787691,6030607,0.398660441,0.664,NIC2012,0.424246281,1.0000,0.9397,,
1967,Nicaragua,NIC,2013,3.852946523,6.11E-11,3.105775013,6494.149611,6119379,0.390887253,0.668,NIC2013,0.414983779,1.0000,0.9419,,
1968,Nicaragua,NIC,2014,3.937611263,5.82E-11,5.372994069,6712.217498,6208676,0.398614093,0.674,NIC2014,0.422264636,1.0000,0.9440,,
1969,Nicaragua,NIC,2015,3.975171916,5.64E-11,3.784417413,6939.032862,6298598,0.410397006,0.679,NIC2015,0.432542473,1.0000,0.9488,,
1970,Nicaragua,NIC,2016,4.377294039,6.11E-11,5.167877468,7158.757998,6389235,0.418836276,0.684,NIC2016,0.441619545,1.0000,0.9484,,
1971,Nicaragua,NIC,2017,4.248257712,6.00E-11,3.615065073,7391.196839,6480532,0.416547777,0.688,NIC2017,0.436917692,1.0000,0.9534,,
1972,Nicaragua,NIC,2018,3.970477436,5.76E-11,3.497205631,7049.027534,6572233,0.382947327,0.69,NIC2018,0.399652302,1.0000,0.9582,,
1973,Nicaragua,NIC,2019,3.99389345,7.77E-11,3.750164265,6756.593758,6663924,0.364984791,0.69,NIC2019,0.378510296,1.0000,0.9643,,
1974,Nicaragua,NIC,2020,3.779518335,7.66E-11,4.441386908,6523.36985,6755895,0.359888763,0.676,NIC2020,0.369845927,1.0000,0.9731,,
1975,Niger,NER,2000,1.649107913,3.76E-12,2.591132581,1190.566745,11622665,0.213257634,0.266,NER2000,0.242517367,1.0000,0.8793,,
1976,Niger,NER,2001,1.582334568,3.64E-12,2.107182178,1233.065118,12031430,0.229423558,0.272,NER2001,0.260573626,1.0000,0.8805,,
1977,Niger,NER,2002,1.278215473,3.42E-12,2.135513921,1248.823137,12456517,0.237070712,0.278,NER2002,0.2658135,1.0000,0.8919,,
1978,Niger,NER,2003,1.302306966,3.38E-12,2.962644226,1231.278092,12900790,0.244604063,0.284,NER2003,0.269629955,1.0000,0.9072,,
1979,Niger,NER,2004,1.471509316,3.33E-12,2.878523233,1192.082351,13366885,0.227265472,0.292,NER2004,0.246495917,1.0000,0.9220,,
1980,Niger,NER,2005,1.306627251,3.53E-12,3.510178136,1233.875511,13855221,0.232901193,0.302,NER2005,0.250314772,1.0000,0.9304,,
1981,Niger,NER,2006,1.272163151,3.38E-12,3.447047698,1260.120467,14365168,0.234896576,0.309,NER2006,0.252912253,1.0000,0.9288,,
1982,Niger,NER,2007,1.26192855,3.34E-12,2.742505062,1252.748273,14897873,0.234770249,0.313,NER2007,0.253055453,1.0000,0.9277,,
1983,Niger,NER,2008,1.342111079,3.27E-12,2.765209414,1300.554185,15455175,0.240750986,0.323,NER2008,0.260754973,1.0000,0.9233,,
1984,Niger,NER,2009,1.315574749,3.15E-12,3.181321652,1277.69231,16037915,0.233907823,0.329,NER2009,0.252868235,1.0000,0.9250,,
1985,Niger,NER,2010,1.40829263,3.10E-12,3.199136379,1336.564102,16647543,0.253363942,0.339,NER2010,0.269399792,1.0000,0.9405,,
1986,Niger,NER,2011,1.255592881,3.05E-12,3.125534403,1318.10131,17283112,0.227317506,0.346,NER2011,0.242271349,1.0000,0.9383,,
1987,Niger,NER,2012,1.353798495,2.92E-12,2.638120743,1403.189711,17954407,0.243018165,0.356,NER2012,0.258614957,1.0000,0.9397,,
1988,Niger,NER,2013,1.553592875,2.93E-12,2.930552899,1423.26169,18653199,0.249424983,0.362,NER2013,0.264800966,1.0000,0.9419,,
1989,Niger,NER,2014,1.740421302,2.89E-12,2.868729566,1462.82123,19372014,0.24913684,0.369,NER2014,0.263918608,1.0000,0.9440,,
1990,Niger,NER,2015,1.954565052,2.83E-12,2.909014191,1471.661353,20128124,0.249019474,0.374,NER2015,0.262456834,1.0000,0.9488,,
1991,Niger,NER,2016,2.070644294,2.81E-12,3.266557886,1500.008587,20921743,0.242597594,0.38,NER2016,0.255794078,1.0000,0.9484,,
1992,Niger,NER,2017,1.92229044,2.75E-12,3.857420617,1520.001537,21737922,0.231325161,0.384,NER2017,0.242637366,1.0000,0.9534,,
1993,Niger,NER,2018,1.993483318,2.67E-12,3.934147688,1574.338383,22577058,0.244241903,0.391,NER2018,0.254896253,1.0000,0.9582,,
1994,Niger,NER,2019,1.904871706,2.51E-12,3.543582428,1612.637347,23443393,0.263796566,0.4,NER2019,0.273572266,1.0000,0.9643,,
1995,Niger,NER,2020,2.071850572,2.48E-12,3.427861145,1615.692724,24333639,0.278846113,0.404,NER2020,0.286561042,1.0000,0.9731,,
1996,Nigeria,NGA,2000,3.999013165,6.53E-12,1.690840719,3290.705661,122851984,0.178048972,0.435,NGA2000,0.202477947,1.0000,0.8793,,
1997,Nigeria,NGA,2001,4.242759089,6.41E-12,2.175028679,3392.035285,126152678,0.159636501,0.438,NGA2001,0.181311205,1.0000,0.8805,,
1998,Nigeria,NGA,2002,4.119800904,6.36E-12,2.45979688,3806.215896,129583026,0.168874369,0.451,NGA2002,0.189348936,1.0000,0.8919,,
1999,Nigeria,NGA,2003,4.246752268,6.30E-12,2.828366549,3974.767875,133119801,0.187678994,0.464,NGA2003,0.206880778,1.0000,0.9072,,
2000,Nigeria,NGA,2004,4.18904176,6.08E-12,2.516123432,4223.797948,136756848,0.210066972,0.477,NGA2004,0.227842137,1.0000,0.9220,,
2001,Nigeria,NGA,2005,4.183997722,6.11E-12,3.195428333,4372.975611,140490722,0.306287431,0.484,NGA2005,0.329187959,1.0000,0.9304,,
2002,Nigeria,NGA,2006,3.994595714,6.04E-12,3.517604958,4511.639524,144329764,0.329123066,0.489,NGA2006,0.354365557,1.0000,0.9288,,
2003,Nigeria,NGA,2007,4.17151202,6.18E-12,4.257357904,4677.541847,148294028,0.345045769,0.492,NGA2007,0.371919841,1.0000,0.9277,,
2004,Nigeria,NGA,2008,4.080145379,5.93E-12,3.827549878,4856.812801,152382506,0.33893554,0.497,NGA2008,0.367097676,1.0000,0.9233,,
2005,Nigeria,NGA,2009,4.076702695,5.63E-12,3.767878507,5102.916404,156595758,0.348128783,0.499,NGA2009,0.37634787,1.0000,0.9250,,
2006,Nigeria,NGA,2010,4.197694673,5.53E-12,4.138570101,5359.518484,160952853,0.389555557,0.502,NGA2010,0.414211214,1.0000,0.9405,,
2007,Nigeria,NGA,2011,4.352575653,5.44E-12,4.238863327,5488.004815,165463745,0.41015562,0.508,NGA2011,0.437137276,1.0000,0.9383,,
2008,Nigeria,NGA,2012,4.188787627,5.14E-12,3.030604753,5563.641676,170075932,0.454143339,0.512,NGA2012,0.483290046,1.0000,0.9397,,
2009,Nigeria,NGA,2013,4.448203852,5.11E-12,3.735602379,5775.866347,174726123,0.500261023,0.517,NGA2013,0.531099975,1.0000,0.9419,,
2010,Nigeria,NGA,2014,4.410589505,5.10E-12,7.07946807,5980.191816,179379016,0.532950575,0.524,NGA2014,0.564571559,1.0000,0.9440,,
2011,Nigeria,NGA,2015,4.347110295,5.01E-12,5.856680121,5985.094352,183995785,0.548053276,0.53,NGA2015,0.577626824,1.0000,0.9488,,
2012,Nigeria,NGA,2016,4.303755403,5.12E-12,5.471243653,5744.557879,188666931,0.531239133,0.532,NGA2016,0.560136735,1.0000,0.9484,,
2013,Nigeria,NGA,2017,4.311178831,4.88E-12,5.597678796,5651.734132,193495907,0.518902829,0.534,NGA2017,0.544278085,1.0000,0.9534,,
2014,Nigeria,NGA,2018,4.344259968,4.79E-12,6.22002256,5628.740794,198387623,0.477530058,0.537,NGA2018,0.498360932,1.0000,0.9582,,
2015,Nigeria,NGA,2019,4.390206929,4.88E-12,7.213552866,5628.177652,203304492,0.438213499,0.544,NGA2019,0.454452693,1.0000,0.9643,,
2016,Nigeria,NGA,2020,4.271856239,4.25E-12,2.806255624,5410.693555,208327405,0.3911206,0.547,NGA2020,0.401941866,1.0000,0.9731,,
2017,Norway,NOR,2000,17.15746985,1.37E-11,24.05554718,77587.20732,4490967,1.1276831,0.924,NOR2000,1.282405376,1.0000,0.8793,,
2018,Norway,NOR,2001,16.84801951,1.32E-11,25.32011188,78791.30457,4513751,1.115494105,0.923,NOR2001,1.266950727,1.0000,0.8805,,
2019,Norway,NOR,2002,17.96414371,1.39E-11,31.21406657,79447.09148,4538159,1.148980624,0.923,NOR2002,1.288284659,1.0000,0.8919,,
2020,Norway,NOR,2003,18.34376317,1.40E-11,33.64172798,79728.785,4564855,1.208662687,0.93,NOR2003,1.332323194,1.0000,0.9072,,
2021,Norway,NOR,2004,18.83416595,1.42E-11,39.35270499,82440.95588,4591910,1.218715683,0.937,NOR2004,1.321839333,1.0000,0.9220,,
2022,Norway,NOR,2005,19.30520714,1.36E-11,36.90234263,84079.99624,4623291,1.357353066,0.939,NOR2005,1.458839774,1.0000,0.9304,,
2023,Norway,NOR,2006,19.80628052,1.43E-11,41.10816129,85458.54669,4660677,1.356807997,0.942,NOR2006,1.460870028,1.0000,0.9288,,
2024,Norway,NOR,2007,20.93568926,1.43E-11,46.00929334,87043.49794,4709153,1.305082096,0.943,NOR2007,1.406729102,1.0000,0.9277,,
2025,Norway,NOR,2008,20.18009514,1.26E-11,43.56233847,86379.66248,4768212,1.362337638,0.943,NOR2008,1.475534201,1.0000,0.9233,,
2026,Norway,NOR,2009,18.4704536,1.17E-11,42.00462043,83642.06957,4828726,1.174206823,0.944,NOR2009,1.269387245,1.0000,0.9250,,
2027,Norway,NOR,2010,21.47352368,1.25E-11,42.89655944,83256.78807,4889252,1.179657432,0.947,NOR2010,1.254320025,1.0000,0.9405,,
2028,Norway,NOR,2011,20.10239217,1.26E-11,39.72859681,83092.43422,4953088,1.278163961,0.949,NOR2011,1.362246633,1.0000,0.9383,,
2029,Norway,NOR,2012,19.52913501,1.18E-11,32.55617631,84237.14957,5018573,1.274006294,0.95,NOR2012,1.355771422,1.0000,0.9397,,
2030,Norway,NOR,2013,19.92813499,1.19E-11,34.91659321,84070.45839,5079623,1.180999564,0.953,NOR2013,1.253803134,1.0000,0.9419,,
2031,Norway,NOR,2014,18.84534821,1.13E-11,33.7516001,84830.2558,5137232,1.131146716,0.956,NOR2014,1.19825983,1.0000,0.9440,,
2032,Norway,NOR,2015,17.36008975,1.01E-11,27.90614618,85550.29426,5188607,1.004615813,0.959,NOR2015,1.05882597,1.0000,0.9488,,
2033,Norway,NOR,2016,17.61395635,1.02E-11,27.02167364,85787.61744,5234519,0.955643832,0.962,NOR2016,1.007627606,1.0000,0.9484,,
2034,Norway,NOR,2017,17.3470004,1.03E-11,28.21725528,87194.11154,5276968,0.99206069,0.965,NOR2017,1.040574193,1.0000,0.9534,,
2035,Norway,NOR,2018,17.7619799,1.08E-11,30.48202169,87338.4708,5311916,1.045756861,0.966,NOR2018,1.091374993,1.0000,0.9582,,
2036,Norway,NOR,2019,17.53114431,1.08E-11,30.00094277,87725.72833,5347896,1.057670897,0.967,NOR2019,1.096865773,1.0000,0.9643,,
2037,Norway,NOR,2020,16.0235919,9.32E-12,25.51462135,86096.05089,5379475,1.049159422,0.969,NOR2020,1.07818687,1.0000,0.9731,,
2038,Oman,OMN,2000,17.3092424,1.01E-11,371.5486701,42086.04315,2344253,0,0.707,OMN2000,0,1.0000,0.8793,,
2039,Oman,OMN,2001,19.39647272,1.19E-11,352.0890142,43492.28638,2374653,0,0.719,OMN2001,0,1.0000,0.8805,,
2040,Oman,OMN,2002,18.72666419,1.52E-11,369.9199582,42654.14827,2403659,0,0.729,OMN2002,0,1.0000,0.8919,,
2041,Oman,OMN,2003,18.46291131,1.03E-11,275.7260059,41247.58737,2431600,0,0.739,OMN2003,0,1.0000,0.9072,,
2042,Oman,OMN,2004,20.06946915,1.09E-11,339.6261772,41351.76874,2468855,0,0.743,OMN2004,0,1.0000,0.9220,,
2043,Oman,OMN,2005,14.53700094,9.90E-12,307.9833372,41551.14138,2515192,0,0.756,OMN2005,0,1.0000,0.9304,,
2044,Oman,OMN,2006,19.39964853,1.04E-11,352.336961,42540.43985,2560649,0,0.766,OMN2006,0,1.0000,0.9288,,
2045,Oman,OMN,2007,19.92938903,1.17E-11,379.8808324,43696.96914,2605700,0,0.774,OMN2007,0,1.0000,0.9277,,
2046,Oman,OMN,2008,21.32636777,1.48E-11,475.6665876,46586.39559,2651028,0,0.782,OMN2008,0,1.0000,0.9233,,
2047,Oman,OMN,2009,23.12061917,1.79E-11,434.858875,48304.11789,2697537,0,0.799,OMN2009,0,1.0000,0.9250,,
2048,Oman,OMN,2010,21.26088558,1.22E-11,410.8039028,48191.61451,2881914,0,0.804,OMN2010,0,1.0000,0.9405,,
2049,Oman,OMN,2011,21.3313382,1.16E-11,335.4768588,44440.30926,3206870,0,0.822,OMN2011,0,1.0000,0.9383,,
2050,Oman,OMN,2012,22.28943773,1.17E-11,282.3448558,41964.08286,3535579,0,0.824,OMN2012,0,1.0000,0.9397,,
2051,Oman,OMN,2013,23.00414968,1.27E-11,291.5000482,40854.48535,3816680,0,0.827,OMN2013,0,1.0000,0.9419,,
2052,Oman,OMN,2014,22.22643804,1.06E-11,212.2583479,39639.98705,4009267,0,0.831,OMN2014,0,1.0000,0.9440,,
2053,Oman,OMN,2015,23.97592682,1.11E-11,229.2827771,39813.78871,4191776,0,0.838,OMN2015,0,1.0000,0.9488,,
2054,Oman,OMN,2016,24.22876884,1.02E-11,188.61833,39860.98939,4398070,0,0.845,OMN2016,0,1.0000,0.9484,,
2055,Oman,OMN,2017,23.59178897,1.14E-11,174.0365673,38691.10771,4541854,0,0.848,OMN2017,0,1.0000,0.9534,,
2056,Oman,OMN,2018,23.08587533,1.05E-11,215.2309353,38673.60454,4601157,0,0.854,OMN2018,0,1.0000,0.9582,,
2057,Oman,OMN,2019,21.08476768,8.88E-12,225.5428721,38292.38597,4602768,0,0.857,OMN2019,0,1.0000,0.9643,,
2058,Oman,OMN,2020,24.42251467,1.09E-11,197.8141468,37560.59987,4543399,0,0.843,OMN2020,0,1.0000,0.9731,,
2059,Pakistan,PAK,2000,2.686169212,1.55E-12,363.0674726,3531.712915,154369924,0,0.436,PAK2000,0,1.0000,0.8793,,
2060,Pakistan,PAK,2001,2.648996049,1.07E-12,338.6819378,3559.727847,159217727,0,0.443,PAK2001,0,1.0000,0.8805,,
2061,Pakistan,PAK,2002,2.647322653,1.06E-12,336.3085538,3563.678469,163262807,0,0.45,PAK2002,0,1.0000,0.8919,,
2062,Pakistan,PAK,2003,2.593475108,1.08E-12,339.9410707,3668.779389,166876680,0,0.458,PAK2003,0,1.0000,0.9072,,
2063,Pakistan,PAK,2004,2.721219844,1.05E-12,351.3439848,3859.646018,170648620,0,0.472,PAK2004,0,1.0000,0.9220,,
2064,Pakistan,PAK,2005,2.766785566,1.17E-12,369.2064893,4042.154575,174372098,0,0.48,PAK2005,0,1.0000,0.9304,,
2065,Pakistan,PAK,2006,2.911465722,1.24E-12,356.8484228,4185.866557,178069984,0,0.489,PAK2006,0,1.0000,0.9288,,
2066,Pakistan,PAK,2007,3.034111815,1.19E-12,380.6511981,4257.925569,181924521,0,0.495,PAK2007,0,1.0000,0.9277,,
2067,Pakistan,PAK,2008,3.031128173,1.15E-12,381.2918846,4233.348307,185931955,0,0.496,PAK2008,0,1.0000,0.9233,,
2068,Pakistan,PAK,2009,2.969039521,1.04E-12,385.1249753,4270.438823,190123222,0,0.497,PAK2009,0,1.0000,0.9250,,
2069,Pakistan,PAK,2010,2.86125647,9.90E-13,354.0917206,4228.781772,194454498,0,0.5,PAK2010,0,1.0000,0.9405,,
2070,Pakistan,PAK,2011,2.896741,9.51E-13,342.3245252,4246.067109,198602738,0,0.504,PAK2011,0,1.0000,0.9383,,
2071,Pakistan,PAK,2012,2.93571174,9.33E-13,284.5215007,4292.021103,202205861,0,0.508,PAK2012,0,1.0000,0.9397,,
2072,Pakistan,PAK,2013,3.000473579,9.27E-13,269.0469676,4407.147058,205337562,0,0.512,PAK2013,0,1.0000,0.9419,,
2073,Pakistan,PAK,2014,3.053950798,9.29E-13,272.7618972,4520.234634,208251628,0,0.522,PAK2014,0,1.0000,0.9440,,
2074,Pakistan,PAK,2015,3.101884623,9.63E-13,274.0363946,4645.286311,210969298,0,0.527,PAK2015,0,1.0000,0.9488,,
2075,Pakistan,PAK,2016,3.245613611,9.45E-13,270.236618,4886.612121,213524840,0,0.535,PAK2016,0,1.0000,0.9484,,
2076,Pakistan,PAK,2017,3.412518227,9.78E-13,284.6996618,5031.560607,216379655,0,0.537,PAK2017,0,1.0000,0.9534,,
2077,Pakistan,PAK,2018,3.329482066,1.11E-12,258.1324729,5255.063507,219731479,0,0.538,PAK2018,0,1.0000,0.9582,,
2078,Pakistan,PAK,2019,3.310738956,1.32E-12,232.5162565,5295.952951,223293280,0,0.54,PAK2019,0,1.0000,0.9643,,
2079,Pakistan,PAK,2020,3.369485684,1.29E-12,251.8172317,5135.014593,227196741,0,0.536,PAK2020,0,1.0000,0.9731,,
2080,Panama,PAN,2000,3.806317662,1.30E-10,4.9421135,14572.97523,3001731,0.765835282,0.718,PAN2000,0.870910704,1.0000,0.8793,,
2081,Panama,PAN,2001,3.89968077,1.29E-10,3.890625141,14427.82996,3061024,0.756776305,0.723,PAN2001,0.859527886,1.0000,0.8805,,
2082,Panama,PAN,2002,4.012655795,1.31E-10,4.04069004,14507.14381,3120990,0.773243197,0.73,PAN2002,0.866992295,1.0000,0.8919,,
2083,Panama,PAN,2003,3.921856954,1.27E-10,4.005644403,14957.55326,3181608,0.848981368,0.735,PAN2003,0.935842216,1.0000,0.9072,,
2084,Panama,PAN,2004,4.046857032,1.24E-10,3.940907014,15875.11268,3243311,0.827736651,0.741,PAN2004,0.897776961,1.0000,0.9220,,
2085,Panama,PAN,2005,3.922640838,1.14E-10,4.798858107,16867.96093,3305868,0.965493691,0.746,PAN2005,1.037681818,1.0000,0.9304,,
2086,Panama,PAN,2006,3.968299493,1.10E-10,4.365820145,18190.27412,3368573,1.008778312,0.753,PAN2006,1.086147785,1.0000,0.9288,,
2087,Panama,PAN,2007,5.223785834,1.15E-10,6.687449613,20208.82157,3431614,0.873534581,0.763,PAN2007,0.941570282,1.0000,0.9277,,
2088,Panama,PAN,2008,5.190232392,1.14E-10,10.47770519,21867.81876,3495276,0.85275546,0.767,PAN2008,0.923610866,1.0000,0.9233,,
2089,Panama,PAN,2009,4.864873921,1.08E-10,8.75075467,21822.98769,3559343,0.852448506,0.77,PAN2009,0.921547413,1.0000,0.9250,,
2090,Panama,PAN,2010,5.597370154,1.16E-10,11.52665061,22739.11062,3623617,0.862946008,0.775,PAN2010,0.917563379,1.0000,0.9405,,
2091,Panama,PAN,2011,6.071008104,1.11E-10,10.08119779,24999.46059,3688674,0.891219969,0.781,PAN2011,0.949847937,1.0000,0.9383,,
2092,Panama,PAN,2012,6.655675009,1.10E-10,9.761846765,26926.88528,3754862,0.918376927,0.798,PAN2012,0.977317929,1.0000,0.9397,,
2093,Panama,PAN,2013,6.784661435,1.10E-10,10.0631075,28135.3279,3821556,0.889036686,0.799,PAN2013,0.943841994,1.0000,0.9419,,
2094,Panama,PAN,2014,6.693332445,1.08E-10,9.341951861,28931.80445,3888793,0.897199094,0.798,PAN2014,0.950431645,1.0000,0.9440,,
2095,Panama,PAN,2015,6.383838896,1.06E-10,8.965326317,29933.15557,3957099,0.855254348,0.803,PAN2015,0.901404798,1.0000,0.9488,,
2096,Panama,PAN,2016,6.401781703,1.07E-10,10.96795497,30765.23716,4026336,0.849687077,0.81,PAN2016,0.895907164,1.0000,0.9484,,
2097,Panama,PAN,2017,6.207743358,1.05E-10,9.397588285,31979.81227,4096063,0.876622273,0.815,PAN2017,0.919490635,1.0000,0.9534,,
2098,Panama,PAN,2018,5.769753254,1.02E-10,9.328081628,32681.44636,4165255,0.803569578,0.82,PAN2018,0.838622987,1.0000,0.9582,,
2099,Panama,PAN,2019,6.259898035,1.01E-10,9.656736982,33163.72691,4232532,0.770194845,0.824,PAN2019,0.798736513,1.0000,0.9643,,
2100,Panama,PAN,2020,4.871641055,9.77E-11,4.992081789,26881.79871,4294396,0.658810366,0.808,PAN2020,0.677037895,1.0000,0.9731,,
2101,Papua New Guinea,PNG,2000,2.243475892,1.32E-10,1.530779921,3326.7986,5508297,0,0.456,PNG2000,0,1.0000,0.8793,,
2102,Papua New Guinea,PNG,2001,2.161888786,1.49E-10,1.197036358,3211.75933,5698489,0,0.458,PNG2001,0,1.0000,0.8805,,
2103,Papua New Guinea,PNG,2002,2.389003979,2.24E-10,1.013432521,3100.7951,5892596,0,0.461,PNG2002,0,1.0000,0.8919,,
2104,Papua New Guinea,PNG,2003,2.152101962,2.20E-10,1.232060975,3064.44403,6090980,0,0.464,PNG2003,0,1.0000,0.9072,,
2105,Papua New Guinea,PNG,2004,2.156846681,2.34E-10,1.51675746,3046.332896,6293166,0,0.468,PNG2004,0,1.0000,0.9220,,
2106,Papua New Guinea,PNG,2005,2.009981736,2.30E-10,1.716042084,3136.585683,6498818,0,0.473,PNG2005,0,1.0000,0.9304,,
2107,Papua New Guinea,PNG,2006,2.073026828,2.11E-10,1.833259167,3202.487304,6708217,0,0.479,PNG2006,0,1.0000,0.9288,,
2108,Papua New Guinea,PNG,2007,1.987669059,2.11E-10,1.743884741,3345.850304,6921066,0,0.485,PNG2007,0,1.0000,0.9277,,
2109,Papua New Guinea,PNG,2008,1.986661197,2.03E-10,1.639463338,3233.918119,7137988,0,0.489,PNG2008,0,1.0000,0.9233,,
2110,Papua New Guinea,PNG,2009,2.039859102,2.16E-10,1.662550939,3349.643454,7358890,0,0.495,PNG2009,0,1.0000,0.9250,,
2111,Papua New Guinea,PNG,2010,2.110996228,2.08E-10,2.050993611,3579.171412,7583269,0,0.503,PNG2010,0,1.0000,0.9405,,
2112,Papua New Guinea,PNG,2011,2.332611572,2.06E-10,2.395811503,3514.832774,7806637,0,0.508,PNG2011,0,1.0000,0.9383,,
2113,Papua New Guinea,PNG,2012,2.653158736,2.12E-10,3.17936475,3577.451773,8026545,0,0.514,PNG2012,0,1.0000,0.9397,,
2114,Papua New Guinea,PNG,2013,2.233152369,2.02E-10,2.386976315,3615.283238,8245627,0,0.522,PNG2013,0,1.0000,0.9419,,
2115,Papua New Guinea,PNG,2014,1.908157536,1.87E-10,1.694705777,3998.61805,8464153,0,0.534,PNG2014,0,1.0000,0.9440,,
2116,Papua New Guinea,PNG,2015,1.917951862,1.78E-10,1.588494528,4154.523326,8682174,0,0.543,PNG2015,0,1.0000,0.9488,,
2117,Papua New Guinea,PNG,2016,1.861783381,1.76E-10,1.523929246,4275.748586,8899169,0,0.55,PNG2016,0,1.0000,0.9484,,
2118,Papua New Guinea,PNG,2017,1.764173471,1.78E-10,1.672876666,4322.222821,9114796,0,0.555,PNG2017,0,1.0000,0.9534,,
2119,Papua New Guinea,PNG,2018,1.831809163,1.73E-10,1.713972215,4211.145474,9329227,0,0.559,PNG2018,0,1.0000,0.9582,,
2120,Papua New Guinea,PNG,2019,1.9089425,1.73E-10,1.894246754,4301.611392,9542486,0,0.566,PNG2019,0,1.0000,0.9643,,
2121,Papua New Guinea,PNG,2020,1.768994951,1.69E-10,2.056872502,4077.631322,9749640,0,0.567,PNG2020,0,1.0000,0.9731,,
2122,Paraguay,PRY,2000,5.818550338,3.26E-11,2.442684948,9998.592854,5123819,0.37764651,0.664,PRY2000,0.429461002,1.0000,0.8793,,
2123,Paraguay,PRY,2001,5.924841938,3.18E-11,4.329582685,9749.258658,5211541,0.387741058,0.671,PRY2001,0.440386742,1.0000,0.8805,,
2124,Paraguay,PRY,2002,4.954522387,2.88E-11,1.368366009,9610.747778,5286512,0.501355797,0.679,PRY2002,0.562140882,1.0000,0.8919,,
2125,Paraguay,PRY,2003,4.769550583,2.30E-11,1.318836642,9903.45029,5353254,0.509292021,0.673,PRY2003,0.561398625,1.0000,0.9072,,
2126,Paraguay,PRY,2004,4.660348383,2.12E-11,3.181079289,10187.19439,5416324,0.501221751,0.681,PRY2004,0.543633461,1.0000,0.9220,,
2127,Paraguay,PRY,2005,4.407048761,1.96E-11,1.917564898,10290.10082,5476878,0.490266526,0.683,PRY2005,0.526922822,1.0000,0.9304,,
2128,Paraguay,PRY,2006,4.697630474,2.09E-11,2.14281252,10672.99333,5534675,0.509945301,0.684,PRY2006,0.549056172,1.0000,0.9288,,
2129,Paraguay,PRY,2007,5.23016186,2.32E-11,2.88102623,11141.87047,5590145,0.511001756,0.69,PRY2007,0.550801396,1.0000,0.9277,,
2130,Paraguay,PRY,2008,5.646748983,2.41E-11,3.117531798,11751.13917,5645148,0.508164388,0.7,PRY2008,0.55038774,1.0000,0.9233,,
2131,Paraguay,PRY,2009,5.593281085,2.34E-11,3.692984411,11601.28546,5702574,0.531624733,0.7,PRY2009,0.574717879,1.0000,0.9250,,
2132,Paraguay,PRY,2010,6.406487641,2.52E-11,3.785981722,12738.57656,5768613,0.565891321,0.709,PRY2010,0.601707578,1.0000,0.9405,,
2133,Paraguay,PRY,2011,6.70632447,2.69E-11,3.806758151,13109.46657,5843939,0.580385565,0.715,PRY2011,0.618565619,1.0000,0.9383,,
2134,Paraguay,PRY,2012,6.543432498,2.57E-11,3.405974179,12834.80159,5923322,0.580862132,0.719,PRY2012,0.618141592,1.0000,0.9397,,
2135,Paraguay,PRY,2013,6.431881999,2.52E-11,3.6528477,13700.70305,6005652,0.59458075,0.73,PRY2013,0.631234109,1.0000,0.9419,,
2136,Paraguay,PRY,2014,7.021564467,2.66E-11,4.289503744,14219.35442,6090721,0.626839606,0.733,PRY2014,0.664031208,1.0000,0.9440,,
2137,Paraguay,PRY,2015,6.461783633,2.42E-11,4.245909393,14427.60023,6177950,0.622413043,0.737,PRY2015,0.655999124,1.0000,0.9488,,
2138,Paraguay,PRY,2016,6.644249599,2.39E-11,3.355999037,14826.66369,6266615,0.634527408,0.737,PRY2016,0.669043541,1.0000,0.9484,,
2139,Paraguay,PRY,2017,6.62982899,2.31E-11,3.668297404,15320.33665,6355404,0.644858445,0.74,PRY2017,0.676393151,1.0000,0.9534,,
2140,Paraguay,PRY,2018,6.534977126,2.21E-11,4.088802511,15592.98414,6443328,0.602603036,0.744,PRY2018,0.628889859,1.0000,0.9582,,
2141,Paraguay,PRY,2019,6.449966696,2.10E-11,6.047635663,15321.32455,6530026,0.587140088,0.747,PRY2019,0.608898163,1.0000,0.9643,,
2142,Paraguay,PRY,2020,6.12900395,1.96E-11,3.367427938,14991.66062,6618695,0.593143471,0.742,PRY2020,0.609554172,1.0000,0.9731,,
2143,Peru,PER,2000,3.115904387,9.77E-11,2.931009617,7669.095318,26654439,0.330456079,0.682,PER2000,0.375795871,1.0000,0.8793,,
2144,Peru,PER,2001,3.069269541,9.65E-11,2.949572066,7611.666282,27014909,0.32439028,0.69,PER2001,0.368434489,1.0000,0.8805,,
2145,Peru,PER,2002,3.19057702,9.44E-11,3.241956345,7931.57975,27334503,0.337379651,0.69,PER2002,0.378284037,1.0000,0.8919,,
2146,Peru,PER,2003,3.087054909,9.29E-11,3.482822306,8174.379427,27623341,0.34935314,0.689,PER2003,0.385096103,1.0000,0.9072,,
2147,Peru,PER,2004,3.1150382,9.05E-11,3.346573571,8495.986393,27893911,0.366778439,0.694,PER2004,0.397814006,1.0000,0.9220,,
2148,Peru,PER,2005,3.158088261,8.92E-11,3.54762963,8949.954427,28147267,0.392590397,0.691,PER2005,0.421943635,1.0000,0.9304,,
2149,Peru,PER,2006,3.293611265,8.78E-11,3.451993943,9547.913278,28381078,0.429259,0.697,PER2006,0.462181538,1.0000,0.9288,,
2150,Peru,PER,2007,3.485837684,8.71E-11,4.298868366,10286.35482,28600387,0.454810062,0.708,PER2007,0.490233183,1.0000,0.9277,,
2151,Peru,PER,2008,3.905926315,8.77E-11,4.922107742,11151.53052,28806185,0.472491081,0.714,PER2008,0.51175034,1.0000,0.9233,,
2152,Peru,PER,2009,3.700936506,8.80E-11,4.103369853,11204.37688,29009326,0.454326521,0.717,PER2009,0.491153926,1.0000,0.9250,,
2153,Peru,PER,2010,3.993126934,8.71E-11,4.63395629,12059.01802,29229572,0.500841145,0.731,PER2010,0.532540262,1.0000,0.9405,,
2154,Peru,PER,2011,4.147370312,8.60E-11,4.316417497,12726.59998,29477721,0.527054711,0.738,PER2011,0.561726451,1.0000,0.9383,,
2155,Peru,PER,2012,4.428283948,8.29E-11,4.76591015,13395.39938,29749589,0.515081299,0.748,PER2012,0.548138976,1.0000,0.9397,,
2156,Peru,PER,2013,4.362326691,8.60E-11,4.789605062,14052.13762,30038809,0.496533816,0.757,PER2013,0.527143002,1.0000,0.9419,,
2157,Peru,PER,2014,4.38362091,8.40E-11,5.055859968,14244.56602,30353951,0.475607886,0.763,PER2014,0.503826618,1.0000,0.9440,,
2158,Peru,PER,2015,4.301451223,8.01E-11,4.899623772,14542.79309,30711863,0.456302563,0.768,PER2015,0.480925143,1.0000,0.9488,,
2159,Peru,PER,2016,4.303423132,7.83E-11,5.372179482,14917.44895,31132779,0.448812976,0.775,PER2016,0.473226875,1.0000,0.9484,,
2160,Peru,PER,2017,4.06044894,7.61E-11,5.799876843,15069.52211,31605486,0.442119599,0.775,PER2017,0.463740021,1.0000,0.9534,,
2161,Peru,PER,2018,4.113961886,7.46E-11,5.448979767,15386.26016,32203944,0.441866464,0.78,PER2018,0.461141616,1.0000,0.9582,,
2162,Peru,PER,2019,4.184208451,7.53E-11,5.391433951,15463.54324,32824861,0.438494263,0.784,PER2019,0.454743862,1.0000,0.9643,,
2163,Peru,PER,2020,3.804961486,7.50E-11,5.020808073,13609.59996,33304756,0.396587066,0.769,PER2020,0.407559574,1.0000,0.9731,,
2164,Philippines,PHL,2000,2.750588593,2.82E-11,10.6168133,4740.438917,77958223,0.429479661,0.632,PHL2000,0.488405854,1.0000,0.8793,,
2165,Philippines,PHL,2001,2.671562949,2.79E-11,9.987524772,4778.400844,79626086,0.443545634,0.636,PHL2001,0.503768206,1.0000,0.8805,,
2166,Philippines,PHL,2002,2.602796421,2.66E-11,10.33736626,4856.499484,81285572,0.442619083,0.643,PHL2002,0.496282846,1.0000,0.8919,,
2167,Philippines,PHL,2003,2.580970951,2.62E-11,10.09789541,5003.383177,82942837,0.445001615,0.648,PHL2003,0.49053055,1.0000,0.9072,,
2168,Philippines,PHL,2004,2.562881475,2.61E-11,9.663747149,5229.450807,84607501,0.438855703,0.655,PHL2004,0.475990206,1.0000,0.9220,,
2169,Philippines,PHL,2005,2.585048576,2.54E-11,9.835818998,5386.816537,86261250,0.447061942,0.656,PHL2005,0.480487913,1.0000,0.9304,,
2170,Philippines,PHL,2006,2.508888726,2.49E-11,8.856387393,5578.572251,87901835,0.457212498,0.654,PHL2006,0.492278963,1.0000,0.9288,,
2171,Philippines,PHL,2007,2.698364147,2.56E-11,9.659013033,5840.068102,89561377,0.460590114,0.659,PHL2007,0.496463418,1.0000,0.9277,,
2172,Philippines,PHL,2008,2.599626216,2.55E-11,9.037026201,5987.037579,91252326,0.454767822,0.662,PHL2008,0.492554456,1.0000,0.9233,,
2173,Philippines,PHL,2009,2.601252926,2.60E-11,9.028175972,5965.307309,92946951,0.444796146,0.662,PHL2009,0.480851024,1.0000,0.9250,,
2174,Philippines,PHL,2010,2.635464527,2.52E-11,9.792443982,6273.039277,94636700,0.44732405,0.669,PHL2010,0.475635976,1.0000,0.9405,,
2175,Philippines,PHL,2011,2.656643996,2.58E-11,9.188395905,6388.31297,96337913,0.450917579,0.674,PHL2011,0.480580717,1.0000,0.9383,,
2176,Philippines,PHL,2012,2.773945954,2.65E-11,8.093010907,6697.55621,98032317,0.481043155,0.681,PHL2012,0.51191628,1.0000,0.9397,,
2177,Philippines,PHL,2013,2.823959047,2.59E-11,8.152822418,7016.538465,99700107,0.494775454,0.687,PHL2013,0.525276244,1.0000,0.9419,,
2178,Philippines,PHL,2014,2.923719837,2.61E-11,8.387479241,7340.361586,101325201,0.516494945,0.689,PHL2014,0.547139585,1.0000,0.9440,,
2179,Philippines,PHL,2015,3.009458056,2.51E-11,8.473663493,7691.763087,103031365,0.520957893,0.69,PHL2015,0.549069345,1.0000,0.9488,,
2180,Philippines,PHL,2016,3.227162001,2.55E-11,9.473363236,8131.825379,104875266,0.509894169,0.69,PHL2016,0.537630677,1.0000,0.9484,,
2181,Philippines,PHL,2017,3.313322895,2.50E-11,9.638035836,8584.136227,106738501,0.52794199,0.694,PHL2017,0.553759277,1.0000,0.9534,,
2182,Philippines,PHL,2018,3.413404501,2.45E-11,10.34691267,9016.286596,108568836,0.513985384,0.7,PHL2018,0.536406517,1.0000,0.9582,,
2183,Philippines,PHL,2019,3.505128343,2.47E-11,9.857359109,9452.293972,110380804,0.515570101,0.708,PHL2019,0.534675956,1.0000,0.9643,,
2184,Philippines,PHL,2020,3.357195711,2.48E-11,9.059486741,8455.184571,112190977,0.501268607,0.699,PHL2020,0.515137374,1.0000,0.9731,,
2185,Poland,POL,2000,10.80058661,4.49E-12,14.66885354,18566.35463,38258629,0.717032486,0.801,POL2000,0.815411985,1.0000,0.8793,,
2186,Poland,POL,2001,10.56611343,4.17E-12,14.1210124,18800.60186,38248076,0.723637178,0.809,POL2001,0.821889281,1.0000,0.8805,,
2187,Poland,POL,2002,10.47800184,3.89E-12,14.23965928,19166.91371,38230364,0.766947569,0.816,POL2002,0.859933376,1.0000,0.8919,,
2188,Poland,POL,2003,10.4909377,3.69E-12,13.25993545,19855.6318,38204570,0.761844564,0.822,POL2003,0.839790285,1.0000,0.9072,,
2189,Poland,POL,2004,10.59503037,3.92E-12,14.23737524,20878.6545,38182222,0.767450551,0.82,POL2004,0.832389653,1.0000,0.9220,,
2190,Poland,POL,2005,10.88867001,4.00E-12,16.58791665,21568.94766,38165445,0.7638659,0.826,POL2005,0.820978701,1.0000,0.9304,,
2191,Poland,POL,2006,11.27030173,4.43E-12,17.0159593,22921.19759,38141267,0.780102823,0.831,POL2006,0.839933753,1.0000,0.9288,,
2192,Poland,POL,2007,11.58426639,4.62E-12,18.85238213,24484.06567,38120560,0.829194412,0.836,POL2007,0.893776655,1.0000,0.9277,,
2193,Poland,POL,2008,11.93756839,4.94E-12,20.17769774,25553.90584,38125759,0.802337585,0.841,POL2008,0.869003773,1.0000,0.9233,,
2194,Poland,POL,2009,11.0530708,4.28E-12,19.49206354,26204.41037,38151603,0.835407144,0.846,POL2009,0.90312469,1.0000,0.9250,,
2195,Poland,POL,2010,11.79892351,4.17E-12,18.94783446,27112.13338,38042794,0.835187731,0.852,POL2010,0.888048232,1.0000,0.9405,,
2196,Poland,POL,2011,11.71778434,4.50E-12,19.93098954,28521.66126,38063255,0.885407282,0.858,POL2011,0.943652868,1.0000,0.9383,,
2197,Poland,POL,2012,11.45016749,4.49E-12,16.72062867,28952.91573,38063164,0.873391414,0.863,POL2012,0.929445267,1.0000,0.9397,,
2198,Poland,POL,2013,11.06005196,4.22E-12,16.05641012,29168.62421,38040196,0.84512243,0.873,POL2013,0.897220612,1.0000,0.9419,,
2199,Poland,POL,2014,10.85756023,4.14E-12,15.71565231,30334.87866,38011735,0.840979029,0.873,POL2014,0.890875936,1.0000,0.9440,,
2200,Poland,POL,2015,10.72402082,3.88E-12,14.57681857,31700.36824,37986412,0.855940675,0.879,POL2015,0.90212816,1.0000,0.9488,,
2201,Poland,POL,2016,10.82786979,3.92E-12,14.9558095,32675.30523,37970087,0.856742822,0.884,POL2016,0.903346717,1.0000,0.9484,,
2202,Poland,POL,2017,11.26509195,4.14E-12,17.31708807,34354.59876,37974826,0.870433549,0.882,POL2017,0.912999272,1.0000,0.9534,,
2203,Poland,POL,2018,11.30093982,4.33E-12,18.57531576,36500.41143,37974750,0.899097018,0.884,POL2018,0.938317537,1.0000,0.9582,,
2204,Poland,POL,2019,10.7817937,4.49E-12,17.54912307,38181.62303,37965475,0.935462888,0.887,POL2019,0.970129013,1.0000,0.9643,,
2205,Poland,POL,2020,10.54649265,4.53E-12,17.68650711,37852.80213,37899070,0.916641795,0.88,POL2020,0.942002833,1.0000,0.9731,,
2206,Portugal,PRT,2000,12.4950135,2.47E-11,57.61987428,35069.82742,10289898,0.759328899,0.797,PRT2000,0.863511622,1.0000,0.8793,,
2207,Portugal,PRT,2001,12.24330303,2.22E-11,53.24286458,35500.22653,10362722,0.785803683,0.801,PRT2001,0.892496467,1.0000,0.8805,,
2208,Portugal,PRT,2002,12.59656354,2.10E-11,52.53507219,35578.51988,10419631,0.787179494,0.804,PRT2002,0.882618248,1.0000,0.8919,,
2209,Portugal,PRT,2003,12.30065197,2.06E-11,51.87881562,35115.37936,10458821,0.76077193,0.808,PRT2003,0.838607907,1.0000,0.9072,,
2210,Portugal,PRT,2004,12.37861775,2.09E-11,52.01352489,35658.12967,10483861,0.741369935,0.809,PRT2004,0.804102182,1.0000,0.9220,,
2211,Portugal,PRT,2005,12.42868246,2.22E-11,47.43649568,35870.30912,10503330,0.786371037,0.81,PRT2005,0.845166504,1.0000,0.9304,,
2212,Portugal,PRT,2006,11.91754862,1.98E-11,46.48490732,36387.53657,10522288,0.773089579,0.815,PRT2006,0.832382619,1.0000,0.9288,,
2213,Portugal,PRT,2007,11.80415879,1.98E-11,48.27676181,37226.47009,10542964,0.759656274,0.821,PRT2007,0.818822503,1.0000,0.9277,,
2214,Portugal,PRT,2008,11.78388079,2.07E-11,49.75357723,37291.50472,10558177,0.717319859,0.826,PRT2008,0.776921928,1.0000,0.9233,,
2215,Portugal,PRT,2009,11.16819746,2.07E-11,42.37700954,36092.81077,10568247,0.718741453,0.831,PRT2009,0.777002156,1.0000,0.9250,,
2216,Portugal,PRT,2010,10.7681984,1.95E-11,44.78499166,36703.11402,10573100,0.694654216,0.836,PRT2010,0.738620102,1.0000,0.9405,,
2217,Portugal,PRT,2011,9.979003478,1.76E-11,39.08775333,36127.29481,10557560,0.689547373,0.843,PRT2011,0.734908521,1.0000,0.9383,,
2218,Portugal,PRT,2012,9.014044696,1.67E-11,33.03863044,34804.63319,10514844,0.67934359,0.844,PRT2012,0.722943544,1.0000,0.9397,,
2219,Portugal,PRT,2013,8.903786896,1.77E-11,32.60088605,34651.7718,10457295,0.646681028,0.849,PRT2013,0.686546147,1.0000,0.9419,,
2220,Portugal,PRT,2014,8.995372619,1.80E-11,33.4153904,35097.40968,10401062,0.633107048,0.854,PRT2014,0.670670509,1.0000,0.9440,,
2221,Portugal,PRT,2015,9.392678339,1.77E-11,32.46573983,35803.35741,10358076,0.655935107,0.857,PRT2015,0.691330075,1.0000,0.9488,,
2222,Portugal,PRT,2016,9.454526714,1.80E-11,32.17952692,36636.29768,10325452,0.651803144,0.859,PRT2016,0.687259018,1.0000,0.9484,,
2223,Portugal,PRT,2017,9.933446158,1.84E-11,30.80871808,37943.11506,10300300,0.654768518,0.864,PRT2017,0.686787844,1.0000,0.9534,,
2224,Portugal,PRT,2018,9.776984726,1.86E-11,31.78967842,39123.61476,10283822,0.657768604,0.866,PRT2018,0.686461866,1.0000,0.9582,,
2225,Portugal,PRT,2019,9.475189899,1.87E-11,30.97898985,40188.28668,10286263,0.695508979,0.872,PRT2019,0.721282959,1.0000,0.9643,,
2226,Portugal,PRT,2020,9.281495241,1.89E-11,27.9921301,36852.22839,10297081,0.678319574,0.87,PRT2020,0.697086871,1.0000,0.9731,,
2227,Qatar,QAT,2000,62.28604841,1.61E-11,230.5725707,93187.06286,645937,0.887574963,0.795,QAT2000,1.009353518,1.0000,0.8793,,
2228,Qatar,QAT,2001,65.29518465,2.10E-11,776.9524308,92115.82576,678831,0.762360518,0.795,QAT2001,0.865870297,1.0000,0.8805,,
2229,Qatar,QAT,2002,64.69677957,2.05E-11,287.1342117,94111.68939,713186,0.65707813,0.798,QAT2002,0.736743212,1.0000,0.8919,,
2230,Qatar,QAT,2003,69.17023423,2.72E-11,527.0014524,93224.45417,748525,0.760747867,0.804,QAT2003,0.838581383,1.0000,0.9072,,
2231,Qatar,QAT,2004,66.57243583,2.18E-11,363.9525496,107023.6826,777943,0.801801335,0.807,QAT2004,0.869647086,1.0000,0.9220,,
2232,Qatar,QAT,2005,73.91047965,2.86E-11,521.0817485,107784.5235,848710,0.91741037,0.815,QAT2005,0.986003399,1.0000,0.9304,,
2233,Qatar,QAT,2006,68.07855208,3.05E-11,493.1013492,115383.7441,1015060,0.931936268,0.822,QAT2006,1.003412247,1.0000,0.9288,,
2234,Qatar,QAT,2007,66.29011685,2.90E-11,472.8117963,109579.7865,1231893,0.844911083,0.831,QAT2007,0.910717428,1.0000,0.9277,,
2235,Qatar,QAT,2008,63.35010007,2.90E-11,403.4335038,109206.4049,1444277,0.919028009,0.839,QAT2008,0.995389998,1.0000,0.9233,,
2236,Qatar,QAT,2009,60.82882628,3.49E-11,441.102222,108435.8536,1610274,0.705773495,0.838,QAT2009,0.762983024,1.0000,0.9250,,
2237,Qatar,QAT,2010,51.52794318,3.25E-11,393.6908681,129045.0056,1713504,0.759898236,0.834,QAT2010,0.807993531,1.0000,0.9405,,
2238,Qatar,QAT,2011,62.35112639,3.67E-11,518.8633751,145591.0194,1804171,0.942165762,0.835,QAT2011,1.004145145,1.0000,0.9383,,
2239,Qatar,QAT,2012,57.69947305,3.26E-11,434.0675373,143830.7109,1905660,0.928583453,0.846,QAT2012,0.988179505,1.0000,0.9397,,
2240,Qatar,QAT,2013,62.00473821,3.50E-11,556.3473689,136453.9974,2035501,0.800483865,0.859,QAT2013,0.84983027,1.0000,0.9419,,
2241,Qatar,QAT,2014,59.43187904,2.97E-11,481.2885082,128013.9871,2214465,0.758766823,0.857,QAT2014,0.80378592,1.0000,0.9440,,
2242,Qatar,QAT,2015,47.86924112,2.53E-11,387.0417864,123070.8879,2414573,0.567367365,0.86,QAT2015,0.597983122,1.0000,0.9488,,
2243,Qatar,QAT,2016,48.79166591,2.53E-11,298.4196148,120054.4087,2595166,0.486280161,0.861,QAT2016,0.512732148,1.0000,0.9484,,
2244,Qatar,QAT,2017,45.59260958,2.77E-11,320.5555598,115064.9437,2711755,0.50992487,0.87,QAT2017,0.534861088,1.0000,0.9534,,
2245,Qatar,QAT,2018,43.99986428,2.11E-11,283.5154853,114909.9455,2766732,0.559833155,0.876,QAT2018,0.584254265,1.0000,0.9582,,
2246,Qatar,QAT,2019,38.01983182,2.25E-11,272.6102066,113160.9738,2807235,0.518690521,0.88,QAT2019,0.537912011,1.0000,0.9643,,
2247,Qatar,QAT,2020,43.3161731,2.02E-11,208.7355773,103061.9134,2760385,0.481891262,0.872,QAT2020,0.49522391,1.0000,0.9731,,
2248,Romania,ROU,2000,6.319538344,6.40E-12,5.016296162,14852.00452,22442971,0.440534867,0.73,ROU2000,0.500977874,1.0000,0.8793,,
2249,Romania,ROU,2001,6.565812603,6.60E-12,5.548129903,15846.60207,22131970,0.496538346,0.737,ROU2001,0.563956022,1.0000,0.8805,,
2250,Romania,ROU,2002,6.540182801,6.66E-12,5.516665461,17059.79723,21730496,0.567820388,0.745,ROU2002,0.636663735,1.0000,0.8919,,
2251,Romania,ROU,2003,7.010701134,6.71E-12,5.098022266,17585.57401,21574326,0.571572825,0.749,ROU2003,0.630051494,1.0000,0.9072,,
2252,Romania,ROU,2004,7.37953253,6.58E-12,7.94333017,19530.38255,21451748,0.616447146,0.757,ROU2004,0.668608844,1.0000,0.9220,,
2253,Romania,ROU,2005,7.77067145,7.10E-12,15.38939948,20568.71653,21319685,0.596993785,0.765,ROU2005,0.641629875,1.0000,0.9304,,
2254,Romania,ROU,2006,8.219190905,6.97E-12,9.710527358,22352.16327,21193760,0.620191861,0.781,ROU2006,0.667758226,1.0000,0.9288,,
2255,Romania,ROU,2007,9.244213524,7.79E-12,33.39611393,24325.78066,20882982,0.653370348,0.792,ROU2007,0.704258442,1.0000,0.9277,,
2256,Romania,ROU,2008,9.442407087,7.32E-12,19.43873417,27036.69648,20537875,0.66741956,0.815,ROU2008,0.722875416,1.0000,0.9233,,
2257,Romania,ROU,2009,7.498896052,6.42E-12,7.967744115,25758.86417,20367487,0.639381535,0.826,ROU2009,0.691209376,1.0000,0.9250,,
2258,Romania,ROU,2010,7.453464044,6.19E-12,9.353374406,24900.23033,20246871,0.630309177,0.822,ROU2010,0.670202553,1.0000,0.9405,,
2259,Romania,ROU,2011,7.702338922,5.85E-12,9.279069165,26147.93946,20147528,0.630423574,0.823,ROU2011,0.671895325,1.0000,0.9383,,
2260,Romania,ROU,2012,7.502734079,5.48E-12,8.422171571,26764.58126,20058035,0.655011523,0.817,ROU2012,0.697049856,1.0000,0.9397,,
2261,Romania,ROU,2013,6.830829956,5.14E-12,7.863061011,26939.03876,19983693,0.629746257,0.821,ROU2013,0.668567419,1.0000,0.9419,,
2262,Romania,ROU,2014,6.929514088,5.10E-12,8.951778421,28153.10728,19908979,0.654459981,0.82,ROU2014,0.693290353,1.0000,0.9440,,
2263,Romania,ROU,2015,6.979980728,5.02E-12,8.786313394,29178.74452,19815616,0.682204703,0.823,ROU2015,0.719017208,1.0000,0.9488,,
2264,Romania,ROU,2016,7.116769359,5.19E-12,10.06937274,30185.9059,19702267,0.721946404,0.823,ROU2016,0.761217833,1.0000,0.9484,,
2265,Romania,ROU,2017,7.691587232,5.59E-12,13.56829893,32849.10773,19588715,0.730246602,0.828,ROU2017,0.765956938,1.0000,0.9534,,
2266,Romania,ROU,2018,8.073798282,5.45E-12,13.41753892,35065.18026,19473970,0.747885878,0.833,ROU2018,0.780510247,1.0000,0.9582,,
2267,Romania,ROU,2019,8.049463425,5.55E-12,12.18499833,36633.36233,19371648,0.804049893,0.838,ROU2019,0.833846152,1.0000,0.9643,,
2268,Romania,ROU,2020,7.684495719,5.82E-12,12.67939857,35482.19631,19265250,0.802165862,0.832,ROU2020,0.824359655,1.0000,0.9731,,
2269,Russia,RUS,2000,8.949801863,2.82E-12,9.408729502,NA,146596869,0.245843755,0.75,RUS2000,0.279574424,1.0000,0.8793,,
2270,Russia,RUS,2001,9.772185904,3.07E-12,11.54151689,NA,145976482,0.254802158,0.758,RUS2001,0.289398015,1.0000,0.8805,,
2271,Russia,RUS,2002,10.03557579,3.04E-12,10.23436861,NA,145306497,0.267847118,0.764,RUS2002,0.300321281,1.0000,0.8919,,
2272,Russia,RUS,2003,10.35852729,2.91E-12,8.921839758,NA,144648618,0.290001167,0.772,RUS2003,0.31967172,1.0000,0.9072,,
2273,Russia,RUS,2004,10.90362897,3.17E-12,9.846551862,NA,144067316,0.319888121,0.777,RUS2004,0.346955985,1.0000,0.9220,,
2274,Russia,RUS,2005,11.04264061,3.29E-12,17.43319614,NA,143518814,0.361518336,0.78,RUS2005,0.388548374,1.0000,0.9304,,
2275,Russia,RUS,2006,11.70769702,3.64E-12,18.05580293,NA,143049637,0.40024408,0.791,RUS2006,0.430941284,1.0000,0.9288,,
2276,Russia,RUS,2007,12.51418237,3.70E-12,14.75248772,NA,142805114,0.443053456,0.802,RUS2007,0.477560908,1.0000,0.9277,,
2277,Russia,RUS,2008,12.5339253,4.22E-12,20.48392878,NA,142742366,0.483952163,0.807,RUS2008,0.524163723,1.0000,0.9233,,
2278,Russia,RUS,2009,12.15683679,3.66E-12,17.39617203,NA,142785349,0.432517243,0.805,RUS2009,0.467576802,1.0000,0.9250,,
2279,Russia,RUS,2010,12.4116661,3.80E-12,18.82128892,NA,142849468,0.487458277,0.808,RUS2010,0.518310368,1.0000,0.9405,,
2280,Russia,RUS,2011,13.02552191,4.32E-12,23.59229363,NA,142960908,0.556325798,0.822,RUS2011,0.592923105,1.0000,0.9383,,
2281,Russia,RUS,2012,13.12986788,4.22E-12,15.09868406,NA,143201721,0.576820901,0.825,RUS2012,0.613840997,1.0000,0.9397,,
2282,Russia,RUS,2013,13.10414676,4.38E-12,18.58935421,NA,143506995,0.516214292,0.83,RUS2013,0.548036695,1.0000,0.9419,,
2283,Russia,RUS,2014,12.39515201,3.98E-12,14.35204753,NA,143819667,0.526329499,0.831,RUS2014,0.557557642,1.0000,0.9440,,
2284,Russia,RUS,2015,11.90356875,3.34E-12,9.653654422,NA,144096870,0.483875988,0.833,RUS2015,0.50998646,1.0000,0.9488,,
2285,Russia,RUS,2016,12.16321477,3.28E-12,9.803139424,NA,144342397,0.479076139,0.835,RUS2016,0.505136251,1.0000,0.9484,,
2286,Russia,RUS,2017,12.7081168,3.57E-12,11.23518658,NA,144496739,0.511616175,0.838,RUS2017,0.536635101,1.0000,0.9534,,
2287,Russia,RUS,2018,12.3884696,3.49E-12,13.68591252,NA,144477859,0.508470758,0.845,RUS2018,0.530651331,1.0000,0.9582,,
2288,Russia,RUS,2019,13.23128321,3.59E-12,15.33572507,NA,144406261,0.521705992,0.847,RUS2019,0.541039228,1.0000,0.9643,,
2289,Russia,RUS,2020,13.17814071,3.52E-12,13.37843343,NA,144073139,0.511569222,0.818,RUS2020,0.52572298,1.0000,0.9731,,
2290,Rwanda,RWA,2000,1.429274555,1.16E-11,1.384927106,1016.661991,8109989,0.251066299,0.34,RWA2000,0.28551352,1.0000,0.8793,,
2291,Rwanda,RWA,2001,1.373092706,1.21E-11,1.405818869,1093.184098,8223941,0.268294312,0.37,RWA2001,0.304722071,1.0000,0.8805,,
2292,Rwanda,RWA,2002,1.387421545,1.28E-11,1.572781179,1220.739492,8372306,0.305617428,0.385,RWA2002,0.342670918,1.0000,0.8919,,
2293,Rwanda,RWA,2003,1.38086725,1.23E-11,1.695140402,1220.499167,8567992,0.298603815,0.398,RWA2003,0.329154521,1.0000,0.9072,,
2294,Rwanda,RWA,2004,1.387056869,1.19E-11,1.799413711,1277.192804,8791853,0.317452836,0.417,RWA2004,0.344314635,1.0000,0.9220,,
2295,Rwanda,RWA,2005,1.413814182,1.17E-11,2.244380046,1360.295876,9026299,0.336725633,0.433,RWA2005,0.361901969,1.0000,0.9304,,
2296,Rwanda,RWA,2006,1.331952601,1.15E-11,2.250770742,1446.710947,9270066,0.351860073,0.452,RWA2006,0.378846407,1.0000,0.9288,,
2297,Rwanda,RWA,2007,1.343119216,1.11E-11,2.298988601,1516.267506,9523168,0.341102625,0.467,RWA2007,0.367669582,1.0000,0.9277,,
2298,Rwanda,RWA,2008,1.409462213,1.10E-11,2.420627709,1641.777674,9781996,0.321829932,0.479,RWA2008,0.348570764,1.0000,0.9233,,
2299,Rwanda,RWA,2009,1.422510953,1.07E-11,2.675566566,1699.94453,10043737,0.315998515,0.493,RWA2009,0.341613144,1.0000,0.9250,,
2300,Rwanda,RWA,2010,1.429715926,1.05E-11,2.828922088,1779.158511,10309031,0.324366949,0.504,RWA2010,0.344896704,1.0000,0.9405,,
2301,Rwanda,RWA,2011,1.394695512,1.03E-11,2.680531701,1874.214982,10576932,0.335696536,0.512,RWA2011,0.35777998,1.0000,0.9383,,
2302,Rwanda,RWA,2012,1.581333986,1.01E-11,2.52624176,1988.012195,10840334,0.330200064,0.521,RWA2012,0.35139215,1.0000,0.9397,,
2303,Rwanda,RWA,2013,1.578115934,9.96E-12,2.663058929,2032.404802,11101350,0.321410184,0.499,RWA2013,0.341223747,1.0000,0.9419,,
2304,Rwanda,RWA,2014,1.57745567,9.66E-12,3.546117935,2106.214544,11368451,0.339090468,0.525,RWA2014,0.359209359,1.0000,0.9440,,
2305,Rwanda,RWA,2015,1.651028199,9.53E-12,3.675009513,2238.539415,11642959,0.352500436,0.525,RWA2015,0.371521741,1.0000,0.9488,,
2306,Rwanda,RWA,2016,1.65962069,9.30E-12,3.791941896,2316.637316,11930899,0.333105849,0.534,RWA2016,0.351225674,1.0000,0.9484,,
2307,Rwanda,RWA,2017,1.5389627,8.88E-12,2.722838001,2351.596869,12230339,0.324931119,0.539,RWA2017,0.340820819,1.0000,0.9534,,
2308,Rwanda,RWA,2018,1.634787427,8.71E-12,3.631178377,2493.440017,12531808,0.330369589,0.54,RWA2018,0.344781011,1.0000,0.9582,,
2309,Rwanda,RWA,2019,1.712593834,8.61E-12,3.227704232,2667.464584,12835028,0.345846759,0.55,RWA2019,0.358663052,1.0000,0.9643,,
2310,Rwanda,RWA,2020,1.615667353,8.47E-12,2.746015918,2520.317394,13146362,0.320474903,0.555,RWA2020,0.32934159,1.0000,0.9731,,
2311,Saudi Arabia,SAU,2000,15.88275237,2.05E-11,360.2570454,55962.26613,21547390,0.670286861,0.737,SAU2000,0.762252688,1.0000,0.8793,,
2312,Saudi Arabia,SAU,2001,16.14343753,2.08E-11,388.3549833,53309.11139,22085929,0.594616615,0.744,SAU2001,0.675350904,1.0000,0.8805,,
2313,Saudi Arabia,SAU,2002,16.16088973,1.99E-11,447.2338086,50371.97831,22623415,0.622424668,0.75,SAU2002,0.697888315,1.0000,0.8919,,
2314,Saudi Arabia,SAU,2003,16.60354502,1.97E-11,431.1910852,52234.64928,23150847,0.614741362,0.762,SAU2003,0.677636683,1.0000,0.9072,,
2315,Saudi Arabia,SAU,2004,16.74293988,1.86E-11,429.6033423,54196.55142,23661808,0.661776755,0.773,SAU2004,0.717774093,1.0000,0.9220,,
2316,Saudi Arabia,SAU,2005,17.62208604,1.93E-11,458.0727149,54931.79425,24397644,0.726158632,0.782,SAU2005,0.780452132,1.0000,0.9304,,
2317,Saudi Arabia,SAU,2006,18.392016,1.99E-11,452.1958183,54373.7377,25382870,0.740208149,0.785,SAU2006,0.796979308,1.0000,0.9288,,
2318,Saudi Arabia,SAU,2007,18.84504496,1.86E-11,451.5653871,53318.41916,26400068,0.713679126,0.786,SAU2007,0.7692644,1.0000,0.9277,,
2319,Saudi Arabia,SAU,2008,19.92311864,1.93E-11,413.2091745,54407.70817,27437353,0.796471115,0.792,SAU2008,0.862649858,1.0000,0.9233,,
2320,Saudi Arabia,SAU,2009,20.72509985,1.97E-11,412.4893914,51760.7644,28483797,0.648841282,0.794,SAU2009,0.701435924,1.0000,0.9250,,
2321,Saudi Arabia,SAU,2010,21.02974428,1.78E-11,391.0869631,54911.54752,29411929,0.703461623,0.801,SAU2010,0.747984946,1.0000,0.9405,,
2322,Saudi Arabia,SAU,2011,21.47270622,1.65E-11,389.1583559,58645.46489,30150945,0.830639307,0.811,SAU2011,0.88528204,1.0000,0.9383,,
2323,Saudi Arabia,SAU,2012,22.89826292,1.71E-11,316.7695575,59471.68202,30821543,0.866838418,0.819,SAU2012,0.922471702,1.0000,0.9397,,
2324,Saudi Arabia,SAU,2013,22.90002791,1.72E-11,297.1827561,57998.48168,31482498,0.820468639,0.827,SAU2013,0.87104702,1.0000,0.9419,,
2325,Saudi Arabia,SAU,2014,24.22109484,1.64E-11,261.8298924,58872.26714,32125564,0.848225505,0.841,SAU2014,0.898552358,1.0000,0.9440,,
2326,Saudi Arabia,SAU,2015,25.26562242,1.68E-11,258.671026,58498.5399,32749848,0.724912047,0.851,SAU2015,0.764029086,1.0000,0.9488,,
2327,Saudi Arabia,SAU,2016,23.67660362,1.54E-11,241.633258,57308.46378,33416270,0.656954011,0.86,SAU2016,0.692690074,1.0000,0.9484,,
2328,Saudi Arabia,SAU,2017,22.73143105,1.59E-11,256.4201346,57942.5485,34193122,0.684122208,0.869,SAU2017,0.717576981,1.0000,0.9534,,
2329,Saudi Arabia,SAU,2018,21.69147968,1.45E-11,185.0468725,61359.46537,35018133,0.819126711,0.875,SAU2018,0.854858756,1.0000,0.9582,,
2330,Saudi Arabia,SAU,2019,21.50169576,1.45E-11,178.2115296,62647.71413,35827362,0.808442401,0.878,SAU2019,0.838401437,1.0000,0.9643,,
2331,Saudi Arabia,SAU,2020,21.54978851,1.27E-11,159.3718664,57420.73357,35997107,0.730785451,0.875,SAU2020,0.751004338,1.0000,0.9731,,
2332,Senegal,SEN,2000,2.31729561,4.05E-12,5.057683202,3093.287916,9704287,0.455032292,0.398,SEN2000,0.517464399,1.0000,0.8793,,
2333,Senegal,SEN,2001,2.605947462,4.36E-12,14.13820231,3149.331137,9938027,0.489958445,0.404,SEN2001,0.556482732,1.0000,0.8805,,
2334,Senegal,SEN,2002,2.329832188,3.86E-12,8.728240556,3075.231575,10180950,0.480865729,0.409,SEN2002,0.53916657,1.0000,0.8919,,
2335,Senegal,SEN,2003,2.554632183,3.92E-12,13.29622514,3170.034947,10434504,0.499857198,0.416,SEN2003,0.550998509,1.0000,0.9072,,
2336,Senegal,SEN,2004,2.771168048,4.09E-12,12.83037519,3240.302017,10698691,0.492748195,0.423,SEN2004,0.534442902,1.0000,0.9220,,
2337,Senegal,SEN,2005,2.735630585,4.10E-12,12.99348591,3301.820762,10974057,0.519945784,0.43,SEN2005,0.558821142,1.0000,0.9304,,
2338,Senegal,SEN,2006,2.52324126,3.60E-12,10.03720221,3301.031524,11263387,0.508888113,0.438,SEN2006,0.547917902,1.0000,0.9288,,
2339,Senegal,SEN,2007,2.751421631,3.79E-12,14.70424732,3316.420378,11563869,0.505843084,0.45,SEN2007,0.545240939,1.0000,0.9277,,
2340,Senegal,SEN,2008,2.773269099,3.71E-12,8.893961532,3359.705671,11872929,0.469895991,0.462,SEN2008,0.508939624,1.0000,0.9233,,
2341,Senegal,SEN,2009,2.747713028,3.56E-12,9.090643848,3371.461667,12195029,0.47465398,0.47,SEN2009,0.513129115,1.0000,0.9250,,
2342,Senegal,SEN,2010,2.706255956,3.38E-12,9.459023155,3403.567072,12530121,0.473403344,0.477,SEN2010,0.503365874,1.0000,0.9405,,
2343,Senegal,SEN,2011,2.774311844,3.15E-12,9.85352445,3362.879405,12875880,0.452709828,0.491,SEN2011,0.482490867,1.0000,0.9383,,
2344,Senegal,SEN,2012,2.604896808,2.99E-12,9.112457799,3405.108645,13231833,0.460239182,0.499,SEN2012,0.489777118,1.0000,0.9397,,
2345,Senegal,SEN,2013,2.679777689,3.03E-12,10.41886217,3385.425907,13595566,0.454029355,0.504,SEN2013,0.482018322,1.0000,0.9419,,
2346,Senegal,SEN,2014,2.638476933,3.10E-12,11.17806291,3484.012197,13970308,0.459597716,0.508,SEN2014,0.486866534,1.0000,0.9440,,
2347,Senegal,SEN,2015,2.534807032,3.04E-12,13.55116427,3593.794771,14356181,0.460109653,0.509,SEN2015,0.484937668,1.0000,0.9488,,
2348,Senegal,SEN,2016,2.600180214,3.00E-12,12.89750967,3710.055316,14751356,0.450835719,0.516,SEN2016,0.475359648,1.0000,0.9484,,
2349,Senegal,SEN,2017,2.519429654,2.95E-12,14.02272083,3871.451468,15157793,0.413834688,0.517,SEN2017,0.434071928,1.0000,0.9534,,
2350,Senegal,SEN,2018,2.684344111,2.87E-12,13.67810991,3998.286353,15574909,0.393677107,0.522,SEN2018,0.410850137,1.0000,0.9582,,
2351,Senegal,SEN,2019,2.677324125,2.84E-12,13.54444506,4070.612271,16000781,0.368601275,0.52,SEN2019,0.382260799,1.0000,0.9643,,
2352,Senegal,SEN,2020,2.727191464,2.66E-12,9.934952431,4018.041293,16436120,0.359063453,0.522,SEN2020,0.368997782,1.0000,0.9731,,
2353,Serbia,SRB,2000,0.892269163,8.32E-12,8.538437568,11105.3288,7516346,0.336790494,0.701,SRB2000,0.38299939,1.0000,0.8793,,
2354,Serbia,SRB,2001,1.027978867,6.14E-12,8.960997687,11878.51279,7503433,0.330574802,0.707,SRB2001,0.375458717,1.0000,0.8805,,
2355,Serbia,SRB,2002,1.258512093,5.14E-12,7.301338729,12661.23254,7496522,0.369842703,0.711,SRB2002,0.414682955,1.0000,0.8919,,
2356,Serbia,SRB,2003,1.576909914,6.43E-12,9.913559509,13272.94877,7480591,0.395176361,0.72,SRB2003,0.435607582,1.0000,0.9072,,
2357,Serbia,SRB,2004,1.921201669,5.55E-12,9.187536514,14193.57234,7463157,0.409376256,0.732,SRB2004,0.444016308,1.0000,0.9220,,
2358,Serbia,SRB,2005,1.932100068,5.85E-12,9.693947105,15076.71677,7440769,0.463879291,0.743,SRB2005,0.498562664,1.0000,0.9304,,
2359,Serbia,SRB,2006,2.231418783,5.19E-12,12.09728957,15726.52482,7411569,0.455921668,0.753,SRB2006,0.490889132,1.0000,0.9288,,
2360,Serbia,SRB,2007,2.860982303,5.31E-12,12.66250337,17027.13572,7381579,0.450228616,0.763,SRB2007,0.485294908,1.0000,0.9277,,
2361,Serbia,SRB,2008,3.022487069,6.30E-12,77.61572748,17982.27677,7350222,0.446417728,0.773,SRB2008,0.483510554,1.0000,0.9233,,
2362,Serbia,SRB,2009,2.291453879,5.76E-12,72.304085,17487.14602,7320807,0.470603568,0.774,SRB2009,0.508750379,1.0000,0.9250,,
2363,Serbia,SRB,2010,2.370627814,6.06E-12,121.4424371,17840.4348,7291436,0.483800071,0.775,SRB2010,0.514420629,1.0000,0.9405,,
2364,Serbia,SRB,2011,2.040734626,7.70E-12,12.3736078,17985.57946,7234099,0.528728845,0.785,SRB2011,0.563510716,1.0000,0.9383,,
2365,Serbia,SRB,2012,2.01010515,7.11E-12,7.954503968,17992.80975,7199077,0.549103985,0.788,SRB2012,0.584345222,1.0000,0.9397,,
2366,Serbia,SRB,2013,1.885182049,7.07E-12,8.435846011,18162.1903,7164132,0.508547093,0.792,SRB2013,0.539896846,1.0000,0.9419,,
2367,Serbia,SRB,2014,1.846007268,6.64E-12,6.446367868,17921.43481,7130576,0.508279339,0.795,SRB2014,0.538436532,1.0000,0.9440,,
2368,Serbia,SRB,2015,1.604390117,6.09E-12,6.377188971,18246.78995,7095383,0.5064434,0.802,SRB2015,0.533771634,1.0000,0.9488,,
2369,Serbia,SRB,2016,1.707154318,5.73E-12,6.100136745,18888.3266,7058322,0.508895177,0.806,SRB2016,0.536577344,1.0000,0.9484,,
2370,Serbia,SRB,2017,1.900913743,5.97E-12,6.583204842,19437.90421,7020858,0.508275331,0.808,SRB2017,0.533130884,1.0000,0.9534,,
2371,Serbia,SRB,2018,2.221601228,5.74E-12,7.820609056,20453.08158,6982604,0.495529925,0.814,SRB2018,0.517145991,1.0000,0.9582,,
2372,Serbia,SRB,2019,2.312336969,5.54E-12,7.980868061,21539.92129,6945235,0.513540553,0.817,SRB2019,0.532571197,1.0000,0.9643,,
2373,Serbia,SRB,2020,2.424518781,6.03E-12,8.529417467,21477.87722,6899126,0.497608811,0.809,SRB2020,0.511376321,1.0000,0.9731,,
2374,Sierra Leone,SLE,2000,2.254256811,2.08E-11,1.883470171,1983.288724,4584067,0.232963884,0.318,SLE2000,0.264927387,1.0000,0.8793,,
2375,Sierra Leone,SLE,2001,2.211968971,2.15E-11,3.439917147,1750.924645,4857096,0.266655096,0.33,SLE2001,0.30286029,1.0000,0.8805,,
2376,Sierra Leone,SLE,2002,2.226121328,2.22E-11,3.74840656,2091.141105,5140113,0.314555562,0.345,SLE2002,0.352692723,1.0000,0.8919,,
2377,Sierra Leone,SLE,2003,2.141200153,2.33E-11,4.059489633,2198.257205,5350907,0.324750009,0.354,SLE2003,0.357975781,1.0000,0.9072,,
2378,Sierra Leone,SLE,2004,2.127197246,2.41E-11,3.415125624,2262.872129,5533329,0.319081965,0.363,SLE2004,0.346081614,1.0000,0.9220,,
2379,Sierra Leone,SLE,2005,2.111098593,2.36E-11,3.32420448,2298.723845,5683334,0.314617355,0.37,SLE2005,0.338140696,1.0000,0.9304,,
2380,Sierra Leone,SLE,2006,2.156913941,2.47E-11,2.718543662,2344.862245,5809774,0.31457208,0.372,SLE2006,0.338698566,1.0000,0.9288,,
2381,Sierra Leone,SLE,2007,2.038891982,2.17E-11,2.319210394,2379.944468,5939163,0.32533649,0.391,SLE2007,0.350675493,1.0000,0.9277,,
2382,Sierra Leone,SLE,2008,2.037723119,2.19E-11,1.92036267,2406.815307,6090860,0.337477631,0.4,SLE2008,0.36551863,1.0000,0.9233,,
2383,Sierra Leone,SLE,2009,2.052982662,2.17E-11,2.076868637,2378.720612,6259842,0.345407961,0.406,SLE2009,0.3734065,1.0000,0.9250,,
2384,Sierra Leone,SLE,2010,2.012763531,2.19E-11,2.863464401,2461.981048,6436698,0.315939355,0.41,SLE2010,0.335935712,1.0000,0.9405,,
2385,Sierra Leone,SLE,2011,2.196184746,2.18E-11,3.115747402,2592.858935,6612385,0.326327482,0.416,SLE2011,0.347794592,1.0000,0.9383,,
2386,Sierra Leone,SLE,2012,2.206812061,1.97E-11,1.986689104,2795.438891,6788587,0.348769576,0.418,SLE2012,0.371153444,1.0000,0.9397,,
2387,Sierra Leone,SLE,2013,2.405303733,2.03E-11,2.770850145,3127.539452,6964859,0.484513072,0.436,SLE2013,0.51438123,1.0000,0.9419,,
2388,Sierra Leone,SLE,2014,2.334437771,1.97E-11,2.103671756,2815.058582,7140688,0.481469367,0.438,SLE2014,0.510035872,1.0000,0.9440,,
2389,Sierra Leone,SLE,2015,2.288520242,1.94E-11,2.031760927,2630.534986,7314773,0.433362975,0.432,SLE2015,0.456747711,1.0000,0.9488,,
2390,Sierra Leone,SLE,2016,2.218180699,1.88E-11,1.16475891,2734.718989,7493913,0.479130238,0.441,SLE2016,0.505193293,1.0000,0.9484,,
2391,Sierra Leone,SLE,2017,2.167247892,1.82E-11,1.06203817,2755.904289,7677565,0.510086539,0.445,SLE2017,0.535030663,1.0000,0.9534,,
2392,Sierra Leone,SLE,2018,2.280878386,1.78E-11,0.854497435,2769.869677,7861281,0.574602754,0.451,SLE2018,0.599668145,1.0000,0.9582,,
2393,Sierra Leone,SLE,2019,2.120658083,1.77E-11,0.823983647,2855.229066,8046828,0.534154508,0.455,SLE2019,0.553949058,1.0000,0.9643,,
2394,Sierra Leone,SLE,2020,2.088934369,1.76E-11,1.41559427,2755.102525,8233970,0.502197128,0.454,SLE2020,0.516091585,1.0000,0.9731,,
2395,Singapore,SGP,2000,24.48613466,4.10E-11,65.73424289,68314.5444,4027887,0.801766409,0.882,SGP2000,0.911771715,1.0000,0.8793,,
2396,Singapore,SGP,2001,24.96045406,5.30E-11,122.2885065,65784.40188,4138012,0.711096998,0.885,SGP2001,0.807646453,1.0000,0.8805,,
2397,Singapore,SGP,2002,21.83130489,3.90E-11,74.62477785,67744.27027,4175950,0.732564689,0.891,SGP2002,0.821381867,1.0000,0.8919,,
2398,Singapore,SGP,2003,23.06519506,4.05E-11,95.91887274,71877.53486,4114826,0.645525914,0.897,SGP2003,0.711570859,1.0000,0.9072,,
2399,Singapore,SGP,2004,23.26287743,3.80E-11,95.82699358,78039.02471,4166664,0.709970486,0.905,SGP2004,0.770045817,1.0000,0.9220,,
2400,Singapore,SGP,2005,24.15729677,3.38E-11,83.60399867,81841.15878,4265762,0.799114986,0.911,SGP2005,0.858863294,1.0000,0.9304,,
2401,Singapore,SGP,2006,23.33432178,3.57E-11,75.48119215,86463.82838,4401365,0.889149703,0.911,SGP2006,0.957344115,1.0000,0.9288,,
2402,Singapore,SGP,2007,26.13010806,3.35E-11,82.01199342,90417.80738,4588599,0.887545262,0.914,SGP2007,0.956672192,1.0000,0.9277,,
2403,Singapore,SGP,2008,23.56208892,3.31E-11,77.7261533,87329.59378,4839396,0.710489613,0.924,SGP2008,0.769524157,1.0000,0.9233,,
2404,Singapore,SGP,2009,21.22018365,2.95E-11,58.76336785,84843.5194,4987573,0.715330281,0.928,SGP2009,0.773314476,1.0000,0.9250,,
2405,Singapore,SGP,2010,25.01047469,3.15E-11,79.47759416,95456.18931,5076732,0.799187323,0.932,SGP2010,0.849769294,1.0000,0.9405,,
2406,Singapore,SGP,2011,23.94518438,3.09E-11,76.55028006,99296.75611,5183688,0.776992585,0.933,SGP2011,0.828106225,1.0000,0.9383,,
2407,Singapore,SGP,2012,24.79348846,2.96E-11,78.95616331,101187.8253,5312437,0.771738224,0.933,SGP2012,0.821268022,1.0000,0.9397,,
2408,Singapore,SGP,2013,25.3238144,3.03E-11,87.33634506,104359.0307,5399162,0.725389626,0.934,SGP2013,0.770106792,1.0000,0.9419,,
2409,Singapore,SGP,2014,24.20795018,2.79E-11,104.029169,107066.8586,5469724,0.75281509,0.934,SGP2014,0.79748106,1.0000,0.9440,,
2410,Singapore,SGP,2015,23.0314832,2.91E-11,107.1325102,108953.7243,5535002,0.769719429,0.935,SGP2015,0.811254323,1.0000,0.9488,,
2411,Singapore,SGP,2016,22.88703154,2.77E-11,94.56058879,111579.7427,5607283,0.791248107,0.934,SGP2016,0.834289312,1.0000,0.9484,,
2412,Singapore,SGP,2017,23.4357112,2.92E-11,101.7014559,116471.8208,5612253,0.825697749,0.935,SGP2017,0.866075814,1.0000,0.9534,,
2413,Singapore,SGP,2018,24.33545745,2.97E-11,129.1037325,119927.7691,5638676,0.825890861,0.939,SGP2018,0.861917973,1.0000,0.9582,,
2414,Singapore,SGP,2019,23.76135536,2.79E-11,117.3992856,120114.1339,5703569,0.818007868,0.942,SGP2019,0.848321378,1.0000,0.9643,,
2415,Singapore,SGP,2020,22.19340825,2.39E-11,57.73881069,115893.0424,5685807,0.806074246,0.944,SGP2020,0.828376174,1.0000,0.9731,,
2416,Slovakia,SVK,2000,9.298131505,6.57E-12,5.626110892,NA,5388720,0.57474017,0.774,SVK2000,0.65359664,1.0000,0.8793,,
2417,Slovakia,SVK,2001,9.742583947,6.26E-12,6.350176943,NA,5378867,0.612846702,0.781,SVK2001,0.696056187,1.0000,0.8805,,
2418,Slovakia,SVK,2002,9.708066833,6.27E-12,8.221141145,NA,5376912,0.644376782,0.79,SVK2002,0.722501934,1.0000,0.8919,,
2419,Slovakia,SVK,2003,9.753847825,6.08E-12,9.204487936,NA,5373374,0.629100125,0.796,SVK2003,0.693464518,1.0000,0.9072,,
2420,Slovakia,SVK,2004,9.858151767,6.10E-12,12.45768854,NA,5372280,0.608203411,0.806,SVK2004,0.659667552,1.0000,0.9220,,
2421,Slovakia,SVK,2005,10.64963167,6.48E-12,17.04152435,NA,5372807,0.632676664,0.815,SVK2005,0.679980695,1.0000,0.9304,,
2422,Slovakia,SVK,2006,10.86577775,6.14E-12,18.39790387,NA,5373054,0.651470598,0.824,SVK2006,0.701435924,1.0000,0.9288,,
2423,Slovakia,SVK,2007,11.46174075,6.53E-12,22.25258311,NA,5374622,0.678241175,0.834,SVK2007,0.731066346,1.0000,0.9277,,
2424,Slovakia,SVK,2008,12.08459102,7.28E-12,25.31388173,NA,5379233,0.672983904,0.842,SVK2008,0.728902102,1.0000,0.9233,,
2425,Slovakia,SVK,2009,10.95742981,6.58E-12,20.88332469,NA,5386406,0.659272515,0.845,SVK2009,0.712712705,1.0000,0.9250,,
2426,Slovakia,SVK,2010,11.74434772,6.97E-12,28.07509897,NA,5391428,0.684995027,0.851,SVK2010,0.728349566,1.0000,0.9405,,
2427,Slovakia,SVK,2011,11.36991345,6.44E-12,18.44260462,NA,5398384,0.678701938,0.856,SVK2011,0.723349631,1.0000,0.9383,,
2428,Slovakia,SVK,2012,10.36547548,6.05E-12,15.41119114,NA,5407579,0.667617851,0.856,SVK2012,0.710465252,1.0000,0.9397,,
2429,Slovakia,SVK,2013,10.45367352,6.16E-12,15.85505749,NA,5413393,0.63466427,0.858,SVK2013,0.673788607,1.0000,0.9419,,
2430,Slovakia,SVK,2014,10.2707672,8.50E-12,19.78014968,NA,5418649,0.636552006,0.859,SVK2014,0.674319863,1.0000,0.9440,,
2431,Slovakia,SVK,2015,10.33570981,6.51E-12,15.08129587,NA,5423801,0.644459432,0.861,SVK2015,0.67923516,1.0000,0.9488,,
2432,Slovakia,SVK,2016,10.6688816,7.26E-12,21.5810256,NA,5430798,0.608369794,0.864,SVK2016,0.641463041,1.0000,0.9484,,
2433,Slovakia,SVK,2017,10.74206692,6.66E-12,21.72876022,NA,5439232,0.581772753,0.865,SVK2017,0.610222459,1.0000,0.9534,,
2434,Slovakia,SVK,2018,10.88023358,6.37E-12,19.80670478,NA,5446771,0.564137723,0.868,SVK2018,0.588746607,1.0000,0.9582,,
2435,Slovakia,SVK,2019,11.20228399,6.16E-12,16.51515083,NA,5454147,0.554671561,0.871,SVK2019,0.575226426,1.0000,0.9643,,
2436,Slovakia,SVK,2020,10.68124877,5.81E-12,13.94915168,NA,5458827,0.650197317,0.867,SVK2020,0.668186545,1.0000,0.9731,,
2437,Slovenia,SVN,2000,14.34051678,8.91E-12,12.97480143,30063.11859,1988925,0.64315824,0.829,SVN2000,0.73140192,1.0000,0.8793,,
2438,Slovenia,SVN,2001,14.68555495,8.89E-12,14.43195831,30864.85939,1992060,0.660107052,0.845,SVN2001,0.749733329,1.0000,0.8805,,
2439,Slovenia,SVN,2002,14.36442746,8.77E-12,17.53297103,31838.5469,1994530,0.683652623,0.855,SVN2002,0.766539633,1.0000,0.8919,,
2440,Slovenia,SVN,2003,14.89946696,9.47E-12,21.05694214,32835.99339,1995733,0.677054015,0.865,SVN2003,0.746324658,1.0000,0.9072,,
2441,Slovenia,SVN,2004,15.54346358,1.01E-11,23.39427556,34306.73885,1997012,0.663943174,0.87,SVN2004,0.720123827,1.0000,0.9220,,
2442,Slovenia,SVN,2005,15.38215707,9.66E-12,25.21766609,35567.30525,2000474,0.665616972,0.876,SVN2005,0.715383887,1.0000,0.9304,,
2443,Slovenia,SVN,2006,14.99638415,9.31E-12,23.96249966,37548.8842,2006868,0.661323474,0.883,SVN2006,0.712044477,1.0000,0.9288,,
2444,Slovenia,SVN,2007,15.94130434,1.02E-11,24.83880835,40005.24674,2018122,0.670435068,0.888,SVN2007,0.722652256,1.0000,0.9277,,
2445,Slovenia,SVN,2008,16.7550912,1.07E-11,29.45181092,41288.97276,2021316,0.672483113,0.894,SVN2008,0.728359699,1.0000,0.9233,,
2446,Slovenia,SVN,2009,14.97394373,1.07E-11,28.0386988,37811.57885,2039669,0.6395422,0.894,SVN2009,0.691383064,1.0000,0.9250,,
2447,Slovenia,SVN,2010,15.22598624,9.90E-12,30.89867773,38065.73615,2048583,0.616483348,0.896,SVN2010,0.655501664,1.0000,0.9405,,
2448,Slovenia,SVN,2011,14.54335819,1.06E-11,28.84022728,38235.72284,2052843,0.62692783,0.897,SVN2011,0.668169618,1.0000,0.9383,,
2449,Slovenia,SVN,2012,13.69360855,9.66E-12,20.08002437,37043.06469,2057159,0.605740296,0.897,SVN2012,0.644616425,1.0000,0.9397,,
2450,Slovenia,SVN,2013,13.19621794,8.71E-12,19.29371118,36688.0835,2059953,0.569124947,0.907,SVN2013,0.604209065,1.0000,0.9419,,
2451,Slovenia,SVN,2014,12.55593544,8.93E-12,20.97984471,37664.65194,2061980,0.579224397,0.907,SVN2014,0.613590896,1.0000,0.9440,,
2452,Slovenia,SVN,2015,12.30516513,8.50E-12,20.64708557,38537.09519,2063531,0.580798868,0.909,SVN2015,0.612139404,1.0000,0.9488,,
2453,Slovenia,SVN,2016,12.66182294,8.29E-12,20.4318797,39677.41715,2065042,0.595660068,0.914,SVN2016,0.62806195,1.0000,0.9484,,
2454,Slovenia,SVN,2017,12.69471867,8.35E-12,24.75191058,41703.30395,2066388,0.594985596,0.918,SVN2017,0.624081433,1.0000,0.9534,,
2455,Slovenia,SVN,2018,12.95256058,8.20E-12,33.03265692,43371.98096,2073894,0.618179931,0.922,SVN2018,0.645146251,1.0000,0.9582,,
2456,Slovenia,SVN,2019,12.92761234,8.82E-12,30.21577052,44580.77777,2088385,0.648504166,0.923,SVN2019,0.672536254,1.0000,0.9643,,
2457,Slovenia,SVN,2020,12.0408278,8.29E-12,24.71555499,42474.22471,2102419,0.65102486,0.918,SVN2020,0.669036984,1.0000,0.9731,,
2458,Somalia,SOM,2000,4.008496356,5.52E-11,11.85870433,702.5978846,8721465,0,NA,SOM2000,0,1.0000,0.8793,,
2459,Somalia,SOM,2001,3.236916305,5.19E-11,7.586913122,723.1201803,9070747,0,NA,SOM2001,0,1.0000,0.8805,,
2460,Somalia,SOM,2002,4.038817183,5.20E-11,9.046385388,749.6444778,9411103,0,NA,SOM2002,0,1.0000,0.8919,,
2461,Somalia,SOM,2003,4.256497618,5.13E-11,13.51141783,777.6054435,9758281,0,NA,SOM2003,0,1.0000,0.9072,,
2462,Somalia,SOM,2004,3.656186485,4.74E-11,12.41752334,802.7716383,10117354,0,NA,SOM2004,0,1.0000,0.9220,,
2463,Somalia,SOM,2005,3.278401948,4.48E-11,14.94762267,830.5091477,10467292,0,NA,SOM2005,0,1.0000,0.9304,,
2464,Somalia,SOM,2006,3.266633992,4.34E-11,15.71302785,857.6858031,10784973,0,NA,SOM2006,0,1.0000,0.9288,,
2465,Somalia,SOM,2007,3.231743357,4.26E-11,18.22820782,887.0509592,11118092,0,NA,SOM2007,0,1.0000,0.9277,,
2466,Somalia,SOM,2008,3.315234555,4.08E-11,15.68996513,918.8022938,11444870,0,NA,SOM2008,0,1.0000,0.9233,,
2467,Somalia,SOM,2009,3.041693154,3.92E-11,9.630858263,955.8772283,11730037,0,NA,SOM2009,0,1.0000,0.9250,,
2468,Somalia,SOM,2010,3.579661949,3.95E-11,8.511471552,994.8684631,12026649,0,NA,SOM2010,0,1.0000,0.9405,,
2469,Somalia,SOM,2011,3.91954062,3.93E-11,9.586464712,1053.983839,12216837,0,NA,SOM2011,0,1.0000,0.9383,,
2470,Somalia,SOM,2012,4.883228894,4.00E-11,10.85662944,1114.404151,12440326,0,NA,SOM2012,0,1.0000,0.9397,,
2471,Somalia,SOM,2013,4.683838543,3.84E-11,10.55517579,1197.291915,12852485,0,NA,SOM2013,0,1.0000,0.9419,,
2472,Somalia,SOM,2014,4.969189389,3.77E-11,12.27495602,1258.822494,13309235,0,NA,SOM2014,0,1.0000,0.9440,,
2473,Somalia,SOM,2015,4.757435541,3.60E-11,9.723036007,1343.442967,13763906,0,NA,SOM2015,0,1.0000,0.9488,,
2474,Somalia,SOM,2016,4.055845113,3.36E-11,8.87575665,1383.658532,14292847,0,NA,SOM2016,0,1.0000,0.9484,,
2475,Somalia,SOM,2017,2.969348848,3.03E-11,9.786982839,1527.112158,14864221,0,NA,SOM2017,0,1.0000,0.9534,,
2476,Somalia,SOM,2018,2.968072865,2.95E-11,8.412647384,1504.439087,15411094,0,NA,SOM2018,0,1.0000,0.9582,,
2477,Somalia,SOM,2019,3.308853553,2.90E-11,8.275302128,1491.107604,15981300,0,NA,SOM2019,0,1.0000,0.9643,,
2478,Somalia,SOM,2020,3.293971716,2.92E-11,24.34216547,1396.053433,16537016,0,NA,SOM2020,0,1.0000,0.9731,,
2479,South Africa,ZAF,2000,8.51875916,7.41E-11,23.46952594,11197.5149,46813266,0.668046715,0.618,ZAF2000,0.759705186,1.0000,0.8793,,
2480,South Africa,ZAF,2001,8.544053056,7.30E-11,22.91467091,11401.43105,47229714,0.698832071,0.613,ZAF2001,0.793716252,1.0000,0.8805,,
2481,South Africa,ZAF,2002,8.665994034,7.26E-11,23.2541551,11711.88395,47661514,0.748865999,0.614,ZAF2002,0.839659572,1.0000,0.8919,,
2482,South Africa,ZAF,2003,9.349120844,7.25E-11,23.50616255,11937.71542,48104048,0.789185948,0.61,ZAF2003,0.869929016,1.0000,0.9072,,
2483,South Africa,ZAF,2004,10.02633644,7.17E-11,25.12469244,12356.31634,48556071,0.802276747,0.613,ZAF2004,0.870162725,1.0000,0.9220,,
2484,South Africa,ZAF,2005,10.10219752,7.02E-11,26.40265403,12877.30631,49017147,0.842608646,0.616,ZAF2005,0.905608892,1.0000,0.9304,,
2485,South Africa,ZAF,2006,10.07348937,6.94E-11,26.55215389,13460.68942,49491756,0.819937046,0.622,ZAF2006,0.88282311,1.0000,0.9288,,
2486,South Africa,ZAF,2007,10.19164931,6.77E-11,25.84557726,14033.40084,49996094,0.80724491,0.632,ZAF2007,0.870117605,1.0000,0.9277,,
2487,South Africa,ZAF,2008,10.24892996,6.64E-11,26.23058431,14315.18965,50565812,0.747354803,0.643,ZAF2008,0.809452474,1.0000,0.9233,,
2488,South Africa,ZAF,2009,10.08434943,6.65E-11,25.89767353,13927.72889,51170779,0.69808966,0.657,ZAF2009,0.754676342,1.0000,0.9250,,
2489,South Africa,ZAF,2010,10.15799716,6.57E-11,26.25853683,14182.33428,51784921,0.683707236,0.669,ZAF2010,0.726980269,1.0000,0.9405,,
2490,South Africa,ZAF,2011,9.811596945,6.40E-11,27.89167681,14451.92918,52443325,0.659421351,0.683,ZAF2011,0.702800691,1.0000,0.9383,,
2491,South Africa,ZAF,2012,10.07373439,6.33E-11,26.97072404,14581.58896,53145033,0.648322982,0.696,ZAF2012,0.689932048,1.0000,0.9397,,
2492,South Africa,ZAF,2013,9.922963767,6.18E-11,22.83662719,14699.06681,53873616,0.638394285,0.705,ZAF2013,0.677748561,1.0000,0.9419,,
2493,South Africa,ZAF,2014,9.665289161,6.01E-11,22.62959151,14661.26243,54729551,0.632526493,0.713,ZAF2014,0.670055509,1.0000,0.9440,,
2494,South Africa,ZAF,2015,8.984670167,5.89E-11,24.6938321,14559.47438,55876504,0.622511558,0.722,ZAF2015,0.656102955,1.0000,0.9488,,
2495,South Africa,ZAF,2016,8.794779906,5.83E-11,23.11522447,14519.03086,56422274,0.619849208,0.722,ZAF2016,0.653566897,1.0000,0.9484,,
2496,South Africa,ZAF,2017,8.993435203,5.83E-11,26.56976997,14591.43668,56641209,0.624530846,0.726,ZAF2017,0.655071497,1.0000,0.9534,,
2497,South Africa,ZAF,2018,8.952464078,5.72E-11,27.87645142,14571.37563,57339635,0.591933597,0.732,ZAF2018,0.617754996,1.0000,0.9582,,
2498,South Africa,ZAF,2019,8.905782077,5.66E-11,27.38884126,14370.23804,58087055,0.576418746,0.742,ZAF2019,0.597779512,1.0000,0.9643,,
2499,South Africa,ZAF,2020,8.100830707,5.51E-11,26.78299566,13266.78581,58801927,0.594158122,0.724,ZAF2020,0.610596895,1.0000,0.9731,,
2500,Spain,ESP,2000,12.02658609,3.04E-11,101.5187105,39945.89713,40567864,0.935034929,0.833,ESP2000,1.063325167,1.0000,0.8793,,
2501,Spain,ESP,2001,11.94883726,2.59E-11,102.1183608,41224.29241,40850412,0.965780133,0.839,ESP2001,1.096909285,1.0000,0.8805,,
2502,Spain,ESP,2002,12.41445112,2.53E-11,98.83710018,41766.03782,41431558,0.995810213,0.844,ESP2002,1.116543651,1.0000,0.8919,,
2503,Spain,ESP,2003,12.96387532,2.78E-11,106.0278331,42223.13017,42187645,0.94916103,0.846,ESP2003,1.046271443,1.0000,0.9072,,
2504,Spain,ESP,2004,13.41395284,2.79E-11,107.1220487,42793.39023,42921895,0.920236627,0.852,ESP2004,0.998103976,1.0000,0.9220,,
2505,Spain,ESP,2005,13.78656947,2.78E-11,93.3129898,43570.76526,43653155,0.917486292,0.857,ESP2005,0.986084998,1.0000,0.9304,,
2506,Spain,ESP,2006,13.75808071,2.79E-11,98.9933705,44572.68155,44397319,0.886079225,0.862,ESP2006,0.954038143,1.0000,0.9288,,
2507,Spain,ESP,2007,14.24324482,2.70E-11,100.4232337,45301.28434,45226803,0.860228726,0.864,ESP2007,0.927228093,1.0000,0.9277,,
2508,Spain,ESP,2008,13.23135187,2.68E-11,96.30430952,44926.34895,45954106,0.829178965,0.865,ESP2008,0.898075402,1.0000,0.9233,,
2509,Spain,ESP,2009,11.2172085,2.53E-11,88.88832586,42852.22089,46362946,0.827461305,0.867,ESP2009,0.894534767,1.0000,0.9250,,
2510,Spain,ESP,2010,10.95106027,2.45E-11,87.97286384,42695.52742,46576897,0.795010705,0.875,ESP2010,0.845328331,1.0000,0.9405,,
2511,Spain,ESP,2011,10.7274935,2.36E-11,84.83090605,42271.83468,46742697,0.764664841,0.879,ESP2011,0.814967513,1.0000,0.9383,,
2512,Spain,ESP,2012,10.0047053,2.28E-11,74.54385528,41034.04816,46773055,0.764530583,0.881,ESP2012,0.813597798,1.0000,0.9397,,
2513,Spain,ESP,2013,9.448019527,2.21E-11,71.05510151,40594.91401,46620045,0.750715175,0.886,ESP2013,0.796993554,1.0000,0.9419,,
2514,Spain,ESP,2014,9.510413386,2.12E-11,66.21161315,41339.41112,46480882,0.752351625,0.89,ESP2014,0.796990097,1.0000,0.9440,,
2515,Spain,ESP,2015,9.61471378,2.13E-11,65.75677269,43053.76143,46444832,0.795198245,0.895,ESP2015,0.838108003,1.0000,0.9488,,
2516,Spain,ESP,2016,9.532934925,2.20E-11,65.1179083,44274.66761,46484062,0.802585858,0.9,ESP2016,0.846243799,1.0000,0.9484,,
2517,Spain,ESP,2017,9.836081687,2.17E-11,62.83174779,45446.25086,46593236,0.812407396,0.902,ESP2017,0.852135539,1.0000,0.9534,,
2518,Spain,ESP,2018,9.904344665,2.17E-11,63.08088439,46325.20994,46797754,0.803560953,0.905,ESP2018,0.838613987,1.0000,0.9582,,
2519,Spain,ESP,2019,9.447463223,2.14E-11,61.37021059,46896.41711,47134837,0.841376589,0.91,ESP2019,0.87255609,1.0000,0.9643,,
2520,Spain,ESP,2020,8.546316115,2.17E-11,61.14186663,41553.44779,47365655,0.799375021,0.901,ESP2020,0.821491599,1.0000,0.9731,,
2521,Sri Lanka,LKA,2000,2.781573579,2.73E-11,93.53447618,6428.613419,18776371,0.544487609,0.702,LKA2000,0.619193316,1.0000,0.8793,,
2522,Sri Lanka,LKA,2001,2.60643879,2.69E-11,92.14529432,6230.030519,18920275,0.552414741,0.704,LKA2001,0.627419055,1.0000,0.8805,,
2523,Sri Lanka,LKA,2002,2.620078483,2.68E-11,106.0757494,6409.862789,19110707,0.594535913,0.709,LKA2002,0.666618288,1.0000,0.8919,,
2524,Sri Lanka,LKA,2003,2.698720914,2.58E-11,101.528394,6741.012488,19303180,0.591333853,0.713,LKA2003,0.651834309,1.0000,0.9072,,
2525,Sri Lanka,LKA,2004,2.719860891,2.53E-11,112.1074257,7059.910981,19490431,0.567906542,0.695,LKA2004,0.615960896,1.0000,0.9220,,
2526,Sri Lanka,LKA,2005,2.82809272,2.68E-11,100.9293677,7452.742341,19673866,0.556161284,0.721,LKA2005,0.597744405,1.0000,0.9304,,
2527,Sri Lanka,LKA,2006,2.882521133,2.75E-11,107.5979509,7970.66491,19870706,0.601353971,0.724,LKA2006,0.647475541,1.0000,0.9288,,
2528,Sri Lanka,LKA,2007,2.92321886,2.67E-11,127.3564449,8454.206753,20078655,0.621024648,0.729,LKA2007,0.66939348,1.0000,0.9277,,
2529,Sri Lanka,LKA,2008,3.058882282,2.95E-11,133.5859292,8897.82686,20285643,0.597436751,0.73,LKA2008,0.647077739,1.0000,0.9233,,
2530,Sri Lanka,LKA,2009,2.841203068,2.84E-11,101.8502784,9156.319065,20482477,0.62543542,0.723,LKA2009,0.676132798,1.0000,0.9250,,
2531,Sri Lanka,LKA,2010,3.031235938,2.96E-11,109.5752783,9832.186223,20668557,0.639926155,0.748,LKA2010,0.680428207,1.0000,0.9405,,
2532,Sri Lanka,LKA,2011,3.419914164,3.08E-11,112.7840058,10618.4926,20859743,0.68303707,0.753,LKA2011,0.727969944,1.0000,0.9383,,
2533,Sri Lanka,LKA,2012,3.567865864,2.98E-11,80.735658,11447.69377,21017147,0.70766043,0.759,LKA2012,0.753077745,1.0000,0.9397,,
2534,Sri Lanka,LKA,2013,3.264962676,3.02E-11,78.79281822,12249.72234,21131756,0.682336837,0.764,LKA2013,0.724399984,1.0000,0.9419,,
2535,Sri Lanka,LKA,2014,3.293723773,2.90E-11,65.5612195,12909.96631,21239457,0.660472594,0.767,LKA2014,0.699659705,1.0000,0.9440,,
2536,Sri Lanka,LKA,2015,3.57623103,3.01E-11,70.08232056,13329.77934,21336697,0.668725582,0.769,LKA2015,0.704810739,1.0000,0.9488,,
2537,Sri Lanka,LKA,2016,3.600693168,2.96E-11,69.57831553,13845.61468,21425494,0.663417947,0.772,LKA2016,0.699505627,1.0000,0.9484,,
2538,Sri Lanka,LKA,2017,3.514349277,2.95E-11,54.87962424,14572.48582,21506813,0.647005777,0.777,LKA2017,0.678645492,1.0000,0.9534,,
2539,Sri Lanka,LKA,2018,3.51396842,3.01E-11,72.61975172,14759.82489,21670000,0.664673652,0.782,LKA2018,0.693668127,1.0000,0.9582,,
2540,Sri Lanka,LKA,2019,3.47440225,3.02E-11,65.97532269,14637.44429,21803000,0.650991558,0.781,LKA2019,0.675115824,1.0000,0.9643,,
2541,Sri Lanka,LKA,2020,3.302989361,3.02E-11,61.34470235,13886.65137,21919000,0.618225778,0.78,LKA2020,0.635330439,1.0000,0.9731,,
2542,Sudan,SDN,2000,4.449865531,7.19E-12,117.756727,3575.852051,26298773,0.452208419,NA,SDN2000,0.51425308,1.0000,0.8793,,
2543,Sudan,SDN,2001,4.855917492,7.31E-12,191.656037,3701.548828,26947253,0.431564043,NA,SDN2001,0.49015981,1.0000,0.8805,,
2544,Sudan,SDN,2002,4.954403335,7.32E-12,167.4763967,3814.313232,27570318,0.407440564,NA,SDN2002,0.456839234,1.0000,0.8919,,
2545,Sudan,SDN,2003,4.538947989,6.89E-12,155.2152029,3946.922607,28188977,0.401658344,NA,SDN2003,0.442752749,1.0000,0.9072,,
2546,Sudan,SDN,2004,4.759303444,7.01E-12,144.9155296,4041.057129,28831550,0.421442082,NA,SDN2004,0.457103103,1.0000,0.9220,,
2547,Sudan,SDN,2005,5.105591494,7.49E-12,132.7853582,4152.322754,29540577,0.489333498,NA,SDN2005,0.525920033,1.0000,0.9304,,
2548,Sudan,SDN,2006,5.471603516,7.74E-12,158.4936749,4299.974121,30332968,0.580920693,NA,SDN2006,0.625475109,1.0000,0.9288,,
2549,Sudan,SDN,2007,5.221332938,7.40E-12,142.0666218,4415.785156,31191163,0.519786854,NA,SDN2007,0.560270727,1.0000,0.9277,,
2550,Sudan,SDN,2008,5.328630696,7.75E-12,340.4553072,4446.409668,32065241,0.445411082,0.456,SDN2008,0.482420266,1.0000,0.9233,,
2551,Sudan,SDN,2009,5.276838579,7.28E-12,378.293731,4188.054688,32948155,0.448472437,0.469,SDN2009,0.484825313,1.0000,0.9250,,
2552,Sudan,SDN,2010,4.981460002,6.88E-12,370.2327045,4219.836914,33739933,0.440979999,0.479,SDN2010,0.468890399,1.0000,0.9405,,
2553,Sudan,SDN,2011,4.944825975,3.77E-12,374.511058,4467.625977,34419624,0.484240449,0.476,SDN2011,0.516095698,1.0000,0.9383,,
2554,Sudan,SDN,2012,4.897843943,3.41E-12,393.4926184,4145.931641,35159792,0.564011201,0.482,SDN2012,0.600209177,1.0000,0.9397,,
2555,Sudan,SDN,2013,4.91468707,3.39E-12,376.0453855,4130.48584,35990704,0.488924277,0.488,SDN2013,0.519064367,1.0000,0.9419,,
2556,Sudan,SDN,2014,4.771167404,3.11E-12,381.6316797,4207.500488,37003245,0.705308925,0.496,SDN2014,0.747156262,1.0000,0.9440,,
2557,Sudan,SDN,2015,4.741969385,3.05E-12,395.0103589,4159.194336,38171178,0.755451563,0.498,SDN2015,0.796216547,1.0000,0.9488,,
2558,Sudan,SDN,2016,4.804993577,3.04E-12,320.7999755,4174.561035,39377169,1.05818846,0.502,SDN2016,1.115750313,1.0000,0.9484,,
2559,Sudan,SDN,2017,4.705753596,3.17E-12,367.6391671,4061.018311,40679828,1.108829909,0.506,SDN2017,1.163053632,1.0000,0.9534,,
2560,Sudan,SDN,2018,4.333050464,2.59E-12,202.2807587,3816.659912,41999059,0.627753081,0.515,SDN2018,0.655137002,1.0000,0.9582,,
2561,Sudan,SDN,2019,4.091138948,2.43E-12,195.6204223,3625.523193,43232093,0.60381047,0.517,SDN2019,0.626186311,1.0000,0.9643,,
2562,Sudan,SDN,2020,3.922515759,2.24E-12,194.471727,3401.249756,44440486,0.532776611,0.513,SDN2020,0.547517121,1.0000,0.9731,,
2563,Sweden,SWE,2000,17.19841766,1.10E-11,16.92660774,47875.08447,8872109,0.882657963,0.912,SWE2000,1.003761888,1.0000,0.8793,,
2564,Sweden,SWE,2001,16.31442506,9.81E-12,15.74794855,48396.44801,8895960,0.896459656,0.915,SWE2001,1.018176794,1.0000,0.8805,,
2565,Sweden,SWE,2002,16.79783651,1.05E-11,18.84496145,49337.93397,8924958,0.928703029,0.918,SWE2002,1.041300297,1.0000,0.8919,,
2566,Sweden,SWE,2003,17.75490936,1.09E-11,19.53006851,50079.26441,8958229,0.922460188,0.923,SWE2003,1.016838789,1.0000,0.9072,,
2567,Sweden,SWE,2004,17.67172387,1.01E-11,20.74344414,51967.55218,8993531,0.96142453,0.908,SWE2004,1.042777061,1.0000,0.9220,,
2568,Sweden,SWE,2005,17.63379552,9.82E-12,23.26883462,53205.87867,9029572,0.966456333,0.911,SWE2005,1.038716435,1.0000,0.9304,,
2569,Sweden,SWE,2006,18.02186794,1.06E-11,23.75980071,55381.39568,9080505,0.94499608,0.915,SWE2006,1.017473698,1.0000,0.9288,,
2570,Sweden,SWE,2007,18.27915114,9.93E-12,25.66500864,56745.03826,9148092,0.941573818,0.917,SWE2007,1.014908791,1.0000,0.9277,,
2571,Sweden,SWE,2008,17.76566436,9.88E-12,27.37759201,55784.93135,9219637,0.907098329,0.913,SWE2008,0.982469082,1.0000,0.9233,,
2572,Sweden,SWE,2009,16.0718829,8.21E-12,21.19541281,52957.88474,9298515,0.871455334,0.912,SWE2009,0.942094922,1.0000,0.9250,,
2573,Sweden,SWE,2010,17.67765942,8.19E-12,24.41523284,55527.93981,9378126,0.85358947,0.918,SWE2010,0.907614648,1.0000,0.9405,,
2574,Sweden,SWE,2011,17.71305091,8.79E-12,23.9794263,56853.83716,9449213,0.883409394,0.92,SWE2011,0.941523552,1.0000,0.9383,,
2575,Sweden,SWE,2012,17.43496351,8.67E-12,20.55997721,56200.90226,9519374,0.871510712,0.92,SWE2012,0.927443862,1.0000,0.9397,,
2576,Sweden,SWE,2013,17.15547487,8.01E-12,22.68103297,56360.70842,9600379,0.839861266,0.94,SWE2013,0.89163512,1.0000,0.9419,,
2577,Sweden,SWE,2014,16.60565372,7.83E-12,20.88205959,57085.38536,9696110,0.845088773,0.943,SWE2014,0.895229518,1.0000,0.9440,,
2578,Sweden,SWE,2015,16.19759991,7.81E-12,20.50591949,58975.97789,9799186,0.870845723,0.945,SWE2015,0.917837501,1.0000,0.9488,,
2579,Sweden,SWE,2016,16.24751486,8.22E-12,20.42840355,59608.08746,9923085,0.873769884,0.947,SWE2016,0.921299994,1.0000,0.9484,,
2580,Sweden,SWE,2017,16.30080928,8.09E-12,21.95853348,59883.66776,10057698,0.868259907,0.949,SWE2017,0.910719335,1.0000,0.9534,,
2581,Sweden,SWE,2018,15.9688997,8.28E-12,26.28310895,60318.46072,10175214,0.841412128,0.95,SWE2018,0.87811631,1.0000,0.9582,,
2582,Sweden,SWE,2019,15.25310476,7.73E-12,24.25366869,61232.48485,10278887,0.881866064,0.955,SWE2019,0.914546013,1.0000,0.9643,,
2583,Sweden,SWE,2020,14.96489265,7.02E-12,20.48771722,59572.47476,10353442,0.874202078,0.951,SWE2020,0.898388922,1.0000,0.9731,,
2584,Switzerland,CHE,2000,19.23634863,2.00E-11,59.9818736,67378.39015,7184250,0.804511977,0.892,CHE2000,0.914893985,1.0000,0.8793,,
2585,Switzerland,CHE,2001,20.2828919,2.52E-11,78.65722318,68008.34419,7229854,0.821826126,0.895,CHE2001,0.93340987,1.0000,0.8805,,
2586,Switzerland,CHE,2002,19.1176648,1.70E-11,34.97669216,67446.40443,7284753,0.856399662,0.896,CHE2002,0.960230768,1.0000,0.8919,,
2587,Switzerland,CHE,2003,19.77868054,1.89E-11,36.70757909,66926.16798,7339001,0.843518975,0.901,CHE2003,0.929820955,1.0000,0.9072,,
2588,Switzerland,CHE,2004,19.4974845,1.74E-11,39.66760374,68263.44114,7389625,0.860850793,0.906,CHE2004,0.933693111,1.0000,0.9220,,
2589,Switzerland,CHE,2005,20.13332642,1.87E-11,41.99461726,69692.59548,7437115,0.84683611,0.909,CHE2005,0.910152435,1.0000,0.9304,,
2590,Switzerland,CHE,2006,19.90386306,1.72E-11,42.98273967,72077.85985,7483934,0.831371413,0.918,CHE2006,0.895134449,1.0000,0.9288,,
2591,Switzerland,CHE,2007,19.77278419,1.65E-11,38.89110719,74234.3011,7551117,0.859014,0.926,CHE2007,0.925918758,1.0000,0.9277,,
2592,Switzerland,CHE,2008,20.581404,1.75E-11,53.23407608,75355.20249,7647675,0.856007138,0.934,CHE2008,0.927132726,1.0000,0.9233,,
2593,Switzerland,CHE,2009,19.95832842,1.64E-11,43.75946199,72709.81383,7743831,0.814751271,0.942,CHE2009,0.880794466,1.0000,0.9250,,
2594,Switzerland,CHE,2010,21.32789325,1.74E-11,51.67415453,74290.26196,7824909,0.850757877,0.945,CHE2010,0.904603839,1.0000,0.9405,,
2595,Switzerland,CHE,2011,23.28242122,1.98E-11,52.93467262,74800.88864,7912398,0.882492997,0.946,CHE2011,0.94054687,1.0000,0.9383,,
2596,Switzerland,CHE,2012,21.93447203,1.93E-11,46.80699746,74883.61589,7996861,0.921820699,0.949,CHE2012,0.980982721,1.0000,0.9397,,
2597,Switzerland,CHE,2013,22.01863441,1.87E-11,47.58872344,75354.15505,8089346,0.93367149,0.952,CHE2013,0.991228342,1.0000,0.9419,,
2598,Switzerland,CHE,2014,20.91794733,2.04E-11,52.65276756,76189.60184,8188649,0.908907934,0.956,CHE2014,0.962835193,1.0000,0.9440,,
2599,Switzerland,CHE,2015,21.26320458,2.14E-11,55.97795644,76566.07725,8282396,0.906724859,0.957,CHE2015,0.955652714,1.0000,0.9488,,
2600,Switzerland,CHE,2016,21.64179966,2.05E-11,51.58362933,77301.21243,8373338,0.913354415,0.959,CHE2016,0.963037789,1.0000,0.9484,,
2601,Switzerland,CHE,2017,20.88215037,2.02E-11,52.65626222,77626.90274,8451840,0.888985854,0.96,CHE2017,0.932458818,1.0000,0.9534,,
2602,Switzerland,CHE,2018,20.04508773,1.94E-11,50.04663493,79261.35636,8514329,0.900807331,0.962,CHE2018,0.940102458,1.0000,0.9582,,
2603,Switzerland,CHE,2019,20.53402796,1.97E-11,51.06564091,79596.70295,8575280,0.935484441,0.965,CHE2019,0.970151365,1.0000,0.9643,,
2604,Switzerland,CHE,2020,19.80440844,1.82E-11,50.85991238,77324.88709,8638167,0.894775933,0.963,CHE2020,0.919532001,1.0000,0.9731,,
2605,Syria,SYR,2000,4.453480518,9.39E-12,317.5187575,NA,16307654,0,0.594,SYR2000,0,1.0000,0.8793,,
2606,Syria,SYR,2001,3.976480431,9.48E-12,356.4130778,NA,16727948,0,0.602,SYR2001,0,1.0000,0.8805,,
2607,Syria,SYR,2002,3.673146197,1.00E-11,458.2490282,NA,17164021,0,0.61,SYR2002,0,1.0000,0.8919,,
2608,Syria,SYR,2003,3.585770013,9.73E-12,388.9553698,NA,17611356,0,0.621,SYR2003,0,1.0000,0.9072,,
2609,Syria,SYR,2004,3.793609537,9.33E-12,363.238619,NA,18084007,0,0.635,SYR2004,0,1.0000,0.9220,,
2610,Syria,SYR,2005,4.444765509,9.22E-12,347.9974999,NA,18583557,0,0.646,SYR2005,0,1.0000,0.9304,,
2611,Syria,SYR,2006,4.186626156,8.82E-12,345.1670045,NA,19432009,0,0.658,SYR2006,0,1.0000,0.9288,,
2612,Syria,SYR,2007,4.162597533,8.50E-12,406.6842027,NA,20703005,0,0.665,SYR2007,0,1.0000,0.9277,,
2613,Syria,SYR,2008,3.733993822,7.74E-12,298.5256668,NA,21474059,0,0.66,SYR2008,0,1.0000,0.9233,,
2614,Syria,SYR,2009,4.182475068,8.34E-12,275.7752413,NA,21827220,0,0.668,SYR2009,0,1.0000,0.9250,,
2615,Syria,SYR,2010,4.224590461,7.85E-12,286.9057116,NA,22337563,0,0.669,SYR2010,0,1.0000,0.9405,,
2616,Syria,SYR,2011,4.059236292,7.60E-12,271.6608875,NA,22730733,0,0.664,SYR2011,0,1.0000,0.9383,,
2617,Syria,SYR,2012,3.462716564,7.15E-12,223.6023961,NA,22605577,0,0.626,SYR2012,0,1.0000,0.9397,,
2618,Syria,SYR,2013,2.553627052,7.14E-12,183.9323724,NA,21495821,0,0.567,SYR2013,0,1.0000,0.9419,,
2619,Syria,SYR,2014,2.492872844,7.62E-12,157.8880532,NA,20072232,0,0.561,SYR2014,0,1.0000,0.9440,,
2620,Syria,SYR,2015,2.506183423,7.85E-12,161.6503126,NA,19205178,0,0.549,SYR2015,0,1.0000,0.9488,,
2621,Syria,SYR,2016,2.402238507,8.21E-12,115.1505912,NA,18964252,0,0.552,SYR2016,0,1.0000,0.9484,,
2622,Syria,SYR,2017,2.559907996,8.11E-12,91.32579427,NA,18983373,0,0.551,SYR2017,0,1.0000,0.9534,,
2623,Syria,SYR,2018,2.671361096,7.81E-12,65.63532135,NA,19333463,0,0.557,SYR2018,0,1.0000,0.9582,,
2624,Syria,SYR,2019,2.828826479,7.56E-12,75.83414408,NA,20098251,0,0.569,SYR2019,0,1.0000,0.9643,,
2625,Syria,SYR,2020,2.630734818,7.72E-12,72.44650304,NA,20772595,0,0.57,SYR2020,0,1.0000,0.9731,,
2626,Tajikistan,TJK,2000,1.436892302,5.83E-12,115.0881976,1365.233274,6272998,0.21932001,0.554,TJK2000,0.249411523,1.0000,0.8793,,
2627,Tajikistan,TJK,2001,1.514498211,5.58E-12,109.5268565,1467.398825,6408810,0.198980421,0.563,TJK2001,0.225997061,1.0000,0.8805,,
2628,Tajikistan,TJK,2002,1.677373884,5.66E-12,133.5515445,1594.938905,6541755,0.206087501,0.575,TJK2002,0.231073841,1.0000,0.8919,,
2629,Tajikistan,TJK,2003,1.640712276,5.53E-12,133.644706,1736.640397,6672492,0.215655093,0.587,TJK2003,0.237719163,1.0000,0.9072,,
2630,Tajikistan,TJK,2004,1.744507121,5.40E-12,132.2259884,1878.286962,6801204,0.231689906,0.598,TJK2004,0.251294732,1.0000,0.9220,,
2631,Tajikistan,TJK,2005,1.837128119,5.35E-12,127.6472374,1965.300205,6929145,0.240016833,0.611,TJK2005,0.257962435,1.0000,0.9304,,
2632,Tajikistan,TJK,2006,1.965865045,5.63E-12,130.7033662,2063.288508,7057417,0.275425165,0.62,TJK2006,0.296549231,1.0000,0.9288,,
2633,Tajikistan,TJK,2007,2.32986171,5.63E-12,125.4114379,2181.897981,7188391,0.331415924,0.625,TJK2007,0.357228428,1.0000,0.9277,,
2634,Tajikistan,TJK,2008,2.505318747,5.78E-12,145.6134599,2308.0943,7324627,0.30972847,0.634,TJK2008,0.335463792,1.0000,0.9233,,
2635,Tajikistan,TJK,2009,2.326269955,5.85E-12,167.2193048,2349.500303,7468596,0.308447473,0.634,TJK2009,0.333450019,1.0000,0.9250,,
2636,Tajikistan,TJK,2010,2.156129313,5.73E-12,143.0630741,2449.273587,7621779,0.282276511,0.639,TJK2010,0.300142288,1.0000,0.9405,,
2637,Tajikistan,TJK,2011,2.544642758,5.96E-12,165.6514345,2572.480749,7784819,0.315777838,0.644,TJK2011,0.336550951,1.0000,0.9383,,
2638,Tajikistan,TJK,2012,2.57507971,5.89E-12,139.4814913,2700.09546,7956382,0.321052071,0.649,TJK2012,0.341657043,1.0000,0.9397,,
2639,Tajikistan,TJK,2013,2.56202053,5.72E-12,137.8637157,2828.385421,8136610,0.249413726,0.655,TJK2013,0.264789015,1.0000,0.9419,,
2640,Tajikistan,TJK,2014,2.694190294,5.71E-12,131.815991,2943.088679,8326348,0.269264631,0.657,TJK2014,0.28524062,1.0000,0.9440,,
2641,Tajikistan,TJK,2015,2.313605055,5.06E-12,117.5508658,3041.444796,8524063,0.204192214,0.658,TJK2015,0.215210646,1.0000,0.9488,,
2642,Tajikistan,TJK,2016,2.391202712,4.54E-12,97.39239774,3169.966782,8725318,0.209198379,0.661,TJK2016,0.22057806,1.0000,0.9484,,
2643,Tajikistan,TJK,2017,2.447159418,5.01E-12,91.62235667,3312.712022,8925525,0.216539907,0.666,TJK2017,0.227129087,1.0000,0.9534,,
2644,Tajikistan,TJK,2018,2.48378525,4.94E-12,105.5276966,3479.69236,9128132,0.200470328,0.67,TJK2018,0.209215268,1.0000,0.9582,,
2645,Tajikistan,TJK,2019,2.613112479,5.07E-12,112.0460239,3649.883755,9337003,0.202375631,0.673,TJK2019,0.209875211,1.0000,0.9643,,
2646,Tajikistan,TJK,2020,2.374456799,4.87E-12,113.5947551,3724.748959,9543207,0.194743951,0.664,TJK2020,0.200131997,1.0000,0.9731,,
2647,Tanzania,TZA,2000,2.710623879,1.92E-11,7.971761651,1839.936646,34463704,0.24299108,0.414,TZA2000,0.276330352,1.0000,0.8793,,
2648,Tanzania,TZA,2001,2.739424647,1.99E-11,14.83793215,1899.745361,35414469,0.265027715,0.422,TZA2001,0.30101195,1.0000,0.8805,,
2649,Tanzania,TZA,2002,2.662720785,1.75E-11,5.79403726,1982.644287,36353531,0.292639145,0.433,TZA2002,0.328119129,1.0000,0.8919,,
2650,Tanzania,TZA,2003,2.877125034,1.95E-11,8.78922224,2059.837402,37333918,0.303581963,0.444,TZA2003,0.334641993,1.0000,0.9072,,
2651,Tanzania,TZA,2004,2.829387786,1.79E-11,6.580453363,2155.241455,38360879,0.310349683,0.455,TZA2004,0.336610436,1.0000,0.9220,,
2652,Tanzania,TZA,2005,2.822899165,1.67E-11,7.014079546,2253.093262,39439505,0.336643833,0.465,TZA2005,0.361814052,1.0000,0.9304,,
2653,Tanzania,TZA,2006,2.748198556,1.60E-11,4.419114004,2334.104492,40562052,0.334976875,0.477,TZA2006,0.360668331,1.0000,0.9288,,
2654,Tanzania,TZA,2007,2.800008376,1.58E-11,5.608874293,2423.615967,41716497,0.339377252,0.486,TZA2007,0.365809828,1.0000,0.9277,,
2655,Tanzania,TZA,2008,2.744687109,1.58E-11,6.789915278,2493.259277,42870884,0.32215652,0.495,TZA2008,0.348924488,1.0000,0.9233,,
2656,Tanzania,TZA,2009,2.737793075,1.56E-11,5.904134494,2560.811035,43957933,0.296464813,0.504,TZA2009,0.320496053,1.0000,0.9250,,
2657,Tanzania,TZA,2010,2.764371997,1.51E-11,6.736411982,2654.803467,45110527,0.299456073,0.513,TZA2010,0.318409175,1.0000,0.9405,,
2658,Tanzania,TZA,2011,2.890756828,1.50E-11,3.850442502,2779.707764,46416031,0.321206484,0.516,TZA2011,0.342336714,1.0000,0.9383,,
2659,Tanzania,TZA,2012,2.785233006,1.50E-11,4.234507832,2822.485352,47786137,0.317474379,0.519,TZA2012,0.337849736,1.0000,0.9397,,
2660,Tanzania,TZA,2013,2.926134385,1.47E-11,4.782746692,2924.863281,49253643,0.325134359,0.521,TZA2013,0.345177501,1.0000,0.9419,,
2661,Tanzania,TZA,2014,2.872446021,1.42E-11,4.461061083,3027.569092,50814552,0.330837924,0.521,TZA2014,0.350467175,1.0000,0.9440,,
2662,Tanzania,TZA,2015,2.767545977,1.38E-11,4.421179054,3111.44458,52542823,0.343162775,0.52,TZA2015,0.36168021,1.0000,0.9488,,
2663,Tanzania,TZA,2016,2.751621629,1.34E-11,3.727267296,3214.246826,54401802,0.343579828,0.52,TZA2016,0.362269402,1.0000,0.9484,,
2664,Tanzania,TZA,2017,2.513281773,1.28E-11,2.396261166,3319.376709,56267032,0.331418291,0.528,TZA2017,0.347625226,1.0000,0.9534,,
2665,Tanzania,TZA,2018,2.442937988,1.24E-11,2.96847064,3392.688721,58090443,0.36589317,0.537,TZA2018,0.381854206,1.0000,0.9582,,
2666,Tanzania,TZA,2019,2.477364719,1.22E-11,3.511967145,3484.632568,59872579,0.362909636,0.546,TZA2019,0.376358241,1.0000,0.9643,,
2667,Tanzania,TZA,2020,2.464368145,1.17E-11,2.803084813,3449.821533,61704518,0.348423364,0.554,TZA2020,0.35806331,1.0000,0.9731,,
2668,Thailand,THA,2000,5.287673181,1.41E-11,42.23257251,11622.52503,63066603,0.301042708,0.657,THA2000,0.342346877,1.0000,0.8793,,
2669,Thailand,THA,2001,5.438427767,1.42E-11,43.84390861,11901.31821,63649892,0.321963927,0.667,THA2001,0.365678698,1.0000,0.8805,,
2670,Thailand,THA,2002,5.53559546,1.41E-11,44.27994383,12512.18313,64222580,0.35097719,0.678,THA2002,0.39353016,1.0000,0.8919,,
2671,Thailand,THA,2003,5.864996499,1.38E-11,47.92848467,13287.3049,64776956,0.374406558,0.69,THA2003,0.412712783,1.0000,0.9072,,
2672,Thailand,THA,2004,6.086223244,1.39E-11,51.39610928,13997.00139,65311166,0.395123706,0.699,THA2004,0.428557754,1.0000,0.9220,,
2673,Thailand,THA,2005,6.455224763,1.44E-11,54.32011812,14458.25518,65821360,0.4247869,0.707,THA2005,0.456547409,1.0000,0.9304,,
2674,Thailand,THA,2006,6.513150969,1.44E-11,54.33642601,15051.06067,66319525,0.436211156,0.71,THA2006,0.469666898,1.0000,0.9288,,
2675,Thailand,THA,2007,6.687831793,1.41E-11,55.24723306,15742.65529,66826754,0.440732665,0.721,THA2007,0.47505936,1.0000,0.9277,,
2676,Thailand,THA,2008,6.913263986,1.42E-11,56.74542653,15891.78234,67328239,0.436612808,0.723,THA2008,0.472890943,1.0000,0.9233,,
2677,Thailand,THA,2009,6.585932463,1.43E-11,51.78334214,15665.90312,67813654,0.410085899,0.725,THA2009,0.443327188,1.0000,0.9250,,
2678,Thailand,THA,2010,7.157286026,1.46E-11,52.7628865,16730.36979,68270489,0.434869677,0.742,THA2010,0.462393343,1.0000,0.9405,,
2679,Thailand,THA,2011,7.43090508,1.43E-11,54.00595515,16766.34771,68712846,0.441713897,0.747,THA2011,0.470771581,1.0000,0.9383,,
2680,Thailand,THA,2012,7.814127756,1.48E-11,42.23846859,17869.63766,69157023,0.483364824,0.75,THA2012,0.514386952,1.0000,0.9397,,
2681,Thailand,THA,2013,7.809860983,1.46E-11,38.33175517,18242.42567,69578602,0.483971567,0.752,THA2013,0.513806343,1.0000,0.9419,,
2682,Thailand,THA,2014,7.481560959,1.45E-11,38.21961283,18324.61447,69960943,0.468935355,0.784,THA2014,0.496758193,1.0000,0.9440,,
2683,Thailand,THA,2015,7.076028197,1.43E-11,37.68941487,18811.99751,70294397,0.477868478,0.788,THA2015,0.503654778,1.0000,0.9488,,
2684,Thailand,THA,2016,7.129633177,1.43E-11,37.66378816,19370.60878,70607037,0.49374552,0.792,THA2016,0.520603597,1.0000,0.9484,,
2685,Thailand,THA,2017,7.101978881,1.43E-11,37.99849849,20094.67788,70898202,0.516120355,0.794,THA2017,0.541359544,1.0000,0.9534,,
2686,Thailand,THA,2018,7.412932305,1.37E-11,36.47789129,20879.90278,71127802,0.53075132,0.796,THA2018,0.553903818,1.0000,0.9582,,
2687,Thailand,THA,2019,7.803060162,1.42E-11,39.85153895,21277.83927,71307763,0.538744155,0.8,THA2019,0.558708787,1.0000,0.9643,,
2688,Thailand,THA,2020,7.936103056,1.43E-11,39.59275475,19957.25714,71475664,0.520290557,0.798,THA2020,0.534685612,1.0000,0.9731,,
2689,Togo,TGO,2000,1.954040838,7.11E-12,1.748546527,2096.859098,5008035,0.247324773,0.448,TGO2000,0.281258643,1.0000,0.8793,,
2690,Togo,TGO,2001,1.900200986,6.66E-12,1.749348277,2059.10488,5145426,0.244781664,0.452,TGO2001,0.278016984,1.0000,0.8805,,
2691,Togo,TGO,2002,2.013075675,6.59E-12,1.527027981,2084.230352,5281538,0.253955926,0.455,TGO2002,0.284745902,1.0000,0.8919,,
2692,Togo,TGO,2003,2.127845418,6.41E-12,2.339994637,2168.651264,5421001,0.25816415,0.46,TGO2003,0.284577399,1.0000,0.9072,,
2693,Togo,TGO,2004,1.920350481,6.08E-12,2.36985921,2093.014824,5565218,0.253114304,0.461,TGO2004,0.27453199,1.0000,0.9220,,
2694,Togo,TGO,2005,1.980661555,5.56E-12,2.123763781,1944.779511,5711597,0.26812144,0.46,TGO2005,0.288168371,1.0000,0.9304,,
2695,Togo,TGO,2006,1.900150801,5.39E-12,1.719699568,1941.17299,5874240,0.417735755,0.465,TGO2006,0.449774504,1.0000,0.9288,,
2696,Togo,TGO,2007,2.024194478,5.75E-12,3.029602436,1863.283022,6047537,0.312522453,0.458,TGO2007,0.336863428,1.0000,0.9277,,
2697,Togo,TGO,2008,2.013690729,5.66E-12,2.241804983,1883.549379,6222482,0.289175628,0.465,TGO2008,0.313203216,1.0000,0.9233,,
2698,Togo,TGO,2009,2.2613561,5.61E-12,2.776706473,1930.780179,6398624,0.276668997,0.473,TGO2009,0.299095601,1.0000,0.9250,,
2699,Togo,TGO,2010,2.272755041,5.58E-12,3.129136902,1988.952105,6571855,0.26295292,0.483,TGO2010,0.279595673,1.0000,0.9405,,
2700,Togo,TGO,2011,2.215756154,5.37E-12,2.029560127,2048.815489,6748672,0.254383738,0.495,TGO2011,0.271118104,1.0000,0.9383,,
2701,Togo,TGO,2012,2.169561813,5.46E-12,1.490729298,2121.429032,6926635,0.274196525,0.5,TGO2012,0.29179433,1.0000,0.9397,,
2702,Togo,TGO,2013,2.212904453,5.31E-12,2.097236534,2188.070108,7106229,0.276792476,0.507,TGO2013,0.293855548,1.0000,0.9419,,
2703,Togo,TGO,2014,2.077268259,5.19E-12,1.570650059,2253.485262,7288383,0.284792993,0.514,TGO2014,0.30169031,1.0000,0.9440,,
2704,Togo,TGO,2015,1.986345878,4.99E-12,1.387415538,2317.547811,7473229,0.293573979,0.523,TGO2015,0.309415549,1.0000,0.9488,,
2705,Togo,TGO,2016,2.134398968,4.94E-12,1.264776097,2355.268266,7661354,0.298292531,0.528,TGO2016,0.314518631,1.0000,0.9484,,
2706,Togo,TGO,2017,1.976595928,4.81E-12,1.037819533,2389.212448,7852795,0.297438956,0.534,TGO2017,0.311984241,1.0000,0.9534,,
2707,Togo,TGO,2018,2.013707,4.72E-12,1.255682397,2442.646939,8046679,0.301026946,0.542,TGO2018,0.31415838,1.0000,0.9582,,
2708,Togo,TGO,2019,2.0207801,4.62E-12,1.354384178,2501.030875,8243094,0.306840334,0.549,TGO2019,0.318211138,1.0000,0.9643,,
2709,Togo,TGO,2020,2.056589359,4.59E-12,1.204856754,2490.052938,8442580,0.318678297,0.554,TGO2020,0.327495277,1.0000,0.9731,,
2710,Tunisia,TUN,2000,3.924862499,8.85E-12,70.60303121,9134.405031,9893316,0.55868523,0.654,TUN2000,0.635338902,1.0000,0.8793,,
2711,Tunisia,TUN,2001,3.98648697,9.17E-12,73.00219893,9380.552874,9995123,0.56437576,0.661,TUN2001,0.641004086,1.0000,0.8805,,
2712,Tunisia,TUN,2002,4.041758003,9.21E-12,82.88868923,9407.546435,10094561,0.556093985,0.667,TUN2002,0.623515606,1.0000,0.8919,,
2713,Tunisia,TUN,2003,4.012033617,8.73E-12,83.34619934,9752.013713,10193798,0.55344408,0.673,TUN2003,0.610067964,1.0000,0.9072,,
2714,Tunisia,TUN,2004,4.086528149,9.43E-12,90.85127709,10263.79427,10292225,0.564359334,0.683,TUN2004,0.612113535,1.0000,0.9220,,
2715,Tunisia,TUN,2005,3.994486919,8.57E-12,81.61941949,10529.14833,10388344,0.585245088,0.69,TUN2005,0.62900275,1.0000,0.9304,,
2716,Tunisia,TUN,2006,4.096987108,8.79E-12,94.71596876,10983.91013,10483558,0.582562747,0.697,TUN2006,0.627243102,1.0000,0.9288,,
2717,Tunisia,TUN,2007,4.180094729,8.79E-12,84.73139035,11613.912,10580395,0.58276325,0.703,TUN2007,0.628152072,1.0000,0.9277,,
2718,Tunisia,TUN,2008,4.267024759,9.13E-12,71.84405537,11990.18307,10680380,0.560486811,0.709,TUN2008,0.607057631,1.0000,0.9233,,
2719,Tunisia,TUN,2009,4.231231908,8.69E-12,95.62611836,12229.76182,10784504,0.546989427,0.713,TUN2009,0.591328025,1.0000,0.9250,,
2720,Tunisia,TUN,2010,4.32640364,8.87E-12,81.54871786,12458.25735,10895063,0.530899485,0.717,TUN2010,0.564501047,1.0000,0.9405,,
2721,Tunisia,TUN,2011,4.218708214,8.61E-12,80.74270574,12068.70037,11032528,0.515046638,0.718,TUN2011,0.54892844,1.0000,0.9383,,
2722,Tunisia,TUN,2012,4.268589656,8.55E-12,76.97376898,12436.38215,11174383,0.543504446,0.72,TUN2012,0.578386307,1.0000,0.9397,,
2723,Tunisia,TUN,2013,4.29522024,8.84E-12,80.47106747,12587.98124,11300284,0.544221991,0.722,TUN2013,0.577770948,1.0000,0.9419,,
2724,Tunisia,TUN,2014,4.397618074,8.16E-12,67.23633029,12823.98881,11428948,0.579041869,0.725,TUN2014,0.613397539,1.0000,0.9440,,
2725,Tunisia,TUN,2015,4.284343744,8.06E-12,69.7715832,12802.76104,11557779,0.603660582,0.728,TUN2015,0.63623476,1.0000,0.9488,,
2726,Tunisia,TUN,2016,4.396862174,8.30E-12,71.25531051,12803.87361,11685667,0.652505299,0.733,TUN2016,0.687999368,1.0000,0.9484,,
2727,Tunisia,TUN,2017,4.188801524,7.70E-12,63.094248,12953.52321,11811443,0.671678274,0.737,TUN2017,0.704524517,1.0000,0.9534,,
2728,Tunisia,TUN,2018,4.039484309,7.79E-12,66.76904047,13163.59059,11933041,0.661727351,0.742,TUN2018,0.690593302,1.0000,0.9582,,
2729,Tunisia,TUN,2019,3.910264985,8.38E-12,66.79204448,13249.22409,12049314,0.657042501,0.74,TUN2019,0.681391001,1.0000,0.9643,,
2730,Tunisia,TUN,2020,3.799102708,8.76E-12,81.75261547,11955.56592,12161723,0.605408777,0.733,TUN2020,0.622158825,1.0000,0.9731,,
2731,Turkey,TUR,2000,6.543182681,1.79E-11,58.93801391,NA,64113547,0.870138355,0.669,TUR2000,0.989524543,1.0000,0.8793,,
2732,Turkey,TUR,2001,5.314186278,1.62E-11,47.61543908,NA,65072018,0.899399963,0.675,TUR2001,1.021516323,1.0000,0.8805,,
2733,Turkey,TUR,2002,5.714958863,1.71E-11,52.56344703,NA,65988663,0.986282221,0.685,TUR2002,1.105860472,1.0000,0.8919,,
2734,Turkey,TUR,2003,6.085665819,1.72E-11,51.25499829,NA,66867327,0.921096806,0.691,TUR2003,1.015335917,1.0000,0.9072,,
2735,Turkey,TUR,2004,6.465715736,1.70E-11,57.55844916,NA,67785075,0.95892036,0.696,TUR2004,1.040060997,1.0000,0.9220,,
2736,Turkey,TUR,2005,6.795382956,1.74E-11,62.09948372,NA,68704715,0.989169882,0.701,TUR2005,1.063128233,1.0000,0.9304,,
2737,Turkey,TUR,2006,7.489396962,1.69E-11,69.84837883,NA,69601333,0.92880329,0.711,TUR2006,1.000038981,1.0000,0.9288,,
2738,Turkey,TUR,2007,7.801336238,1.65E-11,61.84091742,NA,70468869,0.873713857,0.719,TUR2007,0.94176352,1.0000,0.9277,,
2739,Turkey,TUR,2008,7.790714691,1.63E-11,60.95526957,NA,71320726,0.890266891,0.721,TUR2008,0.96423912,1.0000,0.9233,,
2740,Turkey,TUR,2009,7.162274622,1.57E-11,59.45233593,NA,72225639,0.893349879,0.728,TUR2009,0.965764225,1.0000,0.9250,,
2741,Turkey,TUR,2010,7.892487584,1.66E-11,69.70751463,NA,73195345,0.880141518,0.75,TUR2010,0.935847223,1.0000,0.9405,,
2742,Turkey,TUR,2011,8.314179541,1.65E-11,69.9842588,NA,74173854,0.955187375,0.764,TUR2011,1.018023372,1.0000,0.9383,,
2743,Turkey,TUR,2012,8.269878537,1.57E-11,64.34553055,NA,75277439,0.922317172,0.772,TUR2012,0.981511056,1.0000,0.9397,,
2744,Turkey,TUR,2013,8.40224989,1.58E-11,66.6153221,NA,76576117,0.890206382,0.802,TUR2013,0.945083797,1.0000,0.9419,,
2745,Turkey,TUR,2014,8.244745429,1.52E-11,53.06923607,NA,78112073,0.879169922,0.813,TUR2014,0.931332767,1.0000,0.9440,,
2746,Turkey,TUR,2015,8.207473104,1.50E-11,54.01319848,NA,79646178,0.881136613,0.821,TUR2015,0.928683698,1.0000,0.9488,,
2747,Turkey,TUR,2016,8.310334923,1.47E-11,56.14393882,NA,81019394,0.881516026,0.826,TUR2016,0.929467499,1.0000,0.9484,,
2748,Turkey,TUR,2017,8.665143982,1.45E-11,55.52723094,NA,82089826,0.896651991,0.833,TUR2017,0.940499842,1.0000,0.9534,,
2749,Turkey,TUR,2018,8.060136965,1.34E-11,54.21325935,NA,82809304,0.907051122,0.838,TUR2018,0.946618617,1.0000,0.9582,,
2750,Turkey,TUR,2019,7.774670114,1.49E-11,50.79637278,NA,83481684,0.943712585,0.841,TUR2019,0.978684425,1.0000,0.9643,,
2751,Turkey,TUR,2020,8.042061509,1.49E-11,55.37534367,NA,84135428,0.999635129,0.838,TUR2020,1.027292371,1.0000,0.9731,,
2752,Turkmenistan,TKM,2000,8.91121495,2.93E-11,618.1418657,5112.529481,4569132,0,NA,TKM2000,0,1.0000,0.8793,,
2753,Turkmenistan,TKM,2001,11.24163721,2.98E-11,702.8952622,5228.803293,4635094,0,NA,TKM2001,0,1.0000,0.8805,,
2754,Turkmenistan,TKM,2002,10.9615809,3.07E-11,778.6776363,5138.871178,4698968,0,NA,TKM2002,0,1.0000,0.8919,,
2755,Turkmenistan,TKM,2003,14.81715544,2.58E-11,713.8041034,5203.854381,4758988,0,NA,TKM2003,0,1.0000,0.9072,,
2756,Turkmenistan,TKM,2004,13.61712283,2.73E-11,795.9342404,5360.224299,4819792,0,NA,TKM2004,0,1.0000,0.9220,,
2757,Turkmenistan,TKM,2005,11.15699314,2.63E-11,871.9542731,5945.952398,4885775,0,0.653,TKM2005,0,1.0000,0.9304,,
2758,Turkmenistan,TKM,2006,8.726975406,2.63E-11,724.099185,6476.828057,4954029,0,0.662,TKM2006,0,1.0000,0.9288,,
2759,Turkmenistan,TKM,2007,10.21906408,2.65E-11,808.3592353,7060.14845,5024894,0,0.673,TKM2007,0,1.0000,0.9277,,
2760,Turkmenistan,TKM,2008,10.36890471,2.59E-11,817.8448129,7944.995901,5100083,0,0.683,TKM2008,0,1.0000,0.9233,,
2761,Turkmenistan,TKM,2009,8.264277469,2.22E-11,684.9059406,8264.865343,5180957,0,0.69,TKM2009,0,1.0000,0.9250,,
2762,Turkmenistan,TKM,2010,8.19960179,1.76E-11,513.0363282,8842.332836,5267970,0,0.7,TKM2010,0,1.0000,0.9405,,
2763,Turkmenistan,TKM,2011,8.910513028,2.04E-11,586.7547682,9929.689346,5360811,0,0.709,TKM2011,0,1.0000,0.9383,,
2764,Turkmenistan,TKM,2012,10.10858475,2.32E-11,519.1117522,10794.23352,5458682,0,0.714,TKM2012,0,1.0000,0.9397,,
2765,Turkmenistan,TKM,2013,9.683266574,2.12E-11,416.0223437,11633.2906,5560095,0,0.716,TKM2013,0,1.0000,0.9419,,
2766,Turkmenistan,TKM,2014,10.08532633,2.19E-11,430.0751712,12544.39835,5663152,0,0.719,TKM2014,0,1.0000,0.9440,,
2767,Turkmenistan,TKM,2015,9.980528342,2.18E-11,441.2910652,13057.83033,5766431,0,0.725,TKM2015,0,1.0000,0.9488,,
2768,Turkmenistan,TKM,2016,9.80944012,2.11E-11,411.0992998,13552.84771,5868561,0,0.729,TKM2016,0,1.0000,0.9484,,
2769,Turkmenistan,TKM,2017,9.839452986,2.06E-11,395.4886705,14107.66712,5968383,0,0.732,TKM2017,0,1.0000,0.9534,,
2770,Turkmenistan,TKM,2018,9.979963819,2.06E-11,395.7333492,14648.13535,6065066,0,0.735,TKM2018,0,1.0000,0.9582,,
2771,Turkmenistan,TKM,2019,10.00802019,2.00E-11,389.121053,15231.30562,6158420,0,0.741,TKM2019,0,1.0000,0.9643,,
2772,Turkmenistan,TKM,2020,9.467055985,1.89E-11,358.8589354,15791.17759,6250438,0,0.744,TKM2020,0,1.0000,0.9731,,
2773,Uganda,UGA,2000,2.830711639,9.10E-12,1.38656949,1487.004989,24020697,0,0.407,UGA2000,0,1.0000,0.8793,,
2774,Uganda,UGA,2001,2.754491391,8.70E-12,1.368959347,1516.964238,24763325,0,0.418,UGA2001,0,1.0000,0.8805,,
2775,Uganda,UGA,2002,2.783478908,8.72E-12,1.960298345,1598.582838,25545090,0,0.432,UGA2002,0,1.0000,0.8919,,
2776,Uganda,UGA,2003,2.794262172,8.37E-12,2.245180989,1649.14826,26354736,0,0.446,UGA2003,0,1.0000,0.9072,,
2777,Uganda,UGA,2004,2.770520913,8.43E-12,2.286269262,1709.361592,27146084,0,0.461,UGA2004,0,1.0000,0.9220,,
2778,Uganda,UGA,2005,2.745310397,7.99E-12,2.2855988,1765.037885,27946588,0,0.47,UGA2005,0,1.0000,0.9304,,
2779,Uganda,UGA,2006,2.729694284,7.95E-12,2.322684965,1898.979153,28773227,0,0.481,UGA2006,0,1.0000,0.9288,,
2780,Uganda,UGA,2007,2.757761446,7.83E-12,2.330769085,1999.06249,29629804,0,0.492,UGA2007,0,1.0000,0.9277,,
2781,Uganda,UGA,2008,2.934432378,7.84E-12,2.215026404,2110.100493,30509862,0,0.502,UGA2008,0,1.0000,0.9233,,
2782,Uganda,UGA,2009,3.198316728,7.98E-12,2.951176118,2188.299162,31412520,0,0.509,UGA2009,0,1.0000,0.9250,,
2783,Uganda,UGA,2010,3.156093542,7.88E-12,3.047151957,2244.605952,32341728,0,0.514,UGA2010,0,1.0000,0.9405,,
2784,Uganda,UGA,2011,3.101545839,7.50E-12,2.535840311,2384.465327,33295738,0,0.522,UGA2011,0,1.0000,0.9383,,
2785,Uganda,UGA,2012,3.115257747,7.34E-12,2.112167258,2405.094559,34273295,0,0.526,UGA2012,0,1.0000,0.9397,,
2786,Uganda,UGA,2013,2.966304735,7.04E-12,1.78135376,2420.888081,35273570,0,0.532,UGA2013,0,1.0000,0.9419,,
2787,Uganda,UGA,2014,3.046879027,6.86E-12,1.974297278,2470.503809,36336539,0,0.539,UGA2014,0,1.0000,0.9440,,
2788,Uganda,UGA,2015,2.961189243,6.55E-12,1.562463372,2520.020103,37477356,0,0.547,UGA2015,0,1.0000,0.9488,,
2789,Uganda,UGA,2016,2.949748157,6.35E-12,1.31857061,2554.227691,38748299,0,0.553,UGA2016,0,1.0000,0.9484,,
2790,Uganda,UGA,2017,2.943836603,6.15E-12,1.755699334,2543.847544,40127085,0,0.557,UGA2017,0,1.0000,0.9534,,
2791,Uganda,UGA,2018,3.018859609,6.01E-12,1.638680139,2613.879764,41515395,0,0.563,UGA2018,0,1.0000,0.9582,,
2792,Uganda,UGA,2019,3.087579456,5.81E-12,1.618474652,2689.410091,42949080,0,0.569,UGA2019,0,1.0000,0.9643,,
2793,Uganda,UGA,2020,3.11979384,5.81E-12,1.622833381,2678.009072,44404611,0,0.571,UGA2020,0,1.0000,0.9731,,
2794,Ukraine,UKR,2000,4.854877052,4.65E-12,5.609328107,10364.0625,49176500,0.211966392,0.716,UKR2000,0.241048962,1.0000,0.8793,,
2795,Ukraine,UKR,2001,5.408404632,4.50E-12,4.819673195,11379.38574,48662400,0.221694282,0.728,UKR2001,0.251794904,1.0000,0.8805,,
2796,Ukraine,UKR,2002,5.556408386,4.34E-12,5.387216404,12092.78906,48202470,0.227452375,0.736,UKR2002,0.255029023,1.0000,0.8919,,
2797,Ukraine,UKR,2003,6.023886224,4.22E-12,4.913088569,13342.87988,47812949,0.246064099,0.745,UKR2003,0.27123937,1.0000,0.9072,,
2798,Ukraine,UKR,2004,5.303038591,3.77E-12,5.616292155,15021.06641,47451626,0.269901222,0.751,UKR2004,0.292739362,1.0000,0.9220,,
2799,Ukraine,UKR,2005,5.886636588,4.17E-12,7.182608173,15610.57324,47105171,0.305993225,0.757,UKR2005,0.328871757,1.0000,0.9304,,
2800,Ukraine,UKR,2006,6.386680433,4.27E-12,7.052977407,16901.50781,46787786,0.33415225,0.762,UKR2006,0.359780461,1.0000,0.9288,,
2801,Ukraine,UKR,2007,6.892460816,4.31E-12,7.877589546,18374.01367,46509355,0.370483343,0.77,UKR2007,0.399338633,1.0000,0.9277,,
2802,Ukraine,UKR,2008,7.047798694,3.66E-12,10.33163576,18883.98633,46258189,0.389607085,0.776,UKR2008,0.421979517,1.0000,0.9233,,
2803,Ukraine,UKR,2009,5.672293422,4.24E-12,13.12341512,16092.7959,46053331,0.339318944,0.773,UKR2009,0.366823912,1.0000,0.9250,,
2804,Ukraine,UKR,2010,5.917684043,3.67E-12,11.40508261,16811.79492,45870741,0.34563369,0.782,UKR2010,0.367509454,1.0000,0.9405,,
2805,Ukraine,UKR,2011,6.252249466,4.03E-12,13.6147516,17783.95703,45706086,0.385178029,0.786,UKR2011,0.41051656,1.0000,0.9383,,
2806,Ukraine,UKR,2012,6.359276419,3.92E-12,9.34939035,17848.74023,45593342,0.358999233,0.789,UKR2012,0.382039636,1.0000,0.9397,,
2807,Ukraine,UKR,2013,6.48477215,3.85E-12,9.380496523,17889.0918,45489648,0.351048912,0.789,UKR2013,0.372689575,1.0000,0.9419,,
2808,Ukraine,UKR,2014,5.443221541,3.64E-12,6.443389239,16978.8125,45272155,0.361503682,0.788,UKR2014,0.382952392,1.0000,0.9440,,
2809,Ukraine,UKR,2015,4.285513928,3.18E-12,5.108333676,15403.70996,45154036,0.330469797,0.778,UKR2015,0.348302305,1.0000,0.9488,,
2810,Ukraine,UKR,2016,4.658051023,3.33E-12,5.788610579,15856.8125,45004673,0.338902284,0.78,UKR2016,0.357337415,1.0000,0.9484,,
2811,Ukraine,UKR,2017,4.630139201,3.44E-12,6.563671703,16310.36035,44831135,0.330310132,0.785,UKR2017,0.346462876,1.0000,0.9534,,
2812,Ukraine,UKR,2018,5.119307143,3.47E-12,8.415399691,16978.98438,44622518,0.327618473,0.784,UKR2018,0.341909885,1.0000,0.9582,,
2813,Ukraine,UKR,2019,5.093873737,3.58E-12,9.248168787,17636.55469,44386203,0.324629577,0.789,UKR2019,0.33665961,1.0000,0.9643,,
2814,Ukraine,UKR,2020,4.690167635,3.43E-12,6.704644591,17092.53906,44132049,0.33260388,0.783,UKR2020,0.341806144,1.0000,0.9731,,
2815,United Arab Emirates,ARE,2000,32.98852139,1.43E-11,864.9416843,92547.22903,3275333,0,0.79,ARE2000,0,1.0000,0.8793,,
2816,United Arab Emirates,ARE,2001,33.90779477,1.45E-11,911.4365154,88045.19751,3454198,0,0.798,ARE2001,0,1.0000,0.8805,,
2817,United Arab Emirates,ARE,2002,33.38515781,1.58E-11,852.1381438,84871.60275,3633655,0,0.805,ARE2002,0,1.0000,0.8919,,
2818,United Arab Emirates,ARE,2003,35.13698,1.67E-11,745.4759415,87150.88338,3813443,0,0.81,ARE2003,0,1.0000,0.9072,,
2819,United Arab Emirates,ARE,2004,37.48835529,1.98E-11,736.3135932,90388.98377,3993339,0,0.815,ARE2004,0,1.0000,0.9220,,
2820,United Arab Emirates,ARE,2005,37.40613593,2.39E-11,612.394591,89986.13112,4280993,0,0.819,ARE2005,0,1.0000,0.9304,,
2821,United Arab Emirates,ARE,2006,34.98902289,2.14E-11,624.0026888,92044.51261,4898954,0,0.823,ARE2006,0,1.0000,0.9288,,
2822,United Arab Emirates,ARE,2007,34.92685905,2.77E-11,537.5534612,84581.86581,5872624,0,0.827,ARE2007,0,1.0000,0.9277,,
2823,United Arab Emirates,ARE,2008,32.0908375,2.74E-11,465.2587357,77891.9886,6988685,0,0.831,ARE2008,0,1.0000,0.9233,,
2824,United Arab Emirates,ARE,2009,24.97192886,1.70E-11,368.0907882,69357.99743,7992644,0,0.832,ARE2009,0,1.0000,0.9250,,
2825,United Arab Emirates,ARE,2010,21.06894769,1.32E-11,403.2462695,68799.93085,8481771,0,0.835,ARE2010,0,1.0000,0.9405,,
2826,United Arab Emirates,ARE,2011,21.6929587,1.37E-11,349.2839621,70662.51595,8575205,0,0.839,ARE2011,0,1.0000,0.9383,,
2827,United Arab Emirates,ARE,2012,19.90051013,1.32E-11,342.8797607,69158.82664,8664969,0,0.843,ARE2012,0,1.0000,0.9397,,
2828,United Arab Emirates,ARE,2013,19.96727758,1.42E-11,263.6999711,69806.95598,8751847,0,0.846,ARE2013,0,1.0000,0.9419,,
2829,United Arab Emirates,ARE,2014,21.42277425,1.48E-11,308.0601577,69409.03704,8835951,0,0.853,ARE2014,0,1.0000,0.9440,,
2830,United Arab Emirates,ARE,2015,21.99485843,1.59E-11,229.7392352,70234.73175,8916899,0,0.857,ARE2015,0,1.0000,0.9488,,
2831,United Arab Emirates,ARE,2016,23.10264972,1.53E-11,524.369118,70573.99271,8994263,0,0.861,ARE2016,0,1.0000,0.9484,,
2832,United Arab Emirates,ARE,2017,21.5695621,1.36E-11,311.3026737,68871.84958,9068296,0,0.884,ARE2017,0,1.0000,0.9534,,
2833,United Arab Emirates,ARE,2018,21.77589363,1.40E-11,171.2365244,68854.9699,9140169,0,0.901,ARE2018,0,1.0000,0.9582,,
2834,United Arab Emirates,ARE,2019,20.95876749,1.26E-11,159.7821007,68887.84541,9211657,0,0.915,ARE2019,0,1.0000,0.9643,,
2835,United Arab Emirates,ARE,2020,19.80790726,6.03E-12,79.01009825,65784.67694,9287289,0,0.909,ARE2020,0,1.0000,0.9731,,
2836,United Kingdom,GBR,2000,17.32405052,1.26E-11,29.04667693,43247.63638,58920255,1.006811121,0.87,GBR2000,1.144949317,1.0000,0.8793,,
2837,United Kingdom,GBR,2001,17.2144947,1.19E-11,27.81177208,44189.85491,59147394,1.062701444,0.876,GBR2001,1.206990123,1.0000,0.8805,,
2838,United Kingdom,GBR,2002,17.35296455,1.14E-11,30.87356305,44793.32608,59398371,1.067904184,0.881,GBR2002,1.197378397,1.0000,0.8919,,
2839,United Kingdom,GBR,2003,17.43183474,1.10E-11,33.32702393,45990.71589,59675878,1.051235334,0.886,GBR2003,1.158789158,1.0000,0.9072,,
2840,United Kingdom,GBR,2004,17.76359858,1.15E-11,38.50776132,46853.79255,60016621,1.057801881,0.897,GBR2004,1.147309542,1.0000,0.9220,,
2841,United Kingdom,GBR,2005,17.79864788,1.14E-11,40.73532581,47804.78527,60430361,1.055818371,0.903,GBR2005,1.134759903,1.0000,0.9304,,
2842,United Kingdom,GBR,2006,17.90653706,1.16E-11,40.87241825,48584.43597,60876407,1.034477543,0.902,GBR2006,1.113818049,1.0000,0.9288,,
2843,United Kingdom,GBR,2007,17.56970877,1.10E-11,41.23632069,49472.98598,61352459,1.008942514,0.905,GBR2007,1.087524533,1.0000,0.9277,,
2844,United Kingdom,GBR,2008,16.21509166,9.61E-12,41.80985435,48963.02316,61837393,0.953757131,0.91,GBR2008,1.033004761,1.0000,0.9233,,
2845,United Kingdom,GBR,2009,14.32475349,7.85E-12,34.14540553,46348.75343,62307089,0.892047305,0.915,GBR2009,0.964356065,1.0000,0.9250,,
2846,United Kingdom,GBR,2010,14.59904712,7.57E-12,32.57249876,47013.88241,62797627,0.831223512,0.921,GBR2010,0.88383311,1.0000,0.9405,,
2847,United Kingdom,GBR,2011,13.90993553,7.62E-12,33.63502418,47178.91992,63290511,0.840531489,0.916,GBR2011,0.895824969,1.0000,0.9383,,
2848,United Kingdom,GBR,2012,14.23580139,7.60E-12,31.5572059,47550.94285,63732375,0.814986028,0.917,GBR2012,0.867291451,1.0000,0.9397,,
2849,United Kingdom,GBR,2013,14.19772734,7.53E-12,30.62410162,48083.80343,64160684,0.791325435,0.931,GBR2013,0.840107262,1.0000,0.9419,,
2850,United Kingdom,GBR,2014,13.81439059,7.66E-12,28.03926137,49250.55999,64634750,0.782703783,0.932,GBR2014,0.829143107,1.0000,0.9440,,
2851,United Kingdom,GBR,2015,13.49981873,7.26E-12,29.26762052,49983.34859,65148739,0.787627836,0.931,GBR2015,0.830129087,1.0000,0.9488,,
2852,United Kingdom,GBR,2016,12.86274758,6.67E-12,30.31521493,50540.87977,65644158,0.804072757,0.934,GBR2016,0.84781158,1.0000,0.9484,,
2853,United Kingdom,GBR,2017,12.36795902,6.73E-12,33.69669562,51601.14044,66091461,0.81738073,0.937,GBR2017,0.857352078,1.0000,0.9534,,
2854,United Kingdom,GBR,2018,12.42465338,6.59E-12,26.6731327,52071.26966,66492992,0.798175346,0.936,GBR2018,0.832993448,1.0000,0.9582,,
2855,United Kingdom,GBR,2019,12.18884022,6.53E-12,26.32104787,52645.5442,66869012,0.811960489,0.941,GBR2019,0.842049897,1.0000,0.9643,,
2856,United Kingdom,GBR,2020,10.65196494,5.26E-12,20.13627011,47144.72215,67113943,0.825093471,0.93,GBR2020,0.84792161,1.0000,0.9731,,
2857,United States,USA,2000,29.9690332,1.82E-11,45.81002319,55038.6225,286380414,0.879349947,0.895,USA2000,1,1.0000,0.8793,,
2858,United States,USA,2001,29.25972083,1.72E-11,46.21194761,55017.30498,289195605,0.880455792,0.897,USA2001,1,1.0000,0.8805,,
2859,United States,USA,2002,28.75447417,1.65E-11,48.20307961,55436.11698,291855305,0.891868591,0.898,USA2002,1,1.0000,0.8919,,
2860,United States,USA,2003,29.14186153,1.62E-11,48.47842812,56498.20783,294338482,0.907184303,0.9,USA2003,1,1.0000,0.9072,,
2861,United States,USA,2004,29.36246007,1.62E-11,51.9583973,58131.63368,297034170,0.921984732,0.905,USA2004,1,1.0000,0.9220,,
2862,United States,USA,2005,29.48716577,1.57E-11,52.61277696,59604.75364,299737123,0.930433273,0.907,USA2005,1,1.0000,0.9304,,
2863,United States,USA,2006,28.89133316,1.59E-11,48.85044565,60676.56557,302581067,0.928767085,0.911,USA2006,1,1.0000,0.9288,,
2864,United States,USA,2007,28.56519095,1.47E-11,47.07549814,61306.59694,305406735,0.927742302,0.914,USA2007,1,1.0000,0.9277,,
2865,United States,USA,2008,27.29047783,1.36E-11,43.70812039,60798.43384,308243877,0.923284352,0.914,USA2008,1,1.0000,0.9233,,
2866,United States,USA,2009,25.10142782,1.26E-11,41.82477081,58714.97369,310897345,0.925018609,0.915,USA2009,1,1.0000,0.9250,,
2867,United States,USA,2010,25.90114132,1.26E-11,46.12763326,59789.41291,313430866,0.940475643,0.919,USA2010,1,1.0000,0.9405,,
2868,United States,USA,2011,24.8930062,1.24E-11,45.30665949,60245.4844,315642982,0.93827647,0.92,USA2011,1,1.0000,0.9383,,
2869,United States,USA,2012,24.20821027,1.26E-11,44.02792531,61134.53061,317892780,0.939691067,0.923,USA2012,1,1.0000,0.9397,,
2870,United States,USA,2013,24.55309759,1.21E-11,43.76716979,61958.72344,320033255,0.941933811,0.925,USA2013,1,1.0000,0.9419,,
2871,United States,USA,2014,24.69017712,1.22E-11,46.02675936,63018.80339,322300701,0.943991184,0.926,USA2014,1,1.0000,0.9440,,
2872,United States,USA,2015,24.4812843,1.28E-11,46.86275064,64359.47259,324590798,0.948801637,0.928,USA2015,1,1.0000,0.9488,,
2873,United States,USA,2016,24.04356389,1.29E-11,46.98250549,65017.65496,326855870,0.948409736,0.929,USA2016,1,1.0000,0.9484,,
2874,United States,USA,2017,23.64982734,1.32E-11,47.25847254,66155.55557,328823493,0.953378141,0.931,USA2017,1,1.0000,0.9534,,
2875,United States,USA,2018,24.21456235,1.31E-11,49.55258124,67719.76564,330405960,0.95820123,0.934,USA2018,1,1.0000,0.9582,,
2876,United States,USA,2019,23.87453548,1.29E-11,49.47079743,69112.60269,331896119,0.964266479,0.936,USA2019,1,1.0000,0.9643,,
2877,United States,USA,2020,21.79362877,1.22E-11,49.44284835,67342.07093,335164366,0.973077536,0.925,USA2020,1,1.0000,0.9731,,
2878,Uruguay,URY,2000,7.044271054,1.66E-11,5.450852231,18752.05781,3292224,0.633937108,0.764,URY2000,0.720915616,1.0000,0.8793,,
2879,Uruguay,URY,2001,6.81398279,1.70E-11,5.033392994,17986.90076,3300939,0.615210734,0.771,URY2001,0.698741198,1.0000,0.8805,,
2880,Uruguay,URY,2002,6.295884337,1.62E-11,4.013275116,16572.78818,3306441,0.59117469,0.775,URY2002,0.662849545,1.0000,0.8919,,
2881,Uruguay,URY,2003,5.483207633,1.35E-11,3.686629408,16694.43892,3310202,0.591873982,0.78,URY2003,0.6524297,1.0000,0.9072,,
2882,Uruguay,URY,2004,5.989722434,1.43E-11,4.013926147,17519.37963,3313801,0.588754163,0.779,URY2004,0.638572574,1.0000,0.9220,,
2883,Uruguay,URY,2005,5.898498947,1.34E-11,4.181598374,18811.3196,3317665,0.614266501,0.778,URY2005,0.660194039,1.0000,0.9304,,
2884,Uruguay,URY,2006,6.380611972,1.35E-11,4.39996131,19560.08176,3322282,0.613957018,0.777,URY2006,0.661045194,1.0000,0.9288,,
2885,Uruguay,URY,2007,6.431625011,1.34E-11,5.205958641,20803.89318,3328651,0.631698441,0.78,URY2007,0.680898607,1.0000,0.9277,,
2886,Uruguay,URY,2008,8.009406623,1.35E-11,6.163012511,22249.38352,3336126,0.646351811,0.783,URY2008,0.700057149,1.0000,0.9233,,
2887,Uruguay,URY,2009,7.229770185,1.14E-11,4.798925298,23138.08207,3344156,0.651429448,0.787,URY2009,0.704233885,1.0000,0.9250,,
2888,Uruguay,URY,2010,7.473696582,1.17E-11,5.268792898,24879.83502,3352651,0.695637899,0.796,URY2010,0.739666045,1.0000,0.9405,,
2889,Uruguay,URY,2011,8.127672563,1.25E-11,6.439117602,26099.32153,3361637,0.71864,0.801,URY2011,0.765914977,1.0000,0.9383,,
2890,Uruguay,URY,2012,8.156792303,1.07E-11,6.69142829,26953.28111,3371133,0.730296796,0.804,URY2012,0.777166903,1.0000,0.9397,,
2891,Uruguay,URY,2013,8.330431255,1.12E-11,7.528011142,28119.48333,3381180,0.734581517,0.812,URY2013,0.779865324,1.0000,0.9419,,
2892,Uruguay,URY,2014,8.511185902,1.03E-11,6.752070192,28935.09744,3391662,0.757294954,0.816,URY2014,0.802226722,1.0000,0.9440,,
2893,Uruguay,URY,2015,8.53466559,9.64E-12,7.140035607,28941.62941,3402818,0.761037358,0.818,URY2015,0.802103758,1.0000,0.9488,,
2894,Uruguay,URY,2016,8.271468193,8.93E-12,6.190296984,29332.56726,3413766,0.772879879,0.821,URY2016,0.814921916,1.0000,0.9484,,
2895,Uruguay,URY,2017,8.185292851,8.58E-12,6.428900862,29762.43332,3422200,0.779345938,0.827,URY2017,0.817457318,1.0000,0.9534,,
2896,Uruguay,URY,2018,8.175075361,9.19E-12,5.933938977,29757.93885,3427042,0.772486665,0.826,URY2018,0.806184173,1.0000,0.9582,,
2897,Uruguay,URY,2019,8.519898493,1.02E-11,8.338160309,30010.57426,3428409,0.807408028,0.83,URY2019,0.837328732,1.0000,0.9643,,
2898,Uruguay,URY,2020,8.275710632,8.84E-12,4.759734108,27788.1855,3429086,0.820051304,0.837,URY2020,0.84273994,1.0000,0.9731,,
2899,Uzbekistan,UZB,2000,5.04391797,3.89E-12,185.458102,3410.65045,24650400,0,0.603,UZB2000,0,1.0000,0.8793,,
2900,Uzbekistan,UZB,2001,4.891993798,3.67E-12,179.0062571,3509.728638,24964450,0,0.61,UZB2001,0,1.0000,0.8805,,
2901,Uzbekistan,UZB,2002,5.038905032,3.49E-12,201.441932,3604.693462,25271850,0,0.618,UZB2002,0,1.0000,0.8919,,
2902,Uzbekistan,UZB,2003,4.412902489,3.25E-12,184.2096888,3711.778531,25567650,0,0.625,UZB2003,0,1.0000,0.9072,,
2903,Uzbekistan,UZB,2004,4.309547031,3.12E-12,167.5809955,3939.530398,25864350,0,0.632,UZB2004,0,1.0000,0.9220,,
2904,Uzbekistan,UZB,2005,4.258837391,3.07E-12,162.7600124,4160.95513,26167000,0,0.638,UZB2005,0,1.0000,0.9304,,
2905,Uzbekistan,UZB,2006,4.748097304,3.06E-12,187.5031499,4413.722812,26488250,0,0.644,UZB2006,0,1.0000,0.9288,,
2906,Uzbekistan,UZB,2007,4.66907733,3.08E-12,183.996008,4764.563914,26868000,0,0.658,UZB2007,0,1.0000,0.9277,,
2907,Uzbekistan,UZB,2008,5.095131085,3.05E-12,193.3925299,5115.643915,27302800,0,0.663,UZB2008,0,1.0000,0.9233,,
2908,Uzbekistan,UZB,2009,4.61464924,3.06E-12,260.1557067,5439.550681,27767400,0,0.672,UZB2009,0,1.0000,0.9250,,
2909,Uzbekistan,UZB,2010,5.212763623,2.94E-12,197.7894212,5760.80512,28562400,0,0.681,UZB2010,0,1.0000,0.9405,,
2910,Uzbekistan,UZB,2011,5.156405598,2.92E-12,188.3750262,6100.25101,29339400,0,0.686,UZB2011,0,1.0000,0.9383,,
2911,Uzbekistan,UZB,2012,5.064172177,2.83E-12,137.9153436,6435.564672,29774500,0,0.692,UZB2012,0,1.0000,0.9397,,
2912,Uzbekistan,UZB,2013,5.008085548,2.83E-12,135.7916717,6797.774948,30243200,0,0.698,UZB2013,0,1.0000,0.9419,,
2913,Uzbekistan,UZB,2014,4.776069735,2.83E-12,135.8053059,7145.109807,30757700,0,0.703,UZB2014,0,1.0000,0.9440,,
2914,Uzbekistan,UZB,2015,4.699324318,2.78E-12,133.8512744,7529.763643,31298900,0,0.707,UZB2015,0,1.0000,0.9488,,
2915,Uzbekistan,UZB,2016,5.106243453,2.82E-12,142.7988732,7839.978201,31847900,0,0.714,UZB2016,0,1.0000,0.9484,,
2916,Uzbekistan,UZB,2017,4.825551322,2.77E-12,121.2438466,8047.053755,32388600,0,0.719,UZB2017,0,1.0000,0.9534,,
2917,Uzbekistan,UZB,2018,5.20106604,5.18E-12,100.1406644,8348.960579,32956100,0,0.725,UZB2018,0,1.0000,0.9582,,
2918,Uzbekistan,UZB,2019,5.274368799,4.36E-12,95.79561464,8755.12594,33580350,0,0.73,UZB2019,0,1.0000,0.9643,,
2919,Uzbekistan,UZB,2020,5.070403085,3.50E-12,84.10032676,8727.411049,34232050,0,0.723,UZB2020,0,1.0000,0.9731,,
2920,Venezuela,VEN,2000,7.733005094,4.70E-11,4.010430351,NA,24427729,0.573133649,0.703,VEN2000,0.651769698,1.0000,0.8793,,
2921,Venezuela,VEN,2001,8.156387897,4.69E-11,5.228800793,NA,24880203,0.52902269,0.708,VEN2001,0.60085094,1.0000,0.8805,,
2922,Venezuela,VEN,2002,7.387013321,4.50E-11,3.25765925,NA,25330929,0.504847738,0.716,VEN2002,0.566056192,1.0000,0.8919,,
2923,Venezuela,VEN,2003,6.983441202,4.20E-11,3.418876876,NA,25782029,0.492263919,0.707,VEN2003,0.542628348,1.0000,0.9072,,
2924,Venezuela,VEN,2004,7.35530059,4.00E-11,4.946741317,NA,26226927,0.602096199,0.718,VEN2004,0.653043568,1.0000,0.9220,,
2925,Venezuela,VEN,2005,7.790385729,4.49E-11,3.317705513,NA,26668785,0.724881376,0.728,VEN2005,0.779079378,1.0000,0.9304,,
2926,Venezuela,VEN,2006,8.016428894,4.25E-11,4.739285248,NA,27102081,0.786143579,0.736,VEN2006,0.846437812,1.0000,0.9288,,
2927,Venezuela,VEN,2007,8.721759105,4.32E-11,5.535901365,NA,27525097,0.809363477,0.753,VEN2007,0.872401178,1.0000,0.9277,,
2928,Venezuela,VEN,2008,8.967477825,4.84E-11,5.250878623,NA,27933833,0.84460406,0.759,VEN2008,0.914782166,1.0000,0.9233,,
2929,Venezuela,VEN,2009,9.211565644,4.80E-11,5.510610335,NA,28327892,0.670455574,0.76,VEN2009,0.724802256,1.0000,0.9250,,
2930,Venezuela,VEN,2010,8.869683756,4.68E-11,5.464207984,NA,28715022,0.718325173,0.764,VEN2010,0.763789237,1.0000,0.9405,,
2931,Venezuela,VEN,2011,8.272076581,4.45E-11,4.296271911,NA,29096159,0.756407645,0.77,VEN2011,0.806167126,1.0000,0.9383,,
2932,Venezuela,VEN,2012,9.593034908,4.65E-11,7.48341513,NA,29470426,0.764032711,0.772,VEN2012,0.813067973,1.0000,0.9397,,
2933,Venezuela,VEN,2013,9.959787806,4.76E-11,9.95230146,NA,29838021,0.74212621,0.773,VEN2013,0.787875116,1.0000,0.9419,,
2934,Venezuela,VEN,2014,10.10111883,4.80E-11,9.796630894,NA,30193258,0.580390571,0.77,VEN2014,0.614826262,1.0000,0.9440,,
2935,Venezuela,VEN,2015,11.17932917,5.27E-11,17.93953788,NA,30529716,0.35043464,0.768,VEN2015,0.369344473,1.0000,0.9488,,
2936,Venezuela,VEN,2016,6.830541061,4.37E-11,6.522456536,NA,30741464,0.256809905,0.761,VEN2016,0.27077949,1.0000,0.9484,,
2937,Venezuela,VEN,2017,7.254473775,3.99E-11,8.660062795,NA,30563433,0.102073118,0.749,VEN2017,0.107064672,1.0000,0.9534,,
2938,Venezuela,VEN,2018,6.035130186,3.66E-11,7.88244835,NA,29825653,0.222594999,0.741,VEN2018,0.232305065,1.0000,0.9582,,
2939,Venezuela,VEN,2019,5.63289156,4.03E-11,4.94170194,NA,28971683,0.173025196,0.724,VEN2019,0.179437116,1.0000,0.9643,,
2940,Venezuela,VEN,2020,6.541220553,4.24E-11,7.655940567,NA,28490453,0.102511104,0.699,VEN2020,0.105347313,1.0000,0.9731,,
2941,Vietnam,VNM,2000,3.115618101,7.33E-12,8.945231797,NA,79001142,0,0.604,VNM2000,0,1.0000,0.8793,,
2942,Vietnam,VNM,2001,3.104768324,7.67E-12,8.742150685,NA,79817777,0,0.612,VNM2001,0,1.0000,0.8805,,
2943,Vietnam,VNM,2002,3.168081036,7.26E-12,9.249447737,NA,80642308,0,0.621,VNM2002,0,1.0000,0.8919,,
2944,Vietnam,VNM,2003,3.353283323,7.33E-12,9.587762638,NA,81475825,0,0.63,VNM2003,0,1.0000,0.9072,,
2945,Vietnam,VNM,2004,3.499123027,7.43E-12,10.90610365,NA,82311227,0,0.638,VNM2004,0,1.0000,0.9220,,
2946,Vietnam,VNM,2005,3.535603479,7.37E-12,10.93647991,NA,83142095,0,0.647,VNM2005,0,1.0000,0.9304,,
2947,Vietnam,VNM,2006,3.638537232,7.47E-12,12.26817995,NA,83951800,0,0.656,VNM2006,0,1.0000,0.9288,,
2948,Vietnam,VNM,2007,3.931658087,7.74E-12,13.59348784,NA,84762269,0,0.664,VNM2007,0,1.0000,0.9277,,
2949,Vietnam,VNM,2008,4.156926656,8.07E-12,14.38935807,NA,85597241,0,0.672,VNM2008,0,1.0000,0.9233,,
2950,Vietnam,VNM,2009,4.330724837,8.12E-12,13.46462932,NA,86482923,0,0.679,VNM2009,0,1.0000,0.9250,,
2951,Vietnam,VNM,2010,4.199673452,7.60E-12,12.81831379,NA,87411012,0,0.686,VNM2010,0,1.0000,0.9405,,
2952,Vietnam,VNM,2011,4.21388955,7.72E-12,13.39901301,NA,88349117,0,0.693,VNM2011,0,1.0000,0.9383,,
2953,Vietnam,VNM,2012,4.08638952,7.52E-12,10.72082277,NA,89301326,0,0.698,VNM2012,0,1.0000,0.9397,,
2954,Vietnam,VNM,2013,4.250409281,7.57E-12,10.7063606,NA,90267739,0,0.704,VNM2013,0,1.0000,0.9419,,
2955,Vietnam,VNM,2014,4.327276677,7.52E-12,9.591983229,NA,91235504,0,0.711,VNM2014,0,1.0000,0.9440,,
2956,Vietnam,VNM,2015,4.440997962,8.23E-12,10.23671997,NA,92191398,0,0.717,VNM2015,0,1.0000,0.9488,,
2957,Vietnam,VNM,2016,4.319279487,8.60E-12,10.14551941,NA,93126529,0,0.723,VNM2016,0,1.0000,0.9484,,
2958,Vietnam,VNM,2017,4.496495093,8.80E-12,12.96317719,NA,94033048,0,0.729,VNM2017,0,1.0000,0.9534,,
2959,Vietnam,VNM,2018,4.692369362,9.52E-12,16.95854622,NA,94914330,0,0.737,VNM2018,0,1.0000,0.9582,,
2960,Vietnam,VNM,2019,5.216117655,8.65E-12,14.43089129,NA,95776716,0,0.744,VNM2019,0,1.0000,0.9643,,
2961,Vietnam,VNM,2020,4.952588962,9.35E-12,13.03177556,NA,96648685,0,0.755,VNM2020,0,1.0000,0.9731,,
2962,Yemen,YEM,2000,1.973945152,1.20E-11,111.370006,NA,18628700,0,0.439,YEM2000,0,1.0000,0.8793,,
2963,Yemen,YEM,2001,1.99706625,1.09E-11,113.7403575,NA,19143457,0,0.449,YEM2001,0,1.0000,0.8805,,
2964,Yemen,YEM,2002,2.042856626,1.09E-11,130.1207784,NA,19660653,0,0.458,YEM2002,0,1.0000,0.8919,,
2965,Yemen,YEM,2003,2.389215274,1.13E-11,169.2425975,NA,20188799,0,0.467,YEM2003,0,1.0000,0.9072,,
2966,Yemen,YEM,2004,2.385584645,1.12E-11,127.5659217,NA,20733406,0,0.475,YEM2004,0,1.0000,0.9220,,
2967,Yemen,YEM,2005,2.669482439,1.15E-11,133.0797239,NA,21320671,0,0.481,YEM2005,0,1.0000,0.9304,,
2968,Yemen,YEM,2006,3.147887139,1.19E-11,142.072741,NA,21966298,0,0.486,YEM2006,0,1.0000,0.9288,,
2969,Yemen,YEM,2007,3.244852098,1.14E-11,148.8406548,NA,22641538,0,0.489,YEM2007,0,1.0000,0.9277,,
2970,Yemen,YEM,2008,3.074875222,1.14E-11,157.2442731,NA,23329004,0,0.492,YEM2008,0,1.0000,0.9233,,
2971,Yemen,YEM,2009,2.846060663,1.05E-11,136.1516031,NA,24029589,0,0.497,YEM2009,0,1.0000,0.9250,,
2972,Yemen,YEM,2010,2.607901496,9.42E-12,134.3865737,NA,24743946,0,0.502,YEM2010,0,1.0000,0.9405,,
2973,Yemen,YEM,2011,2.369278962,9.09E-12,120.3123452,NA,25475610,0,0.501,YEM2011,0,1.0000,0.9383,,
2974,Yemen,YEM,2012,2.467553491,9.13E-12,100.7896288,NA,26223391,0,0.503,YEM2012,0,1.0000,0.9397,,
2975,Yemen,YEM,2013,2.640075368,8.59E-12,94.10668491,NA,26984002,0,0.507,YEM2013,0,1.0000,0.9419,,
2976,Yemen,YEM,2014,2.617325414,8.45E-12,84.87709092,NA,27753304,0,0.502,YEM2014,0,1.0000,0.9440,,
2977,Yemen,YEM,2015,1.707136897,7.59E-12,79.80967452,NA,28516545,0,0.475,YEM2015,0,1.0000,0.9488,,
2978,Yemen,YEM,2016,1.530305475,7.34E-12,86.4430637,NA,29274002,0,0.467,YEM2016,0,1.0000,0.9484,,
2979,Yemen,YEM,2017,1.396090478,7.01E-12,78.0113906,NA,30034389,0,0.459,YEM2017,0,1.0000,0.9534,,
2980,Yemen,YEM,2018,1.459773973,7.01E-12,84.14113548,NA,30790513,0,0.454,YEM2018,0,1.0000,0.9582,,
2981,Yemen,YEM,2019,1.324943672,6.38E-12,78.91107467,NA,31546691,0,0.458,YEM2019,0,1.0000,0.9643,,
2982,Yemen,YEM,2020,1.18969481,6.04E-12,75.25816779,NA,32284046,0,0.459,YEM2020,0,1.0000,0.9731,,
2983,Zambia,ZMB,2000,3.400238681,1.49E-11,1.613276292,2220.565371,9891136,0.17830585,0.429,ZMB2000,0.202770069,1.0000,0.8793,,
2984,Zambia,ZMB,2001,3.461589156,1.48E-11,1.994688385,2268.969656,10191964,0.192852274,0.437,ZMB2001,0.219036862,1.0000,0.8805,,
2985,Zambia,ZMB,2002,3.35495428,1.42E-11,2.019285336,2299.332892,10508294,0.210124448,0.445,ZMB2002,0.235600233,1.0000,0.8919,,
2986,Zambia,ZMB,2003,3.254892268,1.39E-11,1.936442548,2383.876117,10837973,0.236964039,0.458,ZMB2003,0.261208266,1.0000,0.9072,,
2987,Zambia,ZMB,2004,3.083769493,1.34E-11,1.701010319,2471.720733,11188040,0.248430965,0.468,ZMB2004,0.269452363,1.0000,0.9220,,
2988,Zambia,ZMB,2005,3.094262504,1.29E-11,1.928284652,2564.47561,11564870,0.27474367,0.48,ZMB2005,0.295285732,1.0000,0.9304,,
2989,Zambia,ZMB,2006,2.949580113,1.26E-11,1.804992791,2673.461519,11971567,0.282364699,0.492,ZMB2006,0.304021001,1.0000,0.9288,,
2990,Zambia,ZMB,2007,2.922465876,1.21E-11,2.005997134,2796.352933,12402073,0.337340249,0.504,ZMB2007,0.363614172,1.0000,0.9277,,
2991,Zambia,ZMB,2008,2.828331602,1.16E-11,1.624014909,2908.143625,12852966,0.313246971,0.514,ZMB2008,0.339274645,1.0000,0.9233,,
2992,Zambia,ZMB,2009,2.675145369,1.08E-11,1.326024372,3065.844201,13318087,0.30310907,0.526,ZMB2009,0.327678889,1.0000,0.9250,,
2993,Zambia,ZMB,2010,2.829746301,1.09E-11,1.99723667,3266.507493,13792086,0.29498356,0.533,ZMB2010,0.313653588,1.0000,0.9405,,
2994,Zambia,ZMB,2011,2.941865797,1.09E-11,2.012238182,3335.643395,14265814,0.305457042,0.538,ZMB2011,0.325551212,1.0000,0.9383,,
2995,Zambia,ZMB,2012,3.094831734,1.07E-11,2.228375432,3474.552528,14744658,0.2990904,0.551,ZMB2012,0.318285882,1.0000,0.9397,,
2996,Zambia,ZMB,2013,3.288127697,1.04E-11,2.781248697,3535.22449,15234976,0.301089474,0.557,ZMB2013,0.319650352,1.0000,0.9419,,
2997,Zambia,ZMB,2014,3.168798075,1.00E-11,2.136546966,3585.577485,15737793,0.295548879,0.559,ZMB2014,0.313084364,1.0000,0.9440,,
2998,Zambia,ZMB,2015,3.11902749,9.50E-12,1.910975382,3576.925448,16248230,0.284590283,0.565,ZMB2015,0.299947083,1.0000,0.9488,,
2999,Zambia,ZMB,2016,3.031067146,9.43E-12,1.53369694,3598.17166,16767761,0.274760011,0.565,ZMB2016,0.289706022,1.0000,0.9484,,
3000,Zambia,ZMB,2017,3.078388707,9.12E-12,1.864725855,3612.505977,17298054,0.274659268,0.57,ZMB2017,0.288090587,1.0000,0.9534,,
3001,Zambia,ZMB,2018,2.908602046,8.73E-12,1.495054104,3646.959665,17835893,0.268878301,0.575,ZMB2018,0.280607343,1.0000,0.9582,,
3002,Zambia,ZMB,2019,2.745098064,8.50E-12,1.584332437,3591.564189,18380477,0.255203773,0.578,ZMB2019,0.264661044,1.0000,0.9643,,
3003,Zambia,ZMB,2020,2.27991983,7.79E-12,0.921985698,3391.595412,18927715,0.256807817,0.578,ZMB2020,0.263913006,1.0000,0.9731,,
3004,Zimbabwe,ZWE,2000,4.159968028,1.27E-11,8.669007621,4071.018795,11834676,0.434553771,0.458,ZWE2000,0.494176149,1.0000,0.8793,,
3005,Zimbabwe,ZWE,2001,4.318057187,1.31E-11,8.741927923,4102.083474,11910978,0.532258193,0.456,ZWE2001,0.604525745,1.0000,0.8805,,
3006,Zimbabwe,ZWE,2002,4.172829394,1.33E-11,9.6038193,3701.455163,11984644,0.557811197,0.459,ZWE2002,0.625441015,1.0000,0.8919,,
3007,Zimbabwe,ZWE,2003,4.166107259,1.41E-11,13.52444325,3036.053357,12075828,0.42755102,0.45,ZWE2003,0.471294552,1.0000,0.9072,,
3008,Zimbabwe,ZWE,2004,4.419965865,1.33E-11,12.44917738,2828.843352,12160881,0.200626889,0.453,ZWE2004,0.217603266,1.0000,0.9220,,
3009,Zimbabwe,ZWE,2005,4.465147273,1.36E-11,11.31576554,2642.172286,12224753,0.0609932,0.455,ZWE2005,0.065553546,1.0000,0.9304,,
3010,Zimbabwe,ZWE,2006,4.303221294,1.31E-11,11.07796307,2519.827374,12330490,0.205429167,0.457,ZWE2006,0.221184805,1.0000,0.9288,,
3011,Zimbabwe,ZWE,2007,4.330747451,1.30E-11,11.32678991,2395.988843,12450568,0.23325227,0.459,ZWE2007,0.251419246,1.0000,0.9277,,
3012,Zimbabwe,ZWE,2008,4.098969563,1.31E-11,6.771116014,1949.034894,12550347,0.175159087,0.456,ZWE2008,0.189713046,1.0000,0.9233,,
3013,Zimbabwe,ZWE,2009,4.457374489,1.30E-11,7.960289645,2176.864511,12679810,0.310713759,0.488,ZWE2009,0.335900009,1.0000,0.9250,,
3014,Zimbabwe,ZWE,2010,4.67708786,1.29E-11,7.039523047,2563.478351,12839771,0.295346443,0.512,ZWE2010,0.314039439,1.0000,0.9405,,
3015,Zimbabwe,ZWE,2011,4.58409548,1.25E-11,5.229807279,2875.902061,13025785,0.344702325,0.529,ZWE2011,0.367378205,1.0000,0.9383,,
3016,Zimbabwe,ZWE,2012,4.969817356,1.27E-11,7.025767155,3301.166232,13265331,0.41692425,0.545,ZWE2012,0.443682253,1.0000,0.9397,,
3017,Zimbabwe,ZWE,2013,4.786871055,1.24E-11,7.006679032,3319.772086,13555422,0.420041573,0.554,ZWE2013,0.445935339,1.0000,0.9419,,
3018,Zimbabwe,ZWE,2014,4.608054417,1.25E-11,7.669265379,3352.381349,13855753,0.431806826,0.56,ZWE2014,0.457426757,1.0000,0.9440,,
3019,Zimbabwe,ZWE,2015,5.055224428,1.22E-11,9.272775093,3366.633713,14154937,0.434975838,0.567,ZWE2015,0.458447605,1.0000,0.9488,,
3020,Zimbabwe,ZWE,2016,4.542186109,1.20E-11,6.887949345,3345.315023,14452704,0.441787954,0.57,ZWE2016,0.465819716,1.0000,0.9484,,
3021,Zimbabwe,ZWE,2017,4.546425441,1.18E-11,6.766126728,3453.505739,14751101,0.435722808,0.575,ZWE2017,0.457030416,1.0000,0.9534,,
3022,Zimbabwe,ZWE,2018,4.488129368,1.13E-11,6.383400303,3572.98134,15052184,0.298569106,0.586,ZWE2018,0.311593324,1.0000,0.9582,,
3023,Zimbabwe,ZWE,2019,4.248398314,1.10E-11,5.571295122,3294.803892,15354608,0.369942449,0.584,ZWE2019,0.383651674,1.0000,0.9643,,
3024,Zimbabwe,ZWE,2020,4.263008538,1.12E-11,6.700295166,2987.268413,15669666,0.376249299,0.582,ZWE2020,0.386659116,1.0000,0.9731,,
