Time,Time Code,Country Name,Country Code,Access to clean fuels and technologies for cooking (% of population) [EG.CFT.ACCS.ZS]
1990,YR1990,Afghanistan,AFG,..
1990,YR1990,Albania,ALB,..
1990,YR1990,Algeria,DZA,..
1990,YR1990,American Samoa,ASM,..
1990,YR1990,Andorra,AND,..
1990,YR1990,Angola,AGO,..
1990,YR1990,Antigua and Barbuda,ATG,..
1990,YR1990,Argentina,ARG,..
1990,YR1990,Armenia,ARM,..
1990,YR1990,Aruba,ABW,..
1990,YR1990,Australia,AUS,..
1990,YR1990,Austria,AUT,..
1990,YR1990,Azerbaijan,AZE,..
1990,YR1990,"Bahamas, The",BHS,..
1990,YR1990,Bahrain,BHR,..
1990,YR1990,Bangladesh,BGD,..
1990,YR1990,Barbados,BRB,..
1990,YR1990,Belarus,BLR,..
1990,YR1990,Belgium,BEL,..
1990,YR1990,Belize,BLZ,..
1990,YR1990,Benin,BEN,..
1990,YR1990,Bermuda,BMU,..
1990,YR1990,Bhutan,BTN,..
1990,YR1990,Bolivia,BOL,..
1990,YR1990,Bosnia and Herzegovina,BIH,..
1990,YR1990,Botswana,BWA,..
1990,YR1990,Brazil,BRA,..
1990,YR1990,British Virgin Islands,VGB,..
1990,YR1990,Brunei Darussalam,BRN,..
1990,YR1990,Bulgaria,BGR,..
1990,YR1990,Burkina Faso,BFA,..
1990,YR1990,Burundi,BDI,..
1990,YR1990,Cabo Verde,CPV,..
1990,YR1990,Cambodia,KHM,..
1990,YR1990,Cameroon,CMR,..
1990,YR1990,Canada,CAN,..
1990,YR1990,Cayman Islands,CYM,..
1990,YR1990,Central African Republic,CAF,..
1990,YR1990,Chad,TCD,..
1990,YR1990,Channel Islands,CHI,..
1990,YR1990,Chile,CHL,..
1990,YR1990,China,CHN,..
1990,YR1990,Colombia,COL,..
1990,YR1990,Comoros,COM,..
1990,YR1990,"Congo, Dem. Rep.",COD,..
1990,YR1990,"Congo, Rep.",COG,..
1990,YR1990,Costa Rica,CRI,..
1990,YR1990,Cote d'Ivoire,CIV,..
1990,YR1990,Croatia,HRV,..
1990,YR1990,Cuba,CUB,..
1990,YR1990,Curacao,CUW,..
1990,YR1990,Cyprus,CYP,..
1990,YR1990,Czechia,CZE,..
1990,YR1990,Denmark,DNK,..
1990,YR1990,Djibouti,DJI,..
1990,YR1990,Dominica,DMA,..
1990,YR1990,Dominican Republic,DOM,..
1990,YR1990,Ecuador,ECU,..
1990,YR1990,"Egypt, Arab Rep.",EGY,..
1990,YR1990,El Salvador,SLV,..
1990,YR1990,Equatorial Guinea,GNQ,..
1990,YR1990,Eritrea,ERI,..
1990,YR1990,Estonia,EST,..
1990,YR1990,Eswatini,SWZ,..
1990,YR1990,Ethiopia,ETH,..
1990,YR1990,Faroe Islands,FRO,..
1990,YR1990,Fiji,FJI,..
1990,YR1990,Finland,FIN,..
1990,YR1990,France,FRA,..
1990,YR1990,French Polynesia,PYF,..
1990,YR1990,Gabon,GAB,..
1990,YR1990,"Gambia, The",GMB,..
1990,YR1990,Georgia,GEO,..
1990,YR1990,Germany,DEU,..
1990,YR1990,Ghana,GHA,..
1990,YR1990,Gibraltar,GIB,..
1990,YR1990,Greece,GRC,..
1990,YR1990,Greenland,GRL,..
1990,YR1990,Grenada,GRD,..
1990,YR1990,Guam,GUM,..
1990,YR1990,Guatemala,GTM,..
1990,YR1990,Guinea,GIN,..
1990,YR1990,Guinea-Bissau,GNB,..
1990,YR1990,Guyana,GUY,..
1990,YR1990,Haiti,HTI,..
1990,YR1990,Honduras,HND,..
1990,YR1990,"Hong Kong SAR, China",HKG,..
1990,YR1990,Hungary,HUN,..
1990,YR1990,Iceland,ISL,..
1990,YR1990,India,IND,..
1990,YR1990,Indonesia,IDN,..
1990,YR1990,"Iran, Islamic Rep.",IRN,..
1990,YR1990,Iraq,IRQ,..
1990,YR1990,Ireland,IRL,..
1990,YR1990,Isle of Man,IMN,..
1990,YR1990,Israel,ISR,..
1990,YR1990,Italy,ITA,..
1990,YR1990,Jamaica,JAM,..
1990,YR1990,Japan,JPN,..
1990,YR1990,Jordan,JOR,..
1990,YR1990,Kazakhstan,KAZ,..
1990,YR1990,Kenya,KEN,..
1990,YR1990,Kiribati,KIR,..
1990,YR1990,"Korea, Dem. People's Rep.",PRK,..
1990,YR1990,"Korea, Rep.",KOR,..
1990,YR1990,Kosovo,XKX,..
1990,YR1990,Kuwait,KWT,..
1990,YR1990,Kyrgyz Republic,KGZ,..
1990,YR1990,Lao PDR,LAO,..
1990,YR1990,Latvia,LVA,..
1990,YR1990,Lebanon,LBN,..
1990,YR1990,Lesotho,LSO,..
1990,YR1990,Liberia,LBR,..
1990,YR1990,Libya,LBY,..
1990,YR1990,Liechtenstein,LIE,..
1990,YR1990,Lithuania,LTU,..
1990,YR1990,Luxembourg,LUX,..
1990,YR1990,"Macao SAR, China",MAC,..
1990,YR1990,Madagascar,MDG,..
1990,YR1990,Malawi,MWI,..
1990,YR1990,Malaysia,MYS,..
1990,YR1990,Maldives,MDV,..
1990,YR1990,Mali,MLI,..
1990,YR1990,Malta,MLT,..
1990,YR1990,Marshall Islands,MHL,..
1990,YR1990,Mauritania,MRT,..
1990,YR1990,Mauritius,MUS,..
1990,YR1990,Mexico,MEX,..
1990,YR1990,"Micronesia, Fed. Sts.",FSM,..
1990,YR1990,Moldova,MDA,..
1990,YR1990,Monaco,MCO,..
1990,YR1990,Mongolia,MNG,..
1990,YR1990,Montenegro,MNE,..
1990,YR1990,Morocco,MAR,..
1990,YR1990,Mozambique,MOZ,..
1990,YR1990,Myanmar,MMR,..
1990,YR1990,Namibia,NAM,..
1990,YR1990,Nauru,NRU,..
1990,YR1990,Nepal,NPL,..
1990,YR1990,Netherlands,NLD,..
1990,YR1990,New Caledonia,NCL,..
1990,YR1990,New Zealand,NZL,..
1990,YR1990,Nicaragua,NIC,..
1990,YR1990,Niger,NER,..
1990,YR1990,Nigeria,NGA,..
1990,YR1990,North Macedonia,MKD,..
1990,YR1990,Northern Mariana Islands,MNP,..
1990,YR1990,Norway,NOR,..
1990,YR1990,Oman,OMN,..
1990,YR1990,Pakistan,PAK,..
1990,YR1990,Palau,PLW,..
1990,YR1990,Panama,PAN,..
1990,YR1990,Papua New Guinea,PNG,..
1990,YR1990,Paraguay,PRY,..
1990,YR1990,Peru,PER,..
1990,YR1990,Philippines,PHL,..
1990,YR1990,Poland,POL,..
1990,YR1990,Portugal,PRT,..
1990,YR1990,Puerto Rico,PRI,..
1990,YR1990,Qatar,QAT,..
1990,YR1990,Romania,ROU,..
1990,YR1990,Russian Federation,RUS,..
1990,YR1990,Rwanda,RWA,..
1990,YR1990,Samoa,WSM,..
1990,YR1990,San Marino,SMR,..
1990,YR1990,Sao Tome and Principe,STP,..
1990,YR1990,Saudi Arabia,SAU,..
1990,YR1990,Senegal,SEN,..
1990,YR1990,Serbia,SRB,..
1990,YR1990,Seychelles,SYC,..
1990,YR1990,Sierra Leone,SLE,..
1990,YR1990,Singapore,SGP,..
1990,YR1990,Sint Maarten (Dutch part),SXM,..
1990,YR1990,Slovak Republic,SVK,..
1990,YR1990,Slovenia,SVN,..
1990,YR1990,Solomon Islands,SLB,..
1990,YR1990,Somalia,SOM,..
1990,YR1990,South Africa,ZAF,..
1990,YR1990,South Sudan,SSD,..
1990,YR1990,Spain,ESP,..
1990,YR1990,Sri Lanka,LKA,..
1990,YR1990,St. Kitts and Nevis,KNA,..
1990,YR1990,St. Lucia,LCA,..
1990,YR1990,St. Martin (French part),MAF,..
1990,YR1990,St. Vincent and the Grenadines,VCT,..
1990,YR1990,Sudan,SDN,..
1990,YR1990,Suriname,SUR,..
1990,YR1990,Sweden,SWE,..
1990,YR1990,Switzerland,CHE,..
1990,YR1990,Syrian Arab Republic,SYR,..
1990,YR1990,Tajikistan,TJK,..
1990,YR1990,Tanzania,TZA,..
1990,YR1990,Thailand,THA,..
1990,YR1990,Timor-Leste,TLS,..
1990,YR1990,Togo,TGO,..
1990,YR1990,Tonga,TON,..
1990,YR1990,Trinidad and Tobago,TTO,..
1990,YR1990,Tunisia,TUN,..
1990,YR1990,Turkiye,TUR,..
1990,YR1990,Turkmenistan,TKM,..
1990,YR1990,Turks and Caicos Islands,TCA,..
1990,YR1990,Tuvalu,TUV,..
1990,YR1990,Uganda,UGA,..
1990,YR1990,Ukraine,UKR,..
1990,YR1990,United Arab Emirates,ARE,..
1990,YR1990,United Kingdom,GBR,..
1990,YR1990,United States,USA,..
1990,YR1990,Uruguay,URY,..
1990,YR1990,Uzbekistan,UZB,..
1990,YR1990,Vanuatu,VUT,..
1990,YR1990,"Venezuela, RB",VEN,..
1990,YR1990,Viet Nam,VNM,..
1990,YR1990,Virgin Islands (U.S.),VIR,..
1990,YR1990,West Bank and Gaza,PSE,..
1990,YR1990,"Yemen, Rep.",YEM,..
1990,YR1990,Zambia,ZMB,..
1990,YR1990,Zimbabwe,ZWE,..
1990,YR1990,Africa Eastern and Southern,AFE,..
1990,YR1990,Africa Western and Central,AFW,..
1990,YR1990,Arab World,ARB,..
1990,YR1990,Caribbean small states,CSS,..
1990,YR1990,Central Europe and the Baltics,CEB,..
1990,YR1990,Early-demographic dividend,EAR,..
1990,YR1990,East Asia & Pacific,EAS,..
1990,YR1990,East Asia & Pacific (excluding high income),EAP,..
1990,YR1990,East Asia & Pacific (IDA & IBRD countries),TEA,..
1990,YR1990,Euro area,EMU,..
1990,YR1990,Europe & Central Asia,ECS,..
1990,YR1990,Europe & Central Asia (excluding high income),ECA,..
1990,YR1990,Europe & Central Asia (IDA & IBRD countries),TEC,..
1990,YR1990,European Union,EUU,..
1990,YR1990,Fragile and conflict affected situations,FCS,..
1990,YR1990,Heavily indebted poor countries (HIPC),HPC,..
1990,YR1990,High income,HIC,..
1990,YR1990,IBRD only,IBD,..
1990,YR1990,IDA & IBRD total,IBT,..
1990,YR1990,IDA blend,IDB,..
1990,YR1990,IDA only,IDX,..
1990,YR1990,IDA total,IDA,..
1990,YR1990,Late-demographic dividend,LTE,..
1990,YR1990,Latin America & Caribbean,LCN,..
1990,YR1990,Latin America & Caribbean (excluding high income),LAC,..
1990,YR1990,Latin America & the Caribbean (IDA & IBRD countries),TLA,..
1990,YR1990,Least developed countries: UN classification,LDC,..
1990,YR1990,Low & middle income,LMY,..
1990,YR1990,Low income,LIC,..
1990,YR1990,Lower middle income,LMC,..
1990,YR1990,Middle East & North Africa,MEA,..
1990,YR1990,Middle East & North Africa (excluding high income),MNA,..
1990,YR1990,Middle East & North Africa (IDA & IBRD countries),TMN,..
1990,YR1990,Middle income,MIC,..
1990,YR1990,North America,NAC,..
1990,YR1990,Not classified,INX,..
1990,YR1990,OECD members,OED,..
1990,YR1990,Other small states,OSS,..
1990,YR1990,Pacific island small states,PSS,..
1990,YR1990,Post-demographic dividend,PST,..
1990,YR1990,Pre-demographic dividend,PRE,..
1990,YR1990,Small states,SST,..
1990,YR1990,South Asia,SAS,..
1990,YR1990,South Asia (IDA & IBRD),TSA,..
1990,YR1990,Sub-Saharan Africa,SSF,..
1990,YR1990,Sub-Saharan Africa (excluding high income),SSA,..
1990,YR1990,Sub-Saharan Africa (IDA & IBRD countries),TSS,..
1990,YR1990,Upper middle income,UMC,..
1990,YR1990,World,WLD,..
1991,YR1991,Afghanistan,AFG,..
1991,YR1991,Albania,ALB,..
1991,YR1991,Algeria,DZA,..
1991,YR1991,American Samoa,ASM,..
1991,YR1991,Andorra,AND,..
1991,YR1991,Angola,AGO,..
1991,YR1991,Antigua and Barbuda,ATG,..
1991,YR1991,Argentina,ARG,..
1991,YR1991,Armenia,ARM,..
1991,YR1991,Aruba,ABW,..
1991,YR1991,Australia,AUS,..
1991,YR1991,Austria,AUT,..
1991,YR1991,Azerbaijan,AZE,..
1991,YR1991,"Bahamas, The",BHS,..
1991,YR1991,Bahrain,BHR,..
1991,YR1991,Bangladesh,BGD,..
1991,YR1991,Barbados,BRB,..
1991,YR1991,Belarus,BLR,..
1991,YR1991,Belgium,BEL,..
1991,YR1991,Belize,BLZ,..
1991,YR1991,Benin,BEN,..
1991,YR1991,Bermuda,BMU,..
1991,YR1991,Bhutan,BTN,..
1991,YR1991,Bolivia,BOL,..
1991,YR1991,Bosnia and Herzegovina,BIH,..
1991,YR1991,Botswana,BWA,..
1991,YR1991,Brazil,BRA,..
1991,YR1991,British Virgin Islands,VGB,..
1991,YR1991,Brunei Darussalam,BRN,..
1991,YR1991,Bulgaria,BGR,..
1991,YR1991,Burkina Faso,BFA,..
1991,YR1991,Burundi,BDI,..
1991,YR1991,Cabo Verde,CPV,..
1991,YR1991,Cambodia,KHM,..
1991,YR1991,Cameroon,CMR,..
1991,YR1991,Canada,CAN,..
1991,YR1991,Cayman Islands,CYM,..
1991,YR1991,Central African Republic,CAF,..
1991,YR1991,Chad,TCD,..
1991,YR1991,Channel Islands,CHI,..
1991,YR1991,Chile,CHL,..
1991,YR1991,China,CHN,..
1991,YR1991,Colombia,COL,..
1991,YR1991,Comoros,COM,..
1991,YR1991,"Congo, Dem. Rep.",COD,..
1991,YR1991,"Congo, Rep.",COG,..
1991,YR1991,Costa Rica,CRI,..
1991,YR1991,Cote d'Ivoire,CIV,..
1991,YR1991,Croatia,HRV,..
1991,YR1991,Cuba,CUB,..
1991,YR1991,Curacao,CUW,..
1991,YR1991,Cyprus,CYP,..
1991,YR1991,Czechia,CZE,..
1991,YR1991,Denmark,DNK,..
1991,YR1991,Djibouti,DJI,..
1991,YR1991,Dominica,DMA,..
1991,YR1991,Dominican Republic,DOM,..
1991,YR1991,Ecuador,ECU,..
1991,YR1991,"Egypt, Arab Rep.",EGY,..
1991,YR1991,El Salvador,SLV,..
1991,YR1991,Equatorial Guinea,GNQ,..
1991,YR1991,Eritrea,ERI,..
1991,YR1991,Estonia,EST,..
1991,YR1991,Eswatini,SWZ,..
1991,YR1991,Ethiopia,ETH,..
1991,YR1991,Faroe Islands,FRO,..
1991,YR1991,Fiji,FJI,..
1991,YR1991,Finland,FIN,..
1991,YR1991,France,FRA,..
1991,YR1991,French Polynesia,PYF,..
1991,YR1991,Gabon,GAB,..
1991,YR1991,"Gambia, The",GMB,..
1991,YR1991,Georgia,GEO,..
1991,YR1991,Germany,DEU,..
1991,YR1991,Ghana,GHA,..
1991,YR1991,Gibraltar,GIB,..
1991,YR1991,Greece,GRC,..
1991,YR1991,Greenland,GRL,..
1991,YR1991,Grenada,GRD,..
1991,YR1991,Guam,GUM,..
1991,YR1991,Guatemala,GTM,..
1991,YR1991,Guinea,GIN,..
1991,YR1991,Guinea-Bissau,GNB,..
1991,YR1991,Guyana,GUY,..
1991,YR1991,Haiti,HTI,..
1991,YR1991,Honduras,HND,..
1991,YR1991,"Hong Kong SAR, China",HKG,..
1991,YR1991,Hungary,HUN,..
1991,YR1991,Iceland,ISL,..
1991,YR1991,India,IND,..
1991,YR1991,Indonesia,IDN,..
1991,YR1991,"Iran, Islamic Rep.",IRN,..
1991,YR1991,Iraq,IRQ,..
1991,YR1991,Ireland,IRL,..
1991,YR1991,Isle of Man,IMN,..
1991,YR1991,Israel,ISR,..
1991,YR1991,Italy,ITA,..
1991,YR1991,Jamaica,JAM,..
1991,YR1991,Japan,JPN,..
1991,YR1991,Jordan,JOR,..
1991,YR1991,Kazakhstan,KAZ,..
1991,YR1991,Kenya,KEN,..
1991,YR1991,Kiribati,KIR,..
1991,YR1991,"Korea, Dem. People's Rep.",PRK,..
1991,YR1991,"Korea, Rep.",KOR,..
1991,YR1991,Kosovo,XKX,..
1991,YR1991,Kuwait,KWT,..
1991,YR1991,Kyrgyz Republic,KGZ,..
1991,YR1991,Lao PDR,LAO,..
1991,YR1991,Latvia,LVA,..
1991,YR1991,Lebanon,LBN,..
1991,YR1991,Lesotho,LSO,..
1991,YR1991,Liberia,LBR,..
1991,YR1991,Libya,LBY,..
1991,YR1991,Liechtenstein,LIE,..
1991,YR1991,Lithuania,LTU,..
1991,YR1991,Luxembourg,LUX,..
1991,YR1991,"Macao SAR, China",MAC,..
1991,YR1991,Madagascar,MDG,..
1991,YR1991,Malawi,MWI,..
1991,YR1991,Malaysia,MYS,..
1991,YR1991,Maldives,MDV,..
1991,YR1991,Mali,MLI,..
1991,YR1991,Malta,MLT,..
1991,YR1991,Marshall Islands,MHL,..
1991,YR1991,Mauritania,MRT,..
1991,YR1991,Mauritius,MUS,..
1991,YR1991,Mexico,MEX,..
1991,YR1991,"Micronesia, Fed. Sts.",FSM,..
1991,YR1991,Moldova,MDA,..
1991,YR1991,Monaco,MCO,..
1991,YR1991,Mongolia,MNG,..
1991,YR1991,Montenegro,MNE,..
1991,YR1991,Morocco,MAR,..
1991,YR1991,Mozambique,MOZ,..
1991,YR1991,Myanmar,MMR,..
1991,YR1991,Namibia,NAM,..
1991,YR1991,Nauru,NRU,..
1991,YR1991,Nepal,NPL,..
1991,YR1991,Netherlands,NLD,..
1991,YR1991,New Caledonia,NCL,..
1991,YR1991,New Zealand,NZL,..
1991,YR1991,Nicaragua,NIC,..
1991,YR1991,Niger,NER,..
1991,YR1991,Nigeria,NGA,..
1991,YR1991,North Macedonia,MKD,..
1991,YR1991,Northern Mariana Islands,MNP,..
1991,YR1991,Norway,NOR,..
1991,YR1991,Oman,OMN,..
1991,YR1991,Pakistan,PAK,..
1991,YR1991,Palau,PLW,..
1991,YR1991,Panama,PAN,..
1991,YR1991,Papua New Guinea,PNG,..
1991,YR1991,Paraguay,PRY,..
1991,YR1991,Peru,PER,..
1991,YR1991,Philippines,PHL,..
1991,YR1991,Poland,POL,..
1991,YR1991,Portugal,PRT,..
1991,YR1991,Puerto Rico,PRI,..
1991,YR1991,Qatar,QAT,..
1991,YR1991,Romania,ROU,..
1991,YR1991,Russian Federation,RUS,..
1991,YR1991,Rwanda,RWA,..
1991,YR1991,Samoa,WSM,..
1991,YR1991,San Marino,SMR,..
1991,YR1991,Sao Tome and Principe,STP,..
1991,YR1991,Saudi Arabia,SAU,..
1991,YR1991,Senegal,SEN,..
1991,YR1991,Serbia,SRB,..
1991,YR1991,Seychelles,SYC,..
1991,YR1991,Sierra Leone,SLE,..
1991,YR1991,Singapore,SGP,..
1991,YR1991,Sint Maarten (Dutch part),SXM,..
1991,YR1991,Slovak Republic,SVK,..
1991,YR1991,Slovenia,SVN,..
1991,YR1991,Solomon Islands,SLB,..
1991,YR1991,Somalia,SOM,..
1991,YR1991,South Africa,ZAF,..
1991,YR1991,South Sudan,SSD,..
1991,YR1991,Spain,ESP,..
1991,YR1991,Sri Lanka,LKA,..
1991,YR1991,St. Kitts and Nevis,KNA,..
1991,YR1991,St. Lucia,LCA,..
1991,YR1991,St. Martin (French part),MAF,..
1991,YR1991,St. Vincent and the Grenadines,VCT,..
1991,YR1991,Sudan,SDN,..
1991,YR1991,Suriname,SUR,..
1991,YR1991,Sweden,SWE,..
1991,YR1991,Switzerland,CHE,..
1991,YR1991,Syrian Arab Republic,SYR,..
1991,YR1991,Tajikistan,TJK,..
1991,YR1991,Tanzania,TZA,..
1991,YR1991,Thailand,THA,..
1991,YR1991,Timor-Leste,TLS,..
1991,YR1991,Togo,TGO,..
1991,YR1991,Tonga,TON,..
1991,YR1991,Trinidad and Tobago,TTO,..
1991,YR1991,Tunisia,TUN,..
1991,YR1991,Turkiye,TUR,..
1991,YR1991,Turkmenistan,TKM,..
1991,YR1991,Turks and Caicos Islands,TCA,..
1991,YR1991,Tuvalu,TUV,..
1991,YR1991,Uganda,UGA,..
1991,YR1991,Ukraine,UKR,..
1991,YR1991,United Arab Emirates,ARE,..
1991,YR1991,United Kingdom,GBR,..
1991,YR1991,United States,USA,..
1991,YR1991,Uruguay,URY,..
1991,YR1991,Uzbekistan,UZB,..
1991,YR1991,Vanuatu,VUT,..
1991,YR1991,"Venezuela, RB",VEN,..
1991,YR1991,Viet Nam,VNM,..
1991,YR1991,Virgin Islands (U.S.),VIR,..
1991,YR1991,West Bank and Gaza,PSE,..
1991,YR1991,"Yemen, Rep.",YEM,..
1991,YR1991,Zambia,ZMB,..
1991,YR1991,Zimbabwe,ZWE,..
1991,YR1991,Africa Eastern and Southern,AFE,..
1991,YR1991,Africa Western and Central,AFW,..
1991,YR1991,Arab World,ARB,..
1991,YR1991,Caribbean small states,CSS,..
1991,YR1991,Central Europe and the Baltics,CEB,..
1991,YR1991,Early-demographic dividend,EAR,..
1991,YR1991,East Asia & Pacific,EAS,..
1991,YR1991,East Asia & Pacific (excluding high income),EAP,..
1991,YR1991,East Asia & Pacific (IDA & IBRD countries),TEA,..
1991,YR1991,Euro area,EMU,..
1991,YR1991,Europe & Central Asia,ECS,..
1991,YR1991,Europe & Central Asia (excluding high income),ECA,..
1991,YR1991,Europe & Central Asia (IDA & IBRD countries),TEC,..
1991,YR1991,European Union,EUU,..
1991,YR1991,Fragile and conflict affected situations,FCS,..
1991,YR1991,Heavily indebted poor countries (HIPC),HPC,..
1991,YR1991,High income,HIC,..
1991,YR1991,IBRD only,IBD,..
1991,YR1991,IDA & IBRD total,IBT,..
1991,YR1991,IDA blend,IDB,..
1991,YR1991,IDA only,IDX,..
1991,YR1991,IDA total,IDA,..
1991,YR1991,Late-demographic dividend,LTE,..
1991,YR1991,Latin America & Caribbean,LCN,..
1991,YR1991,Latin America & Caribbean (excluding high income),LAC,..
1991,YR1991,Latin America & the Caribbean (IDA & IBRD countries),TLA,..
1991,YR1991,Least developed countries: UN classification,LDC,..
1991,YR1991,Low & middle income,LMY,..
1991,YR1991,Low income,LIC,..
1991,YR1991,Lower middle income,LMC,..
1991,YR1991,Middle East & North Africa,MEA,..
1991,YR1991,Middle East & North Africa (excluding high income),MNA,..
1991,YR1991,Middle East & North Africa (IDA & IBRD countries),TMN,..
1991,YR1991,Middle income,MIC,..
1991,YR1991,North America,NAC,..
1991,YR1991,Not classified,INX,..
1991,YR1991,OECD members,OED,..
1991,YR1991,Other small states,OSS,..
1991,YR1991,Pacific island small states,PSS,..
1991,YR1991,Post-demographic dividend,PST,..
1991,YR1991,Pre-demographic dividend,PRE,..
1991,YR1991,Small states,SST,..
1991,YR1991,South Asia,SAS,..
1991,YR1991,South Asia (IDA & IBRD),TSA,..
1991,YR1991,Sub-Saharan Africa,SSF,..
1991,YR1991,Sub-Saharan Africa (excluding high income),SSA,..
1991,YR1991,Sub-Saharan Africa (IDA & IBRD countries),TSS,..
1991,YR1991,Upper middle income,UMC,..
1991,YR1991,World,WLD,..
1992,YR1992,Afghanistan,AFG,..
1992,YR1992,Albania,ALB,..
1992,YR1992,Algeria,DZA,..
1992,YR1992,American Samoa,ASM,..
1992,YR1992,Andorra,AND,..
1992,YR1992,Angola,AGO,..
1992,YR1992,Antigua and Barbuda,ATG,..
1992,YR1992,Argentina,ARG,..
1992,YR1992,Armenia,ARM,..
1992,YR1992,Aruba,ABW,..
1992,YR1992,Australia,AUS,..
1992,YR1992,Austria,AUT,..
1992,YR1992,Azerbaijan,AZE,..
1992,YR1992,"Bahamas, The",BHS,..
1992,YR1992,Bahrain,BHR,..
1992,YR1992,Bangladesh,BGD,..
1992,YR1992,Barbados,BRB,..
1992,YR1992,Belarus,BLR,..
1992,YR1992,Belgium,BEL,..
1992,YR1992,Belize,BLZ,..
1992,YR1992,Benin,BEN,..
1992,YR1992,Bermuda,BMU,..
1992,YR1992,Bhutan,BTN,..
1992,YR1992,Bolivia,BOL,..
1992,YR1992,Bosnia and Herzegovina,BIH,..
1992,YR1992,Botswana,BWA,..
1992,YR1992,Brazil,BRA,..
1992,YR1992,British Virgin Islands,VGB,..
1992,YR1992,Brunei Darussalam,BRN,..
1992,YR1992,Bulgaria,BGR,..
1992,YR1992,Burkina Faso,BFA,..
1992,YR1992,Burundi,BDI,..
1992,YR1992,Cabo Verde,CPV,..
1992,YR1992,Cambodia,KHM,..
1992,YR1992,Cameroon,CMR,..
1992,YR1992,Canada,CAN,..
1992,YR1992,Cayman Islands,CYM,..
1992,YR1992,Central African Republic,CAF,..
1992,YR1992,Chad,TCD,..
1992,YR1992,Channel Islands,CHI,..
1992,YR1992,Chile,CHL,..
1992,YR1992,China,CHN,..
1992,YR1992,Colombia,COL,..
1992,YR1992,Comoros,COM,..
1992,YR1992,"Congo, Dem. Rep.",COD,..
1992,YR1992,"Congo, Rep.",COG,..
1992,YR1992,Costa Rica,CRI,..
1992,YR1992,Cote d'Ivoire,CIV,..
1992,YR1992,Croatia,HRV,..
1992,YR1992,Cuba,CUB,..
1992,YR1992,Curacao,CUW,..
1992,YR1992,Cyprus,CYP,..
1992,YR1992,Czechia,CZE,..
1992,YR1992,Denmark,DNK,..
1992,YR1992,Djibouti,DJI,..
1992,YR1992,Dominica,DMA,..
1992,YR1992,Dominican Republic,DOM,..
1992,YR1992,Ecuador,ECU,..
1992,YR1992,"Egypt, Arab Rep.",EGY,..
1992,YR1992,El Salvador,SLV,..
1992,YR1992,Equatorial Guinea,GNQ,..
1992,YR1992,Eritrea,ERI,..
1992,YR1992,Estonia,EST,..
1992,YR1992,Eswatini,SWZ,..
1992,YR1992,Ethiopia,ETH,..
1992,YR1992,Faroe Islands,FRO,..
1992,YR1992,Fiji,FJI,..
1992,YR1992,Finland,FIN,..
1992,YR1992,France,FRA,..
1992,YR1992,French Polynesia,PYF,..
1992,YR1992,Gabon,GAB,..
1992,YR1992,"Gambia, The",GMB,..
1992,YR1992,Georgia,GEO,..
1992,YR1992,Germany,DEU,..
1992,YR1992,Ghana,GHA,..
1992,YR1992,Gibraltar,GIB,..
1992,YR1992,Greece,GRC,..
1992,YR1992,Greenland,GRL,..
1992,YR1992,Grenada,GRD,..
1992,YR1992,Guam,GUM,..
1992,YR1992,Guatemala,GTM,..
1992,YR1992,Guinea,GIN,..
1992,YR1992,Guinea-Bissau,GNB,..
1992,YR1992,Guyana,GUY,..
1992,YR1992,Haiti,HTI,..
1992,YR1992,Honduras,HND,..
1992,YR1992,"Hong Kong SAR, China",HKG,..
1992,YR1992,Hungary,HUN,..
1992,YR1992,Iceland,ISL,..
1992,YR1992,India,IND,..
1992,YR1992,Indonesia,IDN,..
1992,YR1992,"Iran, Islamic Rep.",IRN,..
1992,YR1992,Iraq,IRQ,..
1992,YR1992,Ireland,IRL,..
1992,YR1992,Isle of Man,IMN,..
1992,YR1992,Israel,ISR,..
1992,YR1992,Italy,ITA,..
1992,YR1992,Jamaica,JAM,..
1992,YR1992,Japan,JPN,..
1992,YR1992,Jordan,JOR,..
1992,YR1992,Kazakhstan,KAZ,..
1992,YR1992,Kenya,KEN,..
1992,YR1992,Kiribati,KIR,..
1992,YR1992,"Korea, Dem. People's Rep.",PRK,..
1992,YR1992,"Korea, Rep.",KOR,..
1992,YR1992,Kosovo,XKX,..
1992,YR1992,Kuwait,KWT,..
1992,YR1992,Kyrgyz Republic,KGZ,..
1992,YR1992,Lao PDR,LAO,..
1992,YR1992,Latvia,LVA,..
1992,YR1992,Lebanon,LBN,..
1992,YR1992,Lesotho,LSO,..
1992,YR1992,Liberia,LBR,..
1992,YR1992,Libya,LBY,..
1992,YR1992,Liechtenstein,LIE,..
1992,YR1992,Lithuania,LTU,..
1992,YR1992,Luxembourg,LUX,..
1992,YR1992,"Macao SAR, China",MAC,..
1992,YR1992,Madagascar,MDG,..
1992,YR1992,Malawi,MWI,..
1992,YR1992,Malaysia,MYS,..
1992,YR1992,Maldives,MDV,..
1992,YR1992,Mali,MLI,..
1992,YR1992,Malta,MLT,..
1992,YR1992,Marshall Islands,MHL,..
1992,YR1992,Mauritania,MRT,..
1992,YR1992,Mauritius,MUS,..
1992,YR1992,Mexico,MEX,..
1992,YR1992,"Micronesia, Fed. Sts.",FSM,..
1992,YR1992,Moldova,MDA,..
1992,YR1992,Monaco,MCO,..
1992,YR1992,Mongolia,MNG,..
1992,YR1992,Montenegro,MNE,..
1992,YR1992,Morocco,MAR,..
1992,YR1992,Mozambique,MOZ,..
1992,YR1992,Myanmar,MMR,..
1992,YR1992,Namibia,NAM,..
1992,YR1992,Nauru,NRU,..
1992,YR1992,Nepal,NPL,..
1992,YR1992,Netherlands,NLD,..
1992,YR1992,New Caledonia,NCL,..
1992,YR1992,New Zealand,NZL,..
1992,YR1992,Nicaragua,NIC,..
1992,YR1992,Niger,NER,..
1992,YR1992,Nigeria,NGA,..
1992,YR1992,North Macedonia,MKD,..
1992,YR1992,Northern Mariana Islands,MNP,..
1992,YR1992,Norway,NOR,..
1992,YR1992,Oman,OMN,..
1992,YR1992,Pakistan,PAK,..
1992,YR1992,Palau,PLW,..
1992,YR1992,Panama,PAN,..
1992,YR1992,Papua New Guinea,PNG,..
1992,YR1992,Paraguay,PRY,..
1992,YR1992,Peru,PER,..
1992,YR1992,Philippines,PHL,..
1992,YR1992,Poland,POL,..
1992,YR1992,Portugal,PRT,..
1992,YR1992,Puerto Rico,PRI,..
1992,YR1992,Qatar,QAT,..
1992,YR1992,Romania,ROU,..
1992,YR1992,Russian Federation,RUS,..
1992,YR1992,Rwanda,RWA,..
1992,YR1992,Samoa,WSM,..
1992,YR1992,San Marino,SMR,..
1992,YR1992,Sao Tome and Principe,STP,..
1992,YR1992,Saudi Arabia,SAU,..
1992,YR1992,Senegal,SEN,..
1992,YR1992,Serbia,SRB,..
1992,YR1992,Seychelles,SYC,..
1992,YR1992,Sierra Leone,SLE,..
1992,YR1992,Singapore,SGP,..
1992,YR1992,Sint Maarten (Dutch part),SXM,..
1992,YR1992,Slovak Republic,SVK,..
1992,YR1992,Slovenia,SVN,..
1992,YR1992,Solomon Islands,SLB,..
1992,YR1992,Somalia,SOM,..
1992,YR1992,South Africa,ZAF,..
1992,YR1992,South Sudan,SSD,..
1992,YR1992,Spain,ESP,..
1992,YR1992,Sri Lanka,LKA,..
1992,YR1992,St. Kitts and Nevis,KNA,..
1992,YR1992,St. Lucia,LCA,..
1992,YR1992,St. Martin (French part),MAF,..
1992,YR1992,St. Vincent and the Grenadines,VCT,..
1992,YR1992,Sudan,SDN,..
1992,YR1992,Suriname,SUR,..
1992,YR1992,Sweden,SWE,..
1992,YR1992,Switzerland,CHE,..
1992,YR1992,Syrian Arab Republic,SYR,..
1992,YR1992,Tajikistan,TJK,..
1992,YR1992,Tanzania,TZA,..
1992,YR1992,Thailand,THA,..
1992,YR1992,Timor-Leste,TLS,..
1992,YR1992,Togo,TGO,..
1992,YR1992,Tonga,TON,..
1992,YR1992,Trinidad and Tobago,TTO,..
1992,YR1992,Tunisia,TUN,..
1992,YR1992,Turkiye,TUR,..
1992,YR1992,Turkmenistan,TKM,..
1992,YR1992,Turks and Caicos Islands,TCA,..
1992,YR1992,Tuvalu,TUV,..
1992,YR1992,Uganda,UGA,..
1992,YR1992,Ukraine,UKR,..
1992,YR1992,United Arab Emirates,ARE,..
1992,YR1992,United Kingdom,GBR,..
1992,YR1992,United States,USA,..
1992,YR1992,Uruguay,URY,..
1992,YR1992,Uzbekistan,UZB,..
1992,YR1992,Vanuatu,VUT,..
1992,YR1992,"Venezuela, RB",VEN,..
1992,YR1992,Viet Nam,VNM,..
1992,YR1992,Virgin Islands (U.S.),VIR,..
1992,YR1992,West Bank and Gaza,PSE,..
1992,YR1992,"Yemen, Rep.",YEM,..
1992,YR1992,Zambia,ZMB,..
1992,YR1992,Zimbabwe,ZWE,..
1992,YR1992,Africa Eastern and Southern,AFE,..
1992,YR1992,Africa Western and Central,AFW,..
1992,YR1992,Arab World,ARB,..
1992,YR1992,Caribbean small states,CSS,..
1992,YR1992,Central Europe and the Baltics,CEB,..
1992,YR1992,Early-demographic dividend,EAR,..
1992,YR1992,East Asia & Pacific,EAS,..
1992,YR1992,East Asia & Pacific (excluding high income),EAP,..
1992,YR1992,East Asia & Pacific (IDA & IBRD countries),TEA,..
1992,YR1992,Euro area,EMU,..
1992,YR1992,Europe & Central Asia,ECS,..
1992,YR1992,Europe & Central Asia (excluding high income),ECA,..
1992,YR1992,Europe & Central Asia (IDA & IBRD countries),TEC,..
1992,YR1992,European Union,EUU,..
1992,YR1992,Fragile and conflict affected situations,FCS,..
1992,YR1992,Heavily indebted poor countries (HIPC),HPC,..
1992,YR1992,High income,HIC,..
1992,YR1992,IBRD only,IBD,..
1992,YR1992,IDA & IBRD total,IBT,..
1992,YR1992,IDA blend,IDB,..
1992,YR1992,IDA only,IDX,..
1992,YR1992,IDA total,IDA,..
1992,YR1992,Late-demographic dividend,LTE,..
1992,YR1992,Latin America & Caribbean,LCN,..
1992,YR1992,Latin America & Caribbean (excluding high income),LAC,..
1992,YR1992,Latin America & the Caribbean (IDA & IBRD countries),TLA,..
1992,YR1992,Least developed countries: UN classification,LDC,..
1992,YR1992,Low & middle income,LMY,..
1992,YR1992,Low income,LIC,..
1992,YR1992,Lower middle income,LMC,..
1992,YR1992,Middle East & North Africa,MEA,..
1992,YR1992,Middle East & North Africa (excluding high income),MNA,..
1992,YR1992,Middle East & North Africa (IDA & IBRD countries),TMN,..
1992,YR1992,Middle income,MIC,..
1992,YR1992,North America,NAC,..
1992,YR1992,Not classified,INX,..
1992,YR1992,OECD members,OED,..
1992,YR1992,Other small states,OSS,..
1992,YR1992,Pacific island small states,PSS,..
1992,YR1992,Post-demographic dividend,PST,..
1992,YR1992,Pre-demographic dividend,PRE,..
1992,YR1992,Small states,SST,..
1992,YR1992,South Asia,SAS,..
1992,YR1992,South Asia (IDA & IBRD),TSA,..
1992,YR1992,Sub-Saharan Africa,SSF,..
1992,YR1992,Sub-Saharan Africa (excluding high income),SSA,..
1992,YR1992,Sub-Saharan Africa (IDA & IBRD countries),TSS,..
1992,YR1992,Upper middle income,UMC,..
1992,YR1992,World,WLD,..
1993,YR1993,Afghanistan,AFG,..
1993,YR1993,Albania,ALB,..
1993,YR1993,Algeria,DZA,..
1993,YR1993,American Samoa,ASM,..
1993,YR1993,Andorra,AND,..
1993,YR1993,Angola,AGO,..
1993,YR1993,Antigua and Barbuda,ATG,..
1993,YR1993,Argentina,ARG,..
1993,YR1993,Armenia,ARM,..
1993,YR1993,Aruba,ABW,..
1993,YR1993,Australia,AUS,..
1993,YR1993,Austria,AUT,..
1993,YR1993,Azerbaijan,AZE,..
1993,YR1993,"Bahamas, The",BHS,..
1993,YR1993,Bahrain,BHR,..
1993,YR1993,Bangladesh,BGD,..
1993,YR1993,Barbados,BRB,..
1993,YR1993,Belarus,BLR,..
1993,YR1993,Belgium,BEL,..
1993,YR1993,Belize,BLZ,..
1993,YR1993,Benin,BEN,..
1993,YR1993,Bermuda,BMU,..
1993,YR1993,Bhutan,BTN,..
1993,YR1993,Bolivia,BOL,..
1993,YR1993,Bosnia and Herzegovina,BIH,..
1993,YR1993,Botswana,BWA,..
1993,YR1993,Brazil,BRA,..
1993,YR1993,British Virgin Islands,VGB,..
1993,YR1993,Brunei Darussalam,BRN,..
1993,YR1993,Bulgaria,BGR,..
1993,YR1993,Burkina Faso,BFA,..
1993,YR1993,Burundi,BDI,..
1993,YR1993,Cabo Verde,CPV,..
1993,YR1993,Cambodia,KHM,..
1993,YR1993,Cameroon,CMR,..
1993,YR1993,Canada,CAN,..
1993,YR1993,Cayman Islands,CYM,..
1993,YR1993,Central African Republic,CAF,..
1993,YR1993,Chad,TCD,..
1993,YR1993,Channel Islands,CHI,..
1993,YR1993,Chile,CHL,..
1993,YR1993,China,CHN,..
1993,YR1993,Colombia,COL,..
1993,YR1993,Comoros,COM,..
1993,YR1993,"Congo, Dem. Rep.",COD,..
1993,YR1993,"Congo, Rep.",COG,..
1993,YR1993,Costa Rica,CRI,..
1993,YR1993,Cote d'Ivoire,CIV,..
1993,YR1993,Croatia,HRV,..
1993,YR1993,Cuba,CUB,..
1993,YR1993,Curacao,CUW,..
1993,YR1993,Cyprus,CYP,..
1993,YR1993,Czechia,CZE,..
1993,YR1993,Denmark,DNK,..
1993,YR1993,Djibouti,DJI,..
1993,YR1993,Dominica,DMA,..
1993,YR1993,Dominican Republic,DOM,..
1993,YR1993,Ecuador,ECU,..
1993,YR1993,"Egypt, Arab Rep.",EGY,..
1993,YR1993,El Salvador,SLV,..
1993,YR1993,Equatorial Guinea,GNQ,..
1993,YR1993,Eritrea,ERI,..
1993,YR1993,Estonia,EST,..
1993,YR1993,Eswatini,SWZ,..
1993,YR1993,Ethiopia,ETH,..
1993,YR1993,Faroe Islands,FRO,..
1993,YR1993,Fiji,FJI,..
1993,YR1993,Finland,FIN,..
1993,YR1993,France,FRA,..
1993,YR1993,French Polynesia,PYF,..
1993,YR1993,Gabon,GAB,..
1993,YR1993,"Gambia, The",GMB,..
1993,YR1993,Georgia,GEO,..
1993,YR1993,Germany,DEU,..
1993,YR1993,Ghana,GHA,..
1993,YR1993,Gibraltar,GIB,..
1993,YR1993,Greece,GRC,..
1993,YR1993,Greenland,GRL,..
1993,YR1993,Grenada,GRD,..
1993,YR1993,Guam,GUM,..
1993,YR1993,Guatemala,GTM,..
1993,YR1993,Guinea,GIN,..
1993,YR1993,Guinea-Bissau,GNB,..
1993,YR1993,Guyana,GUY,..
1993,YR1993,Haiti,HTI,..
1993,YR1993,Honduras,HND,..
1993,YR1993,"Hong Kong SAR, China",HKG,..
1993,YR1993,Hungary,HUN,..
1993,YR1993,Iceland,ISL,..
1993,YR1993,India,IND,..
1993,YR1993,Indonesia,IDN,..
1993,YR1993,"Iran, Islamic Rep.",IRN,..
1993,YR1993,Iraq,IRQ,..
1993,YR1993,Ireland,IRL,..
1993,YR1993,Isle of Man,IMN,..
1993,YR1993,Israel,ISR,..
1993,YR1993,Italy,ITA,..
1993,YR1993,Jamaica,JAM,..
1993,YR1993,Japan,JPN,..
1993,YR1993,Jordan,JOR,..
1993,YR1993,Kazakhstan,KAZ,..
1993,YR1993,Kenya,KEN,..
1993,YR1993,Kiribati,KIR,..
1993,YR1993,"Korea, Dem. People's Rep.",PRK,..
1993,YR1993,"Korea, Rep.",KOR,..
1993,YR1993,Kosovo,XKX,..
1993,YR1993,Kuwait,KWT,..
1993,YR1993,Kyrgyz Republic,KGZ,..
1993,YR1993,Lao PDR,LAO,..
1993,YR1993,Latvia,LVA,..
1993,YR1993,Lebanon,LBN,..
1993,YR1993,Lesotho,LSO,..
1993,YR1993,Liberia,LBR,..
1993,YR1993,Libya,LBY,..
1993,YR1993,Liechtenstein,LIE,..
1993,YR1993,Lithuania,LTU,..
1993,YR1993,Luxembourg,LUX,..
1993,YR1993,"Macao SAR, China",MAC,..
1993,YR1993,Madagascar,MDG,..
1993,YR1993,Malawi,MWI,..
1993,YR1993,Malaysia,MYS,..
1993,YR1993,Maldives,MDV,..
1993,YR1993,Mali,MLI,..
1993,YR1993,Malta,MLT,..
1993,YR1993,Marshall Islands,MHL,..
1993,YR1993,Mauritania,MRT,..
1993,YR1993,Mauritius,MUS,..
1993,YR1993,Mexico,MEX,..
1993,YR1993,"Micronesia, Fed. Sts.",FSM,..
1993,YR1993,Moldova,MDA,..
1993,YR1993,Monaco,MCO,..
1993,YR1993,Mongolia,MNG,..
1993,YR1993,Montenegro,MNE,..
1993,YR1993,Morocco,MAR,..
1993,YR1993,Mozambique,MOZ,..
1993,YR1993,Myanmar,MMR,..
1993,YR1993,Namibia,NAM,..
1993,YR1993,Nauru,NRU,..
1993,YR1993,Nepal,NPL,..
1993,YR1993,Netherlands,NLD,..
1993,YR1993,New Caledonia,NCL,..
1993,YR1993,New Zealand,NZL,..
1993,YR1993,Nicaragua,NIC,..
1993,YR1993,Niger,NER,..
1993,YR1993,Nigeria,NGA,..
1993,YR1993,North Macedonia,MKD,..
1993,YR1993,Northern Mariana Islands,MNP,..
1993,YR1993,Norway,NOR,..
1993,YR1993,Oman,OMN,..
1993,YR1993,Pakistan,PAK,..
1993,YR1993,Palau,PLW,..
1993,YR1993,Panama,PAN,..
1993,YR1993,Papua New Guinea,PNG,..
1993,YR1993,Paraguay,PRY,..
1993,YR1993,Peru,PER,..
1993,YR1993,Philippines,PHL,..
1993,YR1993,Poland,POL,..
1993,YR1993,Portugal,PRT,..
1993,YR1993,Puerto Rico,PRI,..
1993,YR1993,Qatar,QAT,..
1993,YR1993,Romania,ROU,..
1993,YR1993,Russian Federation,RUS,..
1993,YR1993,Rwanda,RWA,..
1993,YR1993,Samoa,WSM,..
1993,YR1993,San Marino,SMR,..
1993,YR1993,Sao Tome and Principe,STP,..
1993,YR1993,Saudi Arabia,SAU,..
1993,YR1993,Senegal,SEN,..
1993,YR1993,Serbia,SRB,..
1993,YR1993,Seychelles,SYC,..
1993,YR1993,Sierra Leone,SLE,..
1993,YR1993,Singapore,SGP,..
1993,YR1993,Sint Maarten (Dutch part),SXM,..
1993,YR1993,Slovak Republic,SVK,..
1993,YR1993,Slovenia,SVN,..
1993,YR1993,Solomon Islands,SLB,..
1993,YR1993,Somalia,SOM,..
1993,YR1993,South Africa,ZAF,..
1993,YR1993,South Sudan,SSD,..
1993,YR1993,Spain,ESP,..
1993,YR1993,Sri Lanka,LKA,..
1993,YR1993,St. Kitts and Nevis,KNA,..
1993,YR1993,St. Lucia,LCA,..
1993,YR1993,St. Martin (French part),MAF,..
1993,YR1993,St. Vincent and the Grenadines,VCT,..
1993,YR1993,Sudan,SDN,..
1993,YR1993,Suriname,SUR,..
1993,YR1993,Sweden,SWE,..
1993,YR1993,Switzerland,CHE,..
1993,YR1993,Syrian Arab Republic,SYR,..
1993,YR1993,Tajikistan,TJK,..
1993,YR1993,Tanzania,TZA,..
1993,YR1993,Thailand,THA,..
1993,YR1993,Timor-Leste,TLS,..
1993,YR1993,Togo,TGO,..
1993,YR1993,Tonga,TON,..
1993,YR1993,Trinidad and Tobago,TTO,..
1993,YR1993,Tunisia,TUN,..
1993,YR1993,Turkiye,TUR,..
1993,YR1993,Turkmenistan,TKM,..
1993,YR1993,Turks and Caicos Islands,TCA,..
1993,YR1993,Tuvalu,TUV,..
1993,YR1993,Uganda,UGA,..
1993,YR1993,Ukraine,UKR,..
1993,YR1993,United Arab Emirates,ARE,..
1993,YR1993,United Kingdom,GBR,..
1993,YR1993,United States,USA,..
1993,YR1993,Uruguay,URY,..
1993,YR1993,Uzbekistan,UZB,..
1993,YR1993,Vanuatu,VUT,..
1993,YR1993,"Venezuela, RB",VEN,..
1993,YR1993,Viet Nam,VNM,..
1993,YR1993,Virgin Islands (U.S.),VIR,..
1993,YR1993,West Bank and Gaza,PSE,..
1993,YR1993,"Yemen, Rep.",YEM,..
1993,YR1993,Zambia,ZMB,..
1993,YR1993,Zimbabwe,ZWE,..
1993,YR1993,Africa Eastern and Southern,AFE,..
1993,YR1993,Africa Western and Central,AFW,..
1993,YR1993,Arab World,ARB,..
1993,YR1993,Caribbean small states,CSS,..
1993,YR1993,Central Europe and the Baltics,CEB,..
1993,YR1993,Early-demographic dividend,EAR,..
1993,YR1993,East Asia & Pacific,EAS,..
1993,YR1993,East Asia & Pacific (excluding high income),EAP,..
1993,YR1993,East Asia & Pacific (IDA & IBRD countries),TEA,..
1993,YR1993,Euro area,EMU,..
1993,YR1993,Europe & Central Asia,ECS,..
1993,YR1993,Europe & Central Asia (excluding high income),ECA,..
1993,YR1993,Europe & Central Asia (IDA & IBRD countries),TEC,..
1993,YR1993,European Union,EUU,..
1993,YR1993,Fragile and conflict affected situations,FCS,..
1993,YR1993,Heavily indebted poor countries (HIPC),HPC,..
1993,YR1993,High income,HIC,..
1993,YR1993,IBRD only,IBD,..
1993,YR1993,IDA & IBRD total,IBT,..
1993,YR1993,IDA blend,IDB,..
1993,YR1993,IDA only,IDX,..
1993,YR1993,IDA total,IDA,..
1993,YR1993,Late-demographic dividend,LTE,..
1993,YR1993,Latin America & Caribbean,LCN,..
1993,YR1993,Latin America & Caribbean (excluding high income),LAC,..
1993,YR1993,Latin America & the Caribbean (IDA & IBRD countries),TLA,..
1993,YR1993,Least developed countries: UN classification,LDC,..
1993,YR1993,Low & middle income,LMY,..
1993,YR1993,Low income,LIC,..
1993,YR1993,Lower middle income,LMC,..
1993,YR1993,Middle East & North Africa,MEA,..
1993,YR1993,Middle East & North Africa (excluding high income),MNA,..
1993,YR1993,Middle East & North Africa (IDA & IBRD countries),TMN,..
1993,YR1993,Middle income,MIC,..
1993,YR1993,North America,NAC,..
1993,YR1993,Not classified,INX,..
1993,YR1993,OECD members,OED,..
1993,YR1993,Other small states,OSS,..
1993,YR1993,Pacific island small states,PSS,..
1993,YR1993,Post-demographic dividend,PST,..
1993,YR1993,Pre-demographic dividend,PRE,..
1993,YR1993,Small states,SST,..
1993,YR1993,South Asia,SAS,..
1993,YR1993,South Asia (IDA & IBRD),TSA,..
1993,YR1993,Sub-Saharan Africa,SSF,..
1993,YR1993,Sub-Saharan Africa (excluding high income),SSA,..
1993,YR1993,Sub-Saharan Africa (IDA & IBRD countries),TSS,..
1993,YR1993,Upper middle income,UMC,..
1993,YR1993,World,WLD,..
1994,YR1994,Afghanistan,AFG,..
1994,YR1994,Albania,ALB,..
1994,YR1994,Algeria,DZA,..
1994,YR1994,American Samoa,ASM,..
1994,YR1994,Andorra,AND,..
1994,YR1994,Angola,AGO,..
1994,YR1994,Antigua and Barbuda,ATG,..
1994,YR1994,Argentina,ARG,..
1994,YR1994,Armenia,ARM,..
1994,YR1994,Aruba,ABW,..
1994,YR1994,Australia,AUS,..
1994,YR1994,Austria,AUT,..
1994,YR1994,Azerbaijan,AZE,..
1994,YR1994,"Bahamas, The",BHS,..
1994,YR1994,Bahrain,BHR,..
1994,YR1994,Bangladesh,BGD,..
1994,YR1994,Barbados,BRB,..
1994,YR1994,Belarus,BLR,..
1994,YR1994,Belgium,BEL,..
1994,YR1994,Belize,BLZ,..
1994,YR1994,Benin,BEN,..
1994,YR1994,Bermuda,BMU,..
1994,YR1994,Bhutan,BTN,..
1994,YR1994,Bolivia,BOL,..
1994,YR1994,Bosnia and Herzegovina,BIH,..
1994,YR1994,Botswana,BWA,..
1994,YR1994,Brazil,BRA,..
1994,YR1994,British Virgin Islands,VGB,..
1994,YR1994,Brunei Darussalam,BRN,..
1994,YR1994,Bulgaria,BGR,..
1994,YR1994,Burkina Faso,BFA,..
1994,YR1994,Burundi,BDI,..
1994,YR1994,Cabo Verde,CPV,..
1994,YR1994,Cambodia,KHM,..
1994,YR1994,Cameroon,CMR,..
1994,YR1994,Canada,CAN,..
1994,YR1994,Cayman Islands,CYM,..
1994,YR1994,Central African Republic,CAF,..
1994,YR1994,Chad,TCD,..
1994,YR1994,Channel Islands,CHI,..
1994,YR1994,Chile,CHL,..
1994,YR1994,China,CHN,..
1994,YR1994,Colombia,COL,..
1994,YR1994,Comoros,COM,..
1994,YR1994,"Congo, Dem. Rep.",COD,..
1994,YR1994,"Congo, Rep.",COG,..
1994,YR1994,Costa Rica,CRI,..
1994,YR1994,Cote d'Ivoire,CIV,..
1994,YR1994,Croatia,HRV,..
1994,YR1994,Cuba,CUB,..
1994,YR1994,Curacao,CUW,..
1994,YR1994,Cyprus,CYP,..
1994,YR1994,Czechia,CZE,..
1994,YR1994,Denmark,DNK,..
1994,YR1994,Djibouti,DJI,..
1994,YR1994,Dominica,DMA,..
1994,YR1994,Dominican Republic,DOM,..
1994,YR1994,Ecuador,ECU,..
1994,YR1994,"Egypt, Arab Rep.",EGY,..
1994,YR1994,El Salvador,SLV,..
1994,YR1994,Equatorial Guinea,GNQ,..
1994,YR1994,Eritrea,ERI,..
1994,YR1994,Estonia,EST,..
1994,YR1994,Eswatini,SWZ,..
1994,YR1994,Ethiopia,ETH,..
1994,YR1994,Faroe Islands,FRO,..
1994,YR1994,Fiji,FJI,..
1994,YR1994,Finland,FIN,..
1994,YR1994,France,FRA,..
1994,YR1994,French Polynesia,PYF,..
1994,YR1994,Gabon,GAB,..
1994,YR1994,"Gambia, The",GMB,..
1994,YR1994,Georgia,GEO,..
1994,YR1994,Germany,DEU,..
1994,YR1994,Ghana,GHA,..
1994,YR1994,Gibraltar,GIB,..
1994,YR1994,Greece,GRC,..
1994,YR1994,Greenland,GRL,..
1994,YR1994,Grenada,GRD,..
1994,YR1994,Guam,GUM,..
1994,YR1994,Guatemala,GTM,..
1994,YR1994,Guinea,GIN,..
1994,YR1994,Guinea-Bissau,GNB,..
1994,YR1994,Guyana,GUY,..
1994,YR1994,Haiti,HTI,..
1994,YR1994,Honduras,HND,..
1994,YR1994,"Hong Kong SAR, China",HKG,..
1994,YR1994,Hungary,HUN,..
1994,YR1994,Iceland,ISL,..
1994,YR1994,India,IND,..
1994,YR1994,Indonesia,IDN,..
1994,YR1994,"Iran, Islamic Rep.",IRN,..
1994,YR1994,Iraq,IRQ,..
1994,YR1994,Ireland,IRL,..
1994,YR1994,Isle of Man,IMN,..
1994,YR1994,Israel,ISR,..
1994,YR1994,Italy,ITA,..
1994,YR1994,Jamaica,JAM,..
1994,YR1994,Japan,JPN,..
1994,YR1994,Jordan,JOR,..
1994,YR1994,Kazakhstan,KAZ,..
1994,YR1994,Kenya,KEN,..
1994,YR1994,Kiribati,KIR,..
1994,YR1994,"Korea, Dem. People's Rep.",PRK,..
1994,YR1994,"Korea, Rep.",KOR,..
1994,YR1994,Kosovo,XKX,..
1994,YR1994,Kuwait,KWT,..
1994,YR1994,Kyrgyz Republic,KGZ,..
1994,YR1994,Lao PDR,LAO,..
1994,YR1994,Latvia,LVA,..
1994,YR1994,Lebanon,LBN,..
1994,YR1994,Lesotho,LSO,..
1994,YR1994,Liberia,LBR,..
1994,YR1994,Libya,LBY,..
1994,YR1994,Liechtenstein,LIE,..
1994,YR1994,Lithuania,LTU,..
1994,YR1994,Luxembourg,LUX,..
1994,YR1994,"Macao SAR, China",MAC,..
1994,YR1994,Madagascar,MDG,..
1994,YR1994,Malawi,MWI,..
1994,YR1994,Malaysia,MYS,..
1994,YR1994,Maldives,MDV,..
1994,YR1994,Mali,MLI,..
1994,YR1994,Malta,MLT,..
1994,YR1994,Marshall Islands,MHL,..
1994,YR1994,Mauritania,MRT,..
1994,YR1994,Mauritius,MUS,..
1994,YR1994,Mexico,MEX,..
1994,YR1994,"Micronesia, Fed. Sts.",FSM,..
1994,YR1994,Moldova,MDA,..
1994,YR1994,Monaco,MCO,..
1994,YR1994,Mongolia,MNG,..
1994,YR1994,Montenegro,MNE,..
1994,YR1994,Morocco,MAR,..
1994,YR1994,Mozambique,MOZ,..
1994,YR1994,Myanmar,MMR,..
1994,YR1994,Namibia,NAM,..
1994,YR1994,Nauru,NRU,..
1994,YR1994,Nepal,NPL,..
1994,YR1994,Netherlands,NLD,..
1994,YR1994,New Caledonia,NCL,..
1994,YR1994,New Zealand,NZL,..
1994,YR1994,Nicaragua,NIC,..
1994,YR1994,Niger,NER,..
1994,YR1994,Nigeria,NGA,..
1994,YR1994,North Macedonia,MKD,..
1994,YR1994,Northern Mariana Islands,MNP,..
1994,YR1994,Norway,NOR,..
1994,YR1994,Oman,OMN,..
1994,YR1994,Pakistan,PAK,..
1994,YR1994,Palau,PLW,..
1994,YR1994,Panama,PAN,..
1994,YR1994,Papua New Guinea,PNG,..
1994,YR1994,Paraguay,PRY,..
1994,YR1994,Peru,PER,..
1994,YR1994,Philippines,PHL,..
1994,YR1994,Poland,POL,..
1994,YR1994,Portugal,PRT,..
1994,YR1994,Puerto Rico,PRI,..
1994,YR1994,Qatar,QAT,..
1994,YR1994,Romania,ROU,..
1994,YR1994,Russian Federation,RUS,..
1994,YR1994,Rwanda,RWA,..
1994,YR1994,Samoa,WSM,..
1994,YR1994,San Marino,SMR,..
1994,YR1994,Sao Tome and Principe,STP,..
1994,YR1994,Saudi Arabia,SAU,..
1994,YR1994,Senegal,SEN,..
1994,YR1994,Serbia,SRB,..
1994,YR1994,Seychelles,SYC,..
1994,YR1994,Sierra Leone,SLE,..
1994,YR1994,Singapore,SGP,..
1994,YR1994,Sint Maarten (Dutch part),SXM,..
1994,YR1994,Slovak Republic,SVK,..
1994,YR1994,Slovenia,SVN,..
1994,YR1994,Solomon Islands,SLB,..
1994,YR1994,Somalia,SOM,..
1994,YR1994,South Africa,ZAF,..
1994,YR1994,South Sudan,SSD,..
1994,YR1994,Spain,ESP,..
1994,YR1994,Sri Lanka,LKA,..
1994,YR1994,St. Kitts and Nevis,KNA,..
1994,YR1994,St. Lucia,LCA,..
1994,YR1994,St. Martin (French part),MAF,..
1994,YR1994,St. Vincent and the Grenadines,VCT,..
1994,YR1994,Sudan,SDN,..
1994,YR1994,Suriname,SUR,..
1994,YR1994,Sweden,SWE,..
1994,YR1994,Switzerland,CHE,..
1994,YR1994,Syrian Arab Republic,SYR,..
1994,YR1994,Tajikistan,TJK,..
1994,YR1994,Tanzania,TZA,..
1994,YR1994,Thailand,THA,..
1994,YR1994,Timor-Leste,TLS,..
1994,YR1994,Togo,TGO,..
1994,YR1994,Tonga,TON,..
1994,YR1994,Trinidad and Tobago,TTO,..
1994,YR1994,Tunisia,TUN,..
1994,YR1994,Turkiye,TUR,..
1994,YR1994,Turkmenistan,TKM,..
1994,YR1994,Turks and Caicos Islands,TCA,..
1994,YR1994,Tuvalu,TUV,..
1994,YR1994,Uganda,UGA,..
1994,YR1994,Ukraine,UKR,..
1994,YR1994,United Arab Emirates,ARE,..
1994,YR1994,United Kingdom,GBR,..
1994,YR1994,United States,USA,..
1994,YR1994,Uruguay,URY,..
1994,YR1994,Uzbekistan,UZB,..
1994,YR1994,Vanuatu,VUT,..
1994,YR1994,"Venezuela, RB",VEN,..
1994,YR1994,Viet Nam,VNM,..
1994,YR1994,Virgin Islands (U.S.),VIR,..
1994,YR1994,West Bank and Gaza,PSE,..
1994,YR1994,"Yemen, Rep.",YEM,..
1994,YR1994,Zambia,ZMB,..
1994,YR1994,Zimbabwe,ZWE,..
1994,YR1994,Africa Eastern and Southern,AFE,..
1994,YR1994,Africa Western and Central,AFW,..
1994,YR1994,Arab World,ARB,..
1994,YR1994,Caribbean small states,CSS,..
1994,YR1994,Central Europe and the Baltics,CEB,..
1994,YR1994,Early-demographic dividend,EAR,..
1994,YR1994,East Asia & Pacific,EAS,..
1994,YR1994,East Asia & Pacific (excluding high income),EAP,..
1994,YR1994,East Asia & Pacific (IDA & IBRD countries),TEA,..
1994,YR1994,Euro area,EMU,..
1994,YR1994,Europe & Central Asia,ECS,..
1994,YR1994,Europe & Central Asia (excluding high income),ECA,..
1994,YR1994,Europe & Central Asia (IDA & IBRD countries),TEC,..
1994,YR1994,European Union,EUU,..
1994,YR1994,Fragile and conflict affected situations,FCS,..
1994,YR1994,Heavily indebted poor countries (HIPC),HPC,..
1994,YR1994,High income,HIC,..
1994,YR1994,IBRD only,IBD,..
1994,YR1994,IDA & IBRD total,IBT,..
1994,YR1994,IDA blend,IDB,..
1994,YR1994,IDA only,IDX,..
1994,YR1994,IDA total,IDA,..
1994,YR1994,Late-demographic dividend,LTE,..
1994,YR1994,Latin America & Caribbean,LCN,..
1994,YR1994,Latin America & Caribbean (excluding high income),LAC,..
1994,YR1994,Latin America & the Caribbean (IDA & IBRD countries),TLA,..
1994,YR1994,Least developed countries: UN classification,LDC,..
1994,YR1994,Low & middle income,LMY,..
1994,YR1994,Low income,LIC,..
1994,YR1994,Lower middle income,LMC,..
1994,YR1994,Middle East & North Africa,MEA,..
1994,YR1994,Middle East & North Africa (excluding high income),MNA,..
1994,YR1994,Middle East & North Africa (IDA & IBRD countries),TMN,..
1994,YR1994,Middle income,MIC,..
1994,YR1994,North America,NAC,..
1994,YR1994,Not classified,INX,..
1994,YR1994,OECD members,OED,..
1994,YR1994,Other small states,OSS,..
1994,YR1994,Pacific island small states,PSS,..
1994,YR1994,Post-demographic dividend,PST,..
1994,YR1994,Pre-demographic dividend,PRE,..
1994,YR1994,Small states,SST,..
1994,YR1994,South Asia,SAS,..
1994,YR1994,South Asia (IDA & IBRD),TSA,..
1994,YR1994,Sub-Saharan Africa,SSF,..
1994,YR1994,Sub-Saharan Africa (excluding high income),SSA,..
1994,YR1994,Sub-Saharan Africa (IDA & IBRD countries),TSS,..
1994,YR1994,Upper middle income,UMC,..
1994,YR1994,World,WLD,..
1995,YR1995,Afghanistan,AFG,..
1995,YR1995,Albania,ALB,..
1995,YR1995,Algeria,DZA,..
1995,YR1995,American Samoa,ASM,..
1995,YR1995,Andorra,AND,..
1995,YR1995,Angola,AGO,..
1995,YR1995,Antigua and Barbuda,ATG,..
1995,YR1995,Argentina,ARG,..
1995,YR1995,Armenia,ARM,..
1995,YR1995,Aruba,ABW,..
1995,YR1995,Australia,AUS,..
1995,YR1995,Austria,AUT,..
1995,YR1995,Azerbaijan,AZE,..
1995,YR1995,"Bahamas, The",BHS,..
1995,YR1995,Bahrain,BHR,..
1995,YR1995,Bangladesh,BGD,..
1995,YR1995,Barbados,BRB,..
1995,YR1995,Belarus,BLR,..
1995,YR1995,Belgium,BEL,..
1995,YR1995,Belize,BLZ,..
1995,YR1995,Benin,BEN,..
1995,YR1995,Bermuda,BMU,..
1995,YR1995,Bhutan,BTN,..
1995,YR1995,Bolivia,BOL,..
1995,YR1995,Bosnia and Herzegovina,BIH,..
1995,YR1995,Botswana,BWA,..
1995,YR1995,Brazil,BRA,..
1995,YR1995,British Virgin Islands,VGB,..
1995,YR1995,Brunei Darussalam,BRN,..
1995,YR1995,Bulgaria,BGR,..
1995,YR1995,Burkina Faso,BFA,..
1995,YR1995,Burundi,BDI,..
1995,YR1995,Cabo Verde,CPV,..
1995,YR1995,Cambodia,KHM,..
1995,YR1995,Cameroon,CMR,..
1995,YR1995,Canada,CAN,..
1995,YR1995,Cayman Islands,CYM,..
1995,YR1995,Central African Republic,CAF,..
1995,YR1995,Chad,TCD,..
1995,YR1995,Channel Islands,CHI,..
1995,YR1995,Chile,CHL,..
1995,YR1995,China,CHN,..
1995,YR1995,Colombia,COL,..
1995,YR1995,Comoros,COM,..
1995,YR1995,"Congo, Dem. Rep.",COD,..
1995,YR1995,"Congo, Rep.",COG,..
1995,YR1995,Costa Rica,CRI,..
1995,YR1995,Cote d'Ivoire,CIV,..
1995,YR1995,Croatia,HRV,..
1995,YR1995,Cuba,CUB,..
1995,YR1995,Curacao,CUW,..
1995,YR1995,Cyprus,CYP,..
1995,YR1995,Czechia,CZE,..
1995,YR1995,Denmark,DNK,..
1995,YR1995,Djibouti,DJI,..
1995,YR1995,Dominica,DMA,..
1995,YR1995,Dominican Republic,DOM,..
1995,YR1995,Ecuador,ECU,..
1995,YR1995,"Egypt, Arab Rep.",EGY,..
1995,YR1995,El Salvador,SLV,..
1995,YR1995,Equatorial Guinea,GNQ,..
1995,YR1995,Eritrea,ERI,..
1995,YR1995,Estonia,EST,..
1995,YR1995,Eswatini,SWZ,..
1995,YR1995,Ethiopia,ETH,..
1995,YR1995,Faroe Islands,FRO,..
1995,YR1995,Fiji,FJI,..
1995,YR1995,Finland,FIN,..
1995,YR1995,France,FRA,..
1995,YR1995,French Polynesia,PYF,..
1995,YR1995,Gabon,GAB,..
1995,YR1995,"Gambia, The",GMB,..
1995,YR1995,Georgia,GEO,..
1995,YR1995,Germany,DEU,..
1995,YR1995,Ghana,GHA,..
1995,YR1995,Gibraltar,GIB,..
1995,YR1995,Greece,GRC,..
1995,YR1995,Greenland,GRL,..
1995,YR1995,Grenada,GRD,..
1995,YR1995,Guam,GUM,..
1995,YR1995,Guatemala,GTM,..
1995,YR1995,Guinea,GIN,..
1995,YR1995,Guinea-Bissau,GNB,..
1995,YR1995,Guyana,GUY,..
1995,YR1995,Haiti,HTI,..
1995,YR1995,Honduras,HND,..
1995,YR1995,"Hong Kong SAR, China",HKG,..
1995,YR1995,Hungary,HUN,..
1995,YR1995,Iceland,ISL,..
1995,YR1995,India,IND,..
1995,YR1995,Indonesia,IDN,..
1995,YR1995,"Iran, Islamic Rep.",IRN,..
1995,YR1995,Iraq,IRQ,..
1995,YR1995,Ireland,IRL,..
1995,YR1995,Isle of Man,IMN,..
1995,YR1995,Israel,ISR,..
1995,YR1995,Italy,ITA,..
1995,YR1995,Jamaica,JAM,..
1995,YR1995,Japan,JPN,..
1995,YR1995,Jordan,JOR,..
1995,YR1995,Kazakhstan,KAZ,..
1995,YR1995,Kenya,KEN,..
1995,YR1995,Kiribati,KIR,..
1995,YR1995,"Korea, Dem. People's Rep.",PRK,..
1995,YR1995,"Korea, Rep.",KOR,..
1995,YR1995,Kosovo,XKX,..
1995,YR1995,Kuwait,KWT,..
1995,YR1995,Kyrgyz Republic,KGZ,..
1995,YR1995,Lao PDR,LAO,..
1995,YR1995,Latvia,LVA,..
1995,YR1995,Lebanon,LBN,..
1995,YR1995,Lesotho,LSO,..
1995,YR1995,Liberia,LBR,..
1995,YR1995,Libya,LBY,..
1995,YR1995,Liechtenstein,LIE,..
1995,YR1995,Lithuania,LTU,..
1995,YR1995,Luxembourg,LUX,..
1995,YR1995,"Macao SAR, China",MAC,..
1995,YR1995,Madagascar,MDG,..
1995,YR1995,Malawi,MWI,..
1995,YR1995,Malaysia,MYS,..
1995,YR1995,Maldives,MDV,..
1995,YR1995,Mali,MLI,..
1995,YR1995,Malta,MLT,..
1995,YR1995,Marshall Islands,MHL,..
1995,YR1995,Mauritania,MRT,..
1995,YR1995,Mauritius,MUS,..
1995,YR1995,Mexico,MEX,..
1995,YR1995,"Micronesia, Fed. Sts.",FSM,..
1995,YR1995,Moldova,MDA,..
1995,YR1995,Monaco,MCO,..
1995,YR1995,Mongolia,MNG,..
1995,YR1995,Montenegro,MNE,..
1995,YR1995,Morocco,MAR,..
1995,YR1995,Mozambique,MOZ,..
1995,YR1995,Myanmar,MMR,..
1995,YR1995,Namibia,NAM,..
1995,YR1995,Nauru,NRU,..
1995,YR1995,Nepal,NPL,..
1995,YR1995,Netherlands,NLD,..
1995,YR1995,New Caledonia,NCL,..
1995,YR1995,New Zealand,NZL,..
1995,YR1995,Nicaragua,NIC,..
1995,YR1995,Niger,NER,..
1995,YR1995,Nigeria,NGA,..
1995,YR1995,North Macedonia,MKD,..
1995,YR1995,Northern Mariana Islands,MNP,..
1995,YR1995,Norway,NOR,..
1995,YR1995,Oman,OMN,..
1995,YR1995,Pakistan,PAK,..
1995,YR1995,Palau,PLW,..
1995,YR1995,Panama,PAN,..
1995,YR1995,Papua New Guinea,PNG,..
1995,YR1995,Paraguay,PRY,..
1995,YR1995,Peru,PER,..
1995,YR1995,Philippines,PHL,..
1995,YR1995,Poland,POL,..
1995,YR1995,Portugal,PRT,..
1995,YR1995,Puerto Rico,PRI,..
1995,YR1995,Qatar,QAT,..
1995,YR1995,Romania,ROU,..
1995,YR1995,Russian Federation,RUS,..
1995,YR1995,Rwanda,RWA,..
1995,YR1995,Samoa,WSM,..
1995,YR1995,San Marino,SMR,..
1995,YR1995,Sao Tome and Principe,STP,..
1995,YR1995,Saudi Arabia,SAU,..
1995,YR1995,Senegal,SEN,..
1995,YR1995,Serbia,SRB,..
1995,YR1995,Seychelles,SYC,..
1995,YR1995,Sierra Leone,SLE,..
1995,YR1995,Singapore,SGP,..
1995,YR1995,Sint Maarten (Dutch part),SXM,..
1995,YR1995,Slovak Republic,SVK,..
1995,YR1995,Slovenia,SVN,..
1995,YR1995,Solomon Islands,SLB,..
1995,YR1995,Somalia,SOM,..
1995,YR1995,South Africa,ZAF,..
1995,YR1995,South Sudan,SSD,..
1995,YR1995,Spain,ESP,..
1995,YR1995,Sri Lanka,LKA,..
1995,YR1995,St. Kitts and Nevis,KNA,..
1995,YR1995,St. Lucia,LCA,..
1995,YR1995,St. Martin (French part),MAF,..
1995,YR1995,St. Vincent and the Grenadines,VCT,..
1995,YR1995,Sudan,SDN,..
1995,YR1995,Suriname,SUR,..
1995,YR1995,Sweden,SWE,..
1995,YR1995,Switzerland,CHE,..
1995,YR1995,Syrian Arab Republic,SYR,..
1995,YR1995,Tajikistan,TJK,..
1995,YR1995,Tanzania,TZA,..
1995,YR1995,Thailand,THA,..
1995,YR1995,Timor-Leste,TLS,..
1995,YR1995,Togo,TGO,..
1995,YR1995,Tonga,TON,..
1995,YR1995,Trinidad and Tobago,TTO,..
1995,YR1995,Tunisia,TUN,..
1995,YR1995,Turkiye,TUR,..
1995,YR1995,Turkmenistan,TKM,..
1995,YR1995,Turks and Caicos Islands,TCA,..
1995,YR1995,Tuvalu,TUV,..
1995,YR1995,Uganda,UGA,..
1995,YR1995,Ukraine,UKR,..
1995,YR1995,United Arab Emirates,ARE,..
1995,YR1995,United Kingdom,GBR,..
1995,YR1995,United States,USA,..
1995,YR1995,Uruguay,URY,..
1995,YR1995,Uzbekistan,UZB,..
1995,YR1995,Vanuatu,VUT,..
1995,YR1995,"Venezuela, RB",VEN,..
1995,YR1995,Viet Nam,VNM,..
1995,YR1995,Virgin Islands (U.S.),VIR,..
1995,YR1995,West Bank and Gaza,PSE,..
1995,YR1995,"Yemen, Rep.",YEM,..
1995,YR1995,Zambia,ZMB,..
1995,YR1995,Zimbabwe,ZWE,..
1995,YR1995,Africa Eastern and Southern,AFE,..
1995,YR1995,Africa Western and Central,AFW,..
1995,YR1995,Arab World,ARB,..
1995,YR1995,Caribbean small states,CSS,..
1995,YR1995,Central Europe and the Baltics,CEB,..
1995,YR1995,Early-demographic dividend,EAR,..
1995,YR1995,East Asia & Pacific,EAS,..
1995,YR1995,East Asia & Pacific (excluding high income),EAP,..
1995,YR1995,East Asia & Pacific (IDA & IBRD countries),TEA,..
1995,YR1995,Euro area,EMU,..
1995,YR1995,Europe & Central Asia,ECS,..
1995,YR1995,Europe & Central Asia (excluding high income),ECA,..
1995,YR1995,Europe & Central Asia (IDA & IBRD countries),TEC,..
1995,YR1995,European Union,EUU,..
1995,YR1995,Fragile and conflict affected situations,FCS,..
1995,YR1995,Heavily indebted poor countries (HIPC),HPC,..
1995,YR1995,High income,HIC,..
1995,YR1995,IBRD only,IBD,..
1995,YR1995,IDA & IBRD total,IBT,..
1995,YR1995,IDA blend,IDB,..
1995,YR1995,IDA only,IDX,..
1995,YR1995,IDA total,IDA,..
1995,YR1995,Late-demographic dividend,LTE,..
1995,YR1995,Latin America & Caribbean,LCN,..
1995,YR1995,Latin America & Caribbean (excluding high income),LAC,..
1995,YR1995,Latin America & the Caribbean (IDA & IBRD countries),TLA,..
1995,YR1995,Least developed countries: UN classification,LDC,..
1995,YR1995,Low & middle income,LMY,..
1995,YR1995,Low income,LIC,..
1995,YR1995,Lower middle income,LMC,..
1995,YR1995,Middle East & North Africa,MEA,..
1995,YR1995,Middle East & North Africa (excluding high income),MNA,..
1995,YR1995,Middle East & North Africa (IDA & IBRD countries),TMN,..
1995,YR1995,Middle income,MIC,..
1995,YR1995,North America,NAC,..
1995,YR1995,Not classified,INX,..
1995,YR1995,OECD members,OED,..
1995,YR1995,Other small states,OSS,..
1995,YR1995,Pacific island small states,PSS,..
1995,YR1995,Post-demographic dividend,PST,..
1995,YR1995,Pre-demographic dividend,PRE,..
1995,YR1995,Small states,SST,..
1995,YR1995,South Asia,SAS,..
1995,YR1995,South Asia (IDA & IBRD),TSA,..
1995,YR1995,Sub-Saharan Africa,SSF,..
1995,YR1995,Sub-Saharan Africa (excluding high income),SSA,..
1995,YR1995,Sub-Saharan Africa (IDA & IBRD countries),TSS,..
1995,YR1995,Upper middle income,UMC,..
1995,YR1995,World,WLD,..
1996,YR1996,Afghanistan,AFG,..
1996,YR1996,Albania,ALB,..
1996,YR1996,Algeria,DZA,..
1996,YR1996,American Samoa,ASM,..
1996,YR1996,Andorra,AND,..
1996,YR1996,Angola,AGO,..
1996,YR1996,Antigua and Barbuda,ATG,..
1996,YR1996,Argentina,ARG,..
1996,YR1996,Armenia,ARM,..
1996,YR1996,Aruba,ABW,..
1996,YR1996,Australia,AUS,..
1996,YR1996,Austria,AUT,..
1996,YR1996,Azerbaijan,AZE,..
1996,YR1996,"Bahamas, The",BHS,..
1996,YR1996,Bahrain,BHR,..
1996,YR1996,Bangladesh,BGD,..
1996,YR1996,Barbados,BRB,..
1996,YR1996,Belarus,BLR,..
1996,YR1996,Belgium,BEL,..
1996,YR1996,Belize,BLZ,..
1996,YR1996,Benin,BEN,..
1996,YR1996,Bermuda,BMU,..
1996,YR1996,Bhutan,BTN,..
1996,YR1996,Bolivia,BOL,..
1996,YR1996,Bosnia and Herzegovina,BIH,..
1996,YR1996,Botswana,BWA,..
1996,YR1996,Brazil,BRA,..
1996,YR1996,British Virgin Islands,VGB,..
1996,YR1996,Brunei Darussalam,BRN,..
1996,YR1996,Bulgaria,BGR,..
1996,YR1996,Burkina Faso,BFA,..
1996,YR1996,Burundi,BDI,..
1996,YR1996,Cabo Verde,CPV,..
1996,YR1996,Cambodia,KHM,..
1996,YR1996,Cameroon,CMR,..
1996,YR1996,Canada,CAN,..
1996,YR1996,Cayman Islands,CYM,..
1996,YR1996,Central African Republic,CAF,..
1996,YR1996,Chad,TCD,..
1996,YR1996,Channel Islands,CHI,..
1996,YR1996,Chile,CHL,..
1996,YR1996,China,CHN,..
1996,YR1996,Colombia,COL,..
1996,YR1996,Comoros,COM,..
1996,YR1996,"Congo, Dem. Rep.",COD,..
1996,YR1996,"Congo, Rep.",COG,..
1996,YR1996,Costa Rica,CRI,..
1996,YR1996,Cote d'Ivoire,CIV,..
1996,YR1996,Croatia,HRV,..
1996,YR1996,Cuba,CUB,..
1996,YR1996,Curacao,CUW,..
1996,YR1996,Cyprus,CYP,..
1996,YR1996,Czechia,CZE,..
1996,YR1996,Denmark,DNK,..
1996,YR1996,Djibouti,DJI,..
1996,YR1996,Dominica,DMA,..
1996,YR1996,Dominican Republic,DOM,..
1996,YR1996,Ecuador,ECU,..
1996,YR1996,"Egypt, Arab Rep.",EGY,..
1996,YR1996,El Salvador,SLV,..
1996,YR1996,Equatorial Guinea,GNQ,..
1996,YR1996,Eritrea,ERI,..
1996,YR1996,Estonia,EST,..
1996,YR1996,Eswatini,SWZ,..
1996,YR1996,Ethiopia,ETH,..
1996,YR1996,Faroe Islands,FRO,..
1996,YR1996,Fiji,FJI,..
1996,YR1996,Finland,FIN,..
1996,YR1996,France,FRA,..
1996,YR1996,French Polynesia,PYF,..
1996,YR1996,Gabon,GAB,..
1996,YR1996,"Gambia, The",GMB,..
1996,YR1996,Georgia,GEO,..
1996,YR1996,Germany,DEU,..
1996,YR1996,Ghana,GHA,..
1996,YR1996,Gibraltar,GIB,..
1996,YR1996,Greece,GRC,..
1996,YR1996,Greenland,GRL,..
1996,YR1996,Grenada,GRD,..
1996,YR1996,Guam,GUM,..
1996,YR1996,Guatemala,GTM,..
1996,YR1996,Guinea,GIN,..
1996,YR1996,Guinea-Bissau,GNB,..
1996,YR1996,Guyana,GUY,..
1996,YR1996,Haiti,HTI,..
1996,YR1996,Honduras,HND,..
1996,YR1996,"Hong Kong SAR, China",HKG,..
1996,YR1996,Hungary,HUN,..
1996,YR1996,Iceland,ISL,..
1996,YR1996,India,IND,..
1996,YR1996,Indonesia,IDN,..
1996,YR1996,"Iran, Islamic Rep.",IRN,..
1996,YR1996,Iraq,IRQ,..
1996,YR1996,Ireland,IRL,..
1996,YR1996,Isle of Man,IMN,..
1996,YR1996,Israel,ISR,..
1996,YR1996,Italy,ITA,..
1996,YR1996,Jamaica,JAM,..
1996,YR1996,Japan,JPN,..
1996,YR1996,Jordan,JOR,..
1996,YR1996,Kazakhstan,KAZ,..
1996,YR1996,Kenya,KEN,..
1996,YR1996,Kiribati,KIR,..
1996,YR1996,"Korea, Dem. People's Rep.",PRK,..
1996,YR1996,"Korea, Rep.",KOR,..
1996,YR1996,Kosovo,XKX,..
1996,YR1996,Kuwait,KWT,..
1996,YR1996,Kyrgyz Republic,KGZ,..
1996,YR1996,Lao PDR,LAO,..
1996,YR1996,Latvia,LVA,..
1996,YR1996,Lebanon,LBN,..
1996,YR1996,Lesotho,LSO,..
1996,YR1996,Liberia,LBR,..
1996,YR1996,Libya,LBY,..
1996,YR1996,Liechtenstein,LIE,..
1996,YR1996,Lithuania,LTU,..
1996,YR1996,Luxembourg,LUX,..
1996,YR1996,"Macao SAR, China",MAC,..
1996,YR1996,Madagascar,MDG,..
1996,YR1996,Malawi,MWI,..
1996,YR1996,Malaysia,MYS,..
1996,YR1996,Maldives,MDV,..
1996,YR1996,Mali,MLI,..
1996,YR1996,Malta,MLT,..
1996,YR1996,Marshall Islands,MHL,..
1996,YR1996,Mauritania,MRT,..
1996,YR1996,Mauritius,MUS,..
1996,YR1996,Mexico,MEX,..
1996,YR1996,"Micronesia, Fed. Sts.",FSM,..
1996,YR1996,Moldova,MDA,..
1996,YR1996,Monaco,MCO,..
1996,YR1996,Mongolia,MNG,..
1996,YR1996,Montenegro,MNE,..
1996,YR1996,Morocco,MAR,..
1996,YR1996,Mozambique,MOZ,..
1996,YR1996,Myanmar,MMR,..
1996,YR1996,Namibia,NAM,..
1996,YR1996,Nauru,NRU,..
1996,YR1996,Nepal,NPL,..
1996,YR1996,Netherlands,NLD,..
1996,YR1996,New Caledonia,NCL,..
1996,YR1996,New Zealand,NZL,..
1996,YR1996,Nicaragua,NIC,..
1996,YR1996,Niger,NER,..
1996,YR1996,Nigeria,NGA,..
1996,YR1996,North Macedonia,MKD,..
1996,YR1996,Northern Mariana Islands,MNP,..
1996,YR1996,Norway,NOR,..
1996,YR1996,Oman,OMN,..
1996,YR1996,Pakistan,PAK,..
1996,YR1996,Palau,PLW,..
1996,YR1996,Panama,PAN,..
1996,YR1996,Papua New Guinea,PNG,..
1996,YR1996,Paraguay,PRY,..
1996,YR1996,Peru,PER,..
1996,YR1996,Philippines,PHL,..
1996,YR1996,Poland,POL,..
1996,YR1996,Portugal,PRT,..
1996,YR1996,Puerto Rico,PRI,..
1996,YR1996,Qatar,QAT,..
1996,YR1996,Romania,ROU,..
1996,YR1996,Russian Federation,RUS,..
1996,YR1996,Rwanda,RWA,..
1996,YR1996,Samoa,WSM,..
1996,YR1996,San Marino,SMR,..
1996,YR1996,Sao Tome and Principe,STP,..
1996,YR1996,Saudi Arabia,SAU,..
1996,YR1996,Senegal,SEN,..
1996,YR1996,Serbia,SRB,..
1996,YR1996,Seychelles,SYC,..
1996,YR1996,Sierra Leone,SLE,..
1996,YR1996,Singapore,SGP,..
1996,YR1996,Sint Maarten (Dutch part),SXM,..
1996,YR1996,Slovak Republic,SVK,..
1996,YR1996,Slovenia,SVN,..
1996,YR1996,Solomon Islands,SLB,..
1996,YR1996,Somalia,SOM,..
1996,YR1996,South Africa,ZAF,..
1996,YR1996,South Sudan,SSD,..
1996,YR1996,Spain,ESP,..
1996,YR1996,Sri Lanka,LKA,..
1996,YR1996,St. Kitts and Nevis,KNA,..
1996,YR1996,St. Lucia,LCA,..
1996,YR1996,St. Martin (French part),MAF,..
1996,YR1996,St. Vincent and the Grenadines,VCT,..
1996,YR1996,Sudan,SDN,..
1996,YR1996,Suriname,SUR,..
1996,YR1996,Sweden,SWE,..
1996,YR1996,Switzerland,CHE,..
1996,YR1996,Syrian Arab Republic,SYR,..
1996,YR1996,Tajikistan,TJK,..
1996,YR1996,Tanzania,TZA,..
1996,YR1996,Thailand,THA,..
1996,YR1996,Timor-Leste,TLS,..
1996,YR1996,Togo,TGO,..
1996,YR1996,Tonga,TON,..
1996,YR1996,Trinidad and Tobago,TTO,..
1996,YR1996,Tunisia,TUN,..
1996,YR1996,Turkiye,TUR,..
1996,YR1996,Turkmenistan,TKM,..
1996,YR1996,Turks and Caicos Islands,TCA,..
1996,YR1996,Tuvalu,TUV,..
1996,YR1996,Uganda,UGA,..
1996,YR1996,Ukraine,UKR,..
1996,YR1996,United Arab Emirates,ARE,..
1996,YR1996,United Kingdom,GBR,..
1996,YR1996,United States,USA,..
1996,YR1996,Uruguay,URY,..
1996,YR1996,Uzbekistan,UZB,..
1996,YR1996,Vanuatu,VUT,..
1996,YR1996,"Venezuela, RB",VEN,..
1996,YR1996,Viet Nam,VNM,..
1996,YR1996,Virgin Islands (U.S.),VIR,..
1996,YR1996,West Bank and Gaza,PSE,..
1996,YR1996,"Yemen, Rep.",YEM,..
1996,YR1996,Zambia,ZMB,..
1996,YR1996,Zimbabwe,ZWE,..
1996,YR1996,Africa Eastern and Southern,AFE,..
1996,YR1996,Africa Western and Central,AFW,..
1996,YR1996,Arab World,ARB,..
1996,YR1996,Caribbean small states,CSS,..
1996,YR1996,Central Europe and the Baltics,CEB,..
1996,YR1996,Early-demographic dividend,EAR,..
1996,YR1996,East Asia & Pacific,EAS,..
1996,YR1996,East Asia & Pacific (excluding high income),EAP,..
1996,YR1996,East Asia & Pacific (IDA & IBRD countries),TEA,..
1996,YR1996,Euro area,EMU,..
1996,YR1996,Europe & Central Asia,ECS,..
1996,YR1996,Europe & Central Asia (excluding high income),ECA,..
1996,YR1996,Europe & Central Asia (IDA & IBRD countries),TEC,..
1996,YR1996,European Union,EUU,..
1996,YR1996,Fragile and conflict affected situations,FCS,..
1996,YR1996,Heavily indebted poor countries (HIPC),HPC,..
1996,YR1996,High income,HIC,..
1996,YR1996,IBRD only,IBD,..
1996,YR1996,IDA & IBRD total,IBT,..
1996,YR1996,IDA blend,IDB,..
1996,YR1996,IDA only,IDX,..
1996,YR1996,IDA total,IDA,..
1996,YR1996,Late-demographic dividend,LTE,..
1996,YR1996,Latin America & Caribbean,LCN,..
1996,YR1996,Latin America & Caribbean (excluding high income),LAC,..
1996,YR1996,Latin America & the Caribbean (IDA & IBRD countries),TLA,..
1996,YR1996,Least developed countries: UN classification,LDC,..
1996,YR1996,Low & middle income,LMY,..
1996,YR1996,Low income,LIC,..
1996,YR1996,Lower middle income,LMC,..
1996,YR1996,Middle East & North Africa,MEA,..
1996,YR1996,Middle East & North Africa (excluding high income),MNA,..
1996,YR1996,Middle East & North Africa (IDA & IBRD countries),TMN,..
1996,YR1996,Middle income,MIC,..
1996,YR1996,North America,NAC,..
1996,YR1996,Not classified,INX,..
1996,YR1996,OECD members,OED,..
1996,YR1996,Other small states,OSS,..
1996,YR1996,Pacific island small states,PSS,..
1996,YR1996,Post-demographic dividend,PST,..
1996,YR1996,Pre-demographic dividend,PRE,..
1996,YR1996,Small states,SST,..
1996,YR1996,South Asia,SAS,..
1996,YR1996,South Asia (IDA & IBRD),TSA,..
1996,YR1996,Sub-Saharan Africa,SSF,..
1996,YR1996,Sub-Saharan Africa (excluding high income),SSA,..
1996,YR1996,Sub-Saharan Africa (IDA & IBRD countries),TSS,..
1996,YR1996,Upper middle income,UMC,..
1996,YR1996,World,WLD,..
1997,YR1997,Afghanistan,AFG,..
1997,YR1997,Albania,ALB,..
1997,YR1997,Algeria,DZA,..
1997,YR1997,American Samoa,ASM,..
1997,YR1997,Andorra,AND,..
1997,YR1997,Angola,AGO,..
1997,YR1997,Antigua and Barbuda,ATG,..
1997,YR1997,Argentina,ARG,..
1997,YR1997,Armenia,ARM,..
1997,YR1997,Aruba,ABW,..
1997,YR1997,Australia,AUS,..
1997,YR1997,Austria,AUT,..
1997,YR1997,Azerbaijan,AZE,..
1997,YR1997,"Bahamas, The",BHS,..
1997,YR1997,Bahrain,BHR,..
1997,YR1997,Bangladesh,BGD,..
1997,YR1997,Barbados,BRB,..
1997,YR1997,Belarus,BLR,..
1997,YR1997,Belgium,BEL,..
1997,YR1997,Belize,BLZ,..
1997,YR1997,Benin,BEN,..
1997,YR1997,Bermuda,BMU,..
1997,YR1997,Bhutan,BTN,..
1997,YR1997,Bolivia,BOL,..
1997,YR1997,Bosnia and Herzegovina,BIH,..
1997,YR1997,Botswana,BWA,..
1997,YR1997,Brazil,BRA,..
1997,YR1997,British Virgin Islands,VGB,..
1997,YR1997,Brunei Darussalam,BRN,..
1997,YR1997,Bulgaria,BGR,..
1997,YR1997,Burkina Faso,BFA,..
1997,YR1997,Burundi,BDI,..
1997,YR1997,Cabo Verde,CPV,..
1997,YR1997,Cambodia,KHM,..
1997,YR1997,Cameroon,CMR,..
1997,YR1997,Canada,CAN,..
1997,YR1997,Cayman Islands,CYM,..
1997,YR1997,Central African Republic,CAF,..
1997,YR1997,Chad,TCD,..
1997,YR1997,Channel Islands,CHI,..
1997,YR1997,Chile,CHL,..
1997,YR1997,China,CHN,..
1997,YR1997,Colombia,COL,..
1997,YR1997,Comoros,COM,..
1997,YR1997,"Congo, Dem. Rep.",COD,..
1997,YR1997,"Congo, Rep.",COG,..
1997,YR1997,Costa Rica,CRI,..
1997,YR1997,Cote d'Ivoire,CIV,..
1997,YR1997,Croatia,HRV,..
1997,YR1997,Cuba,CUB,..
1997,YR1997,Curacao,CUW,..
1997,YR1997,Cyprus,CYP,..
1997,YR1997,Czechia,CZE,..
1997,YR1997,Denmark,DNK,..
1997,YR1997,Djibouti,DJI,..
1997,YR1997,Dominica,DMA,..
1997,YR1997,Dominican Republic,DOM,..
1997,YR1997,Ecuador,ECU,..
1997,YR1997,"Egypt, Arab Rep.",EGY,..
1997,YR1997,El Salvador,SLV,..
1997,YR1997,Equatorial Guinea,GNQ,..
1997,YR1997,Eritrea,ERI,..
1997,YR1997,Estonia,EST,..
1997,YR1997,Eswatini,SWZ,..
1997,YR1997,Ethiopia,ETH,..
1997,YR1997,Faroe Islands,FRO,..
1997,YR1997,Fiji,FJI,..
1997,YR1997,Finland,FIN,..
1997,YR1997,France,FRA,..
1997,YR1997,French Polynesia,PYF,..
1997,YR1997,Gabon,GAB,..
1997,YR1997,"Gambia, The",GMB,..
1997,YR1997,Georgia,GEO,..
1997,YR1997,Germany,DEU,..
1997,YR1997,Ghana,GHA,..
1997,YR1997,Gibraltar,GIB,..
1997,YR1997,Greece,GRC,..
1997,YR1997,Greenland,GRL,..
1997,YR1997,Grenada,GRD,..
1997,YR1997,Guam,GUM,..
1997,YR1997,Guatemala,GTM,..
1997,YR1997,Guinea,GIN,..
1997,YR1997,Guinea-Bissau,GNB,..
1997,YR1997,Guyana,GUY,..
1997,YR1997,Haiti,HTI,..
1997,YR1997,Honduras,HND,..
1997,YR1997,"Hong Kong SAR, China",HKG,..
1997,YR1997,Hungary,HUN,..
1997,YR1997,Iceland,ISL,..
1997,YR1997,India,IND,..
1997,YR1997,Indonesia,IDN,..
1997,YR1997,"Iran, Islamic Rep.",IRN,..
1997,YR1997,Iraq,IRQ,..
1997,YR1997,Ireland,IRL,..
1997,YR1997,Isle of Man,IMN,..
1997,YR1997,Israel,ISR,..
1997,YR1997,Italy,ITA,..
1997,YR1997,Jamaica,JAM,..
1997,YR1997,Japan,JPN,..
1997,YR1997,Jordan,JOR,..
1997,YR1997,Kazakhstan,KAZ,..
1997,YR1997,Kenya,KEN,..
1997,YR1997,Kiribati,KIR,..
1997,YR1997,"Korea, Dem. People's Rep.",PRK,..
1997,YR1997,"Korea, Rep.",KOR,..
1997,YR1997,Kosovo,XKX,..
1997,YR1997,Kuwait,KWT,..
1997,YR1997,Kyrgyz Republic,KGZ,..
1997,YR1997,Lao PDR,LAO,..
1997,YR1997,Latvia,LVA,..
1997,YR1997,Lebanon,LBN,..
1997,YR1997,Lesotho,LSO,..
1997,YR1997,Liberia,LBR,..
1997,YR1997,Libya,LBY,..
1997,YR1997,Liechtenstein,LIE,..
1997,YR1997,Lithuania,LTU,..
1997,YR1997,Luxembourg,LUX,..
1997,YR1997,"Macao SAR, China",MAC,..
1997,YR1997,Madagascar,MDG,..
1997,YR1997,Malawi,MWI,..
1997,YR1997,Malaysia,MYS,..
1997,YR1997,Maldives,MDV,..
1997,YR1997,Mali,MLI,..
1997,YR1997,Malta,MLT,..
1997,YR1997,Marshall Islands,MHL,..
1997,YR1997,Mauritania,MRT,..
1997,YR1997,Mauritius,MUS,..
1997,YR1997,Mexico,MEX,..
1997,YR1997,"Micronesia, Fed. Sts.",FSM,..
1997,YR1997,Moldova,MDA,..
1997,YR1997,Monaco,MCO,..
1997,YR1997,Mongolia,MNG,..
1997,YR1997,Montenegro,MNE,..
1997,YR1997,Morocco,MAR,..
1997,YR1997,Mozambique,MOZ,..
1997,YR1997,Myanmar,MMR,..
1997,YR1997,Namibia,NAM,..
1997,YR1997,Nauru,NRU,..
1997,YR1997,Nepal,NPL,..
1997,YR1997,Netherlands,NLD,..
1997,YR1997,New Caledonia,NCL,..
1997,YR1997,New Zealand,NZL,..
1997,YR1997,Nicaragua,NIC,..
1997,YR1997,Niger,NER,..
1997,YR1997,Nigeria,NGA,..
1997,YR1997,North Macedonia,MKD,..
1997,YR1997,Northern Mariana Islands,MNP,..
1997,YR1997,Norway,NOR,..
1997,YR1997,Oman,OMN,..
1997,YR1997,Pakistan,PAK,..
1997,YR1997,Palau,PLW,..
1997,YR1997,Panama,PAN,..
1997,YR1997,Papua New Guinea,PNG,..
1997,YR1997,Paraguay,PRY,..
1997,YR1997,Peru,PER,..
1997,YR1997,Philippines,PHL,..
1997,YR1997,Poland,POL,..
1997,YR1997,Portugal,PRT,..
1997,YR1997,Puerto Rico,PRI,..
1997,YR1997,Qatar,QAT,..
1997,YR1997,Romania,ROU,..
1997,YR1997,Russian Federation,RUS,..
1997,YR1997,Rwanda,RWA,..
1997,YR1997,Samoa,WSM,..
1997,YR1997,San Marino,SMR,..
1997,YR1997,Sao Tome and Principe,STP,..
1997,YR1997,Saudi Arabia,SAU,..
1997,YR1997,Senegal,SEN,..
1997,YR1997,Serbia,SRB,..
1997,YR1997,Seychelles,SYC,..
1997,YR1997,Sierra Leone,SLE,..
1997,YR1997,Singapore,SGP,..
1997,YR1997,Sint Maarten (Dutch part),SXM,..
1997,YR1997,Slovak Republic,SVK,..
1997,YR1997,Slovenia,SVN,..
1997,YR1997,Solomon Islands,SLB,..
1997,YR1997,Somalia,SOM,..
1997,YR1997,South Africa,ZAF,..
1997,YR1997,South Sudan,SSD,..
1997,YR1997,Spain,ESP,..
1997,YR1997,Sri Lanka,LKA,..
1997,YR1997,St. Kitts and Nevis,KNA,..
1997,YR1997,St. Lucia,LCA,..
1997,YR1997,St. Martin (French part),MAF,..
1997,YR1997,St. Vincent and the Grenadines,VCT,..
1997,YR1997,Sudan,SDN,..
1997,YR1997,Suriname,SUR,..
1997,YR1997,Sweden,SWE,..
1997,YR1997,Switzerland,CHE,..
1997,YR1997,Syrian Arab Republic,SYR,..
1997,YR1997,Tajikistan,TJK,..
1997,YR1997,Tanzania,TZA,..
1997,YR1997,Thailand,THA,..
1997,YR1997,Timor-Leste,TLS,..
1997,YR1997,Togo,TGO,..
1997,YR1997,Tonga,TON,..
1997,YR1997,Trinidad and Tobago,TTO,..
1997,YR1997,Tunisia,TUN,..
1997,YR1997,Turkiye,TUR,..
1997,YR1997,Turkmenistan,TKM,..
1997,YR1997,Turks and Caicos Islands,TCA,..
1997,YR1997,Tuvalu,TUV,..
1997,YR1997,Uganda,UGA,..
1997,YR1997,Ukraine,UKR,..
1997,YR1997,United Arab Emirates,ARE,..
1997,YR1997,United Kingdom,GBR,..
1997,YR1997,United States,USA,..
1997,YR1997,Uruguay,URY,..
1997,YR1997,Uzbekistan,UZB,..
1997,YR1997,Vanuatu,VUT,..
1997,YR1997,"Venezuela, RB",VEN,..
1997,YR1997,Viet Nam,VNM,..
1997,YR1997,Virgin Islands (U.S.),VIR,..
1997,YR1997,West Bank and Gaza,PSE,..
1997,YR1997,"Yemen, Rep.",YEM,..
1997,YR1997,Zambia,ZMB,..
1997,YR1997,Zimbabwe,ZWE,..
1997,YR1997,Africa Eastern and Southern,AFE,..
1997,YR1997,Africa Western and Central,AFW,..
1997,YR1997,Arab World,ARB,..
1997,YR1997,Caribbean small states,CSS,..
1997,YR1997,Central Europe and the Baltics,CEB,..
1997,YR1997,Early-demographic dividend,EAR,..
1997,YR1997,East Asia & Pacific,EAS,..
1997,YR1997,East Asia & Pacific (excluding high income),EAP,..
1997,YR1997,East Asia & Pacific (IDA & IBRD countries),TEA,..
1997,YR1997,Euro area,EMU,..
1997,YR1997,Europe & Central Asia,ECS,..
1997,YR1997,Europe & Central Asia (excluding high income),ECA,..
1997,YR1997,Europe & Central Asia (IDA & IBRD countries),TEC,..
1997,YR1997,European Union,EUU,..
1997,YR1997,Fragile and conflict affected situations,FCS,..
1997,YR1997,Heavily indebted poor countries (HIPC),HPC,..
1997,YR1997,High income,HIC,..
1997,YR1997,IBRD only,IBD,..
1997,YR1997,IDA & IBRD total,IBT,..
1997,YR1997,IDA blend,IDB,..
1997,YR1997,IDA only,IDX,..
1997,YR1997,IDA total,IDA,..
1997,YR1997,Late-demographic dividend,LTE,..
1997,YR1997,Latin America & Caribbean,LCN,..
1997,YR1997,Latin America & Caribbean (excluding high income),LAC,..
1997,YR1997,Latin America & the Caribbean (IDA & IBRD countries),TLA,..
1997,YR1997,Least developed countries: UN classification,LDC,..
1997,YR1997,Low & middle income,LMY,..
1997,YR1997,Low income,LIC,..
1997,YR1997,Lower middle income,LMC,..
1997,YR1997,Middle East & North Africa,MEA,..
1997,YR1997,Middle East & North Africa (excluding high income),MNA,..
1997,YR1997,Middle East & North Africa (IDA & IBRD countries),TMN,..
1997,YR1997,Middle income,MIC,..
1997,YR1997,North America,NAC,..
1997,YR1997,Not classified,INX,..
1997,YR1997,OECD members,OED,..
1997,YR1997,Other small states,OSS,..
1997,YR1997,Pacific island small states,PSS,..
1997,YR1997,Post-demographic dividend,PST,..
1997,YR1997,Pre-demographic dividend,PRE,..
1997,YR1997,Small states,SST,..
1997,YR1997,South Asia,SAS,..
1997,YR1997,South Asia (IDA & IBRD),TSA,..
1997,YR1997,Sub-Saharan Africa,SSF,..
1997,YR1997,Sub-Saharan Africa (excluding high income),SSA,..
1997,YR1997,Sub-Saharan Africa (IDA & IBRD countries),TSS,..
1997,YR1997,Upper middle income,UMC,..
1997,YR1997,World,WLD,..
1998,YR1998,Afghanistan,AFG,..
1998,YR1998,Albania,ALB,..
1998,YR1998,Algeria,DZA,..
1998,YR1998,American Samoa,ASM,..
1998,YR1998,Andorra,AND,..
1998,YR1998,Angola,AGO,..
1998,YR1998,Antigua and Barbuda,ATG,..
1998,YR1998,Argentina,ARG,..
1998,YR1998,Armenia,ARM,..
1998,YR1998,Aruba,ABW,..
1998,YR1998,Australia,AUS,..
1998,YR1998,Austria,AUT,..
1998,YR1998,Azerbaijan,AZE,..
1998,YR1998,"Bahamas, The",BHS,..
1998,YR1998,Bahrain,BHR,..
1998,YR1998,Bangladesh,BGD,..
1998,YR1998,Barbados,BRB,..
1998,YR1998,Belarus,BLR,..
1998,YR1998,Belgium,BEL,..
1998,YR1998,Belize,BLZ,..
1998,YR1998,Benin,BEN,..
1998,YR1998,Bermuda,BMU,..
1998,YR1998,Bhutan,BTN,..
1998,YR1998,Bolivia,BOL,..
1998,YR1998,Bosnia and Herzegovina,BIH,..
1998,YR1998,Botswana,BWA,..
1998,YR1998,Brazil,BRA,..
1998,YR1998,British Virgin Islands,VGB,..
1998,YR1998,Brunei Darussalam,BRN,..
1998,YR1998,Bulgaria,BGR,..
1998,YR1998,Burkina Faso,BFA,..
1998,YR1998,Burundi,BDI,..
1998,YR1998,Cabo Verde,CPV,..
1998,YR1998,Cambodia,KHM,..
1998,YR1998,Cameroon,CMR,..
1998,YR1998,Canada,CAN,..
1998,YR1998,Cayman Islands,CYM,..
1998,YR1998,Central African Republic,CAF,..
1998,YR1998,Chad,TCD,..
1998,YR1998,Channel Islands,CHI,..
1998,YR1998,Chile,CHL,..
1998,YR1998,China,CHN,..
1998,YR1998,Colombia,COL,..
1998,YR1998,Comoros,COM,..
1998,YR1998,"Congo, Dem. Rep.",COD,..
1998,YR1998,"Congo, Rep.",COG,..
1998,YR1998,Costa Rica,CRI,..
1998,YR1998,Cote d'Ivoire,CIV,..
1998,YR1998,Croatia,HRV,..
1998,YR1998,Cuba,CUB,..
1998,YR1998,Curacao,CUW,..
1998,YR1998,Cyprus,CYP,..
1998,YR1998,Czechia,CZE,..
1998,YR1998,Denmark,DNK,..
1998,YR1998,Djibouti,DJI,..
1998,YR1998,Dominica,DMA,..
1998,YR1998,Dominican Republic,DOM,..
1998,YR1998,Ecuador,ECU,..
1998,YR1998,"Egypt, Arab Rep.",EGY,..
1998,YR1998,El Salvador,SLV,..
1998,YR1998,Equatorial Guinea,GNQ,..
1998,YR1998,Eritrea,ERI,..
1998,YR1998,Estonia,EST,..
1998,YR1998,Eswatini,SWZ,..
1998,YR1998,Ethiopia,ETH,..
1998,YR1998,Faroe Islands,FRO,..
1998,YR1998,Fiji,FJI,..
1998,YR1998,Finland,FIN,..
1998,YR1998,France,FRA,..
1998,YR1998,French Polynesia,PYF,..
1998,YR1998,Gabon,GAB,..
1998,YR1998,"Gambia, The",GMB,..
1998,YR1998,Georgia,GEO,..
1998,YR1998,Germany,DEU,..
1998,YR1998,Ghana,GHA,..
1998,YR1998,Gibraltar,GIB,..
1998,YR1998,Greece,GRC,..
1998,YR1998,Greenland,GRL,..
1998,YR1998,Grenada,GRD,..
1998,YR1998,Guam,GUM,..
1998,YR1998,Guatemala,GTM,..
1998,YR1998,Guinea,GIN,..
1998,YR1998,Guinea-Bissau,GNB,..
1998,YR1998,Guyana,GUY,..
1998,YR1998,Haiti,HTI,..
1998,YR1998,Honduras,HND,..
1998,YR1998,"Hong Kong SAR, China",HKG,..
1998,YR1998,Hungary,HUN,..
1998,YR1998,Iceland,ISL,..
1998,YR1998,India,IND,..
1998,YR1998,Indonesia,IDN,..
1998,YR1998,"Iran, Islamic Rep.",IRN,..
1998,YR1998,Iraq,IRQ,..
1998,YR1998,Ireland,IRL,..
1998,YR1998,Isle of Man,IMN,..
1998,YR1998,Israel,ISR,..
1998,YR1998,Italy,ITA,..
1998,YR1998,Jamaica,JAM,..
1998,YR1998,Japan,JPN,..
1998,YR1998,Jordan,JOR,..
1998,YR1998,Kazakhstan,KAZ,..
1998,YR1998,Kenya,KEN,..
1998,YR1998,Kiribati,KIR,..
1998,YR1998,"Korea, Dem. People's Rep.",PRK,..
1998,YR1998,"Korea, Rep.",KOR,..
1998,YR1998,Kosovo,XKX,..
1998,YR1998,Kuwait,KWT,..
1998,YR1998,Kyrgyz Republic,KGZ,..
1998,YR1998,Lao PDR,LAO,..
1998,YR1998,Latvia,LVA,..
1998,YR1998,Lebanon,LBN,..
1998,YR1998,Lesotho,LSO,..
1998,YR1998,Liberia,LBR,..
1998,YR1998,Libya,LBY,..
1998,YR1998,Liechtenstein,LIE,..
1998,YR1998,Lithuania,LTU,..
1998,YR1998,Luxembourg,LUX,..
1998,YR1998,"Macao SAR, China",MAC,..
1998,YR1998,Madagascar,MDG,..
1998,YR1998,Malawi,MWI,..
1998,YR1998,Malaysia,MYS,..
1998,YR1998,Maldives,MDV,..
1998,YR1998,Mali,MLI,..
1998,YR1998,Malta,MLT,..
1998,YR1998,Marshall Islands,MHL,..
1998,YR1998,Mauritania,MRT,..
1998,YR1998,Mauritius,MUS,..
1998,YR1998,Mexico,MEX,..
1998,YR1998,"Micronesia, Fed. Sts.",FSM,..
1998,YR1998,Moldova,MDA,..
1998,YR1998,Monaco,MCO,..
1998,YR1998,Mongolia,MNG,..
1998,YR1998,Montenegro,MNE,..
1998,YR1998,Morocco,MAR,..
1998,YR1998,Mozambique,MOZ,..
1998,YR1998,Myanmar,MMR,..
1998,YR1998,Namibia,NAM,..
1998,YR1998,Nauru,NRU,..
1998,YR1998,Nepal,NPL,..
1998,YR1998,Netherlands,NLD,..
1998,YR1998,New Caledonia,NCL,..
1998,YR1998,New Zealand,NZL,..
1998,YR1998,Nicaragua,NIC,..
1998,YR1998,Niger,NER,..
1998,YR1998,Nigeria,NGA,..
1998,YR1998,North Macedonia,MKD,..
1998,YR1998,Northern Mariana Islands,MNP,..
1998,YR1998,Norway,NOR,..
1998,YR1998,Oman,OMN,..
1998,YR1998,Pakistan,PAK,..
1998,YR1998,Palau,PLW,..
1998,YR1998,Panama,PAN,..
1998,YR1998,Papua New Guinea,PNG,..
1998,YR1998,Paraguay,PRY,..
1998,YR1998,Peru,PER,..
1998,YR1998,Philippines,PHL,..
1998,YR1998,Poland,POL,..
1998,YR1998,Portugal,PRT,..
1998,YR1998,Puerto Rico,PRI,..
1998,YR1998,Qatar,QAT,..
1998,YR1998,Romania,ROU,..
1998,YR1998,Russian Federation,RUS,..
1998,YR1998,Rwanda,RWA,..
1998,YR1998,Samoa,WSM,..
1998,YR1998,San Marino,SMR,..
1998,YR1998,Sao Tome and Principe,STP,..
1998,YR1998,Saudi Arabia,SAU,..
1998,YR1998,Senegal,SEN,..
1998,YR1998,Serbia,SRB,..
1998,YR1998,Seychelles,SYC,..
1998,YR1998,Sierra Leone,SLE,..
1998,YR1998,Singapore,SGP,..
1998,YR1998,Sint Maarten (Dutch part),SXM,..
1998,YR1998,Slovak Republic,SVK,..
1998,YR1998,Slovenia,SVN,..
1998,YR1998,Solomon Islands,SLB,..
1998,YR1998,Somalia,SOM,..
1998,YR1998,South Africa,ZAF,..
1998,YR1998,South Sudan,SSD,..
1998,YR1998,Spain,ESP,..
1998,YR1998,Sri Lanka,LKA,..
1998,YR1998,St. Kitts and Nevis,KNA,..
1998,YR1998,St. Lucia,LCA,..
1998,YR1998,St. Martin (French part),MAF,..
1998,YR1998,St. Vincent and the Grenadines,VCT,..
1998,YR1998,Sudan,SDN,..
1998,YR1998,Suriname,SUR,..
1998,YR1998,Sweden,SWE,..
1998,YR1998,Switzerland,CHE,..
1998,YR1998,Syrian Arab Republic,SYR,..
1998,YR1998,Tajikistan,TJK,..
1998,YR1998,Tanzania,TZA,..
1998,YR1998,Thailand,THA,..
1998,YR1998,Timor-Leste,TLS,..
1998,YR1998,Togo,TGO,..
1998,YR1998,Tonga,TON,..
1998,YR1998,Trinidad and Tobago,TTO,..
1998,YR1998,Tunisia,TUN,..
1998,YR1998,Turkiye,TUR,..
1998,YR1998,Turkmenistan,TKM,..
1998,YR1998,Turks and Caicos Islands,TCA,..
1998,YR1998,Tuvalu,TUV,..
1998,YR1998,Uganda,UGA,..
1998,YR1998,Ukraine,UKR,..
1998,YR1998,United Arab Emirates,ARE,..
1998,YR1998,United Kingdom,GBR,..
1998,YR1998,United States,USA,..
1998,YR1998,Uruguay,URY,..
1998,YR1998,Uzbekistan,UZB,..
1998,YR1998,Vanuatu,VUT,..
1998,YR1998,"Venezuela, RB",VEN,..
1998,YR1998,Viet Nam,VNM,..
1998,YR1998,Virgin Islands (U.S.),VIR,..
1998,YR1998,West Bank and Gaza,PSE,..
1998,YR1998,"Yemen, Rep.",YEM,..
1998,YR1998,Zambia,ZMB,..
1998,YR1998,Zimbabwe,ZWE,..
1998,YR1998,Africa Eastern and Southern,AFE,..
1998,YR1998,Africa Western and Central,AFW,..
1998,YR1998,Arab World,ARB,..
1998,YR1998,Caribbean small states,CSS,..
1998,YR1998,Central Europe and the Baltics,CEB,..
1998,YR1998,Early-demographic dividend,EAR,..
1998,YR1998,East Asia & Pacific,EAS,..
1998,YR1998,East Asia & Pacific (excluding high income),EAP,..
1998,YR1998,East Asia & Pacific (IDA & IBRD countries),TEA,..
1998,YR1998,Euro area,EMU,..
1998,YR1998,Europe & Central Asia,ECS,..
1998,YR1998,Europe & Central Asia (excluding high income),ECA,..
1998,YR1998,Europe & Central Asia (IDA & IBRD countries),TEC,..
1998,YR1998,European Union,EUU,..
1998,YR1998,Fragile and conflict affected situations,FCS,..
1998,YR1998,Heavily indebted poor countries (HIPC),HPC,..
1998,YR1998,High income,HIC,..
1998,YR1998,IBRD only,IBD,..
1998,YR1998,IDA & IBRD total,IBT,..
1998,YR1998,IDA blend,IDB,..
1998,YR1998,IDA only,IDX,..
1998,YR1998,IDA total,IDA,..
1998,YR1998,Late-demographic dividend,LTE,..
1998,YR1998,Latin America & Caribbean,LCN,..
1998,YR1998,Latin America & Caribbean (excluding high income),LAC,..
1998,YR1998,Latin America & the Caribbean (IDA & IBRD countries),TLA,..
1998,YR1998,Least developed countries: UN classification,LDC,..
1998,YR1998,Low & middle income,LMY,..
1998,YR1998,Low income,LIC,..
1998,YR1998,Lower middle income,LMC,..
1998,YR1998,Middle East & North Africa,MEA,..
1998,YR1998,Middle East & North Africa (excluding high income),MNA,..
1998,YR1998,Middle East & North Africa (IDA & IBRD countries),TMN,..
1998,YR1998,Middle income,MIC,..
1998,YR1998,North America,NAC,..
1998,YR1998,Not classified,INX,..
1998,YR1998,OECD members,OED,..
1998,YR1998,Other small states,OSS,..
1998,YR1998,Pacific island small states,PSS,..
1998,YR1998,Post-demographic dividend,PST,..
1998,YR1998,Pre-demographic dividend,PRE,..
1998,YR1998,Small states,SST,..
1998,YR1998,South Asia,SAS,..
1998,YR1998,South Asia (IDA & IBRD),TSA,..
1998,YR1998,Sub-Saharan Africa,SSF,..
1998,YR1998,Sub-Saharan Africa (excluding high income),SSA,..
1998,YR1998,Sub-Saharan Africa (IDA & IBRD countries),TSS,..
1998,YR1998,Upper middle income,UMC,..
1998,YR1998,World,WLD,..
1999,YR1999,Afghanistan,AFG,..
1999,YR1999,Albania,ALB,..
1999,YR1999,Algeria,DZA,..
1999,YR1999,American Samoa,ASM,..
1999,YR1999,Andorra,AND,..
1999,YR1999,Angola,AGO,..
1999,YR1999,Antigua and Barbuda,ATG,..
1999,YR1999,Argentina,ARG,..
1999,YR1999,Armenia,ARM,..
1999,YR1999,Aruba,ABW,..
1999,YR1999,Australia,AUS,..
1999,YR1999,Austria,AUT,..
1999,YR1999,Azerbaijan,AZE,..
1999,YR1999,"Bahamas, The",BHS,..
1999,YR1999,Bahrain,BHR,..
1999,YR1999,Bangladesh,BGD,..
1999,YR1999,Barbados,BRB,..
1999,YR1999,Belarus,BLR,..
1999,YR1999,Belgium,BEL,..
1999,YR1999,Belize,BLZ,..
1999,YR1999,Benin,BEN,..
1999,YR1999,Bermuda,BMU,..
1999,YR1999,Bhutan,BTN,..
1999,YR1999,Bolivia,BOL,..
1999,YR1999,Bosnia and Herzegovina,BIH,..
1999,YR1999,Botswana,BWA,..
1999,YR1999,Brazil,BRA,..
1999,YR1999,British Virgin Islands,VGB,..
1999,YR1999,Brunei Darussalam,BRN,..
1999,YR1999,Bulgaria,BGR,..
1999,YR1999,Burkina Faso,BFA,..
1999,YR1999,Burundi,BDI,..
1999,YR1999,Cabo Verde,CPV,..
1999,YR1999,Cambodia,KHM,..
1999,YR1999,Cameroon,CMR,..
1999,YR1999,Canada,CAN,..
1999,YR1999,Cayman Islands,CYM,..
1999,YR1999,Central African Republic,CAF,..
1999,YR1999,Chad,TCD,..
1999,YR1999,Channel Islands,CHI,..
1999,YR1999,Chile,CHL,..
1999,YR1999,China,CHN,..
1999,YR1999,Colombia,COL,..
1999,YR1999,Comoros,COM,..
1999,YR1999,"Congo, Dem. Rep.",COD,..
1999,YR1999,"Congo, Rep.",COG,..
1999,YR1999,Costa Rica,CRI,..
1999,YR1999,Cote d'Ivoire,CIV,..
1999,YR1999,Croatia,HRV,..
1999,YR1999,Cuba,CUB,..
1999,YR1999,Curacao,CUW,..
1999,YR1999,Cyprus,CYP,..
1999,YR1999,Czechia,CZE,..
1999,YR1999,Denmark,DNK,..
1999,YR1999,Djibouti,DJI,..
1999,YR1999,Dominica,DMA,..
1999,YR1999,Dominican Republic,DOM,..
1999,YR1999,Ecuador,ECU,..
1999,YR1999,"Egypt, Arab Rep.",EGY,..
1999,YR1999,El Salvador,SLV,..
1999,YR1999,Equatorial Guinea,GNQ,..
1999,YR1999,Eritrea,ERI,..
1999,YR1999,Estonia,EST,..
1999,YR1999,Eswatini,SWZ,..
1999,YR1999,Ethiopia,ETH,..
1999,YR1999,Faroe Islands,FRO,..
1999,YR1999,Fiji,FJI,..
1999,YR1999,Finland,FIN,..
1999,YR1999,France,FRA,..
1999,YR1999,French Polynesia,PYF,..
1999,YR1999,Gabon,GAB,..
1999,YR1999,"Gambia, The",GMB,..
1999,YR1999,Georgia,GEO,..
1999,YR1999,Germany,DEU,..
1999,YR1999,Ghana,GHA,..
1999,YR1999,Gibraltar,GIB,..
1999,YR1999,Greece,GRC,..
1999,YR1999,Greenland,GRL,..
1999,YR1999,Grenada,GRD,..
1999,YR1999,Guam,GUM,..
1999,YR1999,Guatemala,GTM,..
1999,YR1999,Guinea,GIN,..
1999,YR1999,Guinea-Bissau,GNB,..
1999,YR1999,Guyana,GUY,..
1999,YR1999,Haiti,HTI,..
1999,YR1999,Honduras,HND,..
1999,YR1999,"Hong Kong SAR, China",HKG,..
1999,YR1999,Hungary,HUN,..
1999,YR1999,Iceland,ISL,..
1999,YR1999,India,IND,..
1999,YR1999,Indonesia,IDN,..
1999,YR1999,"Iran, Islamic Rep.",IRN,..
1999,YR1999,Iraq,IRQ,..
1999,YR1999,Ireland,IRL,..
1999,YR1999,Isle of Man,IMN,..
1999,YR1999,Israel,ISR,..
1999,YR1999,Italy,ITA,..
1999,YR1999,Jamaica,JAM,..
1999,YR1999,Japan,JPN,..
1999,YR1999,Jordan,JOR,..
1999,YR1999,Kazakhstan,KAZ,..
1999,YR1999,Kenya,KEN,..
1999,YR1999,Kiribati,KIR,..
1999,YR1999,"Korea, Dem. People's Rep.",PRK,..
1999,YR1999,"Korea, Rep.",KOR,..
1999,YR1999,Kosovo,XKX,..
1999,YR1999,Kuwait,KWT,..
1999,YR1999,Kyrgyz Republic,KGZ,..
1999,YR1999,Lao PDR,LAO,..
1999,YR1999,Latvia,LVA,..
1999,YR1999,Lebanon,LBN,..
1999,YR1999,Lesotho,LSO,..
1999,YR1999,Liberia,LBR,..
1999,YR1999,Libya,LBY,..
1999,YR1999,Liechtenstein,LIE,..
1999,YR1999,Lithuania,LTU,..
1999,YR1999,Luxembourg,LUX,..
1999,YR1999,"Macao SAR, China",MAC,..
1999,YR1999,Madagascar,MDG,..
1999,YR1999,Malawi,MWI,..
1999,YR1999,Malaysia,MYS,..
1999,YR1999,Maldives,MDV,..
1999,YR1999,Mali,MLI,..
1999,YR1999,Malta,MLT,..
1999,YR1999,Marshall Islands,MHL,..
1999,YR1999,Mauritania,MRT,..
1999,YR1999,Mauritius,MUS,..
1999,YR1999,Mexico,MEX,..
1999,YR1999,"Micronesia, Fed. Sts.",FSM,..
1999,YR1999,Moldova,MDA,..
1999,YR1999,Monaco,MCO,..
1999,YR1999,Mongolia,MNG,..
1999,YR1999,Montenegro,MNE,..
1999,YR1999,Morocco,MAR,..
1999,YR1999,Mozambique,MOZ,..
1999,YR1999,Myanmar,MMR,..
1999,YR1999,Namibia,NAM,..
1999,YR1999,Nauru,NRU,..
1999,YR1999,Nepal,NPL,..
1999,YR1999,Netherlands,NLD,..
1999,YR1999,New Caledonia,NCL,..
1999,YR1999,New Zealand,NZL,..
1999,YR1999,Nicaragua,NIC,..
1999,YR1999,Niger,NER,..
1999,YR1999,Nigeria,NGA,..
1999,YR1999,North Macedonia,MKD,..
1999,YR1999,Northern Mariana Islands,MNP,..
1999,YR1999,Norway,NOR,..
1999,YR1999,Oman,OMN,..
1999,YR1999,Pakistan,PAK,..
1999,YR1999,Palau,PLW,..
1999,YR1999,Panama,PAN,..
1999,YR1999,Papua New Guinea,PNG,..
1999,YR1999,Paraguay,PRY,..
1999,YR1999,Peru,PER,..
1999,YR1999,Philippines,PHL,..
1999,YR1999,Poland,POL,..
1999,YR1999,Portugal,PRT,..
1999,YR1999,Puerto Rico,PRI,..
1999,YR1999,Qatar,QAT,..
1999,YR1999,Romania,ROU,..
1999,YR1999,Russian Federation,RUS,..
1999,YR1999,Rwanda,RWA,..
1999,YR1999,Samoa,WSM,..
1999,YR1999,San Marino,SMR,..
1999,YR1999,Sao Tome and Principe,STP,..
1999,YR1999,Saudi Arabia,SAU,..
1999,YR1999,Senegal,SEN,..
1999,YR1999,Serbia,SRB,..
1999,YR1999,Seychelles,SYC,..
1999,YR1999,Sierra Leone,SLE,..
1999,YR1999,Singapore,SGP,..
1999,YR1999,Sint Maarten (Dutch part),SXM,..
1999,YR1999,Slovak Republic,SVK,..
1999,YR1999,Slovenia,SVN,..
1999,YR1999,Solomon Islands,SLB,..
1999,YR1999,Somalia,SOM,..
1999,YR1999,South Africa,ZAF,..
1999,YR1999,South Sudan,SSD,..
1999,YR1999,Spain,ESP,..
1999,YR1999,Sri Lanka,LKA,..
1999,YR1999,St. Kitts and Nevis,KNA,..
1999,YR1999,St. Lucia,LCA,..
1999,YR1999,St. Martin (French part),MAF,..
1999,YR1999,St. Vincent and the Grenadines,VCT,..
1999,YR1999,Sudan,SDN,..
1999,YR1999,Suriname,SUR,..
1999,YR1999,Sweden,SWE,..
1999,YR1999,Switzerland,CHE,..
1999,YR1999,Syrian Arab Republic,SYR,..
1999,YR1999,Tajikistan,TJK,..
1999,YR1999,Tanzania,TZA,..
1999,YR1999,Thailand,THA,..
1999,YR1999,Timor-Leste,TLS,..
1999,YR1999,Togo,TGO,..
1999,YR1999,Tonga,TON,..
1999,YR1999,Trinidad and Tobago,TTO,..
1999,YR1999,Tunisia,TUN,..
1999,YR1999,Turkiye,TUR,..
1999,YR1999,Turkmenistan,TKM,..
1999,YR1999,Turks and Caicos Islands,TCA,..
1999,YR1999,Tuvalu,TUV,..
1999,YR1999,Uganda,UGA,..
1999,YR1999,Ukraine,UKR,..
1999,YR1999,United Arab Emirates,ARE,..
1999,YR1999,United Kingdom,GBR,..
1999,YR1999,United States,USA,..
1999,YR1999,Uruguay,URY,..
1999,YR1999,Uzbekistan,UZB,..
1999,YR1999,Vanuatu,VUT,..
1999,YR1999,"Venezuela, RB",VEN,..
1999,YR1999,Viet Nam,VNM,..
1999,YR1999,Virgin Islands (U.S.),VIR,..
1999,YR1999,West Bank and Gaza,PSE,..
1999,YR1999,"Yemen, Rep.",YEM,..
1999,YR1999,Zambia,ZMB,..
1999,YR1999,Zimbabwe,ZWE,..
1999,YR1999,Africa Eastern and Southern,AFE,..
1999,YR1999,Africa Western and Central,AFW,..
1999,YR1999,Arab World,ARB,..
1999,YR1999,Caribbean small states,CSS,..
1999,YR1999,Central Europe and the Baltics,CEB,..
1999,YR1999,Early-demographic dividend,EAR,..
1999,YR1999,East Asia & Pacific,EAS,..
1999,YR1999,East Asia & Pacific (excluding high income),EAP,..
1999,YR1999,East Asia & Pacific (IDA & IBRD countries),TEA,..
1999,YR1999,Euro area,EMU,..
1999,YR1999,Europe & Central Asia,ECS,..
1999,YR1999,Europe & Central Asia (excluding high income),ECA,..
1999,YR1999,Europe & Central Asia (IDA & IBRD countries),TEC,..
1999,YR1999,European Union,EUU,..
1999,YR1999,Fragile and conflict affected situations,FCS,..
1999,YR1999,Heavily indebted poor countries (HIPC),HPC,..
1999,YR1999,High income,HIC,..
1999,YR1999,IBRD only,IBD,..
1999,YR1999,IDA & IBRD total,IBT,..
1999,YR1999,IDA blend,IDB,..
1999,YR1999,IDA only,IDX,..
1999,YR1999,IDA total,IDA,..
1999,YR1999,Late-demographic dividend,LTE,..
1999,YR1999,Latin America & Caribbean,LCN,..
1999,YR1999,Latin America & Caribbean (excluding high income),LAC,..
1999,YR1999,Latin America & the Caribbean (IDA & IBRD countries),TLA,..
1999,YR1999,Least developed countries: UN classification,LDC,..
1999,YR1999,Low & middle income,LMY,..
1999,YR1999,Low income,LIC,..
1999,YR1999,Lower middle income,LMC,..
1999,YR1999,Middle East & North Africa,MEA,..
1999,YR1999,Middle East & North Africa (excluding high income),MNA,..
1999,YR1999,Middle East & North Africa (IDA & IBRD countries),TMN,..
1999,YR1999,Middle income,MIC,..
1999,YR1999,North America,NAC,..
1999,YR1999,Not classified,INX,..
1999,YR1999,OECD members,OED,..
1999,YR1999,Other small states,OSS,..
1999,YR1999,Pacific island small states,PSS,..
1999,YR1999,Post-demographic dividend,PST,..
1999,YR1999,Pre-demographic dividend,PRE,..
1999,YR1999,Small states,SST,..
1999,YR1999,South Asia,SAS,..
1999,YR1999,South Asia (IDA & IBRD),TSA,..
1999,YR1999,Sub-Saharan Africa,SSF,..
1999,YR1999,Sub-Saharan Africa (excluding high income),SSA,..
1999,YR1999,Sub-Saharan Africa (IDA & IBRD countries),TSS,..
1999,YR1999,Upper middle income,UMC,..
1999,YR1999,World,WLD,..
2000,YR2000,Afghanistan,AFG,5.5
2000,YR2000,Albania,ALB,35.2
2000,YR2000,Algeria,DZA,96.4
2000,YR2000,American Samoa,ASM,..
2000,YR2000,Andorra,AND,100
2000,YR2000,Angola,AGO,40.9
2000,YR2000,Antigua and Barbuda,ATG,100
2000,YR2000,Argentina,ARG,95.7
2000,YR2000,Armenia,ARM,78.1
2000,YR2000,Aruba,ABW,..
2000,YR2000,Australia,AUS,100
2000,YR2000,Austria,AUT,100
2000,YR2000,Azerbaijan,AZE,70
2000,YR2000,"Bahamas, The",BHS,100
2000,YR2000,Bahrain,BHR,100
2000,YR2000,Bangladesh,BGD,8.3
2000,YR2000,Barbados,BRB,100
2000,YR2000,Belarus,BLR,92.5
2000,YR2000,Belgium,BEL,100
2000,YR2000,Belize,BLZ,79.9
2000,YR2000,Benin,BEN,0.6
2000,YR2000,Bermuda,BMU,..
2000,YR2000,Bhutan,BTN,26.2
2000,YR2000,Bolivia,BOL,63.2
2000,YR2000,Bosnia and Herzegovina,BIH,54.1
2000,YR2000,Botswana,BWA,44.2
2000,YR2000,Brazil,BRA,89.05
2000,YR2000,British Virgin Islands,VGB,..
2000,YR2000,Brunei Darussalam,BRN,100
2000,YR2000,Bulgaria,BGR,..
2000,YR2000,Burkina Faso,BFA,2.7
2000,YR2000,Burundi,BDI,0.3
2000,YR2000,Cabo Verde,CPV,62.8
2000,YR2000,Cambodia,KHM,3.5
2000,YR2000,Cameroon,CMR,9.8
2000,YR2000,Canada,CAN,100
2000,YR2000,Cayman Islands,CYM,..
2000,YR2000,Central African Republic,CAF,0.6
2000,YR2000,Chad,TCD,3
2000,YR2000,Channel Islands,CHI,..
2000,YR2000,Chile,CHL,100
2000,YR2000,China,CHN,41.3
2000,YR2000,Colombia,COL,78
2000,YR2000,Comoros,COM,0.5
2000,YR2000,"Congo, Dem. Rep.",COD,0.9
2000,YR2000,"Congo, Rep.",COG,8.3
2000,YR2000,Costa Rica,CRI,89
2000,YR2000,Cote d'Ivoire,CIV,17.9
2000,YR2000,Croatia,HRV,100
2000,YR2000,Cuba,CUB,61.4
2000,YR2000,Curacao,CUW,..
2000,YR2000,Cyprus,CYP,100
2000,YR2000,Czechia,CZE,100
2000,YR2000,Denmark,DNK,100
2000,YR2000,Djibouti,DJI,3.8
2000,YR2000,Dominica,DMA,79.5
2000,YR2000,Dominican Republic,DOM,84.4
2000,YR2000,Ecuador,ECU,88.5
2000,YR2000,"Egypt, Arab Rep.",EGY,82.2
2000,YR2000,El Salvador,SLV,58.6
2000,YR2000,Equatorial Guinea,GNQ,19
2000,YR2000,Eritrea,ERI,3.6
2000,YR2000,Estonia,EST,100
2000,YR2000,Eswatini,SWZ,24.9
2000,YR2000,Ethiopia,ETH,0.9
2000,YR2000,Faroe Islands,FRO,..
2000,YR2000,Fiji,FJI,28.2
2000,YR2000,Finland,FIN,100
2000,YR2000,France,FRA,100
2000,YR2000,French Polynesia,PYF,..
2000,YR2000,Gabon,GAB,64.4
2000,YR2000,"Gambia, The",GMB,3.7
2000,YR2000,Georgia,GEO,46.7
2000,YR2000,Germany,DEU,100
2000,YR2000,Ghana,GHA,6.3
2000,YR2000,Gibraltar,GIB,..
2000,YR2000,Greece,GRC,100
2000,YR2000,Greenland,GRL,..
2000,YR2000,Grenada,GRD,92.2
2000,YR2000,Guam,GUM,..
2000,YR2000,Guatemala,GTM,40.7
2000,YR2000,Guinea,GIN,0.7
2000,YR2000,Guinea-Bissau,GNB,1.4
2000,YR2000,Guyana,GUY,100
2000,YR2000,Haiti,HTI,2.6
2000,YR2000,Honduras,HND,30.1
2000,YR2000,"Hong Kong SAR, China",HKG,..
2000,YR2000,Hungary,HUN,100
2000,YR2000,Iceland,ISL,100
2000,YR2000,India,IND,22.6
2000,YR2000,Indonesia,IDN,6.7
2000,YR2000,"Iran, Islamic Rep.",IRN,90.2
2000,YR2000,Iraq,IRQ,64.85
2000,YR2000,Ireland,IRL,100
2000,YR2000,Isle of Man,IMN,..
2000,YR2000,Israel,ISR,100
2000,YR2000,Italy,ITA,100
2000,YR2000,Jamaica,JAM,75.8
2000,YR2000,Japan,JPN,100
2000,YR2000,Jordan,JOR,99.6
2000,YR2000,Kazakhstan,KAZ,84.2
2000,YR2000,Kenya,KEN,1.7
2000,YR2000,Kiribati,KIR,0.8
2000,YR2000,"Korea, Dem. People's Rep.",PRK,1.4
2000,YR2000,"Korea, Rep.",KOR,100
2000,YR2000,Kosovo,XKX,..
2000,YR2000,Kuwait,KWT,100
2000,YR2000,Kyrgyz Republic,KGZ,51.9
2000,YR2000,Lao PDR,LAO,1.3
2000,YR2000,Latvia,LVA,100
2000,YR2000,Lebanon,LBN,..
2000,YR2000,Lesotho,LSO,16
2000,YR2000,Liberia,LBR,0.6
2000,YR2000,Libya,LBY,..
2000,YR2000,Liechtenstein,LIE,..
2000,YR2000,Lithuania,LTU,100
2000,YR2000,Luxembourg,LUX,100
2000,YR2000,"Macao SAR, China",MAC,..
2000,YR2000,Madagascar,MDG,1.3
2000,YR2000,Malawi,MWI,2.05
2000,YR2000,Malaysia,MYS,97.8
2000,YR2000,Maldives,MDV,22.7
2000,YR2000,Mali,MLI,0.7
2000,YR2000,Malta,MLT,100
2000,YR2000,Marshall Islands,MHL,7.6
2000,YR2000,Mauritania,MRT,29.6
2000,YR2000,Mauritius,MUS,92.8
2000,YR2000,Mexico,MEX,82.5
2000,YR2000,"Micronesia, Fed. Sts.",FSM,10.7
2000,YR2000,Moldova,MDA,62.6
2000,YR2000,Monaco,MCO,100
2000,YR2000,Mongolia,MNG,22.6
2000,YR2000,Montenegro,MNE,67.1
2000,YR2000,Morocco,MAR,89.8
2000,YR2000,Mozambique,MOZ,2.1
2000,YR2000,Myanmar,MMR,2
2000,YR2000,Namibia,NAM,33.8
2000,YR2000,Nauru,NRU,100
2000,YR2000,Nepal,NPL,5.3
2000,YR2000,Netherlands,NLD,100
2000,YR2000,New Caledonia,NCL,..
2000,YR2000,New Zealand,NZL,100
2000,YR2000,Nicaragua,NIC,34
2000,YR2000,Niger,NER,0.8
2000,YR2000,Nigeria,NGA,0.9
2000,YR2000,North Macedonia,MKD,54.7
2000,YR2000,Northern Mariana Islands,MNP,..
2000,YR2000,Norway,NOR,100
2000,YR2000,Oman,OMN,100
2000,YR2000,Pakistan,PAK,23.5
2000,YR2000,Palau,PLW,53.2
2000,YR2000,Panama,PAN,100
2000,YR2000,Papua New Guinea,PNG,5.4
2000,YR2000,Paraguay,PRY,48.9
2000,YR2000,Peru,PER,42.3
2000,YR2000,Philippines,PHL,38.5
2000,YR2000,Poland,POL,100
2000,YR2000,Portugal,PRT,100
2000,YR2000,Puerto Rico,PRI,..
2000,YR2000,Qatar,QAT,100
2000,YR2000,Romania,ROU,100
2000,YR2000,Russian Federation,RUS,100
2000,YR2000,Rwanda,RWA,0.1
2000,YR2000,Samoa,WSM,17.6
2000,YR2000,San Marino,SMR,100
2000,YR2000,Sao Tome and Principe,STP,0.3
2000,YR2000,Saudi Arabia,SAU,100
2000,YR2000,Senegal,SEN,34.9
2000,YR2000,Serbia,SRB,57.4
2000,YR2000,Seychelles,SYC,100
2000,YR2000,Sierra Leone,SLE,0
2000,YR2000,Singapore,SGP,100
2000,YR2000,Sint Maarten (Dutch part),SXM,..
2000,YR2000,Slovak Republic,SVK,100
2000,YR2000,Slovenia,SVN,100
2000,YR2000,Solomon Islands,SLB,8.6
2000,YR2000,Somalia,SOM,0.4
2000,YR2000,South Africa,ZAF,56
2000,YR2000,South Sudan,SSD,0.4
2000,YR2000,Spain,ESP,100
2000,YR2000,Sri Lanka,LKA,16.7
2000,YR2000,St. Kitts and Nevis,KNA,100
2000,YR2000,St. Lucia,LCA,85.4
2000,YR2000,St. Martin (French part),MAF,..
2000,YR2000,St. Vincent and the Grenadines,VCT,95.8
2000,YR2000,Sudan,SDN,7
2000,YR2000,Suriname,SUR,75.5
2000,YR2000,Sweden,SWE,100
2000,YR2000,Switzerland,CHE,100
2000,YR2000,Syrian Arab Republic,SYR,98.4
2000,YR2000,Tajikistan,TJK,36.1
2000,YR2000,Tanzania,TZA,0.7
2000,YR2000,Thailand,THA,61.1
2000,YR2000,Timor-Leste,TLS,0.9
2000,YR2000,Togo,TGO,0.3
2000,YR2000,Tonga,TON,33.1
2000,YR2000,Trinidad and Tobago,TTO,100
2000,YR2000,Tunisia,TUN,90.5
2000,YR2000,Turkiye,TUR,89.8
2000,YR2000,Turkmenistan,TKM,99.3
2000,YR2000,Turks and Caicos Islands,TCA,..
2000,YR2000,Tuvalu,TUV,7.8
2000,YR2000,Uganda,UGA,0.9
2000,YR2000,Ukraine,UKR,90.9
2000,YR2000,United Arab Emirates,ARE,100
2000,YR2000,United Kingdom,GBR,100
2000,YR2000,United States,USA,100
2000,YR2000,Uruguay,URY,100
2000,YR2000,Uzbekistan,UZB,82.95
2000,YR2000,Vanuatu,VUT,14.8
2000,YR2000,"Venezuela, RB",VEN,97.2
2000,YR2000,Viet Nam,VNM,13.6
2000,YR2000,Virgin Islands (U.S.),VIR,..
2000,YR2000,West Bank and Gaza,PSE,..
2000,YR2000,"Yemen, Rep.",YEM,54.65
2000,YR2000,Zambia,ZMB,13.8
2000,YR2000,Zimbabwe,ZWE,33.9
2000,YR2000,Africa Eastern and Southern,AFE,11.5259043979537
2000,YR2000,Africa Western and Central,AFW,4.99942175437673
2000,YR2000,Arab World,ARB,74.0267381256097
2000,YR2000,Caribbean small states,CSS,91.8060740795221
2000,YR2000,Central Europe and the Baltics,CEB,100
2000,YR2000,Early-demographic dividend,EAR,34.315525278079
2000,YR2000,East Asia & Pacific,EAS,41.7044165854286
2000,YR2000,East Asia & Pacific (excluding high income),EAP,35.2519537106122
2000,YR2000,East Asia & Pacific (IDA & IBRD countries),TEA,35.6935374027147
2000,YR2000,Euro area,EMU,100
2000,YR2000,Europe & Central Asia,ECS,95.3868572749758
2000,YR2000,Europe & Central Asia (excluding high income),ECA,81.6375489570278
2000,YR2000,Europe & Central Asia (IDA & IBRD countries),TEC,90.7667756974853
2000,YR2000,European Union,EUU,100
2000,YR2000,Fragile and conflict affected situations,FCS,20.7619124463843
2000,YR2000,Heavily indebted poor countries (HIPC),HPC,5.9000048097576
2000,YR2000,High income,HIC,99.9992395564003
2000,YR2000,IBRD only,IBD,47.4711604954045
2000,YR2000,IDA & IBRD total,IBT,39.7186821621348
2000,YR2000,IDA blend,IDB,17.6743958573301
2000,YR2000,IDA only,IDX,9.33993752058108
2000,YR2000,IDA total,IDA,12.126652974111
2000,YR2000,Late-demographic dividend,LTE,54.5441936642187
2000,YR2000,Latin America & Caribbean,LCN,80.2078692918607
2000,YR2000,Latin America & Caribbean (excluding high income),LAC,78.2875691382613
2000,YR2000,Latin America & the Caribbean (IDA & IBRD countries),TLA,80.6082960295107
2000,YR2000,Least developed countries: UN classification,LDC,6.47792250779781
2000,YR2000,Low & middle income,LMY,36.3603275993612
2000,YR2000,Low income,LIC,8.51545255802582
2000,YR2000,Lower middle income,LMC,23.3303350920966
2000,YR2000,Middle East & North Africa,MEA,86.3310279730291
2000,YR2000,Middle East & North Africa (excluding high income),MNA,84.46126694095
2000,YR2000,Middle East & North Africa (IDA & IBRD countries),TMN,84.46126694095
2000,YR2000,Middle income,MIC,38.745596001334
2000,YR2000,North America,NAC,100
2000,YR2000,Not classified,INX,..
2000,YR2000,OECD members,OED,97.2727016840245
2000,YR2000,Other small states,OSS,60.9994786265116
2000,YR2000,Pacific island small states,PSS,19.8915684845103
2000,YR2000,Post-demographic dividend,PST,98.8634122613228
2000,YR2000,Pre-demographic dividend,PRE,7.32231008195549
2000,YR2000,Small states,SST,60.8410775258117
2000,YR2000,South Asia,SAS,20.7689167117578
2000,YR2000,South Asia (IDA & IBRD),TSA,20.7689167117578
2000,YR2000,Sub-Saharan Africa,SSF,8.90435398061114
2000,YR2000,Sub-Saharan Africa (excluding high income),SSA,8.89334170886711
2000,YR2000,Sub-Saharan Africa (IDA & IBRD countries),TSS,8.90435398061114
2000,YR2000,Upper middle income,UMC,52.5200907871988
2000,YR2000,World,WLD,49.2960678307394
2001,YR2001,Afghanistan,AFG,6.6
2001,YR2001,Albania,ALB,38.3
2001,YR2001,Algeria,DZA,97
2001,YR2001,American Samoa,ASM,..
2001,YR2001,Andorra,AND,100
2001,YR2001,Angola,AGO,41.35
2001,YR2001,Antigua and Barbuda,ATG,100
2001,YR2001,Argentina,ARG,96.1
2001,YR2001,Armenia,ARM,81.5
2001,YR2001,Aruba,ABW,..
2001,YR2001,Australia,AUS,100
2001,YR2001,Austria,AUT,100
2001,YR2001,Azerbaijan,AZE,73.3
2001,YR2001,"Bahamas, The",BHS,100
2001,YR2001,Bahrain,BHR,100
2001,YR2001,Bangladesh,BGD,8.4
2001,YR2001,Barbados,BRB,100
2001,YR2001,Belarus,BLR,93.7
2001,YR2001,Belgium,BEL,100
2001,YR2001,Belize,BLZ,80.7
2001,YR2001,Benin,BEN,0.8
2001,YR2001,Bermuda,BMU,..
2001,YR2001,Bhutan,BTN,29.9
2001,YR2001,Bolivia,BOL,64.4
2001,YR2001,Bosnia and Herzegovina,BIH,53.2
2001,YR2001,Botswana,BWA,46.2
2001,YR2001,Brazil,BRA,89.8
2001,YR2001,British Virgin Islands,VGB,..
2001,YR2001,Brunei Darussalam,BRN,100
2001,YR2001,Bulgaria,BGR,..
2001,YR2001,Burkina Faso,BFA,2.9
2001,YR2001,Burundi,BDI,0.3
2001,YR2001,Cabo Verde,CPV,63
2001,YR2001,Cambodia,KHM,4.1
2001,YR2001,Cameroon,CMR,10.8
2001,YR2001,Canada,CAN,100
2001,YR2001,Cayman Islands,CYM,..
2001,YR2001,Central African Republic,CAF,0.5
2001,YR2001,Chad,TCD,2.8
2001,YR2001,Channel Islands,CHI,..
2001,YR2001,Chile,CHL,100
2001,YR2001,China,CHN,41.8
2001,YR2001,Colombia,COL,79.1
2001,YR2001,Comoros,COM,0.6
2001,YR2001,"Congo, Dem. Rep.",COD,1.1
2001,YR2001,"Congo, Rep.",COG,8.8
2001,YR2001,Costa Rica,CRI,89.3
2001,YR2001,Cote d'Ivoire,CIV,17.3
2001,YR2001,Croatia,HRV,100
2001,YR2001,Cuba,CUB,65.5
2001,YR2001,Curacao,CUW,..
2001,YR2001,Cyprus,CYP,100
2001,YR2001,Czechia,CZE,100
2001,YR2001,Denmark,DNK,100
2001,YR2001,Djibouti,DJI,3.9
2001,YR2001,Dominica,DMA,80.8
2001,YR2001,Dominican Republic,DOM,85.3
2001,YR2001,Ecuador,ECU,89.7
2001,YR2001,"Egypt, Arab Rep.",EGY,86
2001,YR2001,El Salvador,SLV,60.6
2001,YR2001,Equatorial Guinea,GNQ,19.7
2001,YR2001,Eritrea,ERI,3.9
2001,YR2001,Estonia,EST,100
2001,YR2001,Eswatini,SWZ,25.7
2001,YR2001,Ethiopia,ETH,0.9
2001,YR2001,Faroe Islands,FRO,..
2001,YR2001,Fiji,FJI,28.1
2001,YR2001,Finland,FIN,100
2001,YR2001,France,FRA,100
2001,YR2001,French Polynesia,PYF,..
2001,YR2001,Gabon,GAB,65.95
2001,YR2001,"Gambia, The",GMB,3.7
2001,YR2001,Georgia,GEO,47.5
2001,YR2001,Germany,DEU,100
2001,YR2001,Ghana,GHA,6.8
2001,YR2001,Gibraltar,GIB,..
2001,YR2001,Greece,GRC,100
2001,YR2001,Greenland,GRL,..
2001,YR2001,Grenada,GRD,92.7
2001,YR2001,Guam,GUM,..
2001,YR2001,Guatemala,GTM,39.8
2001,YR2001,Guinea,GIN,0.8
2001,YR2001,Guinea-Bissau,GNB,1.3
2001,YR2001,Guyana,GUY,100
2001,YR2001,Haiti,HTI,2.7
2001,YR2001,Honduras,HND,32.1
2001,YR2001,"Hong Kong SAR, China",HKG,..
2001,YR2001,Hungary,HUN,100
2001,YR2001,Iceland,ISL,100
2001,YR2001,India,IND,23.9
2001,YR2001,Indonesia,IDN,7.5
2001,YR2001,"Iran, Islamic Rep.",IRN,91.5
2001,YR2001,Iraq,IRQ,69.8
2001,YR2001,Ireland,IRL,100
2001,YR2001,Isle of Man,IMN,..
2001,YR2001,Israel,ISR,100
2001,YR2001,Italy,ITA,100
2001,YR2001,Jamaica,JAM,77.6
2001,YR2001,Japan,JPN,100
2001,YR2001,Jordan,JOR,99.6
2001,YR2001,Kazakhstan,KAZ,85.4
2001,YR2001,Kenya,KEN,2.2
2001,YR2001,Kiribati,KIR,0.9
2001,YR2001,"Korea, Dem. People's Rep.",PRK,1.6
2001,YR2001,"Korea, Rep.",KOR,100
2001,YR2001,Kosovo,XKX,..
2001,YR2001,Kuwait,KWT,100
2001,YR2001,Kyrgyz Republic,KGZ,54.2
2001,YR2001,Lao PDR,LAO,1.4
2001,YR2001,Latvia,LVA,100
2001,YR2001,Lebanon,LBN,..
2001,YR2001,Lesotho,LSO,17.7
2001,YR2001,Liberia,LBR,0.6
2001,YR2001,Libya,LBY,..
2001,YR2001,Liechtenstein,LIE,..
2001,YR2001,Lithuania,LTU,100
2001,YR2001,Luxembourg,LUX,100
2001,YR2001,"Macao SAR, China",MAC,..
2001,YR2001,Madagascar,MDG,1.2
2001,YR2001,Malawi,MWI,2.1
2001,YR2001,Malaysia,MYS,98
2001,YR2001,Maldives,MDV,30.8
2001,YR2001,Mali,MLI,0.8
2001,YR2001,Malta,MLT,100
2001,YR2001,Marshall Islands,MHL,9.8
2001,YR2001,Mauritania,MRT,31.2
2001,YR2001,Mauritius,MUS,93.6
2001,YR2001,Mexico,MEX,83.3
2001,YR2001,"Micronesia, Fed. Sts.",FSM,10.6
2001,YR2001,Moldova,MDA,66.7
2001,YR2001,Monaco,MCO,100
2001,YR2001,Mongolia,MNG,23
2001,YR2001,Montenegro,MNE,67.4
2001,YR2001,Morocco,MAR,90.9
2001,YR2001,Mozambique,MOZ,2.1
2001,YR2001,Myanmar,MMR,2.2
2001,YR2001,Namibia,NAM,34.4
2001,YR2001,Nauru,NRU,100
2001,YR2001,Nepal,NPL,6.7
2001,YR2001,Netherlands,NLD,100
2001,YR2001,New Caledonia,NCL,..
2001,YR2001,New Zealand,NZL,100
2001,YR2001,Nicaragua,NIC,34.9
2001,YR2001,Niger,NER,0.9
2001,YR2001,Nigeria,NGA,0.9
2001,YR2001,North Macedonia,MKD,56.4
2001,YR2001,Northern Mariana Islands,MNP,..
2001,YR2001,Norway,NOR,100
2001,YR2001,Oman,OMN,100
2001,YR2001,Pakistan,PAK,24.4
2001,YR2001,Palau,PLW,53.3
2001,YR2001,Panama,PAN,100
2001,YR2001,Papua New Guinea,PNG,5.5
2001,YR2001,Paraguay,PRY,49
2001,YR2001,Peru,PER,45.35
2001,YR2001,Philippines,PHL,39.1
2001,YR2001,Poland,POL,100
2001,YR2001,Portugal,PRT,100
2001,YR2001,Puerto Rico,PRI,..
2001,YR2001,Qatar,QAT,100
2001,YR2001,Romania,ROU,100
2001,YR2001,Russian Federation,RUS,99.9
2001,YR2001,Rwanda,RWA,0.1
2001,YR2001,Samoa,WSM,18.7
2001,YR2001,San Marino,SMR,100
2001,YR2001,Sao Tome and Principe,STP,0.3
2001,YR2001,Saudi Arabia,SAU,100
2001,YR2001,Senegal,SEN,36
2001,YR2001,Serbia,SRB,58.5
2001,YR2001,Seychelles,SYC,100
2001,YR2001,Sierra Leone,SLE,0.1
2001,YR2001,Singapore,SGP,100
2001,YR2001,Sint Maarten (Dutch part),SXM,..
2001,YR2001,Slovak Republic,SVK,100
2001,YR2001,Slovenia,SVN,100
2001,YR2001,Solomon Islands,SLB,8.65
2001,YR2001,Somalia,SOM,0.4
2001,YR2001,South Africa,ZAF,58
2001,YR2001,South Sudan,SSD,0.3
2001,YR2001,Spain,ESP,100
2001,YR2001,Sri Lanka,LKA,17.3
2001,YR2001,St. Kitts and Nevis,KNA,100
2001,YR2001,St. Lucia,LCA,86.9
2001,YR2001,St. Martin (French part),MAF,..
2001,YR2001,St. Vincent and the Grenadines,VCT,95.8
2001,YR2001,Sudan,SDN,8.6
2001,YR2001,Suriname,SUR,76.9
2001,YR2001,Sweden,SWE,100
2001,YR2001,Switzerland,CHE,100
2001,YR2001,Syrian Arab Republic,SYR,98.7
2001,YR2001,Tajikistan,TJK,39.95
2001,YR2001,Tanzania,TZA,0.7
2001,YR2001,Thailand,THA,62.6
2001,YR2001,Timor-Leste,TLS,1.1
2001,YR2001,Togo,TGO,0.4
2001,YR2001,Tonga,TON,35.9
2001,YR2001,Trinidad and Tobago,TTO,100
2001,YR2001,Tunisia,TUN,92.5
2001,YR2001,Turkiye,TUR,90.5
2001,YR2001,Turkmenistan,TKM,99.4
2001,YR2001,Turks and Caicos Islands,TCA,..
2001,YR2001,Tuvalu,TUV,9.1
2001,YR2001,Uganda,UGA,0.9
2001,YR2001,Ukraine,UKR,91.5
2001,YR2001,United Arab Emirates,ARE,100
2001,YR2001,United Kingdom,GBR,100
2001,YR2001,United States,USA,100
2001,YR2001,Uruguay,URY,100
2001,YR2001,Uzbekistan,UZB,83.5
2001,YR2001,Vanuatu,VUT,15
2001,YR2001,"Venezuela, RB",VEN,97.2
2001,YR2001,Viet Nam,VNM,16.5
2001,YR2001,Virgin Islands (U.S.),VIR,..
2001,YR2001,West Bank and Gaza,PSE,..
2001,YR2001,"Yemen, Rep.",YEM,55.5
2001,YR2001,Zambia,ZMB,14.3
2001,YR2001,Zimbabwe,ZWE,33.8
2001,YR2001,Africa Eastern and Southern,AFE,11.850593338062
2001,YR2001,Africa Western and Central,AFW,5.13864704882103
2001,YR2001,Arab World,ARB,75.859705392683
2001,YR2001,Caribbean small states,CSS,92.2170519270656
2001,YR2001,Central Europe and the Baltics,CEB,100
2001,YR2001,Early-demographic dividend,EAR,35.3458681703325
2001,YR2001,East Asia & Pacific,EAS,42.2621401976014
2001,YR2001,East Asia & Pacific (excluding high income),EAP,35.8978087914048
2001,YR2001,East Asia & Pacific (IDA & IBRD countries),TEA,36.3437590019276
2001,YR2001,Euro area,EMU,100
2001,YR2001,Europe & Central Asia,ECS,95.6203122371441
2001,YR2001,Europe & Central Asia (excluding high income),ECA,82.679406065794
2001,YR2001,Europe & Central Asia (IDA & IBRD countries),TEC,91.2159790572319
2001,YR2001,European Union,EUU,100
2001,YR2001,Fragile and conflict affected situations,FCS,20.9970376338849
2001,YR2001,Heavily indebted poor countries (HIPC),HPC,6.17674830903061
2001,YR2001,High income,HIC,99.9872743031895
2001,YR2001,IBRD only,IBD,48.3479877426242
2001,YR2001,IDA & IBRD total,IBT,40.4058733984705
2001,YR2001,IDA blend,IDB,18.1050624937312
2001,YR2001,IDA only,IDX,9.67251942611902
2001,YR2001,IDA total,IDA,12.4992081257461
2001,YR2001,Late-demographic dividend,LTE,55.1616158453089
2001,YR2001,Latin America & Caribbean,LCN,81.0684463606688
2001,YR2001,Latin America & Caribbean (excluding high income),LAC,79.2382799978586
2001,YR2001,Latin America & the Caribbean (IDA & IBRD countries),TLA,81.394374864811
2001,YR2001,Least developed countries: UN classification,LDC,6.76604660370129
2001,YR2001,Low & middle income,LMY,37.1478291419755
2001,YR2001,Low income,LIC,8.76913980406617
2001,YR2001,Lower middle income,LMC,24.4188630500458
2001,YR2001,Middle East & North Africa,MEA,88.1419070706736
2001,YR2001,Middle East & North Africa (excluding high income),MNA,86.5081469793623
2001,YR2001,Middle East & North Africa (IDA & IBRD countries),TMN,86.5081469793623
2001,YR2001,Middle income,MIC,39.6086387632513
2001,YR2001,North America,NAC,100
2001,YR2001,Not classified,INX,..
2001,YR2001,OECD members,OED,97.3917183109719
2001,YR2001,Other small states,OSS,61.4334874315822
2001,YR2001,Pacific island small states,PSS,20.1350970330778
2001,YR2001,Post-demographic dividend,PST,98.9541965849919
2001,YR2001,Pre-demographic dividend,PRE,7.78407304986733
2001,YR2001,Small states,SST,61.2219907678911
2001,YR2001,South Asia,SAS,21.9127001695543
2001,YR2001,South Asia (IDA & IBRD),TSA,21.9127001695543
2001,YR2001,Sub-Saharan Africa,SSF,9.15125162570271
2001,YR2001,Sub-Saharan Africa (excluding high income),SSA,9.14054591415248
2001,YR2001,Sub-Saharan Africa (IDA & IBRD countries),TSS,9.15125162570271
2001,YR2001,Upper middle income,UMC,53.3198999558169
2001,YR2001,World,WLD,49.8160122082881
2002,YR2002,Afghanistan,AFG,7.7
2002,YR2002,Albania,ALB,41.4
2002,YR2002,Algeria,DZA,97.4
2002,YR2002,American Samoa,ASM,..
2002,YR2002,Andorra,AND,100
2002,YR2002,Angola,AGO,41.5
2002,YR2002,Antigua and Barbuda,ATG,100
2002,YR2002,Argentina,ARG,96.6
2002,YR2002,Armenia,ARM,84.5
2002,YR2002,Aruba,ABW,..
2002,YR2002,Australia,AUS,100
2002,YR2002,Austria,AUT,100
2002,YR2002,Azerbaijan,AZE,76.9
2002,YR2002,"Bahamas, The",BHS,100
2002,YR2002,Bahrain,BHR,100
2002,YR2002,Bangladesh,BGD,8.5
2002,YR2002,Barbados,BRB,100
2002,YR2002,Belarus,BLR,94.8
2002,YR2002,Belgium,BEL,100
2002,YR2002,Belize,BLZ,81.3
2002,YR2002,Benin,BEN,1.1
2002,YR2002,Bermuda,BMU,..
2002,YR2002,Bhutan,BTN,34.3
2002,YR2002,Bolivia,BOL,65.2
2002,YR2002,Bosnia and Herzegovina,BIH,51.65
2002,YR2002,Botswana,BWA,47.9
2002,YR2002,Brazil,BRA,90.2
2002,YR2002,British Virgin Islands,VGB,..
2002,YR2002,Brunei Darussalam,BRN,100
2002,YR2002,Bulgaria,BGR,..
2002,YR2002,Burkina Faso,BFA,3.1
2002,YR2002,Burundi,BDI,0.3
2002,YR2002,Cabo Verde,CPV,63.4
2002,YR2002,Cambodia,KHM,4.6
2002,YR2002,Cameroon,CMR,11.7
2002,YR2002,Canada,CAN,100
2002,YR2002,Cayman Islands,CYM,..
2002,YR2002,Central African Republic,CAF,0.5
2002,YR2002,Chad,TCD,2.6
2002,YR2002,Channel Islands,CHI,..
2002,YR2002,Chile,CHL,100
2002,YR2002,China,CHN,42.9
2002,YR2002,Colombia,COL,79.8
2002,YR2002,Comoros,COM,0.8
2002,YR2002,"Congo, Dem. Rep.",COD,1.3
2002,YR2002,"Congo, Rep.",COG,9.4
2002,YR2002,Costa Rica,CRI,89.7
2002,YR2002,Cote d'Ivoire,CIV,17
2002,YR2002,Croatia,HRV,100
2002,YR2002,Cuba,CUB,69.4
2002,YR2002,Curacao,CUW,..
2002,YR2002,Cyprus,CYP,100
2002,YR2002,Czechia,CZE,100
2002,YR2002,Denmark,DNK,100
2002,YR2002,Djibouti,DJI,4.1
2002,YR2002,Dominica,DMA,81.9
2002,YR2002,Dominican Republic,DOM,85.6
2002,YR2002,Ecuador,ECU,90.5
2002,YR2002,"Egypt, Arab Rep.",EGY,89.4
2002,YR2002,El Salvador,SLV,62.4
2002,YR2002,Equatorial Guinea,GNQ,19.9
2002,YR2002,Eritrea,ERI,4.3
2002,YR2002,Estonia,EST,100
2002,YR2002,Eswatini,SWZ,27.2
2002,YR2002,Ethiopia,ETH,0.9
2002,YR2002,Faroe Islands,FRO,..
2002,YR2002,Fiji,FJI,28.2
2002,YR2002,Finland,FIN,100
2002,YR2002,France,FRA,100
2002,YR2002,French Polynesia,PYF,..
2002,YR2002,Gabon,GAB,67.6
2002,YR2002,"Gambia, The",GMB,3.6
2002,YR2002,Georgia,GEO,48.8
2002,YR2002,Germany,DEU,100
2002,YR2002,Ghana,GHA,7.5
2002,YR2002,Gibraltar,GIB,..
2002,YR2002,Greece,GRC,100
2002,YR2002,Greenland,GRL,..
2002,YR2002,Grenada,GRD,92.9
2002,YR2002,Guam,GUM,..
2002,YR2002,Guatemala,GTM,38.9
2002,YR2002,Guinea,GIN,0.8
2002,YR2002,Guinea-Bissau,GNB,1.3
2002,YR2002,Guyana,GUY,100
2002,YR2002,Haiti,HTI,2.8
2002,YR2002,Honduras,HND,33.4
2002,YR2002,"Hong Kong SAR, China",HKG,..
2002,YR2002,Hungary,HUN,100
2002,YR2002,Iceland,ISL,100
2002,YR2002,India,IND,25.1
2002,YR2002,Indonesia,IDN,8.8
2002,YR2002,"Iran, Islamic Rep.",IRN,92.5
2002,YR2002,Iraq,IRQ,74.4
2002,YR2002,Ireland,IRL,100
2002,YR2002,Isle of Man,IMN,..
2002,YR2002,Israel,ISR,100
2002,YR2002,Italy,ITA,100
2002,YR2002,Jamaica,JAM,79.5
2002,YR2002,Japan,JPN,100
2002,YR2002,Jordan,JOR,99.7
2002,YR2002,Kazakhstan,KAZ,86.1
2002,YR2002,Kenya,KEN,2.5
2002,YR2002,Kiribati,KIR,1
2002,YR2002,"Korea, Dem. People's Rep.",PRK,1.8
2002,YR2002,"Korea, Rep.",KOR,100
2002,YR2002,Kosovo,XKX,..
2002,YR2002,Kuwait,KWT,100
2002,YR2002,Kyrgyz Republic,KGZ,56.1
2002,YR2002,Lao PDR,LAO,1.5
2002,YR2002,Latvia,LVA,100
2002,YR2002,Lebanon,LBN,..
2002,YR2002,Lesotho,LSO,19.2
2002,YR2002,Liberia,LBR,0.5
2002,YR2002,Libya,LBY,..
2002,YR2002,Liechtenstein,LIE,..
2002,YR2002,Lithuania,LTU,100
2002,YR2002,Luxembourg,LUX,100
2002,YR2002,"Macao SAR, China",MAC,..
2002,YR2002,Madagascar,MDG,1.2
2002,YR2002,Malawi,MWI,2.1
2002,YR2002,Malaysia,MYS,98.1
2002,YR2002,Maldives,MDV,40.4
2002,YR2002,Mali,MLI,0.8
2002,YR2002,Malta,MLT,100
2002,YR2002,Marshall Islands,MHL,12.7
2002,YR2002,Mauritania,MRT,33
2002,YR2002,Mauritius,MUS,94.4
2002,YR2002,Mexico,MEX,83.7
2002,YR2002,"Micronesia, Fed. Sts.",FSM,10.7
2002,YR2002,Moldova,MDA,70.4
2002,YR2002,Monaco,MCO,100
2002,YR2002,Mongolia,MNG,23.6
2002,YR2002,Montenegro,MNE,66.9
2002,YR2002,Morocco,MAR,91.7
2002,YR2002,Mozambique,MOZ,2.2
2002,YR2002,Myanmar,MMR,2.5
2002,YR2002,Namibia,NAM,35.1
2002,YR2002,Nauru,NRU,100
2002,YR2002,Nepal,NPL,8.1
2002,YR2002,Netherlands,NLD,100
2002,YR2002,New Caledonia,NCL,..
2002,YR2002,New Zealand,NZL,100
2002,YR2002,Nicaragua,NIC,36
2002,YR2002,Niger,NER,0.9
2002,YR2002,Nigeria,NGA,0.9
2002,YR2002,North Macedonia,MKD,57.7
2002,YR2002,Northern Mariana Islands,MNP,..
2002,YR2002,Norway,NOR,100
2002,YR2002,Oman,OMN,100
2002,YR2002,Pakistan,PAK,25.8
2002,YR2002,Palau,PLW,52.6
2002,YR2002,Panama,PAN,100
2002,YR2002,Papua New Guinea,PNG,5.6
2002,YR2002,Paraguay,PRY,48.8
2002,YR2002,Peru,PER,48.7
2002,YR2002,Philippines,PHL,39.9
2002,YR2002,Poland,POL,100
2002,YR2002,Portugal,PRT,100
2002,YR2002,Puerto Rico,PRI,..
2002,YR2002,Qatar,QAT,100
2002,YR2002,Romania,ROU,100
2002,YR2002,Russian Federation,RUS,99.9
2002,YR2002,Rwanda,RWA,0.1
2002,YR2002,Samoa,WSM,19.4
2002,YR2002,San Marino,SMR,100
2002,YR2002,Sao Tome and Principe,STP,0.4
2002,YR2002,Saudi Arabia,SAU,100
2002,YR2002,Senegal,SEN,37
2002,YR2002,Serbia,SRB,59.7
2002,YR2002,Seychelles,SYC,100
2002,YR2002,Sierra Leone,SLE,0.1
2002,YR2002,Singapore,SGP,100
2002,YR2002,Sint Maarten (Dutch part),SXM,..
2002,YR2002,Slovak Republic,SVK,100
2002,YR2002,Slovenia,SVN,100
2002,YR2002,Solomon Islands,SLB,8.4
2002,YR2002,Somalia,SOM,0.4
2002,YR2002,South Africa,ZAF,60
2002,YR2002,South Sudan,SSD,0.3
2002,YR2002,Spain,ESP,100
2002,YR2002,Sri Lanka,LKA,17.7
2002,YR2002,St. Kitts and Nevis,KNA,100
2002,YR2002,St. Lucia,LCA,88.3
2002,YR2002,St. Martin (French part),MAF,..
2002,YR2002,St. Vincent and the Grenadines,VCT,95.9
2002,YR2002,Sudan,SDN,10.7
2002,YR2002,Suriname,SUR,78.4
2002,YR2002,Sweden,SWE,100
2002,YR2002,Switzerland,CHE,100
2002,YR2002,Syrian Arab Republic,SYR,98.7
2002,YR2002,Tajikistan,TJK,44.1
2002,YR2002,Tanzania,TZA,0.7
2002,YR2002,Thailand,THA,63.8
2002,YR2002,Timor-Leste,TLS,1.2
2002,YR2002,Togo,TGO,0.5
2002,YR2002,Tonga,TON,38.8
2002,YR2002,Trinidad and Tobago,TTO,100
2002,YR2002,Tunisia,TUN,94.2
2002,YR2002,Turkiye,TUR,91.2
2002,YR2002,Turkmenistan,TKM,99.5
2002,YR2002,Turks and Caicos Islands,TCA,..
2002,YR2002,Tuvalu,TUV,10.9
2002,YR2002,Uganda,UGA,0.9
2002,YR2002,Ukraine,UKR,92
2002,YR2002,United Arab Emirates,ARE,100
2002,YR2002,United Kingdom,GBR,100
2002,YR2002,United States,USA,100
2002,YR2002,Uruguay,URY,100
2002,YR2002,Uzbekistan,UZB,84.1
2002,YR2002,Vanuatu,VUT,15.2
2002,YR2002,"Venezuela, RB",VEN,97
2002,YR2002,Viet Nam,VNM,19.3
2002,YR2002,Virgin Islands (U.S.),VIR,..
2002,YR2002,West Bank and Gaza,PSE,..
2002,YR2002,"Yemen, Rep.",YEM,56.5
2002,YR2002,Zambia,ZMB,14.6
2002,YR2002,Zimbabwe,ZWE,33.6
2002,YR2002,Africa Eastern and Southern,AFE,12.1755920619957
2002,YR2002,Africa Western and Central,AFW,5.29112020747106
2002,YR2002,Arab World,ARB,77.5563129553027
2002,YR2002,Caribbean small states,CSS,92.6122685975843
2002,YR2002,Central Europe and the Baltics,CEB,100
2002,YR2002,Early-demographic dividend,EAR,36.3668436452417
2002,YR2002,East Asia & Pacific,EAS,43.2413611738715
2002,YR2002,East Asia & Pacific (excluding high income),EAP,37.0126140894844
2002,YR2002,East Asia & Pacific (IDA & IBRD countries),TEA,37.4687730477288
2002,YR2002,Euro area,EMU,100
2002,YR2002,Europe & Central Asia,ECS,95.8576762598983
2002,YR2002,Europe & Central Asia (excluding high income),ECA,83.6572185266392
2002,YR2002,Europe & Central Asia (IDA & IBRD countries),TEC,91.6717143432242
2002,YR2002,European Union,EUU,100
2002,YR2002,Fragile and conflict affected situations,FCS,21.2089337751321
2002,YR2002,Heavily indebted poor countries (HIPC),HPC,6.47580084767984
2002,YR2002,High income,HIC,99.9873786413002
2002,YR2002,IBRD only,IBD,49.3625479965871
2002,YR2002,IDA & IBRD total,IBT,41.2065530814023
2002,YR2002,IDA blend,IDB,18.7101117798062
2002,YR2002,IDA only,IDX,10.0174289812565
2002,YR2002,IDA total,IDA,12.9310688630029
2002,YR2002,Late-demographic dividend,LTE,56.0962236768003
2002,YR2002,Latin America & Caribbean,LCN,81.6763157752326
2002,YR2002,Latin America & Caribbean (excluding high income),LAC,79.9200913194151
2002,YR2002,Latin America & the Caribbean (IDA & IBRD countries),TLA,81.9281882260515
2002,YR2002,Least developed countries: UN classification,LDC,7.06990002960368
2002,YR2002,Low & middle income,LMY,38.0481789088652
2002,YR2002,Low income,LIC,9.04481707966792
2002,YR2002,Lower middle income,LMC,25.4709474393429
2002,YR2002,Middle East & North Africa,MEA,89.7064641893925
2002,YR2002,Middle East & North Africa (excluding high income),MNA,88.2773669146874
2002,YR2002,Middle East & North Africa (IDA & IBRD countries),TMN,88.2773669146874
2002,YR2002,Middle income,MIC,40.6033175701059
2002,YR2002,North America,NAC,100
2002,YR2002,Not classified,INX,..
2002,YR2002,OECD members,OED,97.4677479691059
2002,YR2002,Other small states,OSS,61.9822503536208
2002,YR2002,Pacific island small states,PSS,20.3836025850073
2002,YR2002,Post-demographic dividend,PST,99.0335400662382
2002,YR2002,Pre-demographic dividend,PRE,8.23534707170128
2002,YR2002,Small states,SST,61.6827955130601
2002,YR2002,South Asia,SAS,23.0209337647066
2002,YR2002,South Asia (IDA & IBRD),TSA,23.0209337647066
2002,YR2002,Sub-Saharan Africa,SSF,9.40356376583058
2002,YR2002,Sub-Saharan Africa (excluding high income),SSA,9.39284457239866
2002,YR2002,Sub-Saharan Africa (IDA & IBRD countries),TSS,9.40356376583058
2002,YR2002,Upper middle income,UMC,54.4017096835062
2002,YR2002,World,WLD,50.4344001380142
2003,YR2003,Afghanistan,AFG,9
2003,YR2003,Albania,ALB,45.1
2003,YR2003,Algeria,DZA,97.8
2003,YR2003,American Samoa,ASM,..
2003,YR2003,Andorra,AND,100
2003,YR2003,Angola,AGO,42.1
2003,YR2003,Antigua and Barbuda,ATG,100
2003,YR2003,Argentina,ARG,97
2003,YR2003,Armenia,ARM,87.2
2003,YR2003,Aruba,ABW,..
2003,YR2003,Australia,AUS,100
2003,YR2003,Austria,AUT,100
2003,YR2003,Azerbaijan,AZE,80
2003,YR2003,"Bahamas, The",BHS,100
2003,YR2003,Bahrain,BHR,100
2003,YR2003,Bangladesh,BGD,8.6
2003,YR2003,Barbados,BRB,100
2003,YR2003,Belarus,BLR,95.5
2003,YR2003,Belgium,BEL,100
2003,YR2003,Belize,BLZ,81.8
2003,YR2003,Benin,BEN,1.5
2003,YR2003,Bermuda,BMU,..
2003,YR2003,Bhutan,BTN,38.2
2003,YR2003,Bolivia,BOL,66.4
2003,YR2003,Bosnia and Herzegovina,BIH,51.3
2003,YR2003,Botswana,BWA,49.3
2003,YR2003,Brazil,BRA,90.7
2003,YR2003,British Virgin Islands,VGB,..
2003,YR2003,Brunei Darussalam,BRN,100
2003,YR2003,Bulgaria,BGR,..
2003,YR2003,Burkina Faso,BFA,3.4
2003,YR2003,Burundi,BDI,0.3
2003,YR2003,Cabo Verde,CPV,63.7
2003,YR2003,Cambodia,KHM,5.2
2003,YR2003,Cameroon,CMR,12.8
2003,YR2003,Canada,CAN,100
2003,YR2003,Cayman Islands,CYM,..
2003,YR2003,Central African Republic,CAF,0.5
2003,YR2003,Chad,TCD,2.5
2003,YR2003,Channel Islands,CHI,..
2003,YR2003,Chile,CHL,100
2003,YR2003,China,CHN,44.1
2003,YR2003,Colombia,COL,80.8
2003,YR2003,Comoros,COM,1
2003,YR2003,"Congo, Dem. Rep.",COD,1.5
2003,YR2003,"Congo, Rep.",COG,10
2003,YR2003,Costa Rica,CRI,90
2003,YR2003,Cote d'Ivoire,CIV,16.7
2003,YR2003,Croatia,HRV,100
2003,YR2003,Cuba,CUB,73
2003,YR2003,Curacao,CUW,..
2003,YR2003,Cyprus,CYP,100
2003,YR2003,Czechia,CZE,100
2003,YR2003,Denmark,DNK,100
2003,YR2003,Djibouti,DJI,4.3
2003,YR2003,Dominica,DMA,82.9
2003,YR2003,Dominican Republic,DOM,86.1
2003,YR2003,Ecuador,ECU,91
2003,YR2003,"Egypt, Arab Rep.",EGY,92
2003,YR2003,El Salvador,SLV,64.4
2003,YR2003,Equatorial Guinea,GNQ,20.1
2003,YR2003,Eritrea,ERI,4.8
2003,YR2003,Estonia,EST,100
2003,YR2003,Eswatini,SWZ,28.6
2003,YR2003,Ethiopia,ETH,1
2003,YR2003,Faroe Islands,FRO,..
2003,YR2003,Fiji,FJI,28.3
2003,YR2003,Finland,FIN,100
2003,YR2003,France,FRA,100
2003,YR2003,French Polynesia,PYF,..
2003,YR2003,Gabon,GAB,69.4
2003,YR2003,"Gambia, The",GMB,3.5
2003,YR2003,Georgia,GEO,50.3
2003,YR2003,Germany,DEU,100
2003,YR2003,Ghana,GHA,8.2
2003,YR2003,Gibraltar,GIB,..
2003,YR2003,Greece,GRC,100
2003,YR2003,Greenland,GRL,..
2003,YR2003,Grenada,GRD,93.1
2003,YR2003,Guam,GUM,..
2003,YR2003,Guatemala,GTM,38.3
2003,YR2003,Guinea,GIN,0.8
2003,YR2003,Guinea-Bissau,GNB,1.2
2003,YR2003,Guyana,GUY,100
2003,YR2003,Haiti,HTI,3
2003,YR2003,Honduras,HND,34.8
2003,YR2003,"Hong Kong SAR, China",HKG,..
2003,YR2003,Hungary,HUN,100
2003,YR2003,Iceland,ISL,100
2003,YR2003,India,IND,26
2003,YR2003,Indonesia,IDN,10.4
2003,YR2003,"Iran, Islamic Rep.",IRN,93.7
2003,YR2003,Iraq,IRQ,78.6
2003,YR2003,Ireland,IRL,100
2003,YR2003,Isle of Man,IMN,..
2003,YR2003,Israel,ISR,100
2003,YR2003,Italy,ITA,100
2003,YR2003,Jamaica,JAM,80.9
2003,YR2003,Japan,JPN,100
2003,YR2003,Jordan,JOR,99.7
2003,YR2003,Kazakhstan,KAZ,86.9
2003,YR2003,Kenya,KEN,3
2003,YR2003,Kiribati,KIR,1.1
2003,YR2003,"Korea, Dem. People's Rep.",PRK,2.1
2003,YR2003,"Korea, Rep.",KOR,100
2003,YR2003,Kosovo,XKX,..
2003,YR2003,Kuwait,KWT,100
2003,YR2003,Kyrgyz Republic,KGZ,57.9
2003,YR2003,Lao PDR,LAO,1.6
2003,YR2003,Latvia,LVA,100
2003,YR2003,Lebanon,LBN,..
2003,YR2003,Lesotho,LSO,20.85
2003,YR2003,Liberia,LBR,0.5
2003,YR2003,Libya,LBY,..
2003,YR2003,Liechtenstein,LIE,..
2003,YR2003,Lithuania,LTU,100
2003,YR2003,Luxembourg,LUX,100
2003,YR2003,"Macao SAR, China",MAC,..
2003,YR2003,Madagascar,MDG,1.2
2003,YR2003,Malawi,MWI,2.1
2003,YR2003,Malaysia,MYS,98.1
2003,YR2003,Maldives,MDV,51.3
2003,YR2003,Mali,MLI,0.8
2003,YR2003,Malta,MLT,100
2003,YR2003,Marshall Islands,MHL,16.8
2003,YR2003,Mauritania,MRT,34.5
2003,YR2003,Mauritius,MUS,95
2003,YR2003,Mexico,MEX,84.3
2003,YR2003,"Micronesia, Fed. Sts.",FSM,10.8
2003,YR2003,Moldova,MDA,74.5
2003,YR2003,Monaco,MCO,100
2003,YR2003,Mongolia,MNG,24.4
2003,YR2003,Montenegro,MNE,66.8
2003,YR2003,Morocco,MAR,92.5
2003,YR2003,Mozambique,MOZ,2.3
2003,YR2003,Myanmar,MMR,2.9
2003,YR2003,Namibia,NAM,35.8
2003,YR2003,Nauru,NRU,100
2003,YR2003,Nepal,NPL,9.8
2003,YR2003,Netherlands,NLD,100
2003,YR2003,New Caledonia,NCL,..
2003,YR2003,New Zealand,NZL,100
2003,YR2003,Nicaragua,NIC,36.9
2003,YR2003,Niger,NER,0.9
2003,YR2003,Nigeria,NGA,0.9
2003,YR2003,North Macedonia,MKD,59.2
2003,YR2003,Northern Mariana Islands,MNP,..
2003,YR2003,Norway,NOR,100
2003,YR2003,Oman,OMN,100
2003,YR2003,Pakistan,PAK,27.1
2003,YR2003,Palau,PLW,52.4
2003,YR2003,Panama,PAN,100
2003,YR2003,Papua New Guinea,PNG,5.65
2003,YR2003,Paraguay,PRY,48.9
2003,YR2003,Peru,PER,51.2
2003,YR2003,Philippines,PHL,40
2003,YR2003,Poland,POL,100
2003,YR2003,Portugal,PRT,100
2003,YR2003,Puerto Rico,PRI,..
2003,YR2003,Qatar,QAT,100
2003,YR2003,Romania,ROU,100
2003,YR2003,Russian Federation,RUS,99.9
2003,YR2003,Rwanda,RWA,0.1
2003,YR2003,Samoa,WSM,20.2
2003,YR2003,San Marino,SMR,100
2003,YR2003,Sao Tome and Principe,STP,0.4
2003,YR2003,Saudi Arabia,SAU,100
2003,YR2003,Senegal,SEN,38
2003,YR2003,Serbia,SRB,60.6
2003,YR2003,Seychelles,SYC,100
2003,YR2003,Sierra Leone,SLE,0.2
2003,YR2003,Singapore,SGP,100
2003,YR2003,Sint Maarten (Dutch part),SXM,..
2003,YR2003,Slovak Republic,SVK,100
2003,YR2003,Slovenia,SVN,100
2003,YR2003,Solomon Islands,SLB,8.4
2003,YR2003,Somalia,SOM,0.5
2003,YR2003,South Africa,ZAF,62.3
2003,YR2003,South Sudan,SSD,0.2
2003,YR2003,Spain,ESP,100
2003,YR2003,Sri Lanka,LKA,18.2
2003,YR2003,St. Kitts and Nevis,KNA,100
2003,YR2003,St. Lucia,LCA,89.8
2003,YR2003,St. Martin (French part),MAF,..
2003,YR2003,St. Vincent and the Grenadines,VCT,95.9
2003,YR2003,Sudan,SDN,12.6
2003,YR2003,Suriname,SUR,79.5
2003,YR2003,Sweden,SWE,100
2003,YR2003,Switzerland,CHE,100
2003,YR2003,Syrian Arab Republic,SYR,98.8
2003,YR2003,Tajikistan,TJK,48
2003,YR2003,Tanzania,TZA,0.7
2003,YR2003,Thailand,THA,64.9
2003,YR2003,Timor-Leste,TLS,1.5
2003,YR2003,Togo,TGO,0.7
2003,YR2003,Tonga,TON,41.6
2003,YR2003,Trinidad and Tobago,TTO,100
2003,YR2003,Tunisia,TUN,95.6
2003,YR2003,Turkiye,TUR,91.7
2003,YR2003,Turkmenistan,TKM,99.6
2003,YR2003,Turks and Caicos Islands,TCA,..
2003,YR2003,Tuvalu,TUV,13
2003,YR2003,Uganda,UGA,0.8
2003,YR2003,Ukraine,UKR,92.4
2003,YR2003,United Arab Emirates,ARE,100
2003,YR2003,United Kingdom,GBR,100
2003,YR2003,United States,USA,100
2003,YR2003,Uruguay,URY,100
2003,YR2003,Uzbekistan,UZB,84.5
2003,YR2003,Vanuatu,VUT,15.1
2003,YR2003,"Venezuela, RB",VEN,96.9
2003,YR2003,Viet Nam,VNM,22.6
2003,YR2003,Virgin Islands (U.S.),VIR,..
2003,YR2003,West Bank and Gaza,PSE,..
2003,YR2003,"Yemen, Rep.",YEM,56.8
2003,YR2003,Zambia,ZMB,15
2003,YR2003,Zimbabwe,ZWE,33
2003,YR2003,Africa Eastern and Southern,AFE,12.5517228252798
2003,YR2003,Africa Western and Central,AFW,5.46698141640687
2003,YR2003,Arab World,ARB,78.9451926087226
2003,YR2003,Caribbean small states,CSS,92.9282729856366
2003,YR2003,Central Europe and the Baltics,CEB,100
2003,YR2003,Early-demographic dividend,EAR,37.2428276492034
2003,YR2003,East Asia & Pacific,EAS,44.3045518712108
2003,YR2003,East Asia & Pacific (excluding high income),EAP,38.2211453632047
2003,YR2003,East Asia & Pacific (IDA & IBRD countries),TEA,38.687879501256
2003,YR2003,Euro area,EMU,100
2003,YR2003,Europe & Central Asia,ECS,96.068508324049
2003,YR2003,Europe & Central Asia (excluding high income),ECA,84.5207817057138
2003,YR2003,Europe & Central Asia (IDA & IBRD countries),TEC,92.0771406914016
2003,YR2003,European Union,EUU,100
2003,YR2003,Fragile and conflict affected situations,FCS,21.406770868634
2003,YR2003,Heavily indebted poor countries (HIPC),HPC,6.80833577164392
2003,YR2003,High income,HIC,99.9874897700986
2003,YR2003,IBRD only,IBD,50.3398731049314
2003,YR2003,IDA & IBRD total,IBT,41.9726198069709
2003,YR2003,IDA blend,IDB,19.2611619994253
2003,YR2003,IDA only,IDX,10.3745463267499
2003,YR2003,IDA total,IDA,13.3502182614415
2003,YR2003,Late-demographic dividend,LTE,57.1296027644251
2003,YR2003,Latin America & Caribbean,LCN,82.3375814083439
2003,YR2003,Latin America & Caribbean (excluding high income),LAC,80.6552327241277
2003,YR2003,Latin America & the Caribbean (IDA & IBRD countries),TLA,82.5246231200994
2003,YR2003,Least developed countries: UN classification,LDC,7.3994221712047
2003,YR2003,Low & middle income,LMY,38.9053914126109
2003,YR2003,Low income,LIC,9.31584248759598
2003,YR2003,Lower middle income,LMC,26.3385210719951
2003,YR2003,Middle East & North Africa,MEA,91.0553652423237
2003,YR2003,Middle East & North Africa (excluding high income),MNA,89.8047876988898
2003,YR2003,Middle East & North Africa (IDA & IBRD countries),TMN,89.8047876988898
2003,YR2003,Middle income,MIC,41.5564979732153
2003,YR2003,North America,NAC,100
2003,YR2003,Not classified,INX,..
2003,YR2003,OECD members,OED,97.5612888239427
2003,YR2003,Other small states,OSS,62.6159685430583
2003,YR2003,Pacific island small states,PSS,20.6935318495113
2003,YR2003,Post-demographic dividend,PST,99.1051683875188
2003,YR2003,Pre-demographic dividend,PRE,8.69905916340134
2003,YR2003,Small states,SST,62.198876258454
2003,YR2003,South Asia,SAS,23.8998171529039
2003,YR2003,South Asia (IDA & IBRD),TSA,23.8998171529039
2003,YR2003,Sub-Saharan Africa,SSF,9.69575885996053
2003,YR2003,Sub-Saharan Africa (excluding high income),SSA,9.68547201792791
2003,YR2003,Sub-Saharan Africa (IDA & IBRD countries),TSS,9.69575885996053
2003,YR2003,Upper middle income,UMC,55.571696423334
2003,YR2003,World,WLD,51.0259854262653
2004,YR2004,Afghanistan,AFG,10.5
2004,YR2004,Albania,ALB,47.8
2004,YR2004,Algeria,DZA,98.1
2004,YR2004,American Samoa,ASM,..
2004,YR2004,Andorra,AND,100
2004,YR2004,Angola,AGO,41.8
2004,YR2004,Antigua and Barbuda,ATG,100
2004,YR2004,Argentina,ARG,97.5
2004,YR2004,Armenia,ARM,89.7
2004,YR2004,Aruba,ABW,..
2004,YR2004,Australia,AUS,100
2004,YR2004,Austria,AUT,100
2004,YR2004,Azerbaijan,AZE,82.9
2004,YR2004,"Bahamas, The",BHS,100
2004,YR2004,Bahrain,BHR,100
2004,YR2004,Bangladesh,BGD,9
2004,YR2004,Barbados,BRB,100
2004,YR2004,Belarus,BLR,96.2
2004,YR2004,Belgium,BEL,100
2004,YR2004,Belize,BLZ,82.3
2004,YR2004,Benin,BEN,1.9
2004,YR2004,Bermuda,BMU,..
2004,YR2004,Bhutan,BTN,42.6
2004,YR2004,Bolivia,BOL,67.4
2004,YR2004,Bosnia and Herzegovina,BIH,50.2
2004,YR2004,Botswana,BWA,51
2004,YR2004,Brazil,BRA,91.3
2004,YR2004,British Virgin Islands,VGB,..
2004,YR2004,Brunei Darussalam,BRN,100
2004,YR2004,Bulgaria,BGR,..
2004,YR2004,Burkina Faso,BFA,3.6
2004,YR2004,Burundi,BDI,0.3
2004,YR2004,Cabo Verde,CPV,64.3
2004,YR2004,Cambodia,KHM,6.1
2004,YR2004,Cameroon,CMR,13.8
2004,YR2004,Canada,CAN,100
2004,YR2004,Cayman Islands,CYM,..
2004,YR2004,Central African Republic,CAF,0.5
2004,YR2004,Chad,TCD,2.3
2004,YR2004,Channel Islands,CHI,..
2004,YR2004,Chile,CHL,100
2004,YR2004,China,CHN,45.45
2004,YR2004,Colombia,COL,81.1
2004,YR2004,Comoros,COM,1.2
2004,YR2004,"Congo, Dem. Rep.",COD,1.8
2004,YR2004,"Congo, Rep.",COG,10.6
2004,YR2004,Costa Rica,CRI,90.4
2004,YR2004,Cote d'Ivoire,CIV,16.5
2004,YR2004,Croatia,HRV,100
2004,YR2004,Cuba,CUB,75.95
2004,YR2004,Curacao,CUW,..
2004,YR2004,Cyprus,CYP,100
2004,YR2004,Czechia,CZE,100
2004,YR2004,Denmark,DNK,100
2004,YR2004,Djibouti,DJI,4.5
2004,YR2004,Dominica,DMA,83.9
2004,YR2004,Dominican Republic,DOM,86.3
2004,YR2004,Ecuador,ECU,91.8
2004,YR2004,"Egypt, Arab Rep.",EGY,94.2
2004,YR2004,El Salvador,SLV,66.15
2004,YR2004,Equatorial Guinea,GNQ,20.3
2004,YR2004,Eritrea,ERI,5.4
2004,YR2004,Estonia,EST,100
2004,YR2004,Eswatini,SWZ,29.6
2004,YR2004,Ethiopia,ETH,1.1
2004,YR2004,Faroe Islands,FRO,..
2004,YR2004,Fiji,FJI,28.45
2004,YR2004,Finland,FIN,100
2004,YR2004,France,FRA,100
2004,YR2004,French Polynesia,PYF,..
2004,YR2004,Gabon,GAB,71
2004,YR2004,"Gambia, The",GMB,3.5
2004,YR2004,Georgia,GEO,52.1
2004,YR2004,Germany,DEU,100
2004,YR2004,Ghana,GHA,8.9
2004,YR2004,Gibraltar,GIB,..
2004,YR2004,Greece,GRC,100
2004,YR2004,Greenland,GRL,..
2004,YR2004,Grenada,GRD,93.2
2004,YR2004,Guam,GUM,..
2004,YR2004,Guatemala,GTM,37.6
2004,YR2004,Guinea,GIN,0.8
2004,YR2004,Guinea-Bissau,GNB,1.2
2004,YR2004,Guyana,GUY,100
2004,YR2004,Haiti,HTI,3.1
2004,YR2004,Honduras,HND,36.2
2004,YR2004,"Hong Kong SAR, China",HKG,..
2004,YR2004,Hungary,HUN,100
2004,YR2004,Iceland,ISL,100
2004,YR2004,India,IND,27.3
2004,YR2004,Indonesia,IDN,12.5
2004,YR2004,"Iran, Islamic Rep.",IRN,94.3
2004,YR2004,Iraq,IRQ,82.5
2004,YR2004,Ireland,IRL,100
2004,YR2004,Isle of Man,IMN,..
2004,YR2004,Israel,ISR,100
2004,YR2004,Italy,ITA,100
2004,YR2004,Jamaica,JAM,82.4
2004,YR2004,Japan,JPN,100
2004,YR2004,Jordan,JOR,99.8
2004,YR2004,Kazakhstan,KAZ,87.9
2004,YR2004,Kenya,KEN,3.5
2004,YR2004,Kiribati,KIR,1.3
2004,YR2004,"Korea, Dem. People's Rep.",PRK,2.4
2004,YR2004,"Korea, Rep.",KOR,100
2004,YR2004,Kosovo,XKX,..
2004,YR2004,Kuwait,KWT,100
2004,YR2004,Kyrgyz Republic,KGZ,60.4
2004,YR2004,Lao PDR,LAO,1.8
2004,YR2004,Latvia,LVA,100
2004,YR2004,Lebanon,LBN,..
2004,YR2004,Lesotho,LSO,22.4
2004,YR2004,Liberia,LBR,0.5
2004,YR2004,Libya,LBY,..
2004,YR2004,Liechtenstein,LIE,..
2004,YR2004,Lithuania,LTU,100
2004,YR2004,Luxembourg,LUX,100
2004,YR2004,"Macao SAR, China",MAC,..
2004,YR2004,Madagascar,MDG,1.1
2004,YR2004,Malawi,MWI,2.1
2004,YR2004,Malaysia,MYS,98.1
2004,YR2004,Maldives,MDV,61.8
2004,YR2004,Mali,MLI,0.8
2004,YR2004,Malta,MLT,100
2004,YR2004,Marshall Islands,MHL,21.7
2004,YR2004,Mauritania,MRT,36
2004,YR2004,Mauritius,MUS,95.7
2004,YR2004,Mexico,MEX,84.8
2004,YR2004,"Micronesia, Fed. Sts.",FSM,10.8
2004,YR2004,Moldova,MDA,78.2
2004,YR2004,Monaco,MCO,100
2004,YR2004,Mongolia,MNG,25
2004,YR2004,Montenegro,MNE,66.3
2004,YR2004,Morocco,MAR,93.2
2004,YR2004,Mozambique,MOZ,2.4
2004,YR2004,Myanmar,MMR,3.4
2004,YR2004,Namibia,NAM,36.5
2004,YR2004,Nauru,NRU,100
2004,YR2004,Nepal,NPL,11.4
2004,YR2004,Netherlands,NLD,100
2004,YR2004,New Caledonia,NCL,..
2004,YR2004,New Zealand,NZL,100
2004,YR2004,Nicaragua,NIC,38.1
2004,YR2004,Niger,NER,0.9
2004,YR2004,Nigeria,NGA,1
2004,YR2004,North Macedonia,MKD,60.1
2004,YR2004,Northern Mariana Islands,MNP,..
2004,YR2004,Norway,NOR,100
2004,YR2004,Oman,OMN,100
2004,YR2004,Pakistan,PAK,27.9
2004,YR2004,Palau,PLW,51.6
2004,YR2004,Panama,PAN,100
2004,YR2004,Papua New Guinea,PNG,5.9
2004,YR2004,Paraguay,PRY,49
2004,YR2004,Peru,PER,53.8
2004,YR2004,Philippines,PHL,40.2
2004,YR2004,Poland,POL,100
2004,YR2004,Portugal,PRT,100
2004,YR2004,Puerto Rico,PRI,..
2004,YR2004,Qatar,QAT,100
2004,YR2004,Romania,ROU,100
2004,YR2004,Russian Federation,RUS,99.9
2004,YR2004,Rwanda,RWA,0.1
2004,YR2004,Samoa,WSM,21.1
2004,YR2004,San Marino,SMR,100
2004,YR2004,Sao Tome and Principe,STP,0.5
2004,YR2004,Saudi Arabia,SAU,100
2004,YR2004,Senegal,SEN,38.4
2004,YR2004,Serbia,SRB,61.6
2004,YR2004,Seychelles,SYC,100
2004,YR2004,Sierra Leone,SLE,0.2
2004,YR2004,Singapore,SGP,100
2004,YR2004,Sint Maarten (Dutch part),SXM,..
2004,YR2004,Slovak Republic,SVK,100
2004,YR2004,Slovenia,SVN,100
2004,YR2004,Solomon Islands,SLB,8.5
2004,YR2004,Somalia,SOM,0.5
2004,YR2004,South Africa,ZAF,64.5
2004,YR2004,South Sudan,SSD,0.2
2004,YR2004,Spain,ESP,100
2004,YR2004,Sri Lanka,LKA,18.6
2004,YR2004,St. Kitts and Nevis,KNA,100
2004,YR2004,St. Lucia,LCA,91.1
2004,YR2004,St. Martin (French part),MAF,..
2004,YR2004,St. Vincent and the Grenadines,VCT,95.8
2004,YR2004,Sudan,SDN,15
2004,YR2004,Suriname,SUR,81.1
2004,YR2004,Sweden,SWE,100
2004,YR2004,Switzerland,CHE,100
2004,YR2004,Syrian Arab Republic,SYR,98.9
2004,YR2004,Tajikistan,TJK,52
2004,YR2004,Tanzania,TZA,0.8
2004,YR2004,Thailand,THA,65.9
2004,YR2004,Timor-Leste,TLS,1.7
2004,YR2004,Togo,TGO,0.9
2004,YR2004,Tonga,TON,44.6
2004,YR2004,Trinidad and Tobago,TTO,100
2004,YR2004,Tunisia,TUN,96.6
2004,YR2004,Turkiye,TUR,92.3
2004,YR2004,Turkmenistan,TKM,99.7
2004,YR2004,Turks and Caicos Islands,TCA,..
2004,YR2004,Tuvalu,TUV,15.8
2004,YR2004,Uganda,UGA,0.8
2004,YR2004,Ukraine,UKR,92.8
2004,YR2004,United Arab Emirates,ARE,100
2004,YR2004,United Kingdom,GBR,100
2004,YR2004,United States,USA,100
2004,YR2004,Uruguay,URY,100
2004,YR2004,Uzbekistan,UZB,84.7
2004,YR2004,Vanuatu,VUT,14.9
2004,YR2004,"Venezuela, RB",VEN,96.9
2004,YR2004,Viet Nam,VNM,25.9
2004,YR2004,Virgin Islands (U.S.),VIR,..
2004,YR2004,West Bank and Gaza,PSE,..
2004,YR2004,"Yemen, Rep.",YEM,57.8
2004,YR2004,Zambia,ZMB,15.3
2004,YR2004,Zimbabwe,ZWE,32.4
2004,YR2004,Africa Eastern and Southern,AFE,12.9248512564146
2004,YR2004,Africa Western and Central,AFW,5.65858359328117
2004,YR2004,Arab World,ARB,80.2648942882956
2004,YR2004,Caribbean small states,CSS,93.327702751121
2004,YR2004,Central Europe and the Baltics,CEB,100
2004,YR2004,Early-demographic dividend,EAR,38.3103808234565
2004,YR2004,East Asia & Pacific,EAS,45.5175027599726
2004,YR2004,East Asia & Pacific (excluding high income),EAP,39.598734529795
2004,YR2004,East Asia & Pacific (IDA & IBRD countries),TEA,40.0787743779744
2004,YR2004,Euro area,EMU,100
2004,YR2004,Europe & Central Asia,ECS,96.2817696384225
2004,YR2004,Europe & Central Asia (excluding high income),ECA,85.3922613441633
2004,YR2004,Europe & Central Asia (IDA & IBRD countries),TEC,92.4904972622529
2004,YR2004,European Union,EUU,100
2004,YR2004,Fragile and conflict affected situations,FCS,21.6968723744555
2004,YR2004,Heavily indebted poor countries (HIPC),HPC,7.17057282288176
2004,YR2004,High income,HIC,99.9875865283236
2004,YR2004,IBRD only,IBD,51.4835127604738
2004,YR2004,IDA & IBRD total,IBT,42.8695876992689
2004,YR2004,IDA blend,IDB,19.6228462528909
2004,YR2004,IDA only,IDX,10.8399154608706
2004,YR2004,IDA total,IDA,13.7805951152107
2004,YR2004,Late-demographic dividend,LTE,58.2488741066842
2004,YR2004,Latin America & Caribbean,LCN,82.9595898717286
2004,YR2004,Latin America & Caribbean (excluding high income),LAC,81.3418787282558
2004,YR2004,Latin America & the Caribbean (IDA & IBRD countries),TLA,83.0959886525485
2004,YR2004,Least developed countries: UN classification,LDC,7.81503373345216
2004,YR2004,Low & middle income,LMY,39.8931718463898
2004,YR2004,Low income,LIC,9.67728483283767
2004,YR2004,Lower middle income,LMC,27.3710361290032
2004,YR2004,Middle East & North Africa,MEA,92.1872692211072
2004,YR2004,Middle East & North Africa (excluding high income),MNA,91.0893034997676
2004,YR2004,Middle East & North Africa (IDA & IBRD countries),TMN,91.0893034997676
2004,YR2004,Middle income,MIC,42.642487038832
2004,YR2004,North America,NAC,100
2004,YR2004,Not classified,INX,..
2004,YR2004,OECD members,OED,97.630479319632
2004,YR2004,Other small states,OSS,63.3378397693551
2004,YR2004,Pacific island small states,PSS,21.0661516024118
2004,YR2004,Post-demographic dividend,PST,99.1669693051166
2004,YR2004,Pre-demographic dividend,PRE,9.17072960552911
2004,YR2004,Small states,SST,62.7979910533257
2004,YR2004,South Asia,SAS,25.059571813568
2004,YR2004,South Asia (IDA & IBRD),TSA,25.059571813568
2004,YR2004,Sub-Saharan Africa,SSF,9.99258509917239
2004,YR2004,Sub-Saharan Africa (excluding high income),SSA,9.98264040218495
2004,YR2004,Sub-Saharan Africa (IDA & IBRD countries),TSS,9.99258509917239
2004,YR2004,Upper middle income,UMC,56.8441493960067
2004,YR2004,World,WLD,51.729924266274
2005,YR2005,Afghanistan,AFG,11.9
2005,YR2005,Albania,ALB,51.5
2005,YR2005,Algeria,DZA,98.4
2005,YR2005,American Samoa,ASM,..
2005,YR2005,Andorra,AND,100
2005,YR2005,Angola,AGO,42.7
2005,YR2005,Antigua and Barbuda,ATG,100
2005,YR2005,Argentina,ARG,97.7
2005,YR2005,Armenia,ARM,91.4
2005,YR2005,Aruba,ABW,..
2005,YR2005,Australia,AUS,100
2005,YR2005,Austria,AUT,100
2005,YR2005,Azerbaijan,AZE,85.5
2005,YR2005,"Bahamas, The",BHS,100
2005,YR2005,Bahrain,BHR,100
2005,YR2005,Bangladesh,BGD,9.3
2005,YR2005,Barbados,BRB,100
2005,YR2005,Belarus,BLR,96.9
2005,YR2005,Belgium,BEL,100
2005,YR2005,Belize,BLZ,82.8
2005,YR2005,Benin,BEN,2.3
2005,YR2005,Bermuda,BMU,..
2005,YR2005,Bhutan,BTN,47
2005,YR2005,Bolivia,BOL,68.8
2005,YR2005,Bosnia and Herzegovina,BIH,49.1
2005,YR2005,Botswana,BWA,52.1
2005,YR2005,Brazil,BRA,91.6
2005,YR2005,British Virgin Islands,VGB,..
2005,YR2005,Brunei Darussalam,BRN,100
2005,YR2005,Bulgaria,BGR,..
2005,YR2005,Burkina Faso,BFA,3.9
2005,YR2005,Burundi,BDI,0.3
2005,YR2005,Cabo Verde,CPV,64.6
2005,YR2005,Cambodia,KHM,6.8
2005,YR2005,Cameroon,CMR,14.8
2005,YR2005,Canada,CAN,100
2005,YR2005,Cayman Islands,CYM,..
2005,YR2005,Central African Republic,CAF,0.5
2005,YR2005,Chad,TCD,2.3
2005,YR2005,Channel Islands,CHI,..
2005,YR2005,Chile,CHL,100
2005,YR2005,China,CHN,46.7
2005,YR2005,Colombia,COL,82
2005,YR2005,Comoros,COM,1.5
2005,YR2005,"Congo, Dem. Rep.",COD,2.1
2005,YR2005,"Congo, Rep.",COG,11.3
2005,YR2005,Costa Rica,CRI,90.6
2005,YR2005,Cote d'Ivoire,CIV,16.4
2005,YR2005,Croatia,HRV,100
2005,YR2005,Cuba,CUB,78.9
2005,YR2005,Curacao,CUW,..
2005,YR2005,Cyprus,CYP,100
2005,YR2005,Czechia,CZE,100
2005,YR2005,Denmark,DNK,100
2005,YR2005,Djibouti,DJI,4.7
2005,YR2005,Dominica,DMA,84.5
2005,YR2005,Dominican Republic,DOM,86.55
2005,YR2005,Ecuador,ECU,92.3
2005,YR2005,"Egypt, Arab Rep.",EGY,95.8
2005,YR2005,El Salvador,SLV,67.8
2005,YR2005,Equatorial Guinea,GNQ,20.9
2005,YR2005,Eritrea,ERI,5.8
2005,YR2005,Estonia,EST,100
2005,YR2005,Eswatini,SWZ,31.2
2005,YR2005,Ethiopia,ETH,1.1
2005,YR2005,Faroe Islands,FRO,..
2005,YR2005,Fiji,FJI,28.8
2005,YR2005,Finland,FIN,100
2005,YR2005,France,FRA,100
2005,YR2005,French Polynesia,PYF,..
2005,YR2005,Gabon,GAB,72.9
2005,YR2005,"Gambia, The",GMB,3.4
2005,YR2005,Georgia,GEO,53.7
2005,YR2005,Germany,DEU,100
2005,YR2005,Ghana,GHA,9.8
2005,YR2005,Gibraltar,GIB,..
2005,YR2005,Greece,GRC,100
2005,YR2005,Greenland,GRL,..
2005,YR2005,Grenada,GRD,93.5
2005,YR2005,Guam,GUM,..
2005,YR2005,Guatemala,GTM,37.2
2005,YR2005,Guinea,GIN,0.8
2005,YR2005,Guinea-Bissau,GNB,1.2
2005,YR2005,Guyana,GUY,100
2005,YR2005,Haiti,HTI,3.2
2005,YR2005,Honduras,HND,37.5
2005,YR2005,"Hong Kong SAR, China",HKG,..
2005,YR2005,Hungary,HUN,100
2005,YR2005,Iceland,ISL,100
2005,YR2005,India,IND,28.1
2005,YR2005,Indonesia,IDN,15
2005,YR2005,"Iran, Islamic Rep.",IRN,95.05
2005,YR2005,Iraq,IRQ,86
2005,YR2005,Ireland,IRL,100
2005,YR2005,Isle of Man,IMN,..
2005,YR2005,Israel,ISR,100
2005,YR2005,Italy,ITA,100
2005,YR2005,Jamaica,JAM,83.2
2005,YR2005,Japan,JPN,100
2005,YR2005,Jordan,JOR,99.8
2005,YR2005,Kazakhstan,KAZ,88.8
2005,YR2005,Kenya,KEN,4.1
2005,YR2005,Kiribati,KIR,1.5
2005,YR2005,"Korea, Dem. People's Rep.",PRK,2.8
2005,YR2005,"Korea, Rep.",KOR,100
2005,YR2005,Kosovo,XKX,..
2005,YR2005,Kuwait,KWT,100
2005,YR2005,Kyrgyz Republic,KGZ,62.1
2005,YR2005,Lao PDR,LAO,2
2005,YR2005,Latvia,LVA,100
2005,YR2005,Lebanon,LBN,..
2005,YR2005,Lesotho,LSO,23.9
2005,YR2005,Liberia,LBR,0.4
2005,YR2005,Libya,LBY,..
2005,YR2005,Liechtenstein,LIE,..
2005,YR2005,Lithuania,LTU,100
2005,YR2005,Luxembourg,LUX,100
2005,YR2005,"Macao SAR, China",MAC,..
2005,YR2005,Madagascar,MDG,1.1
2005,YR2005,Malawi,MWI,2.1
2005,YR2005,Malaysia,MYS,98
2005,YR2005,Maldives,MDV,70.9
2005,YR2005,Mali,MLI,0.9
2005,YR2005,Malta,MLT,100
2005,YR2005,Marshall Islands,MHL,27.7
2005,YR2005,Mauritania,MRT,37.1
2005,YR2005,Mauritius,MUS,96
2005,YR2005,Mexico,MEX,85.2
2005,YR2005,"Micronesia, Fed. Sts.",FSM,10.9
2005,YR2005,Moldova,MDA,81.6
2005,YR2005,Monaco,MCO,100
2005,YR2005,Mongolia,MNG,26.1
2005,YR2005,Montenegro,MNE,65.8
2005,YR2005,Morocco,MAR,93.9
2005,YR2005,Mozambique,MOZ,2.4
2005,YR2005,Myanmar,MMR,3.9
2005,YR2005,Namibia,NAM,37.2
2005,YR2005,Nauru,NRU,100
2005,YR2005,Nepal,NPL,13
2005,YR2005,Netherlands,NLD,100
2005,YR2005,New Caledonia,NCL,..
2005,YR2005,New Zealand,NZL,100
2005,YR2005,Nicaragua,NIC,38.8
2005,YR2005,Niger,NER,0.9
2005,YR2005,Nigeria,NGA,1
2005,YR2005,North Macedonia,MKD,62.3
2005,YR2005,Northern Mariana Islands,MNP,..
2005,YR2005,Norway,NOR,100
2005,YR2005,Oman,OMN,100
2005,YR2005,Pakistan,PAK,29.2
2005,YR2005,Palau,PLW,51.6
2005,YR2005,Panama,PAN,100
2005,YR2005,Papua New Guinea,PNG,6.1
2005,YR2005,Paraguay,PRY,49.3
2005,YR2005,Peru,PER,55.9
2005,YR2005,Philippines,PHL,40.4
2005,YR2005,Poland,POL,100
2005,YR2005,Portugal,PRT,100
2005,YR2005,Puerto Rico,PRI,..
2005,YR2005,Qatar,QAT,100
2005,YR2005,Romania,ROU,100
2005,YR2005,Russian Federation,RUS,99.8
2005,YR2005,Rwanda,RWA,0.1
2005,YR2005,Samoa,WSM,21.9
2005,YR2005,San Marino,SMR,100
2005,YR2005,Sao Tome and Principe,STP,0.6
2005,YR2005,Saudi Arabia,SAU,100
2005,YR2005,Senegal,SEN,38.5
2005,YR2005,Serbia,SRB,62.9
2005,YR2005,Seychelles,SYC,100
2005,YR2005,Sierra Leone,SLE,0.2
2005,YR2005,Singapore,SGP,100
2005,YR2005,Sint Maarten (Dutch part),SXM,..
2005,YR2005,Slovak Republic,SVK,100
2005,YR2005,Slovenia,SVN,100
2005,YR2005,Solomon Islands,SLB,8.4
2005,YR2005,Somalia,SOM,0.55
2005,YR2005,South Africa,ZAF,66.7
2005,YR2005,South Sudan,SSD,0.1
2005,YR2005,Spain,ESP,100
2005,YR2005,Sri Lanka,LKA,19.2
2005,YR2005,St. Kitts and Nevis,KNA,100
2005,YR2005,St. Lucia,LCA,92.2
2005,YR2005,St. Martin (French part),MAF,..
2005,YR2005,St. Vincent and the Grenadines,VCT,96
2005,YR2005,Sudan,SDN,17.7
2005,YR2005,Suriname,SUR,82.1
2005,YR2005,Sweden,SWE,100
2005,YR2005,Switzerland,CHE,100
2005,YR2005,Syrian Arab Republic,SYR,98.9
2005,YR2005,Tajikistan,TJK,55.6
2005,YR2005,Tanzania,TZA,0.8
2005,YR2005,Thailand,THA,67.1
2005,YR2005,Timor-Leste,TLS,2
2005,YR2005,Togo,TGO,1.1
2005,YR2005,Tonga,TON,47.2
2005,YR2005,Trinidad and Tobago,TTO,100
2005,YR2005,Tunisia,TUN,97.4
2005,YR2005,Turkiye,TUR,92.8
2005,YR2005,Turkmenistan,TKM,99.7
2005,YR2005,Turks and Caicos Islands,TCA,..
2005,YR2005,Tuvalu,TUV,18.85
2005,YR2005,Uganda,UGA,0.8
2005,YR2005,Ukraine,UKR,93.3
2005,YR2005,United Arab Emirates,ARE,100
2005,YR2005,United Kingdom,GBR,100
2005,YR2005,United States,USA,100
2005,YR2005,Uruguay,URY,100
2005,YR2005,Uzbekistan,UZB,85
2005,YR2005,Vanuatu,VUT,14.7
2005,YR2005,"Venezuela, RB",VEN,96.9
2005,YR2005,Viet Nam,VNM,29.35
2005,YR2005,Virgin Islands (U.S.),VIR,..
2005,YR2005,West Bank and Gaza,PSE,..
2005,YR2005,"Yemen, Rep.",YEM,57.9
2005,YR2005,Zambia,ZMB,15.8
2005,YR2005,Zimbabwe,ZWE,31.9
2005,YR2005,Africa Eastern and Southern,AFE,13.3477014961596
2005,YR2005,Africa Western and Central,AFW,5.827094987923
2005,YR2005,Arab World,ARB,81.3609988267338
2005,YR2005,Caribbean small states,CSS,93.6216799635484
2005,YR2005,Central Europe and the Baltics,CEB,100
2005,YR2005,Early-demographic dividend,EAR,39.1951554034087
2005,YR2005,East Asia & Pacific,EAS,46.7234349084922
2005,YR2005,East Asia & Pacific (excluding high income),EAP,40.96782647566
2005,YR2005,East Asia & Pacific (IDA & IBRD countries),TEA,41.4594712777591
2005,YR2005,Euro area,EMU,100
2005,YR2005,Europe & Central Asia,ECS,96.4724158189696
2005,YR2005,Europe & Central Asia (excluding high income),ECA,86.2384082405254
2005,YR2005,Europe & Central Asia (IDA & IBRD countries),TEC,92.8607438824719
2005,YR2005,European Union,EUU,100
2005,YR2005,Fragile and conflict affected situations,FCS,21.9418096101223
2005,YR2005,Heavily indebted poor countries (HIPC),HPC,7.53826103954671
2005,YR2005,High income,HIC,99.9761721951437
2005,YR2005,IBRD only,IBD,52.4657504219385
2005,YR2005,IDA & IBRD total,IBT,43.6456901056213
2005,YR2005,IDA blend,IDB,20.1759985628566
2005,YR2005,IDA only,IDX,11.2540512719269
2005,YR2005,IDA total,IDA,14.2407373183116
2005,YR2005,Late-demographic dividend,LTE,59.3015743096806
2005,YR2005,Latin America & Caribbean,LCN,83.4551908917543
2005,YR2005,Latin America & Caribbean (excluding high income),LAC,81.8888571926118
2005,YR2005,Latin America & the Caribbean (IDA & IBRD countries),TLA,83.5392735718388
2005,YR2005,Least developed countries: UN classification,LDC,8.20709073842017
2005,YR2005,Low & middle income,LMY,40.7552047761091
2005,YR2005,Low income,LIC,10.0052316703815
2005,YR2005,Lower middle income,LMC,28.1724436149017
2005,YR2005,Middle East & North Africa,MEA,93.1162180986618
2005,YR2005,Middle East & North Africa (excluding high income),MNA,92.1346366571135
2005,YR2005,Middle East & North Africa (IDA & IBRD countries),TMN,92.1346366571135
2005,YR2005,Middle income,MIC,43.5976287878336
2005,YR2005,North America,NAC,100
2005,YR2005,Not classified,INX,..
2005,YR2005,OECD members,OED,97.7070321137769
2005,YR2005,Other small states,OSS,64.06765390252
2005,YR2005,Pacific island small states,PSS,21.4792649767443
2005,YR2005,Post-demographic dividend,PST,99.2329129435966
2005,YR2005,Pre-demographic dividend,PRE,9.6567122584682
2005,YR2005,Small states,SST,63.3899985938043
2005,YR2005,South Asia,SAS,25.8945801158055
2005,YR2005,South Asia (IDA & IBRD),TSA,25.8945801158055
2005,YR2005,Sub-Saharan Africa,SSF,10.3097152669694
2005,YR2005,Sub-Saharan Africa (excluding high income),SSA,10.3000248272318
2005,YR2005,Sub-Saharan Africa (IDA & IBRD countries),TSS,10.3097152669694
2005,YR2005,Upper middle income,UMC,58.0757411088067
2005,YR2005,World,WLD,52.3387514082523
2006,YR2006,Afghanistan,AFG,13.5
2006,YR2006,Albania,ALB,54.7
2006,YR2006,Algeria,DZA,98.6
2006,YR2006,American Samoa,ASM,..
2006,YR2006,Andorra,AND,100
2006,YR2006,Angola,AGO,43.1
2006,YR2006,Antigua and Barbuda,ATG,100
2006,YR2006,Argentina,ARG,98.1
2006,YR2006,Armenia,ARM,92.8
2006,YR2006,Aruba,ABW,..
2006,YR2006,Australia,AUS,100
2006,YR2006,Austria,AUT,100
2006,YR2006,Azerbaijan,AZE,87.8
2006,YR2006,"Bahamas, The",BHS,100
2006,YR2006,Bahrain,BHR,100
2006,YR2006,Bangladesh,BGD,9.6
2006,YR2006,Barbados,BRB,100
2006,YR2006,Belarus,BLR,97.4
2006,YR2006,Belgium,BEL,100
2006,YR2006,Belize,BLZ,83
2006,YR2006,Benin,BEN,2.8
2006,YR2006,Bermuda,BMU,..
2006,YR2006,Bhutan,BTN,51
2006,YR2006,Bolivia,BOL,70.1
2006,YR2006,Bosnia and Herzegovina,BIH,47.9
2006,YR2006,Botswana,BWA,53.4
2006,YR2006,Brazil,BRA,92.1
2006,YR2006,British Virgin Islands,VGB,..
2006,YR2006,Brunei Darussalam,BRN,100
2006,YR2006,Bulgaria,BGR,..
2006,YR2006,Burkina Faso,BFA,4.3
2006,YR2006,Burundi,BDI,0.3
2006,YR2006,Cabo Verde,CPV,65.6
2006,YR2006,Cambodia,KHM,7.5
2006,YR2006,Cameroon,CMR,15.7
2006,YR2006,Canada,CAN,100
2006,YR2006,Cayman Islands,CYM,..
2006,YR2006,Central African Republic,CAF,0.5
2006,YR2006,Chad,TCD,2.2
2006,YR2006,Channel Islands,CHI,..
2006,YR2006,Chile,CHL,100
2006,YR2006,China,CHN,48.5
2006,YR2006,Colombia,COL,82.8
2006,YR2006,Comoros,COM,1.8
2006,YR2006,"Congo, Dem. Rep.",COD,2.3
2006,YR2006,"Congo, Rep.",COG,12.25
2006,YR2006,Costa Rica,CRI,91
2006,YR2006,Cote d'Ivoire,CIV,16.4
2006,YR2006,Croatia,HRV,100
2006,YR2006,Cuba,CUB,81.15
2006,YR2006,Curacao,CUW,..
2006,YR2006,Cyprus,CYP,100
2006,YR2006,Czechia,CZE,100
2006,YR2006,Denmark,DNK,100
2006,YR2006,Djibouti,DJI,5
2006,YR2006,Dominica,DMA,85.6
2006,YR2006,Dominican Republic,DOM,86.7
2006,YR2006,Ecuador,ECU,92.7
2006,YR2006,"Egypt, Arab Rep.",EGY,97
2006,YR2006,El Salvador,SLV,69.5
2006,YR2006,Equatorial Guinea,GNQ,21.2
2006,YR2006,Eritrea,ERI,6.3
2006,YR2006,Estonia,EST,100
2006,YR2006,Eswatini,SWZ,32.6
2006,YR2006,Ethiopia,ETH,1.3
2006,YR2006,Faroe Islands,FRO,..
2006,YR2006,Fiji,FJI,29.1
2006,YR2006,Finland,FIN,100
2006,YR2006,France,FRA,100
2006,YR2006,French Polynesia,PYF,..
2006,YR2006,Gabon,GAB,74.4
2006,YR2006,"Gambia, The",GMB,3.2
2006,YR2006,Georgia,GEO,55.7
2006,YR2006,Germany,DEU,100
2006,YR2006,Ghana,GHA,10.7
2006,YR2006,Gibraltar,GIB,..
2006,YR2006,Greece,GRC,100
2006,YR2006,Greenland,GRL,..
2006,YR2006,Grenada,GRD,93.4
2006,YR2006,Guam,GUM,..
2006,YR2006,Guatemala,GTM,36.8
2006,YR2006,Guinea,GIN,0.8
2006,YR2006,Guinea-Bissau,GNB,1.2
2006,YR2006,Guyana,GUY,100
2006,YR2006,Haiti,HTI,3.2
2006,YR2006,Honduras,HND,38.9
2006,YR2006,"Hong Kong SAR, China",HKG,..
2006,YR2006,Hungary,HUN,100
2006,YR2006,Iceland,ISL,100
2006,YR2006,India,IND,29.3
2006,YR2006,Indonesia,IDN,18.5
2006,YR2006,"Iran, Islamic Rep.",IRN,95.7
2006,YR2006,Iraq,IRQ,88.5
2006,YR2006,Ireland,IRL,100
2006,YR2006,Isle of Man,IMN,..
2006,YR2006,Israel,ISR,100
2006,YR2006,Italy,ITA,100
2006,YR2006,Jamaica,JAM,84.5
2006,YR2006,Japan,JPN,100
2006,YR2006,Jordan,JOR,99.9
2006,YR2006,Kazakhstan,KAZ,89.3
2006,YR2006,Kenya,KEN,4.7
2006,YR2006,Kiribati,KIR,1.7
2006,YR2006,"Korea, Dem. People's Rep.",PRK,3.4
2006,YR2006,"Korea, Rep.",KOR,100
2006,YR2006,Kosovo,XKX,..
2006,YR2006,Kuwait,KWT,100
2006,YR2006,Kyrgyz Republic,KGZ,64.3
2006,YR2006,Lao PDR,LAO,2.3
2006,YR2006,Latvia,LVA,100
2006,YR2006,Lebanon,LBN,..
2006,YR2006,Lesotho,LSO,25.4
2006,YR2006,Liberia,LBR,0.4
2006,YR2006,Libya,LBY,..
2006,YR2006,Liechtenstein,LIE,..
2006,YR2006,Lithuania,LTU,100
2006,YR2006,Luxembourg,LUX,100
2006,YR2006,"Macao SAR, China",MAC,..
2006,YR2006,Madagascar,MDG,1.1
2006,YR2006,Malawi,MWI,2.1
2006,YR2006,Malaysia,MYS,97.8
2006,YR2006,Maldives,MDV,78.3
2006,YR2006,Mali,MLI,0.9
2006,YR2006,Malta,MLT,100
2006,YR2006,Marshall Islands,MHL,34.2
2006,YR2006,Mauritania,MRT,38.4
2006,YR2006,Mauritius,MUS,96.4
2006,YR2006,Mexico,MEX,85.2
2006,YR2006,"Micronesia, Fed. Sts.",FSM,11
2006,YR2006,Moldova,MDA,84.5
2006,YR2006,Monaco,MCO,100
2006,YR2006,Mongolia,MNG,27.3
2006,YR2006,Montenegro,MNE,65.45
2006,YR2006,Morocco,MAR,94.6
2006,YR2006,Mozambique,MOZ,2.6
2006,YR2006,Myanmar,MMR,4.5
2006,YR2006,Namibia,NAM,37.9
2006,YR2006,Nauru,NRU,100
2006,YR2006,Nepal,NPL,14.9
2006,YR2006,Netherlands,NLD,100
2006,YR2006,New Caledonia,NCL,..
2006,YR2006,New Zealand,NZL,100
2006,YR2006,Nicaragua,NIC,39.9
2006,YR2006,Niger,NER,1
2006,YR2006,Nigeria,NGA,1.1
2006,YR2006,North Macedonia,MKD,63
2006,YR2006,Northern Mariana Islands,MNP,..
2006,YR2006,Norway,NOR,100
2006,YR2006,Oman,OMN,100
2006,YR2006,Pakistan,PAK,30.2
2006,YR2006,Palau,PLW,50.3
2006,YR2006,Panama,PAN,100
2006,YR2006,Papua New Guinea,PNG,6.2
2006,YR2006,Paraguay,PRY,50.2
2006,YR2006,Peru,PER,58.1
2006,YR2006,Philippines,PHL,40.4
2006,YR2006,Poland,POL,100
2006,YR2006,Portugal,PRT,100
2006,YR2006,Puerto Rico,PRI,..
2006,YR2006,Qatar,QAT,100
2006,YR2006,Romania,ROU,100
2006,YR2006,Russian Federation,RUS,99.8
2006,YR2006,Rwanda,RWA,0.1
2006,YR2006,Samoa,WSM,22.9
2006,YR2006,San Marino,SMR,100
2006,YR2006,Sao Tome and Principe,STP,0.6
2006,YR2006,Saudi Arabia,SAU,100
2006,YR2006,Senegal,SEN,38.2
2006,YR2006,Serbia,SRB,63.5
2006,YR2006,Seychelles,SYC,100
2006,YR2006,Sierra Leone,SLE,0.3
2006,YR2006,Singapore,SGP,100
2006,YR2006,Sint Maarten (Dutch part),SXM,..
2006,YR2006,Slovak Republic,SVK,100
2006,YR2006,Slovenia,SVN,100
2006,YR2006,Solomon Islands,SLB,8.3
2006,YR2006,Somalia,SOM,0.6
2006,YR2006,South Africa,ZAF,69
2006,YR2006,South Sudan,SSD,0.1
2006,YR2006,Spain,ESP,100
2006,YR2006,Sri Lanka,LKA,19.7
2006,YR2006,St. Kitts and Nevis,KNA,100
2006,YR2006,St. Lucia,LCA,93
2006,YR2006,St. Martin (French part),MAF,..
2006,YR2006,St. Vincent and the Grenadines,VCT,95.9
2006,YR2006,Sudan,SDN,20.5
2006,YR2006,Suriname,SUR,83.3
2006,YR2006,Sweden,SWE,100
2006,YR2006,Switzerland,CHE,100
2006,YR2006,Syrian Arab Republic,SYR,98.8
2006,YR2006,Tajikistan,TJK,59.6
2006,YR2006,Tanzania,TZA,0.9
2006,YR2006,Thailand,THA,68.2
2006,YR2006,Timor-Leste,TLS,2.3
2006,YR2006,Togo,TGO,1.5
2006,YR2006,Tonga,TON,49.6
2006,YR2006,Trinidad and Tobago,TTO,100
2006,YR2006,Tunisia,TUN,98.1
2006,YR2006,Turkiye,TUR,93.3
2006,YR2006,Turkmenistan,TKM,99.8
2006,YR2006,Turks and Caicos Islands,TCA,..
2006,YR2006,Tuvalu,TUV,22.9
2006,YR2006,Uganda,UGA,0.8
2006,YR2006,Ukraine,UKR,93.7
2006,YR2006,United Arab Emirates,ARE,100
2006,YR2006,United Kingdom,GBR,100
2006,YR2006,United States,USA,100
2006,YR2006,Uruguay,URY,100
2006,YR2006,Uzbekistan,UZB,85.2
2006,YR2006,Vanuatu,VUT,14.4
2006,YR2006,"Venezuela, RB",VEN,96.8
2006,YR2006,Viet Nam,VNM,33.1
2006,YR2006,Virgin Islands (U.S.),VIR,..
2006,YR2006,West Bank and Gaza,PSE,..
2006,YR2006,"Yemen, Rep.",YEM,58.7
2006,YR2006,Zambia,ZMB,16
2006,YR2006,Zimbabwe,ZWE,31.6
2006,YR2006,Africa Eastern and Southern,AFE,13.8048927527866
2006,YR2006,Africa Western and Central,AFW,6.04177703375041
2006,YR2006,Arab World,ARB,82.3530180364496
2006,YR2006,Caribbean small states,CSS,93.8901573442434
2006,YR2006,Central Europe and the Baltics,CEB,100
2006,YR2006,Early-demographic dividend,EAR,40.3205435087876
2006,YR2006,East Asia & Pacific,EAS,48.3909167438083
2006,YR2006,East Asia & Pacific (excluding high income),EAP,42.8374038817075
2006,YR2006,East Asia & Pacific (IDA & IBRD countries),TEA,43.3441759381568
2006,YR2006,Euro area,EMU,100
2006,YR2006,Europe & Central Asia,ECS,96.6538343074025
2006,YR2006,Europe & Central Asia (excluding high income),ECA,86.981998817566
2006,YR2006,Europe & Central Asia (IDA & IBRD countries),TEC,93.2156828329644
2006,YR2006,European Union,EUU,100
2006,YR2006,Fragile and conflict affected situations,FCS,22.1993381752497
2006,YR2006,Heavily indebted poor countries (HIPC),HPC,7.95279967053909
2006,YR2006,High income,HIC,99.9763853893565
2006,YR2006,IBRD only,IBD,53.7649865331666
2006,YR2006,IDA & IBRD total,IBT,44.6670285574271
2006,YR2006,IDA blend,IDB,20.63478999979
2006,YR2006,IDA only,IDX,11.7706393371476
2006,YR2006,IDA total,IDA,14.7370167118708
2006,YR2006,Late-demographic dividend,LTE,60.7323526184738
2006,YR2006,Latin America & Caribbean,LCN,83.9406654620357
2006,YR2006,Latin America & Caribbean (excluding high income),LAC,82.429807445516
2006,YR2006,Latin America & the Caribbean (IDA & IBRD countries),TLA,83.9877181204959
2006,YR2006,Least developed countries: UN classification,LDC,8.65556394630869
2006,YR2006,Low & middle income,LMY,41.8667209875992
2006,YR2006,Low income,LIC,10.5016621628531
2006,YR2006,Lower middle income,LMC,29.1560281075908
2006,YR2006,Middle East & North Africa,MEA,93.9012926570841
2006,YR2006,Middle East & North Africa (excluding high income),MNA,93.0051829253815
2006,YR2006,Middle East & North Africa (IDA & IBRD countries),TMN,93.0051829253815
2006,YR2006,Middle income,MIC,44.8169282535435
2006,YR2006,North America,NAC,100
2006,YR2006,Not classified,INX,..
2006,YR2006,OECD members,OED,97.749690026778
2006,YR2006,Other small states,OSS,64.7444386837605
2006,YR2006,Pacific island small states,PSS,21.8638292552079
2006,YR2006,Post-demographic dividend,PST,99.2832012436134
2006,YR2006,Pre-demographic dividend,PRE,10.0413830494066
2006,YR2006,Small states,SST,63.9381189414088
2006,YR2006,South Asia,SAS,27.0047344018681
2006,YR2006,South Asia (IDA & IBRD),TSA,27.0047344018681
2006,YR2006,Sub-Saharan Africa,SSF,10.6665742584791
2006,YR2006,Sub-Saharan Africa (excluding high income),SSA,10.6569836947515
2006,YR2006,Sub-Saharan Africa (IDA & IBRD countries),TSS,10.6665742584791
2006,YR2006,Upper middle income,UMC,59.651941909896
2006,YR2006,World,WLD,53.1640636663404
2007,YR2007,Afghanistan,AFG,15.1
2007,YR2007,Albania,ALB,57.65
2007,YR2007,Algeria,DZA,98.8
2007,YR2007,American Samoa,ASM,..
2007,YR2007,Andorra,AND,100
2007,YR2007,Angola,AGO,43.1
2007,YR2007,Antigua and Barbuda,ATG,100
2007,YR2007,Argentina,ARG,98.4
2007,YR2007,Armenia,ARM,94
2007,YR2007,Aruba,ABW,..
2007,YR2007,Australia,AUS,100
2007,YR2007,Austria,AUT,100
2007,YR2007,Azerbaijan,AZE,89.8
2007,YR2007,"Bahamas, The",BHS,100
2007,YR2007,Bahrain,BHR,100
2007,YR2007,Bangladesh,BGD,10.2
2007,YR2007,Barbados,BRB,100
2007,YR2007,Belarus,BLR,97.9
2007,YR2007,Belgium,BEL,100
2007,YR2007,Belize,BLZ,83.3
2007,YR2007,Benin,BEN,3.3
2007,YR2007,Bermuda,BMU,..
2007,YR2007,Bhutan,BTN,55.4
2007,YR2007,Bolivia,BOL,71.6
2007,YR2007,Bosnia and Herzegovina,BIH,46.65
2007,YR2007,Botswana,BWA,54.8
2007,YR2007,Brazil,BRA,92.5
2007,YR2007,British Virgin Islands,VGB,..
2007,YR2007,Brunei Darussalam,BRN,100
2007,YR2007,Bulgaria,BGR,..
2007,YR2007,Burkina Faso,BFA,4.6
2007,YR2007,Burundi,BDI,0.2
2007,YR2007,Cabo Verde,CPV,66.5
2007,YR2007,Cambodia,KHM,8.4
2007,YR2007,Cameroon,CMR,16.6
2007,YR2007,Canada,CAN,100
2007,YR2007,Cayman Islands,CYM,..
2007,YR2007,Central African Republic,CAF,0.5
2007,YR2007,Chad,TCD,2.3
2007,YR2007,Channel Islands,CHI,..
2007,YR2007,Chile,CHL,100
2007,YR2007,China,CHN,50.3
2007,YR2007,Colombia,COL,83.3
2007,YR2007,Comoros,COM,2.1
2007,YR2007,"Congo, Dem. Rep.",COD,2.6
2007,YR2007,"Congo, Rep.",COG,13.1
2007,YR2007,Costa Rica,CRI,91.4
2007,YR2007,Cote d'Ivoire,CIV,16.7
2007,YR2007,Croatia,HRV,100
2007,YR2007,Cuba,CUB,83
2007,YR2007,Curacao,CUW,..
2007,YR2007,Cyprus,CYP,100
2007,YR2007,Czechia,CZE,100
2007,YR2007,Denmark,DNK,100
2007,YR2007,Djibouti,DJI,5.3
2007,YR2007,Dominica,DMA,86.1
2007,YR2007,Dominican Republic,DOM,87
2007,YR2007,Ecuador,ECU,93.1
2007,YR2007,"Egypt, Arab Rep.",EGY,97.8
2007,YR2007,El Salvador,SLV,71.4
2007,YR2007,Equatorial Guinea,GNQ,21.6
2007,YR2007,Eritrea,ERI,6.9
2007,YR2007,Estonia,EST,100
2007,YR2007,Eswatini,SWZ,34.1
2007,YR2007,Ethiopia,ETH,1.4
2007,YR2007,Faroe Islands,FRO,..
2007,YR2007,Fiji,FJI,29.7
2007,YR2007,Finland,FIN,100
2007,YR2007,France,FRA,100
2007,YR2007,French Polynesia,PYF,..
2007,YR2007,Gabon,GAB,76
2007,YR2007,"Gambia, The",GMB,3.1
2007,YR2007,Georgia,GEO,58.2
2007,YR2007,Germany,DEU,100
2007,YR2007,Ghana,GHA,11.8
2007,YR2007,Gibraltar,GIB,..
2007,YR2007,Greece,GRC,100
2007,YR2007,Greenland,GRL,..
2007,YR2007,Grenada,GRD,93.2
2007,YR2007,Guam,GUM,..
2007,YR2007,Guatemala,GTM,36.4
2007,YR2007,Guinea,GIN,0.8
2007,YR2007,Guinea-Bissau,GNB,1.1
2007,YR2007,Guyana,GUY,100
2007,YR2007,Haiti,HTI,3.5
2007,YR2007,Honduras,HND,39.8
2007,YR2007,"Hong Kong SAR, China",HKG,..
2007,YR2007,Hungary,HUN,100
2007,YR2007,Iceland,ISL,100
2007,YR2007,India,IND,30.65
2007,YR2007,Indonesia,IDN,23
2007,YR2007,"Iran, Islamic Rep.",IRN,96
2007,YR2007,Iraq,IRQ,90.8
2007,YR2007,Ireland,IRL,100
2007,YR2007,Isle of Man,IMN,..
2007,YR2007,Israel,ISR,100
2007,YR2007,Italy,ITA,100
2007,YR2007,Jamaica,JAM,85.2
2007,YR2007,Japan,JPN,100
2007,YR2007,Jordan,JOR,99.9
2007,YR2007,Kazakhstan,KAZ,89.6
2007,YR2007,Kenya,KEN,5.2
2007,YR2007,Kiribati,KIR,1.9
2007,YR2007,"Korea, Dem. People's Rep.",PRK,3.9
2007,YR2007,"Korea, Rep.",KOR,100
2007,YR2007,Kosovo,XKX,..
2007,YR2007,Kuwait,KWT,100
2007,YR2007,Kyrgyz Republic,KGZ,66.1
2007,YR2007,Lao PDR,LAO,2.5
2007,YR2007,Latvia,LVA,100
2007,YR2007,Lebanon,LBN,..
2007,YR2007,Lesotho,LSO,26.9
2007,YR2007,Liberia,LBR,0.4
2007,YR2007,Libya,LBY,..
2007,YR2007,Liechtenstein,LIE,..
2007,YR2007,Lithuania,LTU,100
2007,YR2007,Luxembourg,LUX,100
2007,YR2007,"Macao SAR, China",MAC,..
2007,YR2007,Madagascar,MDG,1
2007,YR2007,Malawi,MWI,2.2
2007,YR2007,Malaysia,MYS,97.5
2007,YR2007,Maldives,MDV,83.8
2007,YR2007,Mali,MLI,0.9
2007,YR2007,Malta,MLT,100
2007,YR2007,Marshall Islands,MHL,41
2007,YR2007,Mauritania,MRT,39.2
2007,YR2007,Mauritius,MUS,96.8
2007,YR2007,Mexico,MEX,85.3
2007,YR2007,"Micronesia, Fed. Sts.",FSM,11.1
2007,YR2007,Moldova,MDA,86.9
2007,YR2007,Monaco,MCO,100
2007,YR2007,Mongolia,MNG,28.8
2007,YR2007,Montenegro,MNE,64.8
2007,YR2007,Morocco,MAR,95.1
2007,YR2007,Mozambique,MOZ,2.6
2007,YR2007,Myanmar,MMR,5.4
2007,YR2007,Namibia,NAM,38.6
2007,YR2007,Nauru,NRU,100
2007,YR2007,Nepal,NPL,16.5
2007,YR2007,Netherlands,NLD,100
2007,YR2007,New Caledonia,NCL,..
2007,YR2007,New Zealand,NZL,100
2007,YR2007,Nicaragua,NIC,40.9
2007,YR2007,Niger,NER,1.1
2007,YR2007,Nigeria,NGA,1.2
2007,YR2007,North Macedonia,MKD,64.55
2007,YR2007,Northern Mariana Islands,MNP,..
2007,YR2007,Norway,NOR,100
2007,YR2007,Oman,OMN,100
2007,YR2007,Pakistan,PAK,31.6
2007,YR2007,Palau,PLW,49.8
2007,YR2007,Panama,PAN,100
2007,YR2007,Papua New Guinea,PNG,6.5
2007,YR2007,Paraguay,PRY,51.6
2007,YR2007,Peru,PER,60.1
2007,YR2007,Philippines,PHL,40.3
2007,YR2007,Poland,POL,100
2007,YR2007,Portugal,PRT,100
2007,YR2007,Puerto Rico,PRI,..
2007,YR2007,Qatar,QAT,100
2007,YR2007,Romania,ROU,100
2007,YR2007,Russian Federation,RUS,99.7
2007,YR2007,Rwanda,RWA,0.2
2007,YR2007,Samoa,WSM,23.7
2007,YR2007,San Marino,SMR,100
2007,YR2007,Sao Tome and Principe,STP,0.7
2007,YR2007,Saudi Arabia,SAU,100
2007,YR2007,Senegal,SEN,37.7
2007,YR2007,Serbia,SRB,64.7
2007,YR2007,Seychelles,SYC,100
2007,YR2007,Sierra Leone,SLE,0.3
2007,YR2007,Singapore,SGP,100
2007,YR2007,Sint Maarten (Dutch part),SXM,..
2007,YR2007,Slovak Republic,SVK,100
2007,YR2007,Slovenia,SVN,100
2007,YR2007,Solomon Islands,SLB,8.2
2007,YR2007,Somalia,SOM,0.7
2007,YR2007,South Africa,ZAF,71.2
2007,YR2007,South Sudan,SSD,0.1
2007,YR2007,Spain,ESP,100
2007,YR2007,Sri Lanka,LKA,20.4
2007,YR2007,St. Kitts and Nevis,KNA,100
2007,YR2007,St. Lucia,LCA,93.8
2007,YR2007,St. Martin (French part),MAF,..
2007,YR2007,St. Vincent and the Grenadines,VCT,95.9
2007,YR2007,Sudan,SDN,23.6
2007,YR2007,Suriname,SUR,84.4
2007,YR2007,Sweden,SWE,100
2007,YR2007,Switzerland,CHE,100
2007,YR2007,Syrian Arab Republic,SYR,98.7
2007,YR2007,Tajikistan,TJK,62.2
2007,YR2007,Tanzania,TZA,1
2007,YR2007,Thailand,THA,69.4
2007,YR2007,Timor-Leste,TLS,2.7
2007,YR2007,Togo,TGO,1.8
2007,YR2007,Tonga,TON,52.4
2007,YR2007,Trinidad and Tobago,TTO,100
2007,YR2007,Tunisia,TUN,98.5
2007,YR2007,Turkiye,TUR,93.5
2007,YR2007,Turkmenistan,TKM,99.8
2007,YR2007,Turks and Caicos Islands,TCA,..
2007,YR2007,Tuvalu,TUV,27.3
2007,YR2007,Uganda,UGA,0.8
2007,YR2007,Ukraine,UKR,93.8
2007,YR2007,United Arab Emirates,ARE,100
2007,YR2007,United Kingdom,GBR,100
2007,YR2007,United States,USA,100
2007,YR2007,Uruguay,URY,100
2007,YR2007,Uzbekistan,UZB,85.1
2007,YR2007,Vanuatu,VUT,13.9
2007,YR2007,"Venezuela, RB",VEN,96.8
2007,YR2007,Viet Nam,VNM,36.8
2007,YR2007,Virgin Islands (U.S.),VIR,..
2007,YR2007,West Bank and Gaza,PSE,..
2007,YR2007,"Yemen, Rep.",YEM,59.1
2007,YR2007,Zambia,ZMB,16.1
2007,YR2007,Zimbabwe,ZWE,31.2
2007,YR2007,Africa Eastern and Southern,AFE,14.2262847553776
2007,YR2007,Africa Western and Central,AFW,6.27584793578816
2007,YR2007,Arab World,ARB,83.1971612108206
2007,YR2007,Caribbean small states,CSS,94.1373171020177
2007,YR2007,Central Europe and the Baltics,CEB,100
2007,YR2007,Early-demographic dividend,EAR,41.600119959331
2007,YR2007,East Asia & Pacific,EAS,50.1772211319687
2007,YR2007,East Asia & Pacific (excluding high income),EAP,44.8306441040224
2007,YR2007,East Asia & Pacific (IDA & IBRD countries),TEA,45.3551504130085
2007,YR2007,Euro area,EMU,100
2007,YR2007,Europe & Central Asia,ECS,96.7576080749973
2007,YR2007,Europe & Central Asia (excluding high income),ECA,87.4678964838676
2007,YR2007,Europe & Central Asia (IDA & IBRD countries),TEC,93.4105902936792
2007,YR2007,European Union,EUU,100
2007,YR2007,Fragile and conflict affected situations,FCS,22.4578363319432
2007,YR2007,Heavily indebted poor countries (HIPC),HPC,8.37550281245831
2007,YR2007,High income,HIC,99.9652743354381
2007,YR2007,IBRD only,IBD,55.1176026806591
2007,YR2007,IDA & IBRD total,IBT,45.7471690513724
2007,YR2007,IDA blend,IDB,21.2411264877629
2007,YR2007,IDA only,IDX,12.3691135183433
2007,YR2007,IDA total,IDA,15.3387095548086
2007,YR2007,Late-demographic dividend,LTE,62.1458297042288
2007,YR2007,Latin America & Caribbean,LCN,84.3728670700593
2007,YR2007,Latin America & Caribbean (excluding high income),LAC,82.9064496438495
2007,YR2007,Latin America & the Caribbean (IDA & IBRD countries),TLA,84.3907046172007
2007,YR2007,Least developed countries: UN classification,LDC,9.14388859637904
2007,YR2007,Low & middle income,LMY,43.0371602098523
2007,YR2007,Low income,LIC,11.047139213681
2007,YR2007,Lower middle income,LMC,30.2319511675286
2007,YR2007,Middle East & North Africa,MEA,94.4552144054412
2007,YR2007,Middle East & North Africa (excluding high income),MNA,93.6093061259143
2007,YR2007,Middle East & North Africa (IDA & IBRD countries),TMN,93.6093061259143
2007,YR2007,Middle income,MIC,46.0993357525223
2007,YR2007,North America,NAC,100
2007,YR2007,Not classified,INX,..
2007,YR2007,OECD members,OED,97.7771276426032
2007,YR2007,Other small states,OSS,65.3908654129971
2007,YR2007,Pacific island small states,PSS,22.3530489946893
2007,YR2007,Post-demographic dividend,PST,99.3157664644728
2007,YR2007,Pre-demographic dividend,PRE,10.3565571942857
2007,YR2007,Small states,SST,64.4776631228836
2007,YR2007,South Asia,SAS,28.3050435040261
2007,YR2007,South Asia (IDA & IBRD),TSA,28.3050435040261
2007,YR2007,Sub-Saharan Africa,SSF,11.0107252180116
2007,YR2007,Sub-Saharan Africa (excluding high income),SSA,11.0013824532377
2007,YR2007,Sub-Saharan Africa (IDA & IBRD countries),TSS,11.0107252180116
2007,YR2007,Upper middle income,UMC,61.2719329375502
2007,YR2007,World,WLD,54.0475923248314
2008,YR2008,Afghanistan,AFG,16.6
2008,YR2008,Albania,ALB,61
2008,YR2008,Algeria,DZA,99
2008,YR2008,American Samoa,ASM,..
2008,YR2008,Andorra,AND,100
2008,YR2008,Angola,AGO,43.7
2008,YR2008,Antigua and Barbuda,ATG,100
2008,YR2008,Argentina,ARG,98.7
2008,YR2008,Armenia,ARM,94.9
2008,YR2008,Aruba,ABW,..
2008,YR2008,Australia,AUS,100
2008,YR2008,Austria,AUT,100
2008,YR2008,Azerbaijan,AZE,91.3
2008,YR2008,"Bahamas, The",BHS,100
2008,YR2008,Bahrain,BHR,100
2008,YR2008,Bangladesh,BGD,10.8
2008,YR2008,Barbados,BRB,100
2008,YR2008,Belarus,BLR,98.1
2008,YR2008,Belgium,BEL,100
2008,YR2008,Belize,BLZ,83.1
2008,YR2008,Benin,BEN,3.8
2008,YR2008,Bermuda,BMU,..
2008,YR2008,Bhutan,BTN,58.9
2008,YR2008,Bolivia,BOL,72.9
2008,YR2008,Bosnia and Herzegovina,BIH,45.8
2008,YR2008,Botswana,BWA,56.3
2008,YR2008,Brazil,BRA,93.1
2008,YR2008,British Virgin Islands,VGB,..
2008,YR2008,Brunei Darussalam,BRN,100
2008,YR2008,Bulgaria,BGR,..
2008,YR2008,Burkina Faso,BFA,5
2008,YR2008,Burundi,BDI,0.2
2008,YR2008,Cabo Verde,CPV,67.4
2008,YR2008,Cambodia,KHM,9.4
2008,YR2008,Cameroon,CMR,17.4
2008,YR2008,Canada,CAN,100
2008,YR2008,Cayman Islands,CYM,..
2008,YR2008,Central African Republic,CAF,0.5
2008,YR2008,Chad,TCD,2.4
2008,YR2008,Channel Islands,CHI,..
2008,YR2008,Chile,CHL,100
2008,YR2008,China,CHN,52.7
2008,YR2008,Colombia,COL,83.9
2008,YR2008,Comoros,COM,2.5
2008,YR2008,"Congo, Dem. Rep.",COD,2.8
2008,YR2008,"Congo, Rep.",COG,14.2
2008,YR2008,Costa Rica,CRI,91.8
2008,YR2008,Cote d'Ivoire,CIV,16.9
2008,YR2008,Croatia,HRV,100
2008,YR2008,Cuba,CUB,85.1
2008,YR2008,Curacao,CUW,..
2008,YR2008,Cyprus,CYP,100
2008,YR2008,Czechia,CZE,100
2008,YR2008,Denmark,DNK,100
2008,YR2008,Djibouti,DJI,5.7
2008,YR2008,Dominica,DMA,86.9
2008,YR2008,Dominican Republic,DOM,87.1
2008,YR2008,Ecuador,ECU,93.4
2008,YR2008,"Egypt, Arab Rep.",EGY,98.6
2008,YR2008,El Salvador,SLV,73.1
2008,YR2008,Equatorial Guinea,GNQ,22.1
2008,YR2008,Eritrea,ERI,7.4
2008,YR2008,Estonia,EST,100
2008,YR2008,Eswatini,SWZ,35.8
2008,YR2008,Ethiopia,ETH,1.6
2008,YR2008,Faroe Islands,FRO,..
2008,YR2008,Fiji,FJI,30.5
2008,YR2008,Finland,FIN,100
2008,YR2008,France,FRA,100
2008,YR2008,French Polynesia,PYF,..
2008,YR2008,Gabon,GAB,77.4
2008,YR2008,"Gambia, The",GMB,3
2008,YR2008,Georgia,GEO,60.7
2008,YR2008,Germany,DEU,100
2008,YR2008,Ghana,GHA,12.75
2008,YR2008,Gibraltar,GIB,..
2008,YR2008,Greece,GRC,100
2008,YR2008,Greenland,GRL,..
2008,YR2008,Grenada,GRD,93
2008,YR2008,Guam,GUM,..
2008,YR2008,Guatemala,GTM,36.5
2008,YR2008,Guinea,GIN,0.8
2008,YR2008,Guinea-Bissau,GNB,1.1
2008,YR2008,Guyana,GUY,100
2008,YR2008,Haiti,HTI,3.4
2008,YR2008,Honduras,HND,40.75
2008,YR2008,"Hong Kong SAR, China",HKG,..
2008,YR2008,Hungary,HUN,100
2008,YR2008,Iceland,ISL,100
2008,YR2008,India,IND,31.9
2008,YR2008,Indonesia,IDN,28.45
2008,YR2008,"Iran, Islamic Rep.",IRN,96.5
2008,YR2008,Iraq,IRQ,92.7
2008,YR2008,Ireland,IRL,100
2008,YR2008,Isle of Man,IMN,..
2008,YR2008,Israel,ISR,100
2008,YR2008,Italy,ITA,100
2008,YR2008,Jamaica,JAM,85.7
2008,YR2008,Japan,JPN,100
2008,YR2008,Jordan,JOR,99.9
2008,YR2008,Kazakhstan,KAZ,90.5
2008,YR2008,Kenya,KEN,5.9
2008,YR2008,Kiribati,KIR,2.2
2008,YR2008,"Korea, Dem. People's Rep.",PRK,4.4
2008,YR2008,"Korea, Rep.",KOR,100
2008,YR2008,Kosovo,XKX,..
2008,YR2008,Kuwait,KWT,100
2008,YR2008,Kyrgyz Republic,KGZ,68.2
2008,YR2008,Lao PDR,LAO,2.9
2008,YR2008,Latvia,LVA,100
2008,YR2008,Lebanon,LBN,..
2008,YR2008,Lesotho,LSO,28.5
2008,YR2008,Liberia,LBR,0.4
2008,YR2008,Libya,LBY,..
2008,YR2008,Liechtenstein,LIE,..
2008,YR2008,Lithuania,LTU,100
2008,YR2008,Luxembourg,LUX,100
2008,YR2008,"Macao SAR, China",MAC,..
2008,YR2008,Madagascar,MDG,1
2008,YR2008,Malawi,MWI,2.2
2008,YR2008,Malaysia,MYS,97.2
2008,YR2008,Maldives,MDV,88
2008,YR2008,Mali,MLI,0.9
2008,YR2008,Malta,MLT,100
2008,YR2008,Marshall Islands,MHL,46.9
2008,YR2008,Mauritania,MRT,40.1
2008,YR2008,Mauritius,MUS,97.1
2008,YR2008,Mexico,MEX,85.4
2008,YR2008,"Micronesia, Fed. Sts.",FSM,11.3
2008,YR2008,Moldova,MDA,89
2008,YR2008,Monaco,MCO,100
2008,YR2008,Mongolia,MNG,30.7
2008,YR2008,Montenegro,MNE,64.2
2008,YR2008,Morocco,MAR,95.7
2008,YR2008,Mozambique,MOZ,2.8
2008,YR2008,Myanmar,MMR,6.4
2008,YR2008,Namibia,NAM,39.45
2008,YR2008,Nauru,NRU,100
2008,YR2008,Nepal,NPL,18.1
2008,YR2008,Netherlands,NLD,100
2008,YR2008,New Caledonia,NCL,..
2008,YR2008,New Zealand,NZL,100
2008,YR2008,Nicaragua,NIC,42
2008,YR2008,Niger,NER,1.1
2008,YR2008,Nigeria,NGA,1.4
2008,YR2008,North Macedonia,MKD,65.45
2008,YR2008,Northern Mariana Islands,MNP,..
2008,YR2008,Norway,NOR,100
2008,YR2008,Oman,OMN,100
2008,YR2008,Pakistan,PAK,32.8
2008,YR2008,Palau,PLW,49.15
2008,YR2008,Panama,PAN,100
2008,YR2008,Papua New Guinea,PNG,6.9
2008,YR2008,Paraguay,PRY,53.1
2008,YR2008,Peru,PER,61.9
2008,YR2008,Philippines,PHL,40.3
2008,YR2008,Poland,POL,100
2008,YR2008,Portugal,PRT,100
2008,YR2008,Puerto Rico,PRI,..
2008,YR2008,Qatar,QAT,100
2008,YR2008,Romania,ROU,100
2008,YR2008,Russian Federation,RUS,99.7
2008,YR2008,Rwanda,RWA,0.2
2008,YR2008,Samoa,WSM,24.8
2008,YR2008,San Marino,SMR,100
2008,YR2008,Sao Tome and Principe,STP,0.9
2008,YR2008,Saudi Arabia,SAU,100
2008,YR2008,Senegal,SEN,36.5
2008,YR2008,Serbia,SRB,65.5
2008,YR2008,Seychelles,SYC,100
2008,YR2008,Sierra Leone,SLE,0.3
2008,YR2008,Singapore,SGP,100
2008,YR2008,Sint Maarten (Dutch part),SXM,..
2008,YR2008,Slovak Republic,SVK,100
2008,YR2008,Slovenia,SVN,100
2008,YR2008,Solomon Islands,SLB,8.2
2008,YR2008,Somalia,SOM,0.8
2008,YR2008,South Africa,ZAF,73.3
2008,YR2008,South Sudan,SSD,0
2008,YR2008,Spain,ESP,100
2008,YR2008,Sri Lanka,LKA,20.6
2008,YR2008,St. Kitts and Nevis,KNA,100
2008,YR2008,St. Lucia,LCA,94.4
2008,YR2008,St. Martin (French part),MAF,..
2008,YR2008,St. Vincent and the Grenadines,VCT,95.8
2008,YR2008,Sudan,SDN,26
2008,YR2008,Suriname,SUR,85.4
2008,YR2008,Sweden,SWE,100
2008,YR2008,Switzerland,CHE,100
2008,YR2008,Syrian Arab Republic,SYR,98.7
2008,YR2008,Tajikistan,TJK,65.2
2008,YR2008,Tanzania,TZA,1.1
2008,YR2008,Thailand,THA,70.5
2008,YR2008,Timor-Leste,TLS,3.2
2008,YR2008,Togo,TGO,2.3
2008,YR2008,Tonga,TON,54.9
2008,YR2008,Trinidad and Tobago,TTO,100
2008,YR2008,Tunisia,TUN,98.9
2008,YR2008,Turkiye,TUR,93.8
2008,YR2008,Turkmenistan,TKM,99.9
2008,YR2008,Turks and Caicos Islands,TCA,..
2008,YR2008,Tuvalu,TUV,33.3
2008,YR2008,Uganda,UGA,0.8
2008,YR2008,Ukraine,UKR,94.2
2008,YR2008,United Arab Emirates,ARE,100
2008,YR2008,United Kingdom,GBR,100
2008,YR2008,United States,USA,100
2008,YR2008,Uruguay,URY,100
2008,YR2008,Uzbekistan,UZB,85.4
2008,YR2008,Vanuatu,VUT,13.4
2008,YR2008,"Venezuela, RB",VEN,96.7
2008,YR2008,Viet Nam,VNM,41
2008,YR2008,Virgin Islands (U.S.),VIR,..
2008,YR2008,West Bank and Gaza,PSE,..
2008,YR2008,"Yemen, Rep.",YEM,59.6
2008,YR2008,Zambia,ZMB,16.1
2008,YR2008,Zimbabwe,ZWE,30.7
2008,YR2008,Africa Eastern and Southern,AFE,14.6448014615867
2008,YR2008,Africa Western and Central,AFW,6.51551508192484
2008,YR2008,Arab World,ARB,83.9403409202021
2008,YR2008,Caribbean small states,CSS,94.3054919446702
2008,YR2008,Central Europe and the Baltics,CEB,100
2008,YR2008,Early-demographic dividend,EAR,42.9115886994231
2008,YR2008,East Asia & Pacific,EAS,52.4705392932751
2008,YR2008,East Asia & Pacific (excluding high income),EAP,47.3800028473182
2008,YR2008,East Asia & Pacific (IDA & IBRD countries),TEA,47.9291065262132
2008,YR2008,Euro area,EMU,100
2008,YR2008,Europe & Central Asia,ECS,96.9169962128111
2008,YR2008,Europe & Central Asia (excluding high income),ECA,88.129034426994
2008,YR2008,Europe & Central Asia (IDA & IBRD countries),TEC,93.7259276873033
2008,YR2008,European Union,EUU,100
2008,YR2008,Fragile and conflict affected situations,FCS,22.736206555528
2008,YR2008,Heavily indebted poor countries (HIPC),HPC,8.73369159530523
2008,YR2008,High income,HIC,99.9655470517206
2008,YR2008,IBRD only,IBD,56.7210377132645
2008,YR2008,IDA & IBRD total,IBT,47.0046261604435
2008,YR2008,IDA blend,IDB,21.8447951259275
2008,YR2008,IDA only,IDX,12.8765683103481
2008,YR2008,IDA total,IDA,15.8812289422264
2008,YR2008,Late-demographic dividend,LTE,63.9759579932176
2008,YR2008,Latin America & Caribbean,LCN,84.8632961639484
2008,YR2008,Latin America & Caribbean (excluding high income),LAC,83.452719962071
2008,YR2008,Latin America & the Caribbean (IDA & IBRD countries),TLA,84.8487353660962
2008,YR2008,Least developed countries: UN classification,LDC,9.61789881927628
2008,YR2008,Low & middle income,LMY,44.3870642876418
2008,YR2008,Low income,LIC,11.4590089428042
2008,YR2008,Lower middle income,LMC,31.2697271143191
2008,YR2008,Middle East & North Africa,MEA,95.0108414599931
2008,YR2008,Middle East & North Africa (excluding high income),MNA,94.2203678270306
2008,YR2008,Middle East & North Africa (IDA & IBRD countries),TMN,94.2203678270306
2008,YR2008,Middle income,MIC,47.5913933782489
2008,YR2008,North America,NAC,100
2008,YR2008,Not classified,INX,..
2008,YR2008,OECD members,OED,97.8138386651787
2008,YR2008,Other small states,OSS,65.9995548711384
2008,YR2008,Pacific island small states,PSS,22.9311476851494
2008,YR2008,Post-demographic dividend,PST,99.3634523523741
2008,YR2008,Pre-demographic dividend,PRE,10.7455637423534
2008,YR2008,Small states,SST,64.993943143657
2008,YR2008,South Asia,SAS,29.5015151965241
2008,YR2008,South Asia (IDA & IBRD),TSA,29.5015151965241
2008,YR2008,Sub-Saharan Africa,SSF,11.355627907148
2008,YR2008,Sub-Saharan Africa (excluding high income),SSA,11.3463694764048
2008,YR2008,Sub-Saharan Africa (IDA & IBRD countries),TSS,11.355627907148
2008,YR2008,Upper middle income,UMC,63.3329619717267
2008,YR2008,World,WLD,55.0834856747114
2009,YR2009,Afghanistan,AFG,18.3
2009,YR2009,Albania,ALB,63.7
2009,YR2009,Algeria,DZA,99.1
2009,YR2009,American Samoa,ASM,..
2009,YR2009,Andorra,AND,100
2009,YR2009,Angola,AGO,44
2009,YR2009,Antigua and Barbuda,ATG,100
2009,YR2009,Argentina,ARG,99
2009,YR2009,Armenia,ARM,95.6
2009,YR2009,Aruba,ABW,..
2009,YR2009,Australia,AUS,100
2009,YR2009,Austria,AUT,100
2009,YR2009,Azerbaijan,AZE,92.6
2009,YR2009,"Bahamas, The",BHS,100
2009,YR2009,Bahrain,BHR,100
2009,YR2009,Bangladesh,BGD,11.6
2009,YR2009,Barbados,BRB,100
2009,YR2009,Belarus,BLR,98.5
2009,YR2009,Belgium,BEL,100
2009,YR2009,Belize,BLZ,83.6
2009,YR2009,Benin,BEN,4.2
2009,YR2009,Bermuda,BMU,..
2009,YR2009,Bhutan,BTN,62.3
2009,YR2009,Bolivia,BOL,74.4
2009,YR2009,Bosnia and Herzegovina,BIH,45.6
2009,YR2009,Botswana,BWA,57.3
2009,YR2009,Brazil,BRA,93.4
2009,YR2009,British Virgin Islands,VGB,..
2009,YR2009,Brunei Darussalam,BRN,100
2009,YR2009,Bulgaria,BGR,..
2009,YR2009,Burkina Faso,BFA,5.4
2009,YR2009,Burundi,BDI,0.2
2009,YR2009,Cabo Verde,CPV,68.4
2009,YR2009,Cambodia,KHM,10.4
2009,YR2009,Cameroon,CMR,18.4
2009,YR2009,Canada,CAN,100
2009,YR2009,Cayman Islands,CYM,..
2009,YR2009,Central African Republic,CAF,0.5
2009,YR2009,Chad,TCD,2.5
2009,YR2009,Channel Islands,CHI,..
2009,YR2009,Chile,CHL,100
2009,YR2009,China,CHN,55.2
2009,YR2009,Colombia,COL,84.9
2009,YR2009,Comoros,COM,2.9
2009,YR2009,"Congo, Dem. Rep.",COD,3.1
2009,YR2009,"Congo, Rep.",COG,15.5
2009,YR2009,Costa Rica,CRI,92.1
2009,YR2009,Cote d'Ivoire,CIV,17.5
2009,YR2009,Croatia,HRV,100
2009,YR2009,Cuba,CUB,86.5
2009,YR2009,Curacao,CUW,..
2009,YR2009,Cyprus,CYP,100
2009,YR2009,Czechia,CZE,100
2009,YR2009,Denmark,DNK,100
2009,YR2009,Djibouti,DJI,5.9
2009,YR2009,Dominica,DMA,87.4
2009,YR2009,Dominican Republic,DOM,87.3
2009,YR2009,Ecuador,ECU,93.6
2009,YR2009,"Egypt, Arab Rep.",EGY,98.9
2009,YR2009,El Salvador,SLV,75.2
2009,YR2009,Equatorial Guinea,GNQ,22.6
2009,YR2009,Eritrea,ERI,7.6
2009,YR2009,Estonia,EST,100
2009,YR2009,Eswatini,SWZ,37.5
2009,YR2009,Ethiopia,ETH,1.9
2009,YR2009,Faroe Islands,FRO,..
2009,YR2009,Fiji,FJI,31.1
2009,YR2009,Finland,FIN,100
2009,YR2009,France,FRA,100
2009,YR2009,French Polynesia,PYF,..
2009,YR2009,Gabon,GAB,79
2009,YR2009,"Gambia, The",GMB,2.9
2009,YR2009,Georgia,GEO,62.8
2009,YR2009,Germany,DEU,100
2009,YR2009,Ghana,GHA,13.8
2009,YR2009,Gibraltar,GIB,..
2009,YR2009,Greece,GRC,100
2009,YR2009,Greenland,GRL,..
2009,YR2009,Grenada,GRD,92.8
2009,YR2009,Guam,GUM,..
2009,YR2009,Guatemala,GTM,36.5
2009,YR2009,Guinea,GIN,0.8
2009,YR2009,Guinea-Bissau,GNB,1.1
2009,YR2009,Guyana,GUY,100
2009,YR2009,Haiti,HTI,3.6
2009,YR2009,Honduras,HND,42.1
2009,YR2009,"Hong Kong SAR, China",HKG,..
2009,YR2009,Hungary,HUN,100
2009,YR2009,Iceland,ISL,100
2009,YR2009,India,IND,33.4
2009,YR2009,Indonesia,IDN,34.2
2009,YR2009,"Iran, Islamic Rep.",IRN,96.8
2009,YR2009,Iraq,IRQ,94.2
2009,YR2009,Ireland,IRL,100
2009,YR2009,Isle of Man,IMN,..
2009,YR2009,Israel,ISR,100
2009,YR2009,Italy,ITA,100
2009,YR2009,Jamaica,JAM,86.2
2009,YR2009,Japan,JPN,100
2009,YR2009,Jordan,JOR,99.9
2009,YR2009,Kazakhstan,KAZ,91.2
2009,YR2009,Kenya,KEN,6.5
2009,YR2009,Kiribati,KIR,2.6
2009,YR2009,"Korea, Dem. People's Rep.",PRK,5
2009,YR2009,"Korea, Rep.",KOR,100
2009,YR2009,Kosovo,XKX,..
2009,YR2009,Kuwait,KWT,100
2009,YR2009,Kyrgyz Republic,KGZ,70.1
2009,YR2009,Lao PDR,LAO,3.2
2009,YR2009,Latvia,LVA,100
2009,YR2009,Lebanon,LBN,..
2009,YR2009,Lesotho,LSO,29.8
2009,YR2009,Liberia,LBR,0.4
2009,YR2009,Libya,LBY,..
2009,YR2009,Liechtenstein,LIE,..
2009,YR2009,Lithuania,LTU,100
2009,YR2009,Luxembourg,LUX,100
2009,YR2009,"Macao SAR, China",MAC,..
2009,YR2009,Madagascar,MDG,1
2009,YR2009,Malawi,MWI,2.3
2009,YR2009,Malaysia,MYS,96.9
2009,YR2009,Maldives,MDV,91.1
2009,YR2009,Mali,MLI,0.9
2009,YR2009,Malta,MLT,100
2009,YR2009,Marshall Islands,MHL,52.4
2009,YR2009,Mauritania,MRT,40.9
2009,YR2009,Mauritius,MUS,97.4
2009,YR2009,Mexico,MEX,85.2
2009,YR2009,"Micronesia, Fed. Sts.",FSM,11.6
2009,YR2009,Moldova,MDA,90.7
2009,YR2009,Monaco,MCO,100
2009,YR2009,Mongolia,MNG,32.7
2009,YR2009,Montenegro,MNE,63.65
2009,YR2009,Morocco,MAR,96.2
2009,YR2009,Mozambique,MOZ,2.9
2009,YR2009,Myanmar,MMR,7.6
2009,YR2009,Namibia,NAM,39.9
2009,YR2009,Nauru,NRU,100
2009,YR2009,Nepal,NPL,19.7
2009,YR2009,Netherlands,NLD,100
2009,YR2009,New Caledonia,NCL,..
2009,YR2009,New Zealand,NZL,100
2009,YR2009,Nicaragua,NIC,43.2
2009,YR2009,Niger,NER,1.2
2009,YR2009,Nigeria,NGA,1.5
2009,YR2009,North Macedonia,MKD,66.75
2009,YR2009,Northern Mariana Islands,MNP,..
2009,YR2009,Norway,NOR,100
2009,YR2009,Oman,OMN,100
2009,YR2009,Pakistan,PAK,34
2009,YR2009,Palau,PLW,47.45
2009,YR2009,Panama,PAN,100
2009,YR2009,Papua New Guinea,PNG,7.3
2009,YR2009,Paraguay,PRY,55
2009,YR2009,Peru,PER,63.9
2009,YR2009,Philippines,PHL,40.2
2009,YR2009,Poland,POL,100
2009,YR2009,Portugal,PRT,100
2009,YR2009,Puerto Rico,PRI,..
2009,YR2009,Qatar,QAT,100
2009,YR2009,Romania,ROU,100
2009,YR2009,Russian Federation,RUS,99.7
2009,YR2009,Rwanda,RWA,0.2
2009,YR2009,Samoa,WSM,25.9
2009,YR2009,San Marino,SMR,100
2009,YR2009,Sao Tome and Principe,STP,1
2009,YR2009,Saudi Arabia,SAU,100
2009,YR2009,Senegal,SEN,35.2
2009,YR2009,Serbia,SRB,66.4
2009,YR2009,Seychelles,SYC,100
2009,YR2009,Sierra Leone,SLE,0.4
2009,YR2009,Singapore,SGP,100
2009,YR2009,Sint Maarten (Dutch part),SXM,..
2009,YR2009,Slovak Republic,SVK,100
2009,YR2009,Slovenia,SVN,100
2009,YR2009,Solomon Islands,SLB,8.2
2009,YR2009,Somalia,SOM,0.9
2009,YR2009,South Africa,ZAF,75.3
2009,YR2009,South Sudan,SSD,0
2009,YR2009,Spain,ESP,100
2009,YR2009,Sri Lanka,LKA,21.3
2009,YR2009,St. Kitts and Nevis,KNA,100
2009,YR2009,St. Lucia,LCA,94.9
2009,YR2009,St. Martin (French part),MAF,..
2009,YR2009,St. Vincent and the Grenadines,VCT,95.7
2009,YR2009,Sudan,SDN,29.5
2009,YR2009,Suriname,SUR,86.4
2009,YR2009,Sweden,SWE,100
2009,YR2009,Switzerland,CHE,100
2009,YR2009,Syrian Arab Republic,SYR,98.5
2009,YR2009,Tajikistan,TJK,67.6
2009,YR2009,Tanzania,TZA,1.2
2009,YR2009,Thailand,THA,71.55
2009,YR2009,Timor-Leste,TLS,3.8
2009,YR2009,Togo,TGO,2.8
2009,YR2009,Tonga,TON,57.1
2009,YR2009,Trinidad and Tobago,TTO,100
2009,YR2009,Tunisia,TUN,99.2
2009,YR2009,Turkiye,TUR,94
2009,YR2009,Turkmenistan,TKM,99.9
2009,YR2009,Turks and Caicos Islands,TCA,..
2009,YR2009,Tuvalu,TUV,39.2
2009,YR2009,Uganda,UGA,0.8
2009,YR2009,Ukraine,UKR,94.3
2009,YR2009,United Arab Emirates,ARE,100
2009,YR2009,United Kingdom,GBR,100
2009,YR2009,United States,USA,100
2009,YR2009,Uruguay,URY,100
2009,YR2009,Uzbekistan,UZB,85.5
2009,YR2009,Vanuatu,VUT,12.9
2009,YR2009,"Venezuela, RB",VEN,96.8
2009,YR2009,Viet Nam,VNM,45.1
2009,YR2009,Virgin Islands (U.S.),VIR,..
2009,YR2009,West Bank and Gaza,PSE,..
2009,YR2009,"Yemen, Rep.",YEM,59.6
2009,YR2009,Zambia,ZMB,16.1
2009,YR2009,Zimbabwe,ZWE,30.5
2009,YR2009,Africa Eastern and Southern,AFE,15.1368714334472
2009,YR2009,Africa Western and Central,AFW,6.75702357600921
2009,YR2009,Arab World,ARB,84.5494419840105
2009,YR2009,Caribbean small states,CSS,94.5378458013805
2009,YR2009,Central Europe and the Baltics,CEB,100
2009,YR2009,Early-demographic dividend,EAR,44.3225151193409
2009,YR2009,East Asia & Pacific,EAS,54.8502143035095
2009,YR2009,East Asia & Pacific (excluding high income),EAP,50.0296575063442
2009,YR2009,East Asia & Pacific (IDA & IBRD countries),TEA,50.6032790791267
2009,YR2009,Euro area,EMU,100
2009,YR2009,Europe & Central Asia,ECS,97.0339307578862
2009,YR2009,Europe & Central Asia (excluding high income),ECA,88.6322285839099
2009,YR2009,Europe & Central Asia (IDA & IBRD countries),TEC,93.9633596288976
2009,YR2009,European Union,EUU,100
2009,YR2009,Fragile and conflict affected situations,FCS,23.0512540546301
2009,YR2009,Heavily indebted poor countries (HIPC),HPC,9.22660626626768
2009,YR2009,High income,HIC,99.9657546429543
2009,YR2009,IBRD only,IBD,58.4051394774644
2009,YR2009,IDA & IBRD total,IBT,48.3262052107368
2009,YR2009,IDA blend,IDB,22.4175910349529
2009,YR2009,IDA only,IDX,13.4493195246124
2009,YR2009,IDA total,IDA,16.4579680485108
2009,YR2009,Late-demographic dividend,LTE,65.8413880160808
2009,YR2009,Latin America & Caribbean,LCN,85.2498094919799
2009,YR2009,Latin America & Caribbean (excluding high income),LAC,83.8734693776421
2009,YR2009,Latin America & the Caribbean (IDA & IBRD countries),TLA,85.2153448122284
2009,YR2009,Least developed countries: UN classification,LDC,10.1860713543332
2009,YR2009,Low & middle income,LMY,45.7971819110042
2009,YR2009,Low income,LIC,11.8838117291771
2009,YR2009,Lower middle income,LMC,32.416920781144
2009,YR2009,Middle East & North Africa,MEA,95.301936532833
2009,YR2009,Middle East & North Africa (excluding high income),MNA,94.5328752562543
2009,YR2009,Middle East & North Africa (IDA & IBRD countries),TMN,94.5328752562543
2009,YR2009,Middle income,MIC,49.1517279934993
2009,YR2009,North America,NAC,100
2009,YR2009,Not classified,INX,..
2009,YR2009,OECD members,OED,97.8316079803106
2009,YR2009,Other small states,OSS,66.5562629960939
2009,YR2009,Pacific island small states,PSS,23.3878053238167
2009,YR2009,Post-demographic dividend,PST,99.3934058436594
2009,YR2009,Pre-demographic dividend,PRE,11.2268336884573
2009,YR2009,Small states,SST,65.4706488968146
2009,YR2009,South Asia,SAS,30.9095157507411
2009,YR2009,South Asia (IDA & IBRD),TSA,30.9095157507411
2009,YR2009,Sub-Saharan Africa,SSF,11.7445847704771
2009,YR2009,Sub-Saharan Africa (excluding high income),SSA,11.7355820412845
2009,YR2009,Sub-Saharan Africa (IDA & IBRD countries),TSS,11.7445847704771
2009,YR2009,Upper middle income,UMC,65.4271902718149
2009,YR2009,World,WLD,56.165497691345
2010,YR2010,Afghanistan,AFG,19.9
2010,YR2010,Albania,ALB,66.2
2010,YR2010,Algeria,DZA,99.2
2010,YR2010,American Samoa,ASM,..
2010,YR2010,Andorra,AND,100
2010,YR2010,Angola,AGO,44.6
2010,YR2010,Antigua and Barbuda,ATG,100
2010,YR2010,Argentina,ARG,99.1
2010,YR2010,Armenia,ARM,96.1
2010,YR2010,Aruba,ABW,..
2010,YR2010,Australia,AUS,100
2010,YR2010,Austria,AUT,100
2010,YR2010,Azerbaijan,AZE,93.7
2010,YR2010,"Bahamas, The",BHS,100
2010,YR2010,Bahrain,BHR,100
2010,YR2010,Bangladesh,BGD,12.6
2010,YR2010,Barbados,BRB,100
2010,YR2010,Belarus,BLR,98.7
2010,YR2010,Belgium,BEL,100
2010,YR2010,Belize,BLZ,83.4
2010,YR2010,Benin,BEN,4.4
2010,YR2010,Bermuda,BMU,..
2010,YR2010,Bhutan,BTN,65.7
2010,YR2010,Bolivia,BOL,75.8
2010,YR2010,Bosnia and Herzegovina,BIH,44.8
2010,YR2010,Botswana,BWA,58.4
2010,YR2010,Brazil,BRA,93.9
2010,YR2010,British Virgin Islands,VGB,..
2010,YR2010,Brunei Darussalam,BRN,100
2010,YR2010,Bulgaria,BGR,..
2010,YR2010,Burkina Faso,BFA,5.8
2010,YR2010,Burundi,BDI,0.2
2010,YR2010,Cabo Verde,CPV,69.7
2010,YR2010,Cambodia,KHM,11.5
2010,YR2010,Cameroon,CMR,19
2010,YR2010,Canada,CAN,100
2010,YR2010,Cayman Islands,CYM,..
2010,YR2010,Central African Republic,CAF,0.5
2010,YR2010,Chad,TCD,2.6
2010,YR2010,Channel Islands,CHI,..
2010,YR2010,Chile,CHL,100
2010,YR2010,China,CHN,57.4
2010,YR2010,Colombia,COL,85.6
2010,YR2010,Comoros,COM,3.3
2010,YR2010,"Congo, Dem. Rep.",COD,3.2
2010,YR2010,"Congo, Rep.",COG,16.9
2010,YR2010,Costa Rica,CRI,92.4
2010,YR2010,Cote d'Ivoire,CIV,18.3
2010,YR2010,Croatia,HRV,100
2010,YR2010,Cuba,CUB,87.9
2010,YR2010,Curacao,CUW,..
2010,YR2010,Cyprus,CYP,100
2010,YR2010,Czechia,CZE,100
2010,YR2010,Denmark,DNK,100
2010,YR2010,Djibouti,DJI,6.4
2010,YR2010,Dominica,DMA,88.1
2010,YR2010,Dominican Republic,DOM,87.5
2010,YR2010,Ecuador,ECU,94
2010,YR2010,"Egypt, Arab Rep.",EGY,99.2
2010,YR2010,El Salvador,SLV,77
2010,YR2010,Equatorial Guinea,GNQ,22.9
2010,YR2010,Eritrea,ERI,8.2
2010,YR2010,Estonia,EST,100
2010,YR2010,Eswatini,SWZ,39.1
2010,YR2010,Ethiopia,ETH,2.2
2010,YR2010,Faroe Islands,FRO,..
2010,YR2010,Fiji,FJI,32.4
2010,YR2010,Finland,FIN,100
2010,YR2010,France,FRA,100
2010,YR2010,French Polynesia,PYF,..
2010,YR2010,Gabon,GAB,80.7
2010,YR2010,"Gambia, The",GMB,2.7
2010,YR2010,Georgia,GEO,66
2010,YR2010,Germany,DEU,100
2010,YR2010,Ghana,GHA,15.3
2010,YR2010,Gibraltar,GIB,..
2010,YR2010,Greece,GRC,100
2010,YR2010,Greenland,GRL,..
2010,YR2010,Grenada,GRD,92.7
2010,YR2010,Guam,GUM,..
2010,YR2010,Guatemala,GTM,36.6
2010,YR2010,Guinea,GIN,0.8
2010,YR2010,Guinea-Bissau,GNB,1.1
2010,YR2010,Guyana,GUY,100
2010,YR2010,Haiti,HTI,3.6
2010,YR2010,Honduras,HND,42.4
2010,YR2010,"Hong Kong SAR, China",HKG,..
2010,YR2010,Hungary,HUN,100
2010,YR2010,Iceland,ISL,100
2010,YR2010,India,IND,35.3
2010,YR2010,Indonesia,IDN,40.6
2010,YR2010,"Iran, Islamic Rep.",IRN,96.9
2010,YR2010,Iraq,IRQ,95.3
2010,YR2010,Ireland,IRL,100
2010,YR2010,Isle of Man,IMN,..
2010,YR2010,Israel,ISR,100
2010,YR2010,Italy,ITA,100
2010,YR2010,Jamaica,JAM,86.3
2010,YR2010,Japan,JPN,100
2010,YR2010,Jordan,JOR,99.9
2010,YR2010,Kazakhstan,KAZ,91.6
2010,YR2010,Kenya,KEN,7
2010,YR2010,Kiribati,KIR,3
2010,YR2010,"Korea, Dem. People's Rep.",PRK,5.6
2010,YR2010,"Korea, Rep.",KOR,100
2010,YR2010,Kosovo,XKX,..
2010,YR2010,Kuwait,KWT,100
2010,YR2010,Kyrgyz Republic,KGZ,71.5
2010,YR2010,Lao PDR,LAO,3.5
2010,YR2010,Latvia,LVA,100
2010,YR2010,Lebanon,LBN,..
2010,YR2010,Lesotho,LSO,31.1
2010,YR2010,Liberia,LBR,0.4
2010,YR2010,Libya,LBY,..
2010,YR2010,Liechtenstein,LIE,..
2010,YR2010,Lithuania,LTU,100
2010,YR2010,Luxembourg,LUX,100
2010,YR2010,"Macao SAR, China",MAC,..
2010,YR2010,Madagascar,MDG,1
2010,YR2010,Malawi,MWI,2.3
2010,YR2010,Malaysia,MYS,96.5
2010,YR2010,Maldives,MDV,93.4
2010,YR2010,Mali,MLI,0.9
2010,YR2010,Malta,MLT,100
2010,YR2010,Marshall Islands,MHL,56.8
2010,YR2010,Mauritania,MRT,41.5
2010,YR2010,Mauritius,MUS,97.6
2010,YR2010,Mexico,MEX,85.1
2010,YR2010,"Micronesia, Fed. Sts.",FSM,11.7
2010,YR2010,Moldova,MDA,92
2010,YR2010,Monaco,MCO,100
2010,YR2010,Mongolia,MNG,34.9
2010,YR2010,Montenegro,MNE,63
2010,YR2010,Morocco,MAR,96.6
2010,YR2010,Mozambique,MOZ,3.1
2010,YR2010,Myanmar,MMR,9.1
2010,YR2010,Namibia,NAM,40.7
2010,YR2010,Nauru,NRU,100
2010,YR2010,Nepal,NPL,21.4
2010,YR2010,Netherlands,NLD,100
2010,YR2010,New Caledonia,NCL,..
2010,YR2010,New Zealand,NZL,100
2010,YR2010,Nicaragua,NIC,44.4
2010,YR2010,Niger,NER,1.2
2010,YR2010,Nigeria,NGA,1.8
2010,YR2010,North Macedonia,MKD,68.1
2010,YR2010,Northern Mariana Islands,MNP,..
2010,YR2010,Norway,NOR,100
2010,YR2010,Oman,OMN,100
2010,YR2010,Pakistan,PAK,35.3
2010,YR2010,Palau,PLW,46.7
2010,YR2010,Panama,PAN,100
2010,YR2010,Papua New Guinea,PNG,7.7
2010,YR2010,Paraguay,PRY,56.9
2010,YR2010,Peru,PER,65.7
2010,YR2010,Philippines,PHL,40.1
2010,YR2010,Poland,POL,100
2010,YR2010,Portugal,PRT,100
2010,YR2010,Puerto Rico,PRI,..
2010,YR2010,Qatar,QAT,100
2010,YR2010,Romania,ROU,100
2010,YR2010,Russian Federation,RUS,99.6
2010,YR2010,Rwanda,RWA,0.3
2010,YR2010,Samoa,WSM,26.7
2010,YR2010,San Marino,SMR,100
2010,YR2010,Sao Tome and Principe,STP,1.1
2010,YR2010,Saudi Arabia,SAU,100
2010,YR2010,Senegal,SEN,33.6
2010,YR2010,Serbia,SRB,67.4
2010,YR2010,Seychelles,SYC,100
2010,YR2010,Sierra Leone,SLE,0.4
2010,YR2010,Singapore,SGP,100
2010,YR2010,Sint Maarten (Dutch part),SXM,..
2010,YR2010,Slovak Republic,SVK,100
2010,YR2010,Slovenia,SVN,100
2010,YR2010,Solomon Islands,SLB,8.2
2010,YR2010,Somalia,SOM,1.1
2010,YR2010,South Africa,ZAF,77.1
2010,YR2010,South Sudan,SSD,0
2010,YR2010,Spain,ESP,100
2010,YR2010,Sri Lanka,LKA,21.8
2010,YR2010,St. Kitts and Nevis,KNA,100
2010,YR2010,St. Lucia,LCA,95.2
2010,YR2010,St. Martin (French part),MAF,..
2010,YR2010,St. Vincent and the Grenadines,VCT,95.7
2010,YR2010,Sudan,SDN,32.8
2010,YR2010,Suriname,SUR,87.3
2010,YR2010,Sweden,SWE,100
2010,YR2010,Switzerland,CHE,100
2010,YR2010,Syrian Arab Republic,SYR,98.3
2010,YR2010,Tajikistan,TJK,69.7
2010,YR2010,Tanzania,TZA,1.4
2010,YR2010,Thailand,THA,72.8
2010,YR2010,Timor-Leste,TLS,4.5
2010,YR2010,Togo,TGO,3.3
2010,YR2010,Tonga,TON,59.6
2010,YR2010,Trinidad and Tobago,TTO,100
2010,YR2010,Tunisia,TUN,99.4
2010,YR2010,Turkiye,TUR,94.2
2010,YR2010,Turkmenistan,TKM,99.9
2010,YR2010,Turks and Caicos Islands,TCA,..
2010,YR2010,Tuvalu,TUV,45.1
2010,YR2010,Uganda,UGA,0.9
2010,YR2010,Ukraine,UKR,94.55
2010,YR2010,United Arab Emirates,ARE,100
2010,YR2010,United Kingdom,GBR,100
2010,YR2010,United States,USA,100
2010,YR2010,Uruguay,URY,100
2010,YR2010,Uzbekistan,UZB,85.6
2010,YR2010,Vanuatu,VUT,12.2
2010,YR2010,"Venezuela, RB",VEN,96.7
2010,YR2010,Viet Nam,VNM,49.8
2010,YR2010,Virgin Islands (U.S.),VIR,..
2010,YR2010,West Bank and Gaza,PSE,..
2010,YR2010,"Yemen, Rep.",YEM,59.5
2010,YR2010,Zambia,ZMB,16
2010,YR2010,Zimbabwe,ZWE,30.4
2010,YR2010,Africa Eastern and Southern,AFE,15.5923281591116
2010,YR2010,Africa Western and Central,AFW,7.08843310325331
2010,YR2010,Arab World,ARB,85.0798710907017
2010,YR2010,Caribbean small states,CSS,94.6775870242875
2010,YR2010,Central Europe and the Baltics,CEB,100
2010,YR2010,Early-demographic dividend,EAR,45.9622173073944
2010,YR2010,East Asia & Pacific,EAS,57.152388804693
2010,YR2010,East Asia & Pacific (excluding high income),EAP,52.5941525706192
2010,YR2010,East Asia & Pacific (IDA & IBRD countries),TEA,53.1909578683068
2010,YR2010,Euro area,EMU,100
2010,YR2010,Europe & Central Asia,ECS,97.1226732235265
2010,YR2010,Europe & Central Asia (excluding high income),ECA,89.1015396081807
2010,YR2010,Europe & Central Asia (IDA & IBRD countries),TEC,94.1474706695599
2010,YR2010,European Union,EUU,100
2010,YR2010,Fragile and conflict affected situations,FCS,23.3769034898704
2010,YR2010,Heavily indebted poor countries (HIPC),HPC,9.672569627563
2010,YR2010,High income,HIC,99.9548366877978
2010,YR2010,IBRD only,IBD,60.149353739461
2010,YR2010,IDA & IBRD total,IBT,49.6967428116639
2010,YR2010,IDA blend,IDB,23.1228452066574
2010,YR2010,IDA only,IDX,14.047047840678
2010,YR2010,IDA total,IDA,17.0965096056648
2010,YR2010,Late-demographic dividend,LTE,67.5369728538866
2010,YR2010,Latin America & Caribbean,LCN,85.6445847084437
2010,YR2010,Latin America & Caribbean (excluding high income),LAC,84.3139053222608
2010,YR2010,Latin America & the Caribbean (IDA & IBRD countries),TLA,85.5907875407289
2010,YR2010,Least developed countries: UN classification,LDC,10.7799481497784
2010,YR2010,Low & middle income,LMY,47.2609751675265
2010,YR2010,Low income,LIC,12.2850529415871
2010,YR2010,Lower middle income,LMC,33.8153004086688
2010,YR2010,Middle East & North Africa,MEA,95.4984687808963
2010,YR2010,Middle East & North Africa (excluding high income),MNA,94.7480626733045
2010,YR2010,Middle East & North Africa (IDA & IBRD countries),TMN,94.7480626733045
2010,YR2010,Middle income,MIC,50.7767907416141
2010,YR2010,North America,NAC,100
2010,YR2010,Not classified,INX,..
2010,YR2010,OECD members,OED,97.8454318122684
2010,YR2010,Other small states,OSS,67.010132646761
2010,YR2010,Pacific island small states,PSS,24.0434059948701
2010,YR2010,Post-demographic dividend,PST,99.4252167962261
2010,YR2010,Pre-demographic dividend,PRE,11.6837705888233
2010,YR2010,Small states,SST,65.8810385241071
2010,YR2010,South Asia,SAS,32.6402028441313
2010,YR2010,South Asia (IDA & IBRD),TSA,32.6402028441313
2010,YR2010,Sub-Saharan Africa,SSF,12.1480592091848
2010,YR2010,Sub-Saharan Africa (excluding high income),SSA,12.1390943346225
2010,YR2010,Sub-Saharan Africa (IDA & IBRD countries),TSS,12.1480592091848
2010,YR2010,Upper middle income,UMC,67.4201973554035
2010,YR2010,World,WLD,57.2824295412231
2011,YR2011,Afghanistan,AFG,21.3
2011,YR2011,Albania,ALB,69.1
2011,YR2011,Algeria,DZA,99.3
2011,YR2011,American Samoa,ASM,..
2011,YR2011,Andorra,AND,100
2011,YR2011,Angola,AGO,44.8
2011,YR2011,Antigua and Barbuda,ATG,100
2011,YR2011,Argentina,ARG,99.3
2011,YR2011,Armenia,ARM,96.6
2011,YR2011,Aruba,ABW,..
2011,YR2011,Australia,AUS,100
2011,YR2011,Austria,AUT,100
2011,YR2011,Azerbaijan,AZE,94.7
2011,YR2011,"Bahamas, The",BHS,100
2011,YR2011,Bahrain,BHR,100
2011,YR2011,Bangladesh,BGD,13.6
2011,YR2011,Barbados,BRB,100
2011,YR2011,Belarus,BLR,99
2011,YR2011,Belgium,BEL,100
2011,YR2011,Belize,BLZ,83.5
2011,YR2011,Benin,BEN,4.8
2011,YR2011,Bermuda,BMU,..
2011,YR2011,Bhutan,BTN,68.5
2011,YR2011,Bolivia,BOL,77.2
2011,YR2011,Bosnia and Herzegovina,BIH,43.7
2011,YR2011,Botswana,BWA,59.4
2011,YR2011,Brazil,BRA,94.3
2011,YR2011,British Virgin Islands,VGB,..
2011,YR2011,Brunei Darussalam,BRN,100
2011,YR2011,Bulgaria,BGR,..
2011,YR2011,Burkina Faso,BFA,6.2
2011,YR2011,Burundi,BDI,0.2
2011,YR2011,Cabo Verde,CPV,70.8
2011,YR2011,Cambodia,KHM,12.9
2011,YR2011,Cameroon,CMR,19.7
2011,YR2011,Canada,CAN,100
2011,YR2011,Cayman Islands,CYM,..
2011,YR2011,Central African Republic,CAF,0.5
2011,YR2011,Chad,TCD,2.85
2011,YR2011,Channel Islands,CHI,..
2011,YR2011,Chile,CHL,100
2011,YR2011,China,CHN,60.1
2011,YR2011,Colombia,COL,86.5
2011,YR2011,Comoros,COM,3.8
2011,YR2011,"Congo, Dem. Rep.",COD,3.4
2011,YR2011,"Congo, Rep.",COG,18.5
2011,YR2011,Costa Rica,CRI,92.8
2011,YR2011,Cote d'Ivoire,CIV,19.3
2011,YR2011,Croatia,HRV,100
2011,YR2011,Cuba,CUB,89.1
2011,YR2011,Curacao,CUW,..
2011,YR2011,Cyprus,CYP,100
2011,YR2011,Czechia,CZE,100
2011,YR2011,Denmark,DNK,100
2011,YR2011,Djibouti,DJI,7
2011,YR2011,Dominica,DMA,88.3
2011,YR2011,Dominican Republic,DOM,87.6
2011,YR2011,Ecuador,ECU,93.95
2011,YR2011,"Egypt, Arab Rep.",EGY,99.5
2011,YR2011,El Salvador,SLV,78.6
2011,YR2011,Equatorial Guinea,GNQ,23
2011,YR2011,Eritrea,ERI,8.4
2011,YR2011,Estonia,EST,100
2011,YR2011,Eswatini,SWZ,41.3
2011,YR2011,Ethiopia,ETH,2.6
2011,YR2011,Faroe Islands,FRO,..
2011,YR2011,Fiji,FJI,33.4
2011,YR2011,Finland,FIN,100
2011,YR2011,France,FRA,100
2011,YR2011,French Polynesia,PYF,..
2011,YR2011,Gabon,GAB,82
2011,YR2011,"Gambia, The",GMB,2.4
2011,YR2011,Georgia,GEO,68.5
2011,YR2011,Germany,DEU,100
2011,YR2011,Ghana,GHA,16.6
2011,YR2011,Gibraltar,GIB,..
2011,YR2011,Greece,GRC,100
2011,YR2011,Greenland,GRL,..
2011,YR2011,Grenada,GRD,92.3
2011,YR2011,Guam,GUM,..
2011,YR2011,Guatemala,GTM,37.2
2011,YR2011,Guinea,GIN,0.8
2011,YR2011,Guinea-Bissau,GNB,1.1
2011,YR2011,Guyana,GUY,100
2011,YR2011,Haiti,HTI,3.7
2011,YR2011,Honduras,HND,43.4
2011,YR2011,"Hong Kong SAR, China",HKG,..
2011,YR2011,Hungary,HUN,100
2011,YR2011,Iceland,ISL,100
2011,YR2011,India,IND,37.2
2011,YR2011,Indonesia,IDN,46.6
2011,YR2011,"Iran, Islamic Rep.",IRN,97
2011,YR2011,Iraq,IRQ,96.3
2011,YR2011,Ireland,IRL,100
2011,YR2011,Isle of Man,IMN,..
2011,YR2011,Israel,ISR,100
2011,YR2011,Italy,ITA,100
2011,YR2011,Jamaica,JAM,86.1
2011,YR2011,Japan,JPN,100
2011,YR2011,Jordan,JOR,99.9
2011,YR2011,Kazakhstan,KAZ,92.1
2011,YR2011,Kenya,KEN,7.6
2011,YR2011,Kiribati,KIR,3.5
2011,YR2011,"Korea, Dem. People's Rep.",PRK,6.2
2011,YR2011,"Korea, Rep.",KOR,100
2011,YR2011,Kosovo,XKX,..
2011,YR2011,Kuwait,KWT,100
2011,YR2011,Kyrgyz Republic,KGZ,72.8
2011,YR2011,Lao PDR,LAO,4
2011,YR2011,Latvia,LVA,100
2011,YR2011,Lebanon,LBN,..
2011,YR2011,Lesotho,LSO,32.4
2011,YR2011,Liberia,LBR,0.3
2011,YR2011,Libya,LBY,..
2011,YR2011,Liechtenstein,LIE,..
2011,YR2011,Lithuania,LTU,100
2011,YR2011,Luxembourg,LUX,100
2011,YR2011,"Macao SAR, China",MAC,..
2011,YR2011,Madagascar,MDG,0.9
2011,YR2011,Malawi,MWI,2.4
2011,YR2011,Malaysia,MYS,95.9
2011,YR2011,Maldives,MDV,95
2011,YR2011,Mali,MLI,0.9
2011,YR2011,Malta,MLT,100
2011,YR2011,Marshall Islands,MHL,59.5
2011,YR2011,Mauritania,MRT,41.8
2011,YR2011,Mauritius,MUS,97.8
2011,YR2011,Mexico,MEX,84.8
2011,YR2011,"Micronesia, Fed. Sts.",FSM,12
2011,YR2011,Moldova,MDA,93.1
2011,YR2011,Monaco,MCO,100
2011,YR2011,Mongolia,MNG,36.8
2011,YR2011,Montenegro,MNE,62.8
2011,YR2011,Morocco,MAR,96.9
2011,YR2011,Mozambique,MOZ,3.3
2011,YR2011,Myanmar,MMR,10.9
2011,YR2011,Namibia,NAM,41.3
2011,YR2011,Nauru,NRU,100
2011,YR2011,Nepal,NPL,23
2011,YR2011,Netherlands,NLD,100
2011,YR2011,New Caledonia,NCL,..
2011,YR2011,New Zealand,NZL,100
2011,YR2011,Nicaragua,NIC,45.7
2011,YR2011,Niger,NER,1.4
2011,YR2011,Nigeria,NGA,2.1
2011,YR2011,North Macedonia,MKD,69.2
2011,YR2011,Northern Mariana Islands,MNP,..
2011,YR2011,Norway,NOR,100
2011,YR2011,Oman,OMN,100
2011,YR2011,Pakistan,PAK,36.5
2011,YR2011,Palau,PLW,45.3
2011,YR2011,Panama,PAN,100
2011,YR2011,Papua New Guinea,PNG,7.9
2011,YR2011,Paraguay,PRY,59.3
2011,YR2011,Peru,PER,67.8
2011,YR2011,Philippines,PHL,40.5
2011,YR2011,Poland,POL,100
2011,YR2011,Portugal,PRT,100
2011,YR2011,Puerto Rico,PRI,..
2011,YR2011,Qatar,QAT,100
2011,YR2011,Romania,ROU,100
2011,YR2011,Russian Federation,RUS,99.6
2011,YR2011,Rwanda,RWA,0.3
2011,YR2011,Samoa,WSM,27.8
2011,YR2011,San Marino,SMR,100
2011,YR2011,Sao Tome and Principe,STP,1.3
2011,YR2011,Saudi Arabia,SAU,100
2011,YR2011,Senegal,SEN,31.9
2011,YR2011,Serbia,SRB,68.2
2011,YR2011,Seychelles,SYC,100
2011,YR2011,Sierra Leone,SLE,0.4
2011,YR2011,Singapore,SGP,100
2011,YR2011,Sint Maarten (Dutch part),SXM,..
2011,YR2011,Slovak Republic,SVK,100
2011,YR2011,Slovenia,SVN,100
2011,YR2011,Solomon Islands,SLB,8.1
2011,YR2011,Somalia,SOM,1.2
2011,YR2011,South Africa,ZAF,78.7
2011,YR2011,South Sudan,SSD,0
2011,YR2011,Spain,ESP,100
2011,YR2011,Sri Lanka,LKA,22.7
2011,YR2011,St. Kitts and Nevis,KNA,100
2011,YR2011,St. Lucia,LCA,95.6
2011,YR2011,St. Martin (French part),MAF,..
2011,YR2011,St. Vincent and the Grenadines,VCT,95.5
2011,YR2011,Sudan,SDN,35.8
2011,YR2011,Suriname,SUR,88.15
2011,YR2011,Sweden,SWE,100
2011,YR2011,Switzerland,CHE,100
2011,YR2011,Syrian Arab Republic,SYR,98
2011,YR2011,Tajikistan,TJK,71.5
2011,YR2011,Tanzania,TZA,1.6
2011,YR2011,Thailand,THA,74
2011,YR2011,Timor-Leste,TLS,5.2
2011,YR2011,Togo,TGO,3.9
2011,YR2011,Tonga,TON,62.3
2011,YR2011,Trinidad and Tobago,TTO,100
2011,YR2011,Tunisia,TUN,99.5
2011,YR2011,Turkiye,TUR,94.5
2011,YR2011,Turkmenistan,TKM,99.9
2011,YR2011,Turks and Caicos Islands,TCA,..
2011,YR2011,Tuvalu,TUV,50.5
2011,YR2011,Uganda,UGA,0.9
2011,YR2011,Ukraine,UKR,94.6
2011,YR2011,United Arab Emirates,ARE,100
2011,YR2011,United Kingdom,GBR,100
2011,YR2011,United States,USA,100
2011,YR2011,Uruguay,URY,100
2011,YR2011,Uzbekistan,UZB,85.3
2011,YR2011,Vanuatu,VUT,11.6
2011,YR2011,"Venezuela, RB",VEN,96.6
2011,YR2011,Viet Nam,VNM,55.2
2011,YR2011,Virgin Islands (U.S.),VIR,..
2011,YR2011,West Bank and Gaza,PSE,..
2011,YR2011,"Yemen, Rep.",YEM,59.5
2011,YR2011,Zambia,ZMB,15.8
2011,YR2011,Zimbabwe,ZWE,30.2
2011,YR2011,Africa Eastern and Southern,AFE,16.0053561629992
2011,YR2011,Africa Western and Central,AFW,7.43354597261206
2011,YR2011,Arab World,ARB,85.5868204298667
2011,YR2011,Caribbean small states,CSS,94.8175163506786
2011,YR2011,Central Europe and the Baltics,CEB,100
2011,YR2011,Early-demographic dividend,EAR,47.5749694664788
2011,YR2011,East Asia & Pacific,EAS,59.7701551329216
2011,YR2011,East Asia & Pacific (excluding high income),EAP,55.5108171011037
2011,YR2011,East Asia & Pacific (IDA & IBRD countries),TEA,56.1346413903659
2011,YR2011,Euro area,EMU,100
2011,YR2011,Europe & Central Asia,ECS,97.2030078122012
2011,YR2011,Europe & Central Asia (excluding high income),ECA,89.485576374539
2011,YR2011,Europe & Central Asia (IDA & IBRD countries),TEC,94.3257188325495
2011,YR2011,European Union,EUU,100
2011,YR2011,Fragile and conflict affected situations,FCS,23.7094663231036
2011,YR2011,Heavily indebted poor countries (HIPC),HPC,10.1225525660997
2011,YR2011,High income,HIC,99.9549556879828
2011,YR2011,IBRD only,IBD,62.0438258625482
2011,YR2011,IDA & IBRD total,IBT,51.1735014194968
2011,YR2011,IDA blend,IDB,23.760455938292
2011,YR2011,IDA only,IDX,14.6505787910652
2011,YR2011,IDA total,IDA,17.7142672384662
2011,YR2011,Late-demographic dividend,LTE,69.5610752705091
2011,YR2011,Latin America & Caribbean,LCN,86.0206119181972
2011,YR2011,Latin America & Caribbean (excluding high income),LAC,84.7351862338201
2011,YR2011,Latin America & the Caribbean (IDA & IBRD countries),TLA,85.9514678176306
2011,YR2011,Least developed countries: UN classification,LDC,11.3733226843412
2011,YR2011,Low & middle income,LMY,48.8290421663313
2011,YR2011,Low income,LIC,12.6578555753227
2011,YR2011,Lower middle income,LMC,35.2472354360206
2011,YR2011,Middle East & North Africa,MEA,95.6729139496835
2011,YR2011,Middle East & North Africa (excluding high income),MNA,94.9452744388033
2011,YR2011,Middle East & North Africa (IDA & IBRD countries),TMN,94.9452744388033
2011,YR2011,Middle income,MIC,52.5223820789291
2011,YR2011,North America,NAC,100
2011,YR2011,Not classified,INX,..
2011,YR2011,OECD members,OED,97.8508815273099
2011,YR2011,Other small states,OSS,67.3715464020616
2011,YR2011,Pacific island small states,PSS,24.5469910848869
2011,YR2011,Post-demographic dividend,PST,99.4448056871498
2011,YR2011,Pre-demographic dividend,PRE,12.131055719202
2011,YR2011,Small states,SST,66.2001198017027
2011,YR2011,South Asia,SAS,34.3542832465128
2011,YR2011,South Asia (IDA & IBRD),TSA,34.3542832465128
2011,YR2011,Sub-Saharan Africa,SSF,12.5313565052396
2011,YR2011,Sub-Saharan Africa (excluding high income),SSA,12.5228977678174
2011,YR2011,Sub-Saharan Africa (IDA & IBRD countries),TSS,12.5313565052396
2011,YR2011,Upper middle income,UMC,69.6154229944512
2011,YR2011,World,WLD,58.4743595233425
2012,YR2012,Afghanistan,AFG,22.9
2012,YR2012,Albania,ALB,71.3
2012,YR2012,Algeria,DZA,99.4
2012,YR2012,American Samoa,ASM,..
2012,YR2012,Andorra,AND,100
2012,YR2012,Angola,AGO,45.7
2012,YR2012,Antigua and Barbuda,ATG,100
2012,YR2012,Argentina,ARG,99.4
2012,YR2012,Armenia,ARM,96.8
2012,YR2012,Aruba,ABW,..
2012,YR2012,Australia,AUS,100
2012,YR2012,Austria,AUT,100
2012,YR2012,Azerbaijan,AZE,95.5
2012,YR2012,"Bahamas, The",BHS,100
2012,YR2012,Bahrain,BHR,100
2012,YR2012,Bangladesh,BGD,14.6
2012,YR2012,Barbados,BRB,100
2012,YR2012,Belarus,BLR,99.2
2012,YR2012,Belgium,BEL,100
2012,YR2012,Belize,BLZ,83.4
2012,YR2012,Benin,BEN,4.9
2012,YR2012,Bermuda,BMU,..
2012,YR2012,Bhutan,BTN,71.2
2012,YR2012,Bolivia,BOL,78.6
2012,YR2012,Bosnia and Herzegovina,BIH,43.2
2012,YR2012,Botswana,BWA,60.1
2012,YR2012,Brazil,BRA,94.7
2012,YR2012,British Virgin Islands,VGB,..
2012,YR2012,Brunei Darussalam,BRN,100
2012,YR2012,Bulgaria,BGR,..
2012,YR2012,Burkina Faso,BFA,6.9
2012,YR2012,Burundi,BDI,0.2
2012,YR2012,Cabo Verde,CPV,71.9
2012,YR2012,Cambodia,KHM,14.5
2012,YR2012,Cameroon,CMR,20.3
2012,YR2012,Canada,CAN,100
2012,YR2012,Cayman Islands,CYM,..
2012,YR2012,Central African Republic,CAF,0.5
2012,YR2012,Chad,TCD,3.1
2012,YR2012,Channel Islands,CHI,..
2012,YR2012,Chile,CHL,100
2012,YR2012,China,CHN,62.9
2012,YR2012,Colombia,COL,87.1
2012,YR2012,Comoros,COM,4.3
2012,YR2012,"Congo, Dem. Rep.",COD,3.5
2012,YR2012,"Congo, Rep.",COG,20.3
2012,YR2012,Costa Rica,CRI,93.2
2012,YR2012,Cote d'Ivoire,CIV,20.6
2012,YR2012,Croatia,HRV,100
2012,YR2012,Cuba,CUB,90.2
2012,YR2012,Curacao,CUW,..
2012,YR2012,Cyprus,CYP,100
2012,YR2012,Czechia,CZE,100
2012,YR2012,Denmark,DNK,100
2012,YR2012,Djibouti,DJI,7.4
2012,YR2012,Dominica,DMA,88.7
2012,YR2012,Dominican Republic,DOM,87.9
2012,YR2012,Ecuador,ECU,94
2012,YR2012,"Egypt, Arab Rep.",EGY,99.7
2012,YR2012,El Salvador,SLV,80.4
2012,YR2012,Equatorial Guinea,GNQ,23.5
2012,YR2012,Eritrea,ERI,8.9
2012,YR2012,Estonia,EST,100
2012,YR2012,Eswatini,SWZ,42.5
2012,YR2012,Ethiopia,ETH,3
2012,YR2012,Faroe Islands,FRO,..
2012,YR2012,Fiji,FJI,35
2012,YR2012,Finland,FIN,100
2012,YR2012,France,FRA,100
2012,YR2012,French Polynesia,PYF,..
2012,YR2012,Gabon,GAB,83.2
2012,YR2012,"Gambia, The",GMB,2.3
2012,YR2012,Georgia,GEO,71
2012,YR2012,Germany,DEU,100
2012,YR2012,Ghana,GHA,17.6
2012,YR2012,Gibraltar,GIB,..
2012,YR2012,Greece,GRC,100
2012,YR2012,Greenland,GRL,..
2012,YR2012,Grenada,GRD,92
2012,YR2012,Guam,GUM,..
2012,YR2012,Guatemala,GTM,37.6
2012,YR2012,Guinea,GIN,0.8
2012,YR2012,Guinea-Bissau,GNB,1.1
2012,YR2012,Guyana,GUY,100
2012,YR2012,Haiti,HTI,3.8
2012,YR2012,Honduras,HND,44.1
2012,YR2012,"Hong Kong SAR, China",HKG,..
2012,YR2012,Hungary,HUN,100
2012,YR2012,Iceland,ISL,100
2012,YR2012,India,IND,39.2
2012,YR2012,Indonesia,IDN,52.6
2012,YR2012,"Iran, Islamic Rep.",IRN,97.1
2012,YR2012,Iraq,IRQ,97.1
2012,YR2012,Ireland,IRL,100
2012,YR2012,Isle of Man,IMN,..
2012,YR2012,Israel,ISR,100
2012,YR2012,Italy,ITA,100
2012,YR2012,Jamaica,JAM,85.9
2012,YR2012,Japan,JPN,100
2012,YR2012,Jordan,JOR,99.9
2012,YR2012,Kazakhstan,KAZ,92.4
2012,YR2012,Kenya,KEN,8.5
2012,YR2012,Kiribati,KIR,4.1
2012,YR2012,"Korea, Dem. People's Rep.",PRK,6.8
2012,YR2012,"Korea, Rep.",KOR,100
2012,YR2012,Kosovo,XKX,..
2012,YR2012,Kuwait,KWT,100
2012,YR2012,Kyrgyz Republic,KGZ,74.2
2012,YR2012,Lao PDR,LAO,4.3
2012,YR2012,Latvia,LVA,100
2012,YR2012,Lebanon,LBN,..
2012,YR2012,Lesotho,LSO,33.6
2012,YR2012,Liberia,LBR,0.3
2012,YR2012,Libya,LBY,..
2012,YR2012,Liechtenstein,LIE,..
2012,YR2012,Lithuania,LTU,100
2012,YR2012,Luxembourg,LUX,100
2012,YR2012,"Macao SAR, China",MAC,..
2012,YR2012,Madagascar,MDG,1
2012,YR2012,Malawi,MWI,2.4
2012,YR2012,Malaysia,MYS,95.2
2012,YR2012,Maldives,MDV,96.3
2012,YR2012,Mali,MLI,0.9
2012,YR2012,Malta,MLT,100
2012,YR2012,Marshall Islands,MHL,61.6
2012,YR2012,Mauritania,MRT,42.6
2012,YR2012,Mauritius,MUS,98.1
2012,YR2012,Mexico,MEX,84.7
2012,YR2012,"Micronesia, Fed. Sts.",FSM,12.1
2012,YR2012,Moldova,MDA,94.1
2012,YR2012,Monaco,MCO,100
2012,YR2012,Mongolia,MNG,38.6
2012,YR2012,Montenegro,MNE,62.2
2012,YR2012,Morocco,MAR,97.2
2012,YR2012,Mozambique,MOZ,3.4
2012,YR2012,Myanmar,MMR,13.1
2012,YR2012,Namibia,NAM,42.3
2012,YR2012,Nauru,NRU,100
2012,YR2012,Nepal,NPL,24.7
2012,YR2012,Netherlands,NLD,100
2012,YR2012,New Caledonia,NCL,..
2012,YR2012,New Zealand,NZL,100
2012,YR2012,Nicaragua,NIC,46.9
2012,YR2012,Niger,NER,1.5
2012,YR2012,Nigeria,NGA,2.5
2012,YR2012,North Macedonia,MKD,70.3
2012,YR2012,Northern Mariana Islands,MNP,..
2012,YR2012,Norway,NOR,100
2012,YR2012,Oman,OMN,100
2012,YR2012,Pakistan,PAK,37.95
2012,YR2012,Palau,PLW,44.1
2012,YR2012,Panama,PAN,100
2012,YR2012,Papua New Guinea,PNG,8.4
2012,YR2012,Paraguay,PRY,61.1
2012,YR2012,Peru,PER,69.8
2012,YR2012,Philippines,PHL,40.9
2012,YR2012,Poland,POL,100
2012,YR2012,Portugal,PRT,100
2012,YR2012,Puerto Rico,PRI,..
2012,YR2012,Qatar,QAT,100
2012,YR2012,Romania,ROU,100
2012,YR2012,Russian Federation,RUS,99.5
2012,YR2012,Rwanda,RWA,0.4
2012,YR2012,Samoa,WSM,28.8
2012,YR2012,San Marino,SMR,100
2012,YR2012,Sao Tome and Principe,STP,1.5
2012,YR2012,Saudi Arabia,SAU,100
2012,YR2012,Senegal,SEN,30.7
2012,YR2012,Serbia,SRB,69.45
2012,YR2012,Seychelles,SYC,100
2012,YR2012,Sierra Leone,SLE,0.5
2012,YR2012,Singapore,SGP,100
2012,YR2012,Sint Maarten (Dutch part),SXM,..
2012,YR2012,Slovak Republic,SVK,100
2012,YR2012,Slovenia,SVN,100
2012,YR2012,Solomon Islands,SLB,8.1
2012,YR2012,Somalia,SOM,1.4
2012,YR2012,South Africa,ZAF,80
2012,YR2012,South Sudan,SSD,0
2012,YR2012,Spain,ESP,100
2012,YR2012,Sri Lanka,LKA,23.3
2012,YR2012,St. Kitts and Nevis,KNA,100
2012,YR2012,St. Lucia,LCA,95.6
2012,YR2012,St. Martin (French part),MAF,..
2012,YR2012,St. Vincent and the Grenadines,VCT,95.2
2012,YR2012,Sudan,SDN,39
2012,YR2012,Suriname,SUR,89.2
2012,YR2012,Sweden,SWE,100
2012,YR2012,Switzerland,CHE,100
2012,YR2012,Syrian Arab Republic,SYR,97.6
2012,YR2012,Tajikistan,TJK,73.4
2012,YR2012,Tanzania,TZA,1.9
2012,YR2012,Thailand,THA,75.3
2012,YR2012,Timor-Leste,TLS,6
2012,YR2012,Togo,TGO,4.5
2012,YR2012,Tonga,TON,64.7
2012,YR2012,Trinidad and Tobago,TTO,100
2012,YR2012,Tunisia,TUN,99.6
2012,YR2012,Turkiye,TUR,94.6
2012,YR2012,Turkmenistan,TKM,99.9
2012,YR2012,Turks and Caicos Islands,TCA,..
2012,YR2012,Tuvalu,TUV,55.8
2012,YR2012,Uganda,UGA,0.9
2012,YR2012,Ukraine,UKR,94.9
2012,YR2012,United Arab Emirates,ARE,100
2012,YR2012,United Kingdom,GBR,100
2012,YR2012,United States,USA,100
2012,YR2012,Uruguay,URY,100
2012,YR2012,Uzbekistan,UZB,85.2
2012,YR2012,Vanuatu,VUT,10.8
2012,YR2012,"Venezuela, RB",VEN,96.8
2012,YR2012,Viet Nam,VNM,60.4
2012,YR2012,Virgin Islands (U.S.),VIR,..
2012,YR2012,West Bank and Gaza,PSE,..
2012,YR2012,"Yemen, Rep.",YEM,59.1
2012,YR2012,Zambia,ZMB,15.5
2012,YR2012,Zimbabwe,ZWE,30.2
2012,YR2012,Africa Eastern and Southern,AFE,16.4669445576136
2012,YR2012,Africa Western and Central,AFW,7.84574360783694
2012,YR2012,Arab World,ARB,86.0211149028032
2012,YR2012,Caribbean small states,CSS,94.9603137434016
2012,YR2012,Central Europe and the Baltics,CEB,100
2012,YR2012,Early-demographic dividend,EAR,49.2256756407804
2012,YR2012,East Asia & Pacific,EAS,62.4578788906179
2012,YR2012,East Asia & Pacific (excluding high income),EAP,58.5054451938752
2012,YR2012,East Asia & Pacific (IDA & IBRD countries),TEA,59.1566375909602
2012,YR2012,Euro area,EMU,100
2012,YR2012,Europe & Central Asia,ECS,97.2754816493305
2012,YR2012,Europe & Central Asia (excluding high income),ECA,89.8670407681881
2012,YR2012,Europe & Central Asia (IDA & IBRD countries),TEC,94.4774394541838
2012,YR2012,European Union,EUU,100
2012,YR2012,Fragile and conflict affected situations,FCS,24.0979082242768
2012,YR2012,Heavily indebted poor countries (HIPC),HPC,10.6010731003924
2012,YR2012,High income,HIC,99.9440379313211
2012,YR2012,IBRD only,IBD,63.9901875066327
2012,YR2012,IDA & IBRD total,IBT,52.7001281909557
2012,YR2012,IDA blend,IDB,24.5197659204408
2012,YR2012,IDA only,IDX,15.2326086436195
2012,YR2012,IDA total,IDA,18.3552250714882
2012,YR2012,Late-demographic dividend,LTE,71.6180149171935
2012,YR2012,Latin America & Caribbean,LCN,86.3968145418665
2012,YR2012,Latin America & Caribbean (excluding high income),LAC,85.1403645169585
2012,YR2012,Latin America & the Caribbean (IDA & IBRD countries),TLA,86.3145842760734
2012,YR2012,Least developed countries: UN classification,LDC,12.0241883029082
2012,YR2012,Low & middle income,LMY,50.4466053661117
2012,YR2012,Low income,LIC,12.9581916366459
2012,YR2012,Lower middle income,LMC,36.7522378377742
2012,YR2012,Middle East & North Africa,MEA,95.7756050277236
2012,YR2012,Middle East & North Africa (excluding high income),MNA,95.0590435480523
2012,YR2012,Middle East & North Africa (IDA & IBRD countries),TMN,95.0590435480523
2012,YR2012,Middle income,MIC,54.3304061810557
2012,YR2012,North America,NAC,100
2012,YR2012,Not classified,INX,..
2012,YR2012,OECD members,OED,97.8553889515886
2012,YR2012,Other small states,OSS,67.6620246144588
2012,YR2012,Pacific island small states,PSS,25.2227925958476
2012,YR2012,Post-demographic dividend,PST,99.4757418850412
2012,YR2012,Pre-demographic dividend,PRE,12.7068951026116
2012,YR2012,Small states,SST,66.4988619661023
2012,YR2012,South Asia,SAS,36.1707771410374
2012,YR2012,South Asia (IDA & IBRD),TSA,36.1707771410374
2012,YR2012,Sub-Saharan Africa,SSF,12.9714628931171
2012,YR2012,Sub-Saharan Africa (excluding high income),SSA,12.9631928250856
2012,YR2012,Sub-Saharan Africa (IDA & IBRD countries),TSS,12.9714628931171
2012,YR2012,Upper middle income,UMC,71.8457839500429
2012,YR2012,World,WLD,59.7197195841604
2013,YR2013,Afghanistan,AFG,24.5
2013,YR2013,Albania,ALB,73.1
2013,YR2013,Algeria,DZA,99.4
2013,YR2013,American Samoa,ASM,..
2013,YR2013,Andorra,AND,100
2013,YR2013,Angola,AGO,45.95
2013,YR2013,Antigua and Barbuda,ATG,100
2013,YR2013,Argentina,ARG,99.6
2013,YR2013,Armenia,ARM,97.1
2013,YR2013,Aruba,ABW,..
2013,YR2013,Australia,AUS,100
2013,YR2013,Austria,AUT,100
2013,YR2013,Azerbaijan,AZE,96
2013,YR2013,"Bahamas, The",BHS,100
2013,YR2013,Bahrain,BHR,100
2013,YR2013,Bangladesh,BGD,15.7
2013,YR2013,Barbados,BRB,100
2013,YR2013,Belarus,BLR,99.3
2013,YR2013,Belgium,BEL,100
2013,YR2013,Belize,BLZ,83.3
2013,YR2013,Benin,BEN,5
2013,YR2013,Bermuda,BMU,..
2013,YR2013,Bhutan,BTN,73.8
2013,YR2013,Bolivia,BOL,79.9
2013,YR2013,Bosnia and Herzegovina,BIH,42.1
2013,YR2013,Botswana,BWA,60.5
2013,YR2013,Brazil,BRA,95.1
2013,YR2013,British Virgin Islands,VGB,..
2013,YR2013,Brunei Darussalam,BRN,100
2013,YR2013,Bulgaria,BGR,..
2013,YR2013,Burkina Faso,BFA,7.5
2013,YR2013,Burundi,BDI,0.2
2013,YR2013,Cabo Verde,CPV,73
2013,YR2013,Cambodia,KHM,16.1
2013,YR2013,Cameroon,CMR,21
2013,YR2013,Canada,CAN,100
2013,YR2013,Cayman Islands,CYM,..
2013,YR2013,Central African Republic,CAF,0.6
2013,YR2013,Chad,TCD,3.4
2013,YR2013,Channel Islands,CHI,..
2013,YR2013,Chile,CHL,100
2013,YR2013,China,CHN,65.8
2013,YR2013,Colombia,COL,87.9
2013,YR2013,Comoros,COM,4.7
2013,YR2013,"Congo, Dem. Rep.",COD,3.6
2013,YR2013,"Congo, Rep.",COG,21.9
2013,YR2013,Costa Rica,CRI,93.5
2013,YR2013,Cote d'Ivoire,CIV,21.6
2013,YR2013,Croatia,HRV,100
2013,YR2013,Cuba,CUB,91.3
2013,YR2013,Curacao,CUW,..
2013,YR2013,Cyprus,CYP,100
2013,YR2013,Czechia,CZE,100
2013,YR2013,Denmark,DNK,100
2013,YR2013,Djibouti,DJI,7.8
2013,YR2013,Dominica,DMA,88.9
2013,YR2013,Dominican Republic,DOM,88.3
2013,YR2013,Ecuador,ECU,94.2
2013,YR2013,"Egypt, Arab Rep.",EGY,99.8
2013,YR2013,El Salvador,SLV,82.1
2013,YR2013,Equatorial Guinea,GNQ,23.4
2013,YR2013,Eritrea,ERI,9
2013,YR2013,Estonia,EST,100
2013,YR2013,Eswatini,SWZ,43.7
2013,YR2013,Ethiopia,ETH,3.4
2013,YR2013,Faroe Islands,FRO,..
2013,YR2013,Fiji,FJI,36.6
2013,YR2013,Finland,FIN,100
2013,YR2013,France,FRA,100
2013,YR2013,French Polynesia,PYF,..
2013,YR2013,Gabon,GAB,84.2
2013,YR2013,"Gambia, The",GMB,2.3
2013,YR2013,Georgia,GEO,74.2
2013,YR2013,Germany,DEU,100
2013,YR2013,Ghana,GHA,19.1
2013,YR2013,Gibraltar,GIB,..
2013,YR2013,Greece,GRC,100
2013,YR2013,Greenland,GRL,..
2013,YR2013,Grenada,GRD,91.5
2013,YR2013,Guam,GUM,..
2013,YR2013,Guatemala,GTM,37.8
2013,YR2013,Guinea,GIN,0.8
2013,YR2013,Guinea-Bissau,GNB,1.1
2013,YR2013,Guyana,GUY,100
2013,YR2013,Haiti,HTI,3.8
2013,YR2013,Honduras,HND,44.5
2013,YR2013,"Hong Kong SAR, China",HKG,..
2013,YR2013,Hungary,HUN,100
2013,YR2013,Iceland,ISL,100
2013,YR2013,India,IND,42
2013,YR2013,Indonesia,IDN,58.1
2013,YR2013,"Iran, Islamic Rep.",IRN,97.1
2013,YR2013,Iraq,IRQ,97.7
2013,YR2013,Ireland,IRL,100
2013,YR2013,Isle of Man,IMN,..
2013,YR2013,Israel,ISR,100
2013,YR2013,Italy,ITA,100
2013,YR2013,Jamaica,JAM,85.4
2013,YR2013,Japan,JPN,100
2013,YR2013,Jordan,JOR,99.9
2013,YR2013,Kazakhstan,KAZ,92.8
2013,YR2013,Kenya,KEN,9.5
2013,YR2013,Kiribati,KIR,4.7
2013,YR2013,"Korea, Dem. People's Rep.",PRK,7.5
2013,YR2013,"Korea, Rep.",KOR,100
2013,YR2013,Kosovo,XKX,..
2013,YR2013,Kuwait,KWT,100
2013,YR2013,Kyrgyz Republic,KGZ,75.1
2013,YR2013,Lao PDR,LAO,4.8
2013,YR2013,Latvia,LVA,100
2013,YR2013,Lebanon,LBN,..
2013,YR2013,Lesotho,LSO,34.9
2013,YR2013,Liberia,LBR,0.4
2013,YR2013,Libya,LBY,..
2013,YR2013,Liechtenstein,LIE,..
2013,YR2013,Lithuania,LTU,100
2013,YR2013,Luxembourg,LUX,100
2013,YR2013,"Macao SAR, China",MAC,..
2013,YR2013,Madagascar,MDG,1
2013,YR2013,Malawi,MWI,2.4
2013,YR2013,Malaysia,MYS,94.5
2013,YR2013,Maldives,MDV,97.2
2013,YR2013,Mali,MLI,1
2013,YR2013,Malta,MLT,100
2013,YR2013,Marshall Islands,MHL,63
2013,YR2013,Mauritania,MRT,42.9
2013,YR2013,Mauritius,MUS,98.3
2013,YR2013,Mexico,MEX,84.6
2013,YR2013,"Micronesia, Fed. Sts.",FSM,12.4
2013,YR2013,Moldova,MDA,94.9
2013,YR2013,Monaco,MCO,100
2013,YR2013,Mongolia,MNG,40.7
2013,YR2013,Montenegro,MNE,61.9
2013,YR2013,Morocco,MAR,97.7
2013,YR2013,Mozambique,MOZ,3.5
2013,YR2013,Myanmar,MMR,15.3
2013,YR2013,Namibia,NAM,42.8
2013,YR2013,Nauru,NRU,100
2013,YR2013,Nepal,NPL,26.4
2013,YR2013,Netherlands,NLD,100
2013,YR2013,New Caledonia,NCL,..
2013,YR2013,New Zealand,NZL,100
2013,YR2013,Nicaragua,NIC,48.3
2013,YR2013,Niger,NER,1.7
2013,YR2013,Nigeria,NGA,3.2
2013,YR2013,North Macedonia,MKD,71.5
2013,YR2013,Northern Mariana Islands,MNP,..
2013,YR2013,Norway,NOR,100
2013,YR2013,Oman,OMN,100
2013,YR2013,Pakistan,PAK,39.1
2013,YR2013,Palau,PLW,43.45
2013,YR2013,Panama,PAN,100
2013,YR2013,Papua New Guinea,PNG,8.5
2013,YR2013,Paraguay,PRY,62.8
2013,YR2013,Peru,PER,71.7
2013,YR2013,Philippines,PHL,42
2013,YR2013,Poland,POL,100
2013,YR2013,Portugal,PRT,100
2013,YR2013,Puerto Rico,PRI,..
2013,YR2013,Qatar,QAT,100
2013,YR2013,Romania,ROU,100
2013,YR2013,Russian Federation,RUS,99.5
2013,YR2013,Rwanda,RWA,0.5
2013,YR2013,Samoa,WSM,29.4
2013,YR2013,San Marino,SMR,100
2013,YR2013,Sao Tome and Principe,STP,1.7
2013,YR2013,Saudi Arabia,SAU,100
2013,YR2013,Senegal,SEN,29
2013,YR2013,Serbia,SRB,70.3
2013,YR2013,Seychelles,SYC,100
2013,YR2013,Sierra Leone,SLE,0.5
2013,YR2013,Singapore,SGP,100
2013,YR2013,Sint Maarten (Dutch part),SXM,..
2013,YR2013,Slovak Republic,SVK,100
2013,YR2013,Slovenia,SVN,100
2013,YR2013,Solomon Islands,SLB,8.3
2013,YR2013,Somalia,SOM,1.6
2013,YR2013,South Africa,ZAF,81.4
2013,YR2013,South Sudan,SSD,0
2013,YR2013,Spain,ESP,100
2013,YR2013,Sri Lanka,LKA,24
2013,YR2013,St. Kitts and Nevis,KNA,100
2013,YR2013,St. Lucia,LCA,95.7
2013,YR2013,St. Martin (French part),MAF,..
2013,YR2013,St. Vincent and the Grenadines,VCT,95
2013,YR2013,Sudan,SDN,41.9
2013,YR2013,Suriname,SUR,89.9
2013,YR2013,Sweden,SWE,100
2013,YR2013,Switzerland,CHE,100
2013,YR2013,Syrian Arab Republic,SYR,97.2
2013,YR2013,Tajikistan,TJK,74.8
2013,YR2013,Tanzania,TZA,2.2
2013,YR2013,Thailand,THA,76.4
2013,YR2013,Timor-Leste,TLS,6.9
2013,YR2013,Togo,TGO,5.3
2013,YR2013,Tonga,TON,66.8
2013,YR2013,Trinidad and Tobago,TTO,100
2013,YR2013,Tunisia,TUN,99.7
2013,YR2013,Turkiye,TUR,94.7
2013,YR2013,Turkmenistan,TKM,99.9
2013,YR2013,Turks and Caicos Islands,TCA,..
2013,YR2013,Tuvalu,TUV,60.4
2013,YR2013,Uganda,UGA,0.9
2013,YR2013,Ukraine,UKR,95
2013,YR2013,United Arab Emirates,ARE,100
2013,YR2013,United Kingdom,GBR,100
2013,YR2013,United States,USA,100
2013,YR2013,Uruguay,URY,100
2013,YR2013,Uzbekistan,UZB,84.7
2013,YR2013,Vanuatu,VUT,10.3
2013,YR2013,"Venezuela, RB",VEN,96.6
2013,YR2013,Viet Nam,VNM,66.3
2013,YR2013,Virgin Islands (U.S.),VIR,..
2013,YR2013,West Bank and Gaza,PSE,..
2013,YR2013,"Yemen, Rep.",YEM,59.1
2013,YR2013,Zambia,ZMB,15
2013,YR2013,Zimbabwe,ZWE,30
2013,YR2013,Africa Eastern and Southern,AFE,16.8773125667916
2013,YR2013,Africa Western and Central,AFW,8.40027282969475
2013,YR2013,Arab World,ARB,86.356007542768
2013,YR2013,Caribbean small states,CSS,95.0392525254738
2013,YR2013,Central Europe and the Baltics,CEB,100
2013,YR2013,Early-demographic dividend,EAR,51.1632556924451
2013,YR2013,East Asia & Pacific,EAS,65.2073010627033
2013,YR2013,East Asia & Pacific (excluding high income),EAP,61.5651150801935
2013,YR2013,East Asia & Pacific (IDA & IBRD countries),TEA,62.2433700982339
2013,YR2013,Euro area,EMU,100
2013,YR2013,Europe & Central Asia,ECS,97.3257725130374
2013,YR2013,Europe & Central Asia (excluding high income),ECA,90.0975843102014
2013,YR2013,Europe & Central Asia (IDA & IBRD countries),TEC,94.5826466869474
2013,YR2013,European Union,EUU,100
2013,YR2013,Fragile and conflict affected situations,FCS,24.4352468637671
2013,YR2013,Heavily indebted poor countries (HIPC),HPC,11.0498495195302
2013,YR2013,High income,HIC,99.9441761029052
2013,YR2013,IBRD only,IBD,66.1884572998931
2013,YR2013,IDA & IBRD total,IBT,54.4011197442001
2013,YR2013,IDA blend,IDB,25.2287554811407
2013,YR2013,IDA only,IDX,15.7350651204523
2013,YR2013,IDA total,IDA,18.9259096565187
2013,YR2013,Late-demographic dividend,LTE,73.7722423230844
2013,YR2013,Latin America & Caribbean,LCN,86.7592822826671
2013,YR2013,Latin America & Caribbean (excluding high income),LAC,85.551886676495
2013,YR2013,Latin America & the Caribbean (IDA & IBRD countries),TLA,86.6639451430041
2013,YR2013,Least developed countries: UN classification,LDC,12.652130073248
2013,YR2013,Low & middle income,LMY,52.2425318724835
2013,YR2013,Low income,LIC,13.1183995559203
2013,YR2013,Lower middle income,LMC,38.6873325823461
2013,YR2013,Middle East & North Africa,MEA,95.8581161839113
2013,YR2013,Middle East & North Africa (excluding high income),MNA,95.1493081599851
2013,YR2013,Middle East & North Africa (IDA & IBRD countries),TMN,95.1493081599851
2013,YR2013,Middle income,MIC,56.3476904020973
2013,YR2013,North America,NAC,100
2013,YR2013,Not classified,INX,..
2013,YR2013,OECD members,OED,97.8681536668426
2013,YR2013,Other small states,OSS,68.0175266681246
2013,YR2013,Pacific island small states,PSS,25.9047236755218
2013,YR2013,Post-demographic dividend,PST,99.4944811109777
2013,YR2013,Pre-demographic dividend,PRE,13.2939313298812
2013,YR2013,Small states,SST,66.8397802851832
2013,YR2013,South Asia,SAS,38.5578777109622
2013,YR2013,South Asia (IDA & IBRD),TSA,38.5578777109622
2013,YR2013,Sub-Saharan Africa,SSF,13.4406465461756
2013,YR2013,Sub-Saharan Africa (excluding high income),SSA,13.4324938003868
2013,YR2013,Sub-Saharan Africa (IDA & IBRD countries),TSS,13.4406465461756
2013,YR2013,Upper middle income,UMC,74.0656735773007
2013,YR2013,World,WLD,61.1187171204156
2014,YR2014,Afghanistan,AFG,26.1
2014,YR2014,Albania,ALB,75.2
2014,YR2014,Algeria,DZA,99.5
2014,YR2014,American Samoa,ASM,..
2014,YR2014,Andorra,AND,100
2014,YR2014,Angola,AGO,46.6
2014,YR2014,Antigua and Barbuda,ATG,100
2014,YR2014,Argentina,ARG,99.7
2014,YR2014,Armenia,ARM,97.3
2014,YR2014,Aruba,ABW,..
2014,YR2014,Australia,AUS,100
2014,YR2014,Austria,AUT,100
2014,YR2014,Azerbaijan,AZE,96.6
2014,YR2014,"Bahamas, The",BHS,100
2014,YR2014,Bahrain,BHR,100
2014,YR2014,Bangladesh,BGD,16.8
2014,YR2014,Barbados,BRB,100
2014,YR2014,Belarus,BLR,99.4
2014,YR2014,Belgium,BEL,100
2014,YR2014,Belize,BLZ,83.3
2014,YR2014,Benin,BEN,5.1
2014,YR2014,Bermuda,BMU,..
2014,YR2014,Bhutan,BTN,76.2
2014,YR2014,Bolivia,BOL,81.2
2014,YR2014,Bosnia and Herzegovina,BIH,41.9
2014,YR2014,Botswana,BWA,61.4
2014,YR2014,Brazil,BRA,95.4
2014,YR2014,British Virgin Islands,VGB,..
2014,YR2014,Brunei Darussalam,BRN,100
2014,YR2014,Bulgaria,BGR,..
2014,YR2014,Burkina Faso,BFA,8.2
2014,YR2014,Burundi,BDI,0.2
2014,YR2014,Cabo Verde,CPV,74.35
2014,YR2014,Cambodia,KHM,18.2
2014,YR2014,Cameroon,CMR,21.9
2014,YR2014,Canada,CAN,100
2014,YR2014,Cayman Islands,CYM,..
2014,YR2014,Central African Republic,CAF,0.6
2014,YR2014,Chad,TCD,3.8
2014,YR2014,Channel Islands,CHI,..
2014,YR2014,Chile,CHL,100
2014,YR2014,China,CHN,68.8
2014,YR2014,Colombia,COL,88.8
2014,YR2014,Comoros,COM,5.3
2014,YR2014,"Congo, Dem. Rep.",COD,3.8
2014,YR2014,"Congo, Rep.",COG,24
2014,YR2014,Costa Rica,CRI,93.9
2014,YR2014,Cote d'Ivoire,CIV,23.3
2014,YR2014,Croatia,HRV,100
2014,YR2014,Cuba,CUB,92
2014,YR2014,Curacao,CUW,..
2014,YR2014,Cyprus,CYP,100
2014,YR2014,Czechia,CZE,100
2014,YR2014,Denmark,DNK,100
2014,YR2014,Djibouti,DJI,8.3
2014,YR2014,Dominica,DMA,88.9
2014,YR2014,Dominican Republic,DOM,88.6
2014,YR2014,Ecuador,ECU,94.2
2014,YR2014,"Egypt, Arab Rep.",EGY,99.8
2014,YR2014,El Salvador,SLV,83.8
2014,YR2014,Equatorial Guinea,GNQ,23.6
2014,YR2014,Eritrea,ERI,9.5
2014,YR2014,Estonia,EST,100
2014,YR2014,Eswatini,SWZ,45.2
2014,YR2014,Ethiopia,ETH,3.8
2014,YR2014,Faroe Islands,FRO,..
2014,YR2014,Fiji,FJI,38.3
2014,YR2014,Finland,FIN,100
2014,YR2014,France,FRA,100
2014,YR2014,French Polynesia,PYF,..
2014,YR2014,Gabon,GAB,85.3
2014,YR2014,"Gambia, The",GMB,2.1
2014,YR2014,Georgia,GEO,76.8
2014,YR2014,Germany,DEU,100
2014,YR2014,Ghana,GHA,20.2
2014,YR2014,Gibraltar,GIB,..
2014,YR2014,Greece,GRC,100
2014,YR2014,Greenland,GRL,..
2014,YR2014,Grenada,GRD,90.75
2014,YR2014,Guam,GUM,..
2014,YR2014,Guatemala,GTM,38.7
2014,YR2014,Guinea,GIN,0.8
2014,YR2014,Guinea-Bissau,GNB,1.1
2014,YR2014,Guyana,GUY,100
2014,YR2014,Haiti,HTI,3.8
2014,YR2014,Honduras,HND,45
2014,YR2014,"Hong Kong SAR, China",HKG,..
2014,YR2014,Hungary,HUN,100
2014,YR2014,Iceland,ISL,100
2014,YR2014,India,IND,44.4
2014,YR2014,Indonesia,IDN,63
2014,YR2014,"Iran, Islamic Rep.",IRN,97.1
2014,YR2014,Iraq,IRQ,98.2
2014,YR2014,Ireland,IRL,100
2014,YR2014,Isle of Man,IMN,..
2014,YR2014,Israel,ISR,100
2014,YR2014,Italy,ITA,100
2014,YR2014,Jamaica,JAM,84.8
2014,YR2014,Japan,JPN,100
2014,YR2014,Jordan,JOR,99.9
2014,YR2014,Kazakhstan,KAZ,93
2014,YR2014,Kenya,KEN,10.6
2014,YR2014,Kiribati,KIR,5.5
2014,YR2014,"Korea, Dem. People's Rep.",PRK,8.1
2014,YR2014,"Korea, Rep.",KOR,100
2014,YR2014,Kosovo,XKX,..
2014,YR2014,Kuwait,KWT,100
2014,YR2014,Kyrgyz Republic,KGZ,76
2014,YR2014,Lao PDR,LAO,5.2
2014,YR2014,Latvia,LVA,100
2014,YR2014,Lebanon,LBN,..
2014,YR2014,Lesotho,LSO,35.9
2014,YR2014,Liberia,LBR,0.4
2014,YR2014,Libya,LBY,..
2014,YR2014,Liechtenstein,LIE,..
2014,YR2014,Lithuania,LTU,100
2014,YR2014,Luxembourg,LUX,100
2014,YR2014,"Macao SAR, China",MAC,..
2014,YR2014,Madagascar,MDG,1
2014,YR2014,Malawi,MWI,2.3
2014,YR2014,Malaysia,MYS,93.5
2014,YR2014,Maldives,MDV,97.9
2014,YR2014,Mali,MLI,0.9
2014,YR2014,Malta,MLT,100
2014,YR2014,Marshall Islands,MHL,63.9
2014,YR2014,Mauritania,MRT,43.5
2014,YR2014,Mauritius,MUS,98.4
2014,YR2014,Mexico,MEX,84.4
2014,YR2014,"Micronesia, Fed. Sts.",FSM,12.3
2014,YR2014,Moldova,MDA,95.65
2014,YR2014,Monaco,MCO,100
2014,YR2014,Mongolia,MNG,42.7
2014,YR2014,Montenegro,MNE,61.8
2014,YR2014,Morocco,MAR,97.7
2014,YR2014,Mozambique,MOZ,3.7
2014,YR2014,Myanmar,MMR,18
2014,YR2014,Namibia,NAM,43.5
2014,YR2014,Nauru,NRU,100
2014,YR2014,Nepal,NPL,28.1
2014,YR2014,Netherlands,NLD,100
2014,YR2014,New Caledonia,NCL,..
2014,YR2014,New Zealand,NZL,100
2014,YR2014,Nicaragua,NIC,49.6
2014,YR2014,Niger,NER,2
2014,YR2014,Nigeria,NGA,4.1
2014,YR2014,North Macedonia,MKD,72.6
2014,YR2014,Northern Mariana Islands,MNP,..
2014,YR2014,Norway,NOR,100
2014,YR2014,Oman,OMN,100
2014,YR2014,Pakistan,PAK,40.4
2014,YR2014,Palau,PLW,40.7
2014,YR2014,Panama,PAN,100
2014,YR2014,Papua New Guinea,PNG,8.9
2014,YR2014,Paraguay,PRY,64.4
2014,YR2014,Peru,PER,73.7
2014,YR2014,Philippines,PHL,42.9
2014,YR2014,Poland,POL,100
2014,YR2014,Portugal,PRT,100
2014,YR2014,Puerto Rico,PRI,..
2014,YR2014,Qatar,QAT,100
2014,YR2014,Romania,ROU,100
2014,YR2014,Russian Federation,RUS,99.6
2014,YR2014,Rwanda,RWA,0.7
2014,YR2014,Samoa,WSM,30.7
2014,YR2014,San Marino,SMR,100
2014,YR2014,Sao Tome and Principe,STP,1.9
2014,YR2014,Saudi Arabia,SAU,100
2014,YR2014,Senegal,SEN,28.2
2014,YR2014,Serbia,SRB,71.6
2014,YR2014,Seychelles,SYC,100
2014,YR2014,Sierra Leone,SLE,0.5
2014,YR2014,Singapore,SGP,100
2014,YR2014,Sint Maarten (Dutch part),SXM,..
2014,YR2014,Slovak Republic,SVK,100
2014,YR2014,Slovenia,SVN,100
2014,YR2014,Solomon Islands,SLB,8.3
2014,YR2014,Somalia,SOM,1.7
2014,YR2014,South Africa,ZAF,82.8
2014,YR2014,South Sudan,SSD,0
2014,YR2014,Spain,ESP,100
2014,YR2014,Sri Lanka,LKA,24.9
2014,YR2014,St. Kitts and Nevis,KNA,100
2014,YR2014,St. Lucia,LCA,95.5
2014,YR2014,St. Martin (French part),MAF,..
2014,YR2014,St. Vincent and the Grenadines,VCT,94.7
2014,YR2014,Sudan,SDN,45.1
2014,YR2014,Suriname,SUR,90.7
2014,YR2014,Sweden,SWE,100
2014,YR2014,Switzerland,CHE,100
2014,YR2014,Syrian Arab Republic,SYR,96.8
2014,YR2014,Tajikistan,TJK,76.4
2014,YR2014,Tanzania,TZA,2.7
2014,YR2014,Thailand,THA,77.4
2014,YR2014,Timor-Leste,TLS,8
2014,YR2014,Togo,TGO,6
2014,YR2014,Tonga,TON,69.7
2014,YR2014,Trinidad and Tobago,TTO,100
2014,YR2014,Tunisia,TUN,99.8
2014,YR2014,Turkiye,TUR,94.8
2014,YR2014,Turkmenistan,TKM,99.9
2014,YR2014,Turks and Caicos Islands,TCA,..
2014,YR2014,Tuvalu,TUV,63.8
2014,YR2014,Uganda,UGA,0.9
2014,YR2014,Ukraine,UKR,95.1
2014,YR2014,United Arab Emirates,ARE,100
2014,YR2014,United Kingdom,GBR,100
2014,YR2014,United States,USA,100
2014,YR2014,Uruguay,URY,100
2014,YR2014,Uzbekistan,UZB,84.4
2014,YR2014,Vanuatu,VUT,9.7
2014,YR2014,"Venezuela, RB",VEN,96.6
2014,YR2014,Viet Nam,VNM,72.1
2014,YR2014,Virgin Islands (U.S.),VIR,..
2014,YR2014,West Bank and Gaza,PSE,..
2014,YR2014,"Yemen, Rep.",YEM,58.2
2014,YR2014,Zambia,ZMB,14.6
2014,YR2014,Zimbabwe,ZWE,30
2014,YR2014,Africa Eastern and Southern,AFE,17.4014096848247
2014,YR2014,Africa Western and Central,AFW,9.11190610037226
2014,YR2014,Arab World,ARB,86.5587918310138
2014,YR2014,Caribbean small states,CSS,95.1129226977704
2014,YR2014,Central Europe and the Baltics,CEB,100
2014,YR2014,Early-demographic dividend,EAR,52.8976828052443
2014,YR2014,East Asia & Pacific,EAS,67.9489503271992
2014,YR2014,East Asia & Pacific (excluding high income),EAP,64.6103576568283
2014,YR2014,East Asia & Pacific (IDA & IBRD countries),TEA,65.317048806362
2014,YR2014,Euro area,EMU,100
2014,YR2014,Europe & Central Asia,ECS,97.4018780340047
2014,YR2014,Europe & Central Asia (excluding high income),ECA,90.3634512490219
2014,YR2014,Europe & Central Asia (IDA & IBRD countries),TEC,94.7397115295034
2014,YR2014,European Union,EUU,100
2014,YR2014,Fragile and conflict affected situations,FCS,24.8126581559145
2014,YR2014,Heavily indebted poor countries (HIPC),HPC,11.5875093543752
2014,YR2014,High income,HIC,99.9552652060243
2014,YR2014,IBRD only,IBD,68.260981817283
2014,YR2014,IDA & IBRD total,IBT,56.0248338371236
2014,YR2014,IDA blend,IDB,26.1154917963346
2014,YR2014,IDA only,IDX,16.2843796329884
2014,YR2014,IDA total,IDA,19.5863957532065
2014,YR2014,Late-demographic dividend,LTE,75.967686334437
2014,YR2014,Latin America & Caribbean,LCN,87.0866899210176
2014,YR2014,Latin America & Caribbean (excluding high income),LAC,85.9136019025041
2014,YR2014,Latin America & the Caribbean (IDA & IBRD countries),TLA,86.9853881786324
2014,YR2014,Least developed countries: UN classification,LDC,13.3489368586365
2014,YR2014,Low & middle income,LMY,53.9513753257822
2014,YR2014,Low income,LIC,13.2498487823625
2014,YR2014,Lower middle income,LMC,40.4707610428896
2014,YR2014,Middle East & North Africa,MEA,95.824154834128
2014,YR2014,Middle East & North Africa (excluding high income),MNA,95.1060986053584
2014,YR2014,Middle East & North Africa (IDA & IBRD countries),TMN,95.1060986053584
2014,YR2014,Middle income,MIC,58.2752582908314
2014,YR2014,North America,NAC,100
2014,YR2014,Not classified,INX,..
2014,YR2014,OECD members,OED,97.8773618116947
2014,YR2014,Other small states,OSS,68.4787281061809
2014,YR2014,Pacific island small states,PSS,26.5982837540972
2014,YR2014,Post-demographic dividend,PST,99.5119962603451
2014,YR2014,Pre-demographic dividend,PRE,13.9886830885049
2014,YR2014,Small states,SST,67.2582477528936
2014,YR2014,South Asia,SAS,40.6644116831062
2014,YR2014,South Asia (IDA & IBRD),TSA,40.6644116831062
2014,YR2014,Sub-Saharan Africa,SSF,14.0412441755053
2014,YR2014,Sub-Saharan Africa (excluding high income),SSA,14.0332423577413
2014,YR2014,Sub-Saharan Africa (IDA & IBRD countries),TSS,14.0412441755053
2014,YR2014,Upper middle income,UMC,76.2613620974432
2014,YR2014,World,WLD,62.4563898825447
2015,YR2015,Afghanistan,AFG,27.6
2015,YR2015,Albania,ALB,76.6
2015,YR2015,Algeria,DZA,99.6
2015,YR2015,American Samoa,ASM,..
2015,YR2015,Andorra,AND,100
2015,YR2015,Angola,AGO,47.3
2015,YR2015,Antigua and Barbuda,ATG,100
2015,YR2015,Argentina,ARG,99.7
2015,YR2015,Armenia,ARM,97.5
2015,YR2015,Aruba,ABW,..
2015,YR2015,Australia,AUS,100
2015,YR2015,Austria,AUT,100
2015,YR2015,Azerbaijan,AZE,97
2015,YR2015,"Bahamas, The",BHS,100
2015,YR2015,Bahrain,BHR,100
2015,YR2015,Bangladesh,BGD,18.2
2015,YR2015,Barbados,BRB,100
2015,YR2015,Belarus,BLR,99.5
2015,YR2015,Belgium,BEL,100
2015,YR2015,Belize,BLZ,83.4
2015,YR2015,Benin,BEN,5.3
2015,YR2015,Bermuda,BMU,..
2015,YR2015,Bhutan,BTN,78.1
2015,YR2015,Bolivia,BOL,82.35
2015,YR2015,Bosnia and Herzegovina,BIH,41.8
2015,YR2015,Botswana,BWA,61.8
2015,YR2015,Brazil,BRA,95.7
2015,YR2015,British Virgin Islands,VGB,..
2015,YR2015,Brunei Darussalam,BRN,100
2015,YR2015,Bulgaria,BGR,..
2015,YR2015,Burkina Faso,BFA,8.9
2015,YR2015,Burundi,BDI,0.2
2015,YR2015,Cabo Verde,CPV,75.5
2015,YR2015,Cambodia,KHM,20.7
2015,YR2015,Cameroon,CMR,22.8
2015,YR2015,Canada,CAN,100
2015,YR2015,Cayman Islands,CYM,..
2015,YR2015,Central African Republic,CAF,0.6
2015,YR2015,Chad,TCD,4.2
2015,YR2015,Channel Islands,CHI,..
2015,YR2015,Chile,CHL,100
2015,YR2015,China,CHN,71.5
2015,YR2015,Colombia,COL,89.4
2015,YR2015,Comoros,COM,5.8
2015,YR2015,"Congo, Dem. Rep.",COD,3.8
2015,YR2015,"Congo, Rep.",COG,26
2015,YR2015,Costa Rica,CRI,94.2
2015,YR2015,Cote d'Ivoire,CIV,25.1
2015,YR2015,Croatia,HRV,100
2015,YR2015,Cuba,CUB,92.7
2015,YR2015,Curacao,CUW,..
2015,YR2015,Cyprus,CYP,100
2015,YR2015,Czechia,CZE,100
2015,YR2015,Denmark,DNK,100
2015,YR2015,Djibouti,DJI,8.8
2015,YR2015,Dominica,DMA,89.2
2015,YR2015,Dominican Republic,DOM,89.1
2015,YR2015,Ecuador,ECU,94.3
2015,YR2015,"Egypt, Arab Rep.",EGY,99.9
2015,YR2015,El Salvador,SLV,85.3
2015,YR2015,Equatorial Guinea,GNQ,23.7
2015,YR2015,Eritrea,ERI,9.6
2015,YR2015,Estonia,EST,100
2015,YR2015,Eswatini,SWZ,45.8
2015,YR2015,Ethiopia,ETH,4.3
2015,YR2015,Faroe Islands,FRO,..
2015,YR2015,Fiji,FJI,40.2
2015,YR2015,Finland,FIN,100
2015,YR2015,France,FRA,100
2015,YR2015,French Polynesia,PYF,..
2015,YR2015,Gabon,GAB,86.3
2015,YR2015,"Gambia, The",GMB,2
2015,YR2015,Georgia,GEO,79.2
2015,YR2015,Germany,DEU,100
2015,YR2015,Ghana,GHA,21.6
2015,YR2015,Gibraltar,GIB,..
2015,YR2015,Greece,GRC,100
2015,YR2015,Greenland,GRL,..
2015,YR2015,Grenada,GRD,90.4
2015,YR2015,Guam,GUM,..
2015,YR2015,Guatemala,GTM,39.3
2015,YR2015,Guinea,GIN,0.8
2015,YR2015,Guinea-Bissau,GNB,1.1
2015,YR2015,Guyana,GUY,100
2015,YR2015,Haiti,HTI,3.9
2015,YR2015,Honduras,HND,45.9
2015,YR2015,"Hong Kong SAR, China",HKG,..
2015,YR2015,Hungary,HUN,100
2015,YR2015,Iceland,ISL,100
2015,YR2015,India,IND,47.4
2015,YR2015,Indonesia,IDN,67.3
2015,YR2015,"Iran, Islamic Rep.",IRN,97.1
2015,YR2015,Iraq,IRQ,98.5
2015,YR2015,Ireland,IRL,100
2015,YR2015,Isle of Man,IMN,..
2015,YR2015,Israel,ISR,100
2015,YR2015,Italy,ITA,100
2015,YR2015,Jamaica,JAM,83.8
2015,YR2015,Japan,JPN,100
2015,YR2015,Jordan,JOR,99.9
2015,YR2015,Kazakhstan,KAZ,93.2
2015,YR2015,Kenya,KEN,11.9
2015,YR2015,Kiribati,KIR,6.3
2015,YR2015,"Korea, Dem. People's Rep.",PRK,8.8
2015,YR2015,"Korea, Rep.",KOR,100
2015,YR2015,Kosovo,XKX,..
2015,YR2015,Kuwait,KWT,100
2015,YR2015,Kyrgyz Republic,KGZ,76.6
2015,YR2015,Lao PDR,LAO,5.8
2015,YR2015,Latvia,LVA,100
2015,YR2015,Lebanon,LBN,..
2015,YR2015,Lesotho,LSO,36.8
2015,YR2015,Liberia,LBR,0.4
2015,YR2015,Libya,LBY,..
2015,YR2015,Liechtenstein,LIE,..
2015,YR2015,Lithuania,LTU,100
2015,YR2015,Luxembourg,LUX,100
2015,YR2015,"Macao SAR, China",MAC,..
2015,YR2015,Madagascar,MDG,1
2015,YR2015,Malawi,MWI,2.3
2015,YR2015,Malaysia,MYS,92.7
2015,YR2015,Maldives,MDV,98.4
2015,YR2015,Mali,MLI,0.9
2015,YR2015,Malta,MLT,100
2015,YR2015,Marshall Islands,MHL,64.3
2015,YR2015,Mauritania,MRT,44.2
2015,YR2015,Mauritius,MUS,98.5
2015,YR2015,Mexico,MEX,84.5
2015,YR2015,"Micronesia, Fed. Sts.",FSM,12.9
2015,YR2015,Moldova,MDA,96.1
2015,YR2015,Monaco,MCO,100
2015,YR2015,Mongolia,MNG,44.3
2015,YR2015,Montenegro,MNE,61.4
2015,YR2015,Morocco,MAR,97.9
2015,YR2015,Mozambique,MOZ,3.9
2015,YR2015,Myanmar,MMR,20.9
2015,YR2015,Namibia,NAM,44.2
2015,YR2015,Nauru,NRU,100
2015,YR2015,Nepal,NPL,29.7
2015,YR2015,Netherlands,NLD,100
2015,YR2015,New Caledonia,NCL,..
2015,YR2015,New Zealand,NZL,100
2015,YR2015,Nicaragua,NIC,51
2015,YR2015,Niger,NER,2.2
2015,YR2015,Nigeria,NGA,5.5
2015,YR2015,North Macedonia,MKD,73.5
2015,YR2015,Northern Mariana Islands,MNP,..
2015,YR2015,Norway,NOR,100
2015,YR2015,Oman,OMN,100
2015,YR2015,Pakistan,PAK,42
2015,YR2015,Palau,PLW,40
2015,YR2015,Panama,PAN,100
2015,YR2015,Papua New Guinea,PNG,8.9
2015,YR2015,Paraguay,PRY,65.5
2015,YR2015,Peru,PER,75.5
2015,YR2015,Philippines,PHL,44.2
2015,YR2015,Poland,POL,100
2015,YR2015,Portugal,PRT,100
2015,YR2015,Puerto Rico,PRI,..
2015,YR2015,Qatar,QAT,100
2015,YR2015,Romania,ROU,100
2015,YR2015,Russian Federation,RUS,99.5
2015,YR2015,Rwanda,RWA,0.9
2015,YR2015,Samoa,WSM,31.6
2015,YR2015,San Marino,SMR,100
2015,YR2015,Sao Tome and Principe,STP,2.1
2015,YR2015,Saudi Arabia,SAU,100
2015,YR2015,Senegal,SEN,27.5
2015,YR2015,Serbia,SRB,72.9
2015,YR2015,Seychelles,SYC,100
2015,YR2015,Sierra Leone,SLE,0.6
2015,YR2015,Singapore,SGP,100
2015,YR2015,Sint Maarten (Dutch part),SXM,..
2015,YR2015,Slovak Republic,SVK,100
2015,YR2015,Slovenia,SVN,100
2015,YR2015,Solomon Islands,SLB,8.3
2015,YR2015,Somalia,SOM,2
2015,YR2015,South Africa,ZAF,83.8
2015,YR2015,South Sudan,SSD,0
2015,YR2015,Spain,ESP,100
2015,YR2015,Sri Lanka,LKA,26
2015,YR2015,St. Kitts and Nevis,KNA,100
2015,YR2015,St. Lucia,LCA,95.3
2015,YR2015,St. Martin (French part),MAF,..
2015,YR2015,St. Vincent and the Grenadines,VCT,94.3
2015,YR2015,Sudan,SDN,48
2015,YR2015,Suriname,SUR,91.5
2015,YR2015,Sweden,SWE,100
2015,YR2015,Switzerland,CHE,100
2015,YR2015,Syrian Arab Republic,SYR,96.3
2015,YR2015,Tajikistan,TJK,77.6
2015,YR2015,Tanzania,TZA,3.2
2015,YR2015,Thailand,THA,78.7
2015,YR2015,Timor-Leste,TLS,9
2015,YR2015,Togo,TGO,6.7
2015,YR2015,Tonga,TON,72.5
2015,YR2015,Trinidad and Tobago,TTO,100
2015,YR2015,Tunisia,TUN,99.8
2015,YR2015,Turkiye,TUR,94.8
2015,YR2015,Turkmenistan,TKM,99.9
2015,YR2015,Turks and Caicos Islands,TCA,..
2015,YR2015,Tuvalu,TUV,66.3
2015,YR2015,Uganda,UGA,0.9
2015,YR2015,Ukraine,UKR,95.3
2015,YR2015,United Arab Emirates,ARE,100
2015,YR2015,United Kingdom,GBR,100
2015,YR2015,United States,USA,100
2015,YR2015,Uruguay,URY,100
2015,YR2015,Uzbekistan,UZB,83.8
2015,YR2015,Vanuatu,VUT,9.1
2015,YR2015,"Venezuela, RB",VEN,96.4
2015,YR2015,Viet Nam,VNM,78
2015,YR2015,Virgin Islands (U.S.),VIR,..
2015,YR2015,West Bank and Gaza,PSE,..
2015,YR2015,"Yemen, Rep.",YEM,57.4
2015,YR2015,Zambia,ZMB,13.9
2015,YR2015,Zimbabwe,ZWE,30
2015,YR2015,Africa Eastern and Southern,AFE,17.911233785611
2015,YR2015,Africa Western and Central,AFW,10.0848913782225
2015,YR2015,Arab World,ARB,86.7603662986651
2015,YR2015,Caribbean small states,CSS,95.2201512468097
2015,YR2015,Central Europe and the Baltics,CEB,100
2015,YR2015,Early-demographic dividend,EAR,54.8937854128388
2015,YR2015,East Asia & Pacific,EAS,70.4814013370438
2015,YR2015,East Asia & Pacific (excluding high income),EAP,67.4207179926345
2015,YR2015,East Asia & Pacific (IDA & IBRD countries),TEA,68.1520152973571
2015,YR2015,Euro area,EMU,100
2015,YR2015,Europe & Central Asia,ECS,97.4184165609444
2015,YR2015,Europe & Central Asia (excluding high income),ECA,90.5290390798381
2015,YR2015,Europe & Central Asia (IDA & IBRD countries),TEC,94.776934816751
2015,YR2015,European Union,EUU,100
2015,YR2015,Fragile and conflict affected situations,FCS,25.3302181332533
2015,YR2015,Heavily indebted poor countries (HIPC),HPC,12.1232822873745
2015,YR2015,High income,HIC,99.944418796837
2015,YR2015,IBRD only,IBD,70.3840409296567
2015,YR2015,IDA & IBRD total,IBT,57.7184476190963
2015,YR2015,IDA blend,IDB,27.2882827283392
2015,YR2015,IDA only,IDX,16.9403515444704
2015,YR2015,IDA total,IDA,20.4109437381005
2015,YR2015,Late-demographic dividend,LTE,77.978123151231
2015,YR2015,Latin America & Caribbean,LCN,87.4173884763
2015,YR2015,Latin America & Caribbean (excluding high income),LAC,86.2899545083734
2015,YR2015,Latin America & the Caribbean (IDA & IBRD countries),TLA,87.3103145924328
2015,YR2015,Least developed countries: UN classification,LDC,14.0928227305693
2015,YR2015,Low & middle income,LMY,55.7375806864456
2015,YR2015,Low income,LIC,13.4643736751748
2015,YR2015,Lower middle income,LMC,42.635721964116
2015,YR2015,Middle East & North Africa,MEA,95.8145530425287
2015,YR2015,Middle East & North Africa (excluding high income),MNA,95.0919956345739
2015,YR2015,Middle East & North Africa (IDA & IBRD countries),TMN,95.0919956345739
2015,YR2015,Middle income,MIC,60.2877868774176
2015,YR2015,North America,NAC,100
2015,YR2015,Not classified,INX,..
2015,YR2015,OECD members,OED,97.8975529007598
2015,YR2015,Other small states,OSS,68.8250020963069
2015,YR2015,Pacific island small states,PSS,27.3397481148922
2015,YR2015,Post-demographic dividend,PST,99.5333476916062
2015,YR2015,Pre-demographic dividend,PRE,14.740549470985
2015,YR2015,Small states,SST,67.6090674135061
2015,YR2015,South Asia,SAS,43.2793138883123
2015,YR2015,South Asia (IDA & IBRD),TSA,43.2793138883123
2015,YR2015,Sub-Saharan Africa,SSF,14.7402665786261
2015,YR2015,Sub-Saharan Africa (excluding high income),SSA,14.732369655613
2015,YR2015,Sub-Saharan Africa (IDA & IBRD countries),TSS,14.7402665786261
2015,YR2015,Upper middle income,UMC,78.2389486101557
2015,YR2015,World,WLD,63.8570952482547
2016,YR2016,Afghanistan,AFG,28.8
2016,YR2016,Albania,ALB,78.3
2016,YR2016,Algeria,DZA,99.6
2016,YR2016,American Samoa,ASM,..
2016,YR2016,Andorra,AND,100
2016,YR2016,Angola,AGO,47.8
2016,YR2016,Antigua and Barbuda,ATG,100
2016,YR2016,Argentina,ARG,99.8
2016,YR2016,Armenia,ARM,97.6
2016,YR2016,Aruba,ABW,..
2016,YR2016,Australia,AUS,100
2016,YR2016,Austria,AUT,100
2016,YR2016,Azerbaijan,AZE,97.3
2016,YR2016,"Bahamas, The",BHS,100
2016,YR2016,Bahrain,BHR,100
2016,YR2016,Bangladesh,BGD,19.4
2016,YR2016,Barbados,BRB,100
2016,YR2016,Belarus,BLR,99.5
2016,YR2016,Belgium,BEL,100
2016,YR2016,Belize,BLZ,83.2
2016,YR2016,Benin,BEN,5.2
2016,YR2016,Bermuda,BMU,..
2016,YR2016,Bhutan,BTN,80
2016,YR2016,Bolivia,BOL,83.5
2016,YR2016,Bosnia and Herzegovina,BIH,41.05
2016,YR2016,Botswana,BWA,62.5
2016,YR2016,Brazil,BRA,95.8
2016,YR2016,British Virgin Islands,VGB,..
2016,YR2016,Brunei Darussalam,BRN,100
2016,YR2016,Bulgaria,BGR,..
2016,YR2016,Burkina Faso,BFA,10
2016,YR2016,Burundi,BDI,0.2
2016,YR2016,Cabo Verde,CPV,76.7
2016,YR2016,Cambodia,KHM,23.4
2016,YR2016,Cameroon,CMR,23.6
2016,YR2016,Canada,CAN,100
2016,YR2016,Cayman Islands,CYM,..
2016,YR2016,Central African Republic,CAF,0.6
2016,YR2016,Chad,TCD,4.7
2016,YR2016,Channel Islands,CHI,..
2016,YR2016,Chile,CHL,100
2016,YR2016,China,CHN,74.4
2016,YR2016,Colombia,COL,90
2016,YR2016,Comoros,COM,6.3
2016,YR2016,"Congo, Dem. Rep.",COD,3.9
2016,YR2016,"Congo, Rep.",COG,27.7
2016,YR2016,Costa Rica,CRI,94.6
2016,YR2016,Cote d'Ivoire,CIV,27.3
2016,YR2016,Croatia,HRV,100
2016,YR2016,Cuba,CUB,93.4
2016,YR2016,Curacao,CUW,..
2016,YR2016,Cyprus,CYP,100
2016,YR2016,Czechia,CZE,100
2016,YR2016,Denmark,DNK,100
2016,YR2016,Djibouti,DJI,9.05
2016,YR2016,Dominica,DMA,89.1
2016,YR2016,Dominican Republic,DOM,89.6
2016,YR2016,Ecuador,ECU,94.4
2016,YR2016,"Egypt, Arab Rep.",EGY,99.9
2016,YR2016,El Salvador,SLV,87
2016,YR2016,Equatorial Guinea,GNQ,23.65
2016,YR2016,Eritrea,ERI,9.8
2016,YR2016,Estonia,EST,100
2016,YR2016,Eswatini,SWZ,46.7
2016,YR2016,Ethiopia,ETH,4.9
2016,YR2016,Faroe Islands,FRO,..
2016,YR2016,Fiji,FJI,42.7
2016,YR2016,Finland,FIN,100
2016,YR2016,France,FRA,100
2016,YR2016,French Polynesia,PYF,..
2016,YR2016,Gabon,GAB,87.2
2016,YR2016,"Gambia, The",GMB,1.9
2016,YR2016,Georgia,GEO,81.9
2016,YR2016,Germany,DEU,100
2016,YR2016,Ghana,GHA,22.9
2016,YR2016,Gibraltar,GIB,..
2016,YR2016,Greece,GRC,100
2016,YR2016,Greenland,GRL,..
2016,YR2016,Grenada,GRD,89.5
2016,YR2016,Guam,GUM,..
2016,YR2016,Guatemala,GTM,40.2
2016,YR2016,Guinea,GIN,0.8
2016,YR2016,Guinea-Bissau,GNB,1.1
2016,YR2016,Guyana,GUY,100
2016,YR2016,Haiti,HTI,3.9
2016,YR2016,Honduras,HND,46.5
2016,YR2016,"Hong Kong SAR, China",HKG,..
2016,YR2016,Hungary,HUN,100
2016,YR2016,Iceland,ISL,100
2016,YR2016,India,IND,50.9
2016,YR2016,Indonesia,IDN,71.6
2016,YR2016,"Iran, Islamic Rep.",IRN,97
2016,YR2016,Iraq,IRQ,98.8
2016,YR2016,Ireland,IRL,100
2016,YR2016,Isle of Man,IMN,..
2016,YR2016,Israel,ISR,100
2016,YR2016,Italy,ITA,100
2016,YR2016,Jamaica,JAM,82.7
2016,YR2016,Japan,JPN,100
2016,YR2016,Jordan,JOR,99.9
2016,YR2016,Kazakhstan,KAZ,93.4
2016,YR2016,Kenya,KEN,13.8
2016,YR2016,Kiribati,KIR,7.2
2016,YR2016,"Korea, Dem. People's Rep.",PRK,9.3
2016,YR2016,"Korea, Rep.",KOR,100
2016,YR2016,Kosovo,XKX,..
2016,YR2016,Kuwait,KWT,100
2016,YR2016,Kyrgyz Republic,KGZ,76.9
2016,YR2016,Lao PDR,LAO,6.2
2016,YR2016,Latvia,LVA,100
2016,YR2016,Lebanon,LBN,..
2016,YR2016,Lesotho,LSO,37.8
2016,YR2016,Liberia,LBR,0.4
2016,YR2016,Libya,LBY,..
2016,YR2016,Liechtenstein,LIE,..
2016,YR2016,Lithuania,LTU,100
2016,YR2016,Luxembourg,LUX,100
2016,YR2016,"Macao SAR, China",MAC,..
2016,YR2016,Madagascar,MDG,1
2016,YR2016,Malawi,MWI,2.2
2016,YR2016,Malaysia,MYS,91.6
2016,YR2016,Maldives,MDV,98.8
2016,YR2016,Mali,MLI,1
2016,YR2016,Malta,MLT,100
2016,YR2016,Marshall Islands,MHL,64.7
2016,YR2016,Mauritania,MRT,44.6
2016,YR2016,Mauritius,MUS,98.7
2016,YR2016,Mexico,MEX,84.7
2016,YR2016,"Micronesia, Fed. Sts.",FSM,12.8
2016,YR2016,Moldova,MDA,96.6
2016,YR2016,Monaco,MCO,100
2016,YR2016,Mongolia,MNG,45.9
2016,YR2016,Montenegro,MNE,61.6
2016,YR2016,Morocco,MAR,97.9
2016,YR2016,Mozambique,MOZ,4.2
2016,YR2016,Myanmar,MMR,24.3
2016,YR2016,Namibia,NAM,44.8
2016,YR2016,Nauru,NRU,100
2016,YR2016,Nepal,NPL,31.3
2016,YR2016,Netherlands,NLD,100
2016,YR2016,New Caledonia,NCL,..
2016,YR2016,New Zealand,NZL,100
2016,YR2016,Nicaragua,NIC,52.1
2016,YR2016,Niger,NER,2.6
2016,YR2016,Nigeria,NGA,7.3
2016,YR2016,North Macedonia,MKD,75.1
2016,YR2016,Northern Mariana Islands,MNP,..
2016,YR2016,Norway,NOR,100
2016,YR2016,Oman,OMN,100
2016,YR2016,Pakistan,PAK,43.3
2016,YR2016,Palau,PLW,39.1
2016,YR2016,Panama,PAN,100
2016,YR2016,Papua New Guinea,PNG,9.1
2016,YR2016,Paraguay,PRY,66.4
2016,YR2016,Peru,PER,77.6
2016,YR2016,Philippines,PHL,45.7
2016,YR2016,Poland,POL,100
2016,YR2016,Portugal,PRT,100
2016,YR2016,Puerto Rico,PRI,..
2016,YR2016,Qatar,QAT,100
2016,YR2016,Romania,ROU,100
2016,YR2016,Russian Federation,RUS,99.5
2016,YR2016,Rwanda,RWA,1.2
2016,YR2016,Samoa,WSM,32.65
2016,YR2016,San Marino,SMR,100
2016,YR2016,Sao Tome and Principe,STP,2.4
2016,YR2016,Saudi Arabia,SAU,100
2016,YR2016,Senegal,SEN,27.3
2016,YR2016,Serbia,SRB,74
2016,YR2016,Seychelles,SYC,100
2016,YR2016,Sierra Leone,SLE,0.6
2016,YR2016,Singapore,SGP,100
2016,YR2016,Sint Maarten (Dutch part),SXM,..
2016,YR2016,Slovak Republic,SVK,100
2016,YR2016,Slovenia,SVN,100
2016,YR2016,Solomon Islands,SLB,8.4
2016,YR2016,Somalia,SOM,2.4
2016,YR2016,South Africa,ZAF,84.9
2016,YR2016,South Sudan,SSD,0
2016,YR2016,Spain,ESP,100
2016,YR2016,Sri Lanka,LKA,27.3
2016,YR2016,St. Kitts and Nevis,KNA,100
2016,YR2016,St. Lucia,LCA,95.1
2016,YR2016,St. Martin (French part),MAF,..
2016,YR2016,St. Vincent and the Grenadines,VCT,93.8
2016,YR2016,Sudan,SDN,51.1
2016,YR2016,Suriname,SUR,92.2
2016,YR2016,Sweden,SWE,100
2016,YR2016,Switzerland,CHE,100
2016,YR2016,Syrian Arab Republic,SYR,95.7
2016,YR2016,Tajikistan,TJK,79.3
2016,YR2016,Tanzania,TZA,3.9
2016,YR2016,Thailand,THA,79.8
2016,YR2016,Timor-Leste,TLS,10.2
2016,YR2016,Togo,TGO,7.6
2016,YR2016,Tonga,TON,75.5
2016,YR2016,Trinidad and Tobago,TTO,100
2016,YR2016,Tunisia,TUN,99.8
2016,YR2016,Turkiye,TUR,95
2016,YR2016,Turkmenistan,TKM,99.9
2016,YR2016,Turks and Caicos Islands,TCA,..
2016,YR2016,Tuvalu,TUV,69.1
2016,YR2016,Uganda,UGA,0.8
2016,YR2016,Ukraine,UKR,95.2
2016,YR2016,United Arab Emirates,ARE,100
2016,YR2016,United Kingdom,GBR,100
2016,YR2016,United States,USA,100
2016,YR2016,Uruguay,URY,100
2016,YR2016,Uzbekistan,UZB,83.3
2016,YR2016,Vanuatu,VUT,8.7
2016,YR2016,"Venezuela, RB",VEN,96.2
2016,YR2016,Viet Nam,VNM,83.6
2016,YR2016,Virgin Islands (U.S.),VIR,..
2016,YR2016,West Bank and Gaza,PSE,..
2016,YR2016,"Yemen, Rep.",YEM,56.5
2016,YR2016,Zambia,ZMB,13.4
2016,YR2016,Zimbabwe,ZWE,30
2016,YR2016,Africa Eastern and Southern,AFE,18.4638739405531
2016,YR2016,Africa Western and Central,AFW,11.282435893245
2016,YR2016,Arab World,ARB,86.9087002846877
2016,YR2016,Caribbean small states,CSS,95.2389339737081
2016,YR2016,Central Europe and the Baltics,CEB,100
2016,YR2016,Early-demographic dividend,EAR,57.0771476487185
2016,YR2016,East Asia & Pacific,EAS,73.1346956360252
2016,YR2016,East Asia & Pacific (excluding high income),EAP,70.3609351687239
2016,YR2016,East Asia & Pacific (IDA & IBRD countries),TEA,71.1208622982154
2016,YR2016,Euro area,EMU,100
2016,YR2016,Europe & Central Asia,ECS,97.4569118449883
2016,YR2016,Europe & Central Asia (excluding high income),ECA,90.7150035890159
2016,YR2016,Europe & Central Asia (IDA & IBRD countries),TEC,94.8583940678109
2016,YR2016,European Union,EUU,100
2016,YR2016,Fragile and conflict affected situations,FCS,26.0164196910369
2016,YR2016,Heavily indebted poor countries (HIPC),HPC,12.7107097271878
2016,YR2016,High income,HIC,99.9445676321217
2016,YR2016,IBRD only,IBD,72.6856475984627
2016,YR2016,IDA & IBRD total,IBT,59.5507014680897
2016,YR2016,IDA blend,IDB,28.5352694560039
2016,YR2016,IDA only,IDX,17.6795420964687
2016,YR2016,IDA total,IDA,21.3117589336572
2016,YR2016,Late-demographic dividend,LTE,80.0727528905885
2016,YR2016,Latin America & Caribbean,LCN,87.7197250765116
2016,YR2016,Latin America & Caribbean (excluding high income),LAC,86.6362546911277
2016,YR2016,Latin America & the Caribbean (IDA & IBRD countries),TLA,87.6064988160996
2016,YR2016,Least developed countries: UN classification,LDC,14.8589840704298
2016,YR2016,Low & middle income,LMY,57.6632488728105
2016,YR2016,Low income,LIC,13.8058032600964
2016,YR2016,Lower middle income,LMC,45.03114138101
2016,YR2016,Middle East & North Africa,MEA,95.7233344510016
2016,YR2016,Middle East & North Africa (excluding high income),MNA,94.981455769248
2016,YR2016,Middle East & North Africa (IDA & IBRD countries),TMN,94.981455769248
2016,YR2016,Middle income,MIC,62.4533244400116
2016,YR2016,North America,NAC,100
2016,YR2016,Not classified,INX,..
2016,YR2016,OECD members,OED,97.939487924469
2016,YR2016,Other small states,OSS,69.2334601532625
2016,YR2016,Pacific island small states,PSS,28.3275235229354
2016,YR2016,Post-demographic dividend,PST,99.5391018436389
2016,YR2016,Pre-demographic dividend,PRE,15.6368734877628
2016,YR2016,Small states,SST,68.0202505072194
2016,YR2016,South Asia,SAS,46.2092563908412
2016,YR2016,South Asia (IDA & IBRD),TSA,46.2092563908412
2016,YR2016,Sub-Saharan Africa,SSF,15.5544544223544
2016,YR2016,Sub-Saharan Africa (excluding high income),SSA,15.5467376484279
2016,YR2016,Sub-Saharan Africa (IDA & IBRD countries),TSS,15.5544544223544
2016,YR2016,Upper middle income,UMC,80.2948320895933
2016,YR2016,World,WLD,65.3793319094272
2017,YR2017,Afghanistan,AFG,30.3
2017,YR2017,Albania,ALB,79.6
2017,YR2017,Algeria,DZA,99.7
2017,YR2017,American Samoa,ASM,..
2017,YR2017,Andorra,AND,100
2017,YR2017,Angola,AGO,48.3
2017,YR2017,Antigua and Barbuda,ATG,100
2017,YR2017,Argentina,ARG,99.8
2017,YR2017,Armenia,ARM,97.7
2017,YR2017,Aruba,ABW,..
2017,YR2017,Australia,AUS,100
2017,YR2017,Austria,AUT,100
2017,YR2017,Azerbaijan,AZE,97.6
2017,YR2017,"Bahamas, The",BHS,100
2017,YR2017,Bahrain,BHR,100
2017,YR2017,Bangladesh,BGD,20.7
2017,YR2017,Barbados,BRB,100
2017,YR2017,Belarus,BLR,99.6
2017,YR2017,Belgium,BEL,100
2017,YR2017,Belize,BLZ,83.2
2017,YR2017,Benin,BEN,5.2
2017,YR2017,Bermuda,BMU,..
2017,YR2017,Bhutan,BTN,81.9
2017,YR2017,Bolivia,BOL,84.6
2017,YR2017,Bosnia and Herzegovina,BIH,41.3
2017,YR2017,Botswana,BWA,63
2017,YR2017,Brazil,BRA,96.1
2017,YR2017,British Virgin Islands,VGB,..
2017,YR2017,Brunei Darussalam,BRN,100
2017,YR2017,Bulgaria,BGR,..
2017,YR2017,Burkina Faso,BFA,10.8
2017,YR2017,Burundi,BDI,0.1
2017,YR2017,Cabo Verde,CPV,77.9
2017,YR2017,Cambodia,KHM,26.9
2017,YR2017,Cameroon,CMR,24.3
2017,YR2017,Canada,CAN,100
2017,YR2017,Cayman Islands,CYM,..
2017,YR2017,Central African Republic,CAF,0.7
2017,YR2017,Chad,TCD,5.2
2017,YR2017,Channel Islands,CHI,..
2017,YR2017,Chile,CHL,100
2017,YR2017,China,CHN,77.1
2017,YR2017,Colombia,COL,90.7
2017,YR2017,Comoros,COM,6.7
2017,YR2017,"Congo, Dem. Rep.",COD,3.9
2017,YR2017,"Congo, Rep.",COG,30
2017,YR2017,Costa Rica,CRI,95
2017,YR2017,Cote d'Ivoire,CIV,29.6
2017,YR2017,Croatia,HRV,100
2017,YR2017,Cuba,CUB,93.65
2017,YR2017,Curacao,CUW,..
2017,YR2017,Cyprus,CYP,100
2017,YR2017,Czechia,CZE,100
2017,YR2017,Denmark,DNK,100
2017,YR2017,Djibouti,DJI,9.6
2017,YR2017,Dominica,DMA,88.9
2017,YR2017,Dominican Republic,DOM,90.2
2017,YR2017,Ecuador,ECU,94.4
2017,YR2017,"Egypt, Arab Rep.",EGY,99.9
2017,YR2017,El Salvador,SLV,88.3
2017,YR2017,Equatorial Guinea,GNQ,23.3
2017,YR2017,Eritrea,ERI,9.8
2017,YR2017,Estonia,EST,100
2017,YR2017,Eswatini,SWZ,47.2
2017,YR2017,Ethiopia,ETH,5.4
2017,YR2017,Faroe Islands,FRO,..
2017,YR2017,Fiji,FJI,44.9
2017,YR2017,Finland,FIN,100
2017,YR2017,France,FRA,100
2017,YR2017,French Polynesia,PYF,..
2017,YR2017,Gabon,GAB,88
2017,YR2017,"Gambia, The",GMB,1.8
2017,YR2017,Georgia,GEO,84.2
2017,YR2017,Germany,DEU,100
2017,YR2017,Ghana,GHA,24.2
2017,YR2017,Gibraltar,GIB,..
2017,YR2017,Greece,GRC,100
2017,YR2017,Greenland,GRL,..
2017,YR2017,Grenada,GRD,88.9
2017,YR2017,Guam,GUM,..
2017,YR2017,Guatemala,GTM,41
2017,YR2017,Guinea,GIN,0.8
2017,YR2017,Guinea-Bissau,GNB,1.1
2017,YR2017,Guyana,GUY,100
2017,YR2017,Haiti,HTI,4
2017,YR2017,Honduras,HND,46.9
2017,YR2017,"Hong Kong SAR, China",HKG,..
2017,YR2017,Hungary,HUN,100
2017,YR2017,Iceland,ISL,100
2017,YR2017,India,IND,54.3
2017,YR2017,Indonesia,IDN,75.5
2017,YR2017,"Iran, Islamic Rep.",IRN,96.8
2017,YR2017,Iraq,IRQ,99
2017,YR2017,Ireland,IRL,100
2017,YR2017,Isle of Man,IMN,..
2017,YR2017,Israel,ISR,100
2017,YR2017,Italy,ITA,100
2017,YR2017,Jamaica,JAM,81.7
2017,YR2017,Japan,JPN,100
2017,YR2017,Jordan,JOR,99.9
2017,YR2017,Kazakhstan,KAZ,93.4
2017,YR2017,Kenya,KEN,15.75
2017,YR2017,Kiribati,KIR,8.2
2017,YR2017,"Korea, Dem. People's Rep.",PRK,10
2017,YR2017,"Korea, Rep.",KOR,100
2017,YR2017,Kosovo,XKX,..
2017,YR2017,Kuwait,KWT,100
2017,YR2017,Kyrgyz Republic,KGZ,77.2
2017,YR2017,Lao PDR,LAO,6.8
2017,YR2017,Latvia,LVA,100
2017,YR2017,Lebanon,LBN,..
2017,YR2017,Lesotho,LSO,38.7
2017,YR2017,Liberia,LBR,0.5
2017,YR2017,Libya,LBY,..
2017,YR2017,Liechtenstein,LIE,..
2017,YR2017,Lithuania,LTU,100
2017,YR2017,Luxembourg,LUX,100
2017,YR2017,"Macao SAR, China",MAC,..
2017,YR2017,Madagascar,MDG,1
2017,YR2017,Malawi,MWI,2
2017,YR2017,Malaysia,MYS,90.7
2017,YR2017,Maldives,MDV,99.1
2017,YR2017,Mali,MLI,1
2017,YR2017,Malta,MLT,100
2017,YR2017,Marshall Islands,MHL,64.9
2017,YR2017,Mauritania,MRT,45.2
2017,YR2017,Mauritius,MUS,98.8
2017,YR2017,Mexico,MEX,84.8
2017,YR2017,"Micronesia, Fed. Sts.",FSM,12.9
2017,YR2017,Moldova,MDA,96.8
2017,YR2017,Monaco,MCO,100
2017,YR2017,Mongolia,MNG,47.6
2017,YR2017,Montenegro,MNE,61.6
2017,YR2017,Morocco,MAR,98.1
2017,YR2017,Mozambique,MOZ,4.5
2017,YR2017,Myanmar,MMR,27.9
2017,YR2017,Namibia,NAM,45.5
2017,YR2017,Nauru,NRU,100
2017,YR2017,Nepal,NPL,32.8
2017,YR2017,Netherlands,NLD,100
2017,YR2017,New Caledonia,NCL,..
2017,YR2017,New Zealand,NZL,100
2017,YR2017,Nicaragua,NIC,53.4
2017,YR2017,Niger,NER,2.9
2017,YR2017,Nigeria,NGA,9.8
2017,YR2017,North Macedonia,MKD,75.7
2017,YR2017,Northern Mariana Islands,MNP,..
2017,YR2017,Norway,NOR,100
2017,YR2017,Oman,OMN,100
2017,YR2017,Pakistan,PAK,44.5
2017,YR2017,Palau,PLW,36.5
2017,YR2017,Panama,PAN,100
2017,YR2017,Papua New Guinea,PNG,9.3
2017,YR2017,Paraguay,PRY,67.2
2017,YR2017,Peru,PER,79.5
2017,YR2017,Philippines,PHL,47.8
2017,YR2017,Poland,POL,100
2017,YR2017,Portugal,PRT,100
2017,YR2017,Puerto Rico,PRI,..
2017,YR2017,Qatar,QAT,100
2017,YR2017,Romania,ROU,100
2017,YR2017,Russian Federation,RUS,99.5
2017,YR2017,Rwanda,RWA,1.7
2017,YR2017,Samoa,WSM,33.9
2017,YR2017,San Marino,SMR,100
2017,YR2017,Sao Tome and Principe,STP,2.6
2017,YR2017,Saudi Arabia,SAU,100
2017,YR2017,Senegal,SEN,27.7
2017,YR2017,Serbia,SRB,75.8
2017,YR2017,Seychelles,SYC,100
2017,YR2017,Sierra Leone,SLE,0.7
2017,YR2017,Singapore,SGP,100
2017,YR2017,Sint Maarten (Dutch part),SXM,..
2017,YR2017,Slovak Republic,SVK,100
2017,YR2017,Slovenia,SVN,100
2017,YR2017,Solomon Islands,SLB,8.4
2017,YR2017,Somalia,SOM,2.7
2017,YR2017,South Africa,ZAF,85.8
2017,YR2017,South Sudan,SSD,0
2017,YR2017,Spain,ESP,100
2017,YR2017,Sri Lanka,LKA,28.7
2017,YR2017,St. Kitts and Nevis,KNA,100
2017,YR2017,St. Lucia,LCA,94.7
2017,YR2017,St. Martin (French part),MAF,..
2017,YR2017,St. Vincent and the Grenadines,VCT,93.5
2017,YR2017,Sudan,SDN,54.1
2017,YR2017,Suriname,SUR,92.9
2017,YR2017,Sweden,SWE,100
2017,YR2017,Switzerland,CHE,100
2017,YR2017,Syrian Arab Republic,SYR,95
2017,YR2017,Tajikistan,TJK,80.6
2017,YR2017,Tanzania,TZA,4.5
2017,YR2017,Thailand,THA,81
2017,YR2017,Timor-Leste,TLS,11.15
2017,YR2017,Togo,TGO,8.1
2017,YR2017,Tonga,TON,78
2017,YR2017,Trinidad and Tobago,TTO,100
2017,YR2017,Tunisia,TUN,99.8
2017,YR2017,Turkiye,TUR,95
2017,YR2017,Turkmenistan,TKM,99.9
2017,YR2017,Turks and Caicos Islands,TCA,..
2017,YR2017,Tuvalu,TUV,70.4
2017,YR2017,Uganda,UGA,0.8
2017,YR2017,Ukraine,UKR,95.1
2017,YR2017,United Arab Emirates,ARE,100
2017,YR2017,United Kingdom,GBR,100
2017,YR2017,United States,USA,100
2017,YR2017,Uruguay,URY,100
2017,YR2017,Uzbekistan,UZB,82.5
2017,YR2017,Vanuatu,VUT,8
2017,YR2017,"Venezuela, RB",VEN,96.1
2017,YR2017,Viet Nam,VNM,88
2017,YR2017,Virgin Islands (U.S.),VIR,..
2017,YR2017,West Bank and Gaza,PSE,..
2017,YR2017,"Yemen, Rep.",YEM,55.4
2017,YR2017,Zambia,ZMB,12.6
2017,YR2017,Zimbabwe,ZWE,30.1
2017,YR2017,Africa Eastern and Southern,AFE,18.9240372515176
2017,YR2017,Africa Western and Central,AFW,12.7932632353044
2017,YR2017,Arab World,ARB,87.0328280422416
2017,YR2017,Caribbean small states,CSS,95.2877412402031
2017,YR2017,Central Europe and the Baltics,CEB,100
2017,YR2017,Early-demographic dividend,EAR,59.1629462717833
2017,YR2017,East Asia & Pacific,EAS,75.6180718486289
2017,YR2017,East Asia & Pacific (excluding high income),EAP,73.1133786655883
2017,YR2017,East Asia & Pacific (IDA & IBRD countries),TEA,73.8967156057044
2017,YR2017,Euro area,EMU,100
2017,YR2017,Europe & Central Asia,ECS,97.4628829106485
2017,YR2017,Europe & Central Asia (excluding high income),ECA,90.7775346297263
2017,YR2017,Europe & Central Asia (IDA & IBRD countries),TEC,94.874466179456
2017,YR2017,European Union,EUU,100
2017,YR2017,Fragile and conflict affected situations,FCS,26.8263224727779
2017,YR2017,Heavily indebted poor countries (HIPC),HPC,13.2744695672483
2017,YR2017,High income,HIC,99.9446948341525
2017,YR2017,IBRD only,IBD,74.8619332739099
2017,YR2017,IDA & IBRD total,IBT,61.297894525
2017,YR2017,IDA blend,IDB,29.9854907225486
2017,YR2017,IDA only,IDX,18.4449606934469
2017,YR2017,IDA total,IDA,22.2974054018785
2017,YR2017,Late-demographic dividend,LTE,82.0232528495772
2017,YR2017,Latin America & Caribbean,LCN,88.0464208421708
2017,YR2017,Latin America & Caribbean (excluding high income),LAC,87.0082536538007
2017,YR2017,Latin America & the Caribbean (IDA & IBRD countries),TLA,87.9359402074847
2017,YR2017,Least developed countries: UN classification,LDC,15.6329402267282
2017,YR2017,Low & middle income,LMY,59.5007297082687
2017,YR2017,Low income,LIC,14.1550041976109
2017,YR2017,Lower middle income,LMC,47.3965514790835
2017,YR2017,Middle East & North Africa,MEA,95.6086777317565
2017,YR2017,Middle East & North Africa (excluding high income),MNA,94.8435757433123
2017,YR2017,Middle East & North Africa (IDA & IBRD countries),TMN,94.8435757433123
2017,YR2017,Middle income,MIC,64.5296641047746
2017,YR2017,North America,NAC,100
2017,YR2017,Not classified,INX,..
2017,YR2017,OECD members,OED,97.96315479465
2017,YR2017,Other small states,OSS,69.59509351434
2017,YR2017,Pacific island small states,PSS,29.1067858354772
2017,YR2017,Post-demographic dividend,PST,99.5439554994381
2017,YR2017,Pre-demographic dividend,PRE,16.6681965383662
2017,YR2017,Small states,SST,68.3766581370016
2017,YR2017,South Asia,SAS,49.0624616581291
2017,YR2017,South Asia (IDA & IBRD),TSA,49.0624616581291
2017,YR2017,Sub-Saharan Africa,SSF,16.4395457104992
2017,YR2017,Sub-Saharan Africa (excluding high income),SSA,16.4320172613653
2017,YR2017,Sub-Saharan Africa (IDA & IBRD countries),TSS,16.4395457104992
2017,YR2017,Upper middle income,UMC,82.1974421357611
2017,YR2017,World,WLD,66.8295663442129
2018,YR2018,Afghanistan,AFG,31.4
2018,YR2018,Albania,ALB,80.7
2018,YR2018,Algeria,DZA,99.7
2018,YR2018,American Samoa,ASM,..
2018,YR2018,Andorra,AND,100
2018,YR2018,Angola,AGO,48.6
2018,YR2018,Antigua and Barbuda,ATG,100
2018,YR2018,Argentina,ARG,99.8
2018,YR2018,Armenia,ARM,97.8
2018,YR2018,Aruba,ABW,..
2018,YR2018,Australia,AUS,100
2018,YR2018,Austria,AUT,100
2018,YR2018,Azerbaijan,AZE,97.8
2018,YR2018,"Bahamas, The",BHS,100
2018,YR2018,Bahrain,BHR,100
2018,YR2018,Bangladesh,BGD,21.9
2018,YR2018,Barbados,BRB,100
2018,YR2018,Belarus,BLR,99.7
2018,YR2018,Belgium,BEL,100
2018,YR2018,Belize,BLZ,83
2018,YR2018,Benin,BEN,5.3
2018,YR2018,Bermuda,BMU,..
2018,YR2018,Bhutan,BTN,83.3
2018,YR2018,Bolivia,BOL,85.6
2018,YR2018,Bosnia and Herzegovina,BIH,40.8
2018,YR2018,Botswana,BWA,63.7
2018,YR2018,Brazil,BRA,96.2
2018,YR2018,British Virgin Islands,VGB,..
2018,YR2018,Brunei Darussalam,BRN,100
2018,YR2018,Bulgaria,BGR,..
2018,YR2018,Burkina Faso,BFA,11.9
2018,YR2018,Burundi,BDI,0.1
2018,YR2018,Cabo Verde,CPV,79
2018,YR2018,Cambodia,KHM,31.2
2018,YR2018,Cameroon,CMR,25.3
2018,YR2018,Canada,CAN,100
2018,YR2018,Cayman Islands,CYM,..
2018,YR2018,Central African Republic,CAF,0.7
2018,YR2018,Chad,TCD,6
2018,YR2018,Channel Islands,CHI,..
2018,YR2018,Chile,CHL,100
2018,YR2018,China,CHN,79.5
2018,YR2018,Colombia,COL,91.4
2018,YR2018,Comoros,COM,7.4
2018,YR2018,"Congo, Dem. Rep.",COD,3.9
2018,YR2018,"Congo, Rep.",COG,31.8
2018,YR2018,Costa Rica,CRI,95.3
2018,YR2018,Cote d'Ivoire,CIV,32.1
2018,YR2018,Croatia,HRV,100
2018,YR2018,Cuba,CUB,94.2
2018,YR2018,Curacao,CUW,..
2018,YR2018,Cyprus,CYP,100
2018,YR2018,Czechia,CZE,100
2018,YR2018,Denmark,DNK,100
2018,YR2018,Djibouti,DJI,9.8
2018,YR2018,Dominica,DMA,88.5
2018,YR2018,Dominican Republic,DOM,90.7
2018,YR2018,Ecuador,ECU,94.5
2018,YR2018,"Egypt, Arab Rep.",EGY,99.9
2018,YR2018,El Salvador,SLV,89.7
2018,YR2018,Equatorial Guinea,GNQ,23.3
2018,YR2018,Eritrea,ERI,10.1
2018,YR2018,Estonia,EST,100
2018,YR2018,Eswatini,SWZ,47.7
2018,YR2018,Ethiopia,ETH,6
2018,YR2018,Faroe Islands,FRO,..
2018,YR2018,Fiji,FJI,47.3
2018,YR2018,Finland,FIN,100
2018,YR2018,France,FRA,100
2018,YR2018,French Polynesia,PYF,..
2018,YR2018,Gabon,GAB,88.8
2018,YR2018,"Gambia, The",GMB,1.8
2018,YR2018,Georgia,GEO,86
2018,YR2018,Germany,DEU,100
2018,YR2018,Ghana,GHA,25.9
2018,YR2018,Gibraltar,GIB,..
2018,YR2018,Greece,GRC,100
2018,YR2018,Greenland,GRL,..
2018,YR2018,Grenada,GRD,88.2
2018,YR2018,Guam,GUM,..
2018,YR2018,Guatemala,GTM,42
2018,YR2018,Guinea,GIN,0.9
2018,YR2018,Guinea-Bissau,GNB,1.1
2018,YR2018,Guyana,GUY,100
2018,YR2018,Haiti,HTI,4.1
2018,YR2018,Honduras,HND,47.6
2018,YR2018,"Hong Kong SAR, China",HKG,..
2018,YR2018,Hungary,HUN,100
2018,YR2018,Iceland,ISL,100
2018,YR2018,India,IND,58.6
2018,YR2018,Indonesia,IDN,78.9
2018,YR2018,"Iran, Islamic Rep.",IRN,96.6
2018,YR2018,Iraq,IRQ,99.1
2018,YR2018,Ireland,IRL,100
2018,YR2018,Isle of Man,IMN,..
2018,YR2018,Israel,ISR,100
2018,YR2018,Italy,ITA,100
2018,YR2018,Jamaica,JAM,79.8
2018,YR2018,Japan,JPN,100
2018,YR2018,Jordan,JOR,99.9
2018,YR2018,Kazakhstan,KAZ,93.4
2018,YR2018,Kenya,KEN,18.1
2018,YR2018,Kiribati,KIR,9.3
2018,YR2018,"Korea, Dem. People's Rep.",PRK,10.6
2018,YR2018,"Korea, Rep.",KOR,100
2018,YR2018,Kosovo,XKX,..
2018,YR2018,Kuwait,KWT,100
2018,YR2018,Kyrgyz Republic,KGZ,77.3
2018,YR2018,Lao PDR,LAO,7.3
2018,YR2018,Latvia,LVA,100
2018,YR2018,Lebanon,LBN,..
2018,YR2018,Lesotho,LSO,39.2
2018,YR2018,Liberia,LBR,0.5
2018,YR2018,Libya,LBY,..
2018,YR2018,Liechtenstein,LIE,..
2018,YR2018,Lithuania,LTU,100
2018,YR2018,Luxembourg,LUX,100
2018,YR2018,"Macao SAR, China",MAC,..
2018,YR2018,Madagascar,MDG,1.1
2018,YR2018,Malawi,MWI,1.9
2018,YR2018,Malaysia,MYS,89.5
2018,YR2018,Maldives,MDV,99.3
2018,YR2018,Mali,MLI,1
2018,YR2018,Malta,MLT,100
2018,YR2018,Marshall Islands,MHL,65.1
2018,YR2018,Mauritania,MRT,46
2018,YR2018,Mauritius,MUS,98.8
2018,YR2018,Mexico,MEX,85
2018,YR2018,"Micronesia, Fed. Sts.",FSM,13.1
2018,YR2018,Moldova,MDA,97
2018,YR2018,Monaco,MCO,100
2018,YR2018,Mongolia,MNG,48.9
2018,YR2018,Montenegro,MNE,61.75
2018,YR2018,Morocco,MAR,98.1
2018,YR2018,Mozambique,MOZ,4.6
2018,YR2018,Myanmar,MMR,31.9
2018,YR2018,Namibia,NAM,46
2018,YR2018,Nauru,NRU,100
2018,YR2018,Nepal,NPL,34.3
2018,YR2018,Netherlands,NLD,100
2018,YR2018,New Caledonia,NCL,..
2018,YR2018,New Zealand,NZL,100
2018,YR2018,Nicaragua,NIC,54.6
2018,YR2018,Niger,NER,3.3
2018,YR2018,Nigeria,NGA,12.9
2018,YR2018,North Macedonia,MKD,76.8
2018,YR2018,Northern Mariana Islands,MNP,..
2018,YR2018,Norway,NOR,100
2018,YR2018,Oman,OMN,100
2018,YR2018,Pakistan,PAK,46.3
2018,YR2018,Palau,PLW,34.8
2018,YR2018,Panama,PAN,100
2018,YR2018,Papua New Guinea,PNG,9.5
2018,YR2018,Paraguay,PRY,67.7
2018,YR2018,Peru,PER,81.4
2018,YR2018,Philippines,PHL,49.9
2018,YR2018,Poland,POL,100
2018,YR2018,Portugal,PRT,100
2018,YR2018,Puerto Rico,PRI,..
2018,YR2018,Qatar,QAT,100
2018,YR2018,Romania,ROU,100
2018,YR2018,Russian Federation,RUS,99.5
2018,YR2018,Rwanda,RWA,2.4
2018,YR2018,Samoa,WSM,34.8
2018,YR2018,San Marino,SMR,100
2018,YR2018,Sao Tome and Principe,STP,2.8
2018,YR2018,Saudi Arabia,SAU,100
2018,YR2018,Senegal,SEN,28.2
2018,YR2018,Serbia,SRB,77.1
2018,YR2018,Seychelles,SYC,100
2018,YR2018,Sierra Leone,SLE,0.7
2018,YR2018,Singapore,SGP,100
2018,YR2018,Sint Maarten (Dutch part),SXM,..
2018,YR2018,Slovak Republic,SVK,100
2018,YR2018,Slovenia,SVN,100
2018,YR2018,Solomon Islands,SLB,8.4
2018,YR2018,Somalia,SOM,3
2018,YR2018,South Africa,ZAF,86.6
2018,YR2018,South Sudan,SSD,0
2018,YR2018,Spain,ESP,100
2018,YR2018,Sri Lanka,LKA,29.9
2018,YR2018,St. Kitts and Nevis,KNA,100
2018,YR2018,St. Lucia,LCA,94.5
2018,YR2018,St. Martin (French part),MAF,..
2018,YR2018,St. Vincent and the Grenadines,VCT,93.1
2018,YR2018,Sudan,SDN,56.25
2018,YR2018,Suriname,SUR,93.6
2018,YR2018,Sweden,SWE,100
2018,YR2018,Switzerland,CHE,100
2018,YR2018,Syrian Arab Republic,SYR,94.6
2018,YR2018,Tajikistan,TJK,81.7
2018,YR2018,Tanzania,TZA,5.3
2018,YR2018,Thailand,THA,82.2
2018,YR2018,Timor-Leste,TLS,12.4
2018,YR2018,Togo,TGO,9
2018,YR2018,Tonga,TON,80.8
2018,YR2018,Trinidad and Tobago,TTO,100
2018,YR2018,Tunisia,TUN,99.8
2018,YR2018,Turkiye,TUR,95.1
2018,YR2018,Turkmenistan,TKM,99.9
2018,YR2018,Turks and Caicos Islands,TCA,..
2018,YR2018,Tuvalu,TUV,72
2018,YR2018,Uganda,UGA,0.8
2018,YR2018,Ukraine,UKR,95.3
2018,YR2018,United Arab Emirates,ARE,100
2018,YR2018,United Kingdom,GBR,100
2018,YR2018,United States,USA,100
2018,YR2018,Uruguay,URY,100
2018,YR2018,Uzbekistan,UZB,82
2018,YR2018,Vanuatu,VUT,7.6
2018,YR2018,"Venezuela, RB",VEN,95.9
2018,YR2018,Viet Nam,VNM,91.7
2018,YR2018,Virgin Islands (U.S.),VIR,..
2018,YR2018,West Bank and Gaza,PSE,..
2018,YR2018,"Yemen, Rep.",YEM,54
2018,YR2018,Zambia,ZMB,11.9
2018,YR2018,Zimbabwe,ZWE,30.3
2018,YR2018,Africa Eastern and Southern,AFE,19.437054202211
2018,YR2018,Africa Western and Central,AFW,14.663583214225
2018,YR2018,Arab World,ARB,87.0480840480946
2018,YR2018,Caribbean small states,CSS,95.3396403525581
2018,YR2018,Central Europe and the Baltics,CEB,100
2018,YR2018,Early-demographic dividend,EAR,61.6365153668192
2018,YR2018,East Asia & Pacific,EAS,77.8432198353681
2018,YR2018,East Asia & Pacific (excluding high income),EAP,75.5761367031294
2018,YR2018,East Asia & Pacific (IDA & IBRD countries),TEA,76.3811208894662
2018,YR2018,Euro area,EMU,100
2018,YR2018,Europe & Central Asia,ECS,97.4893323944036
2018,YR2018,Europe & Central Asia (excluding high income),ECA,90.9176859900732
2018,YR2018,Europe & Central Asia (IDA & IBRD countries),TEC,94.9309816007147
2018,YR2018,European Union,EUU,100
2018,YR2018,Fragile and conflict affected situations,FCS,27.7547396344001
2018,YR2018,Heavily indebted poor countries (HIPC),HPC,13.867489735766
2018,YR2018,High income,HIC,99.9448838748325
2018,YR2018,IBRD only,IBD,77.1543111731697
2018,YR2018,IDA & IBRD total,IBT,63.1678726729107
2018,YR2018,IDA blend,IDB,31.9716253855709
2018,YR2018,IDA only,IDX,19.2460066428099
2018,YR2018,IDA total,IDA,23.4858865974979
2018,YR2018,Late-demographic dividend,LTE,83.7280225046049
2018,YR2018,Latin America & Caribbean,LCN,88.3265184049688
2018,YR2018,Latin America & Caribbean (excluding high income),LAC,87.3394876411231
2018,YR2018,Latin America & the Caribbean (IDA & IBRD countries),TLA,88.2123932940436
2018,YR2018,Least developed countries: UN classification,LDC,16.3930575102878
2018,YR2018,Low & middle income,LMY,61.4671145069025
2018,YR2018,Low income,LIC,14.5049325512997
2018,YR2018,Lower middle income,LMC,50.2719749288425
2018,YR2018,Middle East & North Africa,MEA,95.4507650832118
2018,YR2018,Middle East & North Africa (excluding high income),MNA,94.6551611600182
2018,YR2018,Middle East & North Africa (IDA & IBRD countries),TMN,94.6551611600182
2018,YR2018,Middle income,MIC,66.7597604367833
2018,YR2018,North America,NAC,100
2018,YR2018,Not classified,INX,..
2018,YR2018,OECD members,OED,98.0022963229407
2018,YR2018,Other small states,OSS,69.9162249657002
2018,YR2018,Pacific island small states,PSS,29.9733212467722
2018,YR2018,Post-demographic dividend,PST,99.5617917688447
2018,YR2018,Pre-demographic dividend,PRE,17.8307887830378
2018,YR2018,Small states,SST,68.7419952436801
2018,YR2018,South Asia,SAS,52.6323495246985
2018,YR2018,South Asia (IDA & IBRD),TSA,52.6323495246985
2018,YR2018,Sub-Saharan Africa,SSF,17.5028230667649
2018,YR2018,Sub-Saharan Africa (excluding high income),SSA,17.4955150569358
2018,YR2018,Sub-Saharan Africa (IDA & IBRD countries),TSS,17.5028230667649
2018,YR2018,Upper middle income,UMC,83.8840693611295
2018,YR2018,World,WLD,68.3885301966255
2019,YR2019,Afghanistan,AFG,32.6
2019,YR2019,Albania,ALB,82
2019,YR2019,Algeria,DZA,99.7
2019,YR2019,American Samoa,ASM,..
2019,YR2019,Andorra,AND,100
2019,YR2019,Angola,AGO,49
2019,YR2019,Antigua and Barbuda,ATG,100
2019,YR2019,Argentina,ARG,99.9
2019,YR2019,Armenia,ARM,97.9
2019,YR2019,Aruba,ABW,..
2019,YR2019,Australia,AUS,100
2019,YR2019,Austria,AUT,100
2019,YR2019,Azerbaijan,AZE,98.1
2019,YR2019,"Bahamas, The",BHS,100
2019,YR2019,Bahrain,BHR,100
2019,YR2019,Bangladesh,BGD,23.5
2019,YR2019,Barbados,BRB,100
2019,YR2019,Belarus,BLR,99.7
2019,YR2019,Belgium,BEL,100
2019,YR2019,Belize,BLZ,83
2019,YR2019,Benin,BEN,5.4
2019,YR2019,Bermuda,BMU,..
2019,YR2019,Bhutan,BTN,84.7
2019,YR2019,Bolivia,BOL,86.6
2019,YR2019,Bosnia and Herzegovina,BIH,42.05
2019,YR2019,Botswana,BWA,64.4
2019,YR2019,Brazil,BRA,96.4
2019,YR2019,British Virgin Islands,VGB,..
2019,YR2019,Brunei Darussalam,BRN,100
2019,YR2019,Bulgaria,BGR,..
2019,YR2019,Burkina Faso,BFA,13.1
2019,YR2019,Burundi,BDI,0.1
2019,YR2019,Cabo Verde,CPV,80.2
2019,YR2019,Cambodia,KHM,35.7
2019,YR2019,Cameroon,CMR,26.4
2019,YR2019,Canada,CAN,100
2019,YR2019,Cayman Islands,CYM,..
2019,YR2019,Central African Republic,CAF,0.8
2019,YR2019,Chad,TCD,6.7
2019,YR2019,Channel Islands,CHI,..
2019,YR2019,Chile,CHL,100
2019,YR2019,China,CHN,82
2019,YR2019,Colombia,COL,91.9
2019,YR2019,Comoros,COM,7.8
2019,YR2019,"Congo, Dem. Rep.",COD,4
2019,YR2019,"Congo, Rep.",COG,33.9
2019,YR2019,Costa Rica,CRI,95.6
2019,YR2019,Cote d'Ivoire,CIV,34.7
2019,YR2019,Croatia,HRV,100
2019,YR2019,Cuba,CUB,94.4
2019,YR2019,Curacao,CUW,..
2019,YR2019,Cyprus,CYP,100
2019,YR2019,Czechia,CZE,100
2019,YR2019,Denmark,DNK,100
2019,YR2019,Djibouti,DJI,10.2
2019,YR2019,Dominica,DMA,88.1
2019,YR2019,Dominican Republic,DOM,91.3
2019,YR2019,Ecuador,ECU,94.4
2019,YR2019,"Egypt, Arab Rep.",EGY,99.9
2019,YR2019,El Salvador,SLV,90.9
2019,YR2019,Equatorial Guinea,GNQ,23.1
2019,YR2019,Eritrea,ERI,10.2
2019,YR2019,Estonia,EST,100
2019,YR2019,Eswatini,SWZ,48.1
2019,YR2019,Ethiopia,ETH,6.6
2019,YR2019,Faroe Islands,FRO,..
2019,YR2019,Fiji,FJI,49.3
2019,YR2019,Finland,FIN,100
2019,YR2019,France,FRA,100
2019,YR2019,French Polynesia,PYF,..
2019,YR2019,Gabon,GAB,89.3
2019,YR2019,"Gambia, The",GMB,1.8
2019,YR2019,Georgia,GEO,87.8
2019,YR2019,Germany,DEU,100
2019,YR2019,Ghana,GHA,26.9
2019,YR2019,Gibraltar,GIB,..
2019,YR2019,Greece,GRC,100
2019,YR2019,Greenland,GRL,..
2019,YR2019,Grenada,GRD,87.5
2019,YR2019,Guam,GUM,..
2019,YR2019,Guatemala,GTM,43.2
2019,YR2019,Guinea,GIN,0.9
2019,YR2019,Guinea-Bissau,GNB,1.1
2019,YR2019,Guyana,GUY,100
2019,YR2019,Haiti,HTI,4.2
2019,YR2019,Honduras,HND,48.1
2019,YR2019,"Hong Kong SAR, China",HKG,..
2019,YR2019,Hungary,HUN,100
2019,YR2019,Iceland,ISL,100
2019,YR2019,India,IND,62.2
2019,YR2019,Indonesia,IDN,82.1
2019,YR2019,"Iran, Islamic Rep.",IRN,96.5
2019,YR2019,Iraq,IRQ,99.3
2019,YR2019,Ireland,IRL,100
2019,YR2019,Isle of Man,IMN,..
2019,YR2019,Israel,ISR,100
2019,YR2019,Italy,ITA,100
2019,YR2019,Jamaica,JAM,79.1
2019,YR2019,Japan,JPN,100
2019,YR2019,Jordan,JOR,99.9
2019,YR2019,Kazakhstan,KAZ,93.4
2019,YR2019,Kenya,KEN,20.7
2019,YR2019,Kiribati,KIR,10.45
2019,YR2019,"Korea, Dem. People's Rep.",PRK,11.3
2019,YR2019,"Korea, Rep.",KOR,100
2019,YR2019,Kosovo,XKX,..
2019,YR2019,Kuwait,KWT,100
2019,YR2019,Kyrgyz Republic,KGZ,77.3
2019,YR2019,Lao PDR,LAO,8
2019,YR2019,Latvia,LVA,100
2019,YR2019,Lebanon,LBN,..
2019,YR2019,Lesotho,LSO,39.8
2019,YR2019,Liberia,LBR,0.6
2019,YR2019,Libya,LBY,..
2019,YR2019,Liechtenstein,LIE,..
2019,YR2019,Lithuania,LTU,100
2019,YR2019,Luxembourg,LUX,100
2019,YR2019,"Macao SAR, China",MAC,..
2019,YR2019,Madagascar,MDG,1.3
2019,YR2019,Malawi,MWI,1.8
2019,YR2019,Malaysia,MYS,88.2
2019,YR2019,Maldives,MDV,99.5
2019,YR2019,Mali,MLI,1.1
2019,YR2019,Malta,MLT,100
2019,YR2019,Marshall Islands,MHL,64.7
2019,YR2019,Mauritania,MRT,46.5
2019,YR2019,Mauritius,MUS,98.9
2019,YR2019,Mexico,MEX,85.2
2019,YR2019,"Micronesia, Fed. Sts.",FSM,13.1
2019,YR2019,Moldova,MDA,97.3
2019,YR2019,Monaco,MCO,100
2019,YR2019,Mongolia,MNG,50.4
2019,YR2019,Montenegro,MNE,61.85
2019,YR2019,Morocco,MAR,98.1
2019,YR2019,Mozambique,MOZ,4.9
2019,YR2019,Myanmar,MMR,36.1
2019,YR2019,Namibia,NAM,46.5
2019,YR2019,Nauru,NRU,100
2019,YR2019,Nepal,NPL,35.5
2019,YR2019,Netherlands,NLD,100
2019,YR2019,New Caledonia,NCL,..
2019,YR2019,New Zealand,NZL,100
2019,YR2019,Nicaragua,NIC,55.9
2019,YR2019,Niger,NER,3.7
2019,YR2019,Nigeria,NGA,16.35
2019,YR2019,North Macedonia,MKD,78.2
2019,YR2019,Northern Mariana Islands,MNP,..
2019,YR2019,Norway,NOR,100
2019,YR2019,Oman,OMN,100
2019,YR2019,Pakistan,PAK,47.8
2019,YR2019,Palau,PLW,33.4
2019,YR2019,Panama,PAN,100
2019,YR2019,Papua New Guinea,PNG,9.5
2019,YR2019,Paraguay,PRY,68.1
2019,YR2019,Peru,PER,83.3
2019,YR2019,Philippines,PHL,52.3
2019,YR2019,Poland,POL,100
2019,YR2019,Portugal,PRT,100
2019,YR2019,Puerto Rico,PRI,..
2019,YR2019,Qatar,QAT,100
2019,YR2019,Romania,ROU,100
2019,YR2019,Russian Federation,RUS,99.5
2019,YR2019,Rwanda,RWA,3.3
2019,YR2019,Samoa,WSM,36.3
2019,YR2019,San Marino,SMR,100
2019,YR2019,Sao Tome and Principe,STP,3.1
2019,YR2019,Saudi Arabia,SAU,100
2019,YR2019,Senegal,SEN,28.85
2019,YR2019,Serbia,SRB,78.7
2019,YR2019,Seychelles,SYC,100
2019,YR2019,Sierra Leone,SLE,0.7
2019,YR2019,Singapore,SGP,100
2019,YR2019,Sint Maarten (Dutch part),SXM,..
2019,YR2019,Slovak Republic,SVK,100
2019,YR2019,Slovenia,SVN,100
2019,YR2019,Solomon Islands,SLB,8.6
2019,YR2019,Somalia,SOM,3.3
2019,YR2019,South Africa,ZAF,87.4
2019,YR2019,South Sudan,SSD,0
2019,YR2019,Spain,ESP,100
2019,YR2019,Sri Lanka,LKA,31.1
2019,YR2019,St. Kitts and Nevis,KNA,100
2019,YR2019,St. Lucia,LCA,94
2019,YR2019,St. Martin (French part),MAF,..
2019,YR2019,St. Vincent and the Grenadines,VCT,92.3
2019,YR2019,Sudan,SDN,58.9
2019,YR2019,Suriname,SUR,94.3
2019,YR2019,Sweden,SWE,100
2019,YR2019,Switzerland,CHE,100
2019,YR2019,Syrian Arab Republic,SYR,93.6
2019,YR2019,Tajikistan,TJK,83.1
2019,YR2019,Tanzania,TZA,6.2
2019,YR2019,Thailand,THA,83.1
2019,YR2019,Timor-Leste,TLS,13.7
2019,YR2019,Togo,TGO,9.6
2019,YR2019,Tonga,TON,83.6
2019,YR2019,Trinidad and Tobago,TTO,100
2019,YR2019,Tunisia,TUN,99.8
2019,YR2019,Turkiye,TUR,95.2
2019,YR2019,Turkmenistan,TKM,99.9
2019,YR2019,Turks and Caicos Islands,TCA,..
2019,YR2019,Tuvalu,TUV,73.1
2019,YR2019,Uganda,UGA,0.8
2019,YR2019,Ukraine,UKR,95.2
2019,YR2019,United Arab Emirates,ARE,100
2019,YR2019,United Kingdom,GBR,100
2019,YR2019,United States,USA,100
2019,YR2019,Uruguay,URY,100
2019,YR2019,Uzbekistan,UZB,81.1
2019,YR2019,Vanuatu,VUT,7.25
2019,YR2019,"Venezuela, RB",VEN,95.8
2019,YR2019,Viet Nam,VNM,94.2
2019,YR2019,Virgin Islands (U.S.),VIR,..
2019,YR2019,West Bank and Gaza,PSE,..
2019,YR2019,"Yemen, Rep.",YEM,52.6
2019,YR2019,Zambia,ZMB,11.1
2019,YR2019,Zimbabwe,ZWE,30.3
2019,YR2019,Africa Eastern and Southern,AFE,20.0262544430853
2019,YR2019,Africa Western and Central,AFW,16.6521060317656
2019,YR2019,Arab World,ARB,87.1003706568032
2019,YR2019,Caribbean small states,CSS,95.3727973701565
2019,YR2019,Central Europe and the Baltics,CEB,100
2019,YR2019,Early-demographic dividend,EAR,63.7965025242322
2019,YR2019,East Asia & Pacific,EAS,80.0680211401163
2019,YR2019,East Asia & Pacific (excluding high income),EAP,78.0352100559697
2019,YR2019,East Asia & Pacific (IDA & IBRD countries),TEA,78.8610398209834
2019,YR2019,Euro area,EMU,100
2019,YR2019,Europe & Central Asia,ECS,97.4962250676875
2019,YR2019,Europe & Central Asia (excluding high income),ECA,90.9914794374309
2019,YR2019,Europe & Central Asia (IDA & IBRD countries),TEC,94.9509852842834
2019,YR2019,European Union,EUU,100
2019,YR2019,Fragile and conflict affected situations,FCS,28.8075236542875
2019,YR2019,Heavily indebted poor countries (HIPC),HPC,14.493812162547
2019,YR2019,High income,HIC,99.9450542363723
2019,YR2019,IBRD only,IBD,79.2495490862073
2019,YR2019,IDA & IBRD total,IBT,64.8934191628135
2019,YR2019,IDA blend,IDB,33.978215362975
2019,YR2019,IDA only,IDX,20.135354139036
2019,YR2019,IDA total,IDA,24.7382635032739
2019,YR2019,Late-demographic dividend,LTE,85.4423904353482
2019,YR2019,Latin America & Caribbean,LCN,88.6339814011633
2019,YR2019,Latin America & Caribbean (excluding high income),LAC,87.6955668716158
2019,YR2019,Latin America & the Caribbean (IDA & IBRD countries),TLA,88.5230716535907
2019,YR2019,Least developed countries: UN classification,LDC,17.2534734387221
2019,YR2019,Low & middle income,LMY,63.2809421849323
2019,YR2019,Low income,LIC,14.9471425473277
2019,YR2019,Lower middle income,LMC,52.7941082013351
2019,YR2019,Middle East & North Africa,MEA,95.2905524458872
2019,YR2019,Middle East & North Africa (excluding high income),MNA,94.466358738744
2019,YR2019,Middle East & North Africa (IDA & IBRD countries),TMN,94.466358738744
2019,YR2019,Middle income,MIC,68.8239534140418
2019,YR2019,North America,NAC,100
2019,YR2019,Not classified,INX,..
2019,YR2019,OECD members,OED,98.0348967454305
2019,YR2019,Other small states,OSS,70.1902176402974
2019,YR2019,Pacific island small states,PSS,30.7649281565572
2019,YR2019,Post-demographic dividend,PST,99.5680178350388
2019,YR2019,Pre-demographic dividend,PRE,19.1292073657889
2019,YR2019,Small states,SST,69.0465342530056
2019,YR2019,South Asia,SAS,55.6729786956093
2019,YR2019,South Asia (IDA & IBRD),TSA,55.6729786956093
2019,YR2019,Sub-Saharan Africa,SSF,18.6594875753401
2019,YR2019,Sub-Saharan Africa (excluding high income),SSA,18.6524066912683
2019,YR2019,Sub-Saharan Africa (IDA & IBRD countries),TSS,18.6594875753401
2019,YR2019,Upper middle income,UMC,85.5976809718052
2019,YR2019,World,WLD,69.8261118960071
2020,YR2020,Afghanistan,AFG,33.8
2020,YR2020,Albania,ALB,83.1
2020,YR2020,Algeria,DZA,99.7
2020,YR2020,American Samoa,ASM,..
2020,YR2020,Andorra,AND,100
2020,YR2020,Angola,AGO,49.7
2020,YR2020,Antigua and Barbuda,ATG,100
2020,YR2020,Argentina,ARG,99.9
2020,YR2020,Armenia,ARM,97.9
2020,YR2020,Aruba,ABW,..
2020,YR2020,Australia,AUS,100
2020,YR2020,Austria,AUT,100
2020,YR2020,Azerbaijan,AZE,98.1
2020,YR2020,"Bahamas, The",BHS,100
2020,YR2020,Bahrain,BHR,100
2020,YR2020,Bangladesh,BGD,24.9
2020,YR2020,Barbados,BRB,100
2020,YR2020,Belarus,BLR,99.7
2020,YR2020,Belgium,BEL,100
2020,YR2020,Belize,BLZ,82.9
2020,YR2020,Benin,BEN,5.7
2020,YR2020,Bermuda,BMU,..
2020,YR2020,Bhutan,BTN,86
2020,YR2020,Bolivia,BOL,87.4
2020,YR2020,Bosnia and Herzegovina,BIH,40.85
2020,YR2020,Botswana,BWA,64.8
2020,YR2020,Brazil,BRA,96.4
2020,YR2020,British Virgin Islands,VGB,..
2020,YR2020,Brunei Darussalam,BRN,100
2020,YR2020,Bulgaria,BGR,..
2020,YR2020,Burkina Faso,BFA,14.5
2020,YR2020,Burundi,BDI,0.1
2020,YR2020,Cabo Verde,CPV,81.1
2020,YR2020,Cambodia,KHM,41.3
2020,YR2020,Cameroon,CMR,27.4
2020,YR2020,Canada,CAN,100
2020,YR2020,Cayman Islands,CYM,..
2020,YR2020,Central African Republic,CAF,0.9
2020,YR2020,Chad,TCD,7.5
2020,YR2020,Channel Islands,CHI,..
2020,YR2020,Chile,CHL,100
2020,YR2020,China,CHN,83.8
2020,YR2020,Colombia,COL,92.6
2020,YR2020,Comoros,COM,8.3
2020,YR2020,"Congo, Dem. Rep.",COD,4.1
2020,YR2020,"Congo, Rep.",COG,35.9
2020,YR2020,Costa Rica,CRI,95.9
2020,YR2020,Cote d'Ivoire,CIV,37.4
2020,YR2020,Croatia,HRV,100
2020,YR2020,Cuba,CUB,94.7
2020,YR2020,Curacao,CUW,..
2020,YR2020,Cyprus,CYP,100
2020,YR2020,Czechia,CZE,100
2020,YR2020,Denmark,DNK,100
2020,YR2020,Djibouti,DJI,10.1
2020,YR2020,Dominica,DMA,87.55
2020,YR2020,Dominican Republic,DOM,91.9
2020,YR2020,Ecuador,ECU,94.4
2020,YR2020,"Egypt, Arab Rep.",EGY,99.9
2020,YR2020,El Salvador,SLV,91.9
2020,YR2020,Equatorial Guinea,GNQ,22.8
2020,YR2020,Eritrea,ERI,10.4
2020,YR2020,Estonia,EST,100
2020,YR2020,Eswatini,SWZ,48.6
2020,YR2020,Ethiopia,ETH,7.4
2020,YR2020,Faroe Islands,FRO,..
2020,YR2020,Fiji,FJI,51.8
2020,YR2020,Finland,FIN,100
2020,YR2020,France,FRA,100
2020,YR2020,French Polynesia,PYF,..
2020,YR2020,Gabon,GAB,90
2020,YR2020,"Gambia, The",GMB,1.8
2020,YR2020,Georgia,GEO,89.6
2020,YR2020,Germany,DEU,100
2020,YR2020,Ghana,GHA,28.3
2020,YR2020,Gibraltar,GIB,..
2020,YR2020,Greece,GRC,100
2020,YR2020,Greenland,GRL,..
2020,YR2020,Grenada,GRD,86.7
2020,YR2020,Guam,GUM,..
2020,YR2020,Guatemala,GTM,44
2020,YR2020,Guinea,GIN,1
2020,YR2020,Guinea-Bissau,GNB,1
2020,YR2020,Guyana,GUY,100
2020,YR2020,Haiti,HTI,4.3
2020,YR2020,Honduras,HND,48.9
2020,YR2020,"Hong Kong SAR, China",HKG,..
2020,YR2020,Hungary,HUN,100
2020,YR2020,Iceland,ISL,100
2020,YR2020,India,IND,66.8
2020,YR2020,Indonesia,IDN,84.8
2020,YR2020,"Iran, Islamic Rep.",IRN,96.4
2020,YR2020,Iraq,IRQ,99.3
2020,YR2020,Ireland,IRL,100
2020,YR2020,Isle of Man,IMN,..
2020,YR2020,Israel,ISR,100
2020,YR2020,Italy,ITA,100
2020,YR2020,Jamaica,JAM,76.4
2020,YR2020,Japan,JPN,100
2020,YR2020,Jordan,JOR,99.9
2020,YR2020,Kazakhstan,KAZ,93.5
2020,YR2020,Kenya,KEN,23.6
2020,YR2020,Kiribati,KIR,11.8
2020,YR2020,"Korea, Dem. People's Rep.",PRK,12.3
2020,YR2020,"Korea, Rep.",KOR,100
2020,YR2020,Kosovo,XKX,..
2020,YR2020,Kuwait,KWT,100
2020,YR2020,Kyrgyz Republic,KGZ,77.1
2020,YR2020,Lao PDR,LAO,8.7
2020,YR2020,Latvia,LVA,100
2020,YR2020,Lebanon,LBN,..
2020,YR2020,Lesotho,LSO,40.2
2020,YR2020,Liberia,LBR,0.7
2020,YR2020,Libya,LBY,..
2020,YR2020,Liechtenstein,LIE,..
2020,YR2020,Lithuania,LTU,100
2020,YR2020,Luxembourg,LUX,100
2020,YR2020,"Macao SAR, China",MAC,..
2020,YR2020,Madagascar,MDG,1.35
2020,YR2020,Malawi,MWI,1.7
2020,YR2020,Malaysia,MYS,86.9
2020,YR2020,Maldives,MDV,99.6
2020,YR2020,Mali,MLI,1.1
2020,YR2020,Malta,MLT,100
2020,YR2020,Marshall Islands,MHL,64.8
2020,YR2020,Mauritania,MRT,47.3
2020,YR2020,Mauritius,MUS,98.9
2020,YR2020,Mexico,MEX,85.4
2020,YR2020,"Micronesia, Fed. Sts.",FSM,13.2
2020,YR2020,Moldova,MDA,97.4
2020,YR2020,Monaco,MCO,100
2020,YR2020,Mongolia,MNG,51.7
2020,YR2020,Montenegro,MNE,62.1
2020,YR2020,Morocco,MAR,98.1
2020,YR2020,Mozambique,MOZ,5.2
2020,YR2020,Myanmar,MMR,40.75
2020,YR2020,Namibia,NAM,46.9
2020,YR2020,Nauru,NRU,100
2020,YR2020,Nepal,NPL,36.9
2020,YR2020,Netherlands,NLD,100
2020,YR2020,New Caledonia,NCL,..
2020,YR2020,New Zealand,NZL,100
2020,YR2020,Nicaragua,NIC,56.9
2020,YR2020,Niger,NER,4.3
2020,YR2020,Nigeria,NGA,19.8
2020,YR2020,North Macedonia,MKD,79.6
2020,YR2020,Northern Mariana Islands,MNP,..
2020,YR2020,Norway,NOR,100
2020,YR2020,Oman,OMN,100
2020,YR2020,Pakistan,PAK,49.4
2020,YR2020,Palau,PLW,33.2
2020,YR2020,Panama,PAN,100
2020,YR2020,Papua New Guinea,PNG,9.6
2020,YR2020,Paraguay,PRY,68.3
2020,YR2020,Peru,PER,84.8
2020,YR2020,Philippines,PHL,54.6
2020,YR2020,Poland,POL,100
2020,YR2020,Portugal,PRT,100
2020,YR2020,Puerto Rico,PRI,..
2020,YR2020,Qatar,QAT,100
2020,YR2020,Romania,ROU,100
2020,YR2020,Russian Federation,RUS,99.4
2020,YR2020,Rwanda,RWA,4.6
2020,YR2020,Samoa,WSM,37.25
2020,YR2020,San Marino,SMR,100
2020,YR2020,Sao Tome and Principe,STP,3.4
2020,YR2020,Saudi Arabia,SAU,100
2020,YR2020,Senegal,SEN,30
2020,YR2020,Serbia,SRB,80.4
2020,YR2020,Seychelles,SYC,100
2020,YR2020,Sierra Leone,SLE,0.8
2020,YR2020,Singapore,SGP,100
2020,YR2020,Sint Maarten (Dutch part),SXM,..
2020,YR2020,Slovak Republic,SVK,100
2020,YR2020,Slovenia,SVN,100
2020,YR2020,Solomon Islands,SLB,8.8
2020,YR2020,Somalia,SOM,3.9
2020,YR2020,South Africa,ZAF,88.1
2020,YR2020,South Sudan,SSD,0
2020,YR2020,Spain,ESP,100
2020,YR2020,Sri Lanka,LKA,32.6
2020,YR2020,St. Kitts and Nevis,KNA,100
2020,YR2020,St. Lucia,LCA,93.6
2020,YR2020,St. Martin (French part),MAF,..
2020,YR2020,St. Vincent and the Grenadines,VCT,91.8
2020,YR2020,Sudan,SDN,61
2020,YR2020,Suriname,SUR,94.7
2020,YR2020,Sweden,SWE,100
2020,YR2020,Switzerland,CHE,100
2020,YR2020,Syrian Arab Republic,SYR,92.5
2020,YR2020,Tajikistan,TJK,84.3
2020,YR2020,Tanzania,TZA,7.2
2020,YR2020,Thailand,THA,84.3
2020,YR2020,Timor-Leste,TLS,14.9
2020,YR2020,Togo,TGO,10.4
2020,YR2020,Tonga,TON,85.5
2020,YR2020,Trinidad and Tobago,TTO,100
2020,YR2020,Tunisia,TUN,99.9
2020,YR2020,Turkiye,TUR,95.3
2020,YR2020,Turkmenistan,TKM,99.9
2020,YR2020,Turks and Caicos Islands,TCA,..
2020,YR2020,Tuvalu,TUV,73.8
2020,YR2020,Uganda,UGA,0.7
2020,YR2020,Ukraine,UKR,95.1
2020,YR2020,United Arab Emirates,ARE,100
2020,YR2020,United Kingdom,GBR,100
2020,YR2020,United States,USA,100
2020,YR2020,Uruguay,URY,100
2020,YR2020,Uzbekistan,UZB,80.1
2020,YR2020,Vanuatu,VUT,7.1
2020,YR2020,"Venezuela, RB",VEN,95.5
2020,YR2020,Viet Nam,VNM,96
2020,YR2020,Virgin Islands (U.S.),VIR,..
2020,YR2020,West Bank and Gaza,PSE,..
2020,YR2020,"Yemen, Rep.",YEM,51.2
2020,YR2020,Zambia,ZMB,10.4
2020,YR2020,Zimbabwe,ZWE,30.5
2020,YR2020,Africa Eastern and Southern,AFE,20.647968706122
2020,YR2020,Africa Western and Central,AFW,18.714140465257
2020,YR2020,Arab World,ARB,87.0675004988682
2020,YR2020,Caribbean small states,CSS,95.3265023010542
2020,YR2020,Central Europe and the Baltics,CEB,100
2020,YR2020,Early-demographic dividend,EAR,66.3113930312289
2020,YR2020,East Asia & Pacific,EAS,81.8044636715402
2020,YR2020,East Asia & Pacific (excluding high income),EAP,79.956602960923
2020,YR2020,East Asia & Pacific (IDA & IBRD countries),TEA,80.7934801545537
2020,YR2020,Euro area,EMU,100
2020,YR2020,Europe & Central Asia,ECS,97.4686050984764
2020,YR2020,Europe & Central Asia (excluding high income),ECA,90.9878181822986
2020,YR2020,Europe & Central Asia (IDA & IBRD countries),TEC,94.8977823670656
2020,YR2020,European Union,EUU,100
2020,YR2020,Fragile and conflict affected situations,FCS,29.8981160094346
2020,YR2020,Heavily indebted poor countries (HIPC),HPC,15.1687453074884
2020,YR2020,High income,HIC,99.9345608952964
2020,YR2020,IBRD only,IBD,81.3661431799516
2020,YR2020,IDA & IBRD total,IBT,66.6288534294023
2020,YR2020,IDA blend,IDB,36.0607763829298
2020,YR2020,IDA only,IDX,21.0582141944933
2020,YR2020,IDA total,IDA,26.0381183900103
2020,YR2020,Late-demographic dividend,LTE,86.6855665143318
2020,YR2020,Latin America & Caribbean,LCN,88.8378240596527
2020,YR2020,Latin America & Caribbean (excluding high income),LAC,87.9423759703595
2020,YR2020,Latin America & the Caribbean (IDA & IBRD countries),TLA,88.7263467058527
2020,YR2020,Least developed countries: UN classification,LDC,18.154657816857
2020,YR2020,Low & middle income,LMY,65.1069740216824
2020,YR2020,Low income,LIC,15.3965856918979
2020,YR2020,Lower middle income,LMC,55.7840531381828
2020,YR2020,Middle East & North Africa,MEA,95.0975211735147
2020,YR2020,Middle East & North Africa (excluding high income),MNA,94.2509430256896
2020,YR2020,Middle East & North Africa (IDA & IBRD countries),TMN,94.2509430256896
2020,YR2020,Middle income,MIC,70.911327589855
2020,YR2020,North America,NAC,100
2020,YR2020,Not classified,INX,..
2020,YR2020,OECD members,OED,98.0800507546004
2020,YR2020,Other small states,OSS,70.3069178419688
2020,YR2020,Pacific island small states,PSS,31.7158762460462
2020,YR2020,Post-demographic dividend,PST,99.56858448117
2020,YR2020,Pre-demographic dividend,PRE,20.4398462257635
2020,YR2020,Small states,SST,69.2139792312193
2020,YR2020,South Asia,SAS,59.4430490468999
2020,YR2020,South Asia (IDA & IBRD),TSA,59.4430490468999
2020,YR2020,Sub-Saharan Africa,SSF,19.8649164855892
2020,YR2020,Sub-Saharan Africa (excluding high income),SSA,19.8580625629096
2020,YR2020,Sub-Saharan Africa (IDA & IBRD countries),TSS,19.8649164855892
2020,YR2020,Upper middle income,UMC,86.8763262069146
2020,YR2020,World,WLD,71.2790200138488
,,,,
,,,,
,,,,
Data from database: World Development Indicators,,,,
Last Updated: 11/13/2024,,,,
