Time,Time Code,Country,Country Code,GDP
1990,YR1990,Afghanistan,AFG,..
1990,YR1990,Albania,ALB,2028553750
1990,YR1990,Algeria,DZA,62048507531
1990,YR1990,American Samoa,ASM,..
1990,YR1990,Andorra,AND,1028989692
1990,YR1990,Angola,AGO,11229515599
1990,YR1990,Antigua and Barbuda,ATG,478692592.6
1990,YR1990,Argentina,ARG,1.41353E+11
1990,YR1990,Armenia,ARM,2256863449
1990,YR1990,Aruba,ABW,764804469.3
1990,YR1990,Australia,AUS,3.11427E+11
1990,YR1990,Austria,AUT,1.65811E+11
1990,YR1990,Azerbaijan,AZE,8884848485
1990,YR1990,"Bahamas, The",BHS,3166000000
1990,YR1990,Bahrain,BHR,4809511005
1990,YR1990,Bangladesh,BGD,31598340778
1990,YR1990,Barbados,BRB,2012131457
1990,YR1990,Belarus,BLR,17389558233
1990,YR1990,Belgium,BEL,2.05332E+11
1990,YR1990,Belize,BLZ,547150000
1990,YR1990,Benin,BEN,1959965330
1990,YR1990,Bermuda,BMU,1592400000
1990,YR1990,Bhutan,BTN,287765007.1
1990,YR1990,Bolivia,BOL,4867582598
1990,YR1990,Bosnia and Herzegovina,BIH,7753478261
1990,YR1990,Botswana,BWA,3790636324
1990,YR1990,Brazil,BRA,4.64989E+11
1990,YR1990,British Virgin Islands,VGB,..
1990,YR1990,Brunei Darussalam,BRN,6039881087
1990,YR1990,Bulgaria,BGR,20632090909
1990,YR1990,Burkina Faso,BFA,3101300779
1990,YR1990,Burundi,BDI,1132101253
1990,YR1990,Cabo Verde,CPV,306890962.6
1990,YR1990,Cambodia,KHM,1402541177
1990,YR1990,Cameroon,CMR,12314482628
1990,YR1990,Canada,CAN,5.96076E+11
1990,YR1990,Cayman Islands,CYM,..
1990,YR1990,Central African Republic,CAF,1440711459
1990,YR1990,Chad,TCD,1738605558
1990,YR1990,Channel Islands,CHI,..
1990,YR1990,Chile,CHL,33137824762
1990,YR1990,China,CHN,3.60858E+11
1990,YR1990,Colombia,COL,47844090710
1990,YR1990,Comoros,COM,429622177.7
1990,YR1990,"Congo, Dem. Rep.",COD,9349764580
1990,YR1990,"Congo, Rep.",COG,2798746050
1990,YR1990,Costa Rica,CRI,5711687787
1990,YR1990,Cote d'Ivoire,CIV,10795850583
1990,YR1990,Croatia,HRV,25650213280
1990,YR1990,Cuba,CUB,28645436569
1990,YR1990,Curacao,CUW,..
1990,YR1990,Cyprus,CYP,5591130218
1990,YR1990,Czechia,CZE,41016881802
1990,YR1990,Denmark,DNK,1.38218E+11
1990,YR1990,Djibouti,DJI,452328087.3
1990,YR1990,Dominica,DMA,201429629.6
1990,YR1990,Dominican Republic,DOM,7073675545
1990,YR1990,Ecuador,ECU,15239272612
1990,YR1990,"Egypt, Arab Rep.",EGY,42978914311
1990,YR1990,El Salvador,SLV,4817542204
1990,YR1990,Equatorial Guinea,GNQ,112119411.5
1990,YR1990,Eritrea,ERI,..
1990,YR1990,Estonia,EST,..
1990,YR1990,Eswatini,SWZ,1114694041
1990,YR1990,Ethiopia,ETH,12478943895
1990,YR1990,Faroe Islands,FRO,960805408.9
1990,YR1990,Fiji,FJI,1337017559
1990,YR1990,Finland,FIN,1.41446E+11
1990,YR1990,France,FRA,1.25765E+12
1990,YR1990,French Polynesia,PYF,3320159522
1990,YR1990,Gabon,GAB,5952293765
1990,YR1990,"Gambia, The",GMB,317083695.5
1990,YR1990,Georgia,GEO,7735927264
1990,YR1990,Germany,DEU,1.77816E+12
1990,YR1990,Ghana,GHA,5889106573
1990,YR1990,Gibraltar,GIB,..
1990,YR1990,Greece,GRC,96529587274
1990,YR1990,Greenland,GRL,1018977280
1990,YR1990,Grenada,GRD,278098763
1990,YR1990,Guam,GUM,..
1990,YR1990,Guatemala,GTM,7650196845
1990,YR1990,Guinea,GIN,3888320666
1990,YR1990,Guinea-Bissau,GNB,634187269.2
1990,YR1990,Guyana,GUY,396582263.3
1990,YR1990,Haiti,HTI,3096289800
1990,YR1990,Honduras,HND,4923009552
1990,YR1990,"Hong Kong SAR, China",HKG,76928784621
1990,YR1990,Hungary,HUN,34365891769
1990,YR1990,Iceland,ISL,6468736356
1990,YR1990,India,IND,3.20979E+11
1990,YR1990,Indonesia,IDN,1.06141E+11
1990,YR1990,"Iran, Islamic Rep.",IRN,1.24813E+11
1990,YR1990,Iraq,IRQ,1.80408E+11
1990,YR1990,Ireland,IRL,49305632408
1990,YR1990,Isle of Man,IMN,761514559.7
1990,YR1990,Israel,ISR,61905208273
1990,YR1990,Italy,ITA,1.18395E+12
1990,YR1990,Jamaica,JAM,4592208087
1990,YR1990,Japan,JPN,3.1859E+12
1990,YR1990,Jordan,JOR,4160087508
1990,YR1990,Kazakhstan,KAZ,26932016270
1990,YR1990,Kenya,KEN,8572359038
1990,YR1990,Kiribati,KIR,36534294.8
1990,YR1990,"Korea, Dem. People's Rep.",PRK,..
1990,YR1990,"Korea, Rep.",KOR,2.83366E+11
1990,YR1990,Kosovo,XKX,..
1990,YR1990,Kuwait,KWT,18427777778
1990,YR1990,Kyrgyz Republic,KGZ,2660202623
1990,YR1990,Lao PDR,LAO,865559879.4
1990,YR1990,Latvia,LVA,..
1990,YR1990,Lebanon,LBN,2838485354
1990,YR1990,Lesotho,LSO,596410263.7
1990,YR1990,Liberia,LBR,384400000
1990,YR1990,Libya,LBY,28904183602
1990,YR1990,Liechtenstein,LIE,1421509216
1990,YR1990,Lithuania,LTU,..
1990,YR1990,Luxembourg,LUX,12778792854
1990,YR1990,"Macao SAR, China",MAC,3246481233
1990,YR1990,Madagascar,MDG,3931334875
1990,YR1990,Malawi,MWI,2737087862
1990,YR1990,Malaysia,MYS,44024585240
1990,YR1990,Maldives,MDV,215043969.8
1990,YR1990,Mali,MLI,2681912149
1990,YR1990,Malta,MLT,2547330219
1990,YR1990,Marshall Islands,MHL,78476000
1990,YR1990,Mauritania,MRT,1506914408
1990,YR1990,Mauritius,MUS,2689212760
1990,YR1990,Mexico,MEX,2.61254E+11
1990,YR1990,"Micronesia, Fed. Sts.",FSM,147200000
1990,YR1990,Moldova,MDA,3592857043
1990,YR1990,Monaco,MCO,2481307077
1990,YR1990,Mongolia,MNG,2560785660
1990,YR1990,Montenegro,MNE,..
1990,YR1990,Morocco,MAR,30179954775
1990,YR1990,Mozambique,MOZ,..
1990,YR1990,Myanmar,MMR,2115193513
1990,YR1990,Namibia,NAM,2789921854
1990,YR1990,Nauru,NRU,55572375.53
1990,YR1990,Nepal,NPL,3627560239
1990,YR1990,Netherlands,NLD,3.18799E+11
1990,YR1990,New Caledonia,NCL,2529440424
1990,YR1990,New Zealand,NZL,45495129385
1990,YR1990,Nicaragua,NIC,1009455476
1990,YR1990,Niger,NER,3512356508
1990,YR1990,Nigeria,NGA,54035795388
1990,YR1990,North Macedonia,MKD,4699646643
1990,YR1990,Northern Mariana Islands,MNP,..
1990,YR1990,Norway,NOR,1.19792E+11
1990,YR1990,Oman,OMN,13310273082
1990,YR1990,Pakistan,PAK,40010423970
1990,YR1990,Palau,PLW,97702303
1990,YR1990,Panama,PAN,6433967000
1990,YR1990,Papua New Guinea,PNG,3219729083
1990,YR1990,Paraguay,PRY,5812114523
1990,YR1990,Peru,PER,26410386963
1990,YR1990,Philippines,PHL,50508286642
1990,YR1990,Poland,POL,65977748211
1990,YR1990,Portugal,PRT,78713860217
1990,YR1990,Puerto Rico,PRI,30603919000
1990,YR1990,Qatar,QAT,7360439423
1990,YR1990,Romania,ROU,38247882300
1990,YR1990,Russian Federation,RUS,5.17014E+11
1990,YR1990,Rwanda,RWA,2550185679
1990,YR1990,Samoa,WSM,125766269.8
1990,YR1990,San Marino,SMR,..
1990,YR1990,Sao Tome and Principe,STP,119298002.1
1990,YR1990,Saudi Arabia,SAU,1.1763E+11
1990,YR1990,Senegal,SEN,7390967360
1990,YR1990,Serbia,SRB,..
1990,YR1990,Seychelles,SYC,392163560.9
1990,YR1990,Sierra Leone,SLE,649644826.8
1990,YR1990,Singapore,SGP,36144336769
1990,YR1990,Sint Maarten (Dutch part),SXM,..
1990,YR1990,Slovak Republic,SVK,12915046978
1990,YR1990,Slovenia,SVN,19832029087
1990,YR1990,Solomon Islands,SLB,214877666.8
1990,YR1990,Somalia,SOM,1031282081
1990,YR1990,South Africa,ZAF,1.26048E+11
1990,YR1990,South Sudan,SSD,..
1990,YR1990,Spain,ESP,5.36175E+11
1990,YR1990,Sri Lanka,LKA,8032551173
1990,YR1990,St. Kitts and Nevis,KNA,217259259.3
1990,YR1990,St. Lucia,LCA,579629629.6
1990,YR1990,St. Martin (French part),MAF,..
1990,YR1990,St. Vincent and the Grenadines,VCT,240366666.7
1990,YR1990,Sudan,SDN,33641222222
1990,YR1990,Suriname,SUR,388400000
1990,YR1990,Sweden,SWE,2.6147E+11
1990,YR1990,Switzerland,CHE,2.65764E+11
1990,YR1990,Syrian Arab Republic,SYR,12308624418
1990,YR1990,Tajikistan,TJK,2629395066
1990,YR1990,Tanzania,TZA,6184384225
1990,YR1990,Thailand,THA,85343190719
1990,YR1990,Timor-Leste,TLS,128210142
1990,YR1990,Togo,TGO,2299665506
1990,YR1990,Tonga,TON,113563821.6
1990,YR1990,Trinidad and Tobago,TTO,5068000000
1990,YR1990,Tunisia,TUN,12290568182
1990,YR1990,Turkiye,TUR,1.50656E+11
1990,YR1990,Turkmenistan,TKM,3189539641
1990,YR1990,Turks and Caicos Islands,TCA,..
1990,YR1990,Tuvalu,TUV,9542900.901
1990,YR1990,Uganda,UGA,4304399310
1990,YR1990,Ukraine,UKR,81393558423
1990,YR1990,United Arab Emirates,ARE,50701443748
1990,YR1990,United Kingdom,GBR,1.09317E+12
1990,YR1990,United States,USA,5.96314E+12
1990,YR1990,Uruguay,URY,9298807850
1990,YR1990,Uzbekistan,UZB,13362340338
1990,YR1990,Vanuatu,VUT,168879207.2
1990,YR1990,"Venezuela, RB",VEN,48606952195
1990,YR1990,Viet Nam,VNM,6471740806
1990,YR1990,Virgin Islands (U.S.),VIR,..
1990,YR1990,West Bank and Gaza,PSE,..
1990,YR1990,"Yemen, Rep.",YEM,12643821569
1990,YR1990,Zambia,ZMB,3288381797
1990,YR1990,Zimbabwe,ZWE,8783816700
1990,YR1990,Africa Eastern and Southern,AFE,2.56512E+11
1990,YR1990,Africa Western and Central,AFW,1.23711E+11
1990,YR1990,Arab World,ARB,6.41712E+11
1990,YR1990,Caribbean small states,CSS,8505740261
1990,YR1990,Central Europe and the Baltics,CEB,2.72003E+11
1990,YR1990,Early-demographic dividend,EAR,1.91651E+12
1990,YR1990,East Asia & Pacific,EAS,4.79348E+12
1990,YR1990,East Asia & Pacific (excluding high income),EAP,6.66707E+11
1990,YR1990,East Asia & Pacific (IDA & IBRD countries),TEA,6.66024E+11
1990,YR1990,Euro area,EMU,5.90562E+12
1990,YR1990,Europe & Central Asia,ECS,8.87072E+12
1990,YR1990,Europe & Central Asia (excluding high income),ECA,3.58224E+11
1990,YR1990,Europe & Central Asia (IDA & IBRD countries),TEC,1.02476E+12
1990,YR1990,European Union,EUU,6.50559E+12
1990,YR1990,Fragile and conflict affected situations,FCS,5.47421E+11
1990,YR1990,Heavily indebted poor countries (HIPC),HPC,1.66146E+11
1990,YR1990,High income,HIC,1.95771E+13
1990,YR1990,IBRD only,IBD,3.71967E+12
1990,YR1990,IDA & IBRD total,IBT,4.0982E+12
1990,YR1990,IDA blend,IDB,1.4822E+11
1990,YR1990,IDA only,IDX,2.32316E+11
1990,YR1990,IDA total,IDA,3.79306E+11
1990,YR1990,Late-demographic dividend,LTE,2.04512E+12
1990,YR1990,Latin America & Caribbean,LCN,1.18293E+12
1990,YR1990,Latin America & Caribbean (excluding high income),LAC,1.03752E+12
1990,YR1990,Latin America & the Caribbean (IDA & IBRD countries),TLA,1.11453E+12
1990,YR1990,Least developed countries: UN classification,LDC,1.92395E+11
1990,YR1990,Low & middle income,LMY,3.3568E+12
1990,YR1990,Low income,LIC,1.31927E+11
1990,YR1990,Lower middle income,LMC,7.39097E+11
1990,YR1990,Middle East & North Africa,MEA,7.942E+11
1990,YR1990,Middle East & North Africa (excluding high income),MNA,5.18825E+11
1990,YR1990,Middle East & North Africa (IDA & IBRD countries),TMN,5.14027E+11
1990,YR1990,Middle income,MIC,3.23169E+12
1990,YR1990,North America,NAC,6.56081E+12
1990,YR1990,Not classified,INX,..
1990,YR1990,OECD members,OED,1.8843E+13
1990,YR1990,Other small states,OSS,36474622946
1990,YR1990,Pacific island small states,PSS,2385132399
1990,YR1990,Post-demographic dividend,PST,1.84431E+13
1990,YR1990,Pre-demographic dividend,PRE,3.96643E+11
1990,YR1990,Small states,SST,47317168944
1990,YR1990,South Asia,SAS,4.06963E+11
1990,YR1990,South Asia (IDA & IBRD),TSA,4.06963E+11
1990,YR1990,Sub-Saharan Africa,SSF,3.79312E+11
1990,YR1990,Sub-Saharan Africa (excluding high income),SSA,3.78918E+11
1990,YR1990,Sub-Saharan Africa (IDA & IBRD countries),TSS,3.79312E+11
1990,YR1990,Upper middle income,UMC,2.49258E+12
1990,YR1990,World,WLD,2.29874E+13
2000,YR2000,Afghanistan,AFG,3521418060
2000,YR2000,Albania,ALB,3480355258
2000,YR2000,Algeria,DZA,54790398570
2000,YR2000,American Samoa,ASM,..
2000,YR2000,Andorra,AND,1432606189
2000,YR2000,Angola,AGO,9129594970
2000,YR2000,Antigua and Barbuda,ATG,900551851.9
2000,YR2000,Argentina,ARG,2.84204E+11
2000,YR2000,Armenia,ARM,1911563669
2000,YR2000,Aruba,ABW,1873452514
2000,YR2000,Australia,AUS,4.16168E+11
2000,YR2000,Austria,AUT,1.96182E+11
2000,YR2000,Azerbaijan,AZE,5272615723
2000,YR2000,"Bahamas, The",BHS,8076470000
2000,YR2000,Bahrain,BHR,9062898936
2000,YR2000,Bangladesh,BGD,53369787319
2000,YR2000,Barbados,BRB,3059500000
2000,YR2000,Belarus,BLR,12736780455
2000,YR2000,Belgium,BEL,2.36792E+11
2000,YR2000,Belize,BLZ,1138900000
2000,YR2000,Benin,BEN,3519991440
2000,YR2000,Bermuda,BMU,3480219000
2000,YR2000,Bhutan,BTN,460733418.4
2000,YR2000,Bolivia,BOL,8397855485
2000,YR2000,Bosnia and Herzegovina,BIH,5567772769
2000,YR2000,Botswana,BWA,5788329609
2000,YR2000,Brazil,BRA,6.55448E+11
2000,YR2000,British Virgin Islands,VGB,..
2000,YR2000,Brunei Darussalam,BRN,6570999060
2000,YR2000,Bulgaria,BGR,13245990274
2000,YR2000,Burkina Faso,BFA,2968370088
2000,YR2000,Burundi,BDI,870486065.9
2000,YR2000,Cabo Verde,CPV,539227277.6
2000,YR2000,Cambodia,KHM,3694168979
2000,YR2000,Cameroon,CMR,10566579295
2000,YR2000,Canada,CAN,7.44773E+11
2000,YR2000,Cayman Islands,CYM,..
2000,YR2000,Central African Republic,CAF,916777282.7
2000,YR2000,Chad,TCD,1388506772
2000,YR2000,Channel Islands,CHI,6439703435
2000,YR2000,Chile,CHL,78339750722
2000,YR2000,China,CHN,1.21133E+12
2000,YR2000,Colombia,COL,99875074951
2000,YR2000,Comoros,COM,351136579.6
2000,YR2000,"Congo, Dem. Rep.",COD,19088046306
2000,YR2000,"Congo, Rep.",COG,3227927698
2000,YR2000,Costa Rica,CRI,15013629662
2000,YR2000,Cote d'Ivoire,CIV,16577533892
2000,YR2000,Croatia,HRV,22134411297
2000,YR2000,Cuba,CUB,30565400000
2000,YR2000,Curacao,CUW,2120511229
2000,YR2000,Cyprus,CYP,9985847314
2000,YR2000,Czechia,CZE,62175642238
2000,YR2000,Denmark,DNK,1.64044E+11
2000,YR2000,Djibouti,DJI,551230861.9
2000,YR2000,Dominica,DMA,333470370.4
2000,YR2000,Dominican Republic,DOM,24305780629
2000,YR2000,Ecuador,ECU,17539454727
2000,YR2000,"Egypt, Arab Rep.",EGY,99838543960
2000,YR2000,El Salvador,SLV,11784927700
2000,YR2000,Equatorial Guinea,GNQ,1045998496
2000,YR2000,Eritrea,ERI,706370815.6
2000,YR2000,Estonia,EST,5686579748
2000,YR2000,Eswatini,SWZ,1738093840
2000,YR2000,Ethiopia,ETH,8242349618
2000,YR2000,Faroe Islands,FRO,1067109531
2000,YR2000,Fiji,FJI,1678219508
2000,YR2000,Finland,FIN,1.25968E+11
2000,YR2000,France,FRA,1.36096E+12
2000,YR2000,French Polynesia,PYF,3599845480
2000,YR2000,Gabon,GAB,5080483629
2000,YR2000,"Gambia, The",GMB,782913871.8
2000,YR2000,Georgia,GEO,3057475335
2000,YR2000,Germany,DEU,1.96698E+12
2000,YR2000,Ghana,GHA,4982850662
2000,YR2000,Gibraltar,GIB,..
2000,YR2000,Greece,GRC,1.2576E+11
2000,YR2000,Greenland,GRL,1068025016
2000,YR2000,Grenada,GRD,520044370.4
2000,YR2000,Guam,GUM,..
2000,YR2000,Guatemala,GTM,19288929030
2000,YR2000,Guinea,GIN,4367458867
2000,YR2000,Guinea-Bissau,GNB,391345597.5
2000,YR2000,Guyana,GUY,712667896.7
2000,YR2000,Haiti,HTI,6813566099
2000,YR2000,Honduras,HND,7186638029
2000,YR2000,"Hong Kong SAR, China",HKG,1.71669E+11
2000,YR2000,Hungary,HUN,47218405892
2000,YR2000,Iceland,ISL,9025660362
2000,YR2000,India,IND,4.68396E+11
2000,YR2000,Indonesia,IDN,1.65021E+11
2000,YR2000,"Iran, Islamic Rep.",IRN,1.09592E+11
2000,YR2000,Iraq,IRQ,48364250944
2000,YR2000,Ireland,IRL,1.00208E+11
2000,YR2000,Isle of Man,IMN,1601050083
2000,YR2000,Israel,ISR,1.36225E+11
2000,YR2000,Italy,ITA,1.14966E+12
2000,YR2000,Jamaica,JAM,9005064475
2000,YR2000,Japan,JPN,4.96836E+12
2000,YR2000,Jordan,JOR,8460789845
2000,YR2000,Kazakhstan,KAZ,18291990662
2000,YR2000,Kenya,KEN,12705350098
2000,YR2000,Kiribati,KIR,74910555.25
2000,YR2000,"Korea, Dem. People's Rep.",PRK,..
2000,YR2000,"Korea, Rep.",KOR,5.76179E+11
2000,YR2000,Kosovo,XKX,..
2000,YR2000,Kuwait,KWT,37718743480
2000,YR2000,Kyrgyz Republic,KGZ,1369688498
2000,YR2000,Lao PDR,LAO,1731198022
2000,YR2000,Latvia,LVA,7761252607
2000,YR2000,Lebanon,LBN,17260364842
2000,YR2000,Lesotho,LSO,887291687.9
2000,YR2000,Liberia,LBR,874000000
2000,YR2000,Libya,LBY,38270954138
2000,YR2000,Liechtenstein,LIE,2483889858
2000,YR2000,Lithuania,LTU,11550695727
2000,YR2000,Luxembourg,LUX,21230182989
2000,YR2000,"Macao SAR, China",MAC,6774193548
2000,YR2000,Madagascar,MDG,4629247204
2000,YR2000,Malawi,MWI,2537307580
2000,YR2000,Malaysia,MYS,93789736842
2000,YR2000,Maldives,MDV,624337145.3
2000,YR2000,Mali,MLI,2961484954
2000,YR2000,Malta,MLT,4036810072
2000,YR2000,Marshall Islands,MHL,114838500
2000,YR2000,Mauritania,MRT,1779520886
2000,YR2000,Mauritius,MUS,4726108622
2000,YR2000,Mexico,MEX,7.42061E+11
2000,YR2000,"Micronesia, Fed. Sts.",FSM,233271800
2000,YR2000,Moldova,MDA,1288429392
2000,YR2000,Monaco,MCO,2654462665
2000,YR2000,Mongolia,MNG,1136896124
2000,YR2000,Montenegro,MNE,984293043.8
2000,YR2000,Morocco,MAR,43017455402
2000,YR2000,Mozambique,MOZ,5930685215
2000,YR2000,Myanmar,MMR,8905066164
2000,YR2000,Namibia,NAM,3922232165
2000,YR2000,Nauru,NRU,26930980.34
2000,YR2000,Nepal,NPL,5494252208
2000,YR2000,Netherlands,NLD,4.17649E+11
2000,YR2000,New Caledonia,NCL,3420032041
2000,YR2000,New Zealand,NZL,52623281957
2000,YR2000,Nicaragua,NIC,5109587050
2000,YR2000,Niger,NER,2241753193
2000,YR2000,Nigeria,NGA,69171451627
2000,YR2000,North Macedonia,MKD,3772859034
2000,YR2000,Northern Mariana Islands,MNP,..
2000,YR2000,Norway,NOR,1.71457E+11
2000,YR2000,Oman,OMN,22259557867
2000,YR2000,Pakistan,PAK,99484802345
2000,YR2000,Palau,PLW,149535800
2000,YR2000,Panama,PAN,11966497000
2000,YR2000,Papua New Guinea,PNG,3521339699
2000,YR2000,Paraguay,PRY,8855705140
2000,YR2000,Peru,PER,51744749133
2000,YR2000,Philippines,PHL,83669788255
2000,YR2000,Poland,POL,1.72954E+11
2000,YR2000,Portugal,PRT,1.18605E+11
2000,YR2000,Puerto Rico,PRI,61701800000
2000,YR2000,Qatar,QAT,17759890110
2000,YR2000,Romania,ROU,37253739511
2000,YR2000,Russian Federation,RUS,2.5971E+11
2000,YR2000,Rwanda,RWA,2068836754
2000,YR2000,Samoa,WSM,258856139.8
2000,YR2000,San Marino,SMR,1007661367
2000,YR2000,Sao Tome and Principe,STP,76198394.82
2000,YR2000,Saudi Arabia,SAU,1.89515E+11
2000,YR2000,Senegal,SEN,6013185004
2000,YR2000,Serbia,SRB,7326373882
2000,YR2000,Seychelles,SYC,654212394.3
2000,YR2000,Sierra Leone,SLE,635866403.8
2000,YR2000,Singapore,SGP,96076539926
2000,YR2000,Sint Maarten (Dutch part),SXM,..
2000,YR2000,Slovak Republic,SVK,29215726005
2000,YR2000,Slovenia,SVN,20159190702
2000,YR2000,Solomon Islands,SLB,419842674.2
2000,YR2000,Somalia,SOM,3412797450
2000,YR2000,South Africa,ZAF,1.51753E+11
2000,YR2000,South Sudan,SSD,..
2000,YR2000,Spain,ESP,5.98103E+11
2000,YR2000,Sri Lanka,LKA,16330814180
2000,YR2000,St. Kitts and Nevis,KNA,421695769.8
2000,YR2000,St. Lucia,LCA,932592592.6
2000,YR2000,St. Martin (French part),MAF,..
2000,YR2000,St. Vincent and the Grenadines,VCT,427946037
2000,YR2000,Sudan,SDN,12257299147
2000,YR2000,Suriname,SUR,947671969.7
2000,YR2000,Sweden,SWE,2.62905E+11
2000,YR2000,Switzerland,CHE,2.79216E+11
2000,YR2000,Syrian Arab Republic,SYR,18937052543
2000,YR2000,Tajikistan,TJK,860541842.3
2000,YR2000,Tanzania,TZA,13371767082
2000,YR2000,Thailand,THA,1.26392E+11
2000,YR2000,Timor-Leste,TLS,366924300
2000,YR2000,Togo,TGO,2106848752
2000,YR2000,Tonga,TON,204848470.1
2000,YR2000,Trinidad and Tobago,TTO,8154342116
2000,YR2000,Tunisia,TUN,21473528161
2000,YR2000,Turkiye,TUR,2.74295E+11
2000,YR2000,Turkmenistan,TKM,2904663311
2000,YR2000,Turks and Caicos Islands,TCA,..
2000,YR2000,Tuvalu,TUV,15073975.53
2000,YR2000,Uganda,UGA,6193246837
2000,YR2000,Ukraine,UKR,32375083935
2000,YR2000,United Arab Emirates,ARE,1.04337E+11
2000,YR2000,United Kingdom,GBR,1.66553E+12
2000,YR2000,United States,USA,1.0251E+13
2000,YR2000,Uruguay,URY,22823270892
2000,YR2000,Uzbekistan,UZB,13760513969
2000,YR2000,Vanuatu,VUT,272014627.8
2000,YR2000,"Venezuela, RB",VEN,1.17146E+11
2000,YR2000,Viet Nam,VNM,31172518403
2000,YR2000,Virgin Islands (U.S.),VIR,..
2000,YR2000,West Bank and Gaza,PSE,4313600000
2000,YR2000,"Yemen, Rep.",YEM,9679316770
2000,YR2000,Zambia,ZMB,3600632111
2000,YR2000,Zimbabwe,ZWE,6689957600
2000,YR2000,Africa Eastern and Southern,AFE,2.87202E+11
2000,YR2000,Africa Western and Central,AFW,1.4214E+11
2000,YR2000,Arab World,ARB,7.63412E+11
2000,YR2000,Caribbean small states,CSS,17471510858
2000,YR2000,Central Europe and the Baltics,CEB,4.29355E+11
2000,YR2000,Early-demographic dividend,EAR,3.3776E+12
2000,YR2000,East Asia & Pacific,EAS,8.37797E+12
2000,YR2000,East Asia & Pacific (excluding high income),EAP,1.73618E+12
2000,YR2000,East Asia & Pacific (IDA & IBRD countries),TEA,1.73418E+12
2000,YR2000,Euro area,EMU,6.52863E+12
2000,YR2000,Europe & Central Asia,ECS,1.00776E+13
2000,YR2000,Europe & Central Asia (excluding high income),ECA,3.90705E+11
2000,YR2000,Europe & Central Asia (IDA & IBRD countries),TEC,8.95734E+11
2000,YR2000,European Union,EUU,7.28843E+12
2000,YR2000,Fragile and conflict affected situations,FCS,4.68036E+11
2000,YR2000,Heavily indebted poor countries (HIPC),HPC,1.81381E+11
2000,YR2000,High income,HIC,2.80518E+13
2000,YR2000,IBRD only,IBD,5.87315E+12
2000,YR2000,IDA & IBRD total,IBT,6.39142E+12
2000,YR2000,IDA blend,IDB,2.27751E+11
2000,YR2000,IDA only,IDX,2.91563E+11
2000,YR2000,IDA total,IDA,5.18692E+11
2000,YR2000,Late-demographic dividend,LTE,3.4146E+12
2000,YR2000,Latin America & Caribbean,LCN,2.32695E+12
2000,YR2000,Latin America & Caribbean (excluding high income),LAC,2.0015E+12
2000,YR2000,Latin America & the Caribbean (IDA & IBRD countries),TLA,2.21446E+12
2000,YR2000,Least developed countries: UN classification,LDC,2.24234E+11
2000,YR2000,Low & middle income,LMY,5.68076E+12
2000,YR2000,Low income,LIC,1.23884E+11
2000,YR2000,Lower middle income,LMC,1.18557E+12
2000,YR2000,Middle East & North Africa,MEA,9.95464E+11
2000,YR2000,Middle East & North Africa (excluding high income),MNA,4.74549E+11
2000,YR2000,Middle East & North Africa (IDA & IBRD countries),TMN,4.70236E+11
2000,YR2000,Middle income,MIC,5.55838E+12
2000,YR2000,North America,NAC,1.09992E+13
2000,YR2000,Not classified,INX,..
2000,YR2000,OECD members,OED,2.76819E+13
2000,YR2000,Other small states,OSS,56448952736
2000,YR2000,Pacific island small states,PSS,3448150247
2000,YR2000,Post-demographic dividend,PST,2.64103E+13
2000,YR2000,Pre-demographic dividend,PRE,2.82737E+11
2000,YR2000,Small states,SST,77368613842
2000,YR2000,South Asia,SAS,6.47682E+11
2000,YR2000,South Asia (IDA & IBRD),TSA,6.47682E+11
2000,YR2000,Sub-Saharan Africa,SSF,4.28341E+11
2000,YR2000,Sub-Saharan Africa (excluding high income),SSA,4.27683E+11
2000,YR2000,Sub-Saharan Africa (IDA & IBRD countries),TSS,4.28341E+11
2000,YR2000,Upper middle income,UMC,4.37278E+12
2000,YR2000,World,WLD,3.38559E+13
2014,YR2014,Afghanistan,AFG,20497128556
2014,YR2014,Albania,ALB,13228147516
2014,YR2014,Algeria,DZA,2.38943E+11
2014,YR2014,American Samoa,ASM,643000000
2014,YR2014,Andorra,AND,3271685597
2014,YR2014,Angola,AGO,1.35967E+11
2014,YR2014,Antigua and Barbuda,ATG,1378829630
2014,YR2014,Argentina,ARG,5.2632E+11
2014,YR2014,Armenia,ARM,11609513247
2014,YR2014,Aruba,ABW,2790849721
2014,YR2014,Australia,AUS,1.46827E+12
2014,YR2014,Austria,AUT,4.38556E+11
2014,YR2014,Azerbaijan,AZE,75239785452
2014,YR2014,"Bahamas, The",BHS,10974100000
2014,YR2014,Bahrain,BHR,34772526596
2014,YR2014,Bangladesh,BGD,1.72887E+11
2014,YR2014,Barbados,BRB,5365976700
2014,YR2014,Belarus,BLR,78812805039
2014,YR2014,Belgium,BEL,5.37987E+11
2014,YR2014,Belize,BLZ,2138250000
2014,YR2014,Benin,BEN,13284527850
2014,YR2014,Bermuda,BMU,6413988000
2014,YR2014,Bhutan,BTN,2089079571
2014,YR2014,Bolivia,BOL,32996188013
2014,YR2014,Bosnia and Herzegovina,BIH,18558733564
2014,YR2014,Botswana,BWA,15470088501
2014,YR2014,Brazil,BRA,2.45604E+12
2014,YR2014,British Virgin Islands,VGB,..
2014,YR2014,Brunei Darussalam,BRN,17097797372
2014,YR2014,Bulgaria,BGR,57157782910
2014,YR2014,Burkina Faso,BFA,13943016077
2014,YR2014,Burundi,BDI,2705783330
2014,YR2014,Cabo Verde,CPV,2041930125
2014,YR2014,Cambodia,KHM,22041463968
2014,YR2014,Cameroon,CMR,36386544706
2014,YR2014,Canada,CAN,1.80575E+12
2014,YR2014,Cayman Islands,CYM,4562853611
2014,YR2014,Central African Republic,CAF,1894813389
2014,YR2014,Chad,TCD,13940767219
2014,YR2014,Channel Islands,CHI,10528493035
2014,YR2014,Chile,CHL,2.59561E+11
2014,YR2014,China,CHN,1.04756E+13
2014,YR2014,Colombia,COL,3.81241E+11
2014,YR2014,Comoros,COM,1149587661
2014,YR2014,"Congo, Dem. Rep.",COD,35909040926
2014,YR2014,"Congo, Rep.",COG,17919321078
2014,YR2014,Costa Rica,CRI,52016408854
2014,YR2014,Cote d'Ivoire,CIV,48843005614
2014,YR2014,Croatia,HRV,59612144078
2014,YR2014,Cuba,CUB,80656100000
2014,YR2014,Curacao,CUW,3059406983
2014,YR2014,Cyprus,CYP,23225918260
2014,YR2014,Czechia,CZE,2.10911E+11
2014,YR2014,Denmark,DNK,3.52833E+11
2014,YR2014,Djibouti,DJI,2214679081
2014,YR2014,Dominica,DMA,520429629.6
2014,YR2014,Dominican Republic,DOM,67179955677
2014,YR2014,Ecuador,ECU,1.02718E+11
2014,YR2014,"Egypt, Arab Rep.",EGY,3.05595E+11
2014,YR2014,El Salvador,SLV,22593470000
2014,YR2014,Equatorial Guinea,GNQ,21765453082
2014,YR2014,Eritrea,ERI,..
2014,YR2014,Estonia,EST,27055689003
2014,YR2014,Eswatini,SWZ,4250545461
2014,YR2014,Ethiopia,ETH,55612228234
2014,YR2014,Faroe Islands,FRO,2914012679
2014,YR2014,Fiji,FJI,4857104791
2014,YR2014,Finland,FIN,2.73479E+11
2014,YR2014,France,FRA,2.86124E+12
2014,YR2014,French Polynesia,PYF,6151996561
2014,YR2014,Gabon,GAB,18203966896
2014,YR2014,"Gambia, The",GMB,1229461721
2014,YR2014,Georgia,GEO,17966015109
2014,YR2014,Germany,DEU,3.9658E+12
2014,YR2014,Ghana,GHA,54783319817
2014,YR2014,Gibraltar,GIB,..
2014,YR2014,Greece,GRC,2.33912E+11
2014,YR2014,Greenland,GRL,2842065708
2014,YR2014,Grenada,GRD,911496296.3
2014,YR2014,Guam,GUM,5610000000
2014,YR2014,Guatemala,GTM,57852153059
2014,YR2014,Guinea,GIN,8778473373
2014,YR2014,Guinea-Bissau,GNB,1135250721
2014,YR2014,Guyana,GUY,4127660152
2014,YR2014,Haiti,HTI,15146883498
2014,YR2014,Honduras,HND,19756533972
2014,YR2014,"Hong Kong SAR, China",HKG,2.9146E+11
2014,YR2014,Hungary,HUN,1.41034E+11
2014,YR2014,Iceland,ISL,17867662178
2014,YR2014,India,IND,2.03913E+12
2014,YR2014,Indonesia,IDN,8.90815E+11
2014,YR2014,"Iran, Islamic Rep.",IRN,4.62285E+11
2014,YR2014,Iraq,IRQ,2.28416E+11
2014,YR2014,Ireland,IRL,2.66787E+11
2014,YR2014,Isle of Man,IMN,7708454412
2014,YR2014,Israel,ISR,3.1409E+11
2014,YR2014,Italy,ITA,2.17326E+12
2014,YR2014,Jamaica,JAM,13899217722
2014,YR2014,Japan,JPN,4.89699E+12
2014,YR2014,Jordan,JOR,36847643521
2014,YR2014,Kazakhstan,KAZ,2.21416E+11
2014,YR2014,Kenya,KEN,68285796514
2014,YR2014,Kiribati,KIR,200287275.6
2014,YR2014,"Korea, Dem. People's Rep.",PRK,..
2014,YR2014,"Korea, Rep.",KOR,1.48449E+12
2014,YR2014,Kosovo,XKX,7074394735
2014,YR2014,Kuwait,KWT,1.6265E+11
2014,YR2014,Kyrgyz Republic,KGZ,7468102413
2014,YR2014,Lao PDR,LAO,13279245886
2014,YR2014,Latvia,LVA,30277203767
2014,YR2014,Lebanon,LBN,48095213747
2014,YR2014,Lesotho,LSO,2441063054
2014,YR2014,Liberia,LBR,3225652000
2014,YR2014,Libya,LBY,57372355592
2014,YR2014,Liechtenstein,LIE,6657526980
2014,YR2014,Lithuania,LTU,48306546657
2014,YR2014,Luxembourg,LUX,68804811898
2014,YR2014,"Macao SAR, China",MAC,54902831794
2014,YR2014,Madagascar,MDG,12522957399
2014,YR2014,Malawi,MWI,8801326169
2014,YR2014,Malaysia,MYS,3.38066E+11
2014,YR2014,Maldives,MDV,3697353039
2014,YR2014,Mali,MLI,14364937124
2014,YR2014,Malta,MLT,11888032872
2014,YR2014,Marshall Islands,MHL,186000000
2014,YR2014,Mauritania,MRT,6592537782
2014,YR2014,Mauritius,MUS,13074129952
2014,YR2014,Mexico,MEX,1.36451E+12
2014,YR2014,"Micronesia, Fed. Sts.",FSM,319271200
2014,YR2014,Moldova,MDA,9402090138
2014,YR2014,Monaco,MCO,7070017324
2014,YR2014,Mongolia,MNG,12226514668
2014,YR2014,Montenegro,MNE,4593853291
2014,YR2014,Morocco,MAR,1.19131E+11
2014,YR2014,Mozambique,MOZ,17978246586
2014,YR2014,Myanmar,MMR,65531374200
2014,YR2014,Namibia,NAM,12435430970
2014,YR2014,Nauru,NRU,98752257.05
2014,YR2014,Nepal,NPL,22731612922
2014,YR2014,Netherlands,NLD,9.01557E+11
2014,YR2014,New Caledonia,NCL,10635035595
2014,YR2014,New Zealand,NZL,2.01338E+11
2014,YR2014,Nicaragua,NIC,11880433903
2014,YR2014,Niger,NER,10862943544
2014,YR2014,Nigeria,NGA,5.74184E+11
2014,YR2014,North Macedonia,MKD,11362265253
2014,YR2014,Northern Mariana Islands,MNP,832000000
2014,YR2014,Norway,NOR,5.01736E+11
2014,YR2014,Oman,OMN,92699089727
2014,YR2014,Pakistan,PAK,2.7139E+11
2014,YR2014,Palau,PLW,243156484.4
2014,YR2014,Panama,PAN,51427104900
2014,YR2014,Papua New Guinea,PNG,23210823987
2014,YR2014,Paraguay,PRY,40377929296
2014,YR2014,Peru,PER,2.00786E+11
2014,YR2014,Philippines,PHL,2.97484E+11
2014,YR2014,Poland,POL,5.42134E+11
2014,YR2014,Portugal,PRT,2.30079E+11
2014,YR2014,Puerto Rico,PRI,1.02446E+11
2014,YR2014,Qatar,QAT,2.06225E+11
2014,YR2014,Romania,ROU,1.99722E+11
2014,YR2014,Russian Federation,RUS,2.05924E+12
2014,YR2014,Rwanda,RWA,8238966064
2014,YR2014,Samoa,WSM,796683519.6
2014,YR2014,San Marino,SMR,1673911426
2014,YR2014,Sao Tome and Principe,STP,293119143.2
2014,YR2014,Saudi Arabia,SAU,7.66606E+11
2014,YR2014,Senegal,SEN,19797253440
2014,YR2014,Serbia,SRB,49114321280
2014,YR2014,Seychelles,SYC,1387577870
2014,YR2014,Sierra Leone,SLE,7845456215
2014,YR2014,Singapore,SGP,3.14864E+11
2014,YR2014,Sint Maarten (Dutch part),SXM,1361811508
2014,YR2014,Slovak Republic,SVK,1.01713E+11
2014,YR2014,Slovenia,SVN,49514466380
2014,YR2014,Solomon Islands,SLB,1335571421
2014,YR2014,Somalia,SOM,5728399711
2014,YR2014,South Africa,ZAF,3.81199E+11
2014,YR2014,South Sudan,SSD,13962212847
2014,YR2014,Spain,ESP,1.38024E+12
2014,YR2014,Sri Lanka,LKA,82528535714
2014,YR2014,St. Kitts and Nevis,KNA,952111111.1
2014,YR2014,St. Lucia,LCA,1749185185
2014,YR2014,St. Martin (French part),MAF,772921958.5
2014,YR2014,St. Vincent and the Grenadines,VCT,770900000
2014,YR2014,Sudan,SDN,49516748618
2014,YR2014,Suriname,SUR,5240606061
2014,YR2014,Sweden,SWE,5.7773E+11
2014,YR2014,Switzerland,CHE,7.26538E+11
2014,YR2014,Syrian Arab Republic,SYR,21502061466
2014,YR2014,Tajikistan,TJK,9112605459
2014,YR2014,Tanzania,TZA,49986726461
2014,YR2014,Thailand,THA,4.07339E+11
2014,YR2014,Timor-Leste,TLS,1447535200
2014,YR2014,Togo,TGO,6393318262
2014,YR2014,Tonga,TON,440997738
2014,YR2014,Trinidad and Tobago,TTO,29697674914
2014,YR2014,Tunisia,TUN,50271812921
2014,YR2014,Turkiye,TUR,9.38935E+11
2014,YR2014,Turkmenistan,TKM,43524210526
2014,YR2014,Turks and Caicos Islands,TCA,841070000
2014,YR2014,Tuvalu,TUV,38760982.65
2014,YR2014,Uganda,UGA,32612397257
2014,YR2014,Ukraine,UKR,1.33504E+11
2014,YR2014,United Arab Emirates,ARE,4.14105E+11
2014,YR2014,United Kingdom,GBR,3.06471E+12
2014,YR2014,United States,USA,1.76081E+13
2014,YR2014,Uruguay,URY,61496186974
2014,YR2014,Uzbekistan,UZB,80845385809
2014,YR2014,Vanuatu,VUT,772315983.8
2014,YR2014,"Venezuela, RB",VEN,4.82359E+11
2014,YR2014,Viet Nam,VNM,2.33451E+11
2014,YR2014,Virgin Islands (U.S.),VIR,3565000000
2014,YR2014,West Bank and Gaza,PSE,13989700000
2014,YR2014,"Yemen, Rep.",YEM,43228585321
2014,YR2014,Zambia,ZMB,27141023558
2014,YR2014,Zimbabwe,ZWE,19495519600
2014,YR2014,Africa Eastern and Southern,AFE,9.78708E+11
2014,YR2014,Africa Western and Central,AFW,8.97416E+11
2014,YR2014,Arab World,ARB,2.90565E+12
2014,YR2014,Caribbean small states,CSS,34129544764
2014,YR2014,Central Europe and the Baltics,CEB,1.46744E+12
2014,YR2014,Early-demographic dividend,EAR,1.07764E+13
2014,YR2014,East Asia & Pacific,EAS,2.20947E+13
2014,YR2014,East Asia & Pacific (excluding high income),EAP,1.28055E+13
2014,YR2014,East Asia & Pacific (IDA & IBRD countries),TEA,1.27898E+13
2014,YR2014,Euro area,EMU,1.36833E+13
2014,YR2014,Europe & Central Asia,ECS,2.38974E+13
2014,YR2014,Europe & Central Asia (excluding high income),ECA,1.73177E+12
2014,YR2014,Europe & Central Asia (IDA & IBRD countries),TEC,4.64963E+12
2014,YR2014,European Union,EUU,1.57648E+13
2014,YR2014,Fragile and conflict affected situations,FCS,2.05298E+12
2014,YR2014,Heavily indebted poor countries (HIPC),HPC,6.96366E+11
2014,YR2014,High income,HIC,5.34249E+13
2014,YR2014,IBRD only,IBD,2.75968E+13
2014,YR2014,IDA & IBRD total,IBT,2.98174E+13
2014,YR2014,IDA blend,IDB,1.11565E+12
2014,YR2014,IDA only,IDX,1.10494E+12
2014,YR2014,IDA total,IDA,2.22059E+12
2014,YR2014,Late-demographic dividend,LTE,1.97881E+13
2014,YR2014,Latin America & Caribbean,LCN,6.48537E+12
2014,YR2014,Latin America & Caribbean (excluding high income),LAC,5.4573E+12
2014,YR2014,Latin America & the Caribbean (IDA & IBRD countries),TLA,6.27301E+12
2014,YR2014,Least developed countries: UN classification,LDC,9.66978E+11
2014,YR2014,Low & middle income,LMY,2.6113E+13
2014,YR2014,Low income,LIC,4.24195E+11
2014,YR2014,Lower middle income,LMC,5.09559E+12
2014,YR2014,Middle East & North Africa,MEA,3.63093E+12
2014,YR2014,Middle East & North Africa (excluding high income),MNA,1.62789E+12
2014,YR2014,Middle East & North Africa (IDA & IBRD countries),TMN,1.6139E+12
2014,YR2014,Middle income,MIC,2.56899E+13
2014,YR2014,North America,NAC,1.94203E+13
2014,YR2014,Not classified,INX,..
2014,YR2014,OECD members,OED,5.04994E+13
2014,YR2014,Other small states,OSS,1.69821E+11
2014,YR2014,Pacific island small states,PSS,9288783801
2014,YR2014,Post-demographic dividend,PST,4.73114E+13
2014,YR2014,Pre-demographic dividend,PRE,1.53756E+12
2014,YR2014,Small states,SST,2.13239E+11
2014,YR2014,South Asia,SAS,2.61495E+12
2014,YR2014,South Asia (IDA & IBRD),TSA,2.61495E+12
2014,YR2014,Sub-Saharan Africa,SSF,1.87612E+12
2014,YR2014,Sub-Saharan Africa (excluding high income),SSA,1.87474E+12
2014,YR2014,Sub-Saharan Africa (IDA & IBRD countries),TSS,1.87612E+12
2014,YR2014,Upper middle income,UMC,2.05943E+13
2014,YR2014,World,WLD,8.00203E+13
2015,YR2015,Afghanistan,AFG,19134221645
2015,YR2015,Albania,ALB,11386853113
2015,YR2015,Algeria,DZA,1.87494E+11
2015,YR2015,American Samoa,ASM,673000000
2015,YR2015,Andorra,AND,2789881259
2015,YR2015,Angola,AGO,90496420507
2015,YR2015,Antigua and Barbuda,ATG,1437755556
2015,YR2015,Argentina,ARG,5.94749E+11
2015,YR2015,Armenia,ARM,10553337518
2015,YR2015,Aruba,ABW,2962907263
2015,YR2015,Australia,AUS,1.3513E+12
2015,YR2015,Austria,AUT,3.79546E+11
2015,YR2015,Azerbaijan,AZE,53076235355
2015,YR2015,"Bahamas, The",BHS,11671900000
2015,YR2015,Bahrain,BHR,32523297872
2015,YR2015,Bangladesh,BGD,1.95147E+11
2015,YR2015,Barbados,BRB,5288057750
2015,YR2015,Belarus,BLR,56454889147
2015,YR2015,Belgium,BEL,4.61045E+11
2015,YR2015,Belize,BLZ,2193050000
2015,YR2015,Benin,BEN,11388160997
2015,YR2015,Bermuda,BMU,6654541000
2015,YR2015,Bhutan,BTN,2187815804
2015,YR2015,Bolivia,BOL,33000198248
2015,YR2015,Bosnia and Herzegovina,BIH,16404348871
2015,YR2015,Botswana,BWA,13530748845
2015,YR2015,Brazil,BRA,1.80221E+12
2015,YR2015,British Virgin Islands,VGB,..
2015,YR2015,Brunei Darussalam,BRN,12930296852
2015,YR2015,Bulgaria,BGR,50811995689
2015,YR2015,Burkina Faso,BFA,11832159316
2015,YR2015,Burundi,BDI,3104003546
2015,YR2015,Cabo Verde,CPV,1749857620
2015,YR2015,Cambodia,KHM,24174170369
2015,YR2015,Cameroon,CMR,32210233020
2015,YR2015,Canada,CAN,1.55651E+12
2015,YR2015,Cayman Islands,CYM,4708167233
2015,YR2015,Central African Republic,CAF,1695825714
2015,YR2015,Chad,TCD,10950392257
2015,YR2015,Channel Islands,CHI,10109968847
2015,YR2015,Chile,CHL,2.4245E+11
2015,YR2015,China,CHN,1.10616E+13
2015,YR2015,Colombia,COL,2.93492E+11
2015,YR2015,Comoros,COM,966029600.9
2015,YR2015,"Congo, Dem. Rep.",COD,37917706497
2015,YR2015,"Congo, Rep.",COG,12434793867
2015,YR2015,Costa Rica,CRI,56441920821
2015,YR2015,Cote d'Ivoire,CIV,45815005169
2015,YR2015,Croatia,HRV,51005200670
2015,YR2015,Cuba,CUB,87132800000
2015,YR2015,Curacao,CUW,3058779218
2015,YR2015,Cyprus,CYP,19909278417
2015,YR2015,Czechia,CZE,1.89108E+11
2015,YR2015,Denmark,DNK,3.01759E+11
2015,YR2015,Djibouti,DJI,2424391785
2015,YR2015,Dominica,DMA,540737037
2015,YR2015,Dominican Republic,DOM,71164826837
2015,YR2015,Ecuador,ECU,97209558000
2015,YR2015,"Egypt, Arab Rep.",EGY,3.29367E+11
2015,YR2015,El Salvador,SLV,23438240000
2015,YR2015,Equatorial Guinea,GNQ,13185496881
2015,YR2015,Eritrea,ERI,..
2015,YR2015,Estonia,EST,23311847751
2015,YR2015,Eswatini,SWZ,3878174404
2015,YR2015,Ethiopia,ETH,64589328551
2015,YR2015,Faroe Islands,FRO,2573905971
2015,YR2015,Fiji,FJI,4682479912
2015,YR2015,Finland,FIN,2.33211E+11
2015,YR2015,France,FRA,2.44248E+12
2015,YR2015,French Polynesia,PYF,5325846362
2015,YR2015,Gabon,GAB,14383107763
2015,YR2015,"Gambia, The",GMB,1378176609
2015,YR2015,Georgia,GEO,15223796149
2015,YR2015,Germany,DEU,3.42357E+12
2015,YR2015,Ghana,GHA,49406010054
2015,YR2015,Gibraltar,GIB,..
2015,YR2015,Greece,GRC,1.94567E+11
2015,YR2015,Greenland,GRL,2499113023
2015,YR2015,Grenada,GRD,997007407.4
2015,YR2015,Guam,GUM,5799000000
2015,YR2015,Guatemala,GTM,62186064719
2015,YR2015,Guinea,GIN,8794201743
2015,YR2015,Guinea-Bissau,GNB,1152384167
2015,YR2015,Guyana,GUY,4279840194
2015,YR2015,Haiti,HTI,14849629309
2015,YR2015,Honduras,HND,20979791685
2015,YR2015,"Hong Kong SAR, China",HKG,3.09386E+11
2015,YR2015,Hungary,HUN,1.25174E+11
2015,YR2015,Iceland,ISL,17517210519
2015,YR2015,India,IND,2.10359E+12
2015,YR2015,Indonesia,IDN,8.60854E+11
2015,YR2015,"Iran, Islamic Rep.",IRN,4.09192E+11
2015,YR2015,Iraq,IRQ,1.66774E+11
2015,YR2015,Ireland,IRL,3.02391E+11
2015,YR2015,Isle of Man,IMN,7084800892
2015,YR2015,Israel,ISR,3.02723E+11
2015,YR2015,Italy,ITA,1.84543E+12
2015,YR2015,Jamaica,JAM,14188936958
2015,YR2015,Japan,JPN,4.44493E+12
2015,YR2015,Jordan,JOR,38587017887
2015,YR2015,Kazakhstan,KAZ,1.84388E+11
2015,YR2015,Kenya,KEN,70120446897
2015,YR2015,Kiribati,KIR,191559398.2
2015,YR2015,"Korea, Dem. People's Rep.",PRK,..
2015,YR2015,"Korea, Rep.",KOR,1.46604E+12
2015,YR2015,Kosovo,XKX,6295848423
2015,YR2015,Kuwait,KWT,1.14586E+11
2015,YR2015,Kyrgyz Republic,KGZ,6678177512
2015,YR2015,Lao PDR,LAO,14426380126
2015,YR2015,Latvia,LVA,26344565877
2015,YR2015,Lebanon,LBN,49929337837
2015,YR2015,Lesotho,LSO,2359686725
2015,YR2015,Liberia,LBR,3227075700
2015,YR2015,Libya,LBY,48717501321
2015,YR2015,Liechtenstein,LIE,6268515276
2015,YR2015,Lithuania,LTU,41540954817
2015,YR2015,Luxembourg,LUX,60071584216
2015,YR2015,"Macao SAR, China",MAC,45048190598
2015,YR2015,Madagascar,MDG,11323020701
2015,YR2015,Malawi,MWI,9219474379
2015,YR2015,Malaysia,MYS,3.01355E+11
2015,YR2015,Maldives,MDV,4129505319
2015,YR2015,Mali,MLI,13104764378
2015,YR2015,Malta,MLT,11340795042
2015,YR2015,Marshall Islands,MHL,183700000
2015,YR2015,Mauritania,MRT,6166863897
2015,YR2015,Mauritius,MUS,12007291046
2015,YR2015,Mexico,MEX,1.21329E+12
2015,YR2015,"Micronesia, Fed. Sts.",FSM,316489900
2015,YR2015,Moldova,MDA,7797667197
2015,YR2015,Monaco,MCO,6264756528
2015,YR2015,Mongolia,MNG,11619892591
2015,YR2015,Montenegro,MNE,4054730078
2015,YR2015,Morocco,MAR,1.10414E+11
2015,YR2015,Mozambique,MOZ,16208985770
2015,YR2015,Myanmar,MMR,59607290408
2015,YR2015,Namibia,NAM,11335161084
2015,YR2015,Nauru,NRU,84383388.64
2015,YR2015,Nepal,NPL,24360801287
2015,YR2015,Netherlands,NLD,7.75744E+11
2015,YR2015,New Caledonia,NCL,8738203074
2015,YR2015,New Zealand,NZL,1.78104E+11
2015,YR2015,Nicaragua,NIC,12756685550
2015,YR2015,Niger,NER,9683867926
2015,YR2015,Nigeria,NGA,4.93027E+11
2015,YR2015,North Macedonia,MKD,10064519963
2015,YR2015,Northern Mariana Islands,MNP,910000000
2015,YR2015,Norway,NOR,3.8816E+11
2015,YR2015,Oman,OMN,78710793238
2015,YR2015,Pakistan,PAK,2.99964E+11
2015,YR2015,Palau,PLW,278824781.3
2015,YR2015,Panama,PAN,55767806100
2015,YR2015,Papua New Guinea,PNG,21723437010
2015,YR2015,Paraguay,PRY,36211447840
2015,YR2015,Peru,PER,1.89803E+11
2015,YR2015,Philippines,PHL,3.06446E+11
2015,YR2015,Poland,POL,4.80054E+11
2015,YR2015,Portugal,PRT,1.99039E+11
2015,YR2015,Puerto Rico,PRI,1.03376E+11
2015,YR2015,Qatar,QAT,1.6174E+11
2015,YR2015,Romania,ROU,1.77885E+11
2015,YR2015,Russian Federation,RUS,1.36348E+12
2015,YR2015,Rwanda,RWA,8543759678
2015,YR2015,Samoa,WSM,824150498.7
2015,YR2015,San Marino,SMR,1419401071
2015,YR2015,Sao Tome and Principe,STP,259999643
2015,YR2015,Saudi Arabia,SAU,6.69484E+11
2015,YR2015,Senegal,SEN,17774766696
2015,YR2015,Serbia,SRB,41297410635
2015,YR2015,Seychelles,SYC,1432403352
2015,YR2015,Sierra Leone,SLE,6651626734
2015,YR2015,Singapore,SGP,3.07999E+11
2015,YR2015,Sint Maarten (Dutch part),SXM,1417888715
2015,YR2015,Slovak Republic,SVK,89178548717
2015,YR2015,Slovenia,SVN,42709468275
2015,YR2015,Solomon Islands,SLB,1307909888
2015,YR2015,Somalia,SOM,6152149080
2015,YR2015,South Africa,ZAF,3.4671E+11
2015,YR2015,South Sudan,SSD,11997800760
2015,YR2015,Spain,ESP,1.20616E+12
2015,YR2015,Sri Lanka,LKA,85140955389
2015,YR2015,St. Kitts and Nevis,KNA,957222222.2
2015,YR2015,St. Lucia,LCA,1807629630
2015,YR2015,St. Martin (French part),MAF,..
2015,YR2015,St. Vincent and the Grenadines,VCT,786555555.6
2015,YR2015,Sudan,SDN,51726758677
2015,YR2015,Suriname,SUR,5126237646
2015,YR2015,Sweden,SWE,5.01698E+11
2015,YR2015,Switzerland,CHE,6.94118E+11
2015,YR2015,Syrian Arab Republic,SYR,16466863117
2015,YR2015,Tajikistan,TJK,8271431485
2015,YR2015,Tanzania,TZA,47413919817
2015,YR2015,Thailand,THA,4.01296E+11
2015,YR2015,Timor-Leste,TLS,1590282400
2015,YR2015,Togo,TGO,5755461035
2015,YR2015,Tonga,TON,437525514.2
2015,YR2015,Trinidad and Tobago,TTO,27026750553
2015,YR2015,Tunisia,TUN,45779494042
2015,YR2015,Turkiye,TUR,8.64314E+11
2015,YR2015,Turkmenistan,TKM,35799714286
2015,YR2015,Turks and Caicos Islands,TCA,942070000
2015,YR2015,Tuvalu,TUV,36811936.08
2015,YR2015,Uganda,UGA,32387183730
2015,YR2015,Ukraine,UKR,91030967789
2015,YR2015,United Arab Emirates,ARE,3.70275E+11
2015,YR2015,United Kingdom,GBR,2.92791E+12
2015,YR2015,United States,USA,1.8295E+13
2015,YR2015,Uruguay,URY,57680327999
2015,YR2015,Uzbekistan,UZB,86196264755
2015,YR2015,Vanuatu,VUT,730870803
2015,YR2015,"Venezuela, RB",VEN,..
2015,YR2015,Viet Nam,VNM,2.39258E+11
2015,YR2015,Virgin Islands (U.S.),VIR,3663000000
2015,YR2015,West Bank and Gaza,PSE,13972400000
2015,YR2015,"Yemen, Rep.",YEM,42444489522
2015,YR2015,Zambia,ZMB,21251216799
2015,YR2015,Zimbabwe,ZWE,19963120600
2015,YR2015,Africa Eastern and Southern,AFE,8.98278E+11
2015,YR2015,Africa Western and Central,AFW,7.71767E+11
2015,YR2015,Arab World,ARB,2.5447E+12
2015,YR2015,Caribbean small states,CSS,35085992997
2015,YR2015,Central Europe and the Baltics,CEB,1.29712E+12
2015,YR2015,Early-demographic dividend,EAR,1.02466E+13
2015,YR2015,East Asia & Pacific,EAS,2.20009E+13
2015,YR2015,East Asia & Pacific (excluding high income),EAP,1.33294E+13
2015,YR2015,East Asia & Pacific (IDA & IBRD countries),TEA,1.3313E+13
2015,YR2015,Euro area,EMU,1.18286E+13
2015,YR2015,Europe & Central Asia,ECS,2.05832E+13
2015,YR2015,Europe & Central Asia (excluding high income),ECA,1.50929E+12
2015,YR2015,Europe & Central Asia (IDA & IBRD countries),TEC,3.63253E+12
2015,YR2015,European Union,EUU,1.36551E+13
2015,YR2015,Fragile and conflict affected situations,FCS,1.61633E+12
2015,YR2015,Heavily indebted poor countries (HIPC),HPC,6.68869E+11
2015,YR2015,High income,HIC,4.98755E+13
2015,YR2015,IBRD only,IBD,2.58411E+13
2015,YR2015,IDA & IBRD total,IBT,2.80027E+13
2015,YR2015,IDA blend,IDB,1.05899E+12
2015,YR2015,IDA only,IDX,1.10136E+12
2015,YR2015,IDA total,IDA,2.16036E+12
2015,YR2015,Late-demographic dividend,LTE,1.85653E+13
2015,YR2015,Latin America & Caribbean,LCN,5.42063E+12
2015,YR2015,Latin America & Caribbean (excluding high income),LAC,4.63456E+12
2015,YR2015,Latin America & the Caribbean (IDA & IBRD countries),TLA,5.19717E+12
2015,YR2015,Least developed countries: UN classification,LDC,9.28551E+11
2015,YR2015,Low & middle income,LMY,2.53367E+13
2015,YR2015,Low income,LIC,4.17757E+11
2015,YR2015,Lower middle income,LMC,5.08967E+12
2015,YR2015,Middle East & North Africa,MEA,3.20294E+12
2015,YR2015,Middle East & North Africa (excluding high income),MNA,1.46156E+12
2015,YR2015,Middle East & North Africa (IDA & IBRD countries),TMN,1.44759E+12
2015,YR2015,Middle income,MIC,2.49203E+13
2015,YR2015,North America,NAC,1.98582E+13
2015,YR2015,Not classified,INX,..
2015,YR2015,OECD members,OED,4.76365E+13
2015,YR2015,Other small states,OSS,1.53633E+11
2015,YR2015,Pacific island small states,PSS,9074649392
2015,YR2015,Post-demographic dividend,PST,4.47583E+13
2015,YR2015,Pre-demographic dividend,PRE,1.30739E+12
2015,YR2015,Small states,SST,1.97793E+11
2015,YR2015,South Asia,SAS,2.73365E+12
2015,YR2015,South Asia (IDA & IBRD),TSA,2.73365E+12
2015,YR2015,Sub-Saharan Africa,SSF,1.67004E+12
2015,YR2015,Sub-Saharan Africa (excluding high income),SSA,1.66861E+12
2015,YR2015,Sub-Saharan Africa (IDA & IBRD countries),TSS,1.67004E+12
2015,YR2015,Upper middle income,UMC,1.98306E+13
2015,YR2015,World,WLD,7.54725E+13
2016,YR2016,Afghanistan,AFG,18116572395
2016,YR2016,Albania,ALB,11861199831
2016,YR2016,Algeria,DZA,1.80764E+11
2016,YR2016,American Samoa,ASM,671000000
2016,YR2016,Andorra,AND,2896610480
2016,YR2016,Angola,AGO,52761617226
2016,YR2016,Antigua and Barbuda,ATG,1489692593
2016,YR2016,Argentina,ARG,5.57532E+11
2016,YR2016,Armenia,ARM,10546136236
2016,YR2016,Aruba,ABW,2983635196
2016,YR2016,Australia,AUS,1.20684E+12
2016,YR2016,Austria,AUT,3.93687E+11
2016,YR2016,Azerbaijan,AZE,37866996883
2016,YR2016,"Bahamas, The",BHS,11745100000
2016,YR2016,Bahrain,BHR,33884680851
2016,YR2016,Bangladesh,BGD,2.65225E+11
2016,YR2016,Barbados,BRB,5330761500
2016,YR2016,Belarus,BLR,47723545321
2016,YR2016,Belgium,BEL,4.74272E+11
2016,YR2016,Belize,BLZ,2240200000
2016,YR2016,Benin,BEN,11821065852
2016,YR2016,Bermuda,BMU,6899911000
2016,YR2016,Bhutan,BTN,2357504761
2016,YR2016,Bolivia,BOL,33941126200
2016,YR2016,Bosnia and Herzegovina,BIH,17116926328
2016,YR2016,Botswana,BWA,15082637184
2016,YR2016,Brazil,BRA,1.79569E+12
2016,YR2016,British Virgin Islands,VGB,..
2016,YR2016,Brunei Darussalam,BRN,11400266055
2016,YR2016,Bulgaria,BGR,53964253212
2016,YR2016,Burkina Faso,BFA,12833363045
2016,YR2016,Burundi,BDI,2644487777
2016,YR2016,Cabo Verde,CPV,1849789993
2016,YR2016,Cambodia,KHM,26556545153
2016,YR2016,Cameroon,CMR,33814337044
2016,YR2016,Canada,CAN,1.52799E+12
2016,YR2016,Cayman Islands,CYM,4909322237
2016,YR2016,Central African Republic,CAF,1825018145
2016,YR2016,Chad,TCD,10097778098
2016,YR2016,Channel Islands,CHI,9169278193
2016,YR2016,Chile,CHL,2.49345E+11
2016,YR2016,China,CHN,1.12333E+13
2016,YR2016,Colombia,COL,2.8272E+11
2016,YR2016,Comoros,COM,1012835493
2016,YR2016,"Congo, Dem. Rep.",COD,37134801555
2016,YR2016,"Congo, Rep.",COG,10931328151
2016,YR2016,Costa Rica,CRI,58847019610
2016,YR2016,Cote d'Ivoire,CIV,48407761037
2016,YR2016,Croatia,HRV,52654855638
2016,YR2016,Cuba,CUB,91370407864
2016,YR2016,Curacao,CUW,3024690168
2016,YR2016,Cyprus,CYP,21046462281
2016,YR2016,Czechia,CZE,1.98161E+11
2016,YR2016,Denmark,DNK,3.12182E+11
2016,YR2016,Djibouti,DJI,2604955229
2016,YR2016,Dominica,DMA,576229629.6
2016,YR2016,Dominican Republic,DOM,75704647878
2016,YR2016,Ecuador,ECU,97671433000
2016,YR2016,"Egypt, Arab Rep.",EGY,3.32442E+11
2016,YR2016,El Salvador,SLV,24191430000
2016,YR2016,Equatorial Guinea,GNQ,11240808848
2016,YR2016,Eritrea,ERI,..
2016,YR2016,Estonia,EST,24561027788
2016,YR2016,Eswatini,SWZ,3705918654
2016,YR2016,Ethiopia,ETH,74296745208
2016,YR2016,Faroe Islands,FRO,2813278869
2016,YR2016,Fiji,FJI,4930213634
2016,YR2016,Finland,FIN,2.38778E+11
2016,YR2016,France,FRA,2.47041E+12
2016,YR2016,French Polynesia,PYF,5497036477
2016,YR2016,Gabon,GAB,14023890265
2016,YR2016,"Gambia, The",GMB,1484578886
2016,YR2016,Georgia,GEO,15444548902
2016,YR2016,Germany,DEU,3.53778E+12
2016,YR2016,Ghana,GHA,56164929305
2016,YR2016,Gibraltar,GIB,..
2016,YR2016,Greece,GRC,1.93097E+11
2016,YR2016,Greenland,GRL,2707139544
2016,YR2016,Grenada,GRD,1061640741
2016,YR2016,Guam,GUM,5901000000
2016,YR2016,Guatemala,GTM,66053403469
2016,YR2016,Guinea,GIN,8595955222
2016,YR2016,Guinea-Bissau,GNB,1245074264
2016,YR2016,Guyana,GUY,4482697337
2016,YR2016,Haiti,HTI,14069277526
2016,YR2016,Honduras,HND,21717604952
2016,YR2016,"Hong Kong SAR, China",HKG,3.2086E+11
2016,YR2016,Hungary,HUN,1.2861E+11
2016,YR2016,Iceland,ISL,20793168031
2016,YR2016,India,IND,2.2948E+12
2016,YR2016,Indonesia,IDN,9.31877E+11
2016,YR2016,"Iran, Islamic Rep.",IRN,4.59043E+11
2016,YR2016,Iraq,IRQ,1.66744E+11
2016,YR2016,Ireland,IRL,3.05733E+11
2016,YR2016,Isle of Man,IMN,6846377563
2016,YR2016,Israel,ISR,3.20959E+11
2016,YR2016,Italy,ITA,1.88711E+12
2016,YR2016,Jamaica,JAM,14077096714
2016,YR2016,Japan,JPN,5.00368E+12
2016,YR2016,Jordan,JOR,39892551127
2016,YR2016,Kazakhstan,KAZ,1.37278E+11
2016,YR2016,Kenya,KEN,74815144164
2016,YR2016,Kiribati,KIR,206467834
2016,YR2016,"Korea, Dem. People's Rep.",PRK,..
2016,YR2016,"Korea, Rep.",KOR,1.49968E+12
2016,YR2016,Kosovo,XKX,6682677290
2016,YR2016,Kuwait,KWT,1.09407E+11
2016,YR2016,Kyrgyz Republic,KGZ,6813095379
2016,YR2016,Lao PDR,LAO,15912501723
2016,YR2016,Latvia,LVA,27117105060
2016,YR2016,Lebanon,LBN,51147308774
2016,YR2016,Lesotho,LSO,2114426452
2016,YR2016,Liberia,LBR,3398419600
2016,YR2016,Libya,LBY,49912073701
2016,YR2016,Liechtenstein,LIE,6237302034
2016,YR2016,Lithuania,LTU,42970749245
2016,YR2016,Luxembourg,LUX,62216885436
2016,YR2016,"Macao SAR, China",MAC,45070808689
2016,YR2016,Madagascar,MDG,11848613858
2016,YR2016,Malawi,MWI,7909868618
2016,YR2016,Malaysia,MYS,3.01256E+11
2016,YR2016,Maldives,MDV,4409942624
2016,YR2016,Mali,MLI,14026048336
2016,YR2016,Malta,MLT,12025782834
2016,YR2016,Marshall Islands,MHL,201800000
2016,YR2016,Mauritania,MRT,6398747592
2016,YR2016,Mauritius,MUS,12594155464
2016,YR2016,Mexico,MEX,1.11223E+12
2016,YR2016,"Micronesia, Fed. Sts.",FSM,325000000
2016,YR2016,Moldova,MDA,7980917076
2016,YR2016,Monaco,MCO,6471290794
2016,YR2016,Mongolia,MNG,11181350649
2016,YR2016,Montenegro,MNE,4376930578
2016,YR2016,Morocco,MAR,1.11573E+11
2016,YR2016,Mozambique,MOZ,12069051237
2016,YR2016,Myanmar,MMR,63298361996
2016,YR2016,Namibia,NAM,10722018732
2016,YR2016,Nauru,NRU,97276023.08
2016,YR2016,Nepal,NPL,24524109484
2016,YR2016,Netherlands,NLD,7.97164E+11
2016,YR2016,New Caledonia,NCL,8724568955
2016,YR2016,New Zealand,NZL,1.88898E+11
2016,YR2016,Nicaragua,NIC,13286101094
2016,YR2016,Niger,NER,10398861982
2016,YR2016,Nigeria,NGA,4.04649E+11
2016,YR2016,North Macedonia,MKD,10672467073
2016,YR2016,Northern Mariana Islands,MNP,1230000000
2016,YR2016,Norway,NOR,3.70957E+11
2016,YR2016,Oman,OMN,75128738622
2016,YR2016,Pakistan,PAK,3.1363E+11
2016,YR2016,Palau,PLW,298323500
2016,YR2016,Panama,PAN,59760858700
2016,YR2016,Papua New Guinea,PNG,20758876953
2016,YR2016,Paraguay,PRY,36089700223
2016,YR2016,Peru,PER,1.91898E+11
2016,YR2016,Philippines,PHL,3.18627E+11
2016,YR2016,Poland,POL,4.7326E+11
2016,YR2016,Portugal,PRT,2.06305E+11
2016,YR2016,Puerto Rico,PRI,1.04337E+11
2016,YR2016,Qatar,QAT,1.51732E+11
2016,YR2016,Romania,ROU,1.85291E+11
2016,YR2016,Russian Federation,RUS,1.27679E+12
2016,YR2016,Rwanda,RWA,8695272301
2016,YR2016,Samoa,WSM,843924796.7
2016,YR2016,San Marino,SMR,1468343140
2016,YR2016,Sao Tome and Principe,STP,292267272.2
2016,YR2016,Saudi Arabia,SAU,6.66E+11
2016,YR2016,Senegal,SEN,19040312333
2016,YR2016,Serbia,SRB,42225495910
2016,YR2016,Seychelles,SYC,1568513348
2016,YR2016,Sierra Leone,SLE,6042615860
2016,YR2016,Singapore,SGP,3.19054E+11
2016,YR2016,Sint Maarten (Dutch part),SXM,1427017207
2016,YR2016,Slovak Republic,SVK,90347173229
2016,YR2016,Slovenia,SVN,44290685824
2016,YR2016,Solomon Islands,SLB,1379490304
2016,YR2016,Somalia,SOM,6613743090
2016,YR2016,South Africa,ZAF,3.23586E+11
2016,YR2016,South Sudan,SSD,..
2016,YR2016,Spain,ESP,1.24302E+12
2016,YR2016,Sri Lanka,LKA,88012282206
2016,YR2016,St. Kitts and Nevis,KNA,1006818519
2016,YR2016,St. Lucia,LCA,1868555556
2016,YR2016,St. Martin (French part),MAF,..
2016,YR2016,St. Vincent and the Grenadines,VCT,814303703.7
2016,YR2016,Sudan,SDN,42630376000
2016,YR2016,Suriname,SUR,3317421648
2016,YR2016,Sweden,SWE,5.14218E+11
2016,YR2016,Switzerland,CHE,6.87895E+11
2016,YR2016,Syrian Arab Republic,SYR,12597854877
2016,YR2016,Tajikistan,TJK,6992416097
2016,YR2016,Tanzania,TZA,49774409374
2016,YR2016,Thailand,THA,4.13366E+11
2016,YR2016,Timor-Leste,TLS,1640464600
2016,YR2016,Togo,TGO,6071170959
2016,YR2016,Tonga,TON,420828262.3
2016,YR2016,Trinidad and Tobago,TTO,23722678430
2016,YR2016,Tunisia,TUN,44360072680
2016,YR2016,Turkiye,TUR,8.69683E+11
2016,YR2016,Turkmenistan,TKM,36169428571
2016,YR2016,Turks and Caicos Islands,TCA,1032452000
2016,YR2016,Tuvalu,TUV,41629064.22
2016,YR2016,Uganda,UGA,29203988696
2016,YR2016,Ukraine,UKR,93355869404
2016,YR2016,United Arab Emirates,ARE,3.69255E+11
2016,YR2016,United Kingdom,GBR,2.68911E+12
2016,YR2016,United States,USA,1.88049E+13
2016,YR2016,Uruguay,URY,57480788390
2016,YR2016,Uzbekistan,UZB,86138288644
2016,YR2016,Vanuatu,VUT,780889605.9
2016,YR2016,"Venezuela, RB",VEN,..
2016,YR2016,Viet Nam,VNM,2.57096E+11
2016,YR2016,Virgin Islands (U.S.),VIR,3798000000
2016,YR2016,West Bank and Gaza,PSE,15405400000
2016,YR2016,"Yemen, Rep.",YEM,31317824943
2016,YR2016,Zambia,ZMB,20958412538
2016,YR2016,Zimbabwe,ZWE,20548678100
2016,YR2016,Africa Eastern and Southern,AFE,8.28943E+11
2016,YR2016,Africa Western and Central,AFW,6.94361E+11
2016,YR2016,Arab World,ARB,2.50082E+12
2016,YR2016,Caribbean small states,CSS,33933421225
2016,YR2016,Central Europe and the Baltics,CEB,1.32123E+12
2016,YR2016,Early-demographic dividend,EAR,1.05472E+13
2016,YR2016,East Asia & Pacific,EAS,2.27818E+13
2016,YR2016,East Asia & Pacific (excluding high income),EAP,1.36211E+13
2016,YR2016,East Asia & Pacific (IDA & IBRD countries),TEA,1.36044E+13
2016,YR2016,Euro area,EMU,1.21246E+13
2016,YR2016,Europe & Central Asia,ECS,2.05113E+13
2016,YR2016,Europe & Central Asia (excluding high income),ECA,1.44893E+12
2016,YR2016,Europe & Central Asia (IDA & IBRD countries),TEC,3.49088E+12
2016,YR2016,European Union,EUU,1.39903E+13
2016,YR2016,Fragile and conflict affected situations,FCS,1.48969E+12
2016,YR2016,Heavily indebted poor countries (HIPC),HPC,6.75915E+11
2016,YR2016,High income,HIC,5.08409E+13
2016,YR2016,IBRD only,IBD,2.60327E+13
2016,YR2016,IDA & IBRD total,IBT,2.81856E+13
2016,YR2016,IDA blend,IDB,9.87291E+11
2016,YR2016,IDA only,IDX,1.16459E+12
2016,YR2016,IDA total,IDA,2.15188E+12
2016,YR2016,Late-demographic dividend,LTE,1.86055E+13
2016,YR2016,Latin America & Caribbean,LCN,5.28577E+12
2016,YR2016,Latin America & Caribbean (excluding high income),LAC,4.49698E+12
2016,YR2016,Latin America & the Caribbean (IDA & IBRD countries),TLA,5.05617E+12
2016,YR2016,Least developed countries: UN classification,LDC,9.44492E+11
2016,YR2016,Low & middle income,LMY,2.55971E+13
2016,YR2016,Low income,LIC,3.85207E+11
2016,YR2016,Lower middle income,LMC,5.30401E+12
2016,YR2016,Middle East & North Africa,MEA,3.2362E+12
2016,YR2016,Middle East & North Africa (excluding high income),MNA,1.4978E+12
2016,YR2016,Middle East & North Africa (IDA & IBRD countries),TMN,1.4824E+12
2016,YR2016,Middle income,MIC,2.52117E+13
2016,YR2016,North America,NAC,2.03398E+13
2016,YR2016,Not classified,INX,..
2016,YR2016,OECD members,OED,4.85598E+13
2016,YR2016,Other small states,OSS,1.61593E+11
2016,YR2016,Pacific island small states,PSS,9525520080
2016,YR2016,Post-demographic dividend,PST,4.57842E+13
2016,YR2016,Pre-demographic dividend,PRE,1.16456E+12
2016,YR2016,Small states,SST,2.05052E+11
2016,YR2016,South Asia,SAS,3.01107E+12
2016,YR2016,South Asia (IDA & IBRD),TSA,3.01107E+12
2016,YR2016,Sub-Saharan Africa,SSF,1.5233E+12
2016,YR2016,Sub-Saharan Africa (excluding high income),SSA,1.52174E+12
2016,YR2016,Sub-Saharan Africa (IDA & IBRD countries),TSS,1.5233E+12
2016,YR2016,Upper middle income,UMC,1.99077E+13
2016,YR2016,World,WLD,7.67026E+13
2017,YR2017,Afghanistan,AFG,18753456498
2017,YR2017,Albania,ALB,13019726212
2017,YR2017,Algeria,DZA,1.89881E+11
2017,YR2017,American Samoa,ASM,612000000
2017,YR2017,Andorra,AND,3000162081
2017,YR2017,Angola,AGO,73690154991
2017,YR2017,Antigua and Barbuda,ATG,1531151852
2017,YR2017,Argentina,ARG,6.43628E+11
2017,YR2017,Armenia,ARM,11527458709
2017,YR2017,Aruba,ABW,3092429050
2017,YR2017,Australia,AUS,1.32558E+12
2017,YR2017,Austria,AUT,4.14926E+11
2017,YR2017,Azerbaijan,AZE,40866627352
2017,YR2017,"Bahamas, The",BHS,12236700000
2017,YR2017,Bahrain,BHR,37204813830
2017,YR2017,Bangladesh,BGD,2.93732E+11
2017,YR2017,Barbados,BRB,5517340450
2017,YR2017,Belarus,BLR,54725302250
2017,YR2017,Belgium,BEL,5.00909E+11
2017,YR2017,Belize,BLZ,2266300000
2017,YR2017,Benin,BEN,12701655846
2017,YR2017,Bermuda,BMU,7142316000
2017,YR2017,Bhutan,BTN,2591358010
2017,YR2017,Bolivia,BOL,37508642165
2017,YR2017,Bosnia and Herzegovina,BIH,18326373366
2017,YR2017,Botswana,BWA,16105155857
2017,YR2017,Brazil,BRA,2.06351E+12
2017,YR2017,British Virgin Islands,VGB,..
2017,YR2017,Brunei Darussalam,BRN,12128168047
2017,YR2017,Bulgaria,BGR,59309748166
2017,YR2017,Burkina Faso,BFA,14106955615
2017,YR2017,Burundi,BDI,2723586963
2017,YR2017,Cabo Verde,CPV,1996741545
2017,YR2017,Cambodia,KHM,29355665910
2017,YR2017,Cameroon,CMR,36098547033
2017,YR2017,Canada,CAN,1.64927E+12
2017,YR2017,Cayman Islands,CYM,5166281305
2017,YR2017,Central African Republic,CAF,2072349973
2017,YR2017,Chad,TCD,10000394381
2017,YR2017,Channel Islands,CHI,9170079926
2017,YR2017,Chile,CHL,2.76154E+11
2017,YR2017,China,CHN,1.23105E+13
2017,YR2017,Colombia,COL,3.11867E+11
2017,YR2017,Comoros,COM,1077439757
2017,YR2017,"Congo, Dem. Rep.",COD,38019264795
2017,YR2017,"Congo, Rep.",COG,11834473039
2017,YR2017,Costa Rica,CRI,60516044657
2017,YR2017,Cote d'Ivoire,CIV,52512343997
2017,YR2017,Croatia,HRV,56186190438
2017,YR2017,Cuba,CUB,96850649692
2017,YR2017,Curacao,CUW,3033433240
2017,YR2017,Cyprus,CYP,22946570629
2017,YR2017,Czechia,CZE,2.21564E+11
2017,YR2017,Denmark,DNK,3.31611E+11
2017,YR2017,Djibouti,DJI,2762581334
2017,YR2017,Dominica,DMA,521551851.9
2017,YR2017,Dominican Republic,DOM,79998046306
2017,YR2017,Ecuador,ECU,1.04467E+11
2017,YR2017,"Egypt, Arab Rep.",EGY,2.48363E+11
2017,YR2017,El Salvador,SLV,24979190000
2017,YR2017,Equatorial Guinea,GNQ,12200913879
2017,YR2017,Eritrea,ERI,..
2017,YR2017,Estonia,EST,27469461919
2017,YR2017,Eswatini,SWZ,4437538381
2017,YR2017,Ethiopia,ETH,81770886826
2017,YR2017,Faroe Islands,FRO,2980057378
2017,YR2017,Fiji,FJI,5353469171
2017,YR2017,Finland,FIN,2.53846E+11
2017,YR2017,France,FRA,2.58887E+12
2017,YR2017,French Polynesia,PYF,5833352693
2017,YR2017,Gabon,GAB,14929487485
2017,YR2017,"Gambia, The",GMB,1504909463
2017,YR2017,Georgia,GEO,16473125375
2017,YR2017,Germany,DEU,3.76309E+12
2017,YR2017,Ghana,GHA,60405924079
2017,YR2017,Gibraltar,GIB,..
2017,YR2017,Greece,GRC,2.00381E+11
2017,YR2017,Greenland,GRL,2851613679
2017,YR2017,Grenada,GRD,1125685185
2017,YR2017,Guam,GUM,6013000000
2017,YR2017,Guatemala,GTM,71653754066
2017,YR2017,Guinea,GIN,10324668271
2017,YR2017,Guinea-Bissau,GNB,1469978606
2017,YR2017,Guyana,GUY,4748174334
2017,YR2017,Haiti,HTI,15093357161
2017,YR2017,Honduras,HND,23136247991
2017,YR2017,"Hong Kong SAR, China",HKG,3.41273E+11
2017,YR2017,Hungary,HUN,1.43112E+11
2017,YR2017,Iceland,ISL,24728285177
2017,YR2017,India,IND,2.65147E+12
2017,YR2017,Indonesia,IDN,1.01562E+12
2017,YR2017,"Iran, Islamic Rep.",IRN,4.89169E+11
2017,YR2017,Iraq,IRQ,1.87218E+11
2017,YR2017,Ireland,IRL,3.48532E+11
2017,YR2017,Isle of Man,IMN,6979788334
2017,YR2017,Israel,ISR,3.57227E+11
2017,YR2017,Italy,ITA,1.97072E+12
2017,YR2017,Jamaica,JAM,14808985171
2017,YR2017,Japan,JPN,4.93084E+12
2017,YR2017,Jordan,JOR,41608435915
2017,YR2017,Kazakhstan,KAZ,1.66806E+11
2017,YR2017,Kenya,KEN,82036510877
2017,YR2017,Kiribati,KIR,222875724.7
2017,YR2017,"Korea, Dem. People's Rep.",PRK,..
2017,YR2017,"Korea, Rep.",KOR,1.62307E+12
2017,YR2017,Kosovo,XKX,7180764703
2017,YR2017,Kuwait,KWT,1.20688E+11
2017,YR2017,Kyrgyz Republic,KGZ,7702938379
2017,YR2017,Lao PDR,LAO,17071155481
2017,YR2017,Latvia,LVA,29391059767
2017,YR2017,Lebanon,LBN,53027680686
2017,YR2017,Lesotho,LSO,2306741672
2017,YR2017,Liberia,LBR,3390703400
2017,YR2017,Libya,LBY,67157452182
2017,YR2017,Liechtenstein,LIE,6474308718
2017,YR2017,Lithuania,LTU,47756764508
2017,YR2017,Luxembourg,LUX,65712180343
2017,YR2017,"Macao SAR, China",MAC,50383871121
2017,YR2017,Madagascar,MDG,13176313594
2017,YR2017,Malawi,MWI,8943543794
2017,YR2017,Malaysia,MYS,3.19109E+11
2017,YR2017,Maldives,MDV,4816426257
2017,YR2017,Mali,MLI,15365713048
2017,YR2017,Malta,MLT,14161366724
2017,YR2017,Marshall Islands,MHL,213700000
2017,YR2017,Mauritania,MRT,6800135898
2017,YR2017,Mauritius,MUS,13713506131
2017,YR2017,Mexico,MEX,1.19072E+12
2017,YR2017,"Micronesia, Fed. Sts.",FSM,359000000
2017,YR2017,Moldova,MDA,9514404016
2017,YR2017,Monaco,MCO,6430254653
2017,YR2017,Mongolia,MNG,11480847741
2017,YR2017,Montenegro,MNE,4856599481
2017,YR2017,Morocco,MAR,1.18541E+11
2017,YR2017,Mozambique,MOZ,13264640646
2017,YR2017,Myanmar,MMR,66053040483
2017,YR2017,Namibia,NAM,12895153371
2017,YR2017,Nauru,NRU,108862278.5
2017,YR2017,Nepal,NPL,28971588940
2017,YR2017,Netherlands,NLD,8.48234E+11
2017,YR2017,New Caledonia,NCL,9174048682
2017,YR2017,New Zealand,NZL,2.06567E+11
2017,YR2017,Nicaragua,NIC,13785924216
2017,YR2017,Niger,NER,11185104252
2017,YR2017,Nigeria,NGA,3.75746E+11
2017,YR2017,North Macedonia,MKD,11307067070
2017,YR2017,Northern Mariana Islands,MNP,1560000000
2017,YR2017,Norway,NOR,4.01745E+11
2017,YR2017,Oman,OMN,80856697009
2017,YR2017,Pakistan,PAK,3.39206E+11
2017,YR2017,Palau,PLW,285600000
2017,YR2017,Panama,PAN,64327688800
2017,YR2017,Papua New Guinea,PNG,22742699138
2017,YR2017,Paraguay,PRY,38997129474
2017,YR2017,Peru,PER,2.11008E+11
2017,YR2017,Philippines,PHL,3.28481E+11
2017,YR2017,Poland,POL,5.28357E+11
2017,YR2017,Portugal,PRT,2.20863E+11
2017,YR2017,Puerto Rico,PRI,1.03446E+11
2017,YR2017,Qatar,QAT,1.61099E+11
2017,YR2017,Romania,ROU,2.10147E+11
2017,YR2017,Russian Federation,RUS,1.5742E+12
2017,YR2017,Rwanda,RWA,9252834336
2017,YR2017,Samoa,WSM,884844384.5
2017,YR2017,San Marino,SMR,1528620346
2017,YR2017,Sao Tome and Principe,STP,322002845.2
2017,YR2017,Saudi Arabia,SAU,7.14995E+11
2017,YR2017,Senegal,SEN,20996562944
2017,YR2017,Serbia,SRB,45972834714
2017,YR2017,Seychelles,SYC,1675370641
2017,YR2017,Sierra Leone,SLE,5818480352
2017,YR2017,Singapore,SGP,3.43257E+11
2017,YR2017,Sint Maarten (Dutch part),SXM,1353212123
2017,YR2017,Slovak Republic,SVK,95978130735
2017,YR2017,Slovenia,SVN,48153200135
2017,YR2017,Solomon Islands,SLB,1469789119
2017,YR2017,Somalia,SOM,7621501720
2017,YR2017,South Africa,ZAF,3.81449E+11
2017,YR2017,South Sudan,SSD,..
2017,YR2017,Spain,ESP,1.32175E+12
2017,YR2017,Sri Lanka,LKA,94376237797
2017,YR2017,St. Kitts and Nevis,KNA,1056977778
2017,YR2017,St. Lucia,LCA,1998518519
2017,YR2017,St. Martin (French part),MAF,..
2017,YR2017,St. Vincent and the Grenadines,VCT,844040740.7
2017,YR2017,Sudan,SDN,41283617976
2017,YR2017,Suriname,SUR,3591679431
2017,YR2017,Sweden,SWE,5.36084E+11
2017,YR2017,Switzerland,CHE,6.95201E+11
2017,YR2017,Syrian Arab Republic,SYR,16369843352
2017,YR2017,Tajikistan,TJK,7536402853
2017,YR2017,Tanzania,TZA,53274884533
2017,YR2017,Thailand,THA,4.56357E+11
2017,YR2017,Timor-Leste,TLS,1584878400
2017,YR2017,Togo,TGO,6387422518
2017,YR2017,Tonga,TON,459976850.3
2017,YR2017,Trinidad and Tobago,TTO,24040211327
2017,YR2017,Tunisia,TUN,42163530591
2017,YR2017,Turkiye,TUR,8.58988E+11
2017,YR2017,Turkmenistan,TKM,37926285714
2017,YR2017,Turks and Caicos Islands,TCA,1028941663
2017,YR2017,Tuvalu,TUV,45276595.35
2017,YR2017,Uganda,UGA,30744473841
2017,YR2017,Ukraine,UKR,1.12091E+11
2017,YR2017,United Arab Emirates,ARE,3.90517E+11
2017,YR2017,United Kingdom,GBR,2.68015E+12
2017,YR2017,United States,USA,1.96121E+13
2017,YR2017,Uruguay,URY,65006039995
2017,YR2017,Uzbekistan,UZB,69703222283
2017,YR2017,Vanuatu,VUT,880061833.7
2017,YR2017,"Venezuela, RB",VEN,..
2017,YR2017,Viet Nam,VNM,2.81354E+11
2017,YR2017,Virgin Islands (U.S.),VIR,3794000000
2017,YR2017,West Bank and Gaza,PSE,16128000000
2017,YR2017,"Yemen, Rep.",YEM,26842228829
2017,YR2017,Zambia,ZMB,25873601261
2017,YR2017,Zimbabwe,ZWE,51074660513
2017,YR2017,Africa Eastern and Southern,AFE,9.72999E+11
2017,YR2017,Africa Western and Central,AFW,6.87849E+11
2017,YR2017,Arab World,ARB,2.5722E+12
2017,YR2017,Caribbean small states,CSS,35438120141
2017,YR2017,Central Europe and the Baltics,CEB,1.46742E+12
2017,YR2017,Early-demographic dividend,EAR,1.14486E+13
2017,YR2017,East Asia & Pacific,EAS,2.4335E+13
2017,YR2017,East Asia & Pacific (excluding high income),EAP,1.48883E+13
2017,YR2017,East Asia & Pacific (IDA & IBRD countries),TEA,1.487E+13
2017,YR2017,Euro area,EMU,1.28399E+13
2017,YR2017,Europe & Central Asia,ECS,2.17659E+13
2017,YR2017,Europe & Central Asia (excluding high income),ECA,1.49452E+12
2017,YR2017,Europe & Central Asia (IDA & IBRD countries),TEC,3.92272E+12
2017,YR2017,European Union,EUU,1.48701E+13
2017,YR2017,Fragile and conflict affected situations,FCS,1.58884E+12
2017,YR2017,Heavily indebted poor countries (HIPC),HPC,7.26226E+11
2017,YR2017,High income,HIC,5.34432E+13
2017,YR2017,IBRD only,IBD,2.87523E+13
2017,YR2017,IDA & IBRD total,IBT,3.1021E+13
2017,YR2017,IDA blend,IDB,1.01216E+12
2017,YR2017,IDA only,IDX,1.25638E+12
2017,YR2017,IDA total,IDA,2.26854E+12
2017,YR2017,Late-demographic dividend,LTE,2.06477E+13
2017,YR2017,Latin America & Caribbean,LCN,5.86926E+12
2017,YR2017,Latin America & Caribbean (excluding high income),LAC,5.01288E+12
2017,YR2017,Latin America & the Caribbean (IDA & IBRD countries),TLA,5.63473E+12
2017,YR2017,Least developed countries: UN classification,LDC,1.0337E+12
2017,YR2017,Low & middle income,LMY,2.79874E+13
2017,YR2017,Low income,LIC,4.03454E+11
2017,YR2017,Lower middle income,LMC,5.74138E+12
2017,YR2017,Middle East & North Africa,MEA,3.37598E+12
2017,YR2017,Middle East & North Africa (excluding high income),MNA,1.49923E+12
2017,YR2017,Middle East & North Africa (IDA & IBRD countries),TMN,1.4831E+12
2017,YR2017,Middle income,MIC,2.7583E+13
2017,YR2017,North America,NAC,2.12685E+13
2017,YR2017,Not classified,INX,..
2017,YR2017,OECD members,OED,5.0712E+13
2017,YR2017,Other small states,OSS,1.80002E+11
2017,YR2017,Pacific island small states,PSS,10283468244
2017,YR2017,Post-demographic dividend,PST,4.77557E+13
2017,YR2017,Pre-demographic dividend,PRE,1.21607E+12
2017,YR2017,Small states,SST,2.25723E+11
2017,YR2017,South Asia,SAS,3.43392E+12
2017,YR2017,South Asia (IDA & IBRD),TSA,3.43392E+12
2017,YR2017,Sub-Saharan Africa,SSF,1.66085E+12
2017,YR2017,Sub-Saharan Africa (excluding high income),SSA,1.65917E+12
2017,YR2017,Sub-Saharan Africa (IDA & IBRD countries),TSS,1.66085E+12
2017,YR2017,Upper middle income,UMC,2.18416E+13
2017,YR2017,World,WLD,8.1712E+13
2018,YR2018,Afghanistan,AFG,18053222687
2018,YR2018,Albania,ALB,15379509892
2018,YR2018,Algeria,DZA,1.94554E+11
2018,YR2018,American Samoa,ASM,639000000
2018,YR2018,Andorra,AND,3218419897
2018,YR2018,Angola,AGO,79450688259
2018,YR2018,Antigua and Barbuda,ATG,1661529630
2018,YR2018,Argentina,ARG,5.2482E+11
2018,YR2018,Armenia,ARM,12457940695
2018,YR2018,Aruba,ABW,3276184358
2018,YR2018,Australia,AUS,1.42781E+12
2018,YR2018,Austria,AUT,4.52582E+11
2018,YR2018,Azerbaijan,AZE,47112470052
2018,YR2018,"Bahamas, The",BHS,12615800000
2018,YR2018,Bahrain,BHR,39567978723
2018,YR2018,Bangladesh,BGD,3.21363E+11
2018,YR2018,Barbados,BRB,5629916200
2018,YR2018,Belarus,BLR,60031173808
2018,YR2018,Belgium,BEL,5.42639E+11
2018,YR2018,Belize,BLZ,2293250000
2018,YR2018,Benin,BEN,14262408080
2018,YR2018,Bermuda,BMU,7225977000
2018,YR2018,Bhutan,BTN,2583335721
2018,YR2018,Bolivia,BOL,40287647930
2018,YR2018,Bosnia and Herzegovina,BIH,20484053869
2018,YR2018,Botswana,BWA,17031943186
2018,YR2018,Brazil,BRA,1.91693E+12
2018,YR2018,British Virgin Islands,VGB,..
2018,YR2018,Brunei Darussalam,BRN,13566908401
2018,YR2018,Bulgaria,BGR,66289266349
2018,YR2018,Burkina Faso,BFA,15890066221
2018,YR2018,Burundi,BDI,2667182200
2018,YR2018,Cabo Verde,CPV,2205099509
2018,YR2018,Cambodia,KHM,33145892169
2018,YR2018,Cameroon,CMR,39955552190
2018,YR2018,Canada,CAN,1.72533E+12
2018,YR2018,Cayman Islands,CYM,5530178441
2018,YR2018,Central African Republic,CAF,2220979146
2018,YR2018,Chad,TCD,11239167898
2018,YR2018,Channel Islands,CHI,10026153345
2018,YR2018,Chile,CHL,2.95858E+11
2018,YR2018,China,CHN,1.38949E+13
2018,YR2018,Colombia,COL,3.34198E+11
2018,YR2018,Comoros,COM,1188797449
2018,YR2018,"Congo, Dem. Rep.",COD,47568210010
2018,YR2018,"Congo, Rep.",COG,14773900289
2018,YR2018,Costa Rica,CRI,62420164992
2018,YR2018,Cote d'Ivoire,CIV,58522477787
2018,YR2018,Croatia,HRV,61668130123
2018,YR2018,Cuba,CUB,1.0005E+11
2018,YR2018,Curacao,CUW,3046364804
2018,YR2018,Cyprus,CYP,25754001368
2018,YR2018,Czechia,CZE,2.51992E+11
2018,YR2018,Denmark,DNK,3.55293E+11
2018,YR2018,Djibouti,DJI,2913466732
2018,YR2018,Dominica,DMA,554770370.4
2018,YR2018,Dominican Republic,DOM,85555390139
2018,YR2018,Ecuador,ECU,1.07479E+11
2018,YR2018,"Egypt, Arab Rep.",EGY,2.62589E+11
2018,YR2018,El Salvador,SLV,26020850000
2018,YR2018,Equatorial Guinea,GNQ,13097012134
2018,YR2018,Eritrea,ERI,..
2018,YR2018,Estonia,EST,31222632741
2018,YR2018,Eswatini,SWZ,4659474400
2018,YR2018,Ethiopia,ETH,84269196626
2018,YR2018,Faroe Islands,FRO,3188600927
2018,YR2018,Fiji,FJI,5581425325
2018,YR2018,Finland,FIN,2.73869E+11
2018,YR2018,France,FRA,2.78158E+12
2018,YR2018,French Polynesia,PYF,6135116253
2018,YR2018,Gabon,GAB,16867326402
2018,YR2018,"Gambia, The",GMB,1670671328
2018,YR2018,Georgia,GEO,17902544881
2018,YR2018,Germany,DEU,4.05201E+12
2018,YR2018,Ghana,GHA,67298914624
2018,YR2018,Gibraltar,GIB,..
2018,YR2018,Greece,GRC,2.13299E+11
2018,YR2018,Greenland,GRL,3055782146
2018,YR2018,Grenada,GRD,1166514815
2018,YR2018,Guam,GUM,6051000000
2018,YR2018,Guatemala,GTM,73328365862
2018,YR2018,Guinea,GIN,11857030367
2018,YR2018,Guinea-Bissau,GNB,1554133594
2018,YR2018,Guyana,GUY,4787636998
2018,YR2018,Haiti,HTI,16403864618
2018,YR2018,Honduras,HND,24067750760
2018,YR2018,"Hong Kong SAR, China",HKG,3.61731E+11
2018,YR2018,Hungary,HUN,1.60566E+11
2018,YR2018,Iceland,ISL,26260850582
2018,YR2018,India,IND,2.70293E+12
2018,YR2018,Indonesia,IDN,1.04227E+12
2018,YR2018,"Iran, Islamic Rep.",IRN,3.9888E+11
2018,YR2018,Iraq,IRQ,2.27367E+11
2018,YR2018,Ireland,IRL,3.95461E+11
2018,YR2018,Isle of Man,IMN,7491649456
2018,YR2018,Israel,ISR,3.7515E+11
2018,YR2018,Italy,ITA,2.09944E+12
2018,YR2018,Jamaica,JAM,15730792836
2018,YR2018,Japan,JPN,5.04088E+12
2018,YR2018,Jordan,JOR,43370860704
2018,YR2018,Kazakhstan,KAZ,1.7934E+11
2018,YR2018,Kenya,KEN,92202979985
2018,YR2018,Kiribati,KIR,233514703.7
2018,YR2018,"Korea, Dem. People's Rep.",PRK,..
2018,YR2018,"Korea, Rep.",KOR,1.72537E+12
2018,YR2018,Kosovo,XKX,7878759715
2018,YR2018,Kuwait,KWT,1.38646E+11
2018,YR2018,Kyrgyz Republic,KGZ,8271106235
2018,YR2018,Lao PDR,LAO,18141641090
2018,YR2018,Latvia,LVA,33247935477
2018,YR2018,Lebanon,LBN,54901519156
2018,YR2018,Lesotho,LSO,2556247292
2018,YR2018,Liberia,LBR,3422754800
2018,YR2018,Libya,LBY,76686029772
2018,YR2018,Liechtenstein,LIE,6692620692
2018,YR2018,Lithuania,LTU,54261795149
2018,YR2018,Luxembourg,LUX,71000359760
2018,YR2018,"Macao SAR, China",MAC,55190661340
2018,YR2018,Madagascar,MDG,13760033282
2018,YR2018,Malawi,MWI,9879231592
2018,YR2018,Malaysia,MYS,3.58789E+11
2018,YR2018,Maldives,MDV,5404344163
2018,YR2018,Mali,MLI,17070867590
2018,YR2018,Malta,MLT,16153779511
2018,YR2018,Marshall Islands,MHL,220000000
2018,YR2018,Mauritania,MRT,7473550557
2018,YR2018,Mauritius,MUS,14735695931
2018,YR2018,Mexico,MEX,1.2563E+12
2018,YR2018,"Micronesia, Fed. Sts.",FSM,392000000
2018,YR2018,Moldova,MDA,11252353421
2018,YR2018,Monaco,MCO,7184333936
2018,YR2018,Mongolia,MNG,13178094720
2018,YR2018,Montenegro,MNE,5506942238
2018,YR2018,Morocco,MAR,1.27341E+11
2018,YR2018,Mozambique,MOZ,15017358953
2018,YR2018,Myanmar,MMR,67860515990
2018,YR2018,Namibia,NAM,13682019076
2018,YR2018,Nauru,NRU,130937589.8
2018,YR2018,Nepal,NPL,33111525237
2018,YR2018,Netherlands,NLD,9.29734E+11
2018,YR2018,New Caledonia,NCL,9896402284
2018,YR2018,New Zealand,NZL,2.11847E+11
2018,YR2018,Nicaragua,NIC,13025234821
2018,YR2018,Niger,NER,12837307497
2018,YR2018,Nigeria,NGA,4.21739E+11
2018,YR2018,North Macedonia,MKD,12683068114
2018,YR2018,Northern Mariana Islands,MNP,1301000000
2018,YR2018,Norway,NOR,4.39789E+11
2018,YR2018,Oman,OMN,91505851756
2018,YR2018,Pakistan,PAK,3.56128E+11
2018,YR2018,Palau,PLW,288546281.3
2018,YR2018,Panama,PAN,67316471200
2018,YR2018,Papua New Guinea,PNG,24109780708
2018,YR2018,Paraguay,PRY,40225448341
2018,YR2018,Peru,PER,2.22597E+11
2018,YR2018,Philippines,PHL,3.46842E+11
2018,YR2018,Poland,POL,5.94617E+11
2018,YR2018,Portugal,PRT,2.42093E+11
2018,YR2018,Puerto Rico,PRI,1.00958E+11
2018,YR2018,Qatar,QAT,1.83335E+11
2018,YR2018,Romania,ROU,2.43469E+11
2018,YR2018,Russian Federation,RUS,1.65733E+12
2018,YR2018,Rwanda,RWA,9637904655
2018,YR2018,Samoa,WSM,878448433.4
2018,YR2018,San Marino,SMR,1655353653
2018,YR2018,Sao Tome and Principe,STP,383717327.8
2018,YR2018,Saudi Arabia,SAU,8.46584E+11
2018,YR2018,Senegal,SEN,23116701556
2018,YR2018,Serbia,SRB,52787520249
2018,YR2018,Seychelles,SYC,1784313927
2018,YR2018,Sierra Leone,SLE,6390514689
2018,YR2018,Singapore,SGP,3.76893E+11
2018,YR2018,Sint Maarten (Dutch part),SXM,1259200447
2018,YR2018,Slovak Republic,SVK,1.06612E+11
2018,YR2018,Slovenia,SVN,53689067640
2018,YR2018,Solomon Islands,SLB,1615478393
2018,YR2018,Somalia,SOM,7873440838
2018,YR2018,South Africa,ZAF,4.05261E+11
2018,YR2018,South Sudan,SSD,..
2018,YR2018,Spain,ESP,1.43164E+12
2018,YR2018,Sri Lanka,LKA,94493871201
2018,YR2018,St. Kitts and Nevis,KNA,1076548148
2018,YR2018,St. Lucia,LCA,2060962963
2018,YR2018,St. Martin (French part),MAF,..
2018,YR2018,St. Vincent and the Grenadines,VCT,884329629.6
2018,YR2018,Sudan,SDN,32333780383
2018,YR2018,Suriname,SUR,3996198867
2018,YR2018,Sweden,SWE,5.51312E+11
2018,YR2018,Switzerland,CHE,7.25569E+11
2018,YR2018,Syrian Arab Republic,SYR,21497782868
2018,YR2018,Tajikistan,TJK,7764999999
2018,YR2018,Tanzania,TZA,57003712892
2018,YR2018,Thailand,THA,5.06754E+11
2018,YR2018,Timor-Leste,TLS,1555988600
2018,YR2018,Togo,TGO,7029300383
2018,YR2018,Tonga,TON,489714518
2018,YR2018,Trinidad and Tobago,TTO,24569257295
2018,YR2018,Tunisia,TUN,42686504460
2018,YR2018,Turkiye,TUR,7.78972E+11
2018,YR2018,Turkmenistan,TKM,40765428571
2018,YR2018,Turks and Caicos Islands,TCA,1128749005
2018,YR2018,Tuvalu,TUV,48015259.88
2018,YR2018,Uganda,UGA,32927025620
2018,YR2018,Ukraine,UKR,1.30891E+11
2018,YR2018,United Arab Emirates,ARE,4.27049E+11
2018,YR2018,United Kingdom,GBR,2.87134E+12
2018,YR2018,United States,USA,2.06565E+13
2018,YR2018,Uruguay,URY,65344576348
2018,YR2018,Uzbekistan,UZB,58695899092
2018,YR2018,Vanuatu,VUT,914736985.4
2018,YR2018,"Venezuela, RB",VEN,..
2018,YR2018,Viet Nam,VNM,3.10106E+11
2018,YR2018,Virgin Islands (U.S.),VIR,3923000000
2018,YR2018,West Bank and Gaza,PSE,16276600000
2018,YR2018,"Yemen, Rep.",YEM,21606160784
2018,YR2018,Zambia,ZMB,26311507274
2018,YR2018,Zimbabwe,ZWE,34156069918
2018,YR2018,Africa Eastern and Southern,AFE,1.01231E+12
2018,YR2018,Africa Western and Central,AFW,7.70495E+11
2018,YR2018,Arab World,ARB,2.86735E+12
2018,YR2018,Caribbean small states,CSS,36727457620
2018,YR2018,Central Europe and the Baltics,CEB,1.65763E+12
2018,YR2018,Early-demographic dividend,EAR,1.16105E+13
2018,YR2018,East Asia & Pacific,EAS,2.64945E+13
2018,YR2018,East Asia & Pacific (excluding high income),EAP,1.66489E+13
2018,YR2018,East Asia & Pacific (IDA & IBRD countries),TEA,1.66285E+13
2018,YR2018,Euro area,EMU,1.38679E+13
2018,YR2018,Europe & Central Asia,ECS,2.33063E+13
2018,YR2018,Europe & Central Asia (excluding high income),ECA,1.46818E+12
2018,YR2018,Europe & Central Asia (IDA & IBRD countries),TEC,4.09155E+12
2018,YR2018,European Union,EUU,1.60915E+13
2018,YR2018,Fragile and conflict affected situations,FCS,1.73469E+12
2018,YR2018,Heavily indebted poor countries (HIPC),HPC,7.76506E+11
2018,YR2018,High income,HIC,5.6794E+13
2018,YR2018,IBRD only,IBD,3.06539E+13
2018,YR2018,IDA & IBRD total,IBT,3.30591E+13
2018,YR2018,IDA blend,IDB,1.06672E+12
2018,YR2018,IDA only,IDX,1.33836E+12
2018,YR2018,IDA total,IDA,2.40508E+12
2018,YR2018,Late-demographic dividend,LTE,2.26413E+13
2018,YR2018,Latin America & Caribbean,LCN,5.74319E+12
2018,YR2018,Latin America & Caribbean (excluding high income),LAC,4.8704E+12
2018,YR2018,Latin America & the Caribbean (IDA & IBRD countries),TLA,5.50662E+12
2018,YR2018,Least developed countries: UN classification,LDC,1.10088E+12
2018,YR2018,Low & middle income,LMY,2.97916E+13
2018,YR2018,Low income,LIC,4.20211E+11
2018,YR2018,Lower middle income,LMC,5.99412E+12
2018,YR2018,Middle East & North Africa,MEA,3.60866E+12
2018,YR2018,Middle East & North Africa (excluding high income),MNA,1.49067E+12
2018,YR2018,Middle East & North Africa (IDA & IBRD countries),TMN,1.47439E+12
2018,YR2018,Middle income,MIC,2.937E+13
2018,YR2018,North America,NAC,2.23891E+13
2018,YR2018,Not classified,INX,..
2018,YR2018,OECD members,OED,5.36318E+13
2018,YR2018,Other small states,OSS,1.97103E+11
2018,YR2018,Pacific island small states,PSS,10792829234
2018,YR2018,Post-demographic dividend,PST,5.05981E+13
2018,YR2018,Pre-demographic dividend,PRE,1.35525E+12
2018,YR2018,Small states,SST,2.44623E+11
2018,YR2018,South Asia,SAS,3.53407E+12
2018,YR2018,South Asia (IDA & IBRD),TSA,3.53407E+12
2018,YR2018,Sub-Saharan Africa,SSF,1.7828E+12
2018,YR2018,Sub-Saharan Africa (excluding high income),SSA,1.78102E+12
2018,YR2018,Sub-Saharan Africa (IDA & IBRD countries),TSS,1.7828E+12
2018,YR2018,Upper middle income,UMC,2.33759E+13
2018,YR2018,World,WLD,8.68848E+13
2019,YR2019,Afghanistan,AFG,18799444490
2019,YR2019,Albania,ALB,15585105131
2019,YR2019,Algeria,DZA,1.9346E+11
2019,YR2019,American Samoa,ASM,647000000
2019,YR2019,Andorra,AND,3155149348
2019,YR2019,Angola,AGO,70897962732
2019,YR2019,Antigua and Barbuda,ATG,1725351852
2019,YR2019,Argentina,ARG,4.47755E+11
2019,YR2019,Armenia,ARM,13619290539
2019,YR2019,Aruba,ABW,3395798883
2019,YR2019,Australia,AUS,1.39272E+12
2019,YR2019,Austria,AUT,4.42984E+11
2019,YR2019,Azerbaijan,AZE,48174235294
2019,YR2019,"Bahamas, The",BHS,13016200000
2019,YR2019,Bahrain,BHR,40446808511
2019,YR2019,Bangladesh,BGD,3.51232E+11
2019,YR2019,Barbados,BRB,5788288000
2019,YR2019,Belarus,BLR,64410122847
2019,YR2019,Belgium,BEL,5.36726E+11
2019,YR2019,Belize,BLZ,2388300000
2019,YR2019,Benin,BEN,14391686309
2019,YR2019,Bermuda,BMU,7423465000
2019,YR2019,Bhutan,BTN,2735683570
2019,YR2019,Bolivia,BOL,40895322844
2019,YR2019,Bosnia and Herzegovina,BIH,20482608755
2019,YR2019,Botswana,BWA,16725908149
2019,YR2019,Brazil,BRA,1.87329E+12
2019,YR2019,British Virgin Islands,VGB,..
2019,YR2019,Brunei Darussalam,BRN,13469235348
2019,YR2019,Bulgaria,BGR,68631726289
2019,YR2019,Burkina Faso,BFA,16032813503
2019,YR2019,Burundi,BDI,2576518880
2019,YR2019,Cabo Verde,CPV,2252177134
2019,YR2019,Cambodia,KHM,36685356408
2019,YR2019,Cameroon,CMR,39667757528
2019,YR2019,Canada,CAN,1.74373E+12
2019,YR2019,Cayman Islands,CYM,5941896608
2019,YR2019,Central African Republic,CAF,2221301351
2019,YR2019,Chad,TCD,11314951092
2019,YR2019,Channel Islands,CHI,10032440928
2019,YR2019,Chile,CHL,2.78285E+11
2019,YR2019,China,CHN,1.428E+13
2019,YR2019,Colombia,COL,3.23032E+11
2019,YR2019,Comoros,COM,1195019532
2019,YR2019,"Congo, Dem. Rep.",COD,51775829877
2019,YR2019,"Congo, Rep.",COG,13976637780
2019,YR2019,Costa Rica,CRI,64417670521
2019,YR2019,Cote d'Ivoire,CIV,60382894697
2019,YR2019,Croatia,HRV,61467582194
2019,YR2019,Cuba,CUB,1.03428E+11
2019,YR2019,Curacao,CUW,3026124134
2019,YR2019,Cyprus,CYP,26196667100
2019,YR2019,Czechia,CZE,2.56794E+11
2019,YR2019,Denmark,DNK,3.45401E+11
2019,YR2019,Djibouti,DJI,3088853639
2019,YR2019,Dominica,DMA,611537037
2019,YR2019,Dominican Republic,DOM,88941372558
2019,YR2019,Ecuador,ECU,1.07596E+11
2019,YR2019,"Egypt, Arab Rep.",EGY,3.18679E+11
2019,YR2019,El Salvador,SLV,26881140000
2019,YR2019,Equatorial Guinea,GNQ,11364133550
2019,YR2019,Eritrea,ERI,..
2019,YR2019,Estonia,EST,31873748770
2019,YR2019,Eswatini,SWZ,4594818143
2019,YR2019,Ethiopia,ETH,95912607722
2019,YR2019,Faroe Islands,FRO,3266432734
2019,YR2019,Fiji,FJI,5444407214
2019,YR2019,Finland,FIN,2.67015E+11
2019,YR2019,France,FRA,2.72279E+12
2019,YR2019,French Polynesia,PYF,6022276196
2019,YR2019,Gabon,GAB,16874405465
2019,YR2019,"Gambia, The",GMB,1813609692
2019,YR2019,Georgia,GEO,17638337117
2019,YR2019,Germany,DEU,3.95721E+12
2019,YR2019,Ghana,GHA,68337969248
2019,YR2019,Gibraltar,GIB,..
2019,YR2019,Greece,GRC,2.07306E+11
2019,YR2019,Greenland,GRL,2997309972
2019,YR2019,Grenada,GRD,1213485185
2019,YR2019,Guam,GUM,6355000000
2019,YR2019,Guatemala,GTM,77172317259
2019,YR2019,Guinea,GIN,13442861496
2019,YR2019,Guinea-Bissau,GNB,1588638854
2019,YR2019,Guyana,GUY,5173760192
2019,YR2019,Haiti,HTI,15016090930
2019,YR2019,Honduras,HND,24882225742
2019,YR2019,"Hong Kong SAR, China",HKG,3.63075E+11
2019,YR2019,Hungary,HUN,1.6402E+11
2019,YR2019,Iceland,ISL,24681343649
2019,YR2019,India,IND,2.83561E+12
2019,YR2019,Indonesia,IDN,1.1191E+12
2019,YR2019,"Iran, Islamic Rep.",IRN,3.33519E+11
2019,YR2019,Iraq,IRQ,2.33636E+11
2019,YR2019,Ireland,IRL,4.07125E+11
2019,YR2019,Isle of Man,IMN,7314967866
2019,YR2019,Israel,ISR,3.99651E+11
2019,YR2019,Italy,ITA,2.01961E+12
2019,YR2019,Jamaica,JAM,15830766571
2019,YR2019,Japan,JPN,5.11799E+12
2019,YR2019,Jordan,JOR,44503006338
2019,YR2019,Kazakhstan,KAZ,1.81667E+11
2019,YR2019,Kenya,KEN,1.00378E+11
2019,YR2019,Kiribati,KIR,216985362.3
2019,YR2019,"Korea, Dem. People's Rep.",PRK,..
2019,YR2019,"Korea, Rep.",KOR,1.65142E+12
2019,YR2019,Kosovo,XKX,7899737577
2019,YR2019,Kuwait,KWT,1.40856E+11
2019,YR2019,Kyrgyz Republic,KGZ,9371275264
2019,YR2019,Lao PDR,LAO,18740561513
2019,YR2019,Latvia,LVA,33099503951
2019,YR2019,Lebanon,LBN,51605959131
2019,YR2019,Lesotho,LSO,2390702296
2019,YR2019,Liberia,LBR,3319596500
2019,YR2019,Libya,LBY,69254496472
2019,YR2019,Liechtenstein,LIE,6436467007
2019,YR2019,Lithuania,LTU,55122066226
2019,YR2019,Luxembourg,LUX,69890505324
2019,YR2019,"Macao SAR, China",MAC,55082293844
2019,YR2019,Madagascar,MDG,14104664679
2019,YR2019,Malawi,MWI,11051865580
2019,YR2019,Malaysia,MYS,3.65178E+11
2019,YR2019,Maldives,MDV,5726094799
2019,YR2019,Mali,MLI,17280250810
2019,YR2019,Malta,MLT,16337793531
2019,YR2019,Marshall Islands,MHL,232900000
2019,YR2019,Mauritania,MRT,7894764886
2019,YR2019,Mauritius,MUS,14436346980
2019,YR2019,Mexico,MEX,1.30411E+12
2019,YR2019,"Micronesia, Fed. Sts.",FSM,394000000
2019,YR2019,Moldova,MDA,11736797055
2019,YR2019,Monaco,MCO,7383496254
2019,YR2019,Mongolia,MNG,14206359018
2019,YR2019,Montenegro,MNE,5542054181
2019,YR2019,Morocco,MAR,1.2892E+11
2019,YR2019,Mozambique,MOZ,15512759047
2019,YR2019,Myanmar,MMR,75065106228
2019,YR2019,Namibia,NAM,12541928303
2019,YR2019,Nauru,NRU,124871111.4
2019,YR2019,Nepal,NPL,34186180699
2019,YR2019,Netherlands,NLD,9.28903E+11
2019,YR2019,New Caledonia,NCL,9475655325
2019,YR2019,New Zealand,NZL,2.12847E+11
2019,YR2019,Nicaragua,NIC,12699028890
2019,YR2019,Niger,NER,12889555561
2019,YR2019,Nigeria,NGA,4.74517E+11
2019,YR2019,North Macedonia,MKD,12606338449
2019,YR2019,Northern Mariana Islands,MNP,1179000000
2019,YR2019,Norway,NOR,4.08743E+11
2019,YR2019,Oman,OMN,88060858257
2019,YR2019,Pakistan,PAK,3.20909E+11
2019,YR2019,Palau,PLW,281941562.5
2019,YR2019,Panama,PAN,69778991200
2019,YR2019,Papua New Guinea,PNG,24750626041
2019,YR2019,Paraguay,PRY,37925338329
2019,YR2019,Peru,PER,2.28346E+11
2019,YR2019,Philippines,PHL,3.76823E+11
2019,YR2019,Poland,POL,6.02684E+11
2019,YR2019,Portugal,PRT,2.40116E+11
2019,YR2019,Puerto Rico,PRI,1.05126E+11
2019,YR2019,Qatar,QAT,1.76371E+11
2019,YR2019,Romania,ROU,2.51677E+11
2019,YR2019,Russian Federation,RUS,1.69312E+12
2019,YR2019,Rwanda,RWA,10349300380
2019,YR2019,Samoa,WSM,912950466.1
2019,YR2019,San Marino,SMR,1616232125
2019,YR2019,Sao Tome and Principe,STP,412976082.6
2019,YR2019,Saudi Arabia,SAU,8.38565E+11
2019,YR2019,Senegal,SEN,23403995992
2019,YR2019,Serbia,SRB,53864693665
2019,YR2019,Seychelles,SYC,1868690097
2019,YR2019,Sierra Leone,SLE,6523577590
2019,YR2019,Singapore,SGP,3.76902E+11
2019,YR2019,Sint Maarten (Dutch part),SXM,1407880447
2019,YR2019,Slovak Republic,SVK,1.05843E+11
2019,YR2019,Slovenia,SVN,53909922736
2019,YR2019,Solomon Islands,SLB,1619155017
2019,YR2019,Somalia,SOM,8655023960
2019,YR2019,South Africa,ZAF,3.8933E+11
2019,YR2019,South Sudan,SSD,..
2019,YR2019,Spain,ESP,1.4035E+12
2019,YR2019,Sri Lanka,LKA,89014978344
2019,YR2019,St. Kitts and Nevis,KNA,1107855556
2019,YR2019,St. Lucia,LCA,2095370370
2019,YR2019,St. Martin (French part),MAF,652206037.1
2019,YR2019,St. Vincent and the Grenadines,VCT,910766666.7
2019,YR2019,Sudan,SDN,32338079165
2019,YR2019,Suriname,SUR,4016040575
2019,YR2019,Sweden,SWE,5.32169E+11
2019,YR2019,Switzerland,CHE,7.21369E+11
2019,YR2019,Syrian Arab Republic,SYR,22583045060
2019,YR2019,Tajikistan,TJK,8300813599
2019,YR2019,Tanzania,TZA,61026731926
2019,YR2019,Thailand,THA,5.43977E+11
2019,YR2019,Timor-Leste,TLS,2032550400
2019,YR2019,Togo,TGO,6992700101
2019,YR2019,Tonga,TON,494197841.1
2019,YR2019,Trinidad and Tobago,TTO,23775659263
2019,YR2019,Tunisia,TUN,41905642419
2019,YR2019,Turkiye,TUR,7.61006E+11
2019,YR2019,Turkmenistan,TKM,45232857143
2019,YR2019,Turks and Caicos Islands,TCA,1177285212
2019,YR2019,Tuvalu,TUV,54123198.57
2019,YR2019,Uganda,UGA,35348155095
2019,YR2019,Ukraine,UKR,1.53883E+11
2019,YR2019,United Arab Emirates,ARE,4.1799E+11
2019,YR2019,United Kingdom,GBR,2.85141E+12
2019,YR2019,United States,USA,2.154E+13
2019,YR2019,Uruguay,URY,62222325807
2019,YR2019,Uzbekistan,UZB,67293639798
2019,YR2019,Vanuatu,VUT,936526267.6
2019,YR2019,"Venezuela, RB",VEN,..
2019,YR2019,Viet Nam,VNM,3.34365E+11
2019,YR2019,Virgin Islands (U.S.),VIR,4121000000
2019,YR2019,West Bank and Gaza,PSE,17133500000
2019,YR2019,"Yemen, Rep.",YEM,..
2019,YR2019,Zambia,ZMB,23308667781
2019,YR2019,Zimbabwe,ZWE,25717409842
2019,YR2019,Africa Eastern and Southern,AFE,1.00972E+12
2019,YR2019,Africa Western and Central,AFW,8.26484E+11
2019,YR2019,Arab World,ARB,2.89903E+12
2019,YR2019,Caribbean small states,CSS,38046955434
2019,YR2019,Central Europe and the Baltics,CEB,1.68512E+12
2019,YR2019,Early-demographic dividend,EAR,1.1835E+13
2019,YR2019,East Asia & Pacific,EAS,2.70401E+13
2019,YR2019,East Asia & Pacific (excluding high income),EAP,1.72228E+13
2019,YR2019,East Asia & Pacific (IDA & IBRD countries),TEA,1.72016E+13
2019,YR2019,Euro area,EMU,1.3587E+13
2019,YR2019,Europe & Central Asia,ECS,2.30319E+13
2019,YR2019,Europe & Central Asia (excluding high income),ECA,1.49831E+12
2019,YR2019,Europe & Central Asia (IDA & IBRD countries),TEC,4.17589E+12
2019,YR2019,European Union,EUU,1.58084E+13
2019,YR2019,Fragile and conflict affected situations,FCS,1.84263E+12
2019,YR2019,Heavily indebted poor countries (HIPC),HPC,8.05115E+11
2019,YR2019,High income,HIC,5.7351E+13
2019,YR2019,IBRD only,IBD,3.12988E+13
2019,YR2019,IDA & IBRD total,IBT,3.3801E+13
2019,YR2019,IDA blend,IDB,1.09277E+12
2019,YR2019,IDA only,IDX,1.40901E+12
2019,YR2019,IDA total,IDA,2.50178E+12
2019,YR2019,Late-demographic dividend,LTE,2.30702E+13
2019,YR2019,Latin America & Caribbean,LCN,5.65931E+12
2019,YR2019,Latin America & Caribbean (excluding high income),LAC,4.80345E+12
2019,YR2019,Latin America & the Caribbean (IDA & IBRD countries),TLA,5.41333E+12
2019,YR2019,Least developed countries: UN classification,LDC,1.16186E+12
2019,YR2019,Low & middle income,LMY,3.04954E+13
2019,YR2019,Low income,LIC,4.47115E+11
2019,YR2019,Lower middle income,LMC,6.29871E+12
2019,YR2019,Middle East & North Africa,MEA,3.59845E+12
2019,YR2019,Middle East & North Africa (excluding high income),MNA,1.48018E+12
2019,YR2019,Middle East & North Africa (IDA & IBRD countries),TMN,1.46304E+12
2019,YR2019,Middle income,MIC,3.00475E+13
2019,YR2019,North America,NAC,2.32911E+13
2019,YR2019,Not classified,INX,..
2019,YR2019,OECD members,OED,5.41795E+13
2019,YR2019,Other small states,OSS,1.98507E+11
2019,YR2019,Pacific island small states,PSS,10712120523
2019,YR2019,Post-demographic dividend,PST,5.11349E+13
2019,YR2019,Pre-demographic dividend,PRE,1.42893E+12
2019,YR2019,Small states,SST,2.47266E+11
2019,YR2019,South Asia,SAS,3.65821E+12
2019,YR2019,South Asia (IDA & IBRD),TSA,3.65821E+12
2019,YR2019,Sub-Saharan Africa,SSF,1.8362E+12
2019,YR2019,Sub-Saharan Africa (excluding high income),SSA,1.83434E+12
2019,YR2019,Sub-Saharan Africa (IDA & IBRD countries),TSS,1.8362E+12
2019,YR2019,Upper middle income,UMC,2.37488E+13
2019,YR2019,World,WLD,8.81499E+13
2020,YR2020,Afghanistan,AFG,19955929052
2020,YR2020,Albania,ALB,15241458745
2020,YR2020,Algeria,DZA,1.64873E+11
2020,YR2020,American Samoa,ASM,721000000
2020,YR2020,Andorra,AND,2891001149
2020,YR2020,Angola,AGO,48501561204
2020,YR2020,Antigua and Barbuda,ATG,1410796296
2020,YR2020,Argentina,ARG,3.85741E+11
2020,YR2020,Armenia,ARM,12641698583
2020,YR2020,Aruba,ABW,2481857123
2020,YR2020,Australia,AUS,1.32841E+12
2020,YR2020,Austria,AUT,4.34398E+11
2020,YR2020,Azerbaijan,AZE,42693000000
2020,YR2020,"Bahamas, The",BHS,9958200000
2020,YR2020,Bahrain,BHR,35837632979
2020,YR2020,Bangladesh,BGD,3.73979E+11
2020,YR2020,Barbados,BRB,5168344450
2020,YR2020,Belarus,BLR,61371755326
2020,YR2020,Belgium,BEL,5.29694E+11
2020,YR2020,Belize,BLZ,2042850000
2020,YR2020,Benin,BEN,15651545209
2020,YR2020,Bermuda,BMU,6887147000
2020,YR2020,Bhutan,BTN,2457604334
2020,YR2020,Bolivia,BOL,36629843805
2020,YR2020,Bosnia and Herzegovina,BIH,20226036564
2020,YR2020,Botswana,BWA,14960291106
2020,YR2020,Brazil,BRA,1.47611E+12
2020,YR2020,British Virgin Islands,VGB,..
2020,YR2020,Brunei Darussalam,BRN,12005799664
2020,YR2020,Bulgaria,BGR,70716821235
2020,YR2020,Burkina Faso,BFA,17725010533
2020,YR2020,Burundi,BDI,2649680261
2020,YR2020,Cabo Verde,CPV,1821565618
2020,YR2020,Cambodia,KHM,34818073901
2020,YR2020,Cameroon,CMR,40773241177
2020,YR2020,Canada,CAN,1.65568E+12
2020,YR2020,Cayman Islands,CYM,5655358021
2020,YR2020,Central African Republic,CAF,2326720900
2020,YR2020,Chad,TCD,10715396042
2020,YR2020,Channel Islands,CHI,9439810776
2020,YR2020,Chile,CHL,2.54042E+11
2020,YR2020,China,CHN,1.46877E+13
2020,YR2020,Colombia,COL,2.70348E+11
2020,YR2020,Comoros,COM,1225039197
2020,YR2020,"Congo, Dem. Rep.",COD,48716961860
2020,YR2020,"Congo, Rep.",COG,11468687464
2020,YR2020,Costa Rica,CRI,62395610760
2020,YR2020,Cote d'Ivoire,CIV,63027852805
2020,YR2020,Croatia,HRV,57963370885
2020,YR2020,Cuba,CUB,1.07352E+11
2020,YR2020,Curacao,CUW,2534327598
2020,YR2020,Cyprus,CYP,25555093854
2020,YR2020,Czechia,CZE,2.5111E+11
2020,YR2020,Denmark,DNK,3.55631E+11
2020,YR2020,Djibouti,DJI,3185150981
2020,YR2020,Dominica,DMA,504214814.8
2020,YR2020,Dominican Republic,DOM,78844656298
2020,YR2020,Ecuador,ECU,95865472000
2020,YR2020,"Egypt, Arab Rep.",EGY,3.83818E+11
2020,YR2020,El Salvador,SLV,24921190000
2020,YR2020,Equatorial Guinea,GNQ,9893816008
2020,YR2020,Eritrea,ERI,..
2020,YR2020,Estonia,EST,31820771494
2020,YR2020,Eswatini,SWZ,4105756863
2020,YR2020,Ethiopia,ETH,1.07658E+11
2020,YR2020,Faroe Islands,FRO,3271813312
2020,YR2020,Fiji,FJI,4432466237
2020,YR2020,Finland,FIN,2.7E+11
2020,YR2020,France,FRA,2.64793E+12
2020,YR2020,French Polynesia,PYF,5792545871
2020,YR2020,Gabon,GAB,15342236164
2020,YR2020,"Gambia, The",GMB,1812170891
2020,YR2020,Georgia,GEO,16010869216
2020,YR2020,Germany,DEU,3.94014E+12
2020,YR2020,Ghana,GHA,70043099676
2020,YR2020,Gibraltar,GIB,..
2020,YR2020,Greece,GRC,1.91363E+11
2020,YR2020,Greenland,GRL,3082884653
2020,YR2020,Grenada,GRD,1043411111
2020,YR2020,Guam,GUM,5916000000
2020,YR2020,Guatemala,GTM,77719464221
2020,YR2020,Guinea,GIN,14088693743
2020,YR2020,Guinea-Bissau,GNB,1646400350
2020,YR2020,Guyana,GUY,5471256595
2020,YR2020,Haiti,HTI,14508222518
2020,YR2020,Honduras,HND,23352232484
2020,YR2020,"Hong Kong SAR, China",HKG,3.44943E+11
2020,YR2020,Hungary,HUN,1.57289E+11
2020,YR2020,Iceland,ISL,21629953194
2020,YR2020,India,IND,2.67485E+12
2020,YR2020,Indonesia,IDN,1.05905E+12
2020,YR2020,"Iran, Islamic Rep.",IRN,2.62186E+11
2020,YR2020,Iraq,IRQ,1.80899E+11
2020,YR2020,Ireland,IRL,4.36556E+11
2020,YR2020,Isle of Man,IMN,6684225641
2020,YR2020,Israel,ISR,4.11729E+11
2020,YR2020,Italy,ITA,1.90748E+12
2020,YR2020,Jamaica,JAM,13812421803
2020,YR2020,Japan,JPN,5.05559E+12
2020,YR2020,Jordan,JOR,43700383099
2020,YR2020,Kazakhstan,KAZ,1.71082E+11
2020,YR2020,Kenya,KEN,1.00658E+11
2020,YR2020,Kiribati,KIR,223123620.6
2020,YR2020,"Korea, Dem. People's Rep.",PRK,..
2020,YR2020,"Korea, Rep.",KOR,1.64431E+12
2020,YR2020,Kosovo,XKX,7717145218
2020,YR2020,Kuwait,KWT,1.11045E+11
2020,YR2020,Kyrgyz Republic,KGZ,8270468614
2020,YR2020,Lao PDR,LAO,18981805250
2020,YR2020,Latvia,LVA,33379927435
2020,YR2020,Lebanon,LBN,31712128254
2020,YR2020,Lesotho,LSO,2053699870
2020,YR2020,Liberia,LBR,3176126300
2020,YR2020,Libya,LBY,46854285441
2020,YR2020,Liechtenstein,LIE,6405870210
2020,YR2020,Lithuania,LTU,57412038533
2020,YR2020,Luxembourg,LUX,73699366700
2020,YR2020,"Macao SAR, China",MAC,25343525936
2020,YR2020,Madagascar,MDG,13051441204
2020,YR2020,Malawi,MWI,11769313598
2020,YR2020,Malaysia,MYS,3.37456E+11
2020,YR2020,Maldives,MDV,3712604583
2020,YR2020,Mali,MLI,17465392764
2020,YR2020,Malta,MLT,16385919536
2020,YR2020,Marshall Islands,MHL,241800000
2020,YR2020,Mauritania,MRT,8260752385
2020,YR2020,Mauritius,MUS,11408106446
2020,YR2020,Mexico,MEX,1.12106E+12
2020,YR2020,"Micronesia, Fed. Sts.",FSM,372000000
2020,YR2020,Moldova,MDA,11530746234
2020,YR2020,Monaco,MCO,6730736283
2020,YR2020,Mongolia,MNG,13312981429
2020,YR2020,Montenegro,MNE,4769996866
2020,YR2020,Morocco,MAR,1.21354E+11
2020,YR2020,Mozambique,MOZ,14235420174
2020,YR2020,Myanmar,MMR,79006113643
2020,YR2020,Namibia,NAM,10583748542
2020,YR2020,Nauru,NRU,124530027.3
2020,YR2020,Nepal,NPL,33433659301
2020,YR2020,Netherlands,NLD,9.32561E+11
2020,YR2020,New Caledonia,NCL,9454629468
2020,YR2020,New Zealand,NZL,2.12698E+11
2020,YR2020,Nicaragua,NIC,12681569254
2020,YR2020,Niger,NER,13744653103
2020,YR2020,Nigeria,NGA,4.32199E+11
2020,YR2020,North Macedonia,MKD,12361036914
2020,YR2020,Northern Mariana Islands,MNP,866000000
2020,YR2020,Norway,NOR,3.67633E+11
2020,YR2020,Oman,OMN,75909492848
2020,YR2020,Pakistan,PAK,3.00426E+11
2020,YR2020,Palau,PLW,258990843.8
2020,YR2020,Panama,PAN,57059846500
2020,YR2020,Papua New Guinea,PNG,23848447850
2020,YR2020,Paraguay,PRY,35432178068
2020,YR2020,Peru,PER,2.0141E+11
2020,YR2020,Philippines,PHL,3.61751E+11
2020,YR2020,Poland,POL,6.05914E+11
2020,YR2020,Portugal,PRT,2.29619E+11
2020,YR2020,Puerto Rico,PRI,1.03131E+11
2020,YR2020,Qatar,QAT,1.44411E+11
2020,YR2020,Romania,ROU,2.52034E+11
2020,YR2020,Russian Federation,RUS,1.49308E+12
2020,YR2020,Rwanda,RWA,10174387374
2020,YR2020,Samoa,WSM,868898358.3
2020,YR2020,San Marino,SMR,1544714493
2020,YR2020,Sao Tome and Principe,STP,471229484.6
2020,YR2020,Saudi Arabia,SAU,7.34271E+11
2020,YR2020,Senegal,SEN,24530513038
2020,YR2020,Serbia,SRB,55874017669
2020,YR2020,Seychelles,SYC,1382551752
2020,YR2020,Sierra Leone,SLE,6688594758
2020,YR2020,Singapore,SGP,3.49488E+11
2020,YR2020,Sint Maarten (Dutch part),SXM,1236428101
2020,YR2020,Slovak Republic,SVK,1.07733E+11
2020,YR2020,Slovenia,SVN,53384760135
2020,YR2020,Solomon Islands,SLB,1536145814
2020,YR2020,Somalia,SOM,8628393720
2020,YR2020,South Africa,ZAF,3.37975E+11
2020,YR2020,South Sudan,SSD,..
2020,YR2020,Spain,ESP,1.28978E+12
2020,YR2020,Sri Lanka,LKA,84304298771
2020,YR2020,St. Kitts and Nevis,KNA,883922222.2
2020,YR2020,St. Lucia,LCA,1499296296
2020,YR2020,St. Martin (French part),MAF,..
2020,YR2020,St. Vincent and the Grenadines,VCT,869111111.1
2020,YR2020,Sudan,SDN,27034593750
2020,YR2020,Suriname,SUR,2911807496
2020,YR2020,Sweden,SWE,5.45148E+11
2020,YR2020,Switzerland,CHE,7.41999E+11
2020,YR2020,Syrian Arab Republic,SYR,12047752036
2020,YR2020,Tajikistan,TJK,8133963551
2020,YR2020,Tanzania,TZA,66068737786
2020,YR2020,Thailand,THA,5.00462E+11
2020,YR2020,Timor-Leste,TLS,2162619200
2020,YR2020,Togo,TGO,7400284168
2020,YR2020,Tonga,TON,496856295.8
2020,YR2020,Trinidad and Tobago,TTO,20807716174
2020,YR2020,Tunisia,TUN,42491780918
2020,YR2020,Turkiye,TUR,7.20338E+11
2020,YR2020,Turkmenistan,TKM,45818000000
2020,YR2020,Turks and Caicos Islands,TCA,774653669.3
2020,YR2020,Tuvalu,TUV,51746594.31
2020,YR2020,Uganda,UGA,37600368242
2020,YR2020,Ukraine,UKR,1.56618E+11
2020,YR2020,United Arab Emirates,ARE,3.49473E+11
2020,YR2020,United Kingdom,GBR,2.69678E+12
2020,YR2020,United States,USA,2.13541E+13
2020,YR2020,Uruguay,URY,53668636568
2020,YR2020,Uzbekistan,UZB,66443265418
2020,YR2020,Vanuatu,VUT,909421043.5
2020,YR2020,"Venezuela, RB",VEN,..
2020,YR2020,Viet Nam,VNM,3.46616E+11
2020,YR2020,Virgin Islands (U.S.),VIR,4229000000
2020,YR2020,West Bank and Gaza,PSE,15531700000
2020,YR2020,"Yemen, Rep.",YEM,..
2020,YR2020,Zambia,ZMB,18137764931
2020,YR2020,Zimbabwe,ZWE,26867936445
2020,YR2020,Africa Eastern and Southern,AFE,9.33392E+11
2020,YR2020,Africa Western and Central,AFW,7.89802E+11
2020,YR2020,Arab World,ARB,2.56278E+12
2020,YR2020,Caribbean small states,CSS,31763210393
2020,YR2020,Central Europe and the Baltics,CEB,1.67876E+12
2020,YR2020,Early-demographic dividend,EAR,1.10064E+13
2020,YR2020,East Asia & Pacific,EAS,2.71635E+13
2020,YR2020,East Asia & Pacific (excluding high income),EAP,1.74963E+13
2020,YR2020,East Asia & Pacific (IDA & IBRD countries),TEA,1.74747E+13
2020,YR2020,Euro area,EMU,1.32669E+13
2020,YR2020,Europe & Central Asia,ECS,2.22866E+13
2020,YR2020,Europe & Central Asia (excluding high income),ECA,1.43714E+12
2020,YR2020,Europe & Central Asia (IDA & IBRD countries),TEC,3.91685E+12
2020,YR2020,European Union,EUU,1.55047E+13
2020,YR2020,Fragile and conflict affected situations,FCS,1.67541E+12
2020,YR2020,Heavily indebted poor countries (HIPC),HPC,8.1314E+11
2020,YR2020,High income,HIC,5.59463E+13
2020,YR2020,IBRD only,IBD,3.01149E+13
2020,YR2020,IDA & IBRD total,IBT,3.2566E+13
2020,YR2020,IDA blend,IDB,1.02408E+12
2020,YR2020,IDA only,IDX,1.42619E+12
2020,YR2020,IDA total,IDA,2.45027E+12
2020,YR2020,Late-demographic dividend,LTE,2.25532E+13
2020,YR2020,Latin America & Caribbean,LCN,4.80551E+12
2020,YR2020,Latin America & Caribbean (excluding high income),LAC,4.04706E+12
2020,YR2020,Latin America & the Caribbean (IDA & IBRD countries),TLA,4.56192E+12
2020,YR2020,Least developed countries: UN classification,LDC,1.17275E+12
2020,YR2020,Low & middle income,LMY,2.95214E+13
2020,YR2020,Low income,LIC,4.42702E+11
2020,YR2020,Lower middle income,LMC,6.10231E+12
2020,YR2020,Middle East & North Africa,MEA,3.20794E+12
2020,YR2020,Middle East & North Africa (excluding high income),MNA,1.32887E+12
2020,YR2020,Middle East & North Africa (IDA & IBRD countries),TMN,1.31334E+12
2020,YR2020,Middle income,MIC,2.90784E+13
2020,YR2020,North America,NAC,2.30167E+13
2020,YR2020,Not classified,INX,..
2020,YR2020,OECD members,OED,5.30008E+13
2020,YR2020,Other small states,OSS,1.81482E+11
2020,YR2020,Pacific island small states,PSS,9516738321
2020,YR2020,Post-demographic dividend,PST,5.01408E+13
2020,YR2020,Pre-demographic dividend,PRE,1.31136E+12
2020,YR2020,Small states,SST,2.22762E+11
2020,YR2020,South Asia,SAS,3.49312E+12
2020,YR2020,South Asia (IDA & IBRD),TSA,3.49312E+12
2020,YR2020,Sub-Saharan Africa,SSF,1.72319E+12
2020,YR2020,Sub-Saharan Africa (excluding high income),SSA,1.72181E+12
2020,YR2020,Sub-Saharan Africa (IDA & IBRD countries),TSS,1.72319E+12
2020,YR2020,Upper middle income,UMC,2.29761E+13
2020,YR2020,World,WLD,8.5763E+13
2021,YR2021,Afghanistan,AFG,14259995441
2021,YR2021,Albania,ALB,18032010564
2021,YR2021,Algeria,DZA,1.86231E+11
2021,YR2021,American Samoa,ASM,750000000
2021,YR2021,Andorra,AND,3324647529
2021,YR2021,Angola,AGO,66505129988
2021,YR2021,Antigua and Barbuda,ATG,1601366667
2021,YR2021,Argentina,ARG,4.86564E+11
2021,YR2021,Armenia,ARM,13878908629
2021,YR2021,Aruba,ABW,2929446578
2021,YR2021,Australia,AUS,1.55674E+12
2021,YR2021,Austria,AUT,4.80467E+11
2021,YR2021,Azerbaijan,AZE,54825411765
2021,YR2021,"Bahamas, The",BHS,11368900000
2021,YR2021,Bahrain,BHR,40840212766
2021,YR2021,Bangladesh,BGD,4.16272E+11
2021,YR2021,Barbados,BRB,5275242050
2021,YR2021,Belarus,BLR,69673747132
2021,YR2021,Belgium,BEL,5.98494E+11
2021,YR2021,Belize,BLZ,2420550000
2021,YR2021,Benin,BEN,17690083520
2021,YR2021,Bermuda,BMU,7286607000
2021,YR2021,Bhutan,BTN,2768802960
2021,YR2021,Bolivia,BOL,40406111695
2021,YR2021,Bosnia and Herzegovina,BIH,23672712242
2021,YR2021,Botswana,BWA,18750946600
2021,YR2021,Brazil,BRA,1.67065E+12
2021,YR2021,British Virgin Islands,VGB,..
2021,YR2021,Brunei Darussalam,BRN,14006496614
2021,YR2021,Bulgaria,BGR,84417951261
2021,YR2021,Burkina Faso,BFA,19697516284
2021,YR2021,Burundi,BDI,2775798697
2021,YR2021,Cabo Verde,CPV,2051842610
2021,YR2021,Cambodia,KHM,36790163687
2021,YR2021,Cameroon,CMR,45011937347
2021,YR2021,Canada,CAN,2.00747E+12
2021,YR2021,Cayman Islands,CYM,6060026520
2021,YR2021,Central African Republic,CAF,2516498412
2021,YR2021,Chad,TCD,11779981333
2021,YR2021,Channel Islands,CHI,11157002973
2021,YR2021,Chile,CHL,3.15515E+11
2021,YR2021,China,CHN,1.78205E+13
2021,YR2021,Colombia,COL,3.18525E+11
2021,YR2021,Comoros,COM,1296089480
2021,YR2021,"Congo, Dem. Rep.",COD,55328482784
2021,YR2021,"Congo, Rep.",COG,14825690211
2021,YR2021,Costa Rica,CRI,64960725734
2021,YR2021,Cote d'Ivoire,CIV,72794636654
2021,YR2021,Croatia,HRV,69006802299
2021,YR2021,Cuba,CUB,..
2021,YR2021,Curacao,CUW,2739608156
2021,YR2021,Cyprus,CYP,30372874320
2021,YR2021,Czechia,CZE,2.90973E+11
2021,YR2021,Denmark,DNK,4.08378E+11
2021,YR2021,Djibouti,DJI,3385825229
2021,YR2021,Dominica,DMA,555266666.7
2021,YR2021,Dominican Republic,DOM,94243425938
2021,YR2021,Ecuador,ECU,1.07435E+11
2021,YR2021,"Egypt, Arab Rep.",EGY,4.24672E+11
2021,YR2021,El Salvador,SLV,29043140000
2021,YR2021,Equatorial Guinea,GNQ,12215878033
2021,YR2021,Eritrea,ERI,..
2021,YR2021,Estonia,EST,37204563051
2021,YR2021,Eswatini,SWZ,4737671576
2021,YR2021,Ethiopia,ETH,1.11262E+11
2021,YR2021,Faroe Islands,FRO,3664686797
2021,YR2021,Fiji,FJI,4305031631
2021,YR2021,Finland,FIN,2.94223E+11
2021,YR2021,France,FRA,2.96643E+12
2021,YR2021,French Polynesia,PYF,6150640646
2021,YR2021,Gabon,GAB,19444935097
2021,YR2021,"Gambia, The",GMB,2014158842
2021,YR2021,Georgia,GEO,18853115589
2021,YR2021,Germany,DEU,4.3483E+12
2021,YR2021,Ghana,GHA,79524421861
2021,YR2021,Gibraltar,GIB,..
2021,YR2021,Greece,GRC,2.18304E+11
2021,YR2021,Greenland,GRL,3235809504
2021,YR2021,Grenada,GRD,1122800000
2021,YR2021,Guam,GUM,6234000000
2021,YR2021,Guatemala,GTM,86478835636
2021,YR2021,Guinea,GIN,17069115738
2021,YR2021,Guinea-Bissau,GNB,1853796456
2021,YR2021,Guyana,GUY,8041363893
2021,YR2021,Haiti,HTI,20877414953
2021,YR2021,Honduras,HND,28144331507
2021,YR2021,"Hong Kong SAR, China",HKG,3.68954E+11
2021,YR2021,Hungary,HUN,1.8211E+11
2021,YR2021,Iceland,ISL,25825287184
2021,YR2021,India,IND,3.16727E+12
2021,YR2021,Indonesia,IDN,1.18651E+12
2021,YR2021,"Iran, Islamic Rep.",IRN,3.83436E+11
2021,YR2021,Iraq,IRQ,2.09692E+11
2021,YR2021,Ireland,IRL,5.31307E+11
2021,YR2021,Isle of Man,IMN,7931193222
2021,YR2021,Israel,ISR,4.89708E+11
2021,YR2021,Italy,ITA,2.17921E+12
2021,YR2021,Jamaica,JAM,14657586127
2021,YR2021,Japan,JPN,5.03462E+12
2021,YR2021,Jordan,JOR,46296100141
2021,YR2021,Kazakhstan,KAZ,1.97112E+11
2021,YR2021,Kenya,KEN,1.09704E+11
2021,YR2021,Kiribati,KIR,289339292.2
2021,YR2021,"Korea, Dem. People's Rep.",PRK,..
2021,YR2021,"Korea, Rep.",KOR,1.81843E+12
2021,YR2021,Kosovo,XKX,9413403724
2021,YR2021,Kuwait,KWT,1.48459E+11
2021,YR2021,Kyrgyz Republic,KGZ,9249133946
2021,YR2021,Lao PDR,LAO,18827148531
2021,YR2021,Latvia,LVA,38185125733
2021,YR2021,Lebanon,LBN,23131941557
2021,YR2021,Lesotho,LSO,2412130057
2021,YR2021,Liberia,LBR,3513049500
2021,YR2021,Libya,LBY,35217995647
2021,YR2021,Liechtenstein,LIE,7710380086
2021,YR2021,Lithuania,LTU,67037321009
2021,YR2021,Luxembourg,LUX,85584105994
2021,YR2021,"Macao SAR, China",MAC,30969334705
2021,YR2021,Madagascar,MDG,14554754117
2021,YR2021,Malawi,MWI,12378129751
2021,YR2021,Malaysia,MYS,3.73785E+11
2021,YR2021,Maldives,MDV,5252457370
2021,YR2021,Mali,MLI,19309463508
2021,YR2021,Malta,MLT,19718565605
2021,YR2021,Marshall Islands,MHL,258900000
2021,YR2021,Mauritania,MRT,9222536364
2021,YR2021,Mauritius,MUS,11484348858
2021,YR2021,Mexico,MEX,1.31657E+12
2021,YR2021,"Micronesia, Fed. Sts.",FSM,390000000
2021,YR2021,Moldova,MDA,13691869264
2021,YR2021,Monaco,MCO,8623242743
2021,YR2021,Mongolia,MNG,15286441738
2021,YR2021,Montenegro,MNE,5861427505
2021,YR2021,Morocco,MAR,1.42022E+11
2021,YR2021,Mozambique,MOZ,16168055475
2021,YR2021,Myanmar,MMR,66345291160
2021,YR2021,Namibia,NAM,12402486184
2021,YR2021,Nauru,NRU,175513984.5
2021,YR2021,Nepal,NPL,36924841394
2021,YR2021,Netherlands,NLD,1.05447E+12
2021,YR2021,New Caledonia,NCL,10071349664
2021,YR2021,New Zealand,NZL,2.53644E+11
2021,YR2021,Nicaragua,NIC,14144060853
2021,YR2021,Niger,NER,14915002436
2021,YR2021,Nigeria,NGA,4.40834E+11
2021,YR2021,North Macedonia,MKD,14000283827
2021,YR2021,Northern Mariana Islands,MNP,914000000
2021,YR2021,Norway,NOR,5.03368E+11
2021,YR2021,Oman,OMN,87323797139
2021,YR2021,Pakistan,PAK,3.48517E+11
2021,YR2021,Palau,PLW,235752906.3
2021,YR2021,Panama,PAN,67396392500
2021,YR2021,Papua New Guinea,PNG,26109413522
2021,YR2021,Paraguay,PRY,39950899939
2021,YR2021,Peru,PER,2.26354E+11
2021,YR2021,Philippines,PHL,3.94087E+11
2021,YR2021,Poland,POL,6.8917E+11
2021,YR2021,Portugal,PRT,2.56056E+11
2021,YR2021,Puerto Rico,PRI,1.06427E+11
2021,YR2021,Qatar,QAT,1.79732E+11
2021,YR2021,Romania,ROU,2.86578E+11
2021,YR2021,Russian Federation,RUS,1.84339E+12
2021,YR2021,Rwanda,RWA,11069280650
2021,YR2021,Samoa,WSM,843923638.7
2021,YR2021,San Marino,SMR,1855396000
2021,YR2021,Sao Tome and Principe,STP,524402455.5
2021,YR2021,Saudi Arabia,SAU,8.74156E+11
2021,YR2021,Senegal,SEN,27520784130
2021,YR2021,Serbia,SRB,66159884073
2021,YR2021,Seychelles,SYC,1487173795
2021,YR2021,Sierra Leone,SLE,7165214368
2021,YR2021,Singapore,SGP,4.34112E+11
2021,YR2021,Sint Maarten (Dutch part),SXM,1353071061
2021,YR2021,Slovak Republic,SVK,1.20592E+11
2021,YR2021,Slovenia,SVN,61529280461
2021,YR2021,Solomon Islands,SLB,1522794913
2021,YR2021,Somalia,SOM,9483997404
2021,YR2021,South Africa,ZAF,4.20887E+11
2021,YR2021,South Sudan,SSD,..
2021,YR2021,Spain,ESP,1.46124E+12
2021,YR2021,Sri Lanka,LKA,88609324902
2021,YR2021,St. Kitts and Nevis,KNA,858622222.2
2021,YR2021,St. Lucia,LCA,1867185185
2021,YR2021,St. Martin (French part),MAF,649206262.8
2021,YR2021,St. Vincent and the Grenadines,VCT,872225925.9
2021,YR2021,Sudan,SDN,34229513775
2021,YR2021,Suriname,SUR,3107923198
2021,YR2021,Sweden,SWE,6.37187E+11
2021,YR2021,Switzerland,CHE,8.13409E+11
2021,YR2021,Syrian Arab Republic,SYR,14353205678
2021,YR2021,Tajikistan,TJK,8937805347
2021,YR2021,Tanzania,TZA,70655628148
2021,YR2021,Thailand,THA,5.06256E+11
2021,YR2021,Timor-Leste,TLS,3624889700
2021,YR2021,Togo,TGO,8342243646
2021,YR2021,Tonga,TON,518228012.1
2021,YR2021,Trinidad and Tobago,TTO,24496397205
2021,YR2021,Tunisia,TUN,46812290143
2021,YR2021,Turkiye,TUR,8.19865E+11
2021,YR2021,Turkmenistan,TKM,50007428571
2021,YR2021,Turks and Caicos Islands,TCA,1045782454
2021,YR2021,Tuvalu,TUV,60196405.71
2021,YR2021,Uganda,UGA,40529788749
2021,YR2021,Ukraine,UKR,1.99766E+11
2021,YR2021,United Arab Emirates,ARE,4.15179E+11
2021,YR2021,United Kingdom,GBR,3.14332E+12
2021,YR2021,United States,USA,2.36812E+13
2021,YR2021,Uruguay,URY,60760798596
2021,YR2021,Uzbekistan,UZB,77340060003
2021,YR2021,Vanuatu,VUT,950394006.5
2021,YR2021,"Venezuela, RB",VEN,..
2021,YR2021,Viet Nam,VNM,3.66475E+11
2021,YR2021,Virgin Islands (U.S.),VIR,4507000000
2021,YR2021,West Bank and Gaza,PSE,18109000000
2021,YR2021,"Yemen, Rep.",YEM,..
2021,YR2021,Zambia,ZMB,22096416932
2021,YR2021,Zimbabwe,ZWE,27240515109
2021,YR2021,Africa Eastern and Southern,AFE,1.08575E+12
2021,YR2021,Africa Western and Central,AFW,8.49312E+11
2021,YR2021,Arab World,ARB,2.96924E+12
2021,YR2021,Caribbean small states,CSS,37091445808
2021,YR2021,Central Europe and the Baltics,CEB,1.9268E+12
2021,YR2021,Early-demographic dividend,EAR,1.28113E+13
2021,YR2021,East Asia & Pacific,EAS,3.11557E+13
2021,YR2021,East Asia & Pacific (excluding high income),EAP,2.08499E+13
2021,YR2021,East Asia & Pacific (IDA & IBRD countries),TEA,2.08241E+13
2021,YR2021,Euro area,EMU,1.49177E+13
2021,YR2021,Europe & Central Asia,ECS,2.5524E+13
2021,YR2021,Europe & Central Asia (excluding high income),ECA,1.67034E+12
2021,YR2021,Europe & Central Asia (IDA & IBRD countries),TEC,4.64291E+12
2021,YR2021,European Union,EUU,1.74966E+13
2021,YR2021,Fragile and conflict affected situations,FCS,1.78633E+12
2021,YR2021,Heavily indebted poor countries (HIPC),HPC,9.05797E+11
2021,YR2021,High income,HIC,6.27379E+13
2021,YR2021,IBRD only,IBD,3.5764E+13
2021,YR2021,IDA & IBRD total,IBT,3.84313E+13
2021,YR2021,IDA blend,IDB,1.11425E+12
2021,YR2021,IDA only,IDX,1.5543E+12
2021,YR2021,IDA total,IDA,2.66855E+12
2021,YR2021,Late-demographic dividend,LTE,2.69104E+13
2021,YR2021,Latin America & Caribbean,LCN,5.58105E+12
2021,YR2021,Latin America & Caribbean (excluding high income),LAC,4.69345E+12
2021,YR2021,Latin America & the Caribbean (IDA & IBRD countries),TLA,5.31345E+12
2021,YR2021,Least developed countries: UN classification,LDC,1.28024E+12
2021,YR2021,Low & middle income,LMY,3.47781E+13
2021,YR2021,Low income,LIC,4.74823E+11
2021,YR2021,Lower middle income,LMC,6.91186E+12
2021,YR2021,Middle East & North Africa,MEA,3.80787E+12
2021,YR2021,Middle East & North Africa (excluding high income),MNA,1.55275E+12
2021,YR2021,Middle East & North Africa (IDA & IBRD countries),TMN,1.53464E+12
2021,YR2021,Middle income,MIC,3.43011E+13
2021,YR2021,North America,NAC,2.56959E+13
2021,YR2021,Not classified,INX,..
2021,YR2021,OECD members,OED,5.91696E+13
2021,YR2021,Other small states,OSS,2.12298E+11
2021,YR2021,Pacific island small states,PSS,9552334875
2021,YR2021,Post-demographic dividend,PST,5.58289E+13
2021,YR2021,Pre-demographic dividend,PRE,1.43936E+12
2021,YR2021,Small states,SST,2.58942E+11
2021,YR2021,South Asia,SAS,4.07987E+12
2021,YR2021,South Asia (IDA & IBRD),TSA,4.07987E+12
2021,YR2021,Sub-Saharan Africa,SSF,1.93506E+12
2021,YR2021,Sub-Saharan Africa (excluding high income),SSA,1.93357E+12
2021,YR2021,Sub-Saharan Africa (IDA & IBRD countries),TSS,1.93506E+12
2021,YR2021,Upper middle income,UMC,2.73906E+13
2021,YR2021,World,WLD,9.78483E+13
2022,YR2022,Afghanistan,AFG,14497243872
2022,YR2022,Albania,ALB,19017242586
2022,YR2022,Algeria,DZA,2.25638E+11
2022,YR2022,American Samoa,ASM,871000000
2022,YR2022,Andorra,AND,3380612573
2022,YR2022,Angola,AGO,1.044E+11
2022,YR2022,Antigua and Barbuda,ATG,1867733333
2022,YR2022,Argentina,ARG,6.3279E+11
2022,YR2022,Armenia,ARM,19513506553
2022,YR2022,Aruba,ABW,3279343544
2022,YR2022,Australia,AUS,1.69086E+12
2022,YR2022,Austria,AUT,4.71774E+11
2022,YR2022,Azerbaijan,AZE,78807470588
2022,YR2022,"Bahamas, The",BHS,13136400000
2022,YR2022,Bahrain,BHR,46680398936
2022,YR2022,Bangladesh,BGD,4.60132E+11
2022,YR2022,Barbados,BRB,6257303500
2022,YR2022,Belarus,BLR,73775179925
2022,YR2022,Belgium,BEL,5.93439E+11
2022,YR2022,Belize,BLZ,2846700000
2022,YR2022,Benin,BEN,17401746309
2022,YR2022,Bermuda,BMU,7827980000
2022,YR2022,Bhutan,BTN,2898227743
2022,YR2022,Bolivia,BOL,44008282878
2022,YR2022,Bosnia and Herzegovina,BIH,24534663636
2022,YR2022,Botswana,BWA,20321958850
2022,YR2022,Brazil,BRA,1.95192E+12
2022,YR2022,British Virgin Islands,VGB,..
2022,YR2022,Brunei Darussalam,BRN,16681536443
2022,YR2022,Bulgaria,BGR,90642851836
2022,YR2022,Burkina Faso,BFA,18820218691
2022,YR2022,Burundi,BDI,3338722828
2022,YR2022,Cabo Verde,CPV,2247003348
2022,YR2022,Cambodia,KHM,39994532960
2022,YR2022,Cameroon,CMR,44347206073
2022,YR2022,Canada,CAN,2.16148E+12
2022,YR2022,Cayman Islands,CYM,6600843963
2022,YR2022,Central African Republic,CAF,2382618615
2022,YR2022,Chad,TCD,12396807588
2022,YR2022,Channel Islands,CHI,11308300346
2022,YR2022,Chile,CHL,3.02117E+11
2022,YR2022,China,CHN,1.78818E+13
2022,YR2022,Colombia,COL,3.4533E+11
2022,YR2022,Comoros,COM,1242519408
2022,YR2022,"Congo, Dem. Rep.",COD,65801547620
2022,YR2022,"Congo, Rep.",COG,15817030155
2022,YR2022,Costa Rica,CRI,69243626029
2022,YR2022,Cote d'Ivoire,CIV,70173140101
2022,YR2022,Croatia,HRV,71198635102
2022,YR2022,Cuba,CUB,..
2022,YR2022,Curacao,CUW,3075180835
2022,YR2022,Cyprus,CYP,30976176887
2022,YR2022,Czechia,CZE,3.01831E+11
2022,YR2022,Denmark,DNK,4.01946E+11
2022,YR2022,Djibouti,DJI,3674298479
2022,YR2022,Dominica,DMA,607159259.3
2022,YR2022,Dominican Republic,DOM,1.13537E+11
2022,YR2022,Ecuador,ECU,1.16586E+11
2022,YR2022,"Egypt, Arab Rep.",EGY,4.76748E+11
2022,YR2022,El Salvador,SLV,31988920000
2022,YR2022,Equatorial Guinea,GNQ,13687643436
2022,YR2022,Eritrea,ERI,..
2022,YR2022,Estonia,EST,38376046175
2022,YR2022,Eswatini,SWZ,4695372785
2022,YR2022,Ethiopia,ETH,1.26773E+11
2022,YR2022,Faroe Islands,FRO,3566698398
2022,YR2022,Fiji,FJI,4969503561
2022,YR2022,Finland,FIN,2.80242E+11
2022,YR2022,France,FRA,2.7963E+12
2022,YR2022,French Polynesia,PYF,5814661209
2022,YR2022,Gabon,GAB,20440655695
2022,YR2022,"Gambia, The",GMB,2204734528
2022,YR2022,Georgia,GEO,24984568960
2022,YR2022,Germany,DEU,4.1636E+12
2022,YR2022,Ghana,GHA,74263364042
2022,YR2022,Gibraltar,GIB,..
2022,YR2022,Greece,GRC,2.18881E+11
2022,YR2022,Greenland,GRL,..
2022,YR2022,Grenada,GRD,1224577778
2022,YR2022,Guam,GUM,6910000000
2022,YR2022,Guatemala,GTM,95630524813
2022,YR2022,Guinea,GIN,19910452542
2022,YR2022,Guinea-Bissau,GNB,1796608531
2022,YR2022,Guyana,GUY,14718387017
2022,YR2022,Haiti,HTI,20253551921
2022,YR2022,Honduras,HND,31426041807
2022,YR2022,"Hong Kong SAR, China",HKG,3.58681E+11
2022,YR2022,Hungary,HUN,1.77006E+11
2022,YR2022,Iceland,ISL,28770206627
2022,YR2022,India,IND,3.35347E+12
2022,YR2022,Indonesia,IDN,1.31908E+12
2022,YR2022,"Iran, Islamic Rep.",IRN,3.94363E+11
2022,YR2022,Iraq,IRQ,2.8664E+11
2022,YR2022,Ireland,IRL,5.4857E+11
2022,YR2022,Isle of Man,IMN,..
2022,YR2022,Israel,ISR,5.25E+11
2022,YR2022,Italy,ITA,2.103E+12
2022,YR2022,Jamaica,JAM,17097760724
2022,YR2022,Japan,JPN,4.25641E+12
2022,YR2022,Jordan,JOR,48764963380
2022,YR2022,Kazakhstan,KAZ,2.25496E+11
2022,YR2022,Kenya,KEN,1.14449E+11
2022,YR2022,Kiribati,KIR,270841698.4
2022,YR2022,"Korea, Dem. People's Rep.",PRK,..
2022,YR2022,"Korea, Rep.",KOR,1.67392E+12
2022,YR2022,Kosovo,XKX,9354903062
2022,YR2022,Kuwait,KWT,1.8394E+11
2022,YR2022,Kyrgyz Republic,KGZ,12134931018
2022,YR2022,Lao PDR,LAO,15468785204
2022,YR2022,Latvia,LVA,38018905782
2022,YR2022,Lebanon,LBN,20992421949
2022,YR2022,Lesotho,LSO,2354683089
2022,YR2022,Liberia,LBR,4001047000
2022,YR2022,Libya,LBY,43246297922
2022,YR2022,Liechtenstein,LIE,7361504432
2022,YR2022,Lithuania,LTU,71033884500
2022,YR2022,Luxembourg,LUX,81641807866
2022,YR2022,"Macao SAR, China",MAC,24999113476
2022,YR2022,Madagascar,MDG,15134700203
2022,YR2022,Malawi,MWI,12429060151
2022,YR2022,Malaysia,MYS,4.07606E+11
2022,YR2022,Maldives,MDV,6177118114
2022,YR2022,Mali,MLI,18780322204
2022,YR2022,Malta,MLT,19209979975
2022,YR2022,Marshall Islands,MHL,253400000
2022,YR2022,Mauritania,MRT,9557966698
2022,YR2022,Mauritius,MUS,12927979286
2022,YR2022,Mexico,MEX,1.46431E+12
2022,YR2022,"Micronesia, Fed. Sts.",FSM,430000000
2022,YR2022,Moldova,MDA,14510490660
2022,YR2022,Monaco,MCO,8800430486
2022,YR2022,Mongolia,MNG,17146471714
2022,YR2022,Montenegro,MNE,6229801581
2022,YR2022,Morocco,MAR,1.30952E+11
2022,YR2022,Mozambique,MOZ,18883528581
2022,YR2022,Myanmar,MMR,62253049892
2022,YR2022,Namibia,NAM,12567271005
2022,YR2022,Nauru,NRU,156803087.3
2022,YR2022,Nepal,NPL,41182939601
2022,YR2022,Netherlands,NLD,1.04654E+12
2022,YR2022,New Caledonia,NCL,9623318718
2022,YR2022,New Zealand,NZL,2.46734E+11
2022,YR2022,Nicaragua,NIC,15649897117
2022,YR2022,Niger,NER,15433852712
2022,YR2022,Nigeria,NGA,4.77403E+11
2022,YR2022,North Macedonia,MKD,13932436550
2022,YR2022,Northern Mariana Islands,MNP,1096000000
2022,YR2022,Norway,NOR,5.93727E+11
2022,YR2022,Oman,OMN,1.11944E+11
2022,YR2022,Pakistan,PAK,3.7489E+11
2022,YR2022,Palau,PLW,255591062.5
2022,YR2022,Panama,PAN,76276116700
2022,YR2022,Papua New Guinea,PNG,31647277767
2022,YR2022,Paraguay,PRY,41952910858
2022,YR2022,Peru,PER,2.46489E+11
2022,YR2022,Philippines,PHL,4.04353E+11
2022,YR2022,Poland,POL,6.95607E+11
2022,YR2022,Portugal,PRT,2.56899E+11
2022,YR2022,Puerto Rico,PRI,1.13567E+11
2022,YR2022,Qatar,QAT,2.35709E+11
2022,YR2022,Romania,ROU,2.96354E+11
2022,YR2022,Russian Federation,RUS,2.26603E+12
2022,YR2022,Rwanda,RWA,13316160895
2022,YR2022,Samoa,WSM,832945205.6
2022,YR2022,San Marino,SMR,1831700577
2022,YR2022,Sao Tome and Principe,STP,540809499.2
2022,YR2022,Saudi Arabia,SAU,1.10857E+12
2022,YR2022,Senegal,SEN,27619479060
2022,YR2022,Serbia,SRB,66797564758
2022,YR2022,Seychelles,SYC,2057968520
2022,YR2022,Sierra Leone,SLE,7119137322
2022,YR2022,Singapore,SGP,4.98475E+11
2022,YR2022,Sint Maarten (Dutch part),SXM,1537088715
2022,YR2022,Slovak Republic,SVK,1.15929E+11
2022,YR2022,Slovenia,SVN,59927702746
2022,YR2022,Solomon Islands,SLB,1566360686
2022,YR2022,Somalia,SOM,10202767270
2022,YR2022,South Africa,ZAF,4.0692E+11
2022,YR2022,South Sudan,SSD,..
2022,YR2022,Spain,ESP,1.4465E+12
2022,YR2022,Sri Lanka,LKA,74144870023
2022,YR2022,St. Kitts and Nevis,KNA,981429629.6
2022,YR2022,St. Lucia,LCA,2342703704
2022,YR2022,St. Martin (French part),MAF,..
2022,YR2022,St. Vincent and the Grenadines,VCT,966492592.6
2022,YR2022,Sudan,SDN,51666875363
2022,YR2022,Suriname,SUR,3791603200
2022,YR2022,Sweden,SWE,5.79896E+11
2022,YR2022,Switzerland,CHE,8.18427E+11
2022,YR2022,Syrian Arab Republic,SYR,23622827080
2022,YR2022,Tajikistan,TJK,10713525200
2022,YR2022,Tanzania,TZA,75769974505
2022,YR2022,Thailand,THA,4.95645E+11
2022,YR2022,Timor-Leste,TLS,3208594000
2022,YR2022,Togo,TGO,8169476149
2022,YR2022,Tonga,TON,518180042.2
2022,YR2022,Trinidad and Tobago,TTO,30053446092
2022,YR2022,Tunisia,TUN,44579761023
2022,YR2022,Turkiye,TUR,9.07118E+11
2022,YR2022,Turkmenistan,TKM,58972000000
2022,YR2022,Turks and Caicos Islands,TCA,1228794383
2022,YR2022,Tuvalu,TUV,59065982.09
2022,YR2022,Uganda,UGA,45565333211
2022,YR2022,Ukraine,UKR,1.6199E+11
2022,YR2022,United Arab Emirates,ARE,5.02732E+11
2022,YR2022,United Kingdom,GBR,3.11404E+12
2022,YR2022,United States,USA,2.60069E+13
2022,YR2022,Uruguay,URY,70164683290
2022,YR2022,Uzbekistan,UZB,90095926567
2022,YR2022,Vanuatu,VUT,1022219298
2022,YR2022,"Venezuela, RB",VEN,..
2022,YR2022,Viet Nam,VNM,4.10324E+11
2022,YR2022,Virgin Islands (U.S.),VIR,4672000000
2022,YR2022,West Bank and Gaza,PSE,19165500000
2022,YR2022,"Yemen, Rep.",YEM,..
2022,YR2022,Zambia,ZMB,29163782140
2022,YR2022,Zimbabwe,ZWE,32789751736
2022,YR2022,Africa Eastern and Southern,AFE,1.19142E+12
2022,YR2022,Africa Western and Central,AFW,8.83974E+11
2022,YR2022,Arab World,ARB,3.60981E+12
2022,YR2022,Caribbean small states,CSS,48740490013
2022,YR2022,Central Europe and the Baltics,CEB,1.95593E+12
2022,YR2022,Early-demographic dividend,EAR,1.41476E+13
2022,YR2022,East Asia & Pacific,EAS,3.06734E+13
2022,YR2022,East Asia & Pacific (excluding high income),EAP,2.11249E+13
2022,YR2022,East Asia & Pacific (IDA & IBRD countries),TEA,2.10988E+13
2022,YR2022,Euro area,EMU,1.4452E+13
2022,YR2022,Europe & Central Asia,ECS,2.56626E+13
2022,YR2022,Europe & Central Asia (excluding high income),ECA,1.81798E+12
2022,YR2022,Europe & Central Asia (IDA & IBRD countries),TEC,5.23781E+12
2022,YR2022,European Union,EUU,1.69953E+13
2022,YR2022,Fragile and conflict affected situations,FCS,1.96484E+12
2022,YR2022,Heavily indebted poor countries (HIPC),HPC,9.83602E+11
2022,YR2022,High income,HIC,6.49613E+13
2022,YR2022,IBRD only,IBD,3.7712E+13
2022,YR2022,IDA & IBRD total,IBT,4.05968E+13
2022,YR2022,IDA blend,IDB,1.20834E+12
2022,YR2022,IDA only,IDX,1.67711E+12
2022,YR2022,IDA total,IDA,2.88545E+12
2022,YR2022,Late-demographic dividend,LTE,2.80794E+13
2022,YR2022,Latin America & Caribbean,LCN,6.34487E+12
2022,YR2022,Latin America & Caribbean (excluding high income),LAC,5.39306E+12
2022,YR2022,Latin America & the Caribbean (IDA & IBRD countries),TLA,6.04907E+12
2022,YR2022,Least developed countries: UN classification,LDC,1.43639E+12
2022,YR2022,Low & middle income,LMY,3.64652E+13
2022,YR2022,Low income,LIC,5.472E+11
2022,YR2022,Lower middle income,LMC,7.3714E+12
2022,YR2022,Middle East & North Africa,MEA,4.47571E+12
2022,YR2022,Middle East & North Africa (excluding high income),MNA,1.74192E+12
2022,YR2022,Middle East & North Africa (IDA & IBRD countries),TMN,1.72276E+12
2022,YR2022,Middle income,MIC,3.59177E+13
2022,YR2022,North America,NAC,2.81762E+13
2022,YR2022,Not classified,INX,..
2022,YR2022,OECD members,OED,6.06913E+13
2022,YR2022,Other small states,OSS,2.28426E+11
2022,YR2022,Pacific island small states,PSS,10339409999
2022,YR2022,Post-demographic dividend,PST,5.70668E+13
2022,YR2022,Pre-demographic dividend,PRE,1.64753E+12
2022,YR2022,Small states,SST,2.87506E+11
2022,YR2022,South Asia,SAS,4.32739E+12
2022,YR2022,South Asia (IDA & IBRD),TSA,4.32739E+12
2022,YR2022,Sub-Saharan Africa,SSF,2.0754E+12
2022,YR2022,Sub-Saharan Africa (excluding high income),SSA,2.07334E+12
2022,YR2022,Sub-Saharan Africa (IDA & IBRD countries),TSS,2.0754E+12
2022,YR2022,Upper middle income,UMC,2.85471E+13
2022,YR2022,World,WLD,1.01771E+14
2023,YR2023,Afghanistan,AFG,17233051620
2023,YR2023,Albania,ALB,23547179830
2023,YR2023,Algeria,DZA,2.47626E+11
2023,YR2023,American Samoa,ASM,..
2023,YR2023,Andorra,AND,3785067332
2023,YR2023,Angola,AGO,84824654482
2023,YR2023,Antigua and Barbuda,ATG,2033085185
2023,YR2023,Argentina,ARG,6.46075E+11
2023,YR2023,Armenia,ARM,24085749592
2023,YR2023,Aruba,ABW,3648573136
2023,YR2023,Australia,AUS,1.72806E+12
2023,YR2023,Austria,AUT,5.11685E+11
2023,YR2023,Azerbaijan,AZE,72356176471
2023,YR2023,"Bahamas, The",BHS,14338500000
2023,YR2023,Bahrain,BHR,46079867021
2023,YR2023,Bangladesh,BGD,4.37415E+11
2023,YR2023,Barbados,BRB,6720733200
2023,YR2023,Belarus,BLR,71857382746
2023,YR2023,Belgium,BEL,6.44783E+11
2023,YR2023,Belize,BLZ,3066850000
2023,YR2023,Benin,BEN,19676049076
2023,YR2023,Bermuda,BMU,8141700000
2023,YR2023,Bhutan,BTN,..
2023,YR2023,Bolivia,BOL,45135398009
2023,YR2023,Bosnia and Herzegovina,BIH,27514782476
2023,YR2023,Botswana,BWA,19396084498
2023,YR2023,Brazil,BRA,2.17367E+12
2023,YR2023,British Virgin Islands,VGB,..
2023,YR2023,Brunei Darussalam,BRN,15128292981
2023,YR2023,Bulgaria,BGR,1.02408E+11
2023,YR2023,Burkina Faso,BFA,20324617845
2023,YR2023,Burundi,BDI,2642161669
2023,YR2023,Cabo Verde,CPV,2533819406
2023,YR2023,Cambodia,KHM,42335646896
2023,YR2023,Cameroon,CMR,49279410983
2023,YR2023,Canada,CAN,2.14247E+12
2023,YR2023,Cayman Islands,CYM,7139428558
2023,YR2023,Central African Republic,CAF,2555492085
2023,YR2023,Chad,TCD,13149325362
2023,YR2023,Channel Islands,CHI,12507927144
2023,YR2023,Chile,CHL,3.35533E+11
2023,YR2023,China,CHN,1.77948E+13
2023,YR2023,Colombia,COL,3.63494E+11
2023,YR2023,Comoros,COM,1352380971
2023,YR2023,"Congo, Dem. Rep.",COD,66383287003
2023,YR2023,"Congo, Rep.",COG,15321055823
2023,YR2023,Costa Rica,CRI,86497941439
2023,YR2023,Cote d'Ivoire,CIV,78875489245
2023,YR2023,Croatia,HRV,84393795502
2023,YR2023,Cuba,CUB,..
2023,YR2023,Curacao,CUW,3281419347
2023,YR2023,Cyprus,CYP,33886930712
2023,YR2023,Czechia,CZE,3.43208E+11
2023,YR2023,Denmark,DNK,4.07092E+11
2023,YR2023,Djibouti,DJI,4098530514
2023,YR2023,Dominica,DMA,653992592.6
2023,YR2023,Dominican Republic,DOM,1.21444E+11
2023,YR2023,Ecuador,ECU,1.18845E+11
2023,YR2023,"Egypt, Arab Rep.",EGY,3.96002E+11
2023,YR2023,El Salvador,SLV,34015620000
2023,YR2023,Equatorial Guinea,GNQ,12337550584
2023,YR2023,Eritrea,ERI,..
2023,YR2023,Estonia,EST,41291245222
2023,YR2023,Eswatini,SWZ,4442875788
2023,YR2023,Ethiopia,ETH,1.63698E+11
2023,YR2023,Faroe Islands,FRO,3907323961
2023,YR2023,Fiji,FJI,5442046565
2023,YR2023,Finland,FIN,2.95532E+11
2023,YR2023,France,FRA,3.05183E+12
2023,YR2023,French Polynesia,PYF,..
2023,YR2023,Gabon,GAB,19388402542
2023,YR2023,"Gambia, The",GMB,2396111022
2023,YR2023,Georgia,GEO,30777833585
2023,YR2023,Germany,DEU,4.5257E+12
2023,YR2023,Ghana,GHA,76370396722
2023,YR2023,Gibraltar,GIB,..
2023,YR2023,Greece,GRC,2.43498E+11
2023,YR2023,Greenland,GRL,..
2023,YR2023,Grenada,GRD,1316733333
2023,YR2023,Guam,GUM,..
2023,YR2023,Guatemala,GTM,1.0445E+11
2023,YR2023,Guinea,GIN,22199409741
2023,YR2023,Guinea-Bissau,GNB,2048348108
2023,YR2023,Guyana,GUY,17159509565
2023,YR2023,Haiti,HTI,19850829758
2023,YR2023,Honduras,HND,34400509852
2023,YR2023,"Hong Kong SAR, China",HKG,3.80812E+11
2023,YR2023,Hungary,HUN,2.12389E+11
2023,YR2023,Iceland,ISL,31325116556
2023,YR2023,India,IND,3.56755E+12
2023,YR2023,Indonesia,IDN,1.37117E+12
2023,YR2023,"Iran, Islamic Rep.",IRN,4.04626E+11
2023,YR2023,Iraq,IRQ,2.50843E+11
2023,YR2023,Ireland,IRL,5.51395E+11
2023,YR2023,Isle of Man,IMN,..
2023,YR2023,Israel,ISR,5.13611E+11
2023,YR2023,Italy,ITA,2.30094E+12
2023,YR2023,Jamaica,JAM,19423355409
2023,YR2023,Japan,JPN,4.20449E+12
2023,YR2023,Jordan,JOR,50967475352
2023,YR2023,Kazakhstan,KAZ,2.62642E+11
2023,YR2023,Kenya,KEN,1.08039E+11
2023,YR2023,Kiribati,KIR,279208903.3
2023,YR2023,"Korea, Dem. People's Rep.",PRK,..
2023,YR2023,"Korea, Rep.",KOR,1.71279E+12
2023,YR2023,Kosovo,XKX,10468219225
2023,YR2023,Kuwait,KWT,1.63705E+11
2023,YR2023,Kyrgyz Republic,KGZ,13987627909
2023,YR2023,Lao PDR,LAO,15843155731
2023,YR2023,Latvia,LVA,42247850065
2023,YR2023,Lebanon,LBN,..
2023,YR2023,Lesotho,LSO,2117962451
2023,YR2023,Liberia,LBR,4240000000
2023,YR2023,Libya,LBY,45096462972
2023,YR2023,Liechtenstein,LIE,..
2023,YR2023,Lithuania,LTU,79789877416
2023,YR2023,Luxembourg,LUX,85755006124
2023,YR2023,"Macao SAR, China",MAC,45803067940
2023,YR2023,Madagascar,MDG,15790113247
2023,YR2023,Malawi,MWI,12712150082
2023,YR2023,Malaysia,MYS,3.99705E+11
2023,YR2023,Maldives,MDV,6590894302
2023,YR2023,Mali,MLI,20661794596
2023,YR2023,Malta,MLT,22328640242
2023,YR2023,Marshall Islands,MHL,259300000
2023,YR2023,Mauritania,MRT,10651709411
2023,YR2023,Mauritius,MUS,14644524819
2023,YR2023,Mexico,MEX,1.78911E+12
2023,YR2023,"Micronesia, Fed. Sts.",FSM,460000000
2023,YR2023,Moldova,MDA,16539436547
2023,YR2023,Monaco,MCO,9995350547
2023,YR2023,Mongolia,MNG,20325121394
2023,YR2023,Montenegro,MNE,7530593375
2023,YR2023,Morocco,MAR,1.44417E+11
2023,YR2023,Mozambique,MOZ,20954220984
2023,YR2023,Myanmar,MMR,66757619000
2023,YR2023,Namibia,NAM,12351025067
2023,YR2023,Nauru,NRU,154170289.3
2023,YR2023,Nepal,NPL,40908073367
2023,YR2023,Netherlands,NLD,1.15436E+12
2023,YR2023,New Caledonia,NCL,..
2023,YR2023,New Zealand,NZL,2.52176E+11
2023,YR2023,Nicaragua,NIC,17829218219
2023,YR2023,Niger,NER,16819170421
2023,YR2023,Nigeria,NGA,3.63846E+11
2023,YR2023,North Macedonia,MKD,15763621848
2023,YR2023,Northern Mariana Islands,MNP,..
2023,YR2023,Norway,NOR,4.85311E+11
2023,YR2023,Oman,OMN,1.08811E+11
2023,YR2023,Pakistan,PAK,3.37912E+11
2023,YR2023,Palau,PLW,281849062.5
2023,YR2023,Panama,PAN,83318176900
2023,YR2023,Papua New Guinea,PNG,30729242919
2023,YR2023,Paraguay,PRY,42956263544
2023,YR2023,Peru,PER,2.67603E+11
2023,YR2023,Philippines,PHL,4.37146E+11
2023,YR2023,Poland,POL,8.09201E+11
2023,YR2023,Portugal,PRT,2.89114E+11
2023,YR2023,Puerto Rico,PRI,1.17902E+11
2023,YR2023,Qatar,QAT,2.13003E+11
2023,YR2023,Romania,ROU,3.50776E+11
2023,YR2023,Russian Federation,RUS,2.02142E+12
2023,YR2023,Rwanda,RWA,14097768472
2023,YR2023,Samoa,WSM,938189443.8
2023,YR2023,San Marino,SMR,..
2023,YR2023,Sao Tome and Principe,STP,678976264.8
2023,YR2023,Saudi Arabia,SAU,1.06758E+12
2023,YR2023,Senegal,SEN,30848333084
2023,YR2023,Serbia,SRB,81342660752
2023,YR2023,Seychelles,SYC,2141450171
2023,YR2023,Sierra Leone,SLE,6411869546
2023,YR2023,Singapore,SGP,5.01428E+11
2023,YR2023,Sint Maarten (Dutch part),SXM,1627776949
2023,YR2023,Slovak Republic,SVK,1.32908E+11
2023,YR2023,Slovenia,SVN,69148468417
2023,YR2023,Solomon Islands,SLB,1633319401
2023,YR2023,Somalia,SOM,10968517090
2023,YR2023,South Africa,ZAF,3.80699E+11
2023,YR2023,South Sudan,SSD,..
2023,YR2023,Spain,ESP,1.62009E+12
2023,YR2023,Sri Lanka,LKA,84356863744
2023,YR2023,St. Kitts and Nevis,KNA,1055499778
2023,YR2023,St. Lucia,LCA,2430148148
2023,YR2023,St. Martin (French part),MAF,..
2023,YR2023,St. Vincent and the Grenadines,VCT,1065962963
2023,YR2023,Sudan,SDN,1.09266E+11
2023,YR2023,Suriname,SUR,3455146281
2023,YR2023,Sweden,SWE,5.8496E+11
2023,YR2023,Switzerland,CHE,8.8494E+11
2023,YR2023,Syrian Arab Republic,SYR,..
2023,YR2023,Tajikistan,TJK,12060602009
2023,YR2023,Tanzania,TZA,79062403821
2023,YR2023,Thailand,THA,5.14969E+11
2023,YR2023,Timor-Leste,TLS,2079916900
2023,YR2023,Togo,TGO,9171261838
2023,YR2023,Tonga,TON,..
2023,YR2023,Trinidad and Tobago,TTO,27372285698
2023,YR2023,Tunisia,TUN,48529595417
2023,YR2023,Turkiye,TUR,1.11825E+12
2023,YR2023,Turkmenistan,TKM,60628857143
2023,YR2023,Turks and Caicos Islands,TCA,1402054391
2023,YR2023,Tuvalu,TUV,62280311.59
2023,YR2023,Uganda,UGA,48768955863
2023,YR2023,Ukraine,UKR,1.78757E+11
2023,YR2023,United Arab Emirates,ARE,5.1413E+11
2023,YR2023,United Kingdom,GBR,3.38085E+12
2023,YR2023,United States,USA,2.77207E+13
2023,YR2023,Uruguay,URY,77240830877
2023,YR2023,Uzbekistan,UZB,1.01592E+11
2023,YR2023,Vanuatu,VUT,1126313359
2023,YR2023,"Venezuela, RB",VEN,..
2023,YR2023,Viet Nam,VNM,4.29717E+11
2023,YR2023,Virgin Islands (U.S.),VIR,..
2023,YR2023,West Bank and Gaza,PSE,17420800000
2023,YR2023,"Yemen, Rep.",YEM,..
2023,YR2023,Zambia,ZMB,27577956471
2023,YR2023,Zimbabwe,ZWE,35231367886
2023,YR2023,Africa Eastern and Southern,AFE,1.24547E+12
2023,YR2023,Africa Western and Central,AFW,7.99106E+11
2023,YR2023,Arab World,ARB,3.51242E+12
2023,YR2023,Caribbean small states,CSS,53296161046
2023,YR2023,Central Europe and the Baltics,CEB,2.26776E+12
2023,YR2023,Early-demographic dividend,EAR,1.49459E+13
2023,YR2023,East Asia & Pacific,EAS,3.07802E+13
2023,YR2023,East Asia & Pacific (excluding high income),EAP,2.11628E+13
2023,YR2023,East Asia & Pacific (IDA & IBRD countries),TEA,2.11367E+13
2023,YR2023,Euro area,EMU,1.57807E+13
2023,YR2023,Europe & Central Asia,ECS,2.75541E+13
2023,YR2023,Europe & Central Asia (excluding high income),ECA,2.1297E+12
2023,YR2023,Europe & Central Asia (IDA & IBRD countries),TEC,5.4979E+12
2023,YR2023,European Union,EUU,1.85907E+13
2023,YR2023,Fragile and conflict affected situations,FCS,1.93794E+12
2023,YR2023,Heavily indebted poor countries (HIPC),HPC,1.12995E+12
2023,YR2023,High income,HIC,6.82765E+13
2023,YR2023,IBRD only,IBD,3.87893E+13
2023,YR2023,IDA & IBRD total,IBT,4.1669E+13
2023,YR2023,IDA blend,IDB,1.06844E+12
2023,YR2023,IDA only,IDX,1.81405E+12
2023,YR2023,IDA total,IDA,2.88051E+12
2023,YR2023,Late-demographic dividend,LTE,2.83485E+13
2023,YR2023,Latin America & Caribbean,LCN,7.10014E+12
2023,YR2023,Latin America & Caribbean (excluding high income),LAC,6.05747E+12
2023,YR2023,Latin America & the Caribbean (IDA & IBRD countries),TLA,6.77968E+12
2023,YR2023,Least developed countries: UN classification,LDC,1.51699E+12
2023,YR2023,Low & middle income,LMY,3.75338E+13
2023,YR2023,Low income,LIC,6.63529E+11
2023,YR2023,Lower middle income,LMC,7.43951E+12
2023,YR2023,Middle East & North Africa,MEA,4.32057E+12
2023,YR2023,Middle East & North Africa (excluding high income),MNA,1.67117E+12
2023,YR2023,Middle East & North Africa (IDA & IBRD countries),TMN,1.65377E+12
2023,YR2023,Middle income,MIC,3.68781E+13
2023,YR2023,North America,NAC,2.98713E+13
2023,YR2023,Not classified,INX,..
2023,YR2023,OECD members,OED,6.47466E+13
2023,YR2023,Other small states,OSS,2.41086E+11
2023,YR2023,Pacific island small states,PSS,11150695760
2023,YR2023,Post-demographic dividend,PST,6.04852E+13
2023,YR2023,Pre-demographic dividend,PRE,1.56694E+12
2023,YR2023,Small states,SST,3.05547E+11
2023,YR2023,South Asia,SAS,4.49499E+12
2023,YR2023,South Asia (IDA & IBRD),TSA,4.49499E+12
2023,YR2023,Sub-Saharan Africa,SSF,2.04458E+12
2023,YR2023,Sub-Saharan Africa (excluding high income),SSA,2.04244E+12
2023,YR2023,Sub-Saharan Africa (IDA & IBRD countries),TSS,2.04458E+12
2023,YR2023,Upper middle income,UMC,2.944E+13
2023,YR2023,World,WLD,1.06172E+14
,,,,
,,,,
,,,,
Data from database: World Development Indicators,,,,
Last Updated: 12/16/2024,,,,