STRUCTURE,STRUCTURE_ID,STRUCTURE_NAME,ACTION,REF_AREA,Reference area,FREQ,Frequency of observation,MEASURE,Measure,UNIT_MEASURE,Unit of measure,TIME_PERIOD,Time period,OBS_VALUE,Observation value,OBS_STATUS,Observation status,UNIT_MULT,Unit multiplier,ADJUSTMENT,Adjustment,DECIMALS,Decimals,BASE_PER,Base period
DATAFLOW,OECD.ECO.MPD:DSD_AN_HOUSE_PRICES@DF_HOUSE_PRICES(1.0),Analytical house prices indicators,I,AUS,Australia,A,Annual,HPI_YDH,Price to income ratio,IX,Index,1990,,65.3686304205325,,A,Normal value,0,Units,S,"Seasonally adjusted, not calendar adjusted",1,One,2015,
DATAFLOW,OECD.ECO.MPD:DSD_AN_HOUSE_PRICES@DF_HOUSE_PRICES(1.0),Analytical house prices indicators,I,AUS,Australia,A,Annual,HPI_YDH,Price to income ratio,IX,Index,1991,,66.5539747471405,,A,Normal value,0,Units,S,"Seasonally adjusted, not calendar adjusted",1,One,2015,
DATAFLOW,OECD.ECO.MPD:DSD_AN_HOUSE_PRICES@DF_HOUSE_PRICES(1.0),Analytical house prices indicators,I,AUS,Australia,A,Annual,HPI_YDH,Price to income ratio,IX,Index,1992,,65.6267135634657,,A,Normal value,0,Units,S,"Seasonally adjusted, not calendar adjusted",1,One,2015,
DATAFLOW,OECD.ECO.MPD:DSD_AN_HOUSE_PRICES@DF_HOUSE_PRICES(1.0),Analytical house prices indicators,I,AUS,Australia,A,Annual,HPI_YDH,Price to income ratio,IX,Index,1993,,65.6388356808478,,A,Normal value,0,Units,S,"Seasonally adjusted, not calendar adjusted",1,One,2015,
DATAFLOW,OECD.ECO.MPD:DSD_AN_HOUSE_PRICES@DF_HOUSE_PRICES(1.0),Analytical house prices indicators,I,AUS,Australia,A,Annual,HPI_YDH,Price to income ratio,IX,Index,1994,,64.9520683814279,,A,Normal value,0,Units,S,"Seasonally adjusted, not calendar adjusted",1,One,2015,
DATAFLOW,OECD.ECO.MPD:DSD_AN_HOUSE_PRICES@DF_HOUSE_PRICES(1.0),Analytical house prices indicators,I,AUS,Australia,A,Annual,HPI_YDH,Price to income ratio,IX,Index,1995,,63.0714331590996,,A,Normal value,0,Units,S,"Seasonally adjusted, not calendar adjusted",1,One,2015,
DATAFLOW,OECD.ECO.MPD:DSD_AN_HOUSE_PRICES@DF_HOUSE_PRICES(1.0),Analytical house prices indicators,I,AUS,Australia,A,Annual,HPI_YDH,Price to income ratio,IX,Index,1996,,60.4448549238003,,A,Normal value,0,Units,S,"Seasonally adjusted, not calendar adjusted",1,One,2015,
DATAFLOW,OECD.ECO.MPD:DSD_AN_HOUSE_PRICES@DF_HOUSE_PRICES(1.0),Analytical house prices indicators,I,AUS,Australia,A,Annual,HPI_YDH,Price to income ratio,IX,Index,1997,,60.6853250661475,,A,Normal value,0,Units,S,"Seasonally adjusted, not calendar adjusted",1,One,2015,
DATAFLOW,OECD.ECO.MPD:DSD_AN_HOUSE_PRICES@DF_HOUSE_PRICES(1.0),Analytical house prices indicators,I,AUS,Australia,A,Annual,HPI_YDH,Price to income ratio,IX,Index,1998,,64.373737157395,,A,Normal value,0,Units,S,"Seasonally adjusted, not calendar adjusted",1,One,2015,
DATAFLOW,OECD.ECO.MPD:DSD_AN_HOUSE_PRICES@DF_HOUSE_PRICES(1.0),Analytical house prices indicators,I,AUS,Australia,A,Annual,HPI_YDH,Price to income ratio,IX,Index,1999,,65.9931708381299,,A,Normal value,0,Units,S,"Seasonally adjusted, not calendar adjusted",1,One,2015,
DATAFLOW,OECD.ECO.MPD:DSD_AN_HOUSE_PRICES@DF_HOUSE_PRICES(1.0),Analytical house prices indicators,I,AUS,Australia,A,Annual,HPI_YDH,Price to income ratio,IX,Index,2000,,67.675501137663,,A,Normal value,0,Units,S,"Seasonally adjusted, not calendar adjusted",1,One,2015,
DATAFLOW,OECD.ECO.MPD:DSD_AN_HOUSE_PRICES@DF_HOUSE_PRICES(1.0),Analytical house prices indicators,I,AUS,Australia,A,Annual,HPI_YDH,Price to income ratio,IX,Index,2001,,69.6283960738016,,A,Normal value,0,Units,S,"Seasonally adjusted, not calendar adjusted",1,One,2015,
DATAFLOW,OECD.ECO.MPD:DSD_AN_HOUSE_PRICES@DF_HOUSE_PRICES(1.0),Analytical house prices indicators,I,AUS,Australia,A,Annual,HPI_YDH,Price to income ratio,IX,Index,2002,,81.0959769861034,,A,Normal value,0,Units,S,"Seasonally adjusted, not calendar adjusted",1,One,2015,
DATAFLOW,OECD.ECO.MPD:DSD_AN_HOUSE_PRICES@DF_HOUSE_PRICES(1.0),Analytical house prices indicators,I,AUS,Australia,A,Annual,HPI_YDH,Price to income ratio,IX,Index,2003,,91.5817037905136,,A,Normal value,0,Units,S,"Seasonally adjusted, not calendar adjusted",1,One,2015,
DATAFLOW,OECD.ECO.MPD:DSD_AN_HOUSE_PRICES@DF_HOUSE_PRICES(1.0),Analytical house prices indicators,I,AUS,Australia,A,Annual,HPI_YDH,Price to income ratio,IX,Index,2004,,91.0292135244525,,A,Normal value,0,Units,S,"Seasonally adjusted, not calendar adjusted",1,One,2015,
DATAFLOW,OECD.ECO.MPD:DSD_AN_HOUSE_PRICES@DF_HOUSE_PRICES(1.0),Analytical house prices indicators,I,AUS,Australia,A,Annual,HPI_YDH,Price to income ratio,IX,Index,2005,,88.174248629787,,A,Normal value,0,Units,S,"Seasonally adjusted, not calendar adjusted",1,One,2015,
DATAFLOW,OECD.ECO.MPD:DSD_AN_HOUSE_PRICES@DF_HOUSE_PRICES(1.0),Analytical house prices indicators,I,AUS,Australia,A,Annual,HPI_YDH,Price to income ratio,IX,Index,2006,,89.6279140210375,,A,Normal value,0,Units,S,"Seasonally adjusted, not calendar adjusted",1,One,2015,
DATAFLOW,OECD.ECO.MPD:DSD_AN_HOUSE_PRICES@DF_HOUSE_PRICES(1.0),Analytical house prices indicators,I,AUS,Australia,A,Annual,HPI_YDH,Price to income ratio,IX,Index,2007,,91.315423763987,,A,Normal value,0,Units,S,"Seasonally adjusted, not calendar adjusted",1,One,2015,
DATAFLOW,OECD.ECO.MPD:DSD_AN_HOUSE_PRICES@DF_HOUSE_PRICES(1.0),Analytical house prices indicators,I,AUS,Australia,A,Annual,HPI_YDH,Price to income ratio,IX,Index,2008,,88.6346185879103,,A,Normal value,0,Units,S,"Seasonally adjusted, not calendar adjusted",1,One,2015,
DATAFLOW,OECD.ECO.MPD:DSD_AN_HOUSE_PRICES@DF_HOUSE_PRICES(1.0),Analytical house prices indicators,I,AUS,Australia,A,Annual,HPI_YDH,Price to income ratio,IX,Index,2009,,87.7670852328534,,A,Normal value,0,Units,S,"Seasonally adjusted, not calendar adjusted",1,One,2015,
DATAFLOW,OECD.ECO.MPD:DSD_AN_HOUSE_PRICES@DF_HOUSE_PRICES(1.0),Analytical house prices indicators,I,AUS,Australia,A,Annual,HPI_YDH,Price to income ratio,IX,Index,2010,,94.2148192551622,,A,Normal value,0,Units,S,"Seasonally adjusted, not calendar adjusted",1,One,2015,
DATAFLOW,OECD.ECO.MPD:DSD_AN_HOUSE_PRICES@DF_HOUSE_PRICES(1.0),Analytical house prices indicators,I,AUS,Australia,A,Annual,HPI_YDH,Price to income ratio,IX,Index,2011,,86.612094994864,,A,Normal value,0,Units,S,"Seasonally adjusted, not calendar adjusted",1,One,2015,
DATAFLOW,OECD.ECO.MPD:DSD_AN_HOUSE_PRICES@DF_HOUSE_PRICES(1.0),Analytical house prices indicators,I,AUS,Australia,A,Annual,HPI_YDH,Price to income ratio,IX,Index,2012,,85.1605270241045,,A,Normal value,0,Units,S,"Seasonally adjusted, not calendar adjusted",1,One,2015,
DATAFLOW,OECD.ECO.MPD:DSD_AN_HOUSE_PRICES@DF_HOUSE_PRICES(1.0),Analytical house prices indicators,I,AUS,Australia,A,Annual,HPI_YDH,Price to income ratio,IX,Index,2013,,88.365057081092,,A,Normal value,0,Units,S,"Seasonally adjusted, not calendar adjusted",1,One,2015,
DATAFLOW,OECD.ECO.MPD:DSD_AN_HOUSE_PRICES@DF_HOUSE_PRICES(1.0),Analytical house prices indicators,I,AUS,Australia,A,Annual,HPI_YDH,Price to income ratio,IX,Index,2014,,93.0376969182165,,A,Normal value,0,Units,S,"Seasonally adjusted, not calendar adjusted",1,One,2015,
DATAFLOW,OECD.ECO.MPD:DSD_AN_HOUSE_PRICES@DF_HOUSE_PRICES(1.0),Analytical house prices indicators,I,AUS,Australia,A,Annual,HPI_YDH,Price to income ratio,IX,Index,2015,,100,,A,Normal value,0,Units,S,"Seasonally adjusted, not calendar adjusted",1,One,2015,
DATAFLOW,OECD.ECO.MPD:DSD_AN_HOUSE_PRICES@DF_HOUSE_PRICES(1.0),Analytical house prices indicators,I,AUS,Australia,A,Annual,HPI_YDH,Price to income ratio,IX,Index,2016,,105.142098604282,,A,Normal value,0,Units,S,"Seasonally adjusted, not calendar adjusted",1,One,2015,
DATAFLOW,OECD.ECO.MPD:DSD_AN_HOUSE_PRICES@DF_HOUSE_PRICES(1.0),Analytical house prices indicators,I,AUS,Australia,A,Annual,HPI_YDH,Price to income ratio,IX,Index,2017,,112.441373866203,,A,Normal value,0,Units,S,"Seasonally adjusted, not calendar adjusted",1,One,2015,
DATAFLOW,OECD.ECO.MPD:DSD_AN_HOUSE_PRICES@DF_HOUSE_PRICES(1.0),Analytical house prices indicators,I,AUS,Australia,A,Annual,HPI_YDH,Price to income ratio,IX,Index,2018,,107.601500329704,,A,Normal value,0,Units,S,"Seasonally adjusted, not calendar adjusted",1,One,2015,
DATAFLOW,OECD.ECO.MPD:DSD_AN_HOUSE_PRICES@DF_HOUSE_PRICES(1.0),Analytical house prices indicators,I,AUS,Australia,A,Annual,HPI_YDH,Price to income ratio,IX,Index,2019,,100.590672200521,,A,Normal value,0,Units,S,"Seasonally adjusted, not calendar adjusted",1,One,2015,
DATAFLOW,OECD.ECO.MPD:DSD_AN_HOUSE_PRICES@DF_HOUSE_PRICES(1.0),Analytical house prices indicators,I,AUS,Australia,A,Annual,HPI_YDH,Price to income ratio,IX,Index,2020,,100.080762991999,,A,Normal value,0,Units,S,"Seasonally adjusted, not calendar adjusted",1,One,2015,
DATAFLOW,OECD.ECO.MPD:DSD_AN_HOUSE_PRICES@DF_HOUSE_PRICES(1.0),Analytical house prices indicators,I,IRL,Ireland,A,Annual,HPI_YDH,Price to income ratio,IX,Index,1990,,86.5402365349691,,A,Normal value,0,Units,S,"Seasonally adjusted, not calendar adjusted",1,One,2015,
DATAFLOW,OECD.ECO.MPD:DSD_AN_HOUSE_PRICES@DF_HOUSE_PRICES(1.0),Analytical house prices indicators,I,IRL,Ireland,A,Annual,HPI_YDH,Price to income ratio,IX,Index,1991,,84.0769897250326,,A,Normal value,0,Units,S,"Seasonally adjusted, not calendar adjusted",1,One,2015,
DATAFLOW,OECD.ECO.MPD:DSD_AN_HOUSE_PRICES@DF_HOUSE_PRICES(1.0),Analytical house prices indicators,I,IRL,Ireland,A,Annual,HPI_YDH,Price to income ratio,IX,Index,1992,,81.2758792374704,,A,Normal value,0,Units,S,"Seasonally adjusted, not calendar adjusted",1,One,2015,
DATAFLOW,OECD.ECO.MPD:DSD_AN_HOUSE_PRICES@DF_HOUSE_PRICES(1.0),Analytical house prices indicators,I,IRL,Ireland,A,Annual,HPI_YDH,Price to income ratio,IX,Index,1993,,77.2444744545165,,A,Normal value,0,Units,S,"Seasonally adjusted, not calendar adjusted",1,One,2015,
DATAFLOW,OECD.ECO.MPD:DSD_AN_HOUSE_PRICES@DF_HOUSE_PRICES(1.0),Analytical house prices indicators,I,IRL,Ireland,A,Annual,HPI_YDH,Price to income ratio,IX,Index,1994,,79.4156068971249,,A,Normal value,0,Units,S,"Seasonally adjusted, not calendar adjusted",1,One,2015,
DATAFLOW,OECD.ECO.MPD:DSD_AN_HOUSE_PRICES@DF_HOUSE_PRICES(1.0),Analytical house prices indicators,I,IRL,Ireland,A,Annual,HPI_YDH,Price to income ratio,IX,Index,1995,,83.2401838239136,,A,Normal value,0,Units,S,"Seasonally adjusted, not calendar adjusted",1,One,2015,
DATAFLOW,OECD.ECO.MPD:DSD_AN_HOUSE_PRICES@DF_HOUSE_PRICES(1.0),Analytical house prices indicators,I,IRL,Ireland,A,Annual,HPI_YDH,Price to income ratio,IX,Index,1996,,82.9646123598658,,A,Normal value,0,Units,S,"Seasonally adjusted, not calendar adjusted",1,One,2015,
DATAFLOW,OECD.ECO.MPD:DSD_AN_HOUSE_PRICES@DF_HOUSE_PRICES(1.0),Analytical house prices indicators,I,IRL,Ireland,A,Annual,HPI_YDH,Price to income ratio,IX,Index,1997,,88.777686881542,,A,Normal value,0,Units,S,"Seasonally adjusted, not calendar adjusted",1,One,2015,
DATAFLOW,OECD.ECO.MPD:DSD_AN_HOUSE_PRICES@DF_HOUSE_PRICES(1.0),Analytical house prices indicators,I,IRL,Ireland,A,Annual,HPI_YDH,Price to income ratio,IX,Index,1998,,99.3670469354978,,A,Normal value,0,Units,S,"Seasonally adjusted, not calendar adjusted",1,One,2015,
DATAFLOW,OECD.ECO.MPD:DSD_AN_HOUSE_PRICES@DF_HOUSE_PRICES(1.0),Analytical house prices indicators,I,IRL,Ireland,A,Annual,HPI_YDH,Price to income ratio,IX,Index,1999,,109.728983256836,,A,Normal value,0,Units,S,"Seasonally adjusted, not calendar adjusted",1,One,2015,
DATAFLOW,OECD.ECO.MPD:DSD_AN_HOUSE_PRICES@DF_HOUSE_PRICES(1.0),Analytical house prices indicators,I,IRL,Ireland,A,Annual,HPI_YDH,Price to income ratio,IX,Index,2000,,120.052923727752,,A,Normal value,0,Units,S,"Seasonally adjusted, not calendar adjusted",1,One,2015,
DATAFLOW,OECD.ECO.MPD:DSD_AN_HOUSE_PRICES@DF_HOUSE_PRICES(1.0),Analytical house prices indicators,I,IRL,Ireland,A,Annual,HPI_YDH,Price to income ratio,IX,Index,2001,,119.363032113182,,A,Normal value,0,Units,S,"Seasonally adjusted, not calendar adjusted",1,One,2015,
DATAFLOW,OECD.ECO.MPD:DSD_AN_HOUSE_PRICES@DF_HOUSE_PRICES(1.0),Analytical house prices indicators,I,IRL,Ireland,A,Annual,HPI_YDH,Price to income ratio,IX,Index,2002,,121.003833420752,,A,Normal value,0,Units,S,"Seasonally adjusted, not calendar adjusted",1,One,2015,
DATAFLOW,OECD.ECO.MPD:DSD_AN_HOUSE_PRICES@DF_HOUSE_PRICES(1.0),Analytical house prices indicators,I,IRL,Ireland,A,Annual,HPI_YDH,Price to income ratio,IX,Index,2003,,130.998799238469,,A,Normal value,0,Units,S,"Seasonally adjusted, not calendar adjusted",1,One,2015,
DATAFLOW,OECD.ECO.MPD:DSD_AN_HOUSE_PRICES@DF_HOUSE_PRICES(1.0),Analytical house prices indicators,I,IRL,Ireland,A,Annual,HPI_YDH,Price to income ratio,IX,Index,2004,,138.629481565637,,A,Normal value,0,Units,S,"Seasonally adjusted, not calendar adjusted",1,One,2015,
DATAFLOW,OECD.ECO.MPD:DSD_AN_HOUSE_PRICES@DF_HOUSE_PRICES(1.0),Analytical house prices indicators,I,IRL,Ireland,A,Annual,HPI_YDH,Price to income ratio,IX,Index,2005,,140.724456304252,,A,Normal value,0,Units,S,"Seasonally adjusted, not calendar adjusted",1,One,2015,
DATAFLOW,OECD.ECO.MPD:DSD_AN_HOUSE_PRICES@DF_HOUSE_PRICES(1.0),Analytical house prices indicators,I,IRL,Ireland,A,Annual,HPI_YDH,Price to income ratio,IX,Index,2006,,154.984619031185,,A,Normal value,0,Units,S,"Seasonally adjusted, not calendar adjusted",1,One,2015,
DATAFLOW,OECD.ECO.MPD:DSD_AN_HOUSE_PRICES@DF_HOUSE_PRICES(1.0),Analytical house prices indicators,I,IRL,Ireland,A,Annual,HPI_YDH,Price to income ratio,IX,Index,2007,,157.08969446433,,A,Normal value,0,Units,S,"Seasonally adjusted, not calendar adjusted",1,One,2015,
DATAFLOW,OECD.ECO.MPD:DSD_AN_HOUSE_PRICES@DF_HOUSE_PRICES(1.0),Analytical house prices indicators,I,IRL,Ireland,A,Annual,HPI_YDH,Price to income ratio,IX,Index,2008,,138.022557774941,,A,Normal value,0,Units,S,"Seasonally adjusted, not calendar adjusted",1,One,2015,
DATAFLOW,OECD.ECO.MPD:DSD_AN_HOUSE_PRICES@DF_HOUSE_PRICES(1.0),Analytical house prices indicators,I,IRL,Ireland,A,Annual,HPI_YDH,Price to income ratio,IX,Index,2009,,120.074195034466,,A,Normal value,0,Units,S,"Seasonally adjusted, not calendar adjusted",1,One,2015,
DATAFLOW,OECD.ECO.MPD:DSD_AN_HOUSE_PRICES@DF_HOUSE_PRICES(1.0),Analytical house prices indicators,I,IRL,Ireland,A,Annual,HPI_YDH,Price to income ratio,IX,Index,2010,,108.116616460265,,A,Normal value,0,Units,S,"Seasonally adjusted, not calendar adjusted",1,One,2015,
DATAFLOW,OECD.ECO.MPD:DSD_AN_HOUSE_PRICES@DF_HOUSE_PRICES(1.0),Analytical house prices indicators,I,IRL,Ireland,A,Annual,HPI_YDH,Price to income ratio,IX,Index,2011,,93.6549335939058,,A,Normal value,0,Units,S,"Seasonally adjusted, not calendar adjusted",1,One,2015,
DATAFLOW,OECD.ECO.MPD:DSD_AN_HOUSE_PRICES@DF_HOUSE_PRICES(1.0),Analytical house prices indicators,I,IRL,Ireland,A,Annual,HPI_YDH,Price to income ratio,IX,Index,2012,,79.3201783696818,,A,Normal value,0,Units,S,"Seasonally adjusted, not calendar adjusted",1,One,2015,
DATAFLOW,OECD.ECO.MPD:DSD_AN_HOUSE_PRICES@DF_HOUSE_PRICES(1.0),Analytical house prices indicators,I,IRL,Ireland,A,Annual,HPI_YDH,Price to income ratio,IX,Index,2013,,81.1655345479186,,A,Normal value,0,Units,S,"Seasonally adjusted, not calendar adjusted",1,One,2015,
DATAFLOW,OECD.ECO.MPD:DSD_AN_HOUSE_PRICES@DF_HOUSE_PRICES(1.0),Analytical house prices indicators,I,IRL,Ireland,A,Annual,HPI_YDH,Price to income ratio,IX,Index,2014,,93.8081888849602,,A,Normal value,0,Units,S,"Seasonally adjusted, not calendar adjusted",1,One,2015,
DATAFLOW,OECD.ECO.MPD:DSD_AN_HOUSE_PRICES@DF_HOUSE_PRICES(1.0),Analytical house prices indicators,I,IRL,Ireland,A,Annual,HPI_YDH,Price to income ratio,IX,Index,2015,,100,,A,Normal value,0,Units,S,"Seasonally adjusted, not calendar adjusted",1,One,2015,
DATAFLOW,OECD.ECO.MPD:DSD_AN_HOUSE_PRICES@DF_HOUSE_PRICES(1.0),Analytical house prices indicators,I,IRL,Ireland,A,Annual,HPI_YDH,Price to income ratio,IX,Index,2016,,103.67734415925,,A,Normal value,0,Units,S,"Seasonally adjusted, not calendar adjusted",1,One,2015,
DATAFLOW,OECD.ECO.MPD:DSD_AN_HOUSE_PRICES@DF_HOUSE_PRICES(1.0),Analytical house prices indicators,I,IRL,Ireland,A,Annual,HPI_YDH,Price to income ratio,IX,Index,2017,,109.317452101662,,A,Normal value,0,Units,S,"Seasonally adjusted, not calendar adjusted",1,One,2015,
DATAFLOW,OECD.ECO.MPD:DSD_AN_HOUSE_PRICES@DF_HOUSE_PRICES(1.0),Analytical house prices indicators,I,IRL,Ireland,A,Annual,HPI_YDH,Price to income ratio,IX,Index,2018,,117.270904212074,,A,Normal value,0,Units,S,"Seasonally adjusted, not calendar adjusted",1,One,2015,
DATAFLOW,OECD.ECO.MPD:DSD_AN_HOUSE_PRICES@DF_HOUSE_PRICES(1.0),Analytical house prices indicators,I,IRL,Ireland,A,Annual,HPI_YDH,Price to income ratio,IX,Index,2019,,113.767387920267,,A,Normal value,0,Units,S,"Seasonally adjusted, not calendar adjusted",1,One,2015,
DATAFLOW,OECD.ECO.MPD:DSD_AN_HOUSE_PRICES@DF_HOUSE_PRICES(1.0),Analytical house prices indicators,I,IRL,Ireland,A,Annual,HPI_YDH,Price to income ratio,IX,Index,2020,,110.525758754689,,A,Normal value,0,Units,S,"Seasonally adjusted, not calendar adjusted",1,One,2015,
DATAFLOW,OECD.ECO.MPD:DSD_AN_HOUSE_PRICES@DF_HOUSE_PRICES(1.0),Analytical house prices indicators,I,EA17,Euro area (17 countries),A,Annual,HPI_YDH,Price to income ratio,IX,Index,1990,,98.7648085681993,,A,Normal value,0,Units,S,"Seasonally adjusted, not calendar adjusted",1,One,2015,
DATAFLOW,OECD.ECO.MPD:DSD_AN_HOUSE_PRICES@DF_HOUSE_PRICES(1.0),Analytical house prices indicators,I,EA17,Euro area (17 countries),A,Annual,HPI_YDH,Price to income ratio,IX,Index,1991,,98.4523604713999,,A,Normal value,0,Units,S,"Seasonally adjusted, not calendar adjusted",1,One,2015,
DATAFLOW,OECD.ECO.MPD:DSD_AN_HOUSE_PRICES@DF_HOUSE_PRICES(1.0),Analytical house prices indicators,I,EA17,Euro area (17 countries),A,Annual,HPI_YDH,Price to income ratio,IX,Index,1992,,95.9835582323706,,A,Normal value,0,Units,S,"Seasonally adjusted, not calendar adjusted",1,One,2015,
DATAFLOW,OECD.ECO.MPD:DSD_AN_HOUSE_PRICES@DF_HOUSE_PRICES(1.0),Analytical house prices indicators,I,EA17,Euro area (17 countries),A,Annual,HPI_YDH,Price to income ratio,IX,Index,1993,,95.5297047125389,,A,Normal value,0,Units,S,"Seasonally adjusted, not calendar adjusted",1,One,2015,
DATAFLOW,OECD.ECO.MPD:DSD_AN_HOUSE_PRICES@DF_HOUSE_PRICES(1.0),Analytical house prices indicators,I,EA17,Euro area (17 countries),A,Annual,HPI_YDH,Price to income ratio,IX,Index,1994,,94.6894777899211,,A,Normal value,0,Units,S,"Seasonally adjusted, not calendar adjusted",1,One,2015,
DATAFLOW,OECD.ECO.MPD:DSD_AN_HOUSE_PRICES@DF_HOUSE_PRICES(1.0),Analytical house prices indicators,I,EA17,Euro area (17 countries),A,Annual,HPI_YDH,Price to income ratio,IX,Index,1995,,91.5592628842382,,A,Normal value,0,Units,S,"Seasonally adjusted, not calendar adjusted",1,One,2015,
DATAFLOW,OECD.ECO.MPD:DSD_AN_HOUSE_PRICES@DF_HOUSE_PRICES(1.0),Analytical house prices indicators,I,EA17,Euro area (17 countries),A,Annual,HPI_YDH,Price to income ratio,IX,Index,1996,,88.4307028792533,,A,Normal value,0,Units,S,"Seasonally adjusted, not calendar adjusted",1,One,2015,
DATAFLOW,OECD.ECO.MPD:DSD_AN_HOUSE_PRICES@DF_HOUSE_PRICES(1.0),Analytical house prices indicators,I,EA17,Euro area (17 countries),A,Annual,HPI_YDH,Price to income ratio,IX,Index,1997,,86.1481156294814,,A,Normal value,0,Units,S,"Seasonally adjusted, not calendar adjusted",1,One,2015,
DATAFLOW,OECD.ECO.MPD:DSD_AN_HOUSE_PRICES@DF_HOUSE_PRICES(1.0),Analytical house prices indicators,I,EA17,Euro area (17 countries),A,Annual,HPI_YDH,Price to income ratio,IX,Index,1998,,86.1153448763802,,A,Normal value,0,Units,S,"Seasonally adjusted, not calendar adjusted",1,One,2015,
DATAFLOW,OECD.ECO.MPD:DSD_AN_HOUSE_PRICES@DF_HOUSE_PRICES(1.0),Analytical house prices indicators,I,EA17,Euro area (17 countries),A,Annual,HPI_YDH,Price to income ratio,IX,Index,1999,,87.766217755629,,A,Normal value,0,Units,S,"Seasonally adjusted, not calendar adjusted",1,One,2015,
DATAFLOW,OECD.ECO.MPD:DSD_AN_HOUSE_PRICES@DF_HOUSE_PRICES(1.0),Analytical house prices indicators,I,EA17,Euro area (17 countries),A,Annual,HPI_YDH,Price to income ratio,IX,Index,2000,,89.6942787113921,,A,Normal value,0,Units,S,"Seasonally adjusted, not calendar adjusted",1,One,2015,
DATAFLOW,OECD.ECO.MPD:DSD_AN_HOUSE_PRICES@DF_HOUSE_PRICES(1.0),Analytical house prices indicators,I,EA17,Euro area (17 countries),A,Annual,HPI_YDH,Price to income ratio,IX,Index,2001,,90.3171975924032,,A,Normal value,0,Units,S,"Seasonally adjusted, not calendar adjusted",1,One,2015,
DATAFLOW,OECD.ECO.MPD:DSD_AN_HOUSE_PRICES@DF_HOUSE_PRICES(1.0),Analytical house prices indicators,I,EA17,Euro area (17 countries),A,Annual,HPI_YDH,Price to income ratio,IX,Index,2002,,93.3928477613327,,A,Normal value,0,Units,S,"Seasonally adjusted, not calendar adjusted",1,One,2015,
DATAFLOW,OECD.ECO.MPD:DSD_AN_HOUSE_PRICES@DF_HOUSE_PRICES(1.0),Analytical house prices indicators,I,EA17,Euro area (17 countries),A,Annual,HPI_YDH,Price to income ratio,IX,Index,2003,,97.5704771467771,,A,Normal value,0,Units,S,"Seasonally adjusted, not calendar adjusted",1,One,2015,
DATAFLOW,OECD.ECO.MPD:DSD_AN_HOUSE_PRICES@DF_HOUSE_PRICES(1.0),Analytical house prices indicators,I,EA17,Euro area (17 countries),A,Annual,HPI_YDH,Price to income ratio,IX,Index,2004,,101.734392236889,,A,Normal value,0,Units,S,"Seasonally adjusted, not calendar adjusted",1,One,2015,
DATAFLOW,OECD.ECO.MPD:DSD_AN_HOUSE_PRICES@DF_HOUSE_PRICES(1.0),Analytical house prices indicators,I,EA17,Euro area (17 countries),A,Annual,HPI_YDH,Price to income ratio,IX,Index,2005,,107.01772806946,,A,Normal value,0,Units,S,"Seasonally adjusted, not calendar adjusted",1,One,2015,
DATAFLOW,OECD.ECO.MPD:DSD_AN_HOUSE_PRICES@DF_HOUSE_PRICES(1.0),Analytical house prices indicators,I,EA17,Euro area (17 countries),A,Annual,HPI_YDH,Price to income ratio,IX,Index,2006,,110.22001698068,,A,Normal value,0,Units,S,"Seasonally adjusted, not calendar adjusted",1,One,2015,
DATAFLOW,OECD.ECO.MPD:DSD_AN_HOUSE_PRICES@DF_HOUSE_PRICES(1.0),Analytical house prices indicators,I,EA17,Euro area (17 countries),A,Annual,HPI_YDH,Price to income ratio,IX,Index,2007,,111.244520475531,,A,Normal value,0,Units,S,"Seasonally adjusted, not calendar adjusted",1,One,2015,
DATAFLOW,OECD.ECO.MPD:DSD_AN_HOUSE_PRICES@DF_HOUSE_PRICES(1.0),Analytical house prices indicators,I,EA17,Euro area (17 countries),A,Annual,HPI_YDH,Price to income ratio,IX,Index,2008,,109.271358730315,,A,Normal value,0,Units,S,"Seasonally adjusted, not calendar adjusted",1,One,2015,
DATAFLOW,OECD.ECO.MPD:DSD_AN_HOUSE_PRICES@DF_HOUSE_PRICES(1.0),Analytical house prices indicators,I,EA17,Euro area (17 countries),A,Annual,HPI_YDH,Price to income ratio,IX,Index,2009,,106.099274845295,,A,Normal value,0,Units,S,"Seasonally adjusted, not calendar adjusted",1,One,2015,
DATAFLOW,OECD.ECO.MPD:DSD_AN_HOUSE_PRICES@DF_HOUSE_PRICES(1.0),Analytical house prices indicators,I,EA17,Euro area (17 countries),A,Annual,HPI_YDH,Price to income ratio,IX,Index,2010,,106.15206699196,,A,Normal value,0,Units,S,"Seasonally adjusted, not calendar adjusted",1,One,2015,
DATAFLOW,OECD.ECO.MPD:DSD_AN_HOUSE_PRICES@DF_HOUSE_PRICES(1.0),Analytical house prices indicators,I,EA17,Euro area (17 countries),A,Annual,HPI_YDH,Price to income ratio,IX,Index,2011,,105.722742910894,,A,Normal value,0,Units,S,"Seasonally adjusted, not calendar adjusted",1,One,2015,
DATAFLOW,OECD.ECO.MPD:DSD_AN_HOUSE_PRICES@DF_HOUSE_PRICES(1.0),Analytical house prices indicators,I,EA17,Euro area (17 countries),A,Annual,HPI_YDH,Price to income ratio,IX,Index,2012,,103.886714203257,,A,Normal value,0,Units,S,"Seasonally adjusted, not calendar adjusted",1,One,2015,
DATAFLOW,OECD.ECO.MPD:DSD_AN_HOUSE_PRICES@DF_HOUSE_PRICES(1.0),Analytical house prices indicators,I,EA17,Euro area (17 countries),A,Annual,HPI_YDH,Price to income ratio,IX,Index,2013,,101.550294933651,,A,Normal value,0,Units,S,"Seasonally adjusted, not calendar adjusted",1,One,2015,
DATAFLOW,OECD.ECO.MPD:DSD_AN_HOUSE_PRICES@DF_HOUSE_PRICES(1.0),Analytical house prices indicators,I,EA17,Euro area (17 countries),A,Annual,HPI_YDH,Price to income ratio,IX,Index,2014,,100.433853440171,,A,Normal value,0,Units,S,"Seasonally adjusted, not calendar adjusted",1,One,2015,
DATAFLOW,OECD.ECO.MPD:DSD_AN_HOUSE_PRICES@DF_HOUSE_PRICES(1.0),Analytical house prices indicators,I,EA17,Euro area (17 countries),A,Annual,HPI_YDH,Price to income ratio,IX,Index,2015,,100,,A,Normal value,0,Units,S,"Seasonally adjusted, not calendar adjusted",1,One,2015,
DATAFLOW,OECD.ECO.MPD:DSD_AN_HOUSE_PRICES@DF_HOUSE_PRICES(1.0),Analytical house prices indicators,I,EA17,Euro area (17 countries),A,Annual,HPI_YDH,Price to income ratio,IX,Index,2016,,101.821953458893,,A,Normal value,0,Units,S,"Seasonally adjusted, not calendar adjusted",1,One,2015,
DATAFLOW,OECD.ECO.MPD:DSD_AN_HOUSE_PRICES@DF_HOUSE_PRICES(1.0),Analytical house prices indicators,I,EA17,Euro area (17 countries),A,Annual,HPI_YDH,Price to income ratio,IX,Index,2017,,103.408496491387,,A,Normal value,0,Units,S,"Seasonally adjusted, not calendar adjusted",1,One,2015,
DATAFLOW,OECD.ECO.MPD:DSD_AN_HOUSE_PRICES@DF_HOUSE_PRICES(1.0),Analytical house prices indicators,I,EA17,Euro area (17 countries),A,Annual,HPI_YDH,Price to income ratio,IX,Index,2018,,105.222238069808,,A,Normal value,0,Units,S,"Seasonally adjusted, not calendar adjusted",1,One,2015,
DATAFLOW,OECD.ECO.MPD:DSD_AN_HOUSE_PRICES@DF_HOUSE_PRICES(1.0),Analytical house prices indicators,I,EA17,Euro area (17 countries),A,Annual,HPI_YDH,Price to income ratio,IX,Index,2019,,106.717908984153,,A,Normal value,0,Units,S,"Seasonally adjusted, not calendar adjusted",1,One,2015,
DATAFLOW,OECD.ECO.MPD:DSD_AN_HOUSE_PRICES@DF_HOUSE_PRICES(1.0),Analytical house prices indicators,I,EA17,Euro area (17 countries),A,Annual,HPI_YDH,Price to income ratio,IX,Index,2020,,112.715885236112,,A,Normal value,0,Units,S,"Seasonally adjusted, not calendar adjusted",1,One,2015,
DATAFLOW,OECD.ECO.MPD:DSD_AN_HOUSE_PRICES@DF_HOUSE_PRICES(1.0),Analytical house prices indicators,I,AUT,Austria,A,Annual,HPI_YDH,Price to income ratio,IX,Index,2000,,82.737216055542,,A,Normal value,0,Units,S,"Seasonally adjusted, not calendar adjusted",1,One,2015,
DATAFLOW,OECD.ECO.MPD:DSD_AN_HOUSE_PRICES@DF_HOUSE_PRICES(1.0),Analytical house prices indicators,I,AUT,Austria,A,Annual,HPI_YDH,Price to income ratio,IX,Index,2001,,82.9223410091165,,A,Normal value,0,Units,S,"Seasonally adjusted, not calendar adjusted",1,One,2015,
DATAFLOW,OECD.ECO.MPD:DSD_AN_HOUSE_PRICES@DF_HOUSE_PRICES(1.0),Analytical house prices indicators,I,AUT,Austria,A,Annual,HPI_YDH,Price to income ratio,IX,Index,2002,,82.4634550828604,,A,Normal value,0,Units,S,"Seasonally adjusted, not calendar adjusted",1,One,2015,
DATAFLOW,OECD.ECO.MPD:DSD_AN_HOUSE_PRICES@DF_HOUSE_PRICES(1.0),Analytical house prices indicators,I,AUT,Austria,A,Annual,HPI_YDH,Price to income ratio,IX,Index,2003,,79.8154789650827,,A,Normal value,0,Units,S,"Seasonally adjusted, not calendar adjusted",1,One,2015,
DATAFLOW,OECD.ECO.MPD:DSD_AN_HOUSE_PRICES@DF_HOUSE_PRICES(1.0),Analytical house prices indicators,I,AUT,Austria,A,Annual,HPI_YDH,Price to income ratio,IX,Index,2004,,76.2416413045142,,A,Normal value,0,Units,S,"Seasonally adjusted, not calendar adjusted",1,One,2015,
DATAFLOW,OECD.ECO.MPD:DSD_AN_HOUSE_PRICES@DF_HOUSE_PRICES(1.0),Analytical house prices indicators,I,AUT,Austria,A,Annual,HPI_YDH,Price to income ratio,IX,Index,2005,,75.748799184099,,A,Normal value,0,Units,S,"Seasonally adjusted, not calendar adjusted",1,One,2015,
DATAFLOW,OECD.ECO.MPD:DSD_AN_HOUSE_PRICES@DF_HOUSE_PRICES(1.0),Analytical house prices indicators,I,AUT,Austria,A,Annual,HPI_YDH,Price to income ratio,IX,Index,2006,,75.3981293362347,,A,Normal value,0,Units,S,"Seasonally adjusted, not calendar adjusted",1,One,2015,
DATAFLOW,OECD.ECO.MPD:DSD_AN_HOUSE_PRICES@DF_HOUSE_PRICES(1.0),Analytical house prices indicators,I,AUT,Austria,A,Annual,HPI_YDH,Price to income ratio,IX,Index,2007,,75.3786596339408,,A,Normal value,0,Units,S,"Seasonally adjusted, not calendar adjusted",1,One,2015,
DATAFLOW,OECD.ECO.MPD:DSD_AN_HOUSE_PRICES@DF_HOUSE_PRICES(1.0),Analytical house prices indicators,I,AUT,Austria,A,Annual,HPI_YDH,Price to income ratio,IX,Index,2008,,74.1398619786212,,A,Normal value,0,Units,S,"Seasonally adjusted, not calendar adjusted",1,One,2015,
DATAFLOW,OECD.ECO.MPD:DSD_AN_HOUSE_PRICES@DF_HOUSE_PRICES(1.0),Analytical house prices indicators,I,AUT,Austria,A,Annual,HPI_YDH,Price to income ratio,IX,Index,2009,,76.4542586918312,,A,Normal value,0,Units,S,"Seasonally adjusted, not calendar adjusted",1,One,2015,
DATAFLOW,OECD.ECO.MPD:DSD_AN_HOUSE_PRICES@DF_HOUSE_PRICES(1.0),Analytical house prices indicators,I,AUT,Austria,A,Annual,HPI_YDH,Price to income ratio,IX,Index,2010,,82.869544885807,,A,Normal value,0,Units,S,"Seasonally adjusted, not calendar adjusted",1,One,2015,
DATAFLOW,OECD.ECO.MPD:DSD_AN_HOUSE_PRICES@DF_HOUSE_PRICES(1.0),Analytical house prices indicators,I,AUT,Austria,A,Annual,HPI_YDH,Price to income ratio,IX,Index,2011,,86.4350092699692,,A,Normal value,0,Units,S,"Seasonally adjusted, not calendar adjusted",1,One,2015,
DATAFLOW,OECD.ECO.MPD:DSD_AN_HOUSE_PRICES@DF_HOUSE_PRICES(1.0),Analytical house prices indicators,I,AUT,Austria,A,Annual,HPI_YDH,Price to income ratio,IX,Index,2012,,88.2770194617837,,A,Normal value,0,Units,S,"Seasonally adjusted, not calendar adjusted",1,One,2015,
DATAFLOW,OECD.ECO.MPD:DSD_AN_HOUSE_PRICES@DF_HOUSE_PRICES(1.0),Analytical house prices indicators,I,AUT,Austria,A,Annual,HPI_YDH,Price to income ratio,IX,Index,2013,,93.8437224536163,,A,Normal value,0,Units,S,"Seasonally adjusted, not calendar adjusted",1,One,2015,
DATAFLOW,OECD.ECO.MPD:DSD_AN_HOUSE_PRICES@DF_HOUSE_PRICES(1.0),Analytical house prices indicators,I,AUT,Austria,A,Annual,HPI_YDH,Price to income ratio,IX,Index,2014,,95.7400066794077,,A,Normal value,0,Units,S,"Seasonally adjusted, not calendar adjusted",1,One,2015,
DATAFLOW,OECD.ECO.MPD:DSD_AN_HOUSE_PRICES@DF_HOUSE_PRICES(1.0),Analytical house prices indicators,I,AUT,Austria,A,Annual,HPI_YDH,Price to income ratio,IX,Index,2015,,100,,A,Normal value,0,Units,S,"Seasonally adjusted, not calendar adjusted",1,One,2015,
DATAFLOW,OECD.ECO.MPD:DSD_AN_HOUSE_PRICES@DF_HOUSE_PRICES(1.0),Analytical house prices indicators,I,AUT,Austria,A,Annual,HPI_YDH,Price to income ratio,IX,Index,2016,,103.761060259257,,A,Normal value,0,Units,S,"Seasonally adjusted, not calendar adjusted",1,One,2015,
DATAFLOW,OECD.ECO.MPD:DSD_AN_HOUSE_PRICES@DF_HOUSE_PRICES(1.0),Analytical house prices indicators,I,AUT,Austria,A,Annual,HPI_YDH,Price to income ratio,IX,Index,2017,,106.75569179147,,A,Normal value,0,Units,S,"Seasonally adjusted, not calendar adjusted",1,One,2015,
DATAFLOW,OECD.ECO.MPD:DSD_AN_HOUSE_PRICES@DF_HOUSE_PRICES(1.0),Analytical house prices indicators,I,AUT,Austria,A,Annual,HPI_YDH,Price to income ratio,IX,Index,2018,,109.720119243702,,A,Normal value,0,Units,S,"Seasonally adjusted, not calendar adjusted",1,One,2015,
DATAFLOW,OECD.ECO.MPD:DSD_AN_HOUSE_PRICES@DF_HOUSE_PRICES(1.0),Analytical house prices indicators,I,AUT,Austria,A,Annual,HPI_YDH,Price to income ratio,IX,Index,2019,,114.618709880255,,A,Normal value,0,Units,S,"Seasonally adjusted, not calendar adjusted",1,One,2015,
DATAFLOW,OECD.ECO.MPD:DSD_AN_HOUSE_PRICES@DF_HOUSE_PRICES(1.0),Analytical house prices indicators,I,AUT,Austria,A,Annual,HPI_YDH,Price to income ratio,IX,Index,2020,,123.454341046116,,A,Normal value,0,Units,S,"Seasonally adjusted, not calendar adjusted",1,One,2015,
DATAFLOW,OECD.ECO.MPD:DSD_AN_HOUSE_PRICES@DF_HOUSE_PRICES(1.0),Analytical house prices indicators,I,CZE,Czechia,A,Annual,HPI_YDH,Price to income ratio,IX,Index,2008,,112.494359482718,,A,Normal value,0,Units,S,"Seasonally adjusted, not calendar adjusted",1,One,2015,
DATAFLOW,OECD.ECO.MPD:DSD_AN_HOUSE_PRICES@DF_HOUSE_PRICES(1.0),Analytical house prices indicators,I,CZE,Czechia,A,Annual,HPI_YDH,Price to income ratio,IX,Index,2009,,109.050992278341,,A,Normal value,0,Units,S,"Seasonally adjusted, not calendar adjusted",1,One,2015,
DATAFLOW,OECD.ECO.MPD:DSD_AN_HOUSE_PRICES@DF_HOUSE_PRICES(1.0),Analytical house prices indicators,I,CZE,Czechia,A,Annual,HPI_YDH,Price to income ratio,IX,Index,2010,,104.014860723368,,A,Normal value,0,Units,S,"Seasonally adjusted, not calendar adjusted",1,One,2015,
DATAFLOW,OECD.ECO.MPD:DSD_AN_HOUSE_PRICES@DF_HOUSE_PRICES(1.0),Analytical house prices indicators,I,CZE,Czechia,A,Annual,HPI_YDH,Price to income ratio,IX,Index,2011,,103.129746861056,,A,Normal value,0,Units,S,"Seasonally adjusted, not calendar adjusted",1,One,2015,
DATAFLOW,OECD.ECO.MPD:DSD_AN_HOUSE_PRICES@DF_HOUSE_PRICES(1.0),Analytical house prices indicators,I,CZE,Czechia,A,Annual,HPI_YDH,Price to income ratio,IX,Index,2012,,100.152740113803,,A,Normal value,0,Units,S,"Seasonally adjusted, not calendar adjusted",1,One,2015,
DATAFLOW,OECD.ECO.MPD:DSD_AN_HOUSE_PRICES@DF_HOUSE_PRICES(1.0),Analytical house prices indicators,I,CZE,Czechia,A,Annual,HPI_YDH,Price to income ratio,IX,Index,2013,,100.365103044258,,A,Normal value,0,Units,S,"Seasonally adjusted, not calendar adjusted",1,One,2015,
DATAFLOW,OECD.ECO.MPD:DSD_AN_HOUSE_PRICES@DF_HOUSE_PRICES(1.0),Analytical house prices indicators,I,CZE,Czechia,A,Annual,HPI_YDH,Price to income ratio,IX,Index,2014,,98.855915036551,,A,Normal value,0,Units,S,"Seasonally adjusted, not calendar adjusted",1,One,2015,
DATAFLOW,OECD.ECO.MPD:DSD_AN_HOUSE_PRICES@DF_HOUSE_PRICES(1.0),Analytical house prices indicators,I,CZE,Czechia,A,Annual,HPI_YDH,Price to income ratio,IX,Index,2015,,100,,A,Normal value,0,Units,S,"Seasonally adjusted, not calendar adjusted",1,One,2015,
DATAFLOW,OECD.ECO.MPD:DSD_AN_HOUSE_PRICES@DF_HOUSE_PRICES(1.0),Analytical house prices indicators,I,CZE,Czechia,A,Annual,HPI_YDH,Price to income ratio,IX,Index,2016,,103.126259925325,,A,Normal value,0,Units,S,"Seasonally adjusted, not calendar adjusted",1,One,2015,
DATAFLOW,OECD.ECO.MPD:DSD_AN_HOUSE_PRICES@DF_HOUSE_PRICES(1.0),Analytical house prices indicators,I,CZE,Czechia,A,Annual,HPI_YDH,Price to income ratio,IX,Index,2017,,106.734769645956,,A,Normal value,0,Units,S,"Seasonally adjusted, not calendar adjusted",1,One,2015,
DATAFLOW,OECD.ECO.MPD:DSD_AN_HOUSE_PRICES@DF_HOUSE_PRICES(1.0),Analytical house prices indicators,I,CZE,Czechia,A,Annual,HPI_YDH,Price to income ratio,IX,Index,2018,,108.116178985823,,A,Normal value,0,Units,S,"Seasonally adjusted, not calendar adjusted",1,One,2015,
DATAFLOW,OECD.ECO.MPD:DSD_AN_HOUSE_PRICES@DF_HOUSE_PRICES(1.0),Analytical house prices indicators,I,CZE,Czechia,A,Annual,HPI_YDH,Price to income ratio,IX,Index,2019,,111.171852846001,,A,Normal value,0,Units,S,"Seasonally adjusted, not calendar adjusted",1,One,2015,
DATAFLOW,OECD.ECO.MPD:DSD_AN_HOUSE_PRICES@DF_HOUSE_PRICES(1.0),Analytical house prices indicators,I,CZE,Czechia,A,Annual,HPI_YDH,Price to income ratio,IX,Index,2020,,115.542678897156,,A,Normal value,0,Units,S,"Seasonally adjusted, not calendar adjusted",1,One,2015,
DATAFLOW,OECD.ECO.MPD:DSD_AN_HOUSE_PRICES@DF_HOUSE_PRICES(1.0),Analytical house prices indicators,I,CHL,Chile,A,Annual,HPI_YDH,Price to income ratio,IX,Index,2002,,90.6397328093194,,A,Normal value,0,Units,S,"Seasonally adjusted, not calendar adjusted",1,One,2015,
DATAFLOW,OECD.ECO.MPD:DSD_AN_HOUSE_PRICES@DF_HOUSE_PRICES(1.0),Analytical house prices indicators,I,CHL,Chile,A,Annual,HPI_YDH,Price to income ratio,IX,Index,2003,,90.2456031477863,,A,Normal value,0,Units,S,"Seasonally adjusted, not calendar adjusted",1,One,2015,
DATAFLOW,OECD.ECO.MPD:DSD_AN_HOUSE_PRICES@DF_HOUSE_PRICES(1.0),Analytical house prices indicators,I,CHL,Chile,A,Annual,HPI_YDH,Price to income ratio,IX,Index,2004,,91.3001449809148,,A,Normal value,0,Units,S,"Seasonally adjusted, not calendar adjusted",1,One,2015,
DATAFLOW,OECD.ECO.MPD:DSD_AN_HOUSE_PRICES@DF_HOUSE_PRICES(1.0),Analytical house prices indicators,I,CHL,Chile,A,Annual,HPI_YDH,Price to income ratio,IX,Index,2005,,89.1987125711289,,A,Normal value,0,Units,S,"Seasonally adjusted, not calendar adjusted",1,One,2015,
DATAFLOW,OECD.ECO.MPD:DSD_AN_HOUSE_PRICES@DF_HOUSE_PRICES(1.0),Analytical house prices indicators,I,CHL,Chile,A,Annual,HPI_YDH,Price to income ratio,IX,Index,2006,,84.6754973580799,,A,Normal value,0,Units,S,"Seasonally adjusted, not calendar adjusted",1,One,2015,
DATAFLOW,OECD.ECO.MPD:DSD_AN_HOUSE_PRICES@DF_HOUSE_PRICES(1.0),Analytical house prices indicators,I,CHL,Chile,A,Annual,HPI_YDH,Price to income ratio,IX,Index,2007,,88.4153158483061,,A,Normal value,0,Units,S,"Seasonally adjusted, not calendar adjusted",1,One,2015,
DATAFLOW,OECD.ECO.MPD:DSD_AN_HOUSE_PRICES@DF_HOUSE_PRICES(1.0),Analytical house prices indicators,I,CHL,Chile,A,Annual,HPI_YDH,Price to income ratio,IX,Index,2008,,84.8331524855986,,A,Normal value,0,Units,S,"Seasonally adjusted, not calendar adjusted",1,One,2015,
DATAFLOW,OECD.ECO.MPD:DSD_AN_HOUSE_PRICES@DF_HOUSE_PRICES(1.0),Analytical house prices indicators,I,CHL,Chile,A,Annual,HPI_YDH,Price to income ratio,IX,Index,2009,,87.5177330700764,,A,Normal value,0,Units,S,"Seasonally adjusted, not calendar adjusted",1,One,2015,
DATAFLOW,OECD.ECO.MPD:DSD_AN_HOUSE_PRICES@DF_HOUSE_PRICES(1.0),Analytical house prices indicators,I,CHL,Chile,A,Annual,HPI_YDH,Price to income ratio,IX,Index,2010,,84.7348980950393,,A,Normal value,0,Units,S,"Seasonally adjusted, not calendar adjusted",1,One,2015,
DATAFLOW,OECD.ECO.MPD:DSD_AN_HOUSE_PRICES@DF_HOUSE_PRICES(1.0),Analytical house prices indicators,I,CHL,Chile,A,Annual,HPI_YDH,Price to income ratio,IX,Index,2011,,85.0163847762938,,A,Normal value,0,Units,S,"Seasonally adjusted, not calendar adjusted",1,One,2015,
DATAFLOW,OECD.ECO.MPD:DSD_AN_HOUSE_PRICES@DF_HOUSE_PRICES(1.0),Analytical house prices indicators,I,CHL,Chile,A,Annual,HPI_YDH,Price to income ratio,IX,Index,2012,,84.3029085675947,,A,Normal value,0,Units,S,"Seasonally adjusted, not calendar adjusted",1,One,2015,
DATAFLOW,OECD.ECO.MPD:DSD_AN_HOUSE_PRICES@DF_HOUSE_PRICES(1.0),Analytical house prices indicators,I,CHL,Chile,A,Annual,HPI_YDH,Price to income ratio,IX,Index,2013,,87.745209554283,,A,Normal value,0,Units,S,"Seasonally adjusted, not calendar adjusted",1,One,2015,
DATAFLOW,OECD.ECO.MPD:DSD_AN_HOUSE_PRICES@DF_HOUSE_PRICES(1.0),Analytical house prices indicators,I,CHL,Chile,A,Annual,HPI_YDH,Price to income ratio,IX,Index,2014,,93.0321597056607,,A,Normal value,0,Units,S,"Seasonally adjusted, not calendar adjusted",1,One,2015,
DATAFLOW,OECD.ECO.MPD:DSD_AN_HOUSE_PRICES@DF_HOUSE_PRICES(1.0),Analytical house prices indicators,I,CHL,Chile,A,Annual,HPI_YDH,Price to income ratio,IX,Index,2015,,100,,A,Normal value,0,Units,S,"Seasonally adjusted, not calendar adjusted",1,One,2015,
DATAFLOW,OECD.ECO.MPD:DSD_AN_HOUSE_PRICES@DF_HOUSE_PRICES(1.0),Analytical house prices indicators,I,CHL,Chile,A,Annual,HPI_YDH,Price to income ratio,IX,Index,2016,,99.2100669488931,,A,Normal value,0,Units,S,"Seasonally adjusted, not calendar adjusted",1,One,2015,
DATAFLOW,OECD.ECO.MPD:DSD_AN_HOUSE_PRICES@DF_HOUSE_PRICES(1.0),Analytical house prices indicators,I,CHL,Chile,A,Annual,HPI_YDH,Price to income ratio,IX,Index,2017,,105.406844243155,,A,Normal value,0,Units,S,"Seasonally adjusted, not calendar adjusted",1,One,2015,
DATAFLOW,OECD.ECO.MPD:DSD_AN_HOUSE_PRICES@DF_HOUSE_PRICES(1.0),Analytical house prices indicators,I,CHL,Chile,A,Annual,HPI_YDH,Price to income ratio,IX,Index,2018,,110.516561593904,,A,Normal value,0,Units,S,"Seasonally adjusted, not calendar adjusted",1,One,2015,
DATAFLOW,OECD.ECO.MPD:DSD_AN_HOUSE_PRICES@DF_HOUSE_PRICES(1.0),Analytical house prices indicators,I,CHL,Chile,A,Annual,HPI_YDH,Price to income ratio,IX,Index,2019,,116.435620698684,,A,Normal value,0,Units,S,"Seasonally adjusted, not calendar adjusted",1,One,2015,
DATAFLOW,OECD.ECO.MPD:DSD_AN_HOUSE_PRICES@DF_HOUSE_PRICES(1.0),Analytical house prices indicators,I,CHL,Chile,A,Annual,HPI_YDH,Price to income ratio,IX,Index,2020,,108.649088866425,,A,Normal value,0,Units,S,"Seasonally adjusted, not calendar adjusted",1,One,2015,
DATAFLOW,OECD.ECO.MPD:DSD_AN_HOUSE_PRICES@DF_HOUSE_PRICES(1.0),Analytical house prices indicators,I,USA,United States,A,Annual,HPI_YDH,Price to income ratio,IX,Index,1990,,113.503586534817,,A,Normal value,0,Units,S,"Seasonally adjusted, not calendar adjusted",1,One,2015,
DATAFLOW,OECD.ECO.MPD:DSD_AN_HOUSE_PRICES@DF_HOUSE_PRICES(1.0),Analytical house prices indicators,I,USA,United States,A,Annual,HPI_YDH,Price to income ratio,IX,Index,1991,,111.406070081628,,A,Normal value,0,Units,S,"Seasonally adjusted, not calendar adjusted",1,One,2015,
DATAFLOW,OECD.ECO.MPD:DSD_AN_HOUSE_PRICES@DF_HOUSE_PRICES(1.0),Analytical house prices indicators,I,USA,United States,A,Annual,HPI_YDH,Price to income ratio,IX,Index,1992,,108.125535772863,,A,Normal value,0,Units,S,"Seasonally adjusted, not calendar adjusted",1,One,2015,
DATAFLOW,OECD.ECO.MPD:DSD_AN_HOUSE_PRICES@DF_HOUSE_PRICES(1.0),Analytical house prices indicators,I,USA,United States,A,Annual,HPI_YDH,Price to income ratio,IX,Index,1993,,107.606798250892,,A,Normal value,0,Units,S,"Seasonally adjusted, not calendar adjusted",1,One,2015,
DATAFLOW,OECD.ECO.MPD:DSD_AN_HOUSE_PRICES@DF_HOUSE_PRICES(1.0),Analytical house prices indicators,I,USA,United States,A,Annual,HPI_YDH,Price to income ratio,IX,Index,1994,,107.363108493098,,A,Normal value,0,Units,S,"Seasonally adjusted, not calendar adjusted",1,One,2015,
DATAFLOW,OECD.ECO.MPD:DSD_AN_HOUSE_PRICES@DF_HOUSE_PRICES(1.0),Analytical house prices indicators,I,USA,United States,A,Annual,HPI_YDH,Price to income ratio,IX,Index,1995,,105.914274045294,,A,Normal value,0,Units,S,"Seasonally adjusted, not calendar adjusted",1,One,2015,
DATAFLOW,OECD.ECO.MPD:DSD_AN_HOUSE_PRICES@DF_HOUSE_PRICES(1.0),Analytical house prices indicators,I,USA,United States,A,Annual,HPI_YDH,Price to income ratio,IX,Index,1996,,104.915540449006,,A,Normal value,0,Units,S,"Seasonally adjusted, not calendar adjusted",1,One,2015,
DATAFLOW,OECD.ECO.MPD:DSD_AN_HOUSE_PRICES@DF_HOUSE_PRICES(1.0),Analytical house prices indicators,I,USA,United States,A,Annual,HPI_YDH,Price to income ratio,IX,Index,1997,,103.735469833311,,A,Normal value,0,Units,S,"Seasonally adjusted, not calendar adjusted",1,One,2015,
DATAFLOW,OECD.ECO.MPD:DSD_AN_HOUSE_PRICES@DF_HOUSE_PRICES(1.0),Analytical house prices indicators,I,USA,United States,A,Annual,HPI_YDH,Price to income ratio,IX,Index,1998,,103.127472811549,,A,Normal value,0,Units,S,"Seasonally adjusted, not calendar adjusted",1,One,2015,
DATAFLOW,OECD.ECO.MPD:DSD_AN_HOUSE_PRICES@DF_HOUSE_PRICES(1.0),Analytical house prices indicators,I,USA,United States,A,Annual,HPI_YDH,Price to income ratio,IX,Index,1999,,105.654102451314,,A,Normal value,0,Units,S,"Seasonally adjusted, not calendar adjusted",1,One,2015,
DATAFLOW,OECD.ECO.MPD:DSD_AN_HOUSE_PRICES@DF_HOUSE_PRICES(1.0),Analytical house prices indicators,I,USA,United States,A,Annual,HPI_YDH,Price to income ratio,IX,Index,2000,,106.149127262828,,A,Normal value,0,Units,S,"Seasonally adjusted, not calendar adjusted",1,One,2015,
DATAFLOW,OECD.ECO.MPD:DSD_AN_HOUSE_PRICES@DF_HOUSE_PRICES(1.0),Analytical house prices indicators,I,USA,United States,A,Annual,HPI_YDH,Price to income ratio,IX,Index,2001,,109.166453706105,,A,Normal value,0,Units,S,"Seasonally adjusted, not calendar adjusted",1,One,2015,
DATAFLOW,OECD.ECO.MPD:DSD_AN_HOUSE_PRICES@DF_HOUSE_PRICES(1.0),Analytical house prices indicators,I,USA,United States,A,Annual,HPI_YDH,Price to income ratio,IX,Index,2002,,112.432322124696,,A,Normal value,0,Units,S,"Seasonally adjusted, not calendar adjusted",1,One,2015,
DATAFLOW,OECD.ECO.MPD:DSD_AN_HOUSE_PRICES@DF_HOUSE_PRICES(1.0),Analytical house prices indicators,I,USA,United States,A,Annual,HPI_YDH,Price to income ratio,IX,Index,2003,,116.475062212442,,A,Normal value,0,Units,S,"Seasonally adjusted, not calendar adjusted",1,One,2015,
DATAFLOW,OECD.ECO.MPD:DSD_AN_HOUSE_PRICES@DF_HOUSE_PRICES(1.0),Analytical house prices indicators,I,USA,United States,A,Annual,HPI_YDH,Price to income ratio,IX,Index,2004,,121.637853569791,,A,Normal value,0,Units,S,"Seasonally adjusted, not calendar adjusted",1,One,2015,
DATAFLOW,OECD.ECO.MPD:DSD_AN_HOUSE_PRICES@DF_HOUSE_PRICES(1.0),Analytical house prices indicators,I,USA,United States,A,Annual,HPI_YDH,Price to income ratio,IX,Index,2005,,130.652234782201,,A,Normal value,0,Units,S,"Seasonally adjusted, not calendar adjusted",1,One,2015,
DATAFLOW,OECD.ECO.MPD:DSD_AN_HOUSE_PRICES@DF_HOUSE_PRICES(1.0),Analytical house prices indicators,I,USA,United States,A,Annual,HPI_YDH,Price to income ratio,IX,Index,2006,,131.199241457283,,A,Normal value,0,Units,S,"Seasonally adjusted, not calendar adjusted",1,One,2015,
DATAFLOW,OECD.ECO.MPD:DSD_AN_HOUSE_PRICES@DF_HOUSE_PRICES(1.0),Analytical house prices indicators,I,USA,United States,A,Annual,HPI_YDH,Price to income ratio,IX,Index,2007,,126.31465169474,,A,Normal value,0,Units,S,"Seasonally adjusted, not calendar adjusted",1,One,2015,
DATAFLOW,OECD.ECO.MPD:DSD_AN_HOUSE_PRICES@DF_HOUSE_PRICES(1.0),Analytical house prices indicators,I,USA,United States,A,Annual,HPI_YDH,Price to income ratio,IX,Index,2008,,111.5838560708,,A,Normal value,0,Units,S,"Seasonally adjusted, not calendar adjusted",1,One,2015,
DATAFLOW,OECD.ECO.MPD:DSD_AN_HOUSE_PRICES@DF_HOUSE_PRICES(1.0),Analytical house prices indicators,I,USA,United States,A,Annual,HPI_YDH,Price to income ratio,IX,Index,2009,,105.649740383061,,A,Normal value,0,Units,S,"Seasonally adjusted, not calendar adjusted",1,One,2015,
DATAFLOW,OECD.ECO.MPD:DSD_AN_HOUSE_PRICES@DF_HOUSE_PRICES(1.0),Analytical house prices indicators,I,USA,United States,A,Annual,HPI_YDH,Price to income ratio,IX,Index,2010,,99.4850916376845,,A,Normal value,0,Units,S,"Seasonally adjusted, not calendar adjusted",1,One,2015,
DATAFLOW,OECD.ECO.MPD:DSD_AN_HOUSE_PRICES@DF_HOUSE_PRICES(1.0),Analytical house prices indicators,I,USA,United States,A,Annual,HPI_YDH,Price to income ratio,IX,Index,2011,,91.3901381091347,,A,Normal value,0,Units,S,"Seasonally adjusted, not calendar adjusted",1,One,2015,
DATAFLOW,OECD.ECO.MPD:DSD_AN_HOUSE_PRICES@DF_HOUSE_PRICES(1.0),Analytical house prices indicators,I,USA,United States,A,Annual,HPI_YDH,Price to income ratio,IX,Index,2012,,90.2767262024746,,A,Normal value,0,Units,S,"Seasonally adjusted, not calendar adjusted",1,One,2015,
DATAFLOW,OECD.ECO.MPD:DSD_AN_HOUSE_PRICES@DF_HOUSE_PRICES(1.0),Analytical house prices indicators,I,USA,United States,A,Annual,HPI_YDH,Price to income ratio,IX,Index,2013,,97.3875746206741,,A,Normal value,0,Units,S,"Seasonally adjusted, not calendar adjusted",1,One,2015,
DATAFLOW,OECD.ECO.MPD:DSD_AN_HOUSE_PRICES@DF_HOUSE_PRICES(1.0),Analytical house prices indicators,I,USA,United States,A,Annual,HPI_YDH,Price to income ratio,IX,Index,2014,,98.1411876436669,,A,Normal value,0,Units,S,"Seasonally adjusted, not calendar adjusted",1,One,2015,
DATAFLOW,OECD.ECO.MPD:DSD_AN_HOUSE_PRICES@DF_HOUSE_PRICES(1.0),Analytical house prices indicators,I,USA,United States,A,Annual,HPI_YDH,Price to income ratio,IX,Index,2015,,100,,A,Normal value,0,Units,S,"Seasonally adjusted, not calendar adjusted",1,One,2015,
DATAFLOW,OECD.ECO.MPD:DSD_AN_HOUSE_PRICES@DF_HOUSE_PRICES(1.0),Analytical house prices indicators,I,USA,United States,A,Annual,HPI_YDH,Price to income ratio,IX,Index,2016,,103.345310175403,,A,Normal value,0,Units,S,"Seasonally adjusted, not calendar adjusted",1,One,2015,
DATAFLOW,OECD.ECO.MPD:DSD_AN_HOUSE_PRICES@DF_HOUSE_PRICES(1.0),Analytical house prices indicators,I,USA,United States,A,Annual,HPI_YDH,Price to income ratio,IX,Index,2017,,105.283938347809,,A,Normal value,0,Units,S,"Seasonally adjusted, not calendar adjusted",1,One,2015,
DATAFLOW,OECD.ECO.MPD:DSD_AN_HOUSE_PRICES@DF_HOUSE_PRICES(1.0),Analytical house prices indicators,I,USA,United States,A,Annual,HPI_YDH,Price to income ratio,IX,Index,2018,,106.361249418433,,A,Normal value,0,Units,S,"Seasonally adjusted, not calendar adjusted",1,One,2015,
DATAFLOW,OECD.ECO.MPD:DSD_AN_HOUSE_PRICES@DF_HOUSE_PRICES(1.0),Analytical house prices indicators,I,USA,United States,A,Annual,HPI_YDH,Price to income ratio,IX,Index,2019,,107.349944916118,,A,Normal value,0,Units,S,"Seasonally adjusted, not calendar adjusted",1,One,2015,
DATAFLOW,OECD.ECO.MPD:DSD_AN_HOUSE_PRICES@DF_HOUSE_PRICES(1.0),Analytical house prices indicators,I,USA,United States,A,Annual,HPI_YDH,Price to income ratio,IX,Index,2020,,107.600675671397,,A,Normal value,0,Units,S,"Seasonally adjusted, not calendar adjusted",1,One,2015,
DATAFLOW,OECD.ECO.MPD:DSD_AN_HOUSE_PRICES@DF_HOUSE_PRICES(1.0),Analytical house prices indicators,I,GRC,Greece,A,Annual,HPI_YDH,Price to income ratio,IX,Index,1997,,85.5554629722036,,A,Normal value,0,Units,S,"Seasonally adjusted, not calendar adjusted",1,One,2015,
DATAFLOW,OECD.ECO.MPD:DSD_AN_HOUSE_PRICES@DF_HOUSE_PRICES(1.0),Analytical house prices indicators,I,GRC,Greece,A,Annual,HPI_YDH,Price to income ratio,IX,Index,1998,,90.1493239053672,,A,Normal value,0,Units,S,"Seasonally adjusted, not calendar adjusted",1,One,2015,
DATAFLOW,OECD.ECO.MPD:DSD_AN_HOUSE_PRICES@DF_HOUSE_PRICES(1.0),Analytical house prices indicators,I,GRC,Greece,A,Annual,HPI_YDH,Price to income ratio,IX,Index,1999,,93.9079598053107,,A,Normal value,0,Units,S,"Seasonally adjusted, not calendar adjusted",1,One,2015,
DATAFLOW,OECD.ECO.MPD:DSD_AN_HOUSE_PRICES@DF_HOUSE_PRICES(1.0),Analytical house prices indicators,I,GRC,Greece,A,Annual,HPI_YDH,Price to income ratio,IX,Index,2000,,101.354825606618,,A,Normal value,0,Units,S,"Seasonally adjusted, not calendar adjusted",1,One,2015,
DATAFLOW,OECD.ECO.MPD:DSD_AN_HOUSE_PRICES@DF_HOUSE_PRICES(1.0),Analytical house prices indicators,I,GRC,Greece,A,Annual,HPI_YDH,Price to income ratio,IX,Index,2001,,109.766022690498,,A,Normal value,0,Units,S,"Seasonally adjusted, not calendar adjusted",1,One,2015,
DATAFLOW,OECD.ECO.MPD:DSD_AN_HOUSE_PRICES@DF_HOUSE_PRICES(1.0),Analytical house prices indicators,I,GRC,Greece,A,Annual,HPI_YDH,Price to income ratio,IX,Index,2002,,117.068917706184,,A,Normal value,0,Units,S,"Seasonally adjusted, not calendar adjusted",1,One,2015,
DATAFLOW,OECD.ECO.MPD:DSD_AN_HOUSE_PRICES@DF_HOUSE_PRICES(1.0),Analytical house prices indicators,I,GRC,Greece,A,Annual,HPI_YDH,Price to income ratio,IX,Index,2003,,112.219313977209,,A,Normal value,0,Units,S,"Seasonally adjusted, not calendar adjusted",1,One,2015,
DATAFLOW,OECD.ECO.MPD:DSD_AN_HOUSE_PRICES@DF_HOUSE_PRICES(1.0),Analytical house prices indicators,I,GRC,Greece,A,Annual,HPI_YDH,Price to income ratio,IX,Index,2004,,107.160017905755,,A,Normal value,0,Units,S,"Seasonally adjusted, not calendar adjusted",1,One,2015,
DATAFLOW,OECD.ECO.MPD:DSD_AN_HOUSE_PRICES@DF_HOUSE_PRICES(1.0),Analytical house prices indicators,I,GRC,Greece,A,Annual,HPI_YDH,Price to income ratio,IX,Index,2005,,116.679317294952,,A,Normal value,0,Units,S,"Seasonally adjusted, not calendar adjusted",1,One,2015,
DATAFLOW,OECD.ECO.MPD:DSD_AN_HOUSE_PRICES@DF_HOUSE_PRICES(1.0),Analytical house prices indicators,I,GRC,Greece,A,Annual,HPI_YDH,Price to income ratio,IX,Index,2006,,121.560281727621,,A,Normal value,0,Units,S,"Seasonally adjusted, not calendar adjusted",1,One,2015,
DATAFLOW,OECD.ECO.MPD:DSD_AN_HOUSE_PRICES@DF_HOUSE_PRICES(1.0),Analytical house prices indicators,I,GRC,Greece,A,Annual,HPI_YDH,Price to income ratio,IX,Index,2007,,121.161928671534,,A,Normal value,0,Units,S,"Seasonally adjusted, not calendar adjusted",1,One,2015,
DATAFLOW,OECD.ECO.MPD:DSD_AN_HOUSE_PRICES@DF_HOUSE_PRICES(1.0),Analytical house prices indicators,I,GRC,Greece,A,Annual,HPI_YDH,Price to income ratio,IX,Index,2008,,117.186254665537,,A,Normal value,0,Units,S,"Seasonally adjusted, not calendar adjusted",1,One,2015,
DATAFLOW,OECD.ECO.MPD:DSD_AN_HOUSE_PRICES@DF_HOUSE_PRICES(1.0),Analytical house prices indicators,I,GRC,Greece,A,Annual,HPI_YDH,Price to income ratio,IX,Index,2009,,111.014840073956,,A,Normal value,0,Units,S,"Seasonally adjusted, not calendar adjusted",1,One,2015,
DATAFLOW,OECD.ECO.MPD:DSD_AN_HOUSE_PRICES@DF_HOUSE_PRICES(1.0),Analytical house prices indicators,I,GRC,Greece,A,Annual,HPI_YDH,Price to income ratio,IX,Index,2010,,117.474565440765,,A,Normal value,0,Units,S,"Seasonally adjusted, not calendar adjusted",1,One,2015,
DATAFLOW,OECD.ECO.MPD:DSD_AN_HOUSE_PRICES@DF_HOUSE_PRICES(1.0),Analytical house prices indicators,I,GRC,Greece,A,Annual,HPI_YDH,Price to income ratio,IX,Index,2011,,123.53133675286,,A,Normal value,0,Units,S,"Seasonally adjusted, not calendar adjusted",1,One,2015,
DATAFLOW,OECD.ECO.MPD:DSD_AN_HOUSE_PRICES@DF_HOUSE_PRICES(1.0),Analytical house prices indicators,I,GRC,Greece,A,Annual,HPI_YDH,Price to income ratio,IX,Index,2012,,122.552256508507,,A,Normal value,0,Units,S,"Seasonally adjusted, not calendar adjusted",1,One,2015,
DATAFLOW,OECD.ECO.MPD:DSD_AN_HOUSE_PRICES@DF_HOUSE_PRICES(1.0),Analytical house prices indicators,I,GRC,Greece,A,Annual,HPI_YDH,Price to income ratio,IX,Index,2013,,116.144153478245,,A,Normal value,0,Units,S,"Seasonally adjusted, not calendar adjusted",1,One,2015,
DATAFLOW,OECD.ECO.MPD:DSD_AN_HOUSE_PRICES@DF_HOUSE_PRICES(1.0),Analytical house prices indicators,I,GRC,Greece,A,Annual,HPI_YDH,Price to income ratio,IX,Index,2014,,106.300530511499,,A,Normal value,0,Units,S,"Seasonally adjusted, not calendar adjusted",1,One,2015,
DATAFLOW,OECD.ECO.MPD:DSD_AN_HOUSE_PRICES@DF_HOUSE_PRICES(1.0),Analytical house prices indicators,I,GRC,Greece,A,Annual,HPI_YDH,Price to income ratio,IX,Index,2015,,100,,A,Normal value,0,Units,S,"Seasonally adjusted, not calendar adjusted",1,One,2015,
DATAFLOW,OECD.ECO.MPD:DSD_AN_HOUSE_PRICES@DF_HOUSE_PRICES(1.0),Analytical house prices indicators,I,GRC,Greece,A,Annual,HPI_YDH,Price to income ratio,IX,Index,2016,,98.2713360430237,,A,Normal value,0,Units,S,"Seasonally adjusted, not calendar adjusted",1,One,2015,
DATAFLOW,OECD.ECO.MPD:DSD_AN_HOUSE_PRICES@DF_HOUSE_PRICES(1.0),Analytical house prices indicators,I,GRC,Greece,A,Annual,HPI_YDH,Price to income ratio,IX,Index,2017,,97.0194365412788,,A,Normal value,0,Units,S,"Seasonally adjusted, not calendar adjusted",1,One,2015,
DATAFLOW,OECD.ECO.MPD:DSD_AN_HOUSE_PRICES@DF_HOUSE_PRICES(1.0),Analytical house prices indicators,I,GRC,Greece,A,Annual,HPI_YDH,Price to income ratio,IX,Index,2018,,97.2210530509458,,A,Normal value,0,Units,S,"Seasonally adjusted, not calendar adjusted",1,One,2015,
DATAFLOW,OECD.ECO.MPD:DSD_AN_HOUSE_PRICES@DF_HOUSE_PRICES(1.0),Analytical house prices indicators,I,GRC,Greece,A,Annual,HPI_YDH,Price to income ratio,IX,Index,2019,,98.0804209152877,,A,Normal value,0,Units,S,"Seasonally adjusted, not calendar adjusted",1,One,2015,
DATAFLOW,OECD.ECO.MPD:DSD_AN_HOUSE_PRICES@DF_HOUSE_PRICES(1.0),Analytical house prices indicators,I,GRC,Greece,A,Annual,HPI_YDH,Price to income ratio,IX,Index,2020,,107.951608341669,,A,Normal value,0,Units,S,"Seasonally adjusted, not calendar adjusted",1,One,2015,
DATAFLOW,OECD.ECO.MPD:DSD_AN_HOUSE_PRICES@DF_HOUSE_PRICES(1.0),Analytical house prices indicators,I,DNK,Denmark,A,Annual,HPI_YDH,Price to income ratio,IX,Index,1990,,61.8388542234789,,A,Normal value,0,Units,S,"Seasonally adjusted, not calendar adjusted",1,One,2015,
DATAFLOW,OECD.ECO.MPD:DSD_AN_HOUSE_PRICES@DF_HOUSE_PRICES(1.0),Analytical house prices indicators,I,DNK,Denmark,A,Annual,HPI_YDH,Price to income ratio,IX,Index,1991,,59.9205472787631,,A,Normal value,0,Units,S,"Seasonally adjusted, not calendar adjusted",1,One,2015,
DATAFLOW,OECD.ECO.MPD:DSD_AN_HOUSE_PRICES@DF_HOUSE_PRICES(1.0),Analytical house prices indicators,I,DNK,Denmark,A,Annual,HPI_YDH,Price to income ratio,IX,Index,1992,,56.9238402037738,,A,Normal value,0,Units,S,"Seasonally adjusted, not calendar adjusted",1,One,2015,
DATAFLOW,OECD.ECO.MPD:DSD_AN_HOUSE_PRICES@DF_HOUSE_PRICES(1.0),Analytical house prices indicators,I,DNK,Denmark,A,Annual,HPI_YDH,Price to income ratio,IX,Index,1993,,57.2255307537206,,A,Normal value,0,Units,S,"Seasonally adjusted, not calendar adjusted",1,One,2015,
DATAFLOW,OECD.ECO.MPD:DSD_AN_HOUSE_PRICES@DF_HOUSE_PRICES(1.0),Analytical house prices indicators,I,DNK,Denmark,A,Annual,HPI_YDH,Price to income ratio,IX,Index,1994,,61.7290839751743,,A,Normal value,0,Units,S,"Seasonally adjusted, not calendar adjusted",1,One,2015,
DATAFLOW,OECD.ECO.MPD:DSD_AN_HOUSE_PRICES@DF_HOUSE_PRICES(1.0),Analytical house prices indicators,I,DNK,Denmark,A,Annual,HPI_YDH,Price to income ratio,IX,Index,1995,,60.9851721846702,,A,Normal value,0,Units,S,"Seasonally adjusted, not calendar adjusted",1,One,2015,
DATAFLOW,OECD.ECO.MPD:DSD_AN_HOUSE_PRICES@DF_HOUSE_PRICES(1.0),Analytical house prices indicators,I,DNK,Denmark,A,Annual,HPI_YDH,Price to income ratio,IX,Index,1996,,66.4238404879857,,A,Normal value,0,Units,S,"Seasonally adjusted, not calendar adjusted",1,One,2015,
DATAFLOW,OECD.ECO.MPD:DSD_AN_HOUSE_PRICES@DF_HOUSE_PRICES(1.0),Analytical house prices indicators,I,DNK,Denmark,A,Annual,HPI_YDH,Price to income ratio,IX,Index,1997,,73.3722492986024,,A,Normal value,0,Units,S,"Seasonally adjusted, not calendar adjusted",1,One,2015,
DATAFLOW,OECD.ECO.MPD:DSD_AN_HOUSE_PRICES@DF_HOUSE_PRICES(1.0),Analytical house prices indicators,I,DNK,Denmark,A,Annual,HPI_YDH,Price to income ratio,IX,Index,1998,,76.6303756179505,,A,Normal value,0,Units,S,"Seasonally adjusted, not calendar adjusted",1,One,2015,
DATAFLOW,OECD.ECO.MPD:DSD_AN_HOUSE_PRICES@DF_HOUSE_PRICES(1.0),Analytical house prices indicators,I,DNK,Denmark,A,Annual,HPI_YDH,Price to income ratio,IX,Index,1999,,82.479195844401,,A,Normal value,0,Units,S,"Seasonally adjusted, not calendar adjusted",1,One,2015,
DATAFLOW,OECD.ECO.MPD:DSD_AN_HOUSE_PRICES@DF_HOUSE_PRICES(1.0),Analytical house prices indicators,I,DNK,Denmark,A,Annual,HPI_YDH,Price to income ratio,IX,Index,2000,,84.4042130617263,,A,Normal value,0,Units,S,"Seasonally adjusted, not calendar adjusted",1,One,2015,
DATAFLOW,OECD.ECO.MPD:DSD_AN_HOUSE_PRICES@DF_HOUSE_PRICES(1.0),Analytical house prices indicators,I,DNK,Denmark,A,Annual,HPI_YDH,Price to income ratio,IX,Index,2001,,84.6589600321706,,A,Normal value,0,Units,S,"Seasonally adjusted, not calendar adjusted",1,One,2015,
DATAFLOW,OECD.ECO.MPD:DSD_AN_HOUSE_PRICES@DF_HOUSE_PRICES(1.0),Analytical house prices indicators,I,DNK,Denmark,A,Annual,HPI_YDH,Price to income ratio,IX,Index,2002,,84.0975157167225,,A,Normal value,0,Units,S,"Seasonally adjusted, not calendar adjusted",1,One,2015,
DATAFLOW,OECD.ECO.MPD:DSD_AN_HOUSE_PRICES@DF_HOUSE_PRICES(1.0),Analytical house prices indicators,I,DNK,Denmark,A,Annual,HPI_YDH,Price to income ratio,IX,Index,2003,,85.5607923588776,,A,Normal value,0,Units,S,"Seasonally adjusted, not calendar adjusted",1,One,2015,
DATAFLOW,OECD.ECO.MPD:DSD_AN_HOUSE_PRICES@DF_HOUSE_PRICES(1.0),Analytical house prices indicators,I,DNK,Denmark,A,Annual,HPI_YDH,Price to income ratio,IX,Index,2004,,91.4667738096528,,A,Normal value,0,Units,S,"Seasonally adjusted, not calendar adjusted",1,One,2015,
DATAFLOW,OECD.ECO.MPD:DSD_AN_HOUSE_PRICES@DF_HOUSE_PRICES(1.0),Analytical house prices indicators,I,DNK,Denmark,A,Annual,HPI_YDH,Price to income ratio,IX,Index,2005,,105.975694996256,,A,Normal value,0,Units,S,"Seasonally adjusted, not calendar adjusted",1,One,2015,
DATAFLOW,OECD.ECO.MPD:DSD_AN_HOUSE_PRICES@DF_HOUSE_PRICES(1.0),Analytical house prices indicators,I,DNK,Denmark,A,Annual,HPI_YDH,Price to income ratio,IX,Index,2006,,126.237369612756,,A,Normal value,0,Units,S,"Seasonally adjusted, not calendar adjusted",1,One,2015,
DATAFLOW,OECD.ECO.MPD:DSD_AN_HOUSE_PRICES@DF_HOUSE_PRICES(1.0),Analytical house prices indicators,I,DNK,Denmark,A,Annual,HPI_YDH,Price to income ratio,IX,Index,2007,,129.727057901011,,A,Normal value,0,Units,S,"Seasonally adjusted, not calendar adjusted",1,One,2015,
DATAFLOW,OECD.ECO.MPD:DSD_AN_HOUSE_PRICES@DF_HOUSE_PRICES(1.0),Analytical house prices indicators,I,DNK,Denmark,A,Annual,HPI_YDH,Price to income ratio,IX,Index,2008,,121.730752827135,,A,Normal value,0,Units,S,"Seasonally adjusted, not calendar adjusted",1,One,2015,
DATAFLOW,OECD.ECO.MPD:DSD_AN_HOUSE_PRICES@DF_HOUSE_PRICES(1.0),Analytical house prices indicators,I,DNK,Denmark,A,Annual,HPI_YDH,Price to income ratio,IX,Index,2009,,102.30953101263,,A,Normal value,0,Units,S,"Seasonally adjusted, not calendar adjusted",1,One,2015,
DATAFLOW,OECD.ECO.MPD:DSD_AN_HOUSE_PRICES@DF_HOUSE_PRICES(1.0),Analytical house prices indicators,I,DNK,Denmark,A,Annual,HPI_YDH,Price to income ratio,IX,Index,2010,,100.333990848218,,A,Normal value,0,Units,S,"Seasonally adjusted, not calendar adjusted",1,One,2015,
DATAFLOW,OECD.ECO.MPD:DSD_AN_HOUSE_PRICES@DF_HOUSE_PRICES(1.0),Analytical house prices indicators,I,DNK,Denmark,A,Annual,HPI_YDH,Price to income ratio,IX,Index,2011,,94.9971981993503,,A,Normal value,0,Units,S,"Seasonally adjusted, not calendar adjusted",1,One,2015,
DATAFLOW,OECD.ECO.MPD:DSD_AN_HOUSE_PRICES@DF_HOUSE_PRICES(1.0),Analytical house prices indicators,I,DNK,Denmark,A,Annual,HPI_YDH,Price to income ratio,IX,Index,2012,,91.3346297274165,,A,Normal value,0,Units,S,"Seasonally adjusted, not calendar adjusted",1,One,2015,
DATAFLOW,OECD.ECO.MPD:DSD_AN_HOUSE_PRICES@DF_HOUSE_PRICES(1.0),Analytical house prices indicators,I,DNK,Denmark,A,Annual,HPI_YDH,Price to income ratio,IX,Index,2013,,94.3906906852881,,A,Normal value,0,Units,S,"Seasonally adjusted, not calendar adjusted",1,One,2015,
DATAFLOW,OECD.ECO.MPD:DSD_AN_HOUSE_PRICES@DF_HOUSE_PRICES(1.0),Analytical house prices indicators,I,DNK,Denmark,A,Annual,HPI_YDH,Price to income ratio,IX,Index,2014,,97.6262359156196,,A,Normal value,0,Units,S,"Seasonally adjusted, not calendar adjusted",1,One,2015,
DATAFLOW,OECD.ECO.MPD:DSD_AN_HOUSE_PRICES@DF_HOUSE_PRICES(1.0),Analytical house prices indicators,I,DNK,Denmark,A,Annual,HPI_YDH,Price to income ratio,IX,Index,2015,,100,,A,Normal value,0,Units,S,"Seasonally adjusted, not calendar adjusted",1,One,2015,
DATAFLOW,OECD.ECO.MPD:DSD_AN_HOUSE_PRICES@DF_HOUSE_PRICES(1.0),Analytical house prices indicators,I,DNK,Denmark,A,Annual,HPI_YDH,Price to income ratio,IX,Index,2016,,100.071089690082,,A,Normal value,0,Units,S,"Seasonally adjusted, not calendar adjusted",1,One,2015,
DATAFLOW,OECD.ECO.MPD:DSD_AN_HOUSE_PRICES@DF_HOUSE_PRICES(1.0),Analytical house prices indicators,I,DNK,Denmark,A,Annual,HPI_YDH,Price to income ratio,IX,Index,2017,,102.214934646846,,A,Normal value,0,Units,S,"Seasonally adjusted, not calendar adjusted",1,One,2015,
DATAFLOW,OECD.ECO.MPD:DSD_AN_HOUSE_PRICES@DF_HOUSE_PRICES(1.0),Analytical house prices indicators,I,DNK,Denmark,A,Annual,HPI_YDH,Price to income ratio,IX,Index,2018,,103.28801331041,,A,Normal value,0,Units,S,"Seasonally adjusted, not calendar adjusted",1,One,2015,
DATAFLOW,OECD.ECO.MPD:DSD_AN_HOUSE_PRICES@DF_HOUSE_PRICES(1.0),Analytical house prices indicators,I,DNK,Denmark,A,Annual,HPI_YDH,Price to income ratio,IX,Index,2019,,103.174849042533,,A,Normal value,0,Units,S,"Seasonally adjusted, not calendar adjusted",1,One,2015,
DATAFLOW,OECD.ECO.MPD:DSD_AN_HOUSE_PRICES@DF_HOUSE_PRICES(1.0),Analytical house prices indicators,I,DNK,Denmark,A,Annual,HPI_YDH,Price to income ratio,IX,Index,2020,,107.530559629344,,A,Normal value,0,Units,S,"Seasonally adjusted, not calendar adjusted",1,One,2015,
DATAFLOW,OECD.ECO.MPD:DSD_AN_HOUSE_PRICES@DF_HOUSE_PRICES(1.0),Analytical house prices indicators,I,ROU,Romania,A,Annual,HPI_YDH,Price to income ratio,IX,Index,2009,,173.606881748519,,A,Normal value,0,Units,S,"Seasonally adjusted, not calendar adjusted",1,One,2015,
DATAFLOW,OECD.ECO.MPD:DSD_AN_HOUSE_PRICES@DF_HOUSE_PRICES(1.0),Analytical house prices indicators,I,ROU,Romania,A,Annual,HPI_YDH,Price to income ratio,IX,Index,2010,,152.976295175531,,A,Normal value,0,Units,S,"Seasonally adjusted, not calendar adjusted",1,One,2015,
DATAFLOW,OECD.ECO.MPD:DSD_AN_HOUSE_PRICES@DF_HOUSE_PRICES(1.0),Analytical house prices indicators,I,ROU,Romania,A,Annual,HPI_YDH,Price to income ratio,IX,Index,2011,,131.653213788054,,A,Normal value,0,Units,S,"Seasonally adjusted, not calendar adjusted",1,One,2015,
DATAFLOW,OECD.ECO.MPD:DSD_AN_HOUSE_PRICES@DF_HOUSE_PRICES(1.0),Analytical house prices indicators,I,ROU,Romania,A,Annual,HPI_YDH,Price to income ratio,IX,Index,2012,,119.957250147353,,A,Normal value,0,Units,S,"Seasonally adjusted, not calendar adjusted",1,One,2015,
DATAFLOW,OECD.ECO.MPD:DSD_AN_HOUSE_PRICES@DF_HOUSE_PRICES(1.0),Analytical house prices indicators,I,ROU,Romania,A,Annual,HPI_YDH,Price to income ratio,IX,Index,2013,,111.857885704283,,A,Normal value,0,Units,S,"Seasonally adjusted, not calendar adjusted",1,One,2015,
DATAFLOW,OECD.ECO.MPD:DSD_AN_HOUSE_PRICES@DF_HOUSE_PRICES(1.0),Analytical house prices indicators,I,ROU,Romania,A,Annual,HPI_YDH,Price to income ratio,IX,Index,2014,,105.870569495454,,A,Normal value,0,Units,S,"Seasonally adjusted, not calendar adjusted",1,One,2015,
DATAFLOW,OECD.ECO.MPD:DSD_AN_HOUSE_PRICES@DF_HOUSE_PRICES(1.0),Analytical house prices indicators,I,ROU,Romania,A,Annual,HPI_YDH,Price to income ratio,IX,Index,2015,,100,,A,Normal value,0,Units,S,"Seasonally adjusted, not calendar adjusted",1,One,2015,
DATAFLOW,OECD.ECO.MPD:DSD_AN_HOUSE_PRICES@DF_HOUSE_PRICES(1.0),Analytical house prices indicators,I,ROU,Romania,A,Annual,HPI_YDH,Price to income ratio,IX,Index,2016,,96.7776914204775,,A,Normal value,0,Units,S,"Seasonally adjusted, not calendar adjusted",1,One,2015,
DATAFLOW,OECD.ECO.MPD:DSD_AN_HOUSE_PRICES@DF_HOUSE_PRICES(1.0),Analytical house prices indicators,I,ROU,Romania,A,Annual,HPI_YDH,Price to income ratio,IX,Index,2017,,89.1829210987932,,A,Normal value,0,Units,S,"Seasonally adjusted, not calendar adjusted",1,One,2015,
DATAFLOW,OECD.ECO.MPD:DSD_AN_HOUSE_PRICES@DF_HOUSE_PRICES(1.0),Analytical house prices indicators,I,ROU,Romania,A,Annual,HPI_YDH,Price to income ratio,IX,Index,2018,,85.3596072325833,,A,Normal value,0,Units,S,"Seasonally adjusted, not calendar adjusted",1,One,2015,
DATAFLOW,OECD.ECO.MPD:DSD_AN_HOUSE_PRICES@DF_HOUSE_PRICES(1.0),Analytical house prices indicators,I,ROU,Romania,A,Annual,HPI_YDH,Price to income ratio,IX,Index,2019,,77.4373630459912,,A,Normal value,0,Units,S,"Seasonally adjusted, not calendar adjusted",1,One,2015,
DATAFLOW,OECD.ECO.MPD:DSD_AN_HOUSE_PRICES@DF_HOUSE_PRICES(1.0),Analytical house prices indicators,I,ROU,Romania,A,Annual,HPI_YDH,Price to income ratio,IX,Index,2020,,77.961675541876,,A,Normal value,0,Units,S,"Seasonally adjusted, not calendar adjusted",1,One,2015,
DATAFLOW,OECD.ECO.MPD:DSD_AN_HOUSE_PRICES@DF_HOUSE_PRICES(1.0),Analytical house prices indicators,I,COL,Colombia,A,Annual,HPI_YDH,Price to income ratio,IX,Index,2000,,90.4497412110767,,A,Normal value,0,Units,S,"Seasonally adjusted, not calendar adjusted",1,One,2015,
DATAFLOW,OECD.ECO.MPD:DSD_AN_HOUSE_PRICES@DF_HOUSE_PRICES(1.0),Analytical house prices indicators,I,COL,Colombia,A,Annual,HPI_YDH,Price to income ratio,IX,Index,2001,,88.5117687932251,,A,Normal value,0,Units,S,"Seasonally adjusted, not calendar adjusted",1,One,2015,
DATAFLOW,OECD.ECO.MPD:DSD_AN_HOUSE_PRICES@DF_HOUSE_PRICES(1.0),Analytical house prices indicators,I,COL,Colombia,A,Annual,HPI_YDH,Price to income ratio,IX,Index,2002,,83.366907165941,,A,Normal value,0,Units,S,"Seasonally adjusted, not calendar adjusted",1,One,2015,
DATAFLOW,OECD.ECO.MPD:DSD_AN_HOUSE_PRICES@DF_HOUSE_PRICES(1.0),Analytical house prices indicators,I,COL,Colombia,A,Annual,HPI_YDH,Price to income ratio,IX,Index,2003,,79.5661387439409,,A,Normal value,0,Units,S,"Seasonally adjusted, not calendar adjusted",1,One,2015,
DATAFLOW,OECD.ECO.MPD:DSD_AN_HOUSE_PRICES@DF_HOUSE_PRICES(1.0),Analytical house prices indicators,I,COL,Colombia,A,Annual,HPI_YDH,Price to income ratio,IX,Index,2004,,77.1920807545816,,A,Normal value,0,Units,S,"Seasonally adjusted, not calendar adjusted",1,One,2015,
DATAFLOW,OECD.ECO.MPD:DSD_AN_HOUSE_PRICES@DF_HOUSE_PRICES(1.0),Analytical house prices indicators,I,COL,Colombia,A,Annual,HPI_YDH,Price to income ratio,IX,Index,2005,,77.5272608541111,,A,Normal value,0,Units,S,"Seasonally adjusted, not calendar adjusted",1,One,2015,
DATAFLOW,OECD.ECO.MPD:DSD_AN_HOUSE_PRICES@DF_HOUSE_PRICES(1.0),Analytical house prices indicators,I,COL,Colombia,A,Annual,HPI_YDH,Price to income ratio,IX,Index,2006,,78.1061907748793,,A,Normal value,0,Units,S,"Seasonally adjusted, not calendar adjusted",1,One,2015,
DATAFLOW,OECD.ECO.MPD:DSD_AN_HOUSE_PRICES@DF_HOUSE_PRICES(1.0),Analytical house prices indicators,I,COL,Colombia,A,Annual,HPI_YDH,Price to income ratio,IX,Index,2007,,81.9603076744117,,A,Normal value,0,Units,S,"Seasonally adjusted, not calendar adjusted",1,One,2015,
DATAFLOW,OECD.ECO.MPD:DSD_AN_HOUSE_PRICES@DF_HOUSE_PRICES(1.0),Analytical house prices indicators,I,COL,Colombia,A,Annual,HPI_YDH,Price to income ratio,IX,Index,2008,,88.9450152663486,,A,Normal value,0,Units,S,"Seasonally adjusted, not calendar adjusted",1,One,2015,
DATAFLOW,OECD.ECO.MPD:DSD_AN_HOUSE_PRICES@DF_HOUSE_PRICES(1.0),Analytical house prices indicators,I,COL,Colombia,A,Annual,HPI_YDH,Price to income ratio,IX,Index,2009,,92.4886082445269,,A,Normal value,0,Units,S,"Seasonally adjusted, not calendar adjusted",1,One,2015,
DATAFLOW,OECD.ECO.MPD:DSD_AN_HOUSE_PRICES@DF_HOUSE_PRICES(1.0),Analytical house prices indicators,I,COL,Colombia,A,Annual,HPI_YDH,Price to income ratio,IX,Index,2010,,94.2611732113718,,A,Normal value,0,Units,S,"Seasonally adjusted, not calendar adjusted",1,One,2015,
DATAFLOW,OECD.ECO.MPD:DSD_AN_HOUSE_PRICES@DF_HOUSE_PRICES(1.0),Analytical house prices indicators,I,COL,Colombia,A,Annual,HPI_YDH,Price to income ratio,IX,Index,2011,,93.0442452503329,,A,Normal value,0,Units,S,"Seasonally adjusted, not calendar adjusted",1,One,2015,
DATAFLOW,OECD.ECO.MPD:DSD_AN_HOUSE_PRICES@DF_HOUSE_PRICES(1.0),Analytical house prices indicators,I,COL,Colombia,A,Annual,HPI_YDH,Price to income ratio,IX,Index,2012,,94.7030926311698,,A,Normal value,0,Units,S,"Seasonally adjusted, not calendar adjusted",1,One,2015,
DATAFLOW,OECD.ECO.MPD:DSD_AN_HOUSE_PRICES@DF_HOUSE_PRICES(1.0),Analytical house prices indicators,I,COL,Colombia,A,Annual,HPI_YDH,Price to income ratio,IX,Index,2013,,97.3819312112414,,A,Normal value,0,Units,S,"Seasonally adjusted, not calendar adjusted",1,One,2015,
DATAFLOW,OECD.ECO.MPD:DSD_AN_HOUSE_PRICES@DF_HOUSE_PRICES(1.0),Analytical house prices indicators,I,COL,Colombia,A,Annual,HPI_YDH,Price to income ratio,IX,Index,2014,,99.8680984390528,,A,Normal value,0,Units,S,"Seasonally adjusted, not calendar adjusted",1,One,2015,
DATAFLOW,OECD.ECO.MPD:DSD_AN_HOUSE_PRICES@DF_HOUSE_PRICES(1.0),Analytical house prices indicators,I,COL,Colombia,A,Annual,HPI_YDH,Price to income ratio,IX,Index,2015,,100,,A,Normal value,0,Units,S,"Seasonally adjusted, not calendar adjusted",1,One,2015,
DATAFLOW,OECD.ECO.MPD:DSD_AN_HOUSE_PRICES@DF_HOUSE_PRICES(1.0),Analytical house prices indicators,I,COL,Colombia,A,Annual,HPI_YDH,Price to income ratio,IX,Index,2016,,104.265970673572,,A,Normal value,0,Units,S,"Seasonally adjusted, not calendar adjusted",1,One,2015,
DATAFLOW,OECD.ECO.MPD:DSD_AN_HOUSE_PRICES@DF_HOUSE_PRICES(1.0),Analytical house prices indicators,I,COL,Colombia,A,Annual,HPI_YDH,Price to income ratio,IX,Index,2017,,104.813129830314,,A,Normal value,0,Units,S,"Seasonally adjusted, not calendar adjusted",1,One,2015,
DATAFLOW,OECD.ECO.MPD:DSD_AN_HOUSE_PRICES@DF_HOUSE_PRICES(1.0),Analytical house prices indicators,I,COL,Colombia,A,Annual,HPI_YDH,Price to income ratio,IX,Index,2018,,105.266813779972,,A,Normal value,0,Units,S,"Seasonally adjusted, not calendar adjusted",1,One,2015,
DATAFLOW,OECD.ECO.MPD:DSD_AN_HOUSE_PRICES@DF_HOUSE_PRICES(1.0),Analytical house prices indicators,I,COL,Colombia,A,Annual,HPI_YDH,Price to income ratio,IX,Index,2019,,106.47410793507,,A,Normal value,0,Units,S,"Seasonally adjusted, not calendar adjusted",1,One,2015,
DATAFLOW,OECD.ECO.MPD:DSD_AN_HOUSE_PRICES@DF_HOUSE_PRICES(1.0),Analytical house prices indicators,I,COL,Colombia,A,Annual,HPI_YDH,Price to income ratio,IX,Index,2020,,111.427126160874,,A,Normal value,0,Units,S,"Seasonally adjusted, not calendar adjusted",1,One,2015,
DATAFLOW,OECD.ECO.MPD:DSD_AN_HOUSE_PRICES@DF_HOUSE_PRICES(1.0),Analytical house prices indicators,I,CAN,Canada,A,Annual,HPI_YDH,Price to income ratio,IX,Index,1990,,72.5357943271395,,A,Normal value,0,Units,S,"Seasonally adjusted, not calendar adjusted",1,One,2015,
DATAFLOW,OECD.ECO.MPD:DSD_AN_HOUSE_PRICES@DF_HOUSE_PRICES(1.0),Analytical house prices indicators,I,CAN,Canada,A,Annual,HPI_YDH,Price to income ratio,IX,Index,1991,,74.050028578165,,A,Normal value,0,Units,S,"Seasonally adjusted, not calendar adjusted",1,One,2015,
DATAFLOW,OECD.ECO.MPD:DSD_AN_HOUSE_PRICES@DF_HOUSE_PRICES(1.0),Analytical house prices indicators,I,CAN,Canada,A,Annual,HPI_YDH,Price to income ratio,IX,Index,1992,,73.7324556650926,,A,Normal value,0,Units,S,"Seasonally adjusted, not calendar adjusted",1,One,2015,
DATAFLOW,OECD.ECO.MPD:DSD_AN_HOUSE_PRICES@DF_HOUSE_PRICES(1.0),Analytical house prices indicators,I,CAN,Canada,A,Annual,HPI_YDH,Price to income ratio,IX,Index,1993,,73.5021127940593,,A,Normal value,0,Units,S,"Seasonally adjusted, not calendar adjusted",1,One,2015,
DATAFLOW,OECD.ECO.MPD:DSD_AN_HOUSE_PRICES@DF_HOUSE_PRICES(1.0),Analytical house prices indicators,I,CAN,Canada,A,Annual,HPI_YDH,Price to income ratio,IX,Index,1994,,75.3977567176379,,A,Normal value,0,Units,S,"Seasonally adjusted, not calendar adjusted",1,One,2015,
DATAFLOW,OECD.ECO.MPD:DSD_AN_HOUSE_PRICES@DF_HOUSE_PRICES(1.0),Analytical house prices indicators,I,CAN,Canada,A,Annual,HPI_YDH,Price to income ratio,IX,Index,1995,,70.9718939988223,,A,Normal value,0,Units,S,"Seasonally adjusted, not calendar adjusted",1,One,2015,
DATAFLOW,OECD.ECO.MPD:DSD_AN_HOUSE_PRICES@DF_HOUSE_PRICES(1.0),Analytical house prices indicators,I,CAN,Canada,A,Annual,HPI_YDH,Price to income ratio,IX,Index,1996,,70.3752285185632,,A,Normal value,0,Units,S,"Seasonally adjusted, not calendar adjusted",1,One,2015,
DATAFLOW,OECD.ECO.MPD:DSD_AN_HOUSE_PRICES@DF_HOUSE_PRICES(1.0),Analytical house prices indicators,I,CAN,Canada,A,Annual,HPI_YDH,Price to income ratio,IX,Index,1997,,70.1938728526854,,A,Normal value,0,Units,S,"Seasonally adjusted, not calendar adjusted",1,One,2015,
DATAFLOW,OECD.ECO.MPD:DSD_AN_HOUSE_PRICES@DF_HOUSE_PRICES(1.0),Analytical house prices indicators,I,CAN,Canada,A,Annual,HPI_YDH,Price to income ratio,IX,Index,1998,,66.8900788608493,,A,Normal value,0,Units,S,"Seasonally adjusted, not calendar adjusted",1,One,2015,
DATAFLOW,OECD.ECO.MPD:DSD_AN_HOUSE_PRICES@DF_HOUSE_PRICES(1.0),Analytical house prices indicators,I,CAN,Canada,A,Annual,HPI_YDH,Price to income ratio,IX,Index,1999,,66.0019375165092,,A,Normal value,0,Units,S,"Seasonally adjusted, not calendar adjusted",1,One,2015,
DATAFLOW,OECD.ECO.MPD:DSD_AN_HOUSE_PRICES@DF_HOUSE_PRICES(1.0),Analytical house prices indicators,I,CAN,Canada,A,Annual,HPI_YDH,Price to income ratio,IX,Index,2000,,65.1175837849047,,A,Normal value,0,Units,S,"Seasonally adjusted, not calendar adjusted",1,One,2015,
DATAFLOW,OECD.ECO.MPD:DSD_AN_HOUSE_PRICES@DF_HOUSE_PRICES(1.0),Analytical house prices indicators,I,CAN,Canada,A,Annual,HPI_YDH,Price to income ratio,IX,Index,2001,,66.010838127313,,A,Normal value,0,Units,S,"Seasonally adjusted, not calendar adjusted",1,One,2015,
DATAFLOW,OECD.ECO.MPD:DSD_AN_HOUSE_PRICES@DF_HOUSE_PRICES(1.0),Analytical house prices indicators,I,CAN,Canada,A,Annual,HPI_YDH,Price to income ratio,IX,Index,2002,,69.1448524998018,,A,Normal value,0,Units,S,"Seasonally adjusted, not calendar adjusted",1,One,2015,
DATAFLOW,OECD.ECO.MPD:DSD_AN_HOUSE_PRICES@DF_HOUSE_PRICES(1.0),Analytical house prices indicators,I,CAN,Canada,A,Annual,HPI_YDH,Price to income ratio,IX,Index,2003,,73.0271930296781,,A,Normal value,0,Units,S,"Seasonally adjusted, not calendar adjusted",1,One,2015,
DATAFLOW,OECD.ECO.MPD:DSD_AN_HOUSE_PRICES@DF_HOUSE_PRICES(1.0),Analytical house prices indicators,I,CAN,Canada,A,Annual,HPI_YDH,Price to income ratio,IX,Index,2004,,75.8294495266349,,A,Normal value,0,Units,S,"Seasonally adjusted, not calendar adjusted",1,One,2015,
DATAFLOW,OECD.ECO.MPD:DSD_AN_HOUSE_PRICES@DF_HOUSE_PRICES(1.0),Analytical house prices indicators,I,CAN,Canada,A,Annual,HPI_YDH,Price to income ratio,IX,Index,2005,,79.0656095301858,,A,Normal value,0,Units,S,"Seasonally adjusted, not calendar adjusted",1,One,2015,
DATAFLOW,OECD.ECO.MPD:DSD_AN_HOUSE_PRICES@DF_HOUSE_PRICES(1.0),Analytical house prices indicators,I,CAN,Canada,A,Annual,HPI_YDH,Price to income ratio,IX,Index,2006,,83.1916620634112,,A,Normal value,0,Units,S,"Seasonally adjusted, not calendar adjusted",1,One,2015,
DATAFLOW,OECD.ECO.MPD:DSD_AN_HOUSE_PRICES@DF_HOUSE_PRICES(1.0),Analytical house prices indicators,I,CAN,Canada,A,Annual,HPI_YDH,Price to income ratio,IX,Index,2007,,88.6533710511013,,A,Normal value,0,Units,S,"Seasonally adjusted, not calendar adjusted",1,One,2015,
DATAFLOW,OECD.ECO.MPD:DSD_AN_HOUSE_PRICES@DF_HOUSE_PRICES(1.0),Analytical house prices indicators,I,CAN,Canada,A,Annual,HPI_YDH,Price to income ratio,IX,Index,2008,,89.132424490329,,A,Normal value,0,Units,S,"Seasonally adjusted, not calendar adjusted",1,One,2015,
DATAFLOW,OECD.ECO.MPD:DSD_AN_HOUSE_PRICES@DF_HOUSE_PRICES(1.0),Analytical house prices indicators,I,CAN,Canada,A,Annual,HPI_YDH,Price to income ratio,IX,Index,2009,,87.2139102996866,,A,Normal value,0,Units,S,"Seasonally adjusted, not calendar adjusted",1,One,2015,
DATAFLOW,OECD.ECO.MPD:DSD_AN_HOUSE_PRICES@DF_HOUSE_PRICES(1.0),Analytical house prices indicators,I,CAN,Canada,A,Annual,HPI_YDH,Price to income ratio,IX,Index,2010,,91.8000501860412,,A,Normal value,0,Units,S,"Seasonally adjusted, not calendar adjusted",1,One,2015,
DATAFLOW,OECD.ECO.MPD:DSD_AN_HOUSE_PRICES@DF_HOUSE_PRICES(1.0),Analytical house prices indicators,I,CAN,Canada,A,Annual,HPI_YDH,Price to income ratio,IX,Index,2011,,93.5560761971805,,A,Normal value,0,Units,S,"Seasonally adjusted, not calendar adjusted",1,One,2015,
DATAFLOW,OECD.ECO.MPD:DSD_AN_HOUSE_PRICES@DF_HOUSE_PRICES(1.0),Analytical house prices indicators,I,CAN,Canada,A,Annual,HPI_YDH,Price to income ratio,IX,Index,2012,,95.3275466575713,,A,Normal value,0,Units,S,"Seasonally adjusted, not calendar adjusted",1,One,2015,
DATAFLOW,OECD.ECO.MPD:DSD_AN_HOUSE_PRICES@DF_HOUSE_PRICES(1.0),Analytical house prices indicators,I,CAN,Canada,A,Annual,HPI_YDH,Price to income ratio,IX,Index,2013,,95.1451652389543,,A,Normal value,0,Units,S,"Seasonally adjusted, not calendar adjusted",1,One,2015,
DATAFLOW,OECD.ECO.MPD:DSD_AN_HOUSE_PRICES@DF_HOUSE_PRICES(1.0),Analytical house prices indicators,I,CAN,Canada,A,Annual,HPI_YDH,Price to income ratio,IX,Index,2014,,97.9309945579589,,A,Normal value,0,Units,S,"Seasonally adjusted, not calendar adjusted",1,One,2015,
DATAFLOW,OECD.ECO.MPD:DSD_AN_HOUSE_PRICES@DF_HOUSE_PRICES(1.0),Analytical house prices indicators,I,CAN,Canada,A,Annual,HPI_YDH,Price to income ratio,IX,Index,2015,,100,,A,Normal value,0,Units,S,"Seasonally adjusted, not calendar adjusted",1,One,2015,
DATAFLOW,OECD.ECO.MPD:DSD_AN_HOUSE_PRICES@DF_HOUSE_PRICES(1.0),Analytical house prices indicators,I,CAN,Canada,A,Annual,HPI_YDH,Price to income ratio,IX,Index,2016,,110.95196296045,,A,Normal value,0,Units,S,"Seasonally adjusted, not calendar adjusted",1,One,2015,
DATAFLOW,OECD.ECO.MPD:DSD_AN_HOUSE_PRICES@DF_HOUSE_PRICES(1.0),Analytical house prices indicators,I,CAN,Canada,A,Annual,HPI_YDH,Price to income ratio,IX,Index,2017,,119.474551848985,,A,Normal value,0,Units,S,"Seasonally adjusted, not calendar adjusted",1,One,2015,
DATAFLOW,OECD.ECO.MPD:DSD_AN_HOUSE_PRICES@DF_HOUSE_PRICES(1.0),Analytical house prices indicators,I,CAN,Canada,A,Annual,HPI_YDH,Price to income ratio,IX,Index,2018,,122.142956568118,,A,Normal value,0,Units,S,"Seasonally adjusted, not calendar adjusted",1,One,2015,
DATAFLOW,OECD.ECO.MPD:DSD_AN_HOUSE_PRICES@DF_HOUSE_PRICES(1.0),Analytical house prices indicators,I,CAN,Canada,A,Annual,HPI_YDH,Price to income ratio,IX,Index,2019,,120.13396937111,,A,Normal value,0,Units,S,"Seasonally adjusted, not calendar adjusted",1,One,2015,
DATAFLOW,OECD.ECO.MPD:DSD_AN_HOUSE_PRICES@DF_HOUSE_PRICES(1.0),Analytical house prices indicators,I,CAN,Canada,A,Annual,HPI_YDH,Price to income ratio,IX,Index,2020,,120.443511507755,,A,Normal value,0,Units,S,"Seasonally adjusted, not calendar adjusted",1,One,2015,
DATAFLOW,OECD.ECO.MPD:DSD_AN_HOUSE_PRICES@DF_HOUSE_PRICES(1.0),Analytical house prices indicators,I,LTU,Lithuania,A,Annual,HPI_YDH,Price to income ratio,IX,Index,2006,,150.53111838995,,A,Normal value,0,Units,S,"Seasonally adjusted, not calendar adjusted",1,One,2015,
DATAFLOW,OECD.ECO.MPD:DSD_AN_HOUSE_PRICES@DF_HOUSE_PRICES(1.0),Analytical house prices indicators,I,LTU,Lithuania,A,Annual,HPI_YDH,Price to income ratio,IX,Index,2007,,175.433394286694,,A,Normal value,0,Units,S,"Seasonally adjusted, not calendar adjusted",1,One,2015,
DATAFLOW,OECD.ECO.MPD:DSD_AN_HOUSE_PRICES@DF_HOUSE_PRICES(1.0),Analytical house prices indicators,I,LTU,Lithuania,A,Annual,HPI_YDH,Price to income ratio,IX,Index,2008,,158.74244809541,,A,Normal value,0,Units,S,"Seasonally adjusted, not calendar adjusted",1,One,2015,
DATAFLOW,OECD.ECO.MPD:DSD_AN_HOUSE_PRICES@DF_HOUSE_PRICES(1.0),Analytical house prices indicators,I,LTU,Lithuania,A,Annual,HPI_YDH,Price to income ratio,IX,Index,2009,,119.273210255799,,A,Normal value,0,Units,S,"Seasonally adjusted, not calendar adjusted",1,One,2015,
DATAFLOW,OECD.ECO.MPD:DSD_AN_HOUSE_PRICES@DF_HOUSE_PRICES(1.0),Analytical house prices indicators,I,LTU,Lithuania,A,Annual,HPI_YDH,Price to income ratio,IX,Index,2010,,106.952014869468,,A,Normal value,0,Units,S,"Seasonally adjusted, not calendar adjusted",1,One,2015,
DATAFLOW,OECD.ECO.MPD:DSD_AN_HOUSE_PRICES@DF_HOUSE_PRICES(1.0),Analytical house prices indicators,I,LTU,Lithuania,A,Annual,HPI_YDH,Price to income ratio,IX,Index,2011,,106.220090247273,,A,Normal value,0,Units,S,"Seasonally adjusted, not calendar adjusted",1,One,2015,
DATAFLOW,OECD.ECO.MPD:DSD_AN_HOUSE_PRICES@DF_HOUSE_PRICES(1.0),Analytical house prices indicators,I,LTU,Lithuania,A,Annual,HPI_YDH,Price to income ratio,IX,Index,2012,,100.210780734734,,A,Normal value,0,Units,S,"Seasonally adjusted, not calendar adjusted",1,One,2015,
DATAFLOW,OECD.ECO.MPD:DSD_AN_HOUSE_PRICES@DF_HOUSE_PRICES(1.0),Analytical house prices indicators,I,LTU,Lithuania,A,Annual,HPI_YDH,Price to income ratio,IX,Index,2013,,96.1377510082231,,A,Normal value,0,Units,S,"Seasonally adjusted, not calendar adjusted",1,One,2015,
DATAFLOW,OECD.ECO.MPD:DSD_AN_HOUSE_PRICES@DF_HOUSE_PRICES(1.0),Analytical house prices indicators,I,LTU,Lithuania,A,Annual,HPI_YDH,Price to income ratio,IX,Index,2014,,100.286579393355,,A,Normal value,0,Units,S,"Seasonally adjusted, not calendar adjusted",1,One,2015,
DATAFLOW,OECD.ECO.MPD:DSD_AN_HOUSE_PRICES@DF_HOUSE_PRICES(1.0),Analytical house prices indicators,I,LTU,Lithuania,A,Annual,HPI_YDH,Price to income ratio,IX,Index,2015,,100,,A,Normal value,0,Units,S,"Seasonally adjusted, not calendar adjusted",1,One,2015,
DATAFLOW,OECD.ECO.MPD:DSD_AN_HOUSE_PRICES@DF_HOUSE_PRICES(1.0),Analytical house prices indicators,I,LTU,Lithuania,A,Annual,HPI_YDH,Price to income ratio,IX,Index,2016,,96.7801479887258,,A,Normal value,0,Units,S,"Seasonally adjusted, not calendar adjusted",1,One,2015,
DATAFLOW,OECD.ECO.MPD:DSD_AN_HOUSE_PRICES@DF_HOUSE_PRICES(1.0),Analytical house prices indicators,I,LTU,Lithuania,A,Annual,HPI_YDH,Price to income ratio,IX,Index,2017,,99.7422886528447,,A,Normal value,0,Units,S,"Seasonally adjusted, not calendar adjusted",1,One,2015,
DATAFLOW,OECD.ECO.MPD:DSD_AN_HOUSE_PRICES@DF_HOUSE_PRICES(1.0),Analytical house prices indicators,I,LTU,Lithuania,A,Annual,HPI_YDH,Price to income ratio,IX,Index,2018,,99.7090391812477,,A,Normal value,0,Units,S,"Seasonally adjusted, not calendar adjusted",1,One,2015,
DATAFLOW,OECD.ECO.MPD:DSD_AN_HOUSE_PRICES@DF_HOUSE_PRICES(1.0),Analytical house prices indicators,I,LTU,Lithuania,A,Annual,HPI_YDH,Price to income ratio,IX,Index,2019,,96.4670603442974,,A,Normal value,0,Units,S,"Seasonally adjusted, not calendar adjusted",1,One,2015,
DATAFLOW,OECD.ECO.MPD:DSD_AN_HOUSE_PRICES@DF_HOUSE_PRICES(1.0),Analytical house prices indicators,I,LTU,Lithuania,A,Annual,HPI_YDH,Price to income ratio,IX,Index,2020,,94.5697963586293,,A,Normal value,0,Units,S,"Seasonally adjusted, not calendar adjusted",1,One,2015,
DATAFLOW,OECD.ECO.MPD:DSD_AN_HOUSE_PRICES@DF_HOUSE_PRICES(1.0),Analytical house prices indicators,I,HUN,Hungary,A,Annual,HPI_YDH,Price to income ratio,IX,Index,2007,,133.551431146263,,A,Normal value,0,Units,S,"Seasonally adjusted, not calendar adjusted",1,One,2015,
DATAFLOW,OECD.ECO.MPD:DSD_AN_HOUSE_PRICES@DF_HOUSE_PRICES(1.0),Analytical house prices indicators,I,HUN,Hungary,A,Annual,HPI_YDH,Price to income ratio,IX,Index,2008,,131.86952736906,,A,Normal value,0,Units,S,"Seasonally adjusted, not calendar adjusted",1,One,2015,
DATAFLOW,OECD.ECO.MPD:DSD_AN_HOUSE_PRICES@DF_HOUSE_PRICES(1.0),Analytical house prices indicators,I,HUN,Hungary,A,Annual,HPI_YDH,Price to income ratio,IX,Index,2009,,125.239244414502,,A,Normal value,0,Units,S,"Seasonally adjusted, not calendar adjusted",1,One,2015,
DATAFLOW,OECD.ECO.MPD:DSD_AN_HOUSE_PRICES@DF_HOUSE_PRICES(1.0),Analytical house prices indicators,I,HUN,Hungary,A,Annual,HPI_YDH,Price to income ratio,IX,Index,2010,,118.075160807605,,A,Normal value,0,Units,S,"Seasonally adjusted, not calendar adjusted",1,One,2015,
DATAFLOW,OECD.ECO.MPD:DSD_AN_HOUSE_PRICES@DF_HOUSE_PRICES(1.0),Analytical house prices indicators,I,HUN,Hungary,A,Annual,HPI_YDH,Price to income ratio,IX,Index,2011,,105.79997171145,,A,Normal value,0,Units,S,"Seasonally adjusted, not calendar adjusted",1,One,2015,
DATAFLOW,OECD.ECO.MPD:DSD_AN_HOUSE_PRICES@DF_HOUSE_PRICES(1.0),Analytical house prices indicators,I,HUN,Hungary,A,Annual,HPI_YDH,Price to income ratio,IX,Index,2012,,99.1678692032121,,A,Normal value,0,Units,S,"Seasonally adjusted, not calendar adjusted",1,One,2015,
DATAFLOW,OECD.ECO.MPD:DSD_AN_HOUSE_PRICES@DF_HOUSE_PRICES(1.0),Analytical house prices indicators,I,HUN,Hungary,A,Annual,HPI_YDH,Price to income ratio,IX,Index,2013,,92.8512565082252,,A,Normal value,0,Units,S,"Seasonally adjusted, not calendar adjusted",1,One,2015,
DATAFLOW,OECD.ECO.MPD:DSD_AN_HOUSE_PRICES@DF_HOUSE_PRICES(1.0),Analytical house prices indicators,I,HUN,Hungary,A,Annual,HPI_YDH,Price to income ratio,IX,Index,2014,,92.5382751918955,,A,Normal value,0,Units,S,"Seasonally adjusted, not calendar adjusted",1,One,2015,
DATAFLOW,OECD.ECO.MPD:DSD_AN_HOUSE_PRICES@DF_HOUSE_PRICES(1.0),Analytical house prices indicators,I,HUN,Hungary,A,Annual,HPI_YDH,Price to income ratio,IX,Index,2015,,100,,A,Normal value,0,Units,S,"Seasonally adjusted, not calendar adjusted",1,One,2015,
DATAFLOW,OECD.ECO.MPD:DSD_AN_HOUSE_PRICES@DF_HOUSE_PRICES(1.0),Analytical house prices indicators,I,HUN,Hungary,A,Annual,HPI_YDH,Price to income ratio,IX,Index,2016,,106.931012776697,,A,Normal value,0,Units,S,"Seasonally adjusted, not calendar adjusted",1,One,2015,
DATAFLOW,OECD.ECO.MPD:DSD_AN_HOUSE_PRICES@DF_HOUSE_PRICES(1.0),Analytical house prices indicators,I,HUN,Hungary,A,Annual,HPI_YDH,Price to income ratio,IX,Index,2017,,109.113148818655,,A,Normal value,0,Units,S,"Seasonally adjusted, not calendar adjusted",1,One,2015,
DATAFLOW,OECD.ECO.MPD:DSD_AN_HOUSE_PRICES@DF_HOUSE_PRICES(1.0),Analytical house prices indicators,I,HUN,Hungary,A,Annual,HPI_YDH,Price to income ratio,IX,Index,2018,,111.2119051409,,A,Normal value,0,Units,S,"Seasonally adjusted, not calendar adjusted",1,One,2015,
DATAFLOW,OECD.ECO.MPD:DSD_AN_HOUSE_PRICES@DF_HOUSE_PRICES(1.0),Analytical house prices indicators,I,HUN,Hungary,A,Annual,HPI_YDH,Price to income ratio,IX,Index,2019,,116.711852651469,,A,Normal value,0,Units,S,"Seasonally adjusted, not calendar adjusted",1,One,2015,
DATAFLOW,OECD.ECO.MPD:DSD_AN_HOUSE_PRICES@DF_HOUSE_PRICES(1.0),Analytical house prices indicators,I,HUN,Hungary,A,Annual,HPI_YDH,Price to income ratio,IX,Index,2020,,118.97994727634,,A,Normal value,0,Units,S,"Seasonally adjusted, not calendar adjusted",1,One,2015,
DATAFLOW,OECD.ECO.MPD:DSD_AN_HOUSE_PRICES@DF_HOUSE_PRICES(1.0),Analytical house prices indicators,I,ISR,Israel,A,Annual,HPI_YDH,Price to income ratio,IX,Index,1995,,106.586891947597,,A,Normal value,0,Units,S,"Seasonally adjusted, not calendar adjusted",1,One,2015,
DATAFLOW,OECD.ECO.MPD:DSD_AN_HOUSE_PRICES@DF_HOUSE_PRICES(1.0),Analytical house prices indicators,I,ISR,Israel,A,Annual,HPI_YDH,Price to income ratio,IX,Index,1996,,109.159630165935,,A,Normal value,0,Units,S,"Seasonally adjusted, not calendar adjusted",1,One,2015,
DATAFLOW,OECD.ECO.MPD:DSD_AN_HOUSE_PRICES@DF_HOUSE_PRICES(1.0),Analytical house prices indicators,I,ISR,Israel,A,Annual,HPI_YDH,Price to income ratio,IX,Index,1997,,109.853523878032,,A,Normal value,0,Units,S,"Seasonally adjusted, not calendar adjusted",1,One,2015,
DATAFLOW,OECD.ECO.MPD:DSD_AN_HOUSE_PRICES@DF_HOUSE_PRICES(1.0),Analytical house prices indicators,I,ISR,Israel,A,Annual,HPI_YDH,Price to income ratio,IX,Index,1998,,104.872844167835,,A,Normal value,0,Units,S,"Seasonally adjusted, not calendar adjusted",1,One,2015,
DATAFLOW,OECD.ECO.MPD:DSD_AN_HOUSE_PRICES@DF_HOUSE_PRICES(1.0),Analytical house prices indicators,I,ISR,Israel,A,Annual,HPI_YDH,Price to income ratio,IX,Index,1999,,104.124495788024,,A,Normal value,0,Units,S,"Seasonally adjusted, not calendar adjusted",1,One,2015,
DATAFLOW,OECD.ECO.MPD:DSD_AN_HOUSE_PRICES@DF_HOUSE_PRICES(1.0),Analytical house prices indicators,I,ISR,Israel,A,Annual,HPI_YDH,Price to income ratio,IX,Index,2000,,95.3102543157587,,A,Normal value,0,Units,S,"Seasonally adjusted, not calendar adjusted",1,One,2015,
DATAFLOW,OECD.ECO.MPD:DSD_AN_HOUSE_PRICES@DF_HOUSE_PRICES(1.0),Analytical house prices indicators,I,ISR,Israel,A,Annual,HPI_YDH,Price to income ratio,IX,Index,2001,,88.2691064055964,,A,Normal value,0,Units,S,"Seasonally adjusted, not calendar adjusted",1,One,2015,
DATAFLOW,OECD.ECO.MPD:DSD_AN_HOUSE_PRICES@DF_HOUSE_PRICES(1.0),Analytical house prices indicators,I,ISR,Israel,A,Annual,HPI_YDH,Price to income ratio,IX,Index,2002,,92.2177393977497,,A,Normal value,0,Units,S,"Seasonally adjusted, not calendar adjusted",1,One,2015,
DATAFLOW,OECD.ECO.MPD:DSD_AN_HOUSE_PRICES@DF_HOUSE_PRICES(1.0),Analytical house prices indicators,I,ISR,Israel,A,Annual,HPI_YDH,Price to income ratio,IX,Index,2003,,85.7707735784683,,A,Normal value,0,Units,S,"Seasonally adjusted, not calendar adjusted",1,One,2015,
DATAFLOW,OECD.ECO.MPD:DSD_AN_HOUSE_PRICES@DF_HOUSE_PRICES(1.0),Analytical house prices indicators,I,ISR,Israel,A,Annual,HPI_YDH,Price to income ratio,IX,Index,2004,,82.9059531579276,,A,Normal value,0,Units,S,"Seasonally adjusted, not calendar adjusted",1,One,2015,
DATAFLOW,OECD.ECO.MPD:DSD_AN_HOUSE_PRICES@DF_HOUSE_PRICES(1.0),Analytical house prices indicators,I,ISR,Israel,A,Annual,HPI_YDH,Price to income ratio,IX,Index,2005,,79.4769446449905,,A,Normal value,0,Units,S,"Seasonally adjusted, not calendar adjusted",1,One,2015,
DATAFLOW,OECD.ECO.MPD:DSD_AN_HOUSE_PRICES@DF_HOUSE_PRICES(1.0),Analytical house prices indicators,I,ISR,Israel,A,Annual,HPI_YDH,Price to income ratio,IX,Index,2006,,75.3296634002234,,A,Normal value,0,Units,S,"Seasonally adjusted, not calendar adjusted",1,One,2015,
DATAFLOW,OECD.ECO.MPD:DSD_AN_HOUSE_PRICES@DF_HOUSE_PRICES(1.0),Analytical house prices indicators,I,ISR,Israel,A,Annual,HPI_YDH,Price to income ratio,IX,Index,2007,,70.4407633296078,,A,Normal value,0,Units,S,"Seasonally adjusted, not calendar adjusted",1,One,2015,
DATAFLOW,OECD.ECO.MPD:DSD_AN_HOUSE_PRICES@DF_HOUSE_PRICES(1.0),Analytical house prices indicators,I,ISR,Israel,A,Annual,HPI_YDH,Price to income ratio,IX,Index,2008,,73.3275306429272,,A,Normal value,0,Units,S,"Seasonally adjusted, not calendar adjusted",1,One,2015,
DATAFLOW,OECD.ECO.MPD:DSD_AN_HOUSE_PRICES@DF_HOUSE_PRICES(1.0),Analytical house prices indicators,I,ISR,Israel,A,Annual,HPI_YDH,Price to income ratio,IX,Index,2009,,77.5833304308442,,A,Normal value,0,Units,S,"Seasonally adjusted, not calendar adjusted",1,One,2015,
DATAFLOW,OECD.ECO.MPD:DSD_AN_HOUSE_PRICES@DF_HOUSE_PRICES(1.0),Analytical house prices indicators,I,ISR,Israel,A,Annual,HPI_YDH,Price to income ratio,IX,Index,2010,,86.8109288659295,,A,Normal value,0,Units,S,"Seasonally adjusted, not calendar adjusted",1,One,2015,
DATAFLOW,OECD.ECO.MPD:DSD_AN_HOUSE_PRICES@DF_HOUSE_PRICES(1.0),Analytical house prices indicators,I,ISR,Israel,A,Annual,HPI_YDH,Price to income ratio,IX,Index,2011,,90.9791524525575,,A,Normal value,0,Units,S,"Seasonally adjusted, not calendar adjusted",1,One,2015,
DATAFLOW,OECD.ECO.MPD:DSD_AN_HOUSE_PRICES@DF_HOUSE_PRICES(1.0),Analytical house prices indicators,I,ISR,Israel,A,Annual,HPI_YDH,Price to income ratio,IX,Index,2012,,91.1964222873472,,A,Normal value,0,Units,S,"Seasonally adjusted, not calendar adjusted",1,One,2015,
DATAFLOW,OECD.ECO.MPD:DSD_AN_HOUSE_PRICES@DF_HOUSE_PRICES(1.0),Analytical house prices indicators,I,ISR,Israel,A,Annual,HPI_YDH,Price to income ratio,IX,Index,2013,,94.5254494547009,,A,Normal value,0,Units,S,"Seasonally adjusted, not calendar adjusted",1,One,2015,
DATAFLOW,OECD.ECO.MPD:DSD_AN_HOUSE_PRICES@DF_HOUSE_PRICES(1.0),Analytical house prices indicators,I,ISR,Israel,A,Annual,HPI_YDH,Price to income ratio,IX,Index,2014,,96.9133720815903,,A,Normal value,0,Units,S,"Seasonally adjusted, not calendar adjusted",1,One,2015,
DATAFLOW,OECD.ECO.MPD:DSD_AN_HOUSE_PRICES@DF_HOUSE_PRICES(1.0),Analytical house prices indicators,I,ISR,Israel,A,Annual,HPI_YDH,Price to income ratio,IX,Index,2015,,100,,A,Normal value,0,Units,S,"Seasonally adjusted, not calendar adjusted",1,One,2015,
DATAFLOW,OECD.ECO.MPD:DSD_AN_HOUSE_PRICES@DF_HOUSE_PRICES(1.0),Analytical house prices indicators,I,ISR,Israel,A,Annual,HPI_YDH,Price to income ratio,IX,Index,2016,,104.557158581234,,A,Normal value,0,Units,S,"Seasonally adjusted, not calendar adjusted",1,One,2015,
DATAFLOW,OECD.ECO.MPD:DSD_AN_HOUSE_PRICES@DF_HOUSE_PRICES(1.0),Analytical house prices indicators,I,JPN,Japan,A,Annual,HPI_YDH,Price to income ratio,IX,Index,1990,,180.580445561219,,A,Normal value,0,Units,S,"Seasonally adjusted, not calendar adjusted",1,One,2015,
DATAFLOW,OECD.ECO.MPD:DSD_AN_HOUSE_PRICES@DF_HOUSE_PRICES(1.0),Analytical house prices indicators,I,JPN,Japan,A,Annual,HPI_YDH,Price to income ratio,IX,Index,1991,,177.010876269261,,A,Normal value,0,Units,S,"Seasonally adjusted, not calendar adjusted",1,One,2015,
DATAFLOW,OECD.ECO.MPD:DSD_AN_HOUSE_PRICES@DF_HOUSE_PRICES(1.0),Analytical house prices indicators,I,JPN,Japan,A,Annual,HPI_YDH,Price to income ratio,IX,Index,1992,,166.459373250548,,A,Normal value,0,Units,S,"Seasonally adjusted, not calendar adjusted",1,One,2015,
DATAFLOW,OECD.ECO.MPD:DSD_AN_HOUSE_PRICES@DF_HOUSE_PRICES(1.0),Analytical house prices indicators,I,JPN,Japan,A,Annual,HPI_YDH,Price to income ratio,IX,Index,1993,,158.020827943104,,A,Normal value,0,Units,S,"Seasonally adjusted, not calendar adjusted",1,One,2015,
DATAFLOW,OECD.ECO.MPD:DSD_AN_HOUSE_PRICES@DF_HOUSE_PRICES(1.0),Analytical house prices indicators,I,JPN,Japan,A,Annual,HPI_YDH,Price to income ratio,IX,Index,1994,,152.054086491849,,A,Normal value,0,Units,S,"Seasonally adjusted, not calendar adjusted",1,One,2015,
DATAFLOW,OECD.ECO.MPD:DSD_AN_HOUSE_PRICES@DF_HOUSE_PRICES(1.0),Analytical house prices indicators,I,JPN,Japan,A,Annual,HPI_YDH,Price to income ratio,IX,Index,1995,,147.822530011227,,A,Normal value,0,Units,S,"Seasonally adjusted, not calendar adjusted",1,One,2015,
DATAFLOW,OECD.ECO.MPD:DSD_AN_HOUSE_PRICES@DF_HOUSE_PRICES(1.0),Analytical house prices indicators,I,JPN,Japan,A,Annual,HPI_YDH,Price to income ratio,IX,Index,1996,,145.179269547721,,A,Normal value,0,Units,S,"Seasonally adjusted, not calendar adjusted",1,One,2015,
DATAFLOW,OECD.ECO.MPD:DSD_AN_HOUSE_PRICES@DF_HOUSE_PRICES(1.0),Analytical house prices indicators,I,JPN,Japan,A,Annual,HPI_YDH,Price to income ratio,IX,Index,1997,,140.181809077806,,A,Normal value,0,Units,S,"Seasonally adjusted, not calendar adjusted",1,One,2015,
DATAFLOW,OECD.ECO.MPD:DSD_AN_HOUSE_PRICES@DF_HOUSE_PRICES(1.0),Analytical house prices indicators,I,JPN,Japan,A,Annual,HPI_YDH,Price to income ratio,IX,Index,1998,,137.304880052578,,A,Normal value,0,Units,S,"Seasonally adjusted, not calendar adjusted",1,One,2015,
DATAFLOW,OECD.ECO.MPD:DSD_AN_HOUSE_PRICES@DF_HOUSE_PRICES(1.0),Analytical house prices indicators,I,JPN,Japan,A,Annual,HPI_YDH,Price to income ratio,IX,Index,1999,,134.898748042738,,A,Normal value,0,Units,S,"Seasonally adjusted, not calendar adjusted",1,One,2015,
DATAFLOW,OECD.ECO.MPD:DSD_AN_HOUSE_PRICES@DF_HOUSE_PRICES(1.0),Analytical house prices indicators,I,JPN,Japan,A,Annual,HPI_YDH,Price to income ratio,IX,Index,2000,,131.553112976197,,A,Normal value,0,Units,S,"Seasonally adjusted, not calendar adjusted",1,One,2015,
DATAFLOW,OECD.ECO.MPD:DSD_AN_HOUSE_PRICES@DF_HOUSE_PRICES(1.0),Analytical house prices indicators,I,JPN,Japan,A,Annual,HPI_YDH,Price to income ratio,IX,Index,2001,,130.820955940972,,A,Normal value,0,Units,S,"Seasonally adjusted, not calendar adjusted",1,One,2015,
DATAFLOW,OECD.ECO.MPD:DSD_AN_HOUSE_PRICES@DF_HOUSE_PRICES(1.0),Analytical house prices indicators,I,JPN,Japan,A,Annual,HPI_YDH,Price to income ratio,IX,Index,2002,,125.424205264122,,A,Normal value,0,Units,S,"Seasonally adjusted, not calendar adjusted",1,One,2015,
DATAFLOW,OECD.ECO.MPD:DSD_AN_HOUSE_PRICES@DF_HOUSE_PRICES(1.0),Analytical house prices indicators,I,JPN,Japan,A,Annual,HPI_YDH,Price to income ratio,IX,Index,2003,,119.329200264242,,A,Normal value,0,Units,S,"Seasonally adjusted, not calendar adjusted",1,One,2015,
DATAFLOW,OECD.ECO.MPD:DSD_AN_HOUSE_PRICES@DF_HOUSE_PRICES(1.0),Analytical house prices indicators,I,JPN,Japan,A,Annual,HPI_YDH,Price to income ratio,IX,Index,2004,,110.950055785514,,A,Normal value,0,Units,S,"Seasonally adjusted, not calendar adjusted",1,One,2015,
DATAFLOW,OECD.ECO.MPD:DSD_AN_HOUSE_PRICES@DF_HOUSE_PRICES(1.0),Analytical house prices indicators,I,JPN,Japan,A,Annual,HPI_YDH,Price to income ratio,IX,Index,2005,,104.596214360786,,A,Normal value,0,Units,S,"Seasonally adjusted, not calendar adjusted",1,One,2015,
DATAFLOW,OECD.ECO.MPD:DSD_AN_HOUSE_PRICES@DF_HOUSE_PRICES(1.0),Analytical house prices indicators,I,JPN,Japan,A,Annual,HPI_YDH,Price to income ratio,IX,Index,2006,,100.03665513237,,A,Normal value,0,Units,S,"Seasonally adjusted, not calendar adjusted",1,One,2015,
DATAFLOW,OECD.ECO.MPD:DSD_AN_HOUSE_PRICES@DF_HOUSE_PRICES(1.0),Analytical house prices indicators,I,JPN,Japan,A,Annual,HPI_YDH,Price to income ratio,IX,Index,2007,,98.4145792432736,,A,Normal value,0,Units,S,"Seasonally adjusted, not calendar adjusted",1,One,2015,
DATAFLOW,OECD.ECO.MPD:DSD_AN_HOUSE_PRICES@DF_HOUSE_PRICES(1.0),Analytical house prices indicators,I,JPN,Japan,A,Annual,HPI_YDH,Price to income ratio,IX,Index,2008,,99.667591504088,,A,Normal value,0,Units,S,"Seasonally adjusted, not calendar adjusted",1,One,2015,
DATAFLOW,OECD.ECO.MPD:DSD_AN_HOUSE_PRICES@DF_HOUSE_PRICES(1.0),Analytical house prices indicators,I,JPN,Japan,A,Annual,HPI_YDH,Price to income ratio,IX,Index,2009,,95.5487294193294,,A,Normal value,0,Units,S,"Seasonally adjusted, not calendar adjusted",1,One,2015,
DATAFLOW,OECD.ECO.MPD:DSD_AN_HOUSE_PRICES@DF_HOUSE_PRICES(1.0),Analytical house prices indicators,I,JPN,Japan,A,Annual,HPI_YDH,Price to income ratio,IX,Index,2010,,97.156385895609,,A,Normal value,0,Units,S,"Seasonally adjusted, not calendar adjusted",1,One,2015,
DATAFLOW,OECD.ECO.MPD:DSD_AN_HOUSE_PRICES@DF_HOUSE_PRICES(1.0),Analytical house prices indicators,I,JPN,Japan,A,Annual,HPI_YDH,Price to income ratio,IX,Index,2011,,97.7228793371203,,A,Normal value,0,Units,S,"Seasonally adjusted, not calendar adjusted",1,One,2015,
DATAFLOW,OECD.ECO.MPD:DSD_AN_HOUSE_PRICES@DF_HOUSE_PRICES(1.0),Analytical house prices indicators,I,JPN,Japan,A,Annual,HPI_YDH,Price to income ratio,IX,Index,2012,,96.3903904768912,,A,Normal value,0,Units,S,"Seasonally adjusted, not calendar adjusted",1,One,2015,
DATAFLOW,OECD.ECO.MPD:DSD_AN_HOUSE_PRICES@DF_HOUSE_PRICES(1.0),Analytical house prices indicators,I,JPN,Japan,A,Annual,HPI_YDH,Price to income ratio,IX,Index,2013,,97.7173477494508,,A,Normal value,0,Units,S,"Seasonally adjusted, not calendar adjusted",1,One,2015,
DATAFLOW,OECD.ECO.MPD:DSD_AN_HOUSE_PRICES@DF_HOUSE_PRICES(1.0),Analytical house prices indicators,I,JPN,Japan,A,Annual,HPI_YDH,Price to income ratio,IX,Index,2014,,99.0910119474941,,A,Normal value,0,Units,S,"Seasonally adjusted, not calendar adjusted",1,One,2015,
DATAFLOW,OECD.ECO.MPD:DSD_AN_HOUSE_PRICES@DF_HOUSE_PRICES(1.0),Analytical house prices indicators,I,JPN,Japan,A,Annual,HPI_YDH,Price to income ratio,IX,Index,2015,,100,,A,Normal value,0,Units,S,"Seasonally adjusted, not calendar adjusted",1,One,2015,
DATAFLOW,OECD.ECO.MPD:DSD_AN_HOUSE_PRICES@DF_HOUSE_PRICES(1.0),Analytical house prices indicators,I,JPN,Japan,A,Annual,HPI_YDH,Price to income ratio,IX,Index,2016,,101.029659323982,,A,Normal value,0,Units,S,"Seasonally adjusted, not calendar adjusted",1,One,2015,
DATAFLOW,OECD.ECO.MPD:DSD_AN_HOUSE_PRICES@DF_HOUSE_PRICES(1.0),Analytical house prices indicators,I,JPN,Japan,A,Annual,HPI_YDH,Price to income ratio,IX,Index,2017,,102.393808998605,,A,Normal value,0,Units,S,"Seasonally adjusted, not calendar adjusted",1,One,2015,
DATAFLOW,OECD.ECO.MPD:DSD_AN_HOUSE_PRICES@DF_HOUSE_PRICES(1.0),Analytical house prices indicators,I,JPN,Japan,A,Annual,HPI_YDH,Price to income ratio,IX,Index,2018,,103.086249071299,,A,Normal value,0,Units,S,"Seasonally adjusted, not calendar adjusted",1,One,2015,
DATAFLOW,OECD.ECO.MPD:DSD_AN_HOUSE_PRICES@DF_HOUSE_PRICES(1.0),Analytical house prices indicators,I,JPN,Japan,A,Annual,HPI_YDH,Price to income ratio,IX,Index,2019,,102.890738473481,,A,Normal value,0,Units,S,"Seasonally adjusted, not calendar adjusted",1,One,2015,
DATAFLOW,OECD.ECO.MPD:DSD_AN_HOUSE_PRICES@DF_HOUSE_PRICES(1.0),Analytical house prices indicators,I,JPN,Japan,A,Annual,HPI_YDH,Price to income ratio,IX,Index,2020,,98.1357502569205,,A,Normal value,0,Units,S,"Seasonally adjusted, not calendar adjusted",1,One,2015,
DATAFLOW,OECD.ECO.MPD:DSD_AN_HOUSE_PRICES@DF_HOUSE_PRICES(1.0),Analytical house prices indicators,I,SWE,Sweden,A,Annual,HPI_YDH,Price to income ratio,IX,Index,1990,,74.9114319619091,,A,Normal value,0,Units,S,"Seasonally adjusted, not calendar adjusted",1,One,2015,
DATAFLOW,OECD.ECO.MPD:DSD_AN_HOUSE_PRICES@DF_HOUSE_PRICES(1.0),Analytical house prices indicators,I,SWE,Sweden,A,Annual,HPI_YDH,Price to income ratio,IX,Index,1991,,68.4430440803371,,A,Normal value,0,Units,S,"Seasonally adjusted, not calendar adjusted",1,One,2015,
DATAFLOW,OECD.ECO.MPD:DSD_AN_HOUSE_PRICES@DF_HOUSE_PRICES(1.0),Analytical house prices indicators,I,SWE,Sweden,A,Annual,HPI_YDH,Price to income ratio,IX,Index,1992,,58.9599754685598,,A,Normal value,0,Units,S,"Seasonally adjusted, not calendar adjusted",1,One,2015,
DATAFLOW,OECD.ECO.MPD:DSD_AN_HOUSE_PRICES@DF_HOUSE_PRICES(1.0),Analytical house prices indicators,I,SWE,Sweden,A,Annual,HPI_YDH,Price to income ratio,IX,Index,1993,,50.9971279639017,,A,Normal value,0,Units,S,"Seasonally adjusted, not calendar adjusted",1,One,2015,
DATAFLOW,OECD.ECO.MPD:DSD_AN_HOUSE_PRICES@DF_HOUSE_PRICES(1.0),Analytical house prices indicators,I,SWE,Sweden,A,Annual,HPI_YDH,Price to income ratio,IX,Index,1994,,52.4800292963607,,A,Normal value,0,Units,S,"Seasonally adjusted, not calendar adjusted",1,One,2015,
DATAFLOW,OECD.ECO.MPD:DSD_AN_HOUSE_PRICES@DF_HOUSE_PRICES(1.0),Analytical house prices indicators,I,SWE,Sweden,A,Annual,HPI_YDH,Price to income ratio,IX,Index,1995,,51.0854450725964,,A,Normal value,0,Units,S,"Seasonally adjusted, not calendar adjusted",1,One,2015,
DATAFLOW,OECD.ECO.MPD:DSD_AN_HOUSE_PRICES@DF_HOUSE_PRICES(1.0),Analytical house prices indicators,I,SWE,Sweden,A,Annual,HPI_YDH,Price to income ratio,IX,Index,1996,,51.4936809900745,,A,Normal value,0,Units,S,"Seasonally adjusted, not calendar adjusted",1,One,2015,
DATAFLOW,OECD.ECO.MPD:DSD_AN_HOUSE_PRICES@DF_HOUSE_PRICES(1.0),Analytical house prices indicators,I,SWE,Sweden,A,Annual,HPI_YDH,Price to income ratio,IX,Index,1997,,54.4615528992421,,A,Normal value,0,Units,S,"Seasonally adjusted, not calendar adjusted",1,One,2015,
DATAFLOW,OECD.ECO.MPD:DSD_AN_HOUSE_PRICES@DF_HOUSE_PRICES(1.0),Analytical house prices indicators,I,SWE,Sweden,A,Annual,HPI_YDH,Price to income ratio,IX,Index,1998,,58.1551240340023,,A,Normal value,0,Units,S,"Seasonally adjusted, not calendar adjusted",1,One,2015,
DATAFLOW,OECD.ECO.MPD:DSD_AN_HOUSE_PRICES@DF_HOUSE_PRICES(1.0),Analytical house prices indicators,I,SWE,Sweden,A,Annual,HPI_YDH,Price to income ratio,IX,Index,1999,,60.6288404576106,,A,Normal value,0,Units,S,"Seasonally adjusted, not calendar adjusted",1,One,2015,
DATAFLOW,OECD.ECO.MPD:DSD_AN_HOUSE_PRICES@DF_HOUSE_PRICES(1.0),Analytical house prices indicators,I,SWE,Sweden,A,Annual,HPI_YDH,Price to income ratio,IX,Index,2000,,63.4422049571206,,A,Normal value,0,Units,S,"Seasonally adjusted, not calendar adjusted",1,One,2015,
DATAFLOW,OECD.ECO.MPD:DSD_AN_HOUSE_PRICES@DF_HOUSE_PRICES(1.0),Analytical house prices indicators,I,SWE,Sweden,A,Annual,HPI_YDH,Price to income ratio,IX,Index,2001,,63.308476607764,,A,Normal value,0,Units,S,"Seasonally adjusted, not calendar adjusted",1,One,2015,
DATAFLOW,OECD.ECO.MPD:DSD_AN_HOUSE_PRICES@DF_HOUSE_PRICES(1.0),Analytical house prices indicators,I,SWE,Sweden,A,Annual,HPI_YDH,Price to income ratio,IX,Index,2002,,64.4561868897189,,A,Normal value,0,Units,S,"Seasonally adjusted, not calendar adjusted",1,One,2015,
DATAFLOW,OECD.ECO.MPD:DSD_AN_HOUSE_PRICES@DF_HOUSE_PRICES(1.0),Analytical house prices indicators,I,SWE,Sweden,A,Annual,HPI_YDH,Price to income ratio,IX,Index,2003,,67.1013360924596,,A,Normal value,0,Units,S,"Seasonally adjusted, not calendar adjusted",1,One,2015,
DATAFLOW,OECD.ECO.MPD:DSD_AN_HOUSE_PRICES@DF_HOUSE_PRICES(1.0),Analytical house prices indicators,I,SWE,Sweden,A,Annual,HPI_YDH,Price to income ratio,IX,Index,2004,,72.3315364605674,,A,Normal value,0,Units,S,"Seasonally adjusted, not calendar adjusted",1,One,2015,
DATAFLOW,OECD.ECO.MPD:DSD_AN_HOUSE_PRICES@DF_HOUSE_PRICES(1.0),Analytical house prices indicators,I,SWE,Sweden,A,Annual,HPI_YDH,Price to income ratio,IX,Index,2005,,76.0934638992957,,A,Normal value,0,Units,S,"Seasonally adjusted, not calendar adjusted",1,One,2015,
DATAFLOW,OECD.ECO.MPD:DSD_AN_HOUSE_PRICES@DF_HOUSE_PRICES(1.0),Analytical house prices indicators,I,SWE,Sweden,A,Annual,HPI_YDH,Price to income ratio,IX,Index,2006,,81.0772214926513,,A,Normal value,0,Units,S,"Seasonally adjusted, not calendar adjusted",1,One,2015,
DATAFLOW,OECD.ECO.MPD:DSD_AN_HOUSE_PRICES@DF_HOUSE_PRICES(1.0),Analytical house prices indicators,I,SWE,Sweden,A,Annual,HPI_YDH,Price to income ratio,IX,Index,2007,,85.5189367635978,,A,Normal value,0,Units,S,"Seasonally adjusted, not calendar adjusted",1,One,2015,
DATAFLOW,OECD.ECO.MPD:DSD_AN_HOUSE_PRICES@DF_HOUSE_PRICES(1.0),Analytical house prices indicators,I,SWE,Sweden,A,Annual,HPI_YDH,Price to income ratio,IX,Index,2008,,81.9138393583016,,A,Normal value,0,Units,S,"Seasonally adjusted, not calendar adjusted",1,One,2015,
DATAFLOW,OECD.ECO.MPD:DSD_AN_HOUSE_PRICES@DF_HOUSE_PRICES(1.0),Analytical house prices indicators,I,SWE,Sweden,A,Annual,HPI_YDH,Price to income ratio,IX,Index,2009,,82.2169105887341,,A,Normal value,0,Units,S,"Seasonally adjusted, not calendar adjusted",1,One,2015,
DATAFLOW,OECD.ECO.MPD:DSD_AN_HOUSE_PRICES@DF_HOUSE_PRICES(1.0),Analytical house prices indicators,I,SWE,Sweden,A,Annual,HPI_YDH,Price to income ratio,IX,Index,2010,,85.6515917072558,,A,Normal value,0,Units,S,"Seasonally adjusted, not calendar adjusted",1,One,2015,
DATAFLOW,OECD.ECO.MPD:DSD_AN_HOUSE_PRICES@DF_HOUSE_PRICES(1.0),Analytical house prices indicators,I,SWE,Sweden,A,Annual,HPI_YDH,Price to income ratio,IX,Index,2011,,84.260788994414,,A,Normal value,0,Units,S,"Seasonally adjusted, not calendar adjusted",1,One,2015,
DATAFLOW,OECD.ECO.MPD:DSD_AN_HOUSE_PRICES@DF_HOUSE_PRICES(1.0),Analytical house prices indicators,I,SWE,Sweden,A,Annual,HPI_YDH,Price to income ratio,IX,Index,2012,,81.9395002796897,,A,Normal value,0,Units,S,"Seasonally adjusted, not calendar adjusted",1,One,2015,
DATAFLOW,OECD.ECO.MPD:DSD_AN_HOUSE_PRICES@DF_HOUSE_PRICES(1.0),Analytical house prices indicators,I,SWE,Sweden,A,Annual,HPI_YDH,Price to income ratio,IX,Index,2013,,84.7653762643195,,A,Normal value,0,Units,S,"Seasonally adjusted, not calendar adjusted",1,One,2015,
DATAFLOW,OECD.ECO.MPD:DSD_AN_HOUSE_PRICES@DF_HOUSE_PRICES(1.0),Analytical house prices indicators,I,SWE,Sweden,A,Annual,HPI_YDH,Price to income ratio,IX,Index,2014,,90.7427647337765,,A,Normal value,0,Units,S,"Seasonally adjusted, not calendar adjusted",1,One,2015,
DATAFLOW,OECD.ECO.MPD:DSD_AN_HOUSE_PRICES@DF_HOUSE_PRICES(1.0),Analytical house prices indicators,I,SWE,Sweden,A,Annual,HPI_YDH,Price to income ratio,IX,Index,2015,,100,,A,Normal value,0,Units,S,"Seasonally adjusted, not calendar adjusted",1,One,2015,
DATAFLOW,OECD.ECO.MPD:DSD_AN_HOUSE_PRICES@DF_HOUSE_PRICES(1.0),Analytical house prices indicators,I,SWE,Sweden,A,Annual,HPI_YDH,Price to income ratio,IX,Index,2016,,105.136803822939,,A,Normal value,0,Units,S,"Seasonally adjusted, not calendar adjusted",1,One,2015,
DATAFLOW,OECD.ECO.MPD:DSD_AN_HOUSE_PRICES@DF_HOUSE_PRICES(1.0),Analytical house prices indicators,I,SWE,Sweden,A,Annual,HPI_YDH,Price to income ratio,IX,Index,2017,,109.385315037812,,A,Normal value,0,Units,S,"Seasonally adjusted, not calendar adjusted",1,One,2015,
DATAFLOW,OECD.ECO.MPD:DSD_AN_HOUSE_PRICES@DF_HOUSE_PRICES(1.0),Analytical house prices indicators,I,SWE,Sweden,A,Annual,HPI_YDH,Price to income ratio,IX,Index,2018,,105.170674880892,,A,Normal value,0,Units,S,"Seasonally adjusted, not calendar adjusted",1,One,2015,
DATAFLOW,OECD.ECO.MPD:DSD_AN_HOUSE_PRICES@DF_HOUSE_PRICES(1.0),Analytical house prices indicators,I,SWE,Sweden,A,Annual,HPI_YDH,Price to income ratio,IX,Index,2019,,104.193660182789,,A,Normal value,0,Units,S,"Seasonally adjusted, not calendar adjusted",1,One,2015,
DATAFLOW,OECD.ECO.MPD:DSD_AN_HOUSE_PRICES@DF_HOUSE_PRICES(1.0),Analytical house prices indicators,I,SWE,Sweden,A,Annual,HPI_YDH,Price to income ratio,IX,Index,2020,,109.3269907265,,A,Normal value,0,Units,S,"Seasonally adjusted, not calendar adjusted",1,One,2015,
DATAFLOW,OECD.ECO.MPD:DSD_AN_HOUSE_PRICES@DF_HOUSE_PRICES(1.0),Analytical house prices indicators,I,FRA,France,A,Annual,HPI_YDH,Price to income ratio,IX,Index,1990,,81.1345821389411,,A,Normal value,0,Units,S,"Seasonally adjusted, not calendar adjusted",1,One,2015,
DATAFLOW,OECD.ECO.MPD:DSD_AN_HOUSE_PRICES@DF_HOUSE_PRICES(1.0),Analytical house prices indicators,I,FRA,France,A,Annual,HPI_YDH,Price to income ratio,IX,Index,1991,,81.0545580199843,,A,Normal value,0,Units,S,"Seasonally adjusted, not calendar adjusted",1,One,2015,
DATAFLOW,OECD.ECO.MPD:DSD_AN_HOUSE_PRICES@DF_HOUSE_PRICES(1.0),Analytical house prices indicators,I,FRA,France,A,Annual,HPI_YDH,Price to income ratio,IX,Index,1992,,75.8710308106854,,A,Normal value,0,Units,S,"Seasonally adjusted, not calendar adjusted",1,One,2015,
DATAFLOW,OECD.ECO.MPD:DSD_AN_HOUSE_PRICES@DF_HOUSE_PRICES(1.0),Analytical house prices indicators,I,FRA,France,A,Annual,HPI_YDH,Price to income ratio,IX,Index,1993,,73.6255019122773,,A,Normal value,0,Units,S,"Seasonally adjusted, not calendar adjusted",1,One,2015,
DATAFLOW,OECD.ECO.MPD:DSD_AN_HOUSE_PRICES@DF_HOUSE_PRICES(1.0),Analytical house prices indicators,I,FRA,France,A,Annual,HPI_YDH,Price to income ratio,IX,Index,1994,,72.4836490187922,,A,Normal value,0,Units,S,"Seasonally adjusted, not calendar adjusted",1,One,2015,
DATAFLOW,OECD.ECO.MPD:DSD_AN_HOUSE_PRICES@DF_HOUSE_PRICES(1.0),Analytical house prices indicators,I,FRA,France,A,Annual,HPI_YDH,Price to income ratio,IX,Index,1995,,67.4135021746589,,A,Normal value,0,Units,S,"Seasonally adjusted, not calendar adjusted",1,One,2015,
DATAFLOW,OECD.ECO.MPD:DSD_AN_HOUSE_PRICES@DF_HOUSE_PRICES(1.0),Analytical house prices indicators,I,FRA,France,A,Annual,HPI_YDH,Price to income ratio,IX,Index,1996,,65.1077254218759,,A,Normal value,0,Units,S,"Seasonally adjusted, not calendar adjusted",1,One,2015,
DATAFLOW,OECD.ECO.MPD:DSD_AN_HOUSE_PRICES@DF_HOUSE_PRICES(1.0),Analytical house prices indicators,I,FRA,France,A,Annual,HPI_YDH,Price to income ratio,IX,Index,1997,,63.3441354156792,,A,Normal value,0,Units,S,"Seasonally adjusted, not calendar adjusted",1,One,2015,
DATAFLOW,OECD.ECO.MPD:DSD_AN_HOUSE_PRICES@DF_HOUSE_PRICES(1.0),Analytical house prices indicators,I,FRA,France,A,Annual,HPI_YDH,Price to income ratio,IX,Index,1998,,62.6326237173149,,A,Normal value,0,Units,S,"Seasonally adjusted, not calendar adjusted",1,One,2015,
DATAFLOW,OECD.ECO.MPD:DSD_AN_HOUSE_PRICES@DF_HOUSE_PRICES(1.0),Analytical house prices indicators,I,FRA,France,A,Annual,HPI_YDH,Price to income ratio,IX,Index,1999,,65.4941929182078,,A,Normal value,0,Units,S,"Seasonally adjusted, not calendar adjusted",1,One,2015,
DATAFLOW,OECD.ECO.MPD:DSD_AN_HOUSE_PRICES@DF_HOUSE_PRICES(1.0),Analytical house prices indicators,I,FRA,France,A,Annual,HPI_YDH,Price to income ratio,IX,Index,2000,,67.5518318449071,,A,Normal value,0,Units,S,"Seasonally adjusted, not calendar adjusted",1,One,2015,
DATAFLOW,OECD.ECO.MPD:DSD_AN_HOUSE_PRICES@DF_HOUSE_PRICES(1.0),Analytical house prices indicators,I,FRA,France,A,Annual,HPI_YDH,Price to income ratio,IX,Index,2001,,69.743758744014,,A,Normal value,0,Units,S,"Seasonally adjusted, not calendar adjusted",1,One,2015,
DATAFLOW,OECD.ECO.MPD:DSD_AN_HOUSE_PRICES@DF_HOUSE_PRICES(1.0),Analytical house prices indicators,I,FRA,France,A,Annual,HPI_YDH,Price to income ratio,IX,Index,2002,,73.1498711569521,,A,Normal value,0,Units,S,"Seasonally adjusted, not calendar adjusted",1,One,2015,
DATAFLOW,OECD.ECO.MPD:DSD_AN_HOUSE_PRICES@DF_HOUSE_PRICES(1.0),Analytical house prices indicators,I,FRA,France,A,Annual,HPI_YDH,Price to income ratio,IX,Index,2003,,80.3992206713513,,A,Normal value,0,Units,S,"Seasonally adjusted, not calendar adjusted",1,One,2015,
DATAFLOW,OECD.ECO.MPD:DSD_AN_HOUSE_PRICES@DF_HOUSE_PRICES(1.0),Analytical house prices indicators,I,FRA,France,A,Annual,HPI_YDH,Price to income ratio,IX,Index,2004,,89.5002446171483,,A,Normal value,0,Units,S,"Seasonally adjusted, not calendar adjusted",1,One,2015,
DATAFLOW,OECD.ECO.MPD:DSD_AN_HOUSE_PRICES@DF_HOUSE_PRICES(1.0),Analytical house prices indicators,I,FRA,France,A,Annual,HPI_YDH,Price to income ratio,IX,Index,2005,,100.885509164848,,A,Normal value,0,Units,S,"Seasonally adjusted, not calendar adjusted",1,One,2015,
DATAFLOW,OECD.ECO.MPD:DSD_AN_HOUSE_PRICES@DF_HOUSE_PRICES(1.0),Analytical house prices indicators,I,FRA,France,A,Annual,HPI_YDH,Price to income ratio,IX,Index,2006,,108.183905826054,,A,Normal value,0,Units,S,"Seasonally adjusted, not calendar adjusted",1,One,2015,
DATAFLOW,OECD.ECO.MPD:DSD_AN_HOUSE_PRICES@DF_HOUSE_PRICES(1.0),Analytical house prices indicators,I,FRA,France,A,Annual,HPI_YDH,Price to income ratio,IX,Index,2007,,110.372322019489,,A,Normal value,0,Units,S,"Seasonally adjusted, not calendar adjusted",1,One,2015,
DATAFLOW,OECD.ECO.MPD:DSD_AN_HOUSE_PRICES@DF_HOUSE_PRICES(1.0),Analytical house prices indicators,I,FRA,France,A,Annual,HPI_YDH,Price to income ratio,IX,Index,2008,,108.726405699547,,A,Normal value,0,Units,S,"Seasonally adjusted, not calendar adjusted",1,One,2015,
DATAFLOW,OECD.ECO.MPD:DSD_AN_HOUSE_PRICES@DF_HOUSE_PRICES(1.0),Analytical house prices indicators,I,FRA,France,A,Annual,HPI_YDH,Price to income ratio,IX,Index,2009,,101.094112889291,,A,Normal value,0,Units,S,"Seasonally adjusted, not calendar adjusted",1,One,2015,
DATAFLOW,OECD.ECO.MPD:DSD_AN_HOUSE_PRICES@DF_HOUSE_PRICES(1.0),Analytical house prices indicators,I,FRA,France,A,Annual,HPI_YDH,Price to income ratio,IX,Index,2010,,103.879616171055,,A,Normal value,0,Units,S,"Seasonally adjusted, not calendar adjusted",1,One,2015,
DATAFLOW,OECD.ECO.MPD:DSD_AN_HOUSE_PRICES@DF_HOUSE_PRICES(1.0),Analytical house prices indicators,I,FRA,France,A,Annual,HPI_YDH,Price to income ratio,IX,Index,2011,,108.3057371666,,A,Normal value,0,Units,S,"Seasonally adjusted, not calendar adjusted",1,One,2015,
DATAFLOW,OECD.ECO.MPD:DSD_AN_HOUSE_PRICES@DF_HOUSE_PRICES(1.0),Analytical house prices indicators,I,FRA,France,A,Annual,HPI_YDH,Price to income ratio,IX,Index,2012,,107.018601924099,,A,Normal value,0,Units,S,"Seasonally adjusted, not calendar adjusted",1,One,2015,
DATAFLOW,OECD.ECO.MPD:DSD_AN_HOUSE_PRICES@DF_HOUSE_PRICES(1.0),Analytical house prices indicators,I,FRA,France,A,Annual,HPI_YDH,Price to income ratio,IX,Index,2013,,105.616764997656,,A,Normal value,0,Units,S,"Seasonally adjusted, not calendar adjusted",1,One,2015,
DATAFLOW,OECD.ECO.MPD:DSD_AN_HOUSE_PRICES@DF_HOUSE_PRICES(1.0),Analytical house prices indicators,I,FRA,France,A,Annual,HPI_YDH,Price to income ratio,IX,Index,2014,,102.739168069995,,A,Normal value,0,Units,S,"Seasonally adjusted, not calendar adjusted",1,One,2015,
DATAFLOW,OECD.ECO.MPD:DSD_AN_HOUSE_PRICES@DF_HOUSE_PRICES(1.0),Analytical house prices indicators,I,FRA,France,A,Annual,HPI_YDH,Price to income ratio,IX,Index,2015,,100,,A,Normal value,0,Units,S,"Seasonally adjusted, not calendar adjusted",1,One,2015,
DATAFLOW,OECD.ECO.MPD:DSD_AN_HOUSE_PRICES@DF_HOUSE_PRICES(1.0),Analytical house prices indicators,I,FRA,France,A,Annual,HPI_YDH,Price to income ratio,IX,Index,2016,,99.5853344913826,,A,Normal value,0,Units,S,"Seasonally adjusted, not calendar adjusted",1,One,2015,
DATAFLOW,OECD.ECO.MPD:DSD_AN_HOUSE_PRICES@DF_HOUSE_PRICES(1.0),Analytical house prices indicators,I,FRA,France,A,Annual,HPI_YDH,Price to income ratio,IX,Index,2017,,100.456563865882,,A,Normal value,0,Units,S,"Seasonally adjusted, not calendar adjusted",1,One,2015,
DATAFLOW,OECD.ECO.MPD:DSD_AN_HOUSE_PRICES@DF_HOUSE_PRICES(1.0),Analytical house prices indicators,I,FRA,France,A,Annual,HPI_YDH,Price to income ratio,IX,Index,2018,,101.264005147133,,A,Normal value,0,Units,S,"Seasonally adjusted, not calendar adjusted",1,One,2015,
DATAFLOW,OECD.ECO.MPD:DSD_AN_HOUSE_PRICES@DF_HOUSE_PRICES(1.0),Analytical house prices indicators,I,FRA,France,A,Annual,HPI_YDH,Price to income ratio,IX,Index,2019,,101.708769041132,,A,Normal value,0,Units,S,"Seasonally adjusted, not calendar adjusted",1,One,2015,
DATAFLOW,OECD.ECO.MPD:DSD_AN_HOUSE_PRICES@DF_HOUSE_PRICES(1.0),Analytical house prices indicators,I,FRA,France,A,Annual,HPI_YDH,Price to income ratio,IX,Index,2020,,106.859849636194,,A,Normal value,0,Units,S,"Seasonally adjusted, not calendar adjusted",1,One,2015,
DATAFLOW,OECD.ECO.MPD:DSD_AN_HOUSE_PRICES@DF_HOUSE_PRICES(1.0),Analytical house prices indicators,I,BEL,Belgium,A,Annual,HPI_YDH,Price to income ratio,IX,Index,1990,,60.9445792964609,,A,Normal value,0,Units,S,"Seasonally adjusted, not calendar adjusted",1,One,2015,
DATAFLOW,OECD.ECO.MPD:DSD_AN_HOUSE_PRICES@DF_HOUSE_PRICES(1.0),Analytical house prices indicators,I,BEL,Belgium,A,Annual,HPI_YDH,Price to income ratio,IX,Index,1991,,59.7379400844286,,A,Normal value,0,Units,S,"Seasonally adjusted, not calendar adjusted",1,One,2015,
DATAFLOW,OECD.ECO.MPD:DSD_AN_HOUSE_PRICES@DF_HOUSE_PRICES(1.0),Analytical house prices indicators,I,BEL,Belgium,A,Annual,HPI_YDH,Price to income ratio,IX,Index,1992,,60.8121804143026,,A,Normal value,0,Units,S,"Seasonally adjusted, not calendar adjusted",1,One,2015,
DATAFLOW,OECD.ECO.MPD:DSD_AN_HOUSE_PRICES@DF_HOUSE_PRICES(1.0),Analytical house prices indicators,I,BEL,Belgium,A,Annual,HPI_YDH,Price to income ratio,IX,Index,1993,,62.1720061131244,,A,Normal value,0,Units,S,"Seasonally adjusted, not calendar adjusted",1,One,2015,
DATAFLOW,OECD.ECO.MPD:DSD_AN_HOUSE_PRICES@DF_HOUSE_PRICES(1.0),Analytical house prices indicators,I,BEL,Belgium,A,Annual,HPI_YDH,Price to income ratio,IX,Index,1994,,63.5501729697189,,A,Normal value,0,Units,S,"Seasonally adjusted, not calendar adjusted",1,One,2015,
DATAFLOW,OECD.ECO.MPD:DSD_AN_HOUSE_PRICES@DF_HOUSE_PRICES(1.0),Analytical house prices indicators,I,BEL,Belgium,A,Annual,HPI_YDH,Price to income ratio,IX,Index,1995,,61.8128098767532,,A,Normal value,0,Units,S,"Seasonally adjusted, not calendar adjusted",1,One,2015,
DATAFLOW,OECD.ECO.MPD:DSD_AN_HOUSE_PRICES@DF_HOUSE_PRICES(1.0),Analytical house prices indicators,I,BEL,Belgium,A,Annual,HPI_YDH,Price to income ratio,IX,Index,1996,,63.1085470149624,,A,Normal value,0,Units,S,"Seasonally adjusted, not calendar adjusted",1,One,2015,
DATAFLOW,OECD.ECO.MPD:DSD_AN_HOUSE_PRICES@DF_HOUSE_PRICES(1.0),Analytical house prices indicators,I,BEL,Belgium,A,Annual,HPI_YDH,Price to income ratio,IX,Index,1997,,63.4711002336271,,A,Normal value,0,Units,S,"Seasonally adjusted, not calendar adjusted",1,One,2015,
DATAFLOW,OECD.ECO.MPD:DSD_AN_HOUSE_PRICES@DF_HOUSE_PRICES(1.0),Analytical house prices indicators,I,BEL,Belgium,A,Annual,HPI_YDH,Price to income ratio,IX,Index,1998,,65.5128646796133,,A,Normal value,0,Units,S,"Seasonally adjusted, not calendar adjusted",1,One,2015,
DATAFLOW,OECD.ECO.MPD:DSD_AN_HOUSE_PRICES@DF_HOUSE_PRICES(1.0),Analytical house prices indicators,I,BEL,Belgium,A,Annual,HPI_YDH,Price to income ratio,IX,Index,1999,,68.2945555461832,,A,Normal value,0,Units,S,"Seasonally adjusted, not calendar adjusted",1,One,2015,
DATAFLOW,OECD.ECO.MPD:DSD_AN_HOUSE_PRICES@DF_HOUSE_PRICES(1.0),Analytical house prices indicators,I,BEL,Belgium,A,Annual,HPI_YDH,Price to income ratio,IX,Index,2000,,68.8454347629802,,A,Normal value,0,Units,S,"Seasonally adjusted, not calendar adjusted",1,One,2015,
DATAFLOW,OECD.ECO.MPD:DSD_AN_HOUSE_PRICES@DF_HOUSE_PRICES(1.0),Analytical house prices indicators,I,BEL,Belgium,A,Annual,HPI_YDH,Price to income ratio,IX,Index,2001,,68.9744162106231,,A,Normal value,0,Units,S,"Seasonally adjusted, not calendar adjusted",1,One,2015,
DATAFLOW,OECD.ECO.MPD:DSD_AN_HOUSE_PRICES@DF_HOUSE_PRICES(1.0),Analytical house prices indicators,I,BEL,Belgium,A,Annual,HPI_YDH,Price to income ratio,IX,Index,2002,,72.9000150147733,,A,Normal value,0,Units,S,"Seasonally adjusted, not calendar adjusted",1,One,2015,
DATAFLOW,OECD.ECO.MPD:DSD_AN_HOUSE_PRICES@DF_HOUSE_PRICES(1.0),Analytical house prices indicators,I,BEL,Belgium,A,Annual,HPI_YDH,Price to income ratio,IX,Index,2003,,77.2089522341014,,A,Normal value,0,Units,S,"Seasonally adjusted, not calendar adjusted",1,One,2015,
DATAFLOW,OECD.ECO.MPD:DSD_AN_HOUSE_PRICES@DF_HOUSE_PRICES(1.0),Analytical house prices indicators,I,BEL,Belgium,A,Annual,HPI_YDH,Price to income ratio,IX,Index,2004,,82.5104530589698,,A,Normal value,0,Units,S,"Seasonally adjusted, not calendar adjusted",1,One,2015,
DATAFLOW,OECD.ECO.MPD:DSD_AN_HOUSE_PRICES@DF_HOUSE_PRICES(1.0),Analytical house prices indicators,I,BEL,Belgium,A,Annual,HPI_YDH,Price to income ratio,IX,Index,2005,,89.1773008675904,,A,Normal value,0,Units,S,"Seasonally adjusted, not calendar adjusted",1,One,2015,
DATAFLOW,OECD.ECO.MPD:DSD_AN_HOUSE_PRICES@DF_HOUSE_PRICES(1.0),Analytical house prices indicators,I,BEL,Belgium,A,Annual,HPI_YDH,Price to income ratio,IX,Index,2006,,93.4966555074959,,A,Normal value,0,Units,S,"Seasonally adjusted, not calendar adjusted",1,One,2015,
DATAFLOW,OECD.ECO.MPD:DSD_AN_HOUSE_PRICES@DF_HOUSE_PRICES(1.0),Analytical house prices indicators,I,BEL,Belgium,A,Annual,HPI_YDH,Price to income ratio,IX,Index,2007,,96.4564681375448,,A,Normal value,0,Units,S,"Seasonally adjusted, not calendar adjusted",1,One,2015,
DATAFLOW,OECD.ECO.MPD:DSD_AN_HOUSE_PRICES@DF_HOUSE_PRICES(1.0),Analytical house prices indicators,I,BEL,Belgium,A,Annual,HPI_YDH,Price to income ratio,IX,Index,2008,,96.3153991803784,,A,Normal value,0,Units,S,"Seasonally adjusted, not calendar adjusted",1,One,2015,
DATAFLOW,OECD.ECO.MPD:DSD_AN_HOUSE_PRICES@DF_HOUSE_PRICES(1.0),Analytical house prices indicators,I,BEL,Belgium,A,Annual,HPI_YDH,Price to income ratio,IX,Index,2009,,95.1247047743949,,A,Normal value,0,Units,S,"Seasonally adjusted, not calendar adjusted",1,One,2015,
DATAFLOW,OECD.ECO.MPD:DSD_AN_HOUSE_PRICES@DF_HOUSE_PRICES(1.0),Analytical house prices indicators,I,BEL,Belgium,A,Annual,HPI_YDH,Price to income ratio,IX,Index,2010,,97.0135855773613,,A,Normal value,0,Units,S,"Seasonally adjusted, not calendar adjusted",1,One,2015,
DATAFLOW,OECD.ECO.MPD:DSD_AN_HOUSE_PRICES@DF_HOUSE_PRICES(1.0),Analytical house prices indicators,I,BEL,Belgium,A,Annual,HPI_YDH,Price to income ratio,IX,Index,2011,,98.7155812398286,,A,Normal value,0,Units,S,"Seasonally adjusted, not calendar adjusted",1,One,2015,
DATAFLOW,OECD.ECO.MPD:DSD_AN_HOUSE_PRICES@DF_HOUSE_PRICES(1.0),Analytical house prices indicators,I,BEL,Belgium,A,Annual,HPI_YDH,Price to income ratio,IX,Index,2012,,99.0130224895077,,A,Normal value,0,Units,S,"Seasonally adjusted, not calendar adjusted",1,One,2015,
DATAFLOW,OECD.ECO.MPD:DSD_AN_HOUSE_PRICES@DF_HOUSE_PRICES(1.0),Analytical house prices indicators,I,BEL,Belgium,A,Annual,HPI_YDH,Price to income ratio,IX,Index,2013,,100.017453518506,,A,Normal value,0,Units,S,"Seasonally adjusted, not calendar adjusted",1,One,2015,
DATAFLOW,OECD.ECO.MPD:DSD_AN_HOUSE_PRICES@DF_HOUSE_PRICES(1.0),Analytical house prices indicators,I,BEL,Belgium,A,Annual,HPI_YDH,Price to income ratio,IX,Index,2014,,98.8178298159727,,A,Normal value,0,Units,S,"Seasonally adjusted, not calendar adjusted",1,One,2015,
DATAFLOW,OECD.ECO.MPD:DSD_AN_HOUSE_PRICES@DF_HOUSE_PRICES(1.0),Analytical house prices indicators,I,BEL,Belgium,A,Annual,HPI_YDH,Price to income ratio,IX,Index,2015,,100,,A,Normal value,0,Units,S,"Seasonally adjusted, not calendar adjusted",1,One,2015,
DATAFLOW,OECD.ECO.MPD:DSD_AN_HOUSE_PRICES@DF_HOUSE_PRICES(1.0),Analytical house prices indicators,I,BEL,Belgium,A,Annual,HPI_YDH,Price to income ratio,IX,Index,2016,,99.8148158642917,,A,Normal value,0,Units,S,"Seasonally adjusted, not calendar adjusted",1,One,2015,
DATAFLOW,OECD.ECO.MPD:DSD_AN_HOUSE_PRICES@DF_HOUSE_PRICES(1.0),Analytical house prices indicators,I,BEL,Belgium,A,Annual,HPI_YDH,Price to income ratio,IX,Index,2017,,100.111649262613,,A,Normal value,0,Units,S,"Seasonally adjusted, not calendar adjusted",1,One,2015,
DATAFLOW,OECD.ECO.MPD:DSD_AN_HOUSE_PRICES@DF_HOUSE_PRICES(1.0),Analytical house prices indicators,I,BEL,Belgium,A,Annual,HPI_YDH,Price to income ratio,IX,Index,2018,,100.164765110333,,A,Normal value,0,Units,S,"Seasonally adjusted, not calendar adjusted",1,One,2015,
DATAFLOW,OECD.ECO.MPD:DSD_AN_HOUSE_PRICES@DF_HOUSE_PRICES(1.0),Analytical house prices indicators,I,BEL,Belgium,A,Annual,HPI_YDH,Price to income ratio,IX,Index,2019,,100.060169231099,,A,Normal value,0,Units,S,"Seasonally adjusted, not calendar adjusted",1,One,2015,
DATAFLOW,OECD.ECO.MPD:DSD_AN_HOUSE_PRICES@DF_HOUSE_PRICES(1.0),Analytical house prices indicators,I,BEL,Belgium,A,Annual,HPI_YDH,Price to income ratio,IX,Index,2020,,102.915020738916,,A,Normal value,0,Units,S,"Seasonally adjusted, not calendar adjusted",1,One,2015,
DATAFLOW,OECD.ECO.MPD:DSD_AN_HOUSE_PRICES@DF_HOUSE_PRICES(1.0),Analytical house prices indicators,I,KOR,Korea,A,Annual,HPI_YDH,Price to income ratio,IX,Index,1990,,336.020163544653,,A,Normal value,0,Units,S,"Seasonally adjusted, not calendar adjusted",1,One,2015,
DATAFLOW,OECD.ECO.MPD:DSD_AN_HOUSE_PRICES@DF_HOUSE_PRICES(1.0),Analytical house prices indicators,I,KOR,Korea,A,Annual,HPI_YDH,Price to income ratio,IX,Index,1991,,299.832434305876,,A,Normal value,0,Units,S,"Seasonally adjusted, not calendar adjusted",1,One,2015,
DATAFLOW,OECD.ECO.MPD:DSD_AN_HOUSE_PRICES@DF_HOUSE_PRICES(1.0),Analytical house prices indicators,I,KOR,Korea,A,Annual,HPI_YDH,Price to income ratio,IX,Index,1992,,247.851279344232,,A,Normal value,0,Units,S,"Seasonally adjusted, not calendar adjusted",1,One,2015,
DATAFLOW,OECD.ECO.MPD:DSD_AN_HOUSE_PRICES@DF_HOUSE_PRICES(1.0),Analytical house prices indicators,I,KOR,Korea,A,Annual,HPI_YDH,Price to income ratio,IX,Index,1993,,215.657113546869,,A,Normal value,0,Units,S,"Seasonally adjusted, not calendar adjusted",1,One,2015,
DATAFLOW,OECD.ECO.MPD:DSD_AN_HOUSE_PRICES@DF_HOUSE_PRICES(1.0),Analytical house prices indicators,I,KOR,Korea,A,Annual,HPI_YDH,Price to income ratio,IX,Index,1994,,182.561019158103,,A,Normal value,0,Units,S,"Seasonally adjusted, not calendar adjusted",1,One,2015,
DATAFLOW,OECD.ECO.MPD:DSD_AN_HOUSE_PRICES@DF_HOUSE_PRICES(1.0),Analytical house prices indicators,I,KOR,Korea,A,Annual,HPI_YDH,Price to income ratio,IX,Index,1995,,163.217367371813,,A,Normal value,0,Units,S,"Seasonally adjusted, not calendar adjusted",1,One,2015,
DATAFLOW,OECD.ECO.MPD:DSD_AN_HOUSE_PRICES@DF_HOUSE_PRICES(1.0),Analytical house prices indicators,I,KOR,Korea,A,Annual,HPI_YDH,Price to income ratio,IX,Index,1996,,146.421573043139,,A,Normal value,0,Units,S,"Seasonally adjusted, not calendar adjusted",1,One,2015,
DATAFLOW,OECD.ECO.MPD:DSD_AN_HOUSE_PRICES@DF_HOUSE_PRICES(1.0),Analytical house prices indicators,I,KOR,Korea,A,Annual,HPI_YDH,Price to income ratio,IX,Index,1997,,140.788364076913,,A,Normal value,0,Units,S,"Seasonally adjusted, not calendar adjusted",1,One,2015,
DATAFLOW,OECD.ECO.MPD:DSD_AN_HOUSE_PRICES@DF_HOUSE_PRICES(1.0),Analytical house prices indicators,I,KOR,Korea,A,Annual,HPI_YDH,Price to income ratio,IX,Index,1998,,125.556024191355,,A,Normal value,0,Units,S,"Seasonally adjusted, not calendar adjusted",1,One,2015,
DATAFLOW,OECD.ECO.MPD:DSD_AN_HOUSE_PRICES@DF_HOUSE_PRICES(1.0),Analytical house prices indicators,I,KOR,Korea,A,Annual,HPI_YDH,Price to income ratio,IX,Index,1999,,119.026715768958,,A,Normal value,0,Units,S,"Seasonally adjusted, not calendar adjusted",1,One,2015,
DATAFLOW,OECD.ECO.MPD:DSD_AN_HOUSE_PRICES@DF_HOUSE_PRICES(1.0),Analytical house prices indicators,I,KOR,Korea,A,Annual,HPI_YDH,Price to income ratio,IX,Index,2000,,116.358344051594,,A,Normal value,0,Units,S,"Seasonally adjusted, not calendar adjusted",1,One,2015,
DATAFLOW,OECD.ECO.MPD:DSD_AN_HOUSE_PRICES@DF_HOUSE_PRICES(1.0),Analytical house prices indicators,I,KOR,Korea,A,Annual,HPI_YDH,Price to income ratio,IX,Index,2001,,113.552945858449,,A,Normal value,0,Units,S,"Seasonally adjusted, not calendar adjusted",1,One,2015,
DATAFLOW,OECD.ECO.MPD:DSD_AN_HOUSE_PRICES@DF_HOUSE_PRICES(1.0),Analytical house prices indicators,I,KOR,Korea,A,Annual,HPI_YDH,Price to income ratio,IX,Index,2002,,123.470571342027,,A,Normal value,0,Units,S,"Seasonally adjusted, not calendar adjusted",1,One,2015,
DATAFLOW,OECD.ECO.MPD:DSD_AN_HOUSE_PRICES@DF_HOUSE_PRICES(1.0),Analytical house prices indicators,I,KOR,Korea,A,Annual,HPI_YDH,Price to income ratio,IX,Index,2003,,126.820879332397,,A,Normal value,0,Units,S,"Seasonally adjusted, not calendar adjusted",1,One,2015,
DATAFLOW,OECD.ECO.MPD:DSD_AN_HOUSE_PRICES@DF_HOUSE_PRICES(1.0),Analytical house prices indicators,I,KOR,Korea,A,Annual,HPI_YDH,Price to income ratio,IX,Index,2004,,118.19968650289,,A,Normal value,0,Units,S,"Seasonally adjusted, not calendar adjusted",1,One,2015,
DATAFLOW,OECD.ECO.MPD:DSD_AN_HOUSE_PRICES@DF_HOUSE_PRICES(1.0),Analytical house prices indicators,I,KOR,Korea,A,Annual,HPI_YDH,Price to income ratio,IX,Index,2005,,114.288466599379,,A,Normal value,0,Units,S,"Seasonally adjusted, not calendar adjusted",1,One,2015,
DATAFLOW,OECD.ECO.MPD:DSD_AN_HOUSE_PRICES@DF_HOUSE_PRICES(1.0),Analytical house prices indicators,I,KOR,Korea,A,Annual,HPI_YDH,Price to income ratio,IX,Index,2006,,116.855678656956,,A,Normal value,0,Units,S,"Seasonally adjusted, not calendar adjusted",1,One,2015,
DATAFLOW,OECD.ECO.MPD:DSD_AN_HOUSE_PRICES@DF_HOUSE_PRICES(1.0),Analytical house prices indicators,I,KOR,Korea,A,Annual,HPI_YDH,Price to income ratio,IX,Index,2007,,121.34727977311,,A,Normal value,0,Units,S,"Seasonally adjusted, not calendar adjusted",1,One,2015,
DATAFLOW,OECD.ECO.MPD:DSD_AN_HOUSE_PRICES@DF_HOUSE_PRICES(1.0),Analytical house prices indicators,I,KOR,Korea,A,Annual,HPI_YDH,Price to income ratio,IX,Index,2008,,121.068636959356,,A,Normal value,0,Units,S,"Seasonally adjusted, not calendar adjusted",1,One,2015,
DATAFLOW,OECD.ECO.MPD:DSD_AN_HOUSE_PRICES@DF_HOUSE_PRICES(1.0),Analytical house prices indicators,I,KOR,Korea,A,Annual,HPI_YDH,Price to income ratio,IX,Index,2009,,119.452960946815,,A,Normal value,0,Units,S,"Seasonally adjusted, not calendar adjusted",1,One,2015,
DATAFLOW,OECD.ECO.MPD:DSD_AN_HOUSE_PRICES@DF_HOUSE_PRICES(1.0),Analytical house prices indicators,I,KOR,Korea,A,Annual,HPI_YDH,Price to income ratio,IX,Index,2010,,115.188097683728,,A,Normal value,0,Units,S,"Seasonally adjusted, not calendar adjusted",1,One,2015,
DATAFLOW,OECD.ECO.MPD:DSD_AN_HOUSE_PRICES@DF_HOUSE_PRICES(1.0),Analytical house prices indicators,I,KOR,Korea,A,Annual,HPI_YDH,Price to income ratio,IX,Index,2011,,114.854600148729,,A,Normal value,0,Units,S,"Seasonally adjusted, not calendar adjusted",1,One,2015,
DATAFLOW,OECD.ECO.MPD:DSD_AN_HOUSE_PRICES@DF_HOUSE_PRICES(1.0),Analytical house prices indicators,I,KOR,Korea,A,Annual,HPI_YDH,Price to income ratio,IX,Index,2012,,112.025171603396,,A,Normal value,0,Units,S,"Seasonally adjusted, not calendar adjusted",1,One,2015,
DATAFLOW,OECD.ECO.MPD:DSD_AN_HOUSE_PRICES@DF_HOUSE_PRICES(1.0),Analytical house prices indicators,I,KOR,Korea,A,Annual,HPI_YDH,Price to income ratio,IX,Index,2013,,106.43476761268,,A,Normal value,0,Units,S,"Seasonally adjusted, not calendar adjusted",1,One,2015,
DATAFLOW,OECD.ECO.MPD:DSD_AN_HOUSE_PRICES@DF_HOUSE_PRICES(1.0),Analytical house prices indicators,I,KOR,Korea,A,Annual,HPI_YDH,Price to income ratio,IX,Index,2014,,103.434855702531,,A,Normal value,0,Units,S,"Seasonally adjusted, not calendar adjusted",1,One,2015,
DATAFLOW,OECD.ECO.MPD:DSD_AN_HOUSE_PRICES@DF_HOUSE_PRICES(1.0),Analytical house prices indicators,I,KOR,Korea,A,Annual,HPI_YDH,Price to income ratio,IX,Index,2015,,100,,A,Normal value,0,Units,S,"Seasonally adjusted, not calendar adjusted",1,One,2015,
DATAFLOW,OECD.ECO.MPD:DSD_AN_HOUSE_PRICES@DF_HOUSE_PRICES(1.0),Analytical house prices indicators,I,KOR,Korea,A,Annual,HPI_YDH,Price to income ratio,IX,Index,2016,,99.2842374987627,,A,Normal value,0,Units,S,"Seasonally adjusted, not calendar adjusted",1,One,2015,
DATAFLOW,OECD.ECO.MPD:DSD_AN_HOUSE_PRICES@DF_HOUSE_PRICES(1.0),Analytical house prices indicators,I,KOR,Korea,A,Annual,HPI_YDH,Price to income ratio,IX,Index,2017,,97.962575086234,,A,Normal value,0,Units,S,"Seasonally adjusted, not calendar adjusted",1,One,2015,
DATAFLOW,OECD.ECO.MPD:DSD_AN_HOUSE_PRICES@DF_HOUSE_PRICES(1.0),Analytical house prices indicators,I,KOR,Korea,A,Annual,HPI_YDH,Price to income ratio,IX,Index,2018,,95.5472007982711,,A,Normal value,0,Units,S,"Seasonally adjusted, not calendar adjusted",1,One,2015,
DATAFLOW,OECD.ECO.MPD:DSD_AN_HOUSE_PRICES@DF_HOUSE_PRICES(1.0),Analytical house prices indicators,I,KOR,Korea,A,Annual,HPI_YDH,Price to income ratio,IX,Index,2019,,91.483284238668,,A,Normal value,0,Units,S,"Seasonally adjusted, not calendar adjusted",1,One,2015,
DATAFLOW,OECD.ECO.MPD:DSD_AN_HOUSE_PRICES@DF_HOUSE_PRICES(1.0),Analytical house prices indicators,I,KOR,Korea,A,Annual,HPI_YDH,Price to income ratio,IX,Index,2020,,91.3174711889902,,A,Normal value,0,Units,S,"Seasonally adjusted, not calendar adjusted",1,One,2015,
DATAFLOW,OECD.ECO.MPD:DSD_AN_HOUSE_PRICES@DF_HOUSE_PRICES(1.0),Analytical house prices indicators,I,NLD,Netherlands,A,Annual,HPI_YDH,Price to income ratio,IX,Index,1990,,58.2425531699598,,A,Normal value,0,Units,S,"Seasonally adjusted, not calendar adjusted",1,One,2015,
DATAFLOW,OECD.ECO.MPD:DSD_AN_HOUSE_PRICES@DF_HOUSE_PRICES(1.0),Analytical house prices indicators,I,NLD,Netherlands,A,Annual,HPI_YDH,Price to income ratio,IX,Index,1991,,59.4586452041213,,A,Normal value,0,Units,S,"Seasonally adjusted, not calendar adjusted",1,One,2015,
DATAFLOW,OECD.ECO.MPD:DSD_AN_HOUSE_PRICES@DF_HOUSE_PRICES(1.0),Analytical house prices indicators,I,NLD,Netherlands,A,Annual,HPI_YDH,Price to income ratio,IX,Index,1992,,60.9502182165681,,A,Normal value,0,Units,S,"Seasonally adjusted, not calendar adjusted",1,One,2015,
DATAFLOW,OECD.ECO.MPD:DSD_AN_HOUSE_PRICES@DF_HOUSE_PRICES(1.0),Analytical house prices indicators,I,NLD,Netherlands,A,Annual,HPI_YDH,Price to income ratio,IX,Index,1993,,66.5326323916811,,A,Normal value,0,Units,S,"Seasonally adjusted, not calendar adjusted",1,One,2015,
DATAFLOW,OECD.ECO.MPD:DSD_AN_HOUSE_PRICES@DF_HOUSE_PRICES(1.0),Analytical house prices indicators,I,NLD,Netherlands,A,Annual,HPI_YDH,Price to income ratio,IX,Index,1994,,71.4795446123509,,A,Normal value,0,Units,S,"Seasonally adjusted, not calendar adjusted",1,One,2015,
DATAFLOW,OECD.ECO.MPD:DSD_AN_HOUSE_PRICES@DF_HOUSE_PRICES(1.0),Analytical house prices indicators,I,NLD,Netherlands,A,Annual,HPI_YDH,Price to income ratio,IX,Index,1995,,73.8263238664713,,A,Normal value,0,Units,S,"Seasonally adjusted, not calendar adjusted",1,One,2015,
DATAFLOW,OECD.ECO.MPD:DSD_AN_HOUSE_PRICES@DF_HOUSE_PRICES(1.0),Analytical house prices indicators,I,NLD,Netherlands,A,Annual,HPI_YDH,Price to income ratio,IX,Index,1996,,78.5421783893444,,A,Normal value,0,Units,S,"Seasonally adjusted, not calendar adjusted",1,One,2015,
DATAFLOW,OECD.ECO.MPD:DSD_AN_HOUSE_PRICES@DF_HOUSE_PRICES(1.0),Analytical house prices indicators,I,NLD,Netherlands,A,Annual,HPI_YDH,Price to income ratio,IX,Index,1997,,82.7213561650696,,A,Normal value,0,Units,S,"Seasonally adjusted, not calendar adjusted",1,One,2015,
DATAFLOW,OECD.ECO.MPD:DSD_AN_HOUSE_PRICES@DF_HOUSE_PRICES(1.0),Analytical house prices indicators,I,NLD,Netherlands,A,Annual,HPI_YDH,Price to income ratio,IX,Index,1998,,87.1929102567775,,A,Normal value,0,Units,S,"Seasonally adjusted, not calendar adjusted",1,One,2015,
DATAFLOW,OECD.ECO.MPD:DSD_AN_HOUSE_PRICES@DF_HOUSE_PRICES(1.0),Analytical house prices indicators,I,NLD,Netherlands,A,Annual,HPI_YDH,Price to income ratio,IX,Index,1999,,97.328323486061,,A,Normal value,0,Units,S,"Seasonally adjusted, not calendar adjusted",1,One,2015,
DATAFLOW,OECD.ECO.MPD:DSD_AN_HOUSE_PRICES@DF_HOUSE_PRICES(1.0),Analytical house prices indicators,I,NLD,Netherlands,A,Annual,HPI_YDH,Price to income ratio,IX,Index,2000,,109.772221294672,,A,Normal value,0,Units,S,"Seasonally adjusted, not calendar adjusted",1,One,2015,
DATAFLOW,OECD.ECO.MPD:DSD_AN_HOUSE_PRICES@DF_HOUSE_PRICES(1.0),Analytical house prices indicators,I,NLD,Netherlands,A,Annual,HPI_YDH,Price to income ratio,IX,Index,2001,,111.972131477301,,A,Normal value,0,Units,S,"Seasonally adjusted, not calendar adjusted",1,One,2015,
DATAFLOW,OECD.ECO.MPD:DSD_AN_HOUSE_PRICES@DF_HOUSE_PRICES(1.0),Analytical house prices indicators,I,NLD,Netherlands,A,Annual,HPI_YDH,Price to income ratio,IX,Index,2002,,116.788862341368,,A,Normal value,0,Units,S,"Seasonally adjusted, not calendar adjusted",1,One,2015,
DATAFLOW,OECD.ECO.MPD:DSD_AN_HOUSE_PRICES@DF_HOUSE_PRICES(1.0),Analytical house prices indicators,I,NLD,Netherlands,A,Annual,HPI_YDH,Price to income ratio,IX,Index,2003,,120.37258227195,,A,Normal value,0,Units,S,"Seasonally adjusted, not calendar adjusted",1,One,2015,
DATAFLOW,OECD.ECO.MPD:DSD_AN_HOUSE_PRICES@DF_HOUSE_PRICES(1.0),Analytical house prices indicators,I,NLD,Netherlands,A,Annual,HPI_YDH,Price to income ratio,IX,Index,2004,,123.848658340252,,A,Normal value,0,Units,S,"Seasonally adjusted, not calendar adjusted",1,One,2015,
DATAFLOW,OECD.ECO.MPD:DSD_AN_HOUSE_PRICES@DF_HOUSE_PRICES(1.0),Analytical house prices indicators,I,NLD,Netherlands,A,Annual,HPI_YDH,Price to income ratio,IX,Index,2005,,127.148356722501,,A,Normal value,0,Units,S,"Seasonally adjusted, not calendar adjusted",1,One,2015,
DATAFLOW,OECD.ECO.MPD:DSD_AN_HOUSE_PRICES@DF_HOUSE_PRICES(1.0),Analytical house prices indicators,I,NLD,Netherlands,A,Annual,HPI_YDH,Price to income ratio,IX,Index,2006,,127.202098749898,,A,Normal value,0,Units,S,"Seasonally adjusted, not calendar adjusted",1,One,2015,
DATAFLOW,OECD.ECO.MPD:DSD_AN_HOUSE_PRICES@DF_HOUSE_PRICES(1.0),Analytical house prices indicators,I,NLD,Netherlands,A,Annual,HPI_YDH,Price to income ratio,IX,Index,2007,,128.397291625748,,A,Normal value,0,Units,S,"Seasonally adjusted, not calendar adjusted",1,One,2015,
DATAFLOW,OECD.ECO.MPD:DSD_AN_HOUSE_PRICES@DF_HOUSE_PRICES(1.0),Analytical house prices indicators,I,NLD,Netherlands,A,Annual,HPI_YDH,Price to income ratio,IX,Index,2008,,127.676229903386,,A,Normal value,0,Units,S,"Seasonally adjusted, not calendar adjusted",1,One,2015,
DATAFLOW,OECD.ECO.MPD:DSD_AN_HOUSE_PRICES@DF_HOUSE_PRICES(1.0),Analytical house prices indicators,I,NLD,Netherlands,A,Annual,HPI_YDH,Price to income ratio,IX,Index,2009,,123.251917093378,,A,Normal value,0,Units,S,"Seasonally adjusted, not calendar adjusted",1,One,2015,
DATAFLOW,OECD.ECO.MPD:DSD_AN_HOUSE_PRICES@DF_HOUSE_PRICES(1.0),Analytical house prices indicators,I,NLD,Netherlands,A,Annual,HPI_YDH,Price to income ratio,IX,Index,2010,,120.039004582775,,A,Normal value,0,Units,S,"Seasonally adjusted, not calendar adjusted",1,One,2015,
DATAFLOW,OECD.ECO.MPD:DSD_AN_HOUSE_PRICES@DF_HOUSE_PRICES(1.0),Analytical house prices indicators,I,NLD,Netherlands,A,Annual,HPI_YDH,Price to income ratio,IX,Index,2011,,115.104078166819,,A,Normal value,0,Units,S,"Seasonally adjusted, not calendar adjusted",1,One,2015,
DATAFLOW,OECD.ECO.MPD:DSD_AN_HOUSE_PRICES@DF_HOUSE_PRICES(1.0),Analytical house prices indicators,I,NLD,Netherlands,A,Annual,HPI_YDH,Price to income ratio,IX,Index,2012,,106.610772027626,,A,Normal value,0,Units,S,"Seasonally adjusted, not calendar adjusted",1,One,2015,
DATAFLOW,OECD.ECO.MPD:DSD_AN_HOUSE_PRICES@DF_HOUSE_PRICES(1.0),Analytical house prices indicators,I,NLD,Netherlands,A,Annual,HPI_YDH,Price to income ratio,IX,Index,2013,,99.445108587367,,A,Normal value,0,Units,S,"Seasonally adjusted, not calendar adjusted",1,One,2015,
DATAFLOW,OECD.ECO.MPD:DSD_AN_HOUSE_PRICES@DF_HOUSE_PRICES(1.0),Analytical house prices indicators,I,NLD,Netherlands,A,Annual,HPI_YDH,Price to income ratio,IX,Index,2014,,98.0020292074544,,A,Normal value,0,Units,S,"Seasonally adjusted, not calendar adjusted",1,One,2015,
DATAFLOW,OECD.ECO.MPD:DSD_AN_HOUSE_PRICES@DF_HOUSE_PRICES(1.0),Analytical house prices indicators,I,NLD,Netherlands,A,Annual,HPI_YDH,Price to income ratio,IX,Index,2015,,100,,A,Normal value,0,Units,S,"Seasonally adjusted, not calendar adjusted",1,One,2015,
DATAFLOW,OECD.ECO.MPD:DSD_AN_HOUSE_PRICES@DF_HOUSE_PRICES(1.0),Analytical house prices indicators,I,NLD,Netherlands,A,Annual,HPI_YDH,Price to income ratio,IX,Index,2016,,102.895409877576,,A,Normal value,0,Units,S,"Seasonally adjusted, not calendar adjusted",1,One,2015,
DATAFLOW,OECD.ECO.MPD:DSD_AN_HOUSE_PRICES@DF_HOUSE_PRICES(1.0),Analytical house prices indicators,I,NLD,Netherlands,A,Annual,HPI_YDH,Price to income ratio,IX,Index,2017,,109.263651033852,,A,Normal value,0,Units,S,"Seasonally adjusted, not calendar adjusted",1,One,2015,
DATAFLOW,OECD.ECO.MPD:DSD_AN_HOUSE_PRICES@DF_HOUSE_PRICES(1.0),Analytical house prices indicators,I,NLD,Netherlands,A,Annual,HPI_YDH,Price to income ratio,IX,Index,2018,,114.531827592922,,A,Normal value,0,Units,S,"Seasonally adjusted, not calendar adjusted",1,One,2015,
DATAFLOW,OECD.ECO.MPD:DSD_AN_HOUSE_PRICES@DF_HOUSE_PRICES(1.0),Analytical house prices indicators,I,NLD,Netherlands,A,Annual,HPI_YDH,Price to income ratio,IX,Index,2019,,117.676176860913,,A,Normal value,0,Units,S,"Seasonally adjusted, not calendar adjusted",1,One,2015,
DATAFLOW,OECD.ECO.MPD:DSD_AN_HOUSE_PRICES@DF_HOUSE_PRICES(1.0),Analytical house prices indicators,I,NLD,Netherlands,A,Annual,HPI_YDH,Price to income ratio,IX,Index,2020,,123.243373080352,,A,Normal value,0,Units,S,"Seasonally adjusted, not calendar adjusted",1,One,2015,
DATAFLOW,OECD.ECO.MPD:DSD_AN_HOUSE_PRICES@DF_HOUSE_PRICES(1.0),Analytical house prices indicators,I,BGR,Bulgaria,A,Annual,HPI_YDH,Price to income ratio,IX,Index,2005,,163.627949488471,,A,Normal value,0,Units,S,"Seasonally adjusted, not calendar adjusted",1,One,2015,
DATAFLOW,OECD.ECO.MPD:DSD_AN_HOUSE_PRICES@DF_HOUSE_PRICES(1.0),Analytical house prices indicators,I,BGR,Bulgaria,A,Annual,HPI_YDH,Price to income ratio,IX,Index,2006,,164.631944479101,,A,Normal value,0,Units,S,"Seasonally adjusted, not calendar adjusted",1,One,2015,
DATAFLOW,OECD.ECO.MPD:DSD_AN_HOUSE_PRICES@DF_HOUSE_PRICES(1.0),Analytical house prices indicators,I,BGR,Bulgaria,A,Annual,HPI_YDH,Price to income ratio,IX,Index,2007,,184.743883006877,,A,Normal value,0,Units,S,"Seasonally adjusted, not calendar adjusted",1,One,2015,
DATAFLOW,OECD.ECO.MPD:DSD_AN_HOUSE_PRICES@DF_HOUSE_PRICES(1.0),Analytical house prices indicators,I,BGR,Bulgaria,A,Annual,HPI_YDH,Price to income ratio,IX,Index,2008,,189.142180495145,,A,Normal value,0,Units,S,"Seasonally adjusted, not calendar adjusted",1,One,2015,
DATAFLOW,OECD.ECO.MPD:DSD_AN_HOUSE_PRICES@DF_HOUSE_PRICES(1.0),Analytical house prices indicators,I,BGR,Bulgaria,A,Annual,HPI_YDH,Price to income ratio,IX,Index,2009,,144.883792881244,,A,Normal value,0,Units,S,"Seasonally adjusted, not calendar adjusted",1,One,2015,
DATAFLOW,OECD.ECO.MPD:DSD_AN_HOUSE_PRICES@DF_HOUSE_PRICES(1.0),Analytical house prices indicators,I,BGR,Bulgaria,A,Annual,HPI_YDH,Price to income ratio,IX,Index,2010,,127.521405008255,,A,Normal value,0,Units,S,"Seasonally adjusted, not calendar adjusted",1,One,2015,
DATAFLOW,OECD.ECO.MPD:DSD_AN_HOUSE_PRICES@DF_HOUSE_PRICES(1.0),Analytical house prices indicators,I,BGR,Bulgaria,A,Annual,HPI_YDH,Price to income ratio,IX,Index,2011,,111.915833431182,,A,Normal value,0,Units,S,"Seasonally adjusted, not calendar adjusted",1,One,2015,
DATAFLOW,OECD.ECO.MPD:DSD_AN_HOUSE_PRICES@DF_HOUSE_PRICES(1.0),Analytical house prices indicators,I,BGR,Bulgaria,A,Annual,HPI_YDH,Price to income ratio,IX,Index,2012,,108.002766912059,,A,Normal value,0,Units,S,"Seasonally adjusted, not calendar adjusted",1,One,2015,
DATAFLOW,OECD.ECO.MPD:DSD_AN_HOUSE_PRICES@DF_HOUSE_PRICES(1.0),Analytical house prices indicators,I,BGR,Bulgaria,A,Annual,HPI_YDH,Price to income ratio,IX,Index,2013,,102.800677426629,,A,Normal value,0,Units,S,"Seasonally adjusted, not calendar adjusted",1,One,2015,
DATAFLOW,OECD.ECO.MPD:DSD_AN_HOUSE_PRICES@DF_HOUSE_PRICES(1.0),Analytical house prices indicators,I,BGR,Bulgaria,A,Annual,HPI_YDH,Price to income ratio,IX,Index,2014,,102.493506337016,,A,Normal value,0,Units,S,"Seasonally adjusted, not calendar adjusted",1,One,2015,
DATAFLOW,OECD.ECO.MPD:DSD_AN_HOUSE_PRICES@DF_HOUSE_PRICES(1.0),Analytical house prices indicators,I,BGR,Bulgaria,A,Annual,HPI_YDH,Price to income ratio,IX,Index,2015,,100,,A,Normal value,0,Units,S,"Seasonally adjusted, not calendar adjusted",1,One,2015,
DATAFLOW,OECD.ECO.MPD:DSD_AN_HOUSE_PRICES@DF_HOUSE_PRICES(1.0),Analytical house prices indicators,I,BGR,Bulgaria,A,Annual,HPI_YDH,Price to income ratio,IX,Index,2016,,100.876888884009,,A,Normal value,0,Units,S,"Seasonally adjusted, not calendar adjusted",1,One,2015,
DATAFLOW,OECD.ECO.MPD:DSD_AN_HOUSE_PRICES@DF_HOUSE_PRICES(1.0),Analytical house prices indicators,I,BGR,Bulgaria,A,Annual,HPI_YDH,Price to income ratio,IX,Index,2017,,100.8251155882,,A,Normal value,0,Units,S,"Seasonally adjusted, not calendar adjusted",1,One,2015,
DATAFLOW,OECD.ECO.MPD:DSD_AN_HOUSE_PRICES@DF_HOUSE_PRICES(1.0),Analytical house prices indicators,I,BGR,Bulgaria,A,Annual,HPI_YDH,Price to income ratio,IX,Index,2018,,97.1915125281432,,A,Normal value,0,Units,S,"Seasonally adjusted, not calendar adjusted",1,One,2015,
DATAFLOW,OECD.ECO.MPD:DSD_AN_HOUSE_PRICES@DF_HOUSE_PRICES(1.0),Analytical house prices indicators,I,BGR,Bulgaria,A,Annual,HPI_YDH,Price to income ratio,IX,Index,2019,,94.2478618944694,,A,Normal value,0,Units,S,"Seasonally adjusted, not calendar adjusted",1,One,2015,
DATAFLOW,OECD.ECO.MPD:DSD_AN_HOUSE_PRICES@DF_HOUSE_PRICES(1.0),Analytical house prices indicators,I,BGR,Bulgaria,A,Annual,HPI_YDH,Price to income ratio,IX,Index,2020,,92.5306151531443,,A,Normal value,0,Units,S,"Seasonally adjusted, not calendar adjusted",1,One,2015,
DATAFLOW,OECD.ECO.MPD:DSD_AN_HOUSE_PRICES@DF_HOUSE_PRICES(1.0),Analytical house prices indicators,I,FIN,Finland,A,Annual,HPI_YDH,Price to income ratio,IX,Index,1990,,129.144616062923,,A,Normal value,0,Units,S,"Seasonally adjusted, not calendar adjusted",1,One,2015,
DATAFLOW,OECD.ECO.MPD:DSD_AN_HOUSE_PRICES@DF_HOUSE_PRICES(1.0),Analytical house prices indicators,I,FIN,Finland,A,Annual,HPI_YDH,Price to income ratio,IX,Index,1991,,106.653445053242,,A,Normal value,0,Units,S,"Seasonally adjusted, not calendar adjusted",1,One,2015,
DATAFLOW,OECD.ECO.MPD:DSD_AN_HOUSE_PRICES@DF_HOUSE_PRICES(1.0),Analytical house prices indicators,I,FIN,Finland,A,Annual,HPI_YDH,Price to income ratio,IX,Index,1992,,89.7796741410142,,A,Normal value,0,Units,S,"Seasonally adjusted, not calendar adjusted",1,One,2015,
DATAFLOW,OECD.ECO.MPD:DSD_AN_HOUSE_PRICES@DF_HOUSE_PRICES(1.0),Analytical house prices indicators,I,FIN,Finland,A,Annual,HPI_YDH,Price to income ratio,IX,Index,1993,,82.2865992933269,,A,Normal value,0,Units,S,"Seasonally adjusted, not calendar adjusted",1,One,2015,
DATAFLOW,OECD.ECO.MPD:DSD_AN_HOUSE_PRICES@DF_HOUSE_PRICES(1.0),Analytical house prices indicators,I,FIN,Finland,A,Annual,HPI_YDH,Price to income ratio,IX,Index,1994,,89.1955525746568,,A,Normal value,0,Units,S,"Seasonally adjusted, not calendar adjusted",1,One,2015,
DATAFLOW,OECD.ECO.MPD:DSD_AN_HOUSE_PRICES@DF_HOUSE_PRICES(1.0),Analytical house prices indicators,I,FIN,Finland,A,Annual,HPI_YDH,Price to income ratio,IX,Index,1995,,81.0583273260839,,A,Normal value,0,Units,S,"Seasonally adjusted, not calendar adjusted",1,One,2015,
DATAFLOW,OECD.ECO.MPD:DSD_AN_HOUSE_PRICES@DF_HOUSE_PRICES(1.0),Analytical house prices indicators,I,FIN,Finland,A,Annual,HPI_YDH,Price to income ratio,IX,Index,1996,,85.3693609195511,,A,Normal value,0,Units,S,"Seasonally adjusted, not calendar adjusted",1,One,2015,
DATAFLOW,OECD.ECO.MPD:DSD_AN_HOUSE_PRICES@DF_HOUSE_PRICES(1.0),Analytical house prices indicators,I,FIN,Finland,A,Annual,HPI_YDH,Price to income ratio,IX,Index,1997,,92.4898533495465,,A,Normal value,0,Units,S,"Seasonally adjusted, not calendar adjusted",1,One,2015,
DATAFLOW,OECD.ECO.MPD:DSD_AN_HOUSE_PRICES@DF_HOUSE_PRICES(1.0),Analytical house prices indicators,I,FIN,Finland,A,Annual,HPI_YDH,Price to income ratio,IX,Index,1998,,96.1077178441581,,A,Normal value,0,Units,S,"Seasonally adjusted, not calendar adjusted",1,One,2015,
DATAFLOW,OECD.ECO.MPD:DSD_AN_HOUSE_PRICES@DF_HOUSE_PRICES(1.0),Analytical house prices indicators,I,FIN,Finland,A,Annual,HPI_YDH,Price to income ratio,IX,Index,1999,,96.3476806918652,,A,Normal value,0,Units,S,"Seasonally adjusted, not calendar adjusted",1,One,2015,
DATAFLOW,OECD.ECO.MPD:DSD_AN_HOUSE_PRICES@DF_HOUSE_PRICES(1.0),Analytical house prices indicators,I,FIN,Finland,A,Annual,HPI_YDH,Price to income ratio,IX,Index,2000,,95.7023415111741,,A,Normal value,0,Units,S,"Seasonally adjusted, not calendar adjusted",1,One,2015,
DATAFLOW,OECD.ECO.MPD:DSD_AN_HOUSE_PRICES@DF_HOUSE_PRICES(1.0),Analytical house prices indicators,I,FIN,Finland,A,Annual,HPI_YDH,Price to income ratio,IX,Index,2001,,90.5819797663005,,A,Normal value,0,Units,S,"Seasonally adjusted, not calendar adjusted",1,One,2015,
DATAFLOW,OECD.ECO.MPD:DSD_AN_HOUSE_PRICES@DF_HOUSE_PRICES(1.0),Analytical house prices indicators,I,FIN,Finland,A,Annual,HPI_YDH,Price to income ratio,IX,Index,2002,,91.925229229378,,A,Normal value,0,Units,S,"Seasonally adjusted, not calendar adjusted",1,One,2015,
DATAFLOW,OECD.ECO.MPD:DSD_AN_HOUSE_PRICES@DF_HOUSE_PRICES(1.0),Analytical house prices indicators,I,FIN,Finland,A,Annual,HPI_YDH,Price to income ratio,IX,Index,2003,,93.4061850101864,,A,Normal value,0,Units,S,"Seasonally adjusted, not calendar adjusted",1,One,2015,
DATAFLOW,OECD.ECO.MPD:DSD_AN_HOUSE_PRICES@DF_HOUSE_PRICES(1.0),Analytical house prices indicators,I,FIN,Finland,A,Annual,HPI_YDH,Price to income ratio,IX,Index,2004,,96.4628413836462,,A,Normal value,0,Units,S,"Seasonally adjusted, not calendar adjusted",1,One,2015,
DATAFLOW,OECD.ECO.MPD:DSD_AN_HOUSE_PRICES@DF_HOUSE_PRICES(1.0),Analytical house prices indicators,I,FIN,Finland,A,Annual,HPI_YDH,Price to income ratio,IX,Index,2005,,102.079646914797,,A,Normal value,0,Units,S,"Seasonally adjusted, not calendar adjusted",1,One,2015,
DATAFLOW,OECD.ECO.MPD:DSD_AN_HOUSE_PRICES@DF_HOUSE_PRICES(1.0),Analytical house prices indicators,I,FIN,Finland,A,Annual,HPI_YDH,Price to income ratio,IX,Index,2006,,105.595417003758,,A,Normal value,0,Units,S,"Seasonally adjusted, not calendar adjusted",1,One,2015,
DATAFLOW,OECD.ECO.MPD:DSD_AN_HOUSE_PRICES@DF_HOUSE_PRICES(1.0),Analytical house prices indicators,I,FIN,Finland,A,Annual,HPI_YDH,Price to income ratio,IX,Index,2007,,106.162426427935,,A,Normal value,0,Units,S,"Seasonally adjusted, not calendar adjusted",1,One,2015,
DATAFLOW,OECD.ECO.MPD:DSD_AN_HOUSE_PRICES@DF_HOUSE_PRICES(1.0),Analytical house prices indicators,I,FIN,Finland,A,Annual,HPI_YDH,Price to income ratio,IX,Index,2008,,101.757004592764,,A,Normal value,0,Units,S,"Seasonally adjusted, not calendar adjusted",1,One,2015,
DATAFLOW,OECD.ECO.MPD:DSD_AN_HOUSE_PRICES@DF_HOUSE_PRICES(1.0),Analytical house prices indicators,I,FIN,Finland,A,Annual,HPI_YDH,Price to income ratio,IX,Index,2009,,100.820907532697,,A,Normal value,0,Units,S,"Seasonally adjusted, not calendar adjusted",1,One,2015,
DATAFLOW,OECD.ECO.MPD:DSD_AN_HOUSE_PRICES@DF_HOUSE_PRICES(1.0),Analytical house prices indicators,I,FIN,Finland,A,Annual,HPI_YDH,Price to income ratio,IX,Index,2010,,102.6223149743,,A,Normal value,0,Units,S,"Seasonally adjusted, not calendar adjusted",1,One,2015,
DATAFLOW,OECD.ECO.MPD:DSD_AN_HOUSE_PRICES@DF_HOUSE_PRICES(1.0),Analytical house prices indicators,I,FIN,Finland,A,Annual,HPI_YDH,Price to income ratio,IX,Index,2011,,102.062942167367,,A,Normal value,0,Units,S,"Seasonally adjusted, not calendar adjusted",1,One,2015,
DATAFLOW,OECD.ECO.MPD:DSD_AN_HOUSE_PRICES@DF_HOUSE_PRICES(1.0),Analytical house prices indicators,I,FIN,Finland,A,Annual,HPI_YDH,Price to income ratio,IX,Index,2012,,102.47120369413,,A,Normal value,0,Units,S,"Seasonally adjusted, not calendar adjusted",1,One,2015,
DATAFLOW,OECD.ECO.MPD:DSD_AN_HOUSE_PRICES@DF_HOUSE_PRICES(1.0),Analytical house prices indicators,I,FIN,Finland,A,Annual,HPI_YDH,Price to income ratio,IX,Index,2013,,102.142788710612,,A,Normal value,0,Units,S,"Seasonally adjusted, not calendar adjusted",1,One,2015,
DATAFLOW,OECD.ECO.MPD:DSD_AN_HOUSE_PRICES@DF_HOUSE_PRICES(1.0),Analytical house prices indicators,I,FIN,Finland,A,Annual,HPI_YDH,Price to income ratio,IX,Index,2014,,101.271741370396,,A,Normal value,0,Units,S,"Seasonally adjusted, not calendar adjusted",1,One,2015,
DATAFLOW,OECD.ECO.MPD:DSD_AN_HOUSE_PRICES@DF_HOUSE_PRICES(1.0),Analytical house prices indicators,I,FIN,Finland,A,Annual,HPI_YDH,Price to income ratio,IX,Index,2015,,100,,A,Normal value,0,Units,S,"Seasonally adjusted, not calendar adjusted",1,One,2015,
DATAFLOW,OECD.ECO.MPD:DSD_AN_HOUSE_PRICES@DF_HOUSE_PRICES(1.0),Analytical house prices indicators,I,FIN,Finland,A,Annual,HPI_YDH,Price to income ratio,IX,Index,2016,,99.9546791015011,,A,Normal value,0,Units,S,"Seasonally adjusted, not calendar adjusted",1,One,2015,
DATAFLOW,OECD.ECO.MPD:DSD_AN_HOUSE_PRICES@DF_HOUSE_PRICES(1.0),Analytical house prices indicators,I,FIN,Finland,A,Annual,HPI_YDH,Price to income ratio,IX,Index,2017,,98.9713845555941,,A,Normal value,0,Units,S,"Seasonally adjusted, not calendar adjusted",1,One,2015,
DATAFLOW,OECD.ECO.MPD:DSD_AN_HOUSE_PRICES@DF_HOUSE_PRICES(1.0),Analytical house prices indicators,I,FIN,Finland,A,Annual,HPI_YDH,Price to income ratio,IX,Index,2018,,97.0116450337224,,A,Normal value,0,Units,S,"Seasonally adjusted, not calendar adjusted",1,One,2015,
DATAFLOW,OECD.ECO.MPD:DSD_AN_HOUSE_PRICES@DF_HOUSE_PRICES(1.0),Analytical house prices indicators,I,FIN,Finland,A,Annual,HPI_YDH,Price to income ratio,IX,Index,2019,,94.6461325292741,,A,Normal value,0,Units,S,"Seasonally adjusted, not calendar adjusted",1,One,2015,
DATAFLOW,OECD.ECO.MPD:DSD_AN_HOUSE_PRICES@DF_HOUSE_PRICES(1.0),Analytical house prices indicators,I,FIN,Finland,A,Annual,HPI_YDH,Price to income ratio,IX,Index,2020,,95.7878410279939,,A,Normal value,0,Units,S,"Seasonally adjusted, not calendar adjusted",1,One,2015,
DATAFLOW,OECD.ECO.MPD:DSD_AN_HOUSE_PRICES@DF_HOUSE_PRICES(1.0),Analytical house prices indicators,I,SVN,Slovenia,A,Annual,HPI_YDH,Price to income ratio,IX,Index,2007,,131.536515358137,,A,Normal value,0,Units,S,"Seasonally adjusted, not calendar adjusted",1,One,2015,
DATAFLOW,OECD.ECO.MPD:DSD_AN_HOUSE_PRICES@DF_HOUSE_PRICES(1.0),Analytical house prices indicators,I,SVN,Slovenia,A,Annual,HPI_YDH,Price to income ratio,IX,Index,2008,,130.119716201596,,A,Normal value,0,Units,S,"Seasonally adjusted, not calendar adjusted",1,One,2015,
DATAFLOW,OECD.ECO.MPD:DSD_AN_HOUSE_PRICES@DF_HOUSE_PRICES(1.0),Analytical house prices indicators,I,SVN,Slovenia,A,Annual,HPI_YDH,Price to income ratio,IX,Index,2009,,119.008681058648,,A,Normal value,0,Units,S,"Seasonally adjusted, not calendar adjusted",1,One,2015,
DATAFLOW,OECD.ECO.MPD:DSD_AN_HOUSE_PRICES@DF_HOUSE_PRICES(1.0),Analytical house prices indicators,I,SVN,Slovenia,A,Annual,HPI_YDH,Price to income ratio,IX,Index,2010,,118.525548228072,,A,Normal value,0,Units,S,"Seasonally adjusted, not calendar adjusted",1,One,2015,
DATAFLOW,OECD.ECO.MPD:DSD_AN_HOUSE_PRICES@DF_HOUSE_PRICES(1.0),Analytical house prices indicators,I,SVN,Slovenia,A,Annual,HPI_YDH,Price to income ratio,IX,Index,2011,,119.619589782522,,A,Normal value,0,Units,S,"Seasonally adjusted, not calendar adjusted",1,One,2015,
DATAFLOW,OECD.ECO.MPD:DSD_AN_HOUSE_PRICES@DF_HOUSE_PRICES(1.0),Analytical house prices indicators,I,SVN,Slovenia,A,Annual,HPI_YDH,Price to income ratio,IX,Index,2012,,114.67389055833,,A,Normal value,0,Units,S,"Seasonally adjusted, not calendar adjusted",1,One,2015,
DATAFLOW,OECD.ECO.MPD:DSD_AN_HOUSE_PRICES@DF_HOUSE_PRICES(1.0),Analytical house prices indicators,I,SVN,Slovenia,A,Annual,HPI_YDH,Price to income ratio,IX,Index,2013,,108.889691006997,,A,Normal value,0,Units,S,"Seasonally adjusted, not calendar adjusted",1,One,2015,
DATAFLOW,OECD.ECO.MPD:DSD_AN_HOUSE_PRICES@DF_HOUSE_PRICES(1.0),Analytical house prices indicators,I,SVN,Slovenia,A,Annual,HPI_YDH,Price to income ratio,IX,Index,2014,,100.797771262609,,A,Normal value,0,Units,S,"Seasonally adjusted, not calendar adjusted",1,One,2015,
DATAFLOW,OECD.ECO.MPD:DSD_AN_HOUSE_PRICES@DF_HOUSE_PRICES(1.0),Analytical house prices indicators,I,SVN,Slovenia,A,Annual,HPI_YDH,Price to income ratio,IX,Index,2015,,100,,A,Normal value,0,Units,S,"Seasonally adjusted, not calendar adjusted",1,One,2015,
DATAFLOW,OECD.ECO.MPD:DSD_AN_HOUSE_PRICES@DF_HOUSE_PRICES(1.0),Analytical house prices indicators,I,SVN,Slovenia,A,Annual,HPI_YDH,Price to income ratio,IX,Index,2016,,98.8285066325211,,A,Normal value,0,Units,S,"Seasonally adjusted, not calendar adjusted",1,One,2015,
DATAFLOW,OECD.ECO.MPD:DSD_AN_HOUSE_PRICES@DF_HOUSE_PRICES(1.0),Analytical house prices indicators,I,SVN,Slovenia,A,Annual,HPI_YDH,Price to income ratio,IX,Index,2017,,102.03150040724,,A,Normal value,0,Units,S,"Seasonally adjusted, not calendar adjusted",1,One,2015,
DATAFLOW,OECD.ECO.MPD:DSD_AN_HOUSE_PRICES@DF_HOUSE_PRICES(1.0),Analytical house prices indicators,I,SVN,Slovenia,A,Annual,HPI_YDH,Price to income ratio,IX,Index,2018,,104.453252561205,,A,Normal value,0,Units,S,"Seasonally adjusted, not calendar adjusted",1,One,2015,
DATAFLOW,OECD.ECO.MPD:DSD_AN_HOUSE_PRICES@DF_HOUSE_PRICES(1.0),Analytical house prices indicators,I,SVN,Slovenia,A,Annual,HPI_YDH,Price to income ratio,IX,Index,2019,,105.730505544112,,A,Normal value,0,Units,S,"Seasonally adjusted, not calendar adjusted",1,One,2015,
DATAFLOW,OECD.ECO.MPD:DSD_AN_HOUSE_PRICES@DF_HOUSE_PRICES(1.0),Analytical house prices indicators,I,SVN,Slovenia,A,Annual,HPI_YDH,Price to income ratio,IX,Index,2020,,107.136440211517,,A,Normal value,0,Units,S,"Seasonally adjusted, not calendar adjusted",1,One,2015,
DATAFLOW,OECD.ECO.MPD:DSD_AN_HOUSE_PRICES@DF_HOUSE_PRICES(1.0),Analytical house prices indicators,I,NOR,Norway,A,Annual,HPI_YDH,Price to income ratio,IX,Index,1990,,68.9010908591401,,A,Normal value,0,Units,S,"Seasonally adjusted, not calendar adjusted",1,One,2015,
DATAFLOW,OECD.ECO.MPD:DSD_AN_HOUSE_PRICES@DF_HOUSE_PRICES(1.0),Analytical house prices indicators,I,NOR,Norway,A,Annual,HPI_YDH,Price to income ratio,IX,Index,1991,,60.7150692081223,,A,Normal value,0,Units,S,"Seasonally adjusted, not calendar adjusted",1,One,2015,
DATAFLOW,OECD.ECO.MPD:DSD_AN_HOUSE_PRICES@DF_HOUSE_PRICES(1.0),Analytical house prices indicators,I,NOR,Norway,A,Annual,HPI_YDH,Price to income ratio,IX,Index,1992,,54.4099486112657,,A,Normal value,0,Units,S,"Seasonally adjusted, not calendar adjusted",1,One,2015,
DATAFLOW,OECD.ECO.MPD:DSD_AN_HOUSE_PRICES@DF_HOUSE_PRICES(1.0),Analytical house prices indicators,I,NOR,Norway,A,Annual,HPI_YDH,Price to income ratio,IX,Index,1993,,51.794694348756,,A,Normal value,0,Units,S,"Seasonally adjusted, not calendar adjusted",1,One,2015,
DATAFLOW,OECD.ECO.MPD:DSD_AN_HOUSE_PRICES@DF_HOUSE_PRICES(1.0),Analytical house prices indicators,I,NOR,Norway,A,Annual,HPI_YDH,Price to income ratio,IX,Index,1994,,56.9833875420558,,A,Normal value,0,Units,S,"Seasonally adjusted, not calendar adjusted",1,One,2015,
DATAFLOW,OECD.ECO.MPD:DSD_AN_HOUSE_PRICES@DF_HOUSE_PRICES(1.0),Analytical house prices indicators,I,NOR,Norway,A,Annual,HPI_YDH,Price to income ratio,IX,Index,1995,,58.4494037303873,,A,Normal value,0,Units,S,"Seasonally adjusted, not calendar adjusted",1,One,2015,
DATAFLOW,OECD.ECO.MPD:DSD_AN_HOUSE_PRICES@DF_HOUSE_PRICES(1.0),Analytical house prices indicators,I,NOR,Norway,A,Annual,HPI_YDH,Price to income ratio,IX,Index,1996,,60.8583627582659,,A,Normal value,0,Units,S,"Seasonally adjusted, not calendar adjusted",1,One,2015,
DATAFLOW,OECD.ECO.MPD:DSD_AN_HOUSE_PRICES@DF_HOUSE_PRICES(1.0),Analytical house prices indicators,I,NOR,Norway,A,Annual,HPI_YDH,Price to income ratio,IX,Index,1997,,64.321374514797,,A,Normal value,0,Units,S,"Seasonally adjusted, not calendar adjusted",1,One,2015,
DATAFLOW,OECD.ECO.MPD:DSD_AN_HOUSE_PRICES@DF_HOUSE_PRICES(1.0),Analytical house prices indicators,I,NOR,Norway,A,Annual,HPI_YDH,Price to income ratio,IX,Index,1998,,66.3062314978818,,A,Normal value,0,Units,S,"Seasonally adjusted, not calendar adjusted",1,One,2015,
DATAFLOW,OECD.ECO.MPD:DSD_AN_HOUSE_PRICES@DF_HOUSE_PRICES(1.0),Analytical house prices indicators,I,NOR,Norway,A,Annual,HPI_YDH,Price to income ratio,IX,Index,1999,,70.6769992759115,,A,Normal value,0,Units,S,"Seasonally adjusted, not calendar adjusted",1,One,2015,
DATAFLOW,OECD.ECO.MPD:DSD_AN_HOUSE_PRICES@DF_HOUSE_PRICES(1.0),Analytical house prices indicators,I,NOR,Norway,A,Annual,HPI_YDH,Price to income ratio,IX,Index,2000,,77.2444834367984,,A,Normal value,0,Units,S,"Seasonally adjusted, not calendar adjusted",1,One,2015,
DATAFLOW,OECD.ECO.MPD:DSD_AN_HOUSE_PRICES@DF_HOUSE_PRICES(1.0),Analytical house prices indicators,I,NOR,Norway,A,Annual,HPI_YDH,Price to income ratio,IX,Index,2001,,81.6541904113382,,A,Normal value,0,Units,S,"Seasonally adjusted, not calendar adjusted",1,One,2015,
DATAFLOW,OECD.ECO.MPD:DSD_AN_HOUSE_PRICES@DF_HOUSE_PRICES(1.0),Analytical house prices indicators,I,NOR,Norway,A,Annual,HPI_YDH,Price to income ratio,IX,Index,2002,,78.4599865102439,,A,Normal value,0,Units,S,"Seasonally adjusted, not calendar adjusted",1,One,2015,
DATAFLOW,OECD.ECO.MPD:DSD_AN_HOUSE_PRICES@DF_HOUSE_PRICES(1.0),Analytical house prices indicators,I,NOR,Norway,A,Annual,HPI_YDH,Price to income ratio,IX,Index,2003,,74.5782198531425,,A,Normal value,0,Units,S,"Seasonally adjusted, not calendar adjusted",1,One,2015,
DATAFLOW,OECD.ECO.MPD:DSD_AN_HOUSE_PRICES@DF_HOUSE_PRICES(1.0),Analytical house prices indicators,I,NOR,Norway,A,Annual,HPI_YDH,Price to income ratio,IX,Index,2004,,79.041464490797,,A,Normal value,0,Units,S,"Seasonally adjusted, not calendar adjusted",1,One,2015,
DATAFLOW,OECD.ECO.MPD:DSD_AN_HOUSE_PRICES@DF_HOUSE_PRICES(1.0),Analytical house prices indicators,I,NOR,Norway,A,Annual,HPI_YDH,Price to income ratio,IX,Index,2005,,78.7385436859135,,A,Normal value,0,Units,S,"Seasonally adjusted, not calendar adjusted",1,One,2015,
DATAFLOW,OECD.ECO.MPD:DSD_AN_HOUSE_PRICES@DF_HOUSE_PRICES(1.0),Analytical house prices indicators,I,NOR,Norway,A,Annual,HPI_YDH,Price to income ratio,IX,Index,2006,,94.7695635832761,,A,Normal value,0,Units,S,"Seasonally adjusted, not calendar adjusted",1,One,2015,
DATAFLOW,OECD.ECO.MPD:DSD_AN_HOUSE_PRICES@DF_HOUSE_PRICES(1.0),Analytical house prices indicators,I,NOR,Norway,A,Annual,HPI_YDH,Price to income ratio,IX,Index,2007,,100.71553607127,,A,Normal value,0,Units,S,"Seasonally adjusted, not calendar adjusted",1,One,2015,
DATAFLOW,OECD.ECO.MPD:DSD_AN_HOUSE_PRICES@DF_HOUSE_PRICES(1.0),Analytical house prices indicators,I,NOR,Norway,A,Annual,HPI_YDH,Price to income ratio,IX,Index,2008,,94.4959427119203,,A,Normal value,0,Units,S,"Seasonally adjusted, not calendar adjusted",1,One,2015,
DATAFLOW,OECD.ECO.MPD:DSD_AN_HOUSE_PRICES@DF_HOUSE_PRICES(1.0),Analytical house prices indicators,I,NOR,Norway,A,Annual,HPI_YDH,Price to income ratio,IX,Index,2009,,91.9774631830381,,A,Normal value,0,Units,S,"Seasonally adjusted, not calendar adjusted",1,One,2015,
DATAFLOW,OECD.ECO.MPD:DSD_AN_HOUSE_PRICES@DF_HOUSE_PRICES(1.0),Analytical house prices indicators,I,NOR,Norway,A,Annual,HPI_YDH,Price to income ratio,IX,Index,2010,,96.0162243835253,,A,Normal value,0,Units,S,"Seasonally adjusted, not calendar adjusted",1,One,2015,
DATAFLOW,OECD.ECO.MPD:DSD_AN_HOUSE_PRICES@DF_HOUSE_PRICES(1.0),Analytical house prices indicators,I,NOR,Norway,A,Annual,HPI_YDH,Price to income ratio,IX,Index,2011,,99.5926428100337,,A,Normal value,0,Units,S,"Seasonally adjusted, not calendar adjusted",1,One,2015,
DATAFLOW,OECD.ECO.MPD:DSD_AN_HOUSE_PRICES@DF_HOUSE_PRICES(1.0),Analytical house prices indicators,I,NOR,Norway,A,Annual,HPI_YDH,Price to income ratio,IX,Index,2012,,102.097226664312,,A,Normal value,0,Units,S,"Seasonally adjusted, not calendar adjusted",1,One,2015,
DATAFLOW,OECD.ECO.MPD:DSD_AN_HOUSE_PRICES@DF_HOUSE_PRICES(1.0),Analytical house prices indicators,I,NOR,Norway,A,Annual,HPI_YDH,Price to income ratio,IX,Index,2013,,101.292918010987,,A,Normal value,0,Units,S,"Seasonally adjusted, not calendar adjusted",1,One,2015,
DATAFLOW,OECD.ECO.MPD:DSD_AN_HOUSE_PRICES@DF_HOUSE_PRICES(1.0),Analytical house prices indicators,I,NOR,Norway,A,Annual,HPI_YDH,Price to income ratio,IX,Index,2014,,100.504425872442,,A,Normal value,0,Units,S,"Seasonally adjusted, not calendar adjusted",1,One,2015,
DATAFLOW,OECD.ECO.MPD:DSD_AN_HOUSE_PRICES@DF_HOUSE_PRICES(1.0),Analytical house prices indicators,I,NOR,Norway,A,Annual,HPI_YDH,Price to income ratio,IX,Index,2015,,100,,A,Normal value,0,Units,S,"Seasonally adjusted, not calendar adjusted",1,One,2015,
DATAFLOW,OECD.ECO.MPD:DSD_AN_HOUSE_PRICES@DF_HOUSE_PRICES(1.0),Analytical house prices indicators,I,NOR,Norway,A,Annual,HPI_YDH,Price to income ratio,IX,Index,2016,,106.411097515821,,A,Normal value,0,Units,S,"Seasonally adjusted, not calendar adjusted",1,One,2015,
DATAFLOW,OECD.ECO.MPD:DSD_AN_HOUSE_PRICES@DF_HOUSE_PRICES(1.0),Analytical house prices indicators,I,NOR,Norway,A,Annual,HPI_YDH,Price to income ratio,IX,Index,2017,,108.264848418503,,A,Normal value,0,Units,S,"Seasonally adjusted, not calendar adjusted",1,One,2015,
DATAFLOW,OECD.ECO.MPD:DSD_AN_HOUSE_PRICES@DF_HOUSE_PRICES(1.0),Analytical house prices indicators,I,NOR,Norway,A,Annual,HPI_YDH,Price to income ratio,IX,Index,2018,,107.026579378246,,A,Normal value,0,Units,S,"Seasonally adjusted, not calendar adjusted",1,One,2015,
DATAFLOW,OECD.ECO.MPD:DSD_AN_HOUSE_PRICES@DF_HOUSE_PRICES(1.0),Analytical house prices indicators,I,NOR,Norway,A,Annual,HPI_YDH,Price to income ratio,IX,Index,2019,,105.826250360824,,A,Normal value,0,Units,S,"Seasonally adjusted, not calendar adjusted",1,One,2015,
DATAFLOW,OECD.ECO.MPD:DSD_AN_HOUSE_PRICES@DF_HOUSE_PRICES(1.0),Analytical house prices indicators,I,NOR,Norway,A,Annual,HPI_YDH,Price to income ratio,IX,Index,2020,,108.047752079031,,A,Normal value,0,Units,S,"Seasonally adjusted, not calendar adjusted",1,One,2015,
DATAFLOW,OECD.ECO.MPD:DSD_AN_HOUSE_PRICES@DF_HOUSE_PRICES(1.0),Analytical house prices indicators,I,EST,Estonia,A,Annual,HPI_YDH,Price to income ratio,IX,Index,2005,,121.879104078063,,A,Normal value,0,Units,S,"Seasonally adjusted, not calendar adjusted",1,One,2015,
DATAFLOW,OECD.ECO.MPD:DSD_AN_HOUSE_PRICES@DF_HOUSE_PRICES(1.0),Analytical house prices indicators,I,EST,Estonia,A,Annual,HPI_YDH,Price to income ratio,IX,Index,2006,,150.846376929273,,A,Normal value,0,Units,S,"Seasonally adjusted, not calendar adjusted",1,One,2015,
DATAFLOW,OECD.ECO.MPD:DSD_AN_HOUSE_PRICES@DF_HOUSE_PRICES(1.0),Analytical house prices indicators,I,EST,Estonia,A,Annual,HPI_YDH,Price to income ratio,IX,Index,2007,,157.109606183626,,A,Normal value,0,Units,S,"Seasonally adjusted, not calendar adjusted",1,One,2015,
DATAFLOW,OECD.ECO.MPD:DSD_AN_HOUSE_PRICES@DF_HOUSE_PRICES(1.0),Analytical house prices indicators,I,EST,Estonia,A,Annual,HPI_YDH,Price to income ratio,IX,Index,2008,,122.35107868117,,A,Normal value,0,Units,S,"Seasonally adjusted, not calendar adjusted",1,One,2015,
DATAFLOW,OECD.ECO.MPD:DSD_AN_HOUSE_PRICES@DF_HOUSE_PRICES(1.0),Analytical house prices indicators,I,EST,Estonia,A,Annual,HPI_YDH,Price to income ratio,IX,Index,2009,,83.8624859650669,,A,Normal value,0,Units,S,"Seasonally adjusted, not calendar adjusted",1,One,2015,
DATAFLOW,OECD.ECO.MPD:DSD_AN_HOUSE_PRICES@DF_HOUSE_PRICES(1.0),Analytical house prices indicators,I,EST,Estonia,A,Annual,HPI_YDH,Price to income ratio,IX,Index,2010,,89.010691926615,,A,Normal value,0,Units,S,"Seasonally adjusted, not calendar adjusted",1,One,2015,
DATAFLOW,OECD.ECO.MPD:DSD_AN_HOUSE_PRICES@DF_HOUSE_PRICES(1.0),Analytical house prices indicators,I,EST,Estonia,A,Annual,HPI_YDH,Price to income ratio,IX,Index,2011,,88.4724134691896,,A,Normal value,0,Units,S,"Seasonally adjusted, not calendar adjusted",1,One,2015,
DATAFLOW,OECD.ECO.MPD:DSD_AN_HOUSE_PRICES@DF_HOUSE_PRICES(1.0),Analytical house prices indicators,I,EST,Estonia,A,Annual,HPI_YDH,Price to income ratio,IX,Index,2012,,91.2792335244849,,A,Normal value,0,Units,S,"Seasonally adjusted, not calendar adjusted",1,One,2015,
DATAFLOW,OECD.ECO.MPD:DSD_AN_HOUSE_PRICES@DF_HOUSE_PRICES(1.0),Analytical house prices indicators,I,EST,Estonia,A,Annual,HPI_YDH,Price to income ratio,IX,Index,2013,,91.7566974210671,,A,Normal value,0,Units,S,"Seasonally adjusted, not calendar adjusted",1,One,2015,
DATAFLOW,OECD.ECO.MPD:DSD_AN_HOUSE_PRICES@DF_HOUSE_PRICES(1.0),Analytical house prices indicators,I,EST,Estonia,A,Annual,HPI_YDH,Price to income ratio,IX,Index,2014,,100.320795885389,,A,Normal value,0,Units,S,"Seasonally adjusted, not calendar adjusted",1,One,2015,
DATAFLOW,OECD.ECO.MPD:DSD_AN_HOUSE_PRICES@DF_HOUSE_PRICES(1.0),Analytical house prices indicators,I,EST,Estonia,A,Annual,HPI_YDH,Price to income ratio,IX,Index,2015,,100,,A,Normal value,0,Units,S,"Seasonally adjusted, not calendar adjusted",1,One,2015,
DATAFLOW,OECD.ECO.MPD:DSD_AN_HOUSE_PRICES@DF_HOUSE_PRICES(1.0),Analytical house prices indicators,I,EST,Estonia,A,Annual,HPI_YDH,Price to income ratio,IX,Index,2016,,99.8889326474336,,A,Normal value,0,Units,S,"Seasonally adjusted, not calendar adjusted",1,One,2015,
DATAFLOW,OECD.ECO.MPD:DSD_AN_HOUSE_PRICES@DF_HOUSE_PRICES(1.0),Analytical house prices indicators,I,EST,Estonia,A,Annual,HPI_YDH,Price to income ratio,IX,Index,2017,,97.9489570038736,,A,Normal value,0,Units,S,"Seasonally adjusted, not calendar adjusted",1,One,2015,
DATAFLOW,OECD.ECO.MPD:DSD_AN_HOUSE_PRICES@DF_HOUSE_PRICES(1.0),Analytical house prices indicators,I,EST,Estonia,A,Annual,HPI_YDH,Price to income ratio,IX,Index,2018,,92.1067553892328,,A,Normal value,0,Units,S,"Seasonally adjusted, not calendar adjusted",1,One,2015,
DATAFLOW,OECD.ECO.MPD:DSD_AN_HOUSE_PRICES@DF_HOUSE_PRICES(1.0),Analytical house prices indicators,I,EST,Estonia,A,Annual,HPI_YDH,Price to income ratio,IX,Index,2019,,92.9565118832067,,A,Normal value,0,Units,S,"Seasonally adjusted, not calendar adjusted",1,One,2015,
DATAFLOW,OECD.ECO.MPD:DSD_AN_HOUSE_PRICES@DF_HOUSE_PRICES(1.0),Analytical house prices indicators,I,EST,Estonia,A,Annual,HPI_YDH,Price to income ratio,IX,Index,2020,,97.3861247900293,,A,Normal value,0,Units,S,"Seasonally adjusted, not calendar adjusted",1,One,2015,
DATAFLOW,OECD.ECO.MPD:DSD_AN_HOUSE_PRICES@DF_HOUSE_PRICES(1.0),Analytical house prices indicators,I,POL,Poland,A,Annual,HPI_YDH,Price to income ratio,IX,Index,2005,,97.9403336443504,,A,Normal value,0,Units,S,"Seasonally adjusted, not calendar adjusted",1,One,2015,
DATAFLOW,OECD.ECO.MPD:DSD_AN_HOUSE_PRICES@DF_HOUSE_PRICES(1.0),Analytical house prices indicators,I,POL,Poland,A,Annual,HPI_YDH,Price to income ratio,IX,Index,2006,,125.28563445665,,A,Normal value,0,Units,S,"Seasonally adjusted, not calendar adjusted",1,One,2015,
DATAFLOW,OECD.ECO.MPD:DSD_AN_HOUSE_PRICES@DF_HOUSE_PRICES(1.0),Analytical house prices indicators,I,POL,Poland,A,Annual,HPI_YDH,Price to income ratio,IX,Index,2007,,174.661923964065,,A,Normal value,0,Units,S,"Seasonally adjusted, not calendar adjusted",1,One,2015,
DATAFLOW,OECD.ECO.MPD:DSD_AN_HOUSE_PRICES@DF_HOUSE_PRICES(1.0),Analytical house prices indicators,I,POL,Poland,A,Annual,HPI_YDH,Price to income ratio,IX,Index,2008,,159.500436140529,,A,Normal value,0,Units,S,"Seasonally adjusted, not calendar adjusted",1,One,2015,
DATAFLOW,OECD.ECO.MPD:DSD_AN_HOUSE_PRICES@DF_HOUSE_PRICES(1.0),Analytical house prices indicators,I,POL,Poland,A,Annual,HPI_YDH,Price to income ratio,IX,Index,2009,,142.631105405588,,A,Normal value,0,Units,S,"Seasonally adjusted, not calendar adjusted",1,One,2015,
DATAFLOW,OECD.ECO.MPD:DSD_AN_HOUSE_PRICES@DF_HOUSE_PRICES(1.0),Analytical house prices indicators,I,POL,Poland,A,Annual,HPI_YDH,Price to income ratio,IX,Index,2010,,126.596880595986,,A,Normal value,0,Units,S,"Seasonally adjusted, not calendar adjusted",1,One,2015,
DATAFLOW,OECD.ECO.MPD:DSD_AN_HOUSE_PRICES@DF_HOUSE_PRICES(1.0),Analytical house prices indicators,I,POL,Poland,A,Annual,HPI_YDH,Price to income ratio,IX,Index,2011,,120.585318998851,,A,Normal value,0,Units,S,"Seasonally adjusted, not calendar adjusted",1,One,2015,
DATAFLOW,OECD.ECO.MPD:DSD_AN_HOUSE_PRICES@DF_HOUSE_PRICES(1.0),Analytical house prices indicators,I,POL,Poland,A,Annual,HPI_YDH,Price to income ratio,IX,Index,2012,,111.275167671558,,A,Normal value,0,Units,S,"Seasonally adjusted, not calendar adjusted",1,One,2015,
DATAFLOW,OECD.ECO.MPD:DSD_AN_HOUSE_PRICES@DF_HOUSE_PRICES(1.0),Analytical house prices indicators,I,POL,Poland,A,Annual,HPI_YDH,Price to income ratio,IX,Index,2013,,105.223626548994,,A,Normal value,0,Units,S,"Seasonally adjusted, not calendar adjusted",1,One,2015,
DATAFLOW,OECD.ECO.MPD:DSD_AN_HOUSE_PRICES@DF_HOUSE_PRICES(1.0),Analytical house prices indicators,I,POL,Poland,A,Annual,HPI_YDH,Price to income ratio,IX,Index,2014,,100.901007707589,,A,Normal value,0,Units,S,"Seasonally adjusted, not calendar adjusted",1,One,2015,
DATAFLOW,OECD.ECO.MPD:DSD_AN_HOUSE_PRICES@DF_HOUSE_PRICES(1.0),Analytical house prices indicators,I,POL,Poland,A,Annual,HPI_YDH,Price to income ratio,IX,Index,2015,,100,,A,Normal value,0,Units,S,"Seasonally adjusted, not calendar adjusted",1,One,2015,
DATAFLOW,OECD.ECO.MPD:DSD_AN_HOUSE_PRICES@DF_HOUSE_PRICES(1.0),Analytical house prices indicators,I,POL,Poland,A,Annual,HPI_YDH,Price to income ratio,IX,Index,2016,,96.8347314498954,,A,Normal value,0,Units,S,"Seasonally adjusted, not calendar adjusted",1,One,2015,
DATAFLOW,OECD.ECO.MPD:DSD_AN_HOUSE_PRICES@DF_HOUSE_PRICES(1.0),Analytical house prices indicators,I,POL,Poland,A,Annual,HPI_YDH,Price to income ratio,IX,Index,2017,,95.2609274006688,,A,Normal value,0,Units,S,"Seasonally adjusted, not calendar adjusted",1,One,2015,
DATAFLOW,OECD.ECO.MPD:DSD_AN_HOUSE_PRICES@DF_HOUSE_PRICES(1.0),Analytical house prices indicators,I,POL,Poland,A,Annual,HPI_YDH,Price to income ratio,IX,Index,2018,,96.1073814888845,,A,Normal value,0,Units,S,"Seasonally adjusted, not calendar adjusted",1,One,2015,
DATAFLOW,OECD.ECO.MPD:DSD_AN_HOUSE_PRICES@DF_HOUSE_PRICES(1.0),Analytical house prices indicators,I,POL,Poland,A,Annual,HPI_YDH,Price to income ratio,IX,Index,2019,,97.7577367546575,,A,Normal value,0,Units,S,"Seasonally adjusted, not calendar adjusted",1,One,2015,
DATAFLOW,OECD.ECO.MPD:DSD_AN_HOUSE_PRICES@DF_HOUSE_PRICES(1.0),Analytical house prices indicators,I,POL,Poland,A,Annual,HPI_YDH,Price to income ratio,IX,Index,2020,,98.1344967171053,,A,Normal value,0,Units,S,"Seasonally adjusted, not calendar adjusted",1,One,2015,
DATAFLOW,OECD.ECO.MPD:DSD_AN_HOUSE_PRICES@DF_HOUSE_PRICES(1.0),Analytical house prices indicators,I,LUX,Luxembourg,A,Annual,HPI_YDH,Price to income ratio,IX,Index,2007,,87.1563702762818,,A,Normal value,0,Units,S,"Seasonally adjusted, not calendar adjusted",1,One,2015,
DATAFLOW,OECD.ECO.MPD:DSD_AN_HOUSE_PRICES@DF_HOUSE_PRICES(1.0),Analytical house prices indicators,I,LUX,Luxembourg,A,Annual,HPI_YDH,Price to income ratio,IX,Index,2008,,86.6989285210921,,A,Normal value,0,Units,S,"Seasonally adjusted, not calendar adjusted",1,One,2015,
DATAFLOW,OECD.ECO.MPD:DSD_AN_HOUSE_PRICES@DF_HOUSE_PRICES(1.0),Analytical house prices indicators,I,LUX,Luxembourg,A,Annual,HPI_YDH,Price to income ratio,IX,Index,2009,,84.9350960302876,,A,Normal value,0,Units,S,"Seasonally adjusted, not calendar adjusted",1,One,2015,
DATAFLOW,OECD.ECO.MPD:DSD_AN_HOUSE_PRICES@DF_HOUSE_PRICES(1.0),Analytical house prices indicators,I,LUX,Luxembourg,A,Annual,HPI_YDH,Price to income ratio,IX,Index,2010,,87.9030780298259,,A,Normal value,0,Units,S,"Seasonally adjusted, not calendar adjusted",1,One,2015,
DATAFLOW,OECD.ECO.MPD:DSD_AN_HOUSE_PRICES@DF_HOUSE_PRICES(1.0),Analytical house prices indicators,I,LUX,Luxembourg,A,Annual,HPI_YDH,Price to income ratio,IX,Index,2011,,88.8674599301191,,A,Normal value,0,Units,S,"Seasonally adjusted, not calendar adjusted",1,One,2015,
DATAFLOW,OECD.ECO.MPD:DSD_AN_HOUSE_PRICES@DF_HOUSE_PRICES(1.0),Analytical house prices indicators,I,LUX,Luxembourg,A,Annual,HPI_YDH,Price to income ratio,IX,Index,2012,,90.2321823157742,,A,Normal value,0,Units,S,"Seasonally adjusted, not calendar adjusted",1,One,2015,
DATAFLOW,OECD.ECO.MPD:DSD_AN_HOUSE_PRICES@DF_HOUSE_PRICES(1.0),Analytical house prices indicators,I,LUX,Luxembourg,A,Annual,HPI_YDH,Price to income ratio,IX,Index,2013,,91.4599839951839,,A,Normal value,0,Units,S,"Seasonally adjusted, not calendar adjusted",1,One,2015,
DATAFLOW,OECD.ECO.MPD:DSD_AN_HOUSE_PRICES@DF_HOUSE_PRICES(1.0),Analytical house prices indicators,I,LUX,Luxembourg,A,Annual,HPI_YDH,Price to income ratio,IX,Index,2014,,94.5586454329342,,A,Normal value,0,Units,S,"Seasonally adjusted, not calendar adjusted",1,One,2015,
DATAFLOW,OECD.ECO.MPD:DSD_AN_HOUSE_PRICES@DF_HOUSE_PRICES(1.0),Analytical house prices indicators,I,LUX,Luxembourg,A,Annual,HPI_YDH,Price to income ratio,IX,Index,2015,,100,,A,Normal value,0,Units,S,"Seasonally adjusted, not calendar adjusted",1,One,2015,
DATAFLOW,OECD.ECO.MPD:DSD_AN_HOUSE_PRICES@DF_HOUSE_PRICES(1.0),Analytical house prices indicators,I,LUX,Luxembourg,A,Annual,HPI_YDH,Price to income ratio,IX,Index,2016,,106.030707780716,,A,Normal value,0,Units,S,"Seasonally adjusted, not calendar adjusted",1,One,2015,
DATAFLOW,OECD.ECO.MPD:DSD_AN_HOUSE_PRICES@DF_HOUSE_PRICES(1.0),Analytical house prices indicators,I,LUX,Luxembourg,A,Annual,HPI_YDH,Price to income ratio,IX,Index,2017,,106.93290468632,,A,Normal value,0,Units,S,"Seasonally adjusted, not calendar adjusted",1,One,2015,
DATAFLOW,OECD.ECO.MPD:DSD_AN_HOUSE_PRICES@DF_HOUSE_PRICES(1.0),Analytical house prices indicators,I,LUX,Luxembourg,A,Annual,HPI_YDH,Price to income ratio,IX,Index,2018,,111.886302142905,,A,Normal value,0,Units,S,"Seasonally adjusted, not calendar adjusted",1,One,2015,
DATAFLOW,OECD.ECO.MPD:DSD_AN_HOUSE_PRICES@DF_HOUSE_PRICES(1.0),Analytical house prices indicators,I,LUX,Luxembourg,A,Annual,HPI_YDH,Price to income ratio,IX,Index,2019,,119.041575841453,,A,Normal value,0,Units,S,"Seasonally adjusted, not calendar adjusted",1,One,2015,
DATAFLOW,OECD.ECO.MPD:DSD_AN_HOUSE_PRICES@DF_HOUSE_PRICES(1.0),Analytical house prices indicators,I,LUX,Luxembourg,A,Annual,HPI_YDH,Price to income ratio,IX,Index,2020,,129.194262832634,,A,Normal value,0,Units,S,"Seasonally adjusted, not calendar adjusted",1,One,2015,
DATAFLOW,OECD.ECO.MPD:DSD_AN_HOUSE_PRICES@DF_HOUSE_PRICES(1.0),Analytical house prices indicators,I,GBR,United Kingdom,A,Annual,HPI_YDH,Price to income ratio,IX,Index,1990,,77.410877238971,,A,Normal value,0,Units,S,"Seasonally adjusted, not calendar adjusted",1,One,2015,
DATAFLOW,OECD.ECO.MPD:DSD_AN_HOUSE_PRICES@DF_HOUSE_PRICES(1.0),Analytical house prices indicators,I,GBR,United Kingdom,A,Annual,HPI_YDH,Price to income ratio,IX,Index,1991,,69.6796685777113,,A,Normal value,0,Units,S,"Seasonally adjusted, not calendar adjusted",1,One,2015,
DATAFLOW,OECD.ECO.MPD:DSD_AN_HOUSE_PRICES@DF_HOUSE_PRICES(1.0),Analytical house prices indicators,I,GBR,United Kingdom,A,Annual,HPI_YDH,Price to income ratio,IX,Index,1992,,62.5092258816358,,A,Normal value,0,Units,S,"Seasonally adjusted, not calendar adjusted",1,One,2015,
DATAFLOW,OECD.ECO.MPD:DSD_AN_HOUSE_PRICES@DF_HOUSE_PRICES(1.0),Analytical house prices indicators,I,GBR,United Kingdom,A,Annual,HPI_YDH,Price to income ratio,IX,Index,1993,,58.0306858580134,,A,Normal value,0,Units,S,"Seasonally adjusted, not calendar adjusted",1,One,2015,
DATAFLOW,OECD.ECO.MPD:DSD_AN_HOUSE_PRICES@DF_HOUSE_PRICES(1.0),Analytical house prices indicators,I,GBR,United Kingdom,A,Annual,HPI_YDH,Price to income ratio,IX,Index,1994,,57.6848428081262,,A,Normal value,0,Units,S,"Seasonally adjusted, not calendar adjusted",1,One,2015,
DATAFLOW,OECD.ECO.MPD:DSD_AN_HOUSE_PRICES@DF_HOUSE_PRICES(1.0),Analytical house prices indicators,I,GBR,United Kingdom,A,Annual,HPI_YDH,Price to income ratio,IX,Index,1995,,54.9293919848223,,A,Normal value,0,Units,S,"Seasonally adjusted, not calendar adjusted",1,One,2015,
DATAFLOW,OECD.ECO.MPD:DSD_AN_HOUSE_PRICES@DF_HOUSE_PRICES(1.0),Analytical house prices indicators,I,GBR,United Kingdom,A,Annual,HPI_YDH,Price to income ratio,IX,Index,1996,,53.6705761448416,,A,Normal value,0,Units,S,"Seasonally adjusted, not calendar adjusted",1,One,2015,
DATAFLOW,OECD.ECO.MPD:DSD_AN_HOUSE_PRICES@DF_HOUSE_PRICES(1.0),Analytical house prices indicators,I,GBR,United Kingdom,A,Annual,HPI_YDH,Price to income ratio,IX,Index,1997,,56.4042173728937,,A,Normal value,0,Units,S,"Seasonally adjusted, not calendar adjusted",1,One,2015,
DATAFLOW,OECD.ECO.MPD:DSD_AN_HOUSE_PRICES@DF_HOUSE_PRICES(1.0),Analytical house prices indicators,I,GBR,United Kingdom,A,Annual,HPI_YDH,Price to income ratio,IX,Index,1998,,61.6921305325821,,A,Normal value,0,Units,S,"Seasonally adjusted, not calendar adjusted",1,One,2015,
DATAFLOW,OECD.ECO.MPD:DSD_AN_HOUSE_PRICES@DF_HOUSE_PRICES(1.0),Analytical house prices indicators,I,GBR,United Kingdom,A,Annual,HPI_YDH,Price to income ratio,IX,Index,1999,,65.3494472375384,,A,Normal value,0,Units,S,"Seasonally adjusted, not calendar adjusted",1,One,2015,
DATAFLOW,OECD.ECO.MPD:DSD_AN_HOUSE_PRICES@DF_HOUSE_PRICES(1.0),Analytical house prices indicators,I,GBR,United Kingdom,A,Annual,HPI_YDH,Price to income ratio,IX,Index,2000,,71.2035595505092,,A,Normal value,0,Units,S,"Seasonally adjusted, not calendar adjusted",1,One,2015,
DATAFLOW,OECD.ECO.MPD:DSD_AN_HOUSE_PRICES@DF_HOUSE_PRICES(1.0),Analytical house prices indicators,I,GBR,United Kingdom,A,Annual,HPI_YDH,Price to income ratio,IX,Index,2001,,74.0839530782012,,A,Normal value,0,Units,S,"Seasonally adjusted, not calendar adjusted",1,One,2015,
DATAFLOW,OECD.ECO.MPD:DSD_AN_HOUSE_PRICES@DF_HOUSE_PRICES(1.0),Analytical house prices indicators,I,GBR,United Kingdom,A,Annual,HPI_YDH,Price to income ratio,IX,Index,2002,,83.7545625579441,,A,Normal value,0,Units,S,"Seasonally adjusted, not calendar adjusted",1,One,2015,
DATAFLOW,OECD.ECO.MPD:DSD_AN_HOUSE_PRICES@DF_HOUSE_PRICES(1.0),Analytical house prices indicators,I,GBR,United Kingdom,A,Annual,HPI_YDH,Price to income ratio,IX,Index,2003,,94.1862244738936,,A,Normal value,0,Units,S,"Seasonally adjusted, not calendar adjusted",1,One,2015,
DATAFLOW,OECD.ECO.MPD:DSD_AN_HOUSE_PRICES@DF_HOUSE_PRICES(1.0),Analytical house prices indicators,I,GBR,United Kingdom,A,Annual,HPI_YDH,Price to income ratio,IX,Index,2004,,101.235486222847,,A,Normal value,0,Units,S,"Seasonally adjusted, not calendar adjusted",1,One,2015,
DATAFLOW,OECD.ECO.MPD:DSD_AN_HOUSE_PRICES@DF_HOUSE_PRICES(1.0),Analytical house prices indicators,I,GBR,United Kingdom,A,Annual,HPI_YDH,Price to income ratio,IX,Index,2005,,104.728695550727,,A,Normal value,0,Units,S,"Seasonally adjusted, not calendar adjusted",1,One,2015,
DATAFLOW,OECD.ECO.MPD:DSD_AN_HOUSE_PRICES@DF_HOUSE_PRICES(1.0),Analytical house prices indicators,I,GBR,United Kingdom,A,Annual,HPI_YDH,Price to income ratio,IX,Index,2006,,108.628326162436,,A,Normal value,0,Units,S,"Seasonally adjusted, not calendar adjusted",1,One,2015,
DATAFLOW,OECD.ECO.MPD:DSD_AN_HOUSE_PRICES@DF_HOUSE_PRICES(1.0),Analytical house prices indicators,I,GBR,United Kingdom,A,Annual,HPI_YDH,Price to income ratio,IX,Index,2007,,114.329621041435,,A,Normal value,0,Units,S,"Seasonally adjusted, not calendar adjusted",1,One,2015,
DATAFLOW,OECD.ECO.MPD:DSD_AN_HOUSE_PRICES@DF_HOUSE_PRICES(1.0),Analytical house prices indicators,I,GBR,United Kingdom,A,Annual,HPI_YDH,Price to income ratio,IX,Index,2008,,106.782493463577,,A,Normal value,0,Units,S,"Seasonally adjusted, not calendar adjusted",1,One,2015,
DATAFLOW,OECD.ECO.MPD:DSD_AN_HOUSE_PRICES@DF_HOUSE_PRICES(1.0),Analytical house prices indicators,I,GBR,United Kingdom,A,Annual,HPI_YDH,Price to income ratio,IX,Index,2009,,95.5814431797432,,A,Normal value,0,Units,S,"Seasonally adjusted, not calendar adjusted",1,One,2015,
DATAFLOW,OECD.ECO.MPD:DSD_AN_HOUSE_PRICES@DF_HOUSE_PRICES(1.0),Analytical house prices indicators,I,GBR,United Kingdom,A,Annual,HPI_YDH,Price to income ratio,IX,Index,2010,,99.9088031141884,,A,Normal value,0,Units,S,"Seasonally adjusted, not calendar adjusted",1,One,2015,
DATAFLOW,OECD.ECO.MPD:DSD_AN_HOUSE_PRICES@DF_HOUSE_PRICES(1.0),Analytical house prices indicators,I,GBR,United Kingdom,A,Annual,HPI_YDH,Price to income ratio,IX,Index,2011,,97.9803867424833,,A,Normal value,0,Units,S,"Seasonally adjusted, not calendar adjusted",1,One,2015,
DATAFLOW,OECD.ECO.MPD:DSD_AN_HOUSE_PRICES@DF_HOUSE_PRICES(1.0),Analytical house prices indicators,I,GBR,United Kingdom,A,Annual,HPI_YDH,Price to income ratio,IX,Index,2012,,95.0679663715341,,A,Normal value,0,Units,S,"Seasonally adjusted, not calendar adjusted",1,One,2015,
DATAFLOW,OECD.ECO.MPD:DSD_AN_HOUSE_PRICES@DF_HOUSE_PRICES(1.0),Analytical house prices indicators,I,GBR,United Kingdom,A,Annual,HPI_YDH,Price to income ratio,IX,Index,2013,,94.28250182386,,A,Normal value,0,Units,S,"Seasonally adjusted, not calendar adjusted",1,One,2015,
DATAFLOW,OECD.ECO.MPD:DSD_AN_HOUSE_PRICES@DF_HOUSE_PRICES(1.0),Analytical house prices indicators,I,GBR,United Kingdom,A,Annual,HPI_YDH,Price to income ratio,IX,Index,2014,,99.1629824458987,,A,Normal value,0,Units,S,"Seasonally adjusted, not calendar adjusted",1,One,2015,
DATAFLOW,OECD.ECO.MPD:DSD_AN_HOUSE_PRICES@DF_HOUSE_PRICES(1.0),Analytical house prices indicators,I,GBR,United Kingdom,A,Annual,HPI_YDH,Price to income ratio,IX,Index,2015,,100,,A,Normal value,0,Units,S,"Seasonally adjusted, not calendar adjusted",1,One,2015,
DATAFLOW,OECD.ECO.MPD:DSD_AN_HOUSE_PRICES@DF_HOUSE_PRICES(1.0),Analytical house prices indicators,I,GBR,United Kingdom,A,Annual,HPI_YDH,Price to income ratio,IX,Index,2016,,105.843178662561,,A,Normal value,0,Units,S,"Seasonally adjusted, not calendar adjusted",1,One,2015,
DATAFLOW,OECD.ECO.MPD:DSD_AN_HOUSE_PRICES@DF_HOUSE_PRICES(1.0),Analytical house prices indicators,I,GBR,United Kingdom,A,Annual,HPI_YDH,Price to income ratio,IX,Index,2017,,108.425899175231,,A,Normal value,0,Units,S,"Seasonally adjusted, not calendar adjusted",1,One,2015,
DATAFLOW,OECD.ECO.MPD:DSD_AN_HOUSE_PRICES@DF_HOUSE_PRICES(1.0),Analytical house prices indicators,I,GBR,United Kingdom,A,Annual,HPI_YDH,Price to income ratio,IX,Index,2018,,108.118935828448,,A,Normal value,0,Units,S,"Seasonally adjusted, not calendar adjusted",1,One,2015,
DATAFLOW,OECD.ECO.MPD:DSD_AN_HOUSE_PRICES@DF_HOUSE_PRICES(1.0),Analytical house prices indicators,I,GBR,United Kingdom,A,Annual,HPI_YDH,Price to income ratio,IX,Index,2019,,105.954054955302,,A,Normal value,0,Units,S,"Seasonally adjusted, not calendar adjusted",1,One,2015,
DATAFLOW,OECD.ECO.MPD:DSD_AN_HOUSE_PRICES@DF_HOUSE_PRICES(1.0),Analytical house prices indicators,I,GBR,United Kingdom,A,Annual,HPI_YDH,Price to income ratio,IX,Index,2020,,109.234616984266,,A,Normal value,0,Units,S,"Seasonally adjusted, not calendar adjusted",1,One,2015,
DATAFLOW,OECD.ECO.MPD:DSD_AN_HOUSE_PRICES@DF_HOUSE_PRICES(1.0),Analytical house prices indicators,I,ZAF,South Africa,A,Annual,HPI_YDH,Price to income ratio,IX,Index,1995,,80.8804187502372,,A,Normal value,0,Units,S,"Seasonally adjusted, not calendar adjusted",1,One,2015,
DATAFLOW,OECD.ECO.MPD:DSD_AN_HOUSE_PRICES@DF_HOUSE_PRICES(1.0),Analytical house prices indicators,I,ZAF,South Africa,A,Annual,HPI_YDH,Price to income ratio,IX,Index,1996,,76.4019264043532,,A,Normal value,0,Units,S,"Seasonally adjusted, not calendar adjusted",1,One,2015,
DATAFLOW,OECD.ECO.MPD:DSD_AN_HOUSE_PRICES@DF_HOUSE_PRICES(1.0),Analytical house prices indicators,I,ZAF,South Africa,A,Annual,HPI_YDH,Price to income ratio,IX,Index,1997,,71.3232535078431,,A,Normal value,0,Units,S,"Seasonally adjusted, not calendar adjusted",1,One,2015,
DATAFLOW,OECD.ECO.MPD:DSD_AN_HOUSE_PRICES@DF_HOUSE_PRICES(1.0),Analytical house prices indicators,I,ZAF,South Africa,A,Annual,HPI_YDH,Price to income ratio,IX,Index,1998,,78.1707202308812,,A,Normal value,0,Units,S,"Seasonally adjusted, not calendar adjusted",1,One,2015,
DATAFLOW,OECD.ECO.MPD:DSD_AN_HOUSE_PRICES@DF_HOUSE_PRICES(1.0),Analytical house prices indicators,I,ZAF,South Africa,A,Annual,HPI_YDH,Price to income ratio,IX,Index,1999,,75.5937368013864,,A,Normal value,0,Units,S,"Seasonally adjusted, not calendar adjusted",1,One,2015,
DATAFLOW,OECD.ECO.MPD:DSD_AN_HOUSE_PRICES@DF_HOUSE_PRICES(1.0),Analytical house prices indicators,I,ZAF,South Africa,A,Annual,HPI_YDH,Price to income ratio,IX,Index,2000,,76.983910521173,,A,Normal value,0,Units,S,"Seasonally adjusted, not calendar adjusted",1,One,2015,
DATAFLOW,OECD.ECO.MPD:DSD_AN_HOUSE_PRICES@DF_HOUSE_PRICES(1.0),Analytical house prices indicators,I,ZAF,South Africa,A,Annual,HPI_YDH,Price to income ratio,IX,Index,2001,,74.7137505585341,,A,Normal value,0,Units,S,"Seasonally adjusted, not calendar adjusted",1,One,2015,
DATAFLOW,OECD.ECO.MPD:DSD_AN_HOUSE_PRICES@DF_HOUSE_PRICES(1.0),Analytical house prices indicators,I,ZAF,South Africa,A,Annual,HPI_YDH,Price to income ratio,IX,Index,2002,,76.897361175322,,A,Normal value,0,Units,S,"Seasonally adjusted, not calendar adjusted",1,One,2015,
DATAFLOW,OECD.ECO.MPD:DSD_AN_HOUSE_PRICES@DF_HOUSE_PRICES(1.0),Analytical house prices indicators,I,ZAF,South Africa,A,Annual,HPI_YDH,Price to income ratio,IX,Index,2003,,85.0907651902052,,A,Normal value,0,Units,S,"Seasonally adjusted, not calendar adjusted",1,One,2015,
DATAFLOW,OECD.ECO.MPD:DSD_AN_HOUSE_PRICES@DF_HOUSE_PRICES(1.0),Analytical house prices indicators,I,ZAF,South Africa,A,Annual,HPI_YDH,Price to income ratio,IX,Index,2004,,100.87825367818,,A,Normal value,0,Units,S,"Seasonally adjusted, not calendar adjusted",1,One,2015,
DATAFLOW,OECD.ECO.MPD:DSD_AN_HOUSE_PRICES@DF_HOUSE_PRICES(1.0),Analytical house prices indicators,I,ZAF,South Africa,A,Annual,HPI_YDH,Price to income ratio,IX,Index,2005,,119.6550478915,,A,Normal value,0,Units,S,"Seasonally adjusted, not calendar adjusted",1,One,2015,
DATAFLOW,OECD.ECO.MPD:DSD_AN_HOUSE_PRICES@DF_HOUSE_PRICES(1.0),Analytical house prices indicators,I,ZAF,South Africa,A,Annual,HPI_YDH,Price to income ratio,IX,Index,2006,,129.730543548544,,A,Normal value,0,Units,S,"Seasonally adjusted, not calendar adjusted",1,One,2015,
DATAFLOW,OECD.ECO.MPD:DSD_AN_HOUSE_PRICES@DF_HOUSE_PRICES(1.0),Analytical house prices indicators,I,ZAF,South Africa,A,Annual,HPI_YDH,Price to income ratio,IX,Index,2007,,132.663121229851,,A,Normal value,0,Units,S,"Seasonally adjusted, not calendar adjusted",1,One,2015,
DATAFLOW,OECD.ECO.MPD:DSD_AN_HOUSE_PRICES@DF_HOUSE_PRICES(1.0),Analytical house prices indicators,I,ZAF,South Africa,A,Annual,HPI_YDH,Price to income ratio,IX,Index,2008,,119.908473215349,,A,Normal value,0,Units,S,"Seasonally adjusted, not calendar adjusted",1,One,2015,
DATAFLOW,OECD.ECO.MPD:DSD_AN_HOUSE_PRICES@DF_HOUSE_PRICES(1.0),Analytical house prices indicators,I,ZAF,South Africa,A,Annual,HPI_YDH,Price to income ratio,IX,Index,2009,,110.78091354801,,A,Normal value,0,Units,S,"Seasonally adjusted, not calendar adjusted",1,One,2015,
DATAFLOW,OECD.ECO.MPD:DSD_AN_HOUSE_PRICES@DF_HOUSE_PRICES(1.0),Analytical house prices indicators,I,ZAF,South Africa,A,Annual,HPI_YDH,Price to income ratio,IX,Index,2010,,106.241993354674,,A,Normal value,0,Units,S,"Seasonally adjusted, not calendar adjusted",1,One,2015,
DATAFLOW,OECD.ECO.MPD:DSD_AN_HOUSE_PRICES@DF_HOUSE_PRICES(1.0),Analytical house prices indicators,I,ZAF,South Africa,A,Annual,HPI_YDH,Price to income ratio,IX,Index,2011,,102.688335860118,,A,Normal value,0,Units,S,"Seasonally adjusted, not calendar adjusted",1,One,2015,
DATAFLOW,OECD.ECO.MPD:DSD_AN_HOUSE_PRICES@DF_HOUSE_PRICES(1.0),Analytical house prices indicators,I,ZAF,South Africa,A,Annual,HPI_YDH,Price to income ratio,IX,Index,2012,,100.537312797385,,A,Normal value,0,Units,S,"Seasonally adjusted, not calendar adjusted",1,One,2015,
DATAFLOW,OECD.ECO.MPD:DSD_AN_HOUSE_PRICES@DF_HOUSE_PRICES(1.0),Analytical house prices indicators,I,ZAF,South Africa,A,Annual,HPI_YDH,Price to income ratio,IX,Index,2013,,100.580325646413,,A,Normal value,0,Units,S,"Seasonally adjusted, not calendar adjusted",1,One,2015,
DATAFLOW,OECD.ECO.MPD:DSD_AN_HOUSE_PRICES@DF_HOUSE_PRICES(1.0),Analytical house prices indicators,I,ZAF,South Africa,A,Annual,HPI_YDH,Price to income ratio,IX,Index,2014,,101.530501565279,,A,Normal value,0,Units,S,"Seasonally adjusted, not calendar adjusted",1,One,2015,
DATAFLOW,OECD.ECO.MPD:DSD_AN_HOUSE_PRICES@DF_HOUSE_PRICES(1.0),Analytical house prices indicators,I,ZAF,South Africa,A,Annual,HPI_YDH,Price to income ratio,IX,Index,2015,,100,,A,Normal value,0,Units,S,"Seasonally adjusted, not calendar adjusted",1,One,2015,
DATAFLOW,OECD.ECO.MPD:DSD_AN_HOUSE_PRICES@DF_HOUSE_PRICES(1.0),Analytical house prices indicators,I,ZAF,South Africa,A,Annual,HPI_YDH,Price to income ratio,IX,Index,2016,,99.6937900081336,,A,Normal value,0,Units,S,"Seasonally adjusted, not calendar adjusted",1,One,2015,
DATAFLOW,OECD.ECO.MPD:DSD_AN_HOUSE_PRICES@DF_HOUSE_PRICES(1.0),Analytical house prices indicators,I,ZAF,South Africa,A,Annual,HPI_YDH,Price to income ratio,IX,Index,2017,,98.8005034200795,,A,Normal value,0,Units,S,"Seasonally adjusted, not calendar adjusted",1,One,2015,
DATAFLOW,OECD.ECO.MPD:DSD_AN_HOUSE_PRICES@DF_HOUSE_PRICES(1.0),Analytical house prices indicators,I,ZAF,South Africa,A,Annual,HPI_YDH,Price to income ratio,IX,Index,2018,,97.6410359037358,,A,Normal value,0,Units,S,"Seasonally adjusted, not calendar adjusted",1,One,2015,
DATAFLOW,OECD.ECO.MPD:DSD_AN_HOUSE_PRICES@DF_HOUSE_PRICES(1.0),Analytical house prices indicators,I,ZAF,South Africa,A,Annual,HPI_YDH,Price to income ratio,IX,Index,2019,,96.2482953798397,,A,Normal value,0,Units,S,"Seasonally adjusted, not calendar adjusted",1,One,2015,
DATAFLOW,OECD.ECO.MPD:DSD_AN_HOUSE_PRICES@DF_HOUSE_PRICES(1.0),Analytical house prices indicators,I,ZAF,South Africa,A,Annual,HPI_YDH,Price to income ratio,IX,Index,2020,,100.699851088321,,A,Normal value,0,Units,S,"Seasonally adjusted, not calendar adjusted",1,One,2015,
DATAFLOW,OECD.ECO.MPD:DSD_AN_HOUSE_PRICES@DF_HOUSE_PRICES(1.0),Analytical house prices indicators,I,DEU,Germany,A,Annual,HPI_YDH,Price to income ratio,IX,Index,1990,,132.031950471397,,A,Normal value,0,Units,S,"Seasonally adjusted, not calendar adjusted",1,One,2015,
DATAFLOW,OECD.ECO.MPD:DSD_AN_HOUSE_PRICES@DF_HOUSE_PRICES(1.0),Analytical house prices indicators,I,DEU,Germany,A,Annual,HPI_YDH,Price to income ratio,IX,Index,1991,,129.641801348477,,A,Normal value,0,Units,S,"Seasonally adjusted, not calendar adjusted",1,One,2015,
DATAFLOW,OECD.ECO.MPD:DSD_AN_HOUSE_PRICES@DF_HOUSE_PRICES(1.0),Analytical house prices indicators,I,DEU,Germany,A,Annual,HPI_YDH,Price to income ratio,IX,Index,1992,,128.267788898746,,A,Normal value,0,Units,S,"Seasonally adjusted, not calendar adjusted",1,One,2015,
DATAFLOW,OECD.ECO.MPD:DSD_AN_HOUSE_PRICES@DF_HOUSE_PRICES(1.0),Analytical house prices indicators,I,DEU,Germany,A,Annual,HPI_YDH,Price to income ratio,IX,Index,1993,,130.138790239645,,A,Normal value,0,Units,S,"Seasonally adjusted, not calendar adjusted",1,One,2015,
DATAFLOW,OECD.ECO.MPD:DSD_AN_HOUSE_PRICES@DF_HOUSE_PRICES(1.0),Analytical house prices indicators,I,DEU,Germany,A,Annual,HPI_YDH,Price to income ratio,IX,Index,1994,,131.94336697281,,A,Normal value,0,Units,S,"Seasonally adjusted, not calendar adjusted",1,One,2015,
DATAFLOW,OECD.ECO.MPD:DSD_AN_HOUSE_PRICES@DF_HOUSE_PRICES(1.0),Analytical house prices indicators,I,DEU,Germany,A,Annual,HPI_YDH,Price to income ratio,IX,Index,1995,,131.351287889972,,A,Normal value,0,Units,S,"Seasonally adjusted, not calendar adjusted",1,One,2015,
DATAFLOW,OECD.ECO.MPD:DSD_AN_HOUSE_PRICES@DF_HOUSE_PRICES(1.0),Analytical house prices indicators,I,DEU,Germany,A,Annual,HPI_YDH,Price to income ratio,IX,Index,1996,,127.1008494925,,A,Normal value,0,Units,S,"Seasonally adjusted, not calendar adjusted",1,One,2015,
DATAFLOW,OECD.ECO.MPD:DSD_AN_HOUSE_PRICES@DF_HOUSE_PRICES(1.0),Analytical house prices indicators,I,DEU,Germany,A,Annual,HPI_YDH,Price to income ratio,IX,Index,1997,,123.091679512704,,A,Normal value,0,Units,S,"Seasonally adjusted, not calendar adjusted",1,One,2015,
DATAFLOW,OECD.ECO.MPD:DSD_AN_HOUSE_PRICES@DF_HOUSE_PRICES(1.0),Analytical house prices indicators,I,DEU,Germany,A,Annual,HPI_YDH,Price to income ratio,IX,Index,1998,,120.120869991301,,A,Normal value,0,Units,S,"Seasonally adjusted, not calendar adjusted",1,One,2015,
DATAFLOW,OECD.ECO.MPD:DSD_AN_HOUSE_PRICES@DF_HOUSE_PRICES(1.0),Analytical house prices indicators,I,DEU,Germany,A,Annual,HPI_YDH,Price to income ratio,IX,Index,1999,,116.679922587457,,A,Normal value,0,Units,S,"Seasonally adjusted, not calendar adjusted",1,One,2015,
DATAFLOW,OECD.ECO.MPD:DSD_AN_HOUSE_PRICES@DF_HOUSE_PRICES(1.0),Analytical house prices indicators,I,DEU,Germany,A,Annual,HPI_YDH,Price to income ratio,IX,Index,2000,,115.281377212158,,A,Normal value,0,Units,S,"Seasonally adjusted, not calendar adjusted",1,One,2015,
DATAFLOW,OECD.ECO.MPD:DSD_AN_HOUSE_PRICES@DF_HOUSE_PRICES(1.0),Analytical house prices indicators,I,DEU,Germany,A,Annual,HPI_YDH,Price to income ratio,IX,Index,2001,,110.465132768235,,A,Normal value,0,Units,S,"Seasonally adjusted, not calendar adjusted",1,One,2015,
DATAFLOW,OECD.ECO.MPD:DSD_AN_HOUSE_PRICES@DF_HOUSE_PRICES(1.0),Analytical house prices indicators,I,DEU,Germany,A,Annual,HPI_YDH,Price to income ratio,IX,Index,2002,,108.144004626919,,A,Normal value,0,Units,S,"Seasonally adjusted, not calendar adjusted",1,One,2015,
DATAFLOW,OECD.ECO.MPD:DSD_AN_HOUSE_PRICES@DF_HOUSE_PRICES(1.0),Analytical house prices indicators,I,DEU,Germany,A,Annual,HPI_YDH,Price to income ratio,IX,Index,2003,,105.459698735459,,A,Normal value,0,Units,S,"Seasonally adjusted, not calendar adjusted",1,One,2015,
DATAFLOW,OECD.ECO.MPD:DSD_AN_HOUSE_PRICES@DF_HOUSE_PRICES(1.0),Analytical house prices indicators,I,DEU,Germany,A,Annual,HPI_YDH,Price to income ratio,IX,Index,2004,,101.690102349093,,A,Normal value,0,Units,S,"Seasonally adjusted, not calendar adjusted",1,One,2015,
DATAFLOW,OECD.ECO.MPD:DSD_AN_HOUSE_PRICES@DF_HOUSE_PRICES(1.0),Analytical house prices indicators,I,DEU,Germany,A,Annual,HPI_YDH,Price to income ratio,IX,Index,2005,,100.841706022322,,A,Normal value,0,Units,S,"Seasonally adjusted, not calendar adjusted",1,One,2015,
DATAFLOW,OECD.ECO.MPD:DSD_AN_HOUSE_PRICES@DF_HOUSE_PRICES(1.0),Analytical house prices indicators,I,DEU,Germany,A,Annual,HPI_YDH,Price to income ratio,IX,Index,2006,,97.9653873503612,,A,Normal value,0,Units,S,"Seasonally adjusted, not calendar adjusted",1,One,2015,
DATAFLOW,OECD.ECO.MPD:DSD_AN_HOUSE_PRICES@DF_HOUSE_PRICES(1.0),Analytical house prices indicators,I,DEU,Germany,A,Annual,HPI_YDH,Price to income ratio,IX,Index,2007,,94.0137366353742,,A,Normal value,0,Units,S,"Seasonally adjusted, not calendar adjusted",1,One,2015,
DATAFLOW,OECD.ECO.MPD:DSD_AN_HOUSE_PRICES@DF_HOUSE_PRICES(1.0),Analytical house prices indicators,I,DEU,Germany,A,Annual,HPI_YDH,Price to income ratio,IX,Index,2008,,93.1089080785878,,A,Normal value,0,Units,S,"Seasonally adjusted, not calendar adjusted",1,One,2015,
DATAFLOW,OECD.ECO.MPD:DSD_AN_HOUSE_PRICES@DF_HOUSE_PRICES(1.0),Analytical house prices indicators,I,DEU,Germany,A,Annual,HPI_YDH,Price to income ratio,IX,Index,2009,,94.1353859465766,,A,Normal value,0,Units,S,"Seasonally adjusted, not calendar adjusted",1,One,2015,
DATAFLOW,OECD.ECO.MPD:DSD_AN_HOUSE_PRICES@DF_HOUSE_PRICES(1.0),Analytical house prices indicators,I,DEU,Germany,A,Annual,HPI_YDH,Price to income ratio,IX,Index,2010,,92.8821845051324,,A,Normal value,0,Units,S,"Seasonally adjusted, not calendar adjusted",1,One,2015,
DATAFLOW,OECD.ECO.MPD:DSD_AN_HOUSE_PRICES@DF_HOUSE_PRICES(1.0),Analytical house prices indicators,I,DEU,Germany,A,Annual,HPI_YDH,Price to income ratio,IX,Index,2011,,93.2873556004475,,A,Normal value,0,Units,S,"Seasonally adjusted, not calendar adjusted",1,One,2015,
DATAFLOW,OECD.ECO.MPD:DSD_AN_HOUSE_PRICES@DF_HOUSE_PRICES(1.0),Analytical house prices indicators,I,DEU,Germany,A,Annual,HPI_YDH,Price to income ratio,IX,Index,2012,,94.6766331178346,,A,Normal value,0,Units,S,"Seasonally adjusted, not calendar adjusted",1,One,2015,
DATAFLOW,OECD.ECO.MPD:DSD_AN_HOUSE_PRICES@DF_HOUSE_PRICES(1.0),Analytical house prices indicators,I,DEU,Germany,A,Annual,HPI_YDH,Price to income ratio,IX,Index,2013,,96.6351473523933,,A,Normal value,0,Units,S,"Seasonally adjusted, not calendar adjusted",1,One,2015,
DATAFLOW,OECD.ECO.MPD:DSD_AN_HOUSE_PRICES@DF_HOUSE_PRICES(1.0),Analytical house prices indicators,I,DEU,Germany,A,Annual,HPI_YDH,Price to income ratio,IX,Index,2014,,97.5134731064711,,A,Normal value,0,Units,S,"Seasonally adjusted, not calendar adjusted",1,One,2015,
DATAFLOW,OECD.ECO.MPD:DSD_AN_HOUSE_PRICES@DF_HOUSE_PRICES(1.0),Analytical house prices indicators,I,DEU,Germany,A,Annual,HPI_YDH,Price to income ratio,IX,Index,2015,,100,,A,Normal value,0,Units,S,"Seasonally adjusted, not calendar adjusted",1,One,2015,
DATAFLOW,OECD.ECO.MPD:DSD_AN_HOUSE_PRICES@DF_HOUSE_PRICES(1.0),Analytical house prices indicators,I,DEU,Germany,A,Annual,HPI_YDH,Price to income ratio,IX,Index,2016,,105.049540184315,,A,Normal value,0,Units,S,"Seasonally adjusted, not calendar adjusted",1,One,2015,
DATAFLOW,OECD.ECO.MPD:DSD_AN_HOUSE_PRICES@DF_HOUSE_PRICES(1.0),Analytical house prices indicators,I,DEU,Germany,A,Annual,HPI_YDH,Price to income ratio,IX,Index,2017,,108.203210698696,,A,Normal value,0,Units,S,"Seasonally adjusted, not calendar adjusted",1,One,2015,
DATAFLOW,OECD.ECO.MPD:DSD_AN_HOUSE_PRICES@DF_HOUSE_PRICES(1.0),Analytical house prices indicators,I,DEU,Germany,A,Annual,HPI_YDH,Price to income ratio,IX,Index,2018,,111.232981976512,,A,Normal value,0,Units,S,"Seasonally adjusted, not calendar adjusted",1,One,2015,
DATAFLOW,OECD.ECO.MPD:DSD_AN_HOUSE_PRICES@DF_HOUSE_PRICES(1.0),Analytical house prices indicators,I,DEU,Germany,A,Annual,HPI_YDH,Price to income ratio,IX,Index,2019,,115.126067991196,,A,Normal value,0,Units,S,"Seasonally adjusted, not calendar adjusted",1,One,2015,
DATAFLOW,OECD.ECO.MPD:DSD_AN_HOUSE_PRICES@DF_HOUSE_PRICES(1.0),Analytical house prices indicators,I,DEU,Germany,A,Annual,HPI_YDH,Price to income ratio,IX,Index,2020,,123.928909939199,,A,Normal value,0,Units,S,"Seasonally adjusted, not calendar adjusted",1,One,2015,
DATAFLOW,OECD.ECO.MPD:DSD_AN_HOUSE_PRICES@DF_HOUSE_PRICES(1.0),Analytical house prices indicators,I,ISL,Iceland,A,Annual,HPI_YDH,Price to income ratio,IX,Index,2005,,107.501700432519,,A,Normal value,0,Units,S,"Seasonally adjusted, not calendar adjusted",1,One,2015,
DATAFLOW,OECD.ECO.MPD:DSD_AN_HOUSE_PRICES@DF_HOUSE_PRICES(1.0),Analytical house prices indicators,I,ISL,Iceland,A,Annual,HPI_YDH,Price to income ratio,IX,Index,2006,,111.248047118488,,A,Normal value,0,Units,S,"Seasonally adjusted, not calendar adjusted",1,One,2015,
DATAFLOW,OECD.ECO.MPD:DSD_AN_HOUSE_PRICES@DF_HOUSE_PRICES(1.0),Analytical house prices indicators,I,ISL,Iceland,A,Annual,HPI_YDH,Price to income ratio,IX,Index,2007,,102.823317729704,,A,Normal value,0,Units,S,"Seasonally adjusted, not calendar adjusted",1,One,2015,
DATAFLOW,OECD.ECO.MPD:DSD_AN_HOUSE_PRICES@DF_HOUSE_PRICES(1.0),Analytical house prices indicators,I,ISL,Iceland,A,Annual,HPI_YDH,Price to income ratio,IX,Index,2008,,96.0464567326582,,A,Normal value,0,Units,S,"Seasonally adjusted, not calendar adjusted",1,One,2015,
DATAFLOW,OECD.ECO.MPD:DSD_AN_HOUSE_PRICES@DF_HOUSE_PRICES(1.0),Analytical house prices indicators,I,ISL,Iceland,A,Annual,HPI_YDH,Price to income ratio,IX,Index,2009,,91.8108709791517,,A,Normal value,0,Units,S,"Seasonally adjusted, not calendar adjusted",1,One,2015,
DATAFLOW,OECD.ECO.MPD:DSD_AN_HOUSE_PRICES@DF_HOUSE_PRICES(1.0),Analytical house prices indicators,I,ISL,Iceland,A,Annual,HPI_YDH,Price to income ratio,IX,Index,2010,,100,,A,Normal value,0,Units,S,"Seasonally adjusted, not calendar adjusted",1,One,2015,
DATAFLOW,OECD.ECO.MPD:DSD_AN_HOUSE_PRICES@DF_HOUSE_PRICES(1.0),Analytical house prices indicators,I,ISL,Iceland,A,Annual,HPI_YDH,Price to income ratio,IX,Index,2011,,95.2794519972174,,A,Normal value,0,Units,S,"Seasonally adjusted, not calendar adjusted",1,One,2015,
DATAFLOW,OECD.ECO.MPD:DSD_AN_HOUSE_PRICES@DF_HOUSE_PRICES(1.0),Analytical house prices indicators,I,ISL,Iceland,A,Annual,HPI_YDH,Price to income ratio,IX,Index,2012,,93.3774451510388,,A,Normal value,0,Units,S,"Seasonally adjusted, not calendar adjusted",1,One,2015,
DATAFLOW,OECD.ECO.MPD:DSD_AN_HOUSE_PRICES@DF_HOUSE_PRICES(1.0),Analytical house prices indicators,I,ISL,Iceland,A,Annual,HPI_YDH,Price to income ratio,IX,Index,2013,,94.2027310280319,,A,Normal value,0,Units,S,"Seasonally adjusted, not calendar adjusted",1,One,2015,
DATAFLOW,OECD.ECO.MPD:DSD_AN_HOUSE_PRICES@DF_HOUSE_PRICES(1.0),Analytical house prices indicators,I,ISL,Iceland,A,Annual,HPI_YDH,Price to income ratio,IX,Index,2014,,96.1441118682514,,A,Normal value,0,Units,S,"Seasonally adjusted, not calendar adjusted",1,One,2015,
DATAFLOW,OECD.ECO.MPD:DSD_AN_HOUSE_PRICES@DF_HOUSE_PRICES(1.0),Analytical house prices indicators,I,RUS,Russia,A,Annual,HPI_YDH,Price to income ratio,IX,Index,2002,,182.284588094757,,A,Normal value,0,Units,S,"Seasonally adjusted, not calendar adjusted",1,One,2015,
DATAFLOW,OECD.ECO.MPD:DSD_AN_HOUSE_PRICES@DF_HOUSE_PRICES(1.0),Analytical house prices indicators,I,RUS,Russia,A,Annual,HPI_YDH,Price to income ratio,IX,Index,2003,,191.683076886345,,A,Normal value,0,Units,S,"Seasonally adjusted, not calendar adjusted",1,One,2015,
DATAFLOW,OECD.ECO.MPD:DSD_AN_HOUSE_PRICES@DF_HOUSE_PRICES(1.0),Analytical house prices indicators,I,RUS,Russia,A,Annual,HPI_YDH,Price to income ratio,IX,Index,2004,,194.81332637603,,A,Normal value,0,Units,S,"Seasonally adjusted, not calendar adjusted",1,One,2015,
DATAFLOW,OECD.ECO.MPD:DSD_AN_HOUSE_PRICES@DF_HOUSE_PRICES(1.0),Analytical house prices indicators,I,RUS,Russia,A,Annual,HPI_YDH,Price to income ratio,IX,Index,2005,,180.280209383842,,A,Normal value,0,Units,S,"Seasonally adjusted, not calendar adjusted",1,One,2015,
DATAFLOW,OECD.ECO.MPD:DSD_AN_HOUSE_PRICES@DF_HOUSE_PRICES(1.0),Analytical house prices indicators,I,RUS,Russia,A,Annual,HPI_YDH,Price to income ratio,IX,Index,2006,,189.522859647413,,A,Normal value,0,Units,S,"Seasonally adjusted, not calendar adjusted",1,One,2015,
DATAFLOW,OECD.ECO.MPD:DSD_AN_HOUSE_PRICES@DF_HOUSE_PRICES(1.0),Analytical house prices indicators,I,RUS,Russia,A,Annual,HPI_YDH,Price to income ratio,IX,Index,2007,,214.310186670935,,A,Normal value,0,Units,S,"Seasonally adjusted, not calendar adjusted",1,One,2015,
DATAFLOW,OECD.ECO.MPD:DSD_AN_HOUSE_PRICES@DF_HOUSE_PRICES(1.0),Analytical house prices indicators,I,RUS,Russia,A,Annual,HPI_YDH,Price to income ratio,IX,Index,2008,,206.836400503861,,A,Normal value,0,Units,S,"Seasonally adjusted, not calendar adjusted",1,One,2015,
DATAFLOW,OECD.ECO.MPD:DSD_AN_HOUSE_PRICES@DF_HOUSE_PRICES(1.0),Analytical house prices indicators,I,RUS,Russia,A,Annual,HPI_YDH,Price to income ratio,IX,Index,2009,,182.659642582561,,A,Normal value,0,Units,S,"Seasonally adjusted, not calendar adjusted",1,One,2015,
DATAFLOW,OECD.ECO.MPD:DSD_AN_HOUSE_PRICES@DF_HOUSE_PRICES(1.0),Analytical house prices indicators,I,RUS,Russia,A,Annual,HPI_YDH,Price to income ratio,IX,Index,2010,,156.358298270646,,A,Normal value,0,Units,S,"Seasonally adjusted, not calendar adjusted",1,One,2015,
DATAFLOW,OECD.ECO.MPD:DSD_AN_HOUSE_PRICES@DF_HOUSE_PRICES(1.0),Analytical house prices indicators,I,RUS,Russia,A,Annual,HPI_YDH,Price to income ratio,IX,Index,2011,,121.764842493398,,A,Normal value,0,Units,S,"Seasonally adjusted, not calendar adjusted",1,One,2015,
DATAFLOW,OECD.ECO.MPD:DSD_AN_HOUSE_PRICES@DF_HOUSE_PRICES(1.0),Analytical house prices indicators,I,RUS,Russia,A,Annual,HPI_YDH,Price to income ratio,IX,Index,2012,,116.012801762929,,A,Normal value,0,Units,S,"Seasonally adjusted, not calendar adjusted",1,One,2015,
DATAFLOW,OECD.ECO.MPD:DSD_AN_HOUSE_PRICES@DF_HOUSE_PRICES(1.0),Analytical house prices indicators,I,RUS,Russia,A,Annual,HPI_YDH,Price to income ratio,IX,Index,2013,,111.495156829816,,A,Normal value,0,Units,S,"Seasonally adjusted, not calendar adjusted",1,One,2015,
DATAFLOW,OECD.ECO.MPD:DSD_AN_HOUSE_PRICES@DF_HOUSE_PRICES(1.0),Analytical house prices indicators,I,RUS,Russia,A,Annual,HPI_YDH,Price to income ratio,IX,Index,2014,,104.100545970885,,A,Normal value,0,Units,S,"Seasonally adjusted, not calendar adjusted",1,One,2015,
DATAFLOW,OECD.ECO.MPD:DSD_AN_HOUSE_PRICES@DF_HOUSE_PRICES(1.0),Analytical house prices indicators,I,RUS,Russia,A,Annual,HPI_YDH,Price to income ratio,IX,Index,2015,,100,,A,Normal value,0,Units,S,"Seasonally adjusted, not calendar adjusted",1,One,2015,
DATAFLOW,OECD.ECO.MPD:DSD_AN_HOUSE_PRICES@DF_HOUSE_PRICES(1.0),Analytical house prices indicators,I,RUS,Russia,A,Annual,HPI_YDH,Price to income ratio,IX,Index,2016,,98.0788612450001,,A,Normal value,0,Units,S,"Seasonally adjusted, not calendar adjusted",1,One,2015,
DATAFLOW,OECD.ECO.MPD:DSD_AN_HOUSE_PRICES@DF_HOUSE_PRICES(1.0),Analytical house prices indicators,I,RUS,Russia,A,Annual,HPI_YDH,Price to income ratio,IX,Index,2017,,98.0954033667944,,A,Normal value,0,Units,S,"Seasonally adjusted, not calendar adjusted",1,One,2015,
DATAFLOW,OECD.ECO.MPD:DSD_AN_HOUSE_PRICES@DF_HOUSE_PRICES(1.0),Analytical house prices indicators,I,RUS,Russia,A,Annual,HPI_YDH,Price to income ratio,IX,Index,2018,,100.609248534502,,A,Normal value,0,Units,S,"Seasonally adjusted, not calendar adjusted",1,One,2015,
DATAFLOW,OECD.ECO.MPD:DSD_AN_HOUSE_PRICES@DF_HOUSE_PRICES(1.0),Analytical house prices indicators,I,RUS,Russia,A,Annual,HPI_YDH,Price to income ratio,IX,Index,2019,,97.7148300807509,,A,Normal value,0,Units,S,"Seasonally adjusted, not calendar adjusted",1,One,2015,
DATAFLOW,OECD.ECO.MPD:DSD_AN_HOUSE_PRICES@DF_HOUSE_PRICES(1.0),Analytical house prices indicators,I,PRT,Portugal,A,Annual,HPI_YDH,Price to income ratio,IX,Index,1995,,141.068689246244,,A,Normal value,0,Units,S,"Seasonally adjusted, not calendar adjusted",1,One,2015,
DATAFLOW,OECD.ECO.MPD:DSD_AN_HOUSE_PRICES@DF_HOUSE_PRICES(1.0),Analytical house prices indicators,I,PRT,Portugal,A,Annual,HPI_YDH,Price to income ratio,IX,Index,1996,,136.889064712827,,A,Normal value,0,Units,S,"Seasonally adjusted, not calendar adjusted",1,One,2015,
DATAFLOW,OECD.ECO.MPD:DSD_AN_HOUSE_PRICES@DF_HOUSE_PRICES(1.0),Analytical house prices indicators,I,PRT,Portugal,A,Annual,HPI_YDH,Price to income ratio,IX,Index,1997,,134.005114298073,,A,Normal value,0,Units,S,"Seasonally adjusted, not calendar adjusted",1,One,2015,
DATAFLOW,OECD.ECO.MPD:DSD_AN_HOUSE_PRICES@DF_HOUSE_PRICES(1.0),Analytical house prices indicators,I,PRT,Portugal,A,Annual,HPI_YDH,Price to income ratio,IX,Index,1998,,128.992328708657,,A,Normal value,0,Units,S,"Seasonally adjusted, not calendar adjusted",1,One,2015,
DATAFLOW,OECD.ECO.MPD:DSD_AN_HOUSE_PRICES@DF_HOUSE_PRICES(1.0),Analytical house prices indicators,I,PRT,Portugal,A,Annual,HPI_YDH,Price to income ratio,IX,Index,1999,,131.45295980585,,A,Normal value,0,Units,S,"Seasonally adjusted, not calendar adjusted",1,One,2015,
DATAFLOW,OECD.ECO.MPD:DSD_AN_HOUSE_PRICES@DF_HOUSE_PRICES(1.0),Analytical house prices indicators,I,PRT,Portugal,A,Annual,HPI_YDH,Price to income ratio,IX,Index,2000,,134.261530085622,,A,Normal value,0,Units,S,"Seasonally adjusted, not calendar adjusted",1,One,2015,
DATAFLOW,OECD.ECO.MPD:DSD_AN_HOUSE_PRICES@DF_HOUSE_PRICES(1.0),Analytical house prices indicators,I,PRT,Portugal,A,Annual,HPI_YDH,Price to income ratio,IX,Index,2001,,135.553984782344,,A,Normal value,0,Units,S,"Seasonally adjusted, not calendar adjusted",1,One,2015,
DATAFLOW,OECD.ECO.MPD:DSD_AN_HOUSE_PRICES@DF_HOUSE_PRICES(1.0),Analytical house prices indicators,I,PRT,Portugal,A,Annual,HPI_YDH,Price to income ratio,IX,Index,2002,,131.056513818376,,A,Normal value,0,Units,S,"Seasonally adjusted, not calendar adjusted",1,One,2015,
DATAFLOW,OECD.ECO.MPD:DSD_AN_HOUSE_PRICES@DF_HOUSE_PRICES(1.0),Analytical house prices indicators,I,PRT,Portugal,A,Annual,HPI_YDH,Price to income ratio,IX,Index,2003,,129.803688108699,,A,Normal value,0,Units,S,"Seasonally adjusted, not calendar adjusted",1,One,2015,
DATAFLOW,OECD.ECO.MPD:DSD_AN_HOUSE_PRICES@DF_HOUSE_PRICES(1.0),Analytical house prices indicators,I,PRT,Portugal,A,Annual,HPI_YDH,Price to income ratio,IX,Index,2004,,126.664568581789,,A,Normal value,0,Units,S,"Seasonally adjusted, not calendar adjusted",1,One,2015,
DATAFLOW,OECD.ECO.MPD:DSD_AN_HOUSE_PRICES@DF_HOUSE_PRICES(1.0),Analytical house prices indicators,I,PRT,Portugal,A,Annual,HPI_YDH,Price to income ratio,IX,Index,2005,,124.651919105764,,A,Normal value,0,Units,S,"Seasonally adjusted, not calendar adjusted",1,One,2015,
DATAFLOW,OECD.ECO.MPD:DSD_AN_HOUSE_PRICES@DF_HOUSE_PRICES(1.0),Analytical house prices indicators,I,PRT,Portugal,A,Annual,HPI_YDH,Price to income ratio,IX,Index,2006,,123.714599182813,,A,Normal value,0,Units,S,"Seasonally adjusted, not calendar adjusted",1,One,2015,
DATAFLOW,OECD.ECO.MPD:DSD_AN_HOUSE_PRICES@DF_HOUSE_PRICES(1.0),Analytical house prices indicators,I,PRT,Portugal,A,Annual,HPI_YDH,Price to income ratio,IX,Index,2007,,118.863644949886,,A,Normal value,0,Units,S,"Seasonally adjusted, not calendar adjusted",1,One,2015,
DATAFLOW,OECD.ECO.MPD:DSD_AN_HOUSE_PRICES@DF_HOUSE_PRICES(1.0),Analytical house prices indicators,I,PRT,Portugal,A,Annual,HPI_YDH,Price to income ratio,IX,Index,2008,,107.357907785984,,A,Normal value,0,Units,S,"Seasonally adjusted, not calendar adjusted",1,One,2015,
DATAFLOW,OECD.ECO.MPD:DSD_AN_HOUSE_PRICES@DF_HOUSE_PRICES(1.0),Analytical house prices indicators,I,PRT,Portugal,A,Annual,HPI_YDH,Price to income ratio,IX,Index,2009,,107.03713742772,,A,Normal value,0,Units,S,"Seasonally adjusted, not calendar adjusted",1,One,2015,
DATAFLOW,OECD.ECO.MPD:DSD_AN_HOUSE_PRICES@DF_HOUSE_PRICES(1.0),Analytical house prices indicators,I,PRT,Portugal,A,Annual,HPI_YDH,Price to income ratio,IX,Index,2010,,106.376100880198,,A,Normal value,0,Units,S,"Seasonally adjusted, not calendar adjusted",1,One,2015,
DATAFLOW,OECD.ECO.MPD:DSD_AN_HOUSE_PRICES@DF_HOUSE_PRICES(1.0),Analytical house prices indicators,I,PRT,Portugal,A,Annual,HPI_YDH,Price to income ratio,IX,Index,2011,,103.462824825509,,A,Normal value,0,Units,S,"Seasonally adjusted, not calendar adjusted",1,One,2015,
DATAFLOW,OECD.ECO.MPD:DSD_AN_HOUSE_PRICES@DF_HOUSE_PRICES(1.0),Analytical house prices indicators,I,PRT,Portugal,A,Annual,HPI_YDH,Price to income ratio,IX,Index,2012,,98.2335026764893,,A,Normal value,0,Units,S,"Seasonally adjusted, not calendar adjusted",1,One,2015,
DATAFLOW,OECD.ECO.MPD:DSD_AN_HOUSE_PRICES@DF_HOUSE_PRICES(1.0),Analytical house prices indicators,I,PRT,Portugal,A,Annual,HPI_YDH,Price to income ratio,IX,Index,2013,,96.6978582074734,,A,Normal value,0,Units,S,"Seasonally adjusted, not calendar adjusted",1,One,2015,
DATAFLOW,OECD.ECO.MPD:DSD_AN_HOUSE_PRICES@DF_HOUSE_PRICES(1.0),Analytical house prices indicators,I,PRT,Portugal,A,Annual,HPI_YDH,Price to income ratio,IX,Index,2014,,100.803691787074,,A,Normal value,0,Units,S,"Seasonally adjusted, not calendar adjusted",1,One,2015,
DATAFLOW,OECD.ECO.MPD:DSD_AN_HOUSE_PRICES@DF_HOUSE_PRICES(1.0),Analytical house prices indicators,I,PRT,Portugal,A,Annual,HPI_YDH,Price to income ratio,IX,Index,2015,,100,,A,Normal value,0,Units,S,"Seasonally adjusted, not calendar adjusted",1,One,2015,
DATAFLOW,OECD.ECO.MPD:DSD_AN_HOUSE_PRICES@DF_HOUSE_PRICES(1.0),Analytical house prices indicators,I,PRT,Portugal,A,Annual,HPI_YDH,Price to income ratio,IX,Index,2016,,103.152170452612,,A,Normal value,0,Units,S,"Seasonally adjusted, not calendar adjusted",1,One,2015,
DATAFLOW,OECD.ECO.MPD:DSD_AN_HOUSE_PRICES@DF_HOUSE_PRICES(1.0),Analytical house prices indicators,I,PRT,Portugal,A,Annual,HPI_YDH,Price to income ratio,IX,Index,2017,,109.544216392668,,A,Normal value,0,Units,S,"Seasonally adjusted, not calendar adjusted",1,One,2015,
DATAFLOW,OECD.ECO.MPD:DSD_AN_HOUSE_PRICES@DF_HOUSE_PRICES(1.0),Analytical house prices indicators,I,PRT,Portugal,A,Annual,HPI_YDH,Price to income ratio,IX,Index,2018,,116.238731108172,,A,Normal value,0,Units,S,"Seasonally adjusted, not calendar adjusted",1,One,2015,
DATAFLOW,OECD.ECO.MPD:DSD_AN_HOUSE_PRICES@DF_HOUSE_PRICES(1.0),Analytical house prices indicators,I,PRT,Portugal,A,Annual,HPI_YDH,Price to income ratio,IX,Index,2019,,122.604635342422,,A,Normal value,0,Units,S,"Seasonally adjusted, not calendar adjusted",1,One,2015,
DATAFLOW,OECD.ECO.MPD:DSD_AN_HOUSE_PRICES@DF_HOUSE_PRICES(1.0),Analytical house prices indicators,I,PRT,Portugal,A,Annual,HPI_YDH,Price to income ratio,IX,Index,2020,,136.609215191097,,A,Normal value,0,Units,S,"Seasonally adjusted, not calendar adjusted",1,One,2015,
DATAFLOW,OECD.ECO.MPD:DSD_AN_HOUSE_PRICES@DF_HOUSE_PRICES(1.0),Analytical house prices indicators,I,ESP,Spain,A,Annual,HPI_YDH,Price to income ratio,IX,Index,1990,,98.9018893755675,,A,Normal value,0,Units,S,"Seasonally adjusted, not calendar adjusted",1,One,2015,
DATAFLOW,OECD.ECO.MPD:DSD_AN_HOUSE_PRICES@DF_HOUSE_PRICES(1.0),Analytical house prices indicators,I,ESP,Spain,A,Annual,HPI_YDH,Price to income ratio,IX,Index,1991,,101.831408748286,,A,Normal value,0,Units,S,"Seasonally adjusted, not calendar adjusted",1,One,2015,
DATAFLOW,OECD.ECO.MPD:DSD_AN_HOUSE_PRICES@DF_HOUSE_PRICES(1.0),Analytical house prices indicators,I,ESP,Spain,A,Annual,HPI_YDH,Price to income ratio,IX,Index,1992,,94.4333277006018,,A,Normal value,0,Units,S,"Seasonally adjusted, not calendar adjusted",1,One,2015,
DATAFLOW,OECD.ECO.MPD:DSD_AN_HOUSE_PRICES@DF_HOUSE_PRICES(1.0),Analytical house prices indicators,I,ESP,Spain,A,Annual,HPI_YDH,Price to income ratio,IX,Index,1993,,89.1483114940107,,A,Normal value,0,Units,S,"Seasonally adjusted, not calendar adjusted",1,One,2015,
DATAFLOW,OECD.ECO.MPD:DSD_AN_HOUSE_PRICES@DF_HOUSE_PRICES(1.0),Analytical house prices indicators,I,ESP,Spain,A,Annual,HPI_YDH,Price to income ratio,IX,Index,1994,,88.3818574835511,,A,Normal value,0,Units,S,"Seasonally adjusted, not calendar adjusted",1,One,2015,
DATAFLOW,OECD.ECO.MPD:DSD_AN_HOUSE_PRICES@DF_HOUSE_PRICES(1.0),Analytical house prices indicators,I,ESP,Spain,A,Annual,HPI_YDH,Price to income ratio,IX,Index,1995,,84.5397218241663,,A,Normal value,0,Units,S,"Seasonally adjusted, not calendar adjusted",1,One,2015,
DATAFLOW,OECD.ECO.MPD:DSD_AN_HOUSE_PRICES@DF_HOUSE_PRICES(1.0),Analytical house prices indicators,I,ESP,Spain,A,Annual,HPI_YDH,Price to income ratio,IX,Index,1996,,81.8333856973776,,A,Normal value,0,Units,S,"Seasonally adjusted, not calendar adjusted",1,One,2015,
DATAFLOW,OECD.ECO.MPD:DSD_AN_HOUSE_PRICES@DF_HOUSE_PRICES(1.0),Analytical house prices indicators,I,ESP,Spain,A,Annual,HPI_YDH,Price to income ratio,IX,Index,1997,,80.2200497397168,,A,Normal value,0,Units,S,"Seasonally adjusted, not calendar adjusted",1,One,2015,
DATAFLOW,OECD.ECO.MPD:DSD_AN_HOUSE_PRICES@DF_HOUSE_PRICES(1.0),Analytical house prices indicators,I,ESP,Spain,A,Annual,HPI_YDH,Price to income ratio,IX,Index,1998,,79.3897867456586,,A,Normal value,0,Units,S,"Seasonally adjusted, not calendar adjusted",1,One,2015,
DATAFLOW,OECD.ECO.MPD:DSD_AN_HOUSE_PRICES@DF_HOUSE_PRICES(1.0),Analytical house prices indicators,I,ESP,Spain,A,Annual,HPI_YDH,Price to income ratio,IX,Index,1999,,80.5056756284761,,A,Normal value,0,Units,S,"Seasonally adjusted, not calendar adjusted",1,One,2015,
DATAFLOW,OECD.ECO.MPD:DSD_AN_HOUSE_PRICES@DF_HOUSE_PRICES(1.0),Analytical house prices indicators,I,ESP,Spain,A,Annual,HPI_YDH,Price to income ratio,IX,Index,2000,,79.6861796234959,,A,Normal value,0,Units,S,"Seasonally adjusted, not calendar adjusted",1,One,2015,
DATAFLOW,OECD.ECO.MPD:DSD_AN_HOUSE_PRICES@DF_HOUSE_PRICES(1.0),Analytical house prices indicators,I,ESP,Spain,A,Annual,HPI_YDH,Price to income ratio,IX,Index,2001,,81.4665153730031,,A,Normal value,0,Units,S,"Seasonally adjusted, not calendar adjusted",1,One,2015,
DATAFLOW,OECD.ECO.MPD:DSD_AN_HOUSE_PRICES@DF_HOUSE_PRICES(1.0),Analytical house prices indicators,I,ESP,Spain,A,Annual,HPI_YDH,Price to income ratio,IX,Index,2002,,91.6252129868881,,A,Normal value,0,Units,S,"Seasonally adjusted, not calendar adjusted",1,One,2015,
DATAFLOW,OECD.ECO.MPD:DSD_AN_HOUSE_PRICES@DF_HOUSE_PRICES(1.0),Analytical house prices indicators,I,ESP,Spain,A,Annual,HPI_YDH,Price to income ratio,IX,Index,2003,,104.53508836288,,A,Normal value,0,Units,S,"Seasonally adjusted, not calendar adjusted",1,One,2015,
DATAFLOW,OECD.ECO.MPD:DSD_AN_HOUSE_PRICES@DF_HOUSE_PRICES(1.0),Analytical house prices indicators,I,ESP,Spain,A,Annual,HPI_YDH,Price to income ratio,IX,Index,2004,,119.132612426263,,A,Normal value,0,Units,S,"Seasonally adjusted, not calendar adjusted",1,One,2015,
DATAFLOW,OECD.ECO.MPD:DSD_AN_HOUSE_PRICES@DF_HOUSE_PRICES(1.0),Analytical house prices indicators,I,ESP,Spain,A,Annual,HPI_YDH,Price to income ratio,IX,Index,2005,,130.331176480674,,A,Normal value,0,Units,S,"Seasonally adjusted, not calendar adjusted",1,One,2015,
DATAFLOW,OECD.ECO.MPD:DSD_AN_HOUSE_PRICES@DF_HOUSE_PRICES(1.0),Analytical house prices indicators,I,ESP,Spain,A,Annual,HPI_YDH,Price to income ratio,IX,Index,2006,,142.427738710514,,A,Normal value,0,Units,S,"Seasonally adjusted, not calendar adjusted",1,One,2015,
DATAFLOW,OECD.ECO.MPD:DSD_AN_HOUSE_PRICES@DF_HOUSE_PRICES(1.0),Analytical house prices indicators,I,ESP,Spain,A,Annual,HPI_YDH,Price to income ratio,IX,Index,2007,,151.72031035145,,A,Normal value,0,Units,S,"Seasonally adjusted, not calendar adjusted",1,One,2015,
DATAFLOW,OECD.ECO.MPD:DSD_AN_HOUSE_PRICES@DF_HOUSE_PRICES(1.0),Analytical house prices indicators,I,ESP,Spain,A,Annual,HPI_YDH,Price to income ratio,IX,Index,2008,,144.246367189468,,A,Normal value,0,Units,S,"Seasonally adjusted, not calendar adjusted",1,One,2015,
DATAFLOW,OECD.ECO.MPD:DSD_AN_HOUSE_PRICES@DF_HOUSE_PRICES(1.0),Analytical house prices indicators,I,ESP,Spain,A,Annual,HPI_YDH,Price to income ratio,IX,Index,2009,,136.682797444094,,A,Normal value,0,Units,S,"Seasonally adjusted, not calendar adjusted",1,One,2015,
DATAFLOW,OECD.ECO.MPD:DSD_AN_HOUSE_PRICES@DF_HOUSE_PRICES(1.0),Analytical house prices indicators,I,ESP,Spain,A,Annual,HPI_YDH,Price to income ratio,IX,Index,2010,,134.2584916709,,A,Normal value,0,Units,S,"Seasonally adjusted, not calendar adjusted",1,One,2015,
DATAFLOW,OECD.ECO.MPD:DSD_AN_HOUSE_PRICES@DF_HOUSE_PRICES(1.0),Analytical house prices indicators,I,ESP,Spain,A,Annual,HPI_YDH,Price to income ratio,IX,Index,2011,,123.394193129214,,A,Normal value,0,Units,S,"Seasonally adjusted, not calendar adjusted",1,One,2015,
DATAFLOW,OECD.ECO.MPD:DSD_AN_HOUSE_PRICES@DF_HOUSE_PRICES(1.0),Analytical house prices indicators,I,ESP,Spain,A,Annual,HPI_YDH,Price to income ratio,IX,Index,2012,,110.877881682464,,A,Normal value,0,Units,S,"Seasonally adjusted, not calendar adjusted",1,One,2015,
DATAFLOW,OECD.ECO.MPD:DSD_AN_HOUSE_PRICES@DF_HOUSE_PRICES(1.0),Analytical house prices indicators,I,ESP,Spain,A,Annual,HPI_YDH,Price to income ratio,IX,Index,2013,,100.442915629695,,A,Normal value,0,Units,S,"Seasonally adjusted, not calendar adjusted",1,One,2015,
DATAFLOW,OECD.ECO.MPD:DSD_AN_HOUSE_PRICES@DF_HOUSE_PRICES(1.0),Analytical house prices indicators,I,ESP,Spain,A,Annual,HPI_YDH,Price to income ratio,IX,Index,2014,,100.471519030297,,A,Normal value,0,Units,S,"Seasonally adjusted, not calendar adjusted",1,One,2015,
DATAFLOW,OECD.ECO.MPD:DSD_AN_HOUSE_PRICES@DF_HOUSE_PRICES(1.0),Analytical house prices indicators,I,ESP,Spain,A,Annual,HPI_YDH,Price to income ratio,IX,Index,2015,,100,,A,Normal value,0,Units,S,"Seasonally adjusted, not calendar adjusted",1,One,2015,
DATAFLOW,OECD.ECO.MPD:DSD_AN_HOUSE_PRICES@DF_HOUSE_PRICES(1.0),Analytical house prices indicators,I,ESP,Spain,A,Annual,HPI_YDH,Price to income ratio,IX,Index,2016,,102.010738220905,,A,Normal value,0,Units,S,"Seasonally adjusted, not calendar adjusted",1,One,2015,
DATAFLOW,OECD.ECO.MPD:DSD_AN_HOUSE_PRICES@DF_HOUSE_PRICES(1.0),Analytical house prices indicators,I,ESP,Spain,A,Annual,HPI_YDH,Price to income ratio,IX,Index,2017,,105.181007013607,,A,Normal value,0,Units,S,"Seasonally adjusted, not calendar adjusted",1,One,2015,
DATAFLOW,OECD.ECO.MPD:DSD_AN_HOUSE_PRICES@DF_HOUSE_PRICES(1.0),Analytical house prices indicators,I,ESP,Spain,A,Annual,HPI_YDH,Price to income ratio,IX,Index,2018,,109.605165817444,,A,Normal value,0,Units,S,"Seasonally adjusted, not calendar adjusted",1,One,2015,
DATAFLOW,OECD.ECO.MPD:DSD_AN_HOUSE_PRICES@DF_HOUSE_PRICES(1.0),Analytical house prices indicators,I,ESP,Spain,A,Annual,HPI_YDH,Price to income ratio,IX,Index,2019,,110.640751050875,,A,Normal value,0,Units,S,"Seasonally adjusted, not calendar adjusted",1,One,2015,
DATAFLOW,OECD.ECO.MPD:DSD_AN_HOUSE_PRICES@DF_HOUSE_PRICES(1.0),Analytical house prices indicators,I,ESP,Spain,A,Annual,HPI_YDH,Price to income ratio,IX,Index,2020,,116.481520020693,,A,Normal value,0,Units,S,"Seasonally adjusted, not calendar adjusted",1,One,2015,
DATAFLOW,OECD.ECO.MPD:DSD_AN_HOUSE_PRICES@DF_HOUSE_PRICES(1.0),Analytical house prices indicators,I,CHE,Switzerland,A,Annual,HPI_YDH,Price to income ratio,IX,Index,1990,,130.260915195043,,A,Normal value,0,Units,S,"Seasonally adjusted, not calendar adjusted",1,One,2015,
DATAFLOW,OECD.ECO.MPD:DSD_AN_HOUSE_PRICES@DF_HOUSE_PRICES(1.0),Analytical house prices indicators,I,CHE,Switzerland,A,Annual,HPI_YDH,Price to income ratio,IX,Index,1991,,119.92997253615,,A,Normal value,0,Units,S,"Seasonally adjusted, not calendar adjusted",1,One,2015,
DATAFLOW,OECD.ECO.MPD:DSD_AN_HOUSE_PRICES@DF_HOUSE_PRICES(1.0),Analytical house prices indicators,I,CHE,Switzerland,A,Annual,HPI_YDH,Price to income ratio,IX,Index,1992,,110.273115924271,,A,Normal value,0,Units,S,"Seasonally adjusted, not calendar adjusted",1,One,2015,
DATAFLOW,OECD.ECO.MPD:DSD_AN_HOUSE_PRICES@DF_HOUSE_PRICES(1.0),Analytical house prices indicators,I,CHE,Switzerland,A,Annual,HPI_YDH,Price to income ratio,IX,Index,1993,,102.776924285712,,A,Normal value,0,Units,S,"Seasonally adjusted, not calendar adjusted",1,One,2015,
DATAFLOW,OECD.ECO.MPD:DSD_AN_HOUSE_PRICES@DF_HOUSE_PRICES(1.0),Analytical house prices indicators,I,CHE,Switzerland,A,Annual,HPI_YDH,Price to income ratio,IX,Index,1994,,101.639487929788,,A,Normal value,0,Units,S,"Seasonally adjusted, not calendar adjusted",1,One,2015,
DATAFLOW,OECD.ECO.MPD:DSD_AN_HOUSE_PRICES@DF_HOUSE_PRICES(1.0),Analytical house prices indicators,I,CHE,Switzerland,A,Annual,HPI_YDH,Price to income ratio,IX,Index,1995,,95.2716139453688,,A,Normal value,0,Units,S,"Seasonally adjusted, not calendar adjusted",1,One,2015,
DATAFLOW,OECD.ECO.MPD:DSD_AN_HOUSE_PRICES@DF_HOUSE_PRICES(1.0),Analytical house prices indicators,I,CHE,Switzerland,A,Annual,HPI_YDH,Price to income ratio,IX,Index,1996,,89.7795441608604,,A,Normal value,0,Units,S,"Seasonally adjusted, not calendar adjusted",1,One,2015,
DATAFLOW,OECD.ECO.MPD:DSD_AN_HOUSE_PRICES@DF_HOUSE_PRICES(1.0),Analytical house prices indicators,I,CHE,Switzerland,A,Annual,HPI_YDH,Price to income ratio,IX,Index,1997,,81.8467852870668,,A,Normal value,0,Units,S,"Seasonally adjusted, not calendar adjusted",1,One,2015,
DATAFLOW,OECD.ECO.MPD:DSD_AN_HOUSE_PRICES@DF_HOUSE_PRICES(1.0),Analytical house prices indicators,I,CHE,Switzerland,A,Annual,HPI_YDH,Price to income ratio,IX,Index,1998,,79.6008070284089,,A,Normal value,0,Units,S,"Seasonally adjusted, not calendar adjusted",1,One,2015,
DATAFLOW,OECD.ECO.MPD:DSD_AN_HOUSE_PRICES@DF_HOUSE_PRICES(1.0),Analytical house prices indicators,I,CHE,Switzerland,A,Annual,HPI_YDH,Price to income ratio,IX,Index,1999,,76.563492870816,,A,Normal value,0,Units,S,"Seasonally adjusted, not calendar adjusted",1,One,2015,
DATAFLOW,OECD.ECO.MPD:DSD_AN_HOUSE_PRICES@DF_HOUSE_PRICES(1.0),Analytical house prices indicators,I,CHE,Switzerland,A,Annual,HPI_YDH,Price to income ratio,IX,Index,2000,,74.4716612219287,,A,Normal value,0,Units,S,"Seasonally adjusted, not calendar adjusted",1,One,2015,
DATAFLOW,OECD.ECO.MPD:DSD_AN_HOUSE_PRICES@DF_HOUSE_PRICES(1.0),Analytical house prices indicators,I,CHE,Switzerland,A,Annual,HPI_YDH,Price to income ratio,IX,Index,2001,,72.9263549404058,,A,Normal value,0,Units,S,"Seasonally adjusted, not calendar adjusted",1,One,2015,
DATAFLOW,OECD.ECO.MPD:DSD_AN_HOUSE_PRICES@DF_HOUSE_PRICES(1.0),Analytical house prices indicators,I,CHE,Switzerland,A,Annual,HPI_YDH,Price to income ratio,IX,Index,2002,,74.4578858453467,,A,Normal value,0,Units,S,"Seasonally adjusted, not calendar adjusted",1,One,2015,
DATAFLOW,OECD.ECO.MPD:DSD_AN_HOUSE_PRICES@DF_HOUSE_PRICES(1.0),Analytical house prices indicators,I,CHE,Switzerland,A,Annual,HPI_YDH,Price to income ratio,IX,Index,2003,,75.8634534659101,,A,Normal value,0,Units,S,"Seasonally adjusted, not calendar adjusted",1,One,2015,
DATAFLOW,OECD.ECO.MPD:DSD_AN_HOUSE_PRICES@DF_HOUSE_PRICES(1.0),Analytical house prices indicators,I,CHE,Switzerland,A,Annual,HPI_YDH,Price to income ratio,IX,Index,2004,,77.1797762004369,,A,Normal value,0,Units,S,"Seasonally adjusted, not calendar adjusted",1,One,2015,
DATAFLOW,OECD.ECO.MPD:DSD_AN_HOUSE_PRICES@DF_HOUSE_PRICES(1.0),Analytical house prices indicators,I,CHE,Switzerland,A,Annual,HPI_YDH,Price to income ratio,IX,Index,2005,,77.6752214349986,,A,Normal value,0,Units,S,"Seasonally adjusted, not calendar adjusted",1,One,2015,
DATAFLOW,OECD.ECO.MPD:DSD_AN_HOUSE_PRICES@DF_HOUSE_PRICES(1.0),Analytical house prices indicators,I,CHE,Switzerland,A,Annual,HPI_YDH,Price to income ratio,IX,Index,2006,,78.9944922667055,,A,Normal value,0,Units,S,"Seasonally adjusted, not calendar adjusted",1,One,2015,
DATAFLOW,OECD.ECO.MPD:DSD_AN_HOUSE_PRICES@DF_HOUSE_PRICES(1.0),Analytical house prices indicators,I,CHE,Switzerland,A,Annual,HPI_YDH,Price to income ratio,IX,Index,2007,,79.801579221341,,A,Normal value,0,Units,S,"Seasonally adjusted, not calendar adjusted",1,One,2015,
DATAFLOW,OECD.ECO.MPD:DSD_AN_HOUSE_PRICES@DF_HOUSE_PRICES(1.0),Analytical house prices indicators,I,CHE,Switzerland,A,Annual,HPI_YDH,Price to income ratio,IX,Index,2008,,81.3967473920743,,A,Normal value,0,Units,S,"Seasonally adjusted, not calendar adjusted",1,One,2015,
DATAFLOW,OECD.ECO.MPD:DSD_AN_HOUSE_PRICES@DF_HOUSE_PRICES(1.0),Analytical house prices indicators,I,CHE,Switzerland,A,Annual,HPI_YDH,Price to income ratio,IX,Index,2009,,81.9152348139043,,A,Normal value,0,Units,S,"Seasonally adjusted, not calendar adjusted",1,One,2015,
DATAFLOW,OECD.ECO.MPD:DSD_AN_HOUSE_PRICES@DF_HOUSE_PRICES(1.0),Analytical house prices indicators,I,CHE,Switzerland,A,Annual,HPI_YDH,Price to income ratio,IX,Index,2010,,83.3091276380866,,A,Normal value,0,Units,S,"Seasonally adjusted, not calendar adjusted",1,One,2015,
DATAFLOW,OECD.ECO.MPD:DSD_AN_HOUSE_PRICES@DF_HOUSE_PRICES(1.0),Analytical house prices indicators,I,CHE,Switzerland,A,Annual,HPI_YDH,Price to income ratio,IX,Index,2011,,88.9262044575853,,A,Normal value,0,Units,S,"Seasonally adjusted, not calendar adjusted",1,One,2015,
DATAFLOW,OECD.ECO.MPD:DSD_AN_HOUSE_PRICES@DF_HOUSE_PRICES(1.0),Analytical house prices indicators,I,CHE,Switzerland,A,Annual,HPI_YDH,Price to income ratio,IX,Index,2012,,92.5362314391804,,A,Normal value,0,Units,S,"Seasonally adjusted, not calendar adjusted",1,One,2015,
DATAFLOW,OECD.ECO.MPD:DSD_AN_HOUSE_PRICES@DF_HOUSE_PRICES(1.0),Analytical house prices indicators,I,CHE,Switzerland,A,Annual,HPI_YDH,Price to income ratio,IX,Index,2013,,94.122103168398,,A,Normal value,0,Units,S,"Seasonally adjusted, not calendar adjusted",1,One,2015,
DATAFLOW,OECD.ECO.MPD:DSD_AN_HOUSE_PRICES@DF_HOUSE_PRICES(1.0),Analytical house prices indicators,I,CHE,Switzerland,A,Annual,HPI_YDH,Price to income ratio,IX,Index,2014,,96.6140655487257,,A,Normal value,0,Units,S,"Seasonally adjusted, not calendar adjusted",1,One,2015,
DATAFLOW,OECD.ECO.MPD:DSD_AN_HOUSE_PRICES@DF_HOUSE_PRICES(1.0),Analytical house prices indicators,I,CHE,Switzerland,A,Annual,HPI_YDH,Price to income ratio,IX,Index,2015,,100,,A,Normal value,0,Units,S,"Seasonally adjusted, not calendar adjusted",1,One,2015,
DATAFLOW,OECD.ECO.MPD:DSD_AN_HOUSE_PRICES@DF_HOUSE_PRICES(1.0),Analytical house prices indicators,I,CHE,Switzerland,A,Annual,HPI_YDH,Price to income ratio,IX,Index,2016,,101.36933435529,,A,Normal value,0,Units,S,"Seasonally adjusted, not calendar adjusted",1,One,2015,
DATAFLOW,OECD.ECO.MPD:DSD_AN_HOUSE_PRICES@DF_HOUSE_PRICES(1.0),Analytical house prices indicators,I,CHE,Switzerland,A,Annual,HPI_YDH,Price to income ratio,IX,Index,2017,,103.93601315793,,A,Normal value,0,Units,S,"Seasonally adjusted, not calendar adjusted",1,One,2015,
DATAFLOW,OECD.ECO.MPD:DSD_AN_HOUSE_PRICES@DF_HOUSE_PRICES(1.0),Analytical house prices indicators,I,CHE,Switzerland,A,Annual,HPI_YDH,Price to income ratio,IX,Index,2018,,105.963682649318,,A,Normal value,0,Units,S,"Seasonally adjusted, not calendar adjusted",1,One,2015,
DATAFLOW,OECD.ECO.MPD:DSD_AN_HOUSE_PRICES@DF_HOUSE_PRICES(1.0),Analytical house prices indicators,I,CHE,Switzerland,A,Annual,HPI_YDH,Price to income ratio,IX,Index,2019,,108.588504026459,,A,Normal value,0,Units,S,"Seasonally adjusted, not calendar adjusted",1,One,2015,
DATAFLOW,OECD.ECO.MPD:DSD_AN_HOUSE_PRICES@DF_HOUSE_PRICES(1.0),Analytical house prices indicators,I,CHE,Switzerland,A,Annual,HPI_YDH,Price to income ratio,IX,Index,2020,,110.660030907674,,A,Normal value,0,Units,S,"Seasonally adjusted, not calendar adjusted",1,One,2015,
DATAFLOW,OECD.ECO.MPD:DSD_AN_HOUSE_PRICES@DF_HOUSE_PRICES(1.0),Analytical house prices indicators,I,NZL,New Zealand,A,Annual,HPI_YDH,Price to income ratio,IX,Index,1990,,52.6782600723947,,A,Normal value,0,Units,S,"Seasonally adjusted, not calendar adjusted",1,One,2015,
DATAFLOW,OECD.ECO.MPD:DSD_AN_HOUSE_PRICES@DF_HOUSE_PRICES(1.0),Analytical house prices indicators,I,NZL,New Zealand,A,Annual,HPI_YDH,Price to income ratio,IX,Index,1991,,50.5054618926725,,A,Normal value,0,Units,S,"Seasonally adjusted, not calendar adjusted",1,One,2015,
DATAFLOW,OECD.ECO.MPD:DSD_AN_HOUSE_PRICES@DF_HOUSE_PRICES(1.0),Analytical house prices indicators,I,NZL,New Zealand,A,Annual,HPI_YDH,Price to income ratio,IX,Index,1992,,52.5875674548763,,A,Normal value,0,Units,S,"Seasonally adjusted, not calendar adjusted",1,One,2015,
DATAFLOW,OECD.ECO.MPD:DSD_AN_HOUSE_PRICES@DF_HOUSE_PRICES(1.0),Analytical house prices indicators,I,NZL,New Zealand,A,Annual,HPI_YDH,Price to income ratio,IX,Index,1993,,54.0172224299032,,A,Normal value,0,Units,S,"Seasonally adjusted, not calendar adjusted",1,One,2015,
DATAFLOW,OECD.ECO.MPD:DSD_AN_HOUSE_PRICES@DF_HOUSE_PRICES(1.0),Analytical house prices indicators,I,NZL,New Zealand,A,Annual,HPI_YDH,Price to income ratio,IX,Index,1994,,60.1308415110339,,A,Normal value,0,Units,S,"Seasonally adjusted, not calendar adjusted",1,One,2015,
DATAFLOW,OECD.ECO.MPD:DSD_AN_HOUSE_PRICES@DF_HOUSE_PRICES(1.0),Analytical house prices indicators,I,NZL,New Zealand,A,Annual,HPI_YDH,Price to income ratio,IX,Index,1995,,61.5234825549594,,A,Normal value,0,Units,S,"Seasonally adjusted, not calendar adjusted",1,One,2015,
DATAFLOW,OECD.ECO.MPD:DSD_AN_HOUSE_PRICES@DF_HOUSE_PRICES(1.0),Analytical house prices indicators,I,NZL,New Zealand,A,Annual,HPI_YDH,Price to income ratio,IX,Index,1996,,64.2423083922159,,A,Normal value,0,Units,S,"Seasonally adjusted, not calendar adjusted",1,One,2015,
DATAFLOW,OECD.ECO.MPD:DSD_AN_HOUSE_PRICES@DF_HOUSE_PRICES(1.0),Analytical house prices indicators,I,NZL,New Zealand,A,Annual,HPI_YDH,Price to income ratio,IX,Index,1997,,65.5457096438483,,A,Normal value,0,Units,S,"Seasonally adjusted, not calendar adjusted",1,One,2015,
DATAFLOW,OECD.ECO.MPD:DSD_AN_HOUSE_PRICES@DF_HOUSE_PRICES(1.0),Analytical house prices indicators,I,NZL,New Zealand,A,Annual,HPI_YDH,Price to income ratio,IX,Index,1998,,62.5572454332107,,A,Normal value,0,Units,S,"Seasonally adjusted, not calendar adjusted",1,One,2015,
DATAFLOW,OECD.ECO.MPD:DSD_AN_HOUSE_PRICES@DF_HOUSE_PRICES(1.0),Analytical house prices indicators,I,NZL,New Zealand,A,Annual,HPI_YDH,Price to income ratio,IX,Index,1999,,59.3898729779341,,A,Normal value,0,Units,S,"Seasonally adjusted, not calendar adjusted",1,One,2015,
DATAFLOW,OECD.ECO.MPD:DSD_AN_HOUSE_PRICES@DF_HOUSE_PRICES(1.0),Analytical house prices indicators,I,NZL,New Zealand,A,Annual,HPI_YDH,Price to income ratio,IX,Index,2000,,60.6498842537723,,A,Normal value,0,Units,S,"Seasonally adjusted, not calendar adjusted",1,One,2015,
DATAFLOW,OECD.ECO.MPD:DSD_AN_HOUSE_PRICES@DF_HOUSE_PRICES(1.0),Analytical house prices indicators,I,NZL,New Zealand,A,Annual,HPI_YDH,Price to income ratio,IX,Index,2001,,58.4717228110877,,A,Normal value,0,Units,S,"Seasonally adjusted, not calendar adjusted",1,One,2015,
DATAFLOW,OECD.ECO.MPD:DSD_AN_HOUSE_PRICES@DF_HOUSE_PRICES(1.0),Analytical house prices indicators,I,NZL,New Zealand,A,Annual,HPI_YDH,Price to income ratio,IX,Index,2002,,64.2646892302468,,A,Normal value,0,Units,S,"Seasonally adjusted, not calendar adjusted",1,One,2015,
DATAFLOW,OECD.ECO.MPD:DSD_AN_HOUSE_PRICES@DF_HOUSE_PRICES(1.0),Analytical house prices indicators,I,NZL,New Zealand,A,Annual,HPI_YDH,Price to income ratio,IX,Index,2003,,71.2640677278704,,A,Normal value,0,Units,S,"Seasonally adjusted, not calendar adjusted",1,One,2015,
DATAFLOW,OECD.ECO.MPD:DSD_AN_HOUSE_PRICES@DF_HOUSE_PRICES(1.0),Analytical house prices indicators,I,NZL,New Zealand,A,Annual,HPI_YDH,Price to income ratio,IX,Index,2004,,79.7437090632825,,A,Normal value,0,Units,S,"Seasonally adjusted, not calendar adjusted",1,One,2015,
DATAFLOW,OECD.ECO.MPD:DSD_AN_HOUSE_PRICES@DF_HOUSE_PRICES(1.0),Analytical house prices indicators,I,NZL,New Zealand,A,Annual,HPI_YDH,Price to income ratio,IX,Index,2005,,87.7537153111927,,A,Normal value,0,Units,S,"Seasonally adjusted, not calendar adjusted",1,One,2015,
DATAFLOW,OECD.ECO.MPD:DSD_AN_HOUSE_PRICES@DF_HOUSE_PRICES(1.0),Analytical house prices indicators,I,NZL,New Zealand,A,Annual,HPI_YDH,Price to income ratio,IX,Index,2006,,91.2547219436449,,A,Normal value,0,Units,S,"Seasonally adjusted, not calendar adjusted",1,One,2015,
DATAFLOW,OECD.ECO.MPD:DSD_AN_HOUSE_PRICES@DF_HOUSE_PRICES(1.0),Analytical house prices indicators,I,NZL,New Zealand,A,Annual,HPI_YDH,Price to income ratio,IX,Index,2007,,94.2748515950076,,A,Normal value,0,Units,S,"Seasonally adjusted, not calendar adjusted",1,One,2015,
DATAFLOW,OECD.ECO.MPD:DSD_AN_HOUSE_PRICES@DF_HOUSE_PRICES(1.0),Analytical house prices indicators,I,NZL,New Zealand,A,Annual,HPI_YDH,Price to income ratio,IX,Index,2008,,90.0980145968487,,A,Normal value,0,Units,S,"Seasonally adjusted, not calendar adjusted",1,One,2015,
DATAFLOW,OECD.ECO.MPD:DSD_AN_HOUSE_PRICES@DF_HOUSE_PRICES(1.0),Analytical house prices indicators,I,NZL,New Zealand,A,Annual,HPI_YDH,Price to income ratio,IX,Index,2009,,84.5565125595079,,A,Normal value,0,Units,S,"Seasonally adjusted, not calendar adjusted",1,One,2015,
DATAFLOW,OECD.ECO.MPD:DSD_AN_HOUSE_PRICES@DF_HOUSE_PRICES(1.0),Analytical house prices indicators,I,NZL,New Zealand,A,Annual,HPI_YDH,Price to income ratio,IX,Index,2010,,83.05620245513,,A,Normal value,0,Units,S,"Seasonally adjusted, not calendar adjusted",1,One,2015,
DATAFLOW,OECD.ECO.MPD:DSD_AN_HOUSE_PRICES@DF_HOUSE_PRICES(1.0),Analytical house prices indicators,I,NZL,New Zealand,A,Annual,HPI_YDH,Price to income ratio,IX,Index,2011,,79.2072827588833,,A,Normal value,0,Units,S,"Seasonally adjusted, not calendar adjusted",1,One,2015,
DATAFLOW,OECD.ECO.MPD:DSD_AN_HOUSE_PRICES@DF_HOUSE_PRICES(1.0),Analytical house prices indicators,I,NZL,New Zealand,A,Annual,HPI_YDH,Price to income ratio,IX,Index,2012,,81.5188512483696,,A,Normal value,0,Units,S,"Seasonally adjusted, not calendar adjusted",1,One,2015,
DATAFLOW,OECD.ECO.MPD:DSD_AN_HOUSE_PRICES@DF_HOUSE_PRICES(1.0),Analytical house prices indicators,I,NZL,New Zealand,A,Annual,HPI_YDH,Price to income ratio,IX,Index,2013,,86.7249829066678,,A,Normal value,0,Units,S,"Seasonally adjusted, not calendar adjusted",1,One,2015,
DATAFLOW,OECD.ECO.MPD:DSD_AN_HOUSE_PRICES@DF_HOUSE_PRICES(1.0),Analytical house prices indicators,I,NZL,New Zealand,A,Annual,HPI_YDH,Price to income ratio,IX,Index,2014,,92.5530193261061,,A,Normal value,0,Units,S,"Seasonally adjusted, not calendar adjusted",1,One,2015,
DATAFLOW,OECD.ECO.MPD:DSD_AN_HOUSE_PRICES@DF_HOUSE_PRICES(1.0),Analytical house prices indicators,I,NZL,New Zealand,A,Annual,HPI_YDH,Price to income ratio,IX,Index,2015,,100,,A,Normal value,0,Units,S,"Seasonally adjusted, not calendar adjusted",1,One,2015,
DATAFLOW,OECD.ECO.MPD:DSD_AN_HOUSE_PRICES@DF_HOUSE_PRICES(1.0),Analytical house prices indicators,I,NZL,New Zealand,A,Annual,HPI_YDH,Price to income ratio,IX,Index,2016,,108.842620594345,,A,Normal value,0,Units,S,"Seasonally adjusted, not calendar adjusted",1,One,2015,
DATAFLOW,OECD.ECO.MPD:DSD_AN_HOUSE_PRICES@DF_HOUSE_PRICES(1.0),Analytical house prices indicators,I,NZL,New Zealand,A,Annual,HPI_YDH,Price to income ratio,IX,Index,2017,,111.561295338341,,A,Normal value,0,Units,S,"Seasonally adjusted, not calendar adjusted",1,One,2015,
DATAFLOW,OECD.ECO.MPD:DSD_AN_HOUSE_PRICES@DF_HOUSE_PRICES(1.0),Analytical house prices indicators,I,NZL,New Zealand,A,Annual,HPI_YDH,Price to income ratio,IX,Index,2018,,110.282281844563,,A,Normal value,0,Units,S,"Seasonally adjusted, not calendar adjusted",1,One,2015,
DATAFLOW,OECD.ECO.MPD:DSD_AN_HOUSE_PRICES@DF_HOUSE_PRICES(1.0),Analytical house prices indicators,I,NZL,New Zealand,A,Annual,HPI_YDH,Price to income ratio,IX,Index,2019,,108.388134133361,,A,Normal value,0,Units,S,"Seasonally adjusted, not calendar adjusted",1,One,2015,
DATAFLOW,OECD.ECO.MPD:DSD_AN_HOUSE_PRICES@DF_HOUSE_PRICES(1.0),Analytical house prices indicators,I,NZL,New Zealand,A,Annual,HPI_YDH,Price to income ratio,IX,Index,2020,,112.506622448816,,A,Normal value,0,Units,S,"Seasonally adjusted, not calendar adjusted",1,One,2015,
DATAFLOW,OECD.ECO.MPD:DSD_AN_HOUSE_PRICES@DF_HOUSE_PRICES(1.0),Analytical house prices indicators,I,ITA,Italy,A,Annual,HPI_YDH,Price to income ratio,IX,Index,1990,,102.026171798561,,A,Normal value,0,Units,S,"Seasonally adjusted, not calendar adjusted",1,One,2015,
DATAFLOW,OECD.ECO.MPD:DSD_AN_HOUSE_PRICES@DF_HOUSE_PRICES(1.0),Analytical house prices indicators,I,ITA,Italy,A,Annual,HPI_YDH,Price to income ratio,IX,Index,1991,,103.318307605271,,A,Normal value,0,Units,S,"Seasonally adjusted, not calendar adjusted",1,One,2015,
DATAFLOW,OECD.ECO.MPD:DSD_AN_HOUSE_PRICES@DF_HOUSE_PRICES(1.0),Analytical house prices indicators,I,ITA,Italy,A,Annual,HPI_YDH,Price to income ratio,IX,Index,1992,,103.851444313732,,A,Normal value,0,Units,S,"Seasonally adjusted, not calendar adjusted",1,One,2015,
DATAFLOW,OECD.ECO.MPD:DSD_AN_HOUSE_PRICES@DF_HOUSE_PRICES(1.0),Analytical house prices indicators,I,ITA,Italy,A,Annual,HPI_YDH,Price to income ratio,IX,Index,1993,,103.112932749868,,A,Normal value,0,Units,S,"Seasonally adjusted, not calendar adjusted",1,One,2015,
DATAFLOW,OECD.ECO.MPD:DSD_AN_HOUSE_PRICES@DF_HOUSE_PRICES(1.0),Analytical house prices indicators,I,ITA,Italy,A,Annual,HPI_YDH,Price to income ratio,IX,Index,1994,,95.6154590188385,,A,Normal value,0,Units,S,"Seasonally adjusted, not calendar adjusted",1,One,2015,
DATAFLOW,OECD.ECO.MPD:DSD_AN_HOUSE_PRICES@DF_HOUSE_PRICES(1.0),Analytical house prices indicators,I,ITA,Italy,A,Annual,HPI_YDH,Price to income ratio,IX,Index,1995,,90.4704670775409,,A,Normal value,0,Units,S,"Seasonally adjusted, not calendar adjusted",1,One,2015,
DATAFLOW,OECD.ECO.MPD:DSD_AN_HOUSE_PRICES@DF_HOUSE_PRICES(1.0),Analytical house prices indicators,I,ITA,Italy,A,Annual,HPI_YDH,Price to income ratio,IX,Index,1996,,82.9963347751723,,A,Normal value,0,Units,S,"Seasonally adjusted, not calendar adjusted",1,One,2015,
DATAFLOW,OECD.ECO.MPD:DSD_AN_HOUSE_PRICES@DF_HOUSE_PRICES(1.0),Analytical house prices indicators,I,ITA,Italy,A,Annual,HPI_YDH,Price to income ratio,IX,Index,1997,,77.6021548093199,,A,Normal value,0,Units,S,"Seasonally adjusted, not calendar adjusted",1,One,2015,
DATAFLOW,OECD.ECO.MPD:DSD_AN_HOUSE_PRICES@DF_HOUSE_PRICES(1.0),Analytical house prices indicators,I,ITA,Italy,A,Annual,HPI_YDH,Price to income ratio,IX,Index,1998,,78.7849742373115,,A,Normal value,0,Units,S,"Seasonally adjusted, not calendar adjusted",1,One,2015,
DATAFLOW,OECD.ECO.MPD:DSD_AN_HOUSE_PRICES@DF_HOUSE_PRICES(1.0),Analytical house prices indicators,I,ITA,Italy,A,Annual,HPI_YDH,Price to income ratio,IX,Index,1999,,80.9208017359102,,A,Normal value,0,Units,S,"Seasonally adjusted, not calendar adjusted",1,One,2015,
DATAFLOW,OECD.ECO.MPD:DSD_AN_HOUSE_PRICES@DF_HOUSE_PRICES(1.0),Analytical house prices indicators,I,ITA,Italy,A,Annual,HPI_YDH,Price to income ratio,IX,Index,2000,,84.4926016319769,,A,Normal value,0,Units,S,"Seasonally adjusted, not calendar adjusted",1,One,2015,
DATAFLOW,OECD.ECO.MPD:DSD_AN_HOUSE_PRICES@DF_HOUSE_PRICES(1.0),Analytical house prices indicators,I,ITA,Italy,A,Annual,HPI_YDH,Price to income ratio,IX,Index,2001,,87.544518318238,,A,Normal value,0,Units,S,"Seasonally adjusted, not calendar adjusted",1,One,2015,
DATAFLOW,OECD.ECO.MPD:DSD_AN_HOUSE_PRICES@DF_HOUSE_PRICES(1.0),Analytical house prices indicators,I,ITA,Italy,A,Annual,HPI_YDH,Price to income ratio,IX,Index,2002,,92.3444852751601,,A,Normal value,0,Units,S,"Seasonally adjusted, not calendar adjusted",1,One,2015,
DATAFLOW,OECD.ECO.MPD:DSD_AN_HOUSE_PRICES@DF_HOUSE_PRICES(1.0),Analytical house prices indicators,I,ITA,Italy,A,Annual,HPI_YDH,Price to income ratio,IX,Index,2003,,98.8045428621935,,A,Normal value,0,Units,S,"Seasonally adjusted, not calendar adjusted",1,One,2015,
DATAFLOW,OECD.ECO.MPD:DSD_AN_HOUSE_PRICES@DF_HOUSE_PRICES(1.0),Analytical house prices indicators,I,ITA,Italy,A,Annual,HPI_YDH,Price to income ratio,IX,Index,2004,,105.535305717366,,A,Normal value,0,Units,S,"Seasonally adjusted, not calendar adjusted",1,One,2015,
DATAFLOW,OECD.ECO.MPD:DSD_AN_HOUSE_PRICES@DF_HOUSE_PRICES(1.0),Analytical house prices indicators,I,ITA,Italy,A,Annual,HPI_YDH,Price to income ratio,IX,Index,2005,,111.491318508644,,A,Normal value,0,Units,S,"Seasonally adjusted, not calendar adjusted",1,One,2015,
DATAFLOW,OECD.ECO.MPD:DSD_AN_HOUSE_PRICES@DF_HOUSE_PRICES(1.0),Analytical house prices indicators,I,ITA,Italy,A,Annual,HPI_YDH,Price to income ratio,IX,Index,2006,,114.958648584925,,A,Normal value,0,Units,S,"Seasonally adjusted, not calendar adjusted",1,One,2015,
DATAFLOW,OECD.ECO.MPD:DSD_AN_HOUSE_PRICES@DF_HOUSE_PRICES(1.0),Analytical house prices indicators,I,ITA,Italy,A,Annual,HPI_YDH,Price to income ratio,IX,Index,2007,,117.670495379751,,A,Normal value,0,Units,S,"Seasonally adjusted, not calendar adjusted",1,One,2015,
DATAFLOW,OECD.ECO.MPD:DSD_AN_HOUSE_PRICES@DF_HOUSE_PRICES(1.0),Analytical house prices indicators,I,ITA,Italy,A,Annual,HPI_YDH,Price to income ratio,IX,Index,2008,,119.079054994971,,A,Normal value,0,Units,S,"Seasonally adjusted, not calendar adjusted",1,One,2015,
DATAFLOW,OECD.ECO.MPD:DSD_AN_HOUSE_PRICES@DF_HOUSE_PRICES(1.0),Analytical house prices indicators,I,ITA,Italy,A,Annual,HPI_YDH,Price to income ratio,IX,Index,2009,,118.499582846357,,A,Normal value,0,Units,S,"Seasonally adjusted, not calendar adjusted",1,One,2015,
DATAFLOW,OECD.ECO.MPD:DSD_AN_HOUSE_PRICES@DF_HOUSE_PRICES(1.0),Analytical house prices indicators,I,ITA,Italy,A,Annual,HPI_YDH,Price to income ratio,IX,Index,2010,,118.963037019775,,A,Normal value,0,Units,S,"Seasonally adjusted, not calendar adjusted",1,One,2015,
DATAFLOW,OECD.ECO.MPD:DSD_AN_HOUSE_PRICES@DF_HOUSE_PRICES(1.0),Analytical house prices indicators,I,ITA,Italy,A,Annual,HPI_YDH,Price to income ratio,IX,Index,2011,,118.114559267204,,A,Normal value,0,Units,S,"Seasonally adjusted, not calendar adjusted",1,One,2015,
DATAFLOW,OECD.ECO.MPD:DSD_AN_HOUSE_PRICES@DF_HOUSE_PRICES(1.0),Analytical house prices indicators,I,ITA,Italy,A,Annual,HPI_YDH,Price to income ratio,IX,Index,2012,,119.401604374871,,A,Normal value,0,Units,S,"Seasonally adjusted, not calendar adjusted",1,One,2015,
DATAFLOW,OECD.ECO.MPD:DSD_AN_HOUSE_PRICES@DF_HOUSE_PRICES(1.0),Analytical house prices indicators,I,ITA,Italy,A,Annual,HPI_YDH,Price to income ratio,IX,Index,2013,,111.567042609481,,A,Normal value,0,Units,S,"Seasonally adjusted, not calendar adjusted",1,One,2015,
DATAFLOW,OECD.ECO.MPD:DSD_AN_HOUSE_PRICES@DF_HOUSE_PRICES(1.0),Analytical house prices indicators,I,ITA,Italy,A,Annual,HPI_YDH,Price to income ratio,IX,Index,2014,,105.470497759002,,A,Normal value,0,Units,S,"Seasonally adjusted, not calendar adjusted",1,One,2015,
DATAFLOW,OECD.ECO.MPD:DSD_AN_HOUSE_PRICES@DF_HOUSE_PRICES(1.0),Analytical house prices indicators,I,ITA,Italy,A,Annual,HPI_YDH,Price to income ratio,IX,Index,2015,,100,,A,Normal value,0,Units,S,"Seasonally adjusted, not calendar adjusted",1,One,2015,
DATAFLOW,OECD.ECO.MPD:DSD_AN_HOUSE_PRICES@DF_HOUSE_PRICES(1.0),Analytical house prices indicators,I,ITA,Italy,A,Annual,HPI_YDH,Price to income ratio,IX,Index,2016,,98.7343945736296,,A,Normal value,0,Units,S,"Seasonally adjusted, not calendar adjusted",1,One,2015,
DATAFLOW,OECD.ECO.MPD:DSD_AN_HOUSE_PRICES@DF_HOUSE_PRICES(1.0),Analytical house prices indicators,I,ITA,Italy,A,Annual,HPI_YDH,Price to income ratio,IX,Index,2017,,95.3677971621731,,A,Normal value,0,Units,S,"Seasonally adjusted, not calendar adjusted",1,One,2015,
DATAFLOW,OECD.ECO.MPD:DSD_AN_HOUSE_PRICES@DF_HOUSE_PRICES(1.0),Analytical house prices indicators,I,ITA,Italy,A,Annual,HPI_YDH,Price to income ratio,IX,Index,2018,,93.257811286396,,A,Normal value,0,Units,S,"Seasonally adjusted, not calendar adjusted",1,One,2015,
DATAFLOW,OECD.ECO.MPD:DSD_AN_HOUSE_PRICES@DF_HOUSE_PRICES(1.0),Analytical house prices indicators,I,ITA,Italy,A,Annual,HPI_YDH,Price to income ratio,IX,Index,2019,,92.2624006843474,,A,Normal value,0,Units,S,"Seasonally adjusted, not calendar adjusted",1,One,2015,
DATAFLOW,OECD.ECO.MPD:DSD_AN_HOUSE_PRICES@DF_HOUSE_PRICES(1.0),Analytical house prices indicators,I,ITA,Italy,A,Annual,HPI_YDH,Price to income ratio,IX,Index,2020,,96.0154062374217,,A,Normal value,0,Units,S,"Seasonally adjusted, not calendar adjusted",1,One,2015,
DATAFLOW,OECD.ECO.MPD:DSD_AN_HOUSE_PRICES@DF_HOUSE_PRICES(1.0),Analytical house prices indicators,I,EA,Euro area,A,Annual,HPI_YDH,Price to income ratio,IX,Index,1990,,95.0492705946907,,A,Normal value,0,Units,S,"Seasonally adjusted, not calendar adjusted",1,One,2015,
DATAFLOW,OECD.ECO.MPD:DSD_AN_HOUSE_PRICES@DF_HOUSE_PRICES(1.0),Analytical house prices indicators,I,EA,Euro area,A,Annual,HPI_YDH,Price to income ratio,IX,Index,1991,,96.3244716641281,,A,Normal value,0,Units,S,"Seasonally adjusted, not calendar adjusted",1,One,2015,
DATAFLOW,OECD.ECO.MPD:DSD_AN_HOUSE_PRICES@DF_HOUSE_PRICES(1.0),Analytical house prices indicators,I,EA,Euro area,A,Annual,HPI_YDH,Price to income ratio,IX,Index,1992,,95.2754691380857,,A,Normal value,0,Units,S,"Seasonally adjusted, not calendar adjusted",1,One,2015,
DATAFLOW,OECD.ECO.MPD:DSD_AN_HOUSE_PRICES@DF_HOUSE_PRICES(1.0),Analytical house prices indicators,I,EA,Euro area,A,Annual,HPI_YDH,Price to income ratio,IX,Index,1993,,95.0861288641767,,A,Normal value,0,Units,S,"Seasonally adjusted, not calendar adjusted",1,One,2015,
DATAFLOW,OECD.ECO.MPD:DSD_AN_HOUSE_PRICES@DF_HOUSE_PRICES(1.0),Analytical house prices indicators,I,EA,Euro area,A,Annual,HPI_YDH,Price to income ratio,IX,Index,1994,,94.4654619074313,,A,Normal value,0,Units,S,"Seasonally adjusted, not calendar adjusted",1,One,2015,
DATAFLOW,OECD.ECO.MPD:DSD_AN_HOUSE_PRICES@DF_HOUSE_PRICES(1.0),Analytical house prices indicators,I,EA,Euro area,A,Annual,HPI_YDH,Price to income ratio,IX,Index,1995,,92.0139872193197,,A,Normal value,0,Units,S,"Seasonally adjusted, not calendar adjusted",1,One,2015,
DATAFLOW,OECD.ECO.MPD:DSD_AN_HOUSE_PRICES@DF_HOUSE_PRICES(1.0),Analytical house prices indicators,I,EA,Euro area,A,Annual,HPI_YDH,Price to income ratio,IX,Index,1996,,90.9132493153373,,A,Normal value,0,Units,S,"Seasonally adjusted, not calendar adjusted",1,One,2015,
DATAFLOW,OECD.ECO.MPD:DSD_AN_HOUSE_PRICES@DF_HOUSE_PRICES(1.0),Analytical house prices indicators,I,EA,Euro area,A,Annual,HPI_YDH,Price to income ratio,IX,Index,1997,,89.8942971113444,,A,Normal value,0,Units,S,"Seasonally adjusted, not calendar adjusted",1,One,2015,
DATAFLOW,OECD.ECO.MPD:DSD_AN_HOUSE_PRICES@DF_HOUSE_PRICES(1.0),Analytical house prices indicators,I,EA,Euro area,A,Annual,HPI_YDH,Price to income ratio,IX,Index,1998,,89.2930037064258,,A,Normal value,0,Units,S,"Seasonally adjusted, not calendar adjusted",1,One,2015,
DATAFLOW,OECD.ECO.MPD:DSD_AN_HOUSE_PRICES@DF_HOUSE_PRICES(1.0),Analytical house prices indicators,I,EA,Euro area,A,Annual,HPI_YDH,Price to income ratio,IX,Index,1999,,90.0222293741291,,A,Normal value,0,Units,S,"Seasonally adjusted, not calendar adjusted",1,One,2015,
DATAFLOW,OECD.ECO.MPD:DSD_AN_HOUSE_PRICES@DF_HOUSE_PRICES(1.0),Analytical house prices indicators,I,EA,Euro area,A,Annual,HPI_YDH,Price to income ratio,IX,Index,2000,,91.0590823831544,,A,Normal value,0,Units,S,"Seasonally adjusted, not calendar adjusted",1,One,2015,
DATAFLOW,OECD.ECO.MPD:DSD_AN_HOUSE_PRICES@DF_HOUSE_PRICES(1.0),Analytical house prices indicators,I,EA,Euro area,A,Annual,HPI_YDH,Price to income ratio,IX,Index,2001,,91.0409427113202,,A,Normal value,0,Units,S,"Seasonally adjusted, not calendar adjusted",1,One,2015,
DATAFLOW,OECD.ECO.MPD:DSD_AN_HOUSE_PRICES@DF_HOUSE_PRICES(1.0),Analytical house prices indicators,I,EA,Euro area,A,Annual,HPI_YDH,Price to income ratio,IX,Index,2002,,94.3645503156678,,A,Normal value,0,Units,S,"Seasonally adjusted, not calendar adjusted",1,One,2015,
DATAFLOW,OECD.ECO.MPD:DSD_AN_HOUSE_PRICES@DF_HOUSE_PRICES(1.0),Analytical house prices indicators,I,EA,Euro area,A,Annual,HPI_YDH,Price to income ratio,IX,Index,2003,,96.9613793280212,,A,Normal value,0,Units,S,"Seasonally adjusted, not calendar adjusted",1,One,2015,
DATAFLOW,OECD.ECO.MPD:DSD_AN_HOUSE_PRICES@DF_HOUSE_PRICES(1.0),Analytical house prices indicators,I,EA,Euro area,A,Annual,HPI_YDH,Price to income ratio,IX,Index,2004,,100.339781623176,,A,Normal value,0,Units,S,"Seasonally adjusted, not calendar adjusted",1,One,2015,
DATAFLOW,OECD.ECO.MPD:DSD_AN_HOUSE_PRICES@DF_HOUSE_PRICES(1.0),Analytical house prices indicators,I,EA,Euro area,A,Annual,HPI_YDH,Price to income ratio,IX,Index,2005,,104.619644019003,,A,Normal value,0,Units,S,"Seasonally adjusted, not calendar adjusted",1,One,2015,
DATAFLOW,OECD.ECO.MPD:DSD_AN_HOUSE_PRICES@DF_HOUSE_PRICES(1.0),Analytical house prices indicators,I,EA,Euro area,A,Annual,HPI_YDH,Price to income ratio,IX,Index,2006,,108.184037363549,,A,Normal value,0,Units,S,"Seasonally adjusted, not calendar adjusted",1,One,2015,
DATAFLOW,OECD.ECO.MPD:DSD_AN_HOUSE_PRICES@DF_HOUSE_PRICES(1.0),Analytical house prices indicators,I,EA,Euro area,A,Annual,HPI_YDH,Price to income ratio,IX,Index,2007,,109.563302224572,,A,Normal value,0,Units,S,"Seasonally adjusted, not calendar adjusted",1,One,2015,
DATAFLOW,OECD.ECO.MPD:DSD_AN_HOUSE_PRICES@DF_HOUSE_PRICES(1.0),Analytical house prices indicators,I,EA,Euro area,A,Annual,HPI_YDH,Price to income ratio,IX,Index,2008,,108.238187498525,,A,Normal value,0,Units,S,"Seasonally adjusted, not calendar adjusted",1,One,2015,
DATAFLOW,OECD.ECO.MPD:DSD_AN_HOUSE_PRICES@DF_HOUSE_PRICES(1.0),Analytical house prices indicators,I,EA,Euro area,A,Annual,HPI_YDH,Price to income ratio,IX,Index,2009,,105.834533179786,,A,Normal value,0,Units,S,"Seasonally adjusted, not calendar adjusted",1,One,2015,
DATAFLOW,OECD.ECO.MPD:DSD_AN_HOUSE_PRICES@DF_HOUSE_PRICES(1.0),Analytical house prices indicators,I,EA,Euro area,A,Annual,HPI_YDH,Price to income ratio,IX,Index,2010,,105.825845738385,,A,Normal value,0,Units,S,"Seasonally adjusted, not calendar adjusted",1,One,2015,
DATAFLOW,OECD.ECO.MPD:DSD_AN_HOUSE_PRICES@DF_HOUSE_PRICES(1.0),Analytical house prices indicators,I,EA,Euro area,A,Annual,HPI_YDH,Price to income ratio,IX,Index,2011,,105.330653565987,,A,Normal value,0,Units,S,"Seasonally adjusted, not calendar adjusted",1,One,2015,
DATAFLOW,OECD.ECO.MPD:DSD_AN_HOUSE_PRICES@DF_HOUSE_PRICES(1.0),Analytical house prices indicators,I,EA,Euro area,A,Annual,HPI_YDH,Price to income ratio,IX,Index,2012,,103.626685191495,,A,Normal value,0,Units,S,"Seasonally adjusted, not calendar adjusted",1,One,2015,
DATAFLOW,OECD.ECO.MPD:DSD_AN_HOUSE_PRICES@DF_HOUSE_PRICES(1.0),Analytical house prices indicators,I,EA,Euro area,A,Annual,HPI_YDH,Price to income ratio,IX,Index,2013,,101.412385399289,,A,Normal value,0,Units,S,"Seasonally adjusted, not calendar adjusted",1,One,2015,
DATAFLOW,OECD.ECO.MPD:DSD_AN_HOUSE_PRICES@DF_HOUSE_PRICES(1.0),Analytical house prices indicators,I,EA,Euro area,A,Annual,HPI_YDH,Price to income ratio,IX,Index,2014,,100.340303357413,,A,Normal value,0,Units,S,"Seasonally adjusted, not calendar adjusted",1,One,2015,
DATAFLOW,OECD.ECO.MPD:DSD_AN_HOUSE_PRICES@DF_HOUSE_PRICES(1.0),Analytical house prices indicators,I,EA,Euro area,A,Annual,HPI_YDH,Price to income ratio,IX,Index,2015,,100,,A,Normal value,0,Units,S,"Seasonally adjusted, not calendar adjusted",1,One,2015,
DATAFLOW,OECD.ECO.MPD:DSD_AN_HOUSE_PRICES@DF_HOUSE_PRICES(1.0),Analytical house prices indicators,I,EA,Euro area,A,Annual,HPI_YDH,Price to income ratio,IX,Index,2016,,101.856464713515,,A,Normal value,0,Units,S,"Seasonally adjusted, not calendar adjusted",1,One,2015,
DATAFLOW,OECD.ECO.MPD:DSD_AN_HOUSE_PRICES@DF_HOUSE_PRICES(1.0),Analytical house prices indicators,I,EA,Euro area,A,Annual,HPI_YDH,Price to income ratio,IX,Index,2017,,103.524414640972,,A,Normal value,0,Units,S,"Seasonally adjusted, not calendar adjusted",1,One,2015,
DATAFLOW,OECD.ECO.MPD:DSD_AN_HOUSE_PRICES@DF_HOUSE_PRICES(1.0),Analytical house prices indicators,I,EA,Euro area,A,Annual,HPI_YDH,Price to income ratio,IX,Index,2018,,105.413765089266,,A,Normal value,0,Units,S,"Seasonally adjusted, not calendar adjusted",1,One,2015,
DATAFLOW,OECD.ECO.MPD:DSD_AN_HOUSE_PRICES@DF_HOUSE_PRICES(1.0),Analytical house prices indicators,I,EA,Euro area,A,Annual,HPI_YDH,Price to income ratio,IX,Index,2019,,107.067296564394,,A,Normal value,0,Units,S,"Seasonally adjusted, not calendar adjusted",1,One,2015,
DATAFLOW,OECD.ECO.MPD:DSD_AN_HOUSE_PRICES@DF_HOUSE_PRICES(1.0),Analytical house prices indicators,I,EA,Euro area,A,Annual,HPI_YDH,Price to income ratio,IX,Index,2020,,113.001846306462,,A,Normal value,0,Units,S,"Seasonally adjusted, not calendar adjusted",1,One,2015,
DATAFLOW,OECD.ECO.MPD:DSD_AN_HOUSE_PRICES@DF_HOUSE_PRICES(1.0),Analytical house prices indicators,I,LVA,Latvia,A,Annual,HPI_YDH,Price to income ratio,IX,Index,2006,,158.841255609598,,A,Normal value,0,Units,S,"Seasonally adjusted, not calendar adjusted",1,One,2015,
DATAFLOW,OECD.ECO.MPD:DSD_AN_HOUSE_PRICES@DF_HOUSE_PRICES(1.0),Analytical house prices indicators,I,LVA,Latvia,A,Annual,HPI_YDH,Price to income ratio,IX,Index,2007,,176.738786043671,,A,Normal value,0,Units,S,"Seasonally adjusted, not calendar adjusted",1,One,2015,
DATAFLOW,OECD.ECO.MPD:DSD_AN_HOUSE_PRICES@DF_HOUSE_PRICES(1.0),Analytical house prices indicators,I,LVA,Latvia,A,Annual,HPI_YDH,Price to income ratio,IX,Index,2008,,149.687086051724,,A,Normal value,0,Units,S,"Seasonally adjusted, not calendar adjusted",1,One,2015,
DATAFLOW,OECD.ECO.MPD:DSD_AN_HOUSE_PRICES@DF_HOUSE_PRICES(1.0),Analytical house prices indicators,I,LVA,Latvia,A,Annual,HPI_YDH,Price to income ratio,IX,Index,2009,,110.79817430001,,A,Normal value,0,Units,S,"Seasonally adjusted, not calendar adjusted",1,One,2015,
DATAFLOW,OECD.ECO.MPD:DSD_AN_HOUSE_PRICES@DF_HOUSE_PRICES(1.0),Analytical house prices indicators,I,LVA,Latvia,A,Annual,HPI_YDH,Price to income ratio,IX,Index,2010,,102.69716104542,,A,Normal value,0,Units,S,"Seasonally adjusted, not calendar adjusted",1,One,2015,
DATAFLOW,OECD.ECO.MPD:DSD_AN_HOUSE_PRICES@DF_HOUSE_PRICES(1.0),Analytical house prices indicators,I,LVA,Latvia,A,Annual,HPI_YDH,Price to income ratio,IX,Index,2011,,112.111669616059,,A,Normal value,0,Units,S,"Seasonally adjusted, not calendar adjusted",1,One,2015,
DATAFLOW,OECD.ECO.MPD:DSD_AN_HOUSE_PRICES@DF_HOUSE_PRICES(1.0),Analytical house prices indicators,I,LVA,Latvia,A,Annual,HPI_YDH,Price to income ratio,IX,Index,2012,,106.7850752602,,A,Normal value,0,Units,S,"Seasonally adjusted, not calendar adjusted",1,One,2015,
DATAFLOW,OECD.ECO.MPD:DSD_AN_HOUSE_PRICES@DF_HOUSE_PRICES(1.0),Analytical house prices indicators,I,LVA,Latvia,A,Annual,HPI_YDH,Price to income ratio,IX,Index,2013,,109.844402405503,,A,Normal value,0,Units,S,"Seasonally adjusted, not calendar adjusted",1,One,2015,
DATAFLOW,OECD.ECO.MPD:DSD_AN_HOUSE_PRICES@DF_HOUSE_PRICES(1.0),Analytical house prices indicators,I,LVA,Latvia,A,Annual,HPI_YDH,Price to income ratio,IX,Index,2014,,110.247795219876,,A,Normal value,0,Units,S,"Seasonally adjusted, not calendar adjusted",1,One,2015,
DATAFLOW,OECD.ECO.MPD:DSD_AN_HOUSE_PRICES@DF_HOUSE_PRICES(1.0),Analytical house prices indicators,I,LVA,Latvia,A,Annual,HPI_YDH,Price to income ratio,IX,Index,2015,,100,,A,Normal value,0,Units,S,"Seasonally adjusted, not calendar adjusted",1,One,2015,
DATAFLOW,OECD.ECO.MPD:DSD_AN_HOUSE_PRICES@DF_HOUSE_PRICES(1.0),Analytical house prices indicators,I,LVA,Latvia,A,Annual,HPI_YDH,Price to income ratio,IX,Index,2016,,102.080081552849,,A,Normal value,0,Units,S,"Seasonally adjusted, not calendar adjusted",1,One,2015,
DATAFLOW,OECD.ECO.MPD:DSD_AN_HOUSE_PRICES@DF_HOUSE_PRICES(1.0),Analytical house prices indicators,I,LVA,Latvia,A,Annual,HPI_YDH,Price to income ratio,IX,Index,2017,,103.123237909512,,A,Normal value,0,Units,S,"Seasonally adjusted, not calendar adjusted",1,One,2015,
DATAFLOW,OECD.ECO.MPD:DSD_AN_HOUSE_PRICES@DF_HOUSE_PRICES(1.0),Analytical house prices indicators,I,LVA,Latvia,A,Annual,HPI_YDH,Price to income ratio,IX,Index,2018,,104.415422441183,,A,Normal value,0,Units,S,"Seasonally adjusted, not calendar adjusted",1,One,2015,
DATAFLOW,OECD.ECO.MPD:DSD_AN_HOUSE_PRICES@DF_HOUSE_PRICES(1.0),Analytical house prices indicators,I,LVA,Latvia,A,Annual,HPI_YDH,Price to income ratio,IX,Index,2019,,107.632589225878,,A,Normal value,0,Units,S,"Seasonally adjusted, not calendar adjusted",1,One,2015,
DATAFLOW,OECD.ECO.MPD:DSD_AN_HOUSE_PRICES@DF_HOUSE_PRICES(1.0),Analytical house prices indicators,I,LVA,Latvia,A,Annual,HPI_YDH,Price to income ratio,IX,Index,2020,,109.039956337136,,A,Normal value,0,Units,S,"Seasonally adjusted, not calendar adjusted",1,One,2015,
DATAFLOW,OECD.ECO.MPD:DSD_AN_HOUSE_PRICES@DF_HOUSE_PRICES(1.0),Analytical house prices indicators,I,HRV,Croatia,A,Annual,HPI_YDH,Price to income ratio,IX,Index,2005,,102.770301512321,,A,Normal value,0,Units,S,"Seasonally adjusted, not calendar adjusted",1,One,2015,
DATAFLOW,OECD.ECO.MPD:DSD_AN_HOUSE_PRICES@DF_HOUSE_PRICES(1.0),Analytical house prices indicators,I,HRV,Croatia,A,Annual,HPI_YDH,Price to income ratio,IX,Index,2006,,116.003553572164,,A,Normal value,0,Units,S,"Seasonally adjusted, not calendar adjusted",1,One,2015,
DATAFLOW,OECD.ECO.MPD:DSD_AN_HOUSE_PRICES@DF_HOUSE_PRICES(1.0),Analytical house prices indicators,I,HRV,Croatia,A,Annual,HPI_YDH,Price to income ratio,IX,Index,2007,,121.269246174646,,A,Normal value,0,Units,S,"Seasonally adjusted, not calendar adjusted",1,One,2015,
DATAFLOW,OECD.ECO.MPD:DSD_AN_HOUSE_PRICES@DF_HOUSE_PRICES(1.0),Analytical house prices indicators,I,HRV,Croatia,A,Annual,HPI_YDH,Price to income ratio,IX,Index,2008,,131.626585989273,,A,Normal value,0,Units,S,"Seasonally adjusted, not calendar adjusted",1,One,2015,
DATAFLOW,OECD.ECO.MPD:DSD_AN_HOUSE_PRICES@DF_HOUSE_PRICES(1.0),Analytical house prices indicators,I,HRV,Croatia,A,Annual,HPI_YDH,Price to income ratio,IX,Index,2009,,124.657643718616,,A,Normal value,0,Units,S,"Seasonally adjusted, not calendar adjusted",1,One,2015,
DATAFLOW,OECD.ECO.MPD:DSD_AN_HOUSE_PRICES@DF_HOUSE_PRICES(1.0),Analytical house prices indicators,I,HRV,Croatia,A,Annual,HPI_YDH,Price to income ratio,IX,Index,2010,,116.533773549919,,A,Normal value,0,Units,S,"Seasonally adjusted, not calendar adjusted",1,One,2015,
DATAFLOW,OECD.ECO.MPD:DSD_AN_HOUSE_PRICES@DF_HOUSE_PRICES(1.0),Analytical house prices indicators,I,HRV,Croatia,A,Annual,HPI_YDH,Price to income ratio,IX,Index,2011,,115.847469324178,,A,Normal value,0,Units,S,"Seasonally adjusted, not calendar adjusted",1,One,2015,
DATAFLOW,OECD.ECO.MPD:DSD_AN_HOUSE_PRICES@DF_HOUSE_PRICES(1.0),Analytical house prices indicators,I,HRV,Croatia,A,Annual,HPI_YDH,Price to income ratio,IX,Index,2012,,114.404616568131,,A,Normal value,0,Units,S,"Seasonally adjusted, not calendar adjusted",1,One,2015,
DATAFLOW,OECD.ECO.MPD:DSD_AN_HOUSE_PRICES@DF_HOUSE_PRICES(1.0),Analytical house prices indicators,I,HRV,Croatia,A,Annual,HPI_YDH,Price to income ratio,IX,Index,2013,,109.338096034155,,A,Normal value,0,Units,S,"Seasonally adjusted, not calendar adjusted",1,One,2015,
DATAFLOW,OECD.ECO.MPD:DSD_AN_HOUSE_PRICES@DF_HOUSE_PRICES(1.0),Analytical house prices indicators,I,HRV,Croatia,A,Annual,HPI_YDH,Price to income ratio,IX,Index,2014,,107.016716516419,,A,Normal value,0,Units,S,"Seasonally adjusted, not calendar adjusted",1,One,2015,
DATAFLOW,OECD.ECO.MPD:DSD_AN_HOUSE_PRICES@DF_HOUSE_PRICES(1.0),Analytical house prices indicators,I,HRV,Croatia,A,Annual,HPI_YDH,Price to income ratio,IX,Index,2015,,100,,A,Normal value,0,Units,S,"Seasonally adjusted, not calendar adjusted",1,One,2015,
DATAFLOW,OECD.ECO.MPD:DSD_AN_HOUSE_PRICES@DF_HOUSE_PRICES(1.0),Analytical house prices indicators,I,HRV,Croatia,A,Annual,HPI_YDH,Price to income ratio,IX,Index,2016,,97.6137538404973,,A,Normal value,0,Units,S,"Seasonally adjusted, not calendar adjusted",1,One,2015,
DATAFLOW,OECD.ECO.MPD:DSD_AN_HOUSE_PRICES@DF_HOUSE_PRICES(1.0),Analytical house prices indicators,I,HRV,Croatia,A,Annual,HPI_YDH,Price to income ratio,IX,Index,2017,,96.2574484809612,,A,Normal value,0,Units,S,"Seasonally adjusted, not calendar adjusted",1,One,2015,
DATAFLOW,OECD.ECO.MPD:DSD_AN_HOUSE_PRICES@DF_HOUSE_PRICES(1.0),Analytical house prices indicators,I,HRV,Croatia,A,Annual,HPI_YDH,Price to income ratio,IX,Index,2018,,95.4589032064657,,A,Normal value,0,Units,S,"Seasonally adjusted, not calendar adjusted",1,One,2015,
DATAFLOW,OECD.ECO.MPD:DSD_AN_HOUSE_PRICES@DF_HOUSE_PRICES(1.0),Analytical house prices indicators,I,HRV,Croatia,A,Annual,HPI_YDH,Price to income ratio,IX,Index,2019,,98.8543929403242,,A,Normal value,0,Units,S,"Seasonally adjusted, not calendar adjusted",1,One,2015,
DATAFLOW,OECD.ECO.MPD:DSD_AN_HOUSE_PRICES@DF_HOUSE_PRICES(1.0),Analytical house prices indicators,I,HRV,Croatia,A,Annual,HPI_YDH,Price to income ratio,IX,Index,2020,,103.993512442078,,A,Normal value,0,Units,S,"Seasonally adjusted, not calendar adjusted",1,One,2015,
DATAFLOW,OECD.ECO.MPD:DSD_AN_HOUSE_PRICES@DF_HOUSE_PRICES(1.0),Analytical house prices indicators,I,SVK,Slovak Republic,A,Annual,HPI_YDH,Price to income ratio,IX,Index,2005,,102.855792206572,,A,Normal value,0,Units,S,"Seasonally adjusted, not calendar adjusted",1,One,2015,
DATAFLOW,OECD.ECO.MPD:DSD_AN_HOUSE_PRICES@DF_HOUSE_PRICES(1.0),Analytical house prices indicators,I,SVK,Slovak Republic,A,Annual,HPI_YDH,Price to income ratio,IX,Index,2006,,109.732703630059,,A,Normal value,0,Units,S,"Seasonally adjusted, not calendar adjusted",1,One,2015,
DATAFLOW,OECD.ECO.MPD:DSD_AN_HOUSE_PRICES@DF_HOUSE_PRICES(1.0),Analytical house prices indicators,I,SVK,Slovak Republic,A,Annual,HPI_YDH,Price to income ratio,IX,Index,2007,,126.705012107331,,A,Normal value,0,Units,S,"Seasonally adjusted, not calendar adjusted",1,One,2015,
DATAFLOW,OECD.ECO.MPD:DSD_AN_HOUSE_PRICES@DF_HOUSE_PRICES(1.0),Analytical house prices indicators,I,SVK,Slovak Republic,A,Annual,HPI_YDH,Price to income ratio,IX,Index,2008,,134.857434963122,,A,Normal value,0,Units,S,"Seasonally adjusted, not calendar adjusted",1,One,2015,
DATAFLOW,OECD.ECO.MPD:DSD_AN_HOUSE_PRICES@DF_HOUSE_PRICES(1.0),Analytical house prices indicators,I,SVK,Slovak Republic,A,Annual,HPI_YDH,Price to income ratio,IX,Index,2009,,115.87604683438,,A,Normal value,0,Units,S,"Seasonally adjusted, not calendar adjusted",1,One,2015,
DATAFLOW,OECD.ECO.MPD:DSD_AN_HOUSE_PRICES@DF_HOUSE_PRICES(1.0),Analytical house prices indicators,I,SVK,Slovak Republic,A,Annual,HPI_YDH,Price to income ratio,IX,Index,2010,,107.923827636965,,A,Normal value,0,Units,S,"Seasonally adjusted, not calendar adjusted",1,One,2015,
DATAFLOW,OECD.ECO.MPD:DSD_AN_HOUSE_PRICES@DF_HOUSE_PRICES(1.0),Analytical house prices indicators,I,SVK,Slovak Republic,A,Annual,HPI_YDH,Price to income ratio,IX,Index,2011,,105.551984301572,,A,Normal value,0,Units,S,"Seasonally adjusted, not calendar adjusted",1,One,2015,
DATAFLOW,OECD.ECO.MPD:DSD_AN_HOUSE_PRICES@DF_HOUSE_PRICES(1.0),Analytical house prices indicators,I,SVK,Slovak Republic,A,Annual,HPI_YDH,Price to income ratio,IX,Index,2012,,100.053959493812,,A,Normal value,0,Units,S,"Seasonally adjusted, not calendar adjusted",1,One,2015,
DATAFLOW,OECD.ECO.MPD:DSD_AN_HOUSE_PRICES@DF_HOUSE_PRICES(1.0),Analytical house prices indicators,I,SVK,Slovak Republic,A,Annual,HPI_YDH,Price to income ratio,IX,Index,2013,,100.721746840784,,A,Normal value,0,Units,S,"Seasonally adjusted, not calendar adjusted",1,One,2015,
DATAFLOW,OECD.ECO.MPD:DSD_AN_HOUSE_PRICES@DF_HOUSE_PRICES(1.0),Analytical house prices indicators,I,SVK,Slovak Republic,A,Annual,HPI_YDH,Price to income ratio,IX,Index,2014,,99.9274281911187,,A,Normal value,0,Units,S,"Seasonally adjusted, not calendar adjusted",1,One,2015,
DATAFLOW,OECD.ECO.MPD:DSD_AN_HOUSE_PRICES@DF_HOUSE_PRICES(1.0),Analytical house prices indicators,I,SVK,Slovak Republic,A,Annual,HPI_YDH,Price to income ratio,IX,Index,2015,,100,,A,Normal value,0,Units,S,"Seasonally adjusted, not calendar adjusted",1,One,2015,
DATAFLOW,OECD.ECO.MPD:DSD_AN_HOUSE_PRICES@DF_HOUSE_PRICES(1.0),Analytical house prices indicators,I,SVK,Slovak Republic,A,Annual,HPI_YDH,Price to income ratio,IX,Index,2016,,103.534740186258,,A,Normal value,0,Units,S,"Seasonally adjusted, not calendar adjusted",1,One,2015,
DATAFLOW,OECD.ECO.MPD:DSD_AN_HOUSE_PRICES@DF_HOUSE_PRICES(1.0),Analytical house prices indicators,I,SVK,Slovak Republic,A,Annual,HPI_YDH,Price to income ratio,IX,Index,2017,,104.601084544296,,A,Normal value,0,Units,S,"Seasonally adjusted, not calendar adjusted",1,One,2015,
DATAFLOW,OECD.ECO.MPD:DSD_AN_HOUSE_PRICES@DF_HOUSE_PRICES(1.0),Analytical house prices indicators,I,SVK,Slovak Republic,A,Annual,HPI_YDH,Price to income ratio,IX,Index,2018,,102.836483607679,,A,Normal value,0,Units,S,"Seasonally adjusted, not calendar adjusted",1,One,2015,
DATAFLOW,OECD.ECO.MPD:DSD_AN_HOUSE_PRICES@DF_HOUSE_PRICES(1.0),Analytical house prices indicators,I,SVK,Slovak Republic,A,Annual,HPI_YDH,Price to income ratio,IX,Index,2019,,107.339000778819,,A,Normal value,0,Units,S,"Seasonally adjusted, not calendar adjusted",1,One,2015,
DATAFLOW,OECD.ECO.MPD:DSD_AN_HOUSE_PRICES@DF_HOUSE_PRICES(1.0),Analytical house prices indicators,I,SVK,Slovak Republic,A,Annual,HPI_YDH,Price to income ratio,IX,Index,2020,,114.82675506606,,A,Normal value,0,Units,S,"Seasonally adjusted, not calendar adjusted",1,One,2015,
