Year,Country,ISO_Country,Black_Carbon_Consumption,GHG_Consumption,Biodiversity_Impact_Comnsumption,Nox_Consumption,PM10_Consumption,PM2.5_Consumption,Sox_Consumption,Stress_Water_Consumption,Tot_Water_Consumption,LAC_Cluster,SSA_CLuster,World_CLuster,EAP_CLuster,Population
2003,New Zealand,NZL,1.61726628051818e-06,1.81455700097256e-02,7.54646123018887e-11,4.92559774555505e-05,1.12926849158068e-05,3.8422940819519e-06,2.41891656493161e-05,2.57754798874466e-03,2.61765615323612e-05,,,World_5,EAP_1,4027200
2002,Haiti,HTI,4.35845440266535e-07,2.61873394767004e-03,5.61931323770606e-11,3.47783590172562e-06,5.9950801305608e-06,2.56447911540776e-06,1.57343001308347e-06,7.23281300193767e-04,1.09954032053285e-05,LACC_3,,World_1,,8607641
2019,Philippines,PHL,2.77238808767535e-07,3.66043597846248e-03,2.4201498056929e-11,6.40093742788232e-06,3.63688219755879e-06,1.42490251913831e-06,5.55446636222343e-06,5.85871307033096e-04,9.72111931504057e-06,,,World_8,EAP_5,1.108047e+08
2017,Malta,MLT,7.83137861861442e-07,1.38844252404183e-02,9.31007992763314e-12,2.74262243012466e-05,8.43311676447768e-06,1.36376898549061e-06,2.59113708871444e-05,4.52632932618659e-03,3.8729812968041e-05,,,World_5,,467999
2016,Ghana,GHA,3.50541800850391e-07,2.3207012770801e-03,9.54138323627762e-12,4.4615472244978e-06,4.67244020252336e-06,1.21548032960061e-06,3.05633897306947e-06,7.02211907878309e-04,6.19149765167102e-06,,SSA_3,World_8,,2.935674e+07
2019,Germany,DEU,6.69377677742314e-07,0.01576455965187,8.73362530599117e-12,2.43112455206623e-05,7.14728677167037e-06,1.85954480339564e-06,1.41897502091649e-05,3.28342153140409e-03,3.23333404713486e-05,,,World_5,,8.309296e+07
2015,Lebanon,LBN,3.86942164503397e-07,7.9894924097486e-03,1.29320208268915e-11,3.39995422919363e-05,4.76697994132837e-06,9.78736792196921e-07,3.93810822352479e-05,8.096634041778e-03,7.12191420214705e-05,,,World_3,,6472469
2012,Germany,DEU,7.69350853923748e-07,1.71366957708431e-02,1.00819404537251e-11,2.82781070711445e-05,7.72525111589309e-06,1.90789668832608e-06,1.78155755369753e-05,3.32287305365617e-03,3.44432354921813e-05,,,World_5,,8.042582e+07
2003,Austria,AUT,1.20019952571631e-06,1.97134421966249e-02,1.21662901844083e-11,5.17616750084317e-05,9.18999192932842e-06,2.13795539272373e-06,2.93665833932669e-05,2.58521961341458e-03,2.54612236978691e-05,,,World_5,,8121423
2004,Luxembourg,LUX,2.48532585815759e-06,4.50055879171951e-02,3.4352140801239e-11,9.70718169338096e-05,2.17697416740119e-05,7.30381635450396e-06,4.88720437702708e-05,6.62327883427363e-03,6.48053563313909e-05,,,World_5,,458095
2009,Costa Rica,CRI,7.46548122431657e-07,4.94331212167594e-03,6.64748141443467e-11,1.3443712768791e-05,5.284564805823e-06,2.36752825675646e-06,6.92687495092641e-06,3.50403178043609e-03,2.50355437768692e-05,LACC_1,,World_5,,4499791
2010,Burundi,BDI,6.14156445688096e-07,1.81017447008807e-03,5.5913644928394e-12,1.09654791785382e-06,1.07904785630488e-05,4.49258358969606e-06,6.71411569180565e-07,1.81583195295935e-03,3.93538045794028e-06,,SSA_1,World_4,,9376444
2008,Lithuania,LTU,9.07988764342391e-07,1.25515716975119e-02,5.47785273375963e-12,2.44542640527958e-05,1.11592643456803e-05,4.30822990638619e-06,1.68933574245889e-05,3.69127421176175e-03,4.86225117090376e-05,,,World_5,,3198231
2007,North Korea,PRK,3.26376386969744e-07,3.82440583215834e-03,1.20818327964852e-12,7.58204381185865e-06,7.28447619002922e-06,6.45541814130442e-07,1.98990235842138e-05,1.99435736012191e-04,8.71397298588215e-06,,,World_6,EAP_3,2.464638e+07
2009,Liberia,LBR,1.13753562082282e-06,3.0640254476987e-03,4.03548148432565e-11,2.67939623213272e-06,1.84811182556677e-05,8.11369034724963e-06,1.58308167290779e-06,7.81038346028113e-05,1.14080338425221e-06,,SSA_2,World_7,,3943028
2013,Croatia,HRV,8.24694513166525e-07,8.78739616259551e-03,9.4335669865733e-12,1.46927982248704e-05,1.16512108711764e-05,4.74995961346133e-06,1.64145309530187e-05,1.37436148565596e-03,1.16787816229976e-05,,,World_5,,4233922
2013,Guinea,GIN,8.11832505985691e-07,3.59990858796932e-03,1.67428591292141e-11,3.28406145868547e-06,1.32799318224453e-05,5.55391225455111e-06,2.03256701837668e-06,7.17660613747049e-04,4.4940787357426e-06,,SSA_1,World_4,,1.119187e+07
2002,Egypt,EGY,1.62789648458037e-07,2.80578550179354e-03,2.33932200677441e-12,3.95358748354924e-06,1.56193085545728e-06,5.36907417307851e-07,4.91728797475204e-06,6.16843632285071e-02,6.88941206209369e-04,,,World_6,,7.623914e+07
2020,Angola,AGO,3.55492709126089e-07,2.32014795386333e-03,1.52219847681895e-11,3.17265685840904e-06,4.7866934775294e-06,2.34338338069411e-06,1.88161547910719e-06,3.12501110831888e-04,3.31389103999706e-06,,SSA_1,World_4,,3.345113e+07
2005,Chad,TCD,4.5797883949506e-07,3.99663919041106e-03,6.5723513018097e-12,1.57620453107287e-06,7.10110594656744e-06,3.09567809682981e-06,9.22196381180933e-07,6.72117027655957e-04,4.54810969378362e-06,,SSA_1,World_4,,1.032809e+07
2008,Japan,JPN,7.95222489090604e-07,1.5274774610101e-02,1.30891910134439e-11,3.34173755096445e-05,7.46554672307327e-06,1.60963641087747e-06,2.1657556608828e-05,3.07691410983554e-03,3.14964549396971e-05,,,World_5,EAP_1,1.28063e+08
2004,Bangladesh,BGD,1.93347846922369e-07,1.62792698248593e-03,2.74209508930316e-12,1.66234166288659e-06,2.65934799983951e-06,1.35927510884366e-06,9.78770644847526e-07,1.46709595544047e-03,1.65709470236588e-05,,,World_1,,1.429028e+08
2020,Lithuania,LTU,8.4542647317198e-07,1.22504614838825e-02,5.65736942800105e-12,1.91016492713926e-05,1.14085447712147e-05,4.84649168085048e-06,1.38431414969005e-05,2.19476622645928e-03,2.17682680976781e-05,,,World_5,,2794885
2011,Jordan,JOR,2.59023001554923e-07,5.76026099785308e-03,4.23745150439085e-12,1.31969378403283e-05,2.47684341157648e-06,5.15467722511816e-07,2.03495990658255e-05,6.13557897299589e-03,7.7397464446562e-05,,,World_3,,7480424
2014,Yugoslavia/Serbia (1991/1992),SRB,2.02185801907514e-07,1.90033389873877e-03,8.15290069481419e-12,7.37018349282045e-06,1.55266577517029e-06,4.13641619560333e-07,3.23128644417922e-06,1.30517030603423e-03,9.29311764891657e-06,,,World_2,,7131787
2019,Belarus,BLR,2.9982525417359e-07,9.54865988745767e-03,3.71607099093495e-12,1.18791715445028e-05,4.55855289839475e-06,1.61771945450966e-06,7.60511515151751e-06,1.16204512297041e-03,1.11686896522335e-05,,,World_3,,9419758
2014,Estonia,EST,1.16674135634279e-06,2.15165518797104e-02,7.45215264750012e-12,4.80760519657239e-05,1.4914196467869e-05,6.37801977558866e-06,7.06102287895333e-05,1.85374109189002e-03,2.39621009983096e-05,,,World_5,,1314545
2021,Philippines,PHL,2.65750646244911e-07,3.5281648444539e-03,2.3898382363482e-11,6.08619559622893e-06,3.42793634604421e-06,1.41956964752835e-06,5.25224908953521e-06,,,,,World_8,EAP_5,1.13101e+08
2019,Madagascar,MDG,4.68226098633667e-07,2.09967906546905e-03,2.39893291596434e-10,1.68500390537559e-06,7.03400661101671e-06,2.76731164724975e-06,1.32286632396906e-06,7.2801476332918e-04,9.01034347095496e-06,,SSA_2,World_7,,2.821955e+07
2009,Cameroon,CMR,4.94718103419144e-07,2.57376889633215e-03,1.82302570366193e-11,2.90104615979082e-06,7.35441273697442e-06,3.34865174324144e-06,1.74443677342025e-06,5.12343194241856e-04,6.12853789779703e-06,,SSA_2,World_7,,1.911397e+07
2016,Togo,TGO,5.82231461714223e-07,2.01432079678181e-03,5.0021088984802e-12,2.88301967807345e-06,9.51540276337123e-06,2.79423351821988e-06,1.07600063413132e-06,2.84771838695249e-04,3.48293774339404e-06,,SSA_2,World_7,,7858289
2013,Armenia,ARM,1.14491615470672e-07,4.69240546144977e-03,1.35918588988068e-11,7.62183233233604e-06,1.58338402481726e-06,4.78501665413577e-07,3.55796549646277e-06,7.43107322272631e-03,8.18528270822144e-05,,,World_2,,3022000
2002,Cambodia,KHM,5.84168443130131e-07,3.2711919945996e-03,1.87287710573232e-11,3.43004234454007e-06,7.59785565817024e-06,4.22642819034703e-06,1.99212109434193e-06,3.29095214245132e-04,3.46445261902059e-06,,,World_1,EAP_2,1.285524e+07
2021,Croatia,HRV,8.33709380365805e-07,9.76886269153321e-03,7.17506876256744e-12,1.37018689711405e-05,1.26192121799491e-05,5.13324090022233e-06,1.78042909555502e-05,,,,,World_5,,3878981
2019,Libya,LBY,5.36508359475925e-07,1.50386301633941e-02,1.02438537700835e-11,3.18371848659719e-05,5.35800823127814e-06,1.18255201855159e-06,2.1295675237997e-05,1.40020620876701e-02,2.79165010627138e-04,,,World_6,,6951033
2009,Laos,LAO,7.05603071221057e-07,4.14421707158007e-03,2.40860106403156e-11,3.6539296457793e-06,1.03842616009704e-05,5.50438552019225e-06,2.16357974794461e-06,3.45063196273782e-04,4.94740119770998e-06,,,World_1,EAP_2,6241642
2020,New Zealand,NZL,1.26228558955069e-06,1.77568783967219e-02,5.97487163767162e-11,3.34680377518756e-05,9.94627116292717e-06,3.23869408326582e-06,1.75870182557915e-05,4.19548623151379e-03,3.58982999179266e-05,,,World_5,EAP_1,5090200
2004,Namibia,NAM,7.47973359510736e-07,6.79755473449175e-03,3.48675687339515e-10,1.62232749784775e-05,9.28090061609639e-06,2.19589581940216e-06,1.69224968462492e-05,9.08403889029011e-04,8.6599424247469e-06,,SSA_3,World_8,,1942082
2008,Dominican Republic,DOM,5.35808924936361e-07,4.94410837903803e-03,6.73916592507307e-11,1.68614018857058e-05,5.83713748404586e-06,1.87564507299676e-06,1.5811896401167e-05,2.51608605877257e-03,5.58722736808151e-05,LACC_2,,World_9,,9573130
2003,Dominican Republic,DOM,4.93678677078489e-07,3.79824025348861e-03,4.19527171776179e-11,1.57015164636416e-05,4.71169148227571e-06,1.75585960478849e-06,1.37363318635052e-05,1.21096137072862e-03,2.01340881395356e-05,LACC_2,,World_9,,8980620
2004,Nepal,NPL,6.72121807082098e-07,2.92525945132585e-03,7.48395031695645e-12,1.90387170095099e-06,9.55418620890114e-06,4.91910488626228e-06,1.22719422635713e-06,7.95806992460784e-04,7.96612511725746e-06,,,World_7,,2.601666e+07
2003,Mauritania,MRT,5.00542063891014e-07,4.77854128788785e-03,1.78201385254522e-11,5.83323947562974e-06,6.59393863941698e-06,2.83441719338139e-06,2.88318764998063e-06,7.42269962183797e-03,2.36451281646566e-05,,SSA_4,World_1,,2802046
2013,Costa Rica,CRI,7.21839587845283e-07,5.31443299639261e-03,5.88856837649537e-11,1.43633433096674e-05,5.15204493437611e-06,2.24360781871606e-06,8.97262820383468e-06,3.32122199780094e-03,2.32213346850452e-05,LACC_1,,World_5,,4716147
2005,Uzbekistan,UZB,2.985468526025e-08,4.42531431658749e-03,2.65471042273811e-12,4.6690930725227e-06,5.33055461285688e-07,6.42093529749847e-08,2.36371766413184e-06,5.96676895800649e-03,1.90673729248168e-04,,,World_6,,2.635698e+07
2015,Zambia,ZMB,9.64606809335183e-07,3.2198534861079e-03,1.03216766265009e-11,4.1397685383753e-06,1.23357730816961e-05,5.31830815540375e-06,5.78539875348437e-06,3.03007382845813e-04,3.4696325377493e-06,,SSA_2,World_7,,1.639909e+07
2015,Nicaragua,NIC,4.70898708543573e-07,4.06888658249543e-03,5.30847332112644e-11,9.02016559686865e-06,6.69282087269933e-06,3.06936162585079e-06,8.74785563327632e-06,5.64557242053949e-04,4.24585392711872e-06,LACC_2,,World_9,,6149417
2006,Sierra Leone,SLE,6.83404032922679e-07,2.21929034988676e-03,2.53958703162734e-11,1.7115344142746e-06,1.0857920962531e-05,4.54989237750899e-06,8.57739504251605e-07,3.01985477597982e-04,4.80013344148422e-06,,SSA_2,World_7,,5624466
2012,Angola,AGO,4.75533258748336e-07,4.11369099675149e-03,2.13516508490792e-11,5.09015567833069e-06,6.44716447599072e-06,2.7502211772051e-06,4.868131157373e-06,1.84940357811459e-03,1.83668196639567e-05,,SSA_1,World_4,,2.517739e+07
2009,Sierra Leone,SLE,6.31192154450861e-07,2.1419016679944e-03,2.22357944298025e-11,1.71012398589231e-06,9.99040672271981e-06,4.29701727993433e-06,9.04453749348182e-07,2.42863642420956e-04,4.07909953948167e-06,,SSA_2,World_7,,6055646
2007,Macedonia,MKD,3.74215576502917e-07,6.64101731122716e-03,9.28150013926578e-12,1.16546074657681e-05,6.49044068268988e-06,1.77686756502269e-06,3.10754585865658e-05,1.08863773621733e-02,5.97663595013795e-05,,,World_2,,1982933
2010,Poland,POL,6.41523878358426e-07,1.18901891347416e-02,3.99328345112709e-12,1.72481836444056e-05,9.33455335653587e-06,2.21262227669812e-06,2.21385897469673e-05,1.13515992564566e-03,1.78847049388105e-05,,,World_5,,3.804279e+07
2017,Togo,TGO,5.67274562076231e-07,1.90781903977277e-03,4.84191495337872e-12,2.84622232365207e-06,9.17843168545189e-06,2.81913268092762e-06,8.98638966115634e-07,3.05124626255583e-04,3.67138072748139e-06,,SSA_2,World_7,,8057140
2018,Libya,LBY,5.54703657210138e-07,1.43221063194129e-02,1.2011821059291e-11,3.31030252315071e-05,5.0758592550017e-06,1.03888462165835e-06,1.67906894798024e-05,1.53251999643108e-02,2.93573208770106e-04,,,World_6,,6849055
2002,Burundi,BDI,7.24947061963727e-07,2.02025743505064e-03,8.14456669473047e-12,1.28818219526371e-06,1.23012890312869e-05,5.32545629043346e-06,7.07211787741553e-07,1.93084849861285e-03,4.39552018147114e-06,,SSA_1,World_4,,6824132
2008,Sweden,SWE,1.09695831742206e-06,1.83625661069743e-02,8.04651958818344e-12,3.91873663401258e-05,9.87137453202995e-06,2.6248961478904e-06,2.67221748013807e-05,3.22236465485845e-03,3.39833674519296e-05,,,World_5,,9219637
2007,Mauritania,MRT,5.61069553346018e-07,4.83578666322902e-03,1.70999970165149e-11,6.12792989268727e-06,7.41880728771443e-06,3.02908940027088e-06,3.22780758562938e-06,7.77714573091024e-03,2.9426925108311e-05,,SSA_4,World_1,,3093059
2014,Somalia,SOM,8.11959533925657e-07,3.54109265689788e-03,3.59822290318738e-11,1.67495523613189e-06,1.26093730336094e-05,5.19844279039536e-06,6.90442628229447e-07,6.30430594715858e-04,4.11885448688227e-06,,SSA_1,World_4,,1.333949e+07
2005,South Korea,KOR,7.67019673573595e-07,1.56999847204643e-02,1.1977726326093e-11,3.0409414106723e-05,8.42216082824027e-06,1.4789846151708e-06,2.90998761227269e-05,3.80465414219343e-03,4.30405294395481e-05,,,World_5,EAP_1,4.818456e+07
2006,Qatar,QAT,3.23050382204291e-06,8.71698753461179e-02,6.31467087441573e-11,1.24229414974677e-04,3.21090128948736e-05,7.20194156251074e-06,8.07024634077451e-05,5.4677887005017e-02,1.14878667376994e-03,,,World_6,,972831
2016,Sierra Leone,SLE,6.3859505467665e-07,2.3177579238651e-03,1.94917844201724e-11,2.04818577595428e-06,1.03143487484518e-05,4.0476409466886e-06,1.18900194700417e-06,3.3185312635485e-04,6.95699354491843e-06,,SSA_2,World_7,,7205328
2011,South Africa,ZAF,6.48371230718306e-07,8.75773612951642e-03,6.41033153030014e-11,2.48081440095849e-05,9.42672962520563e-06,2.15911751475445e-06,3.52410050354693e-05,1.94165263528337e-03,3.11951680304786e-05,,SSA_3,World_8,,5.29952e+07
2011,Denmark,DNK,1.3933079425586e-06,1.98011332284584e-02,1.11341670871444e-11,4.43821919891801e-05,1.26361441106543e-05,3.64688480850622e-06,2.6233093095131e-05,3.51227687384315e-03,3.52103559862029e-05,,,World_5,,5570572
2005,Ethiopia/DR Ethiopia (1992/1993),ETH,7.54029409546761e-07,2.57454960067566e-03,9.20539130461478e-12,1.51666043207332e-06,1.08929016704516e-05,5.50052236459887e-06,8.80792120303283e-07,3.73707473366349e-04,2.30679853536368e-06,,SSA_1,World_4,,7.836747e+07
2019,Syria,SYR,5.47977358381832e-08,2.54702030074424e-03,9.24036984211499e-12,3.3857402385046e-06,5.95180157263063e-07,2.35271922874427e-07,7.29504032110394e-06,1.32170070088013e-02,1.47606238798108e-04,,,World_6,,2.035353e+07
2003,Burkina Faso,BFA,3.54972461491944e-07,1.61019269848397e-03,2.86458528958959e-12,1.49183619043609e-06,5.28036176637308e-06,2.32196739808787e-06,8.34858129608687e-07,4.0707487435783e-04,3.86493160885053e-06,,SSA_2,World_7,,1.308253e+07
2012,Benin,BEN,4.79788566373793e-07,1.91002477090261e-03,1.93566197946386e-12,4.19101241583676e-06,7.07565112670791e-06,2.23007079020102e-06,1.27620497717669e-06,2.45040051725949e-04,2.01110801550719e-06,,SSA_2,World_7,,1.039766e+07
2015,Ukraine,UKR,1.50327180579071e-07,4.85513200654006e-03,4.32176365153609e-12,7.39742246254518e-06,2.35671330837602e-06,8.03711265434874e-07,1.0682117946106e-05,1.04228850730815e-03,9.4007415043809e-06,,,World_2,,4.57849e+07
2004,Italy,ITA,9.22234227475761e-07,1.56188684844029e-02,2.1727799951052e-11,3.68817375238142e-05,8.15479254303645e-06,2.03620067378083e-06,2.3609269961481e-05,6.87473933075308e-03,6.29424132232787e-05,,,World_5,,5.768533e+07
2003,Portugal,PRT,8.31393820588962e-07,1.28903537212219e-02,2.37592713329528e-11,3.0477577745156e-05,8.05972314719066e-06,3.31812937780237e-06,2.00205238652364e-05,1.22071697209364e-02,5.6716993230647e-05,,,World_5,,1.045882e+07
2003,Iraq,IRQ,3.35007523893661e-07,3.91546406655328e-03,9.81579373540156e-12,1.39560780555892e-05,2.06555153525872e-06,4.2982387512229e-07,1.23863526264702e-05,8.33031177145052e-03,1.00611274826045e-04,,,World_6,,2.680266e+07
2010,Latvia,LVA,9.4925343724187e-07,1.08672489753065e-02,3.99929955178112e-12,1.89989854376148e-05,1.33787792963072e-05,6.01021962494771e-06,1.22989046126921e-05,1.83108045942208e-03,2.15866212442455e-05,,,World_5,,2097555
2008,Bangladesh,BGD,1.94929247284962e-07,1.76673203901926e-03,2.64729148000632e-12,2.14230671235156e-06,2.7183860314515e-06,1.35595339481777e-06,1.01988000865755e-06,7.69836990222324e-04,1.04505698340969e-05,,,World_1,,1.494743e+08
2003,Liberia,LBR,1.03880524819744e-06,2.74022396556027e-03,4.7460412824918e-11,2.06317992357524e-06,1.63866889655e-05,7.67454093607814e-06,1.26447080223401e-06,3.57217109343953e-05,3.57105552876633e-07,,SSA_2,World_7,,3119532
2007,Albania,ALB,3.89984587674727e-07,4.61873798961568e-03,1.65727285948271e-11,9.57338657933753e-06,4.34553382688873e-06,1.54289035575255e-06,6.37041840633535e-06,3.24284256617163e-03,2.23101235342729e-05,,,World_2,,2970017
2010,Austria,AUT,1.07225986589141e-06,1.81736690567472e-02,1.25770885076121e-11,4.00854525257161e-05,8.60496900556492e-06,2.0432385332853e-06,2.12070806205538e-05,2.77510582383242e-03,2.9629191376501e-05,,,World_5,,8363404
2016,Tajikistan,TJK,1.09123499934622e-07,2.36001139529793e-03,4.96902098907609e-12,3.48699154691311e-06,1.73474757311319e-06,1.41383717403594e-07,3.82152868919977e-06,4.77363693484664e-03,7.48764617650949e-05,,,World_6,,8865631
2019,Dominican Republic,DOM,4.75893208907417e-07,5.04625192864649e-03,5.73405382507379e-11,1.55786461300847e-05,5.67620422906149e-06,1.84038152642332e-06,1.26406821839709e-05,2.09385030744406e-03,4.43178693237172e-05,LACC_2,,World_9,,1.089404e+07
2003,Iran,IRN,3.99785730424026e-07,8.01203580310402e-03,1.09402643163808e-11,1.68680787001064e-05,2.59741299178492e-06,5.17604061429871e-07,1.34747950399046e-05,2.42553140594837e-02,2.77684321879329e-04,,,World_6,,6.876934e+07
2020,France,FRA,6.59855865417681e-07,9.96700704622804e-03,8.17781390514215e-12,2.19758079806674e-05,6.91692057820416e-06,2.2882508675623e-06,1.0189531380292e-05,2.7334224664027e-03,2.10751479677831e-05,,,World_5,,6.760111e+07
2006,Belgium,BEL,1.26725701815435e-06,2.13209625366595e-02,1.72794614092824e-11,4.64298175756527e-05,1.1269657108234e-05,3.1918513479955e-06,2.6064360943835e-05,5.95946735032908e-03,6.42956838286349e-05,,,World_5,,1.054796e+07
2010,Norway,NOR,1.45838991704177e-06,0.02006388049515,9.893201785226e-12,5.52790663995945e-05,1.40695158214104e-05,4.47159392147629e-06,2.9463569658675e-05,3.76881519247777e-03,3.7633166966148e-05,,,World_5,,4889252
2015,Myanmar,MMR,5.21927380943815e-07,3.57451475423801e-03,1.57367863038781e-11,2.91372115638694e-06,7.89996762341892e-06,3.80006653372797e-06,1.86140296327067e-06,6.27070730726498e-04,1.49042538138596e-05,,,World_1,EAP_2,5.108906e+07
2003,Panama,PAN,4.27934773141544e-07,3.64141387894747e-03,1.25037226777923e-10,1.13594833707203e-05,4.21224014211919e-06,1.57134602675017e-06,9.11929588593391e-06,8.77607143752193e-04,5.43276850219408e-06,LACC_2,,World_2,,3189807
2006,Malta,MLT,9.22387301013938e-07,1.52336303388288e-02,1.26615006316727e-11,4.18121575059727e-05,9.47145251029207e-06,1.36676179542981e-06,4.56018981655048e-05,7.43237199457914e-03,7.17213141909405e-05,,,World_5,,405308
2018,Senegal,SEN,2.91024460893949e-07,2.28457701434282e-03,3.29225102389575e-12,5.06560497293037e-06,3.63634888263899e-06,1.25320829810754e-06,5.11877848741367e-06,5.1994645357011e-03,2.70463014273451e-05,,SSA_2,World_7,,1.59145e+07
2008,China,CHN,7.59714337112278e-07,7.17851648592381e-03,4.64164162478799e-12,1.36907120990798e-05,9.98407691847579e-06,1.79365187513228e-06,1.84186070797479e-05,4.68773887358149e-03,2.46939917431647e-05,,,World_6,EAP_3,1.324655e+09
2006,Zambia,ZMB,1.0412997799306e-06,2.87590711185882e-03,1.2554124360806e-11,2.91342529452376e-06,1.44276955174037e-05,5.58593619315603e-06,3.24257248510138e-06,2.47673381722077e-04,2.40808411406079e-06,,SSA_2,World_7,,1.212955e+07
2003,USSR/Russian Federation (1990/1991),RUS,2.53775421930189e-07,1.11786642707173e-02,2.6751210448987e-12,2.22447015467651e-05,3.29908412926836e-06,4.78064738901207e-07,1.71912866093906e-05,9.11126640731287e-04,1.00610637739899e-05,,,World_3,,1.446486e+08
2016,Kyrgyzstan,KGZ,1.00785533922459e-07,2.9137094789467e-03,1.4177885497685e-11,2.84411003217348e-06,1.79047370178929e-06,1.0484392551028e-07,5.75381679538189e-06,3.87318507186755e-03,5.49950949823092e-05,,,World_3,,6175338
2020,Mongolia,MNG,4.34775726747774e-07,1.37657032896115e-02,3.88247704664313e-11,1.41186822972455e-05,7.79898195322992e-06,5.34150405199327e-07,1.40414547492682e-05,1.39018489256028e-03,6.10848383034939e-06,,,World_8,EAP_5,3327204
2013,DR Congo,COD,4.7507583586119e-07,1.57795572794244e-03,1.14833644527129e-11,1.46598438548156e-06,6.5180605054254e-06,2.88349066650977e-06,8.59735905444162e-07,2.09171099439683e-04,1.173964097495e-06,,SSA_1,World_4,,7.578939e+07
2011,Haiti,HTI,8.02046803962374e-07,2.96653424013449e-03,5.2312281631807e-11,3.77742212764871e-06,1.1070275233608e-05,3.54483396604846e-06,2.31834473123874e-06,9.26616423308847e-04,1.84293272291979e-05,LACC_3,,World_1,,9914904
2006,"Cote d'Ivoire",CIV,4.03514219959175e-07,2.11766016912174e-03,1.65230391178942e-11,1.78860083954984e-06,6.8140249592046e-06,2.6471322168516e-06,1.1651990423433e-06,3.60865699057453e-03,4.79079965045138e-05,,SSA_2,World_7,,2.05468e+07
2002,Afghanistan,AFG,8.07321500921587e-08,1.28449147092616e-03,7.87912427562012e-12,1.19065391256949e-06,1.08043818625795e-06,4.56329891706743e-07,1.25416962539137e-06,1.08036116971179e-02,2.9613552375247e-04,,,World_1,,2.137812e+07
2003,North Korea,PRK,3.56685524223118e-07,4.09375411290917e-03,1.46906441359422e-12,8.41894059770792e-06,7.90403489489925e-06,6.63845152602641e-07,2.17130444761501e-05,3.43532493137884e-04,9.54727615612149e-06,,,World_6,EAP_3,2.409038e+07
2006,Tanzania,TZA,6.26222887595427e-07,2.68074337374855e-03,1.56545046938669e-11,2.0575962135057e-06,8.95791456161586e-06,4.21803170858538e-06,1.12368267263332e-06,6.89976790689723e-04,7.2278999143888e-06,,SSA_2,World_7,,4.02949e+07
2018,Lithuania,LTU,9.18177063331014e-07,1.31397884271483e-02,7.44262188258038e-12,2.42986245784906e-05,1.16858050139503e-05,4.76707074191105e-06,1.43605003125785e-05,4.1687805087974e-03,4.50024683380309e-05,,,World_5,,2801543
2019,Myanmar,MMR,5.09126951563068e-07,3.61262781747139e-03,1.49671557053413e-11,3.1105234199337e-06,7.72467197753955e-06,3.72645182350081e-06,2.29692943625162e-06,2.35705324816418e-04,3.48124254336556e-06,,,World_1,EAP_2,5.264071e+07
2014,India,IND,4.79498189960415e-07,2.96301222393393e-03,5.08706605655723e-12,6.03226298335511e-06,6.27828226978533e-06,2.19377359901457e-06,7.78479814695157e-06,4.92075516020264e-03,6.10130200455726e-05,,,World_7,,1.312277e+09
2019,France,FRA,6.84732195335952e-07,1.12987095085365e-02,9.17251061874295e-12,2.24370626326185e-05,7.10793202513207e-06,2.41399168369068e-06,1.09309181955982e-05,3.27239815316926e-03,2.67717932857168e-05,,,World_5,,6.738206e+07
2009,Israel,ISR,7.92227597092317e-07,1.50317868443283e-02,1.16814850273551e-11,4.04382918199736e-05,9.83217803341842e-06,1.8371845811156e-06,2.72788450312931e-05,7.52233869912537e-03,8.11303466288171e-05,,,World_5,,7485600
2015,Peru,PER,4.39459124543221e-07,4.36651389231689e-03,8.04154524627613e-11,9.80804029007312e-06,4.61816731859066e-06,1.69384085860718e-06,5.3230622061515e-06,1.56137840939066e-03,8.22735076238098e-06,LACC_2,,World_2,,3.04576e+07
2021,Liberia,LBR,1.14251377195655e-06,3.62970391535378e-03,3.1761372744939e-11,2.91169998783357e-06,1.87777218804891e-05,8.13137508936943e-06,1.73462020413817e-06,,,,SSA_2,World_7,,5259323
2008,Sri Lanka,LKA,5.85058887064966e-07,3.22185852849023e-03,2.55619310272472e-11,8.2732465784265e-06,6.69096403050591e-06,3.15385191029852e-06,6.96357401229572e-06,4.44798440471903e-03,1.32369492395493e-04,,,World_3,,2.062938e+07
2006,Liberia,LBR,1.13463223733953e-06,3.24603296914163e-03,4.31596209099524e-11,3.24499147016421e-06,1.81171557613646e-05,7.93716984120993e-06,2.32475858961189e-06,4.59642970966261e-04,5.43408346556438e-06,,SSA_2,World_7,,3490787
2005,New Zealand,NZL,1.73290531060318e-06,1.91939634056683e-02,6.92822530934587e-11,5.44217181372087e-05,1.21992405353545e-05,4.12301618684707e-06,2.67850698488127e-05,2.89416230437976e-03,2.94337910317122e-05,,,World_5,EAP_1,4133900
2013,Cameroon,CMR,4.81247248954046e-07,2.5504449068994e-03,1.64938897595924e-11,2.97012798626249e-06,7.04933291611259e-06,3.22071795255251e-06,1.57671169260997e-06,5.05332907589774e-04,4.95033489784116e-06,,SSA_2,World_7,,2.140238e+07
2003,Bulgaria,BGR,4.19944657718298e-07,7.98014535469573e-03,7.46789743944292e-12,1.86844513437467e-05,5.88536569760721e-06,1.72533550042147e-06,5.19535525825206e-05,1.49592046784266e-03,1.70956985947927e-05,,,World_2,,7775327
2010,Mongolia,MNG,5.21754344486077e-07,8.88986386328066e-03,4.30144676137912e-11,1.11326921498662e-05,7.74524448753402e-06,6.48430923396643e-07,1.38198083049024e-05,1.38843737642797e-03,7.98859175808385e-06,,,World_8,EAP_5,2738622
2020,Slovenia,SVN,8.32816251427427e-07,1.21081992782892e-02,7.9722614449447e-12,1.61938198236629e-05,1.14199066087063e-05,4.59356836475384e-06,1.29522909186774e-05,3.68422050797184e-03,3.70628620792906e-05,,,World_5,,2102419
2012,United States of America,USA,1.03145844250216e-06,2.2711707138864e-02,1.25022871733868e-11,4.36494117951595e-05,1.09055726271741e-05,2.82911528726844e-06,3.72224128683572e-05,5.13506963480246e-03,4.88335864419343e-05,,,World_5,,3.138777e+08
2010,Israel,ISR,8.40869643055135e-07,1.58399369713877e-02,1.17004459486124e-11,4.07644179702003e-05,1.04007956848981e-05,1.88250637824196e-06,2.96803966981606e-05,7.20500811126859e-03,7.22550288682467e-05,,,World_5,,7623600
2018,Moldova,MDA,7.4064250102692e-07,7.00300740113663e-03,2.49580328272611e-12,1.39235221827922e-05,1.02116426530069e-05,4.45485941364327e-06,7.8688655024081e-06,1.13692380241593e-03,1.30484236248298e-05,,,World_2,,2707203
2018,Iran,IRN,2.96435934819149e-07,9.78924417466689e-03,9.56037808127635e-12,1.72061425532495e-05,3.76435678645046e-06,1.04451159315059e-06,8.21874197365247e-06,1.82540759536709e-02,2.15114307542782e-04,,,World_6,,8.6118e+07
2013,Gabon,GAB,2.05794902616535e-06,1.55801668304076e-02,4.62526100323044e-11,1.76090501469702e-05,3.22145819762675e-05,1.54249587668247e-05,1.08011341154122e-05,1.65080705493695e-03,1.88428705619108e-05,,SSA_3,World_8,,1913059
2021,Cameroon,CMR,4.24863825842415e-07,2.37626111799203e-03,1.33700066464592e-11,2.32812607874533e-06,6.91708095168499e-06,3.0956872219808e-06,1.30815673664797e-06,,,,SSA_2,World_7,,2.691576e+07
2004,Philippines,PHL,3.22454003037464e-07,2.58062216773307e-03,2.77166892673733e-11,5.18951588431165e-06,3.96385502939034e-06,1.89598934561095e-06,4.81208731508423e-06,5.47651892746654e-04,1.14073858839715e-05,,,World_8,EAP_5,8.63945e+07
2004,Tunisia,TUN,4.94363571291325e-07,4.11214431527753e-03,1.04540709338637e-11,7.50286505747696e-06,4.97371267322663e-06,1.73365924929767e-06,5.44243827614623e-06,9.59236739311472e-03,1.08345738027339e-04,,,World_3,,1.016616e+07
2021,Sweden,SWE,8.88737826833992e-07,1.42786173621069e-02,5.6698964383137e-12,2.84834959636496e-05,8.21355346029301e-06,2.49971671461894e-06,1.88896316301571e-05,,,,,World_5,,1.041581e+07
2002,Kazakhstan,KAZ,2.71593346243203e-07,9.61140485644655e-03,1.16879091539273e-11,2.38437589584409e-05,2.82298737261186e-06,6.81359528286232e-07,3.39947180709258e-05,5.48665925088115e-03,8.57296982823961e-05,,,World_3,,1.565668e+07
2021,France,FRA,6.85851525267041e-07,1.06138884801228e-02,7.78560257295454e-12,2.27545525205913e-05,7.22574249207456e-06,2.37540154035716e-06,1.05971386973407e-05,,,,,World_5,,6.784281e+07
2005,Nicaragua,NIC,5.21086509085748e-07,3.62274458564775e-03,7.95973099620339e-11,9.6478942655875e-06,6.99687798339097e-06,3.22244545060176e-06,8.87739620244492e-06,1.17615642526638e-03,9.13754056427026e-06,LACC_2,,World_9,,5342105
2005,Papua New Guinea,PNG,4.21612383814817e-07,2.32316958025813e-03,2.2770695723729e-10,3.98526582049282e-06,6.2806582892015e-06,2.88659966211743e-06,3.44102309122663e-06,3.84847572377158e-04,4.21506420622925e-06,,,World_7,EAP_6,6535905
2015,Afghanistan,AFG,6.45139639046143e-08,1.13448325190874e-03,5.07370568654842e-12,1.34184069845193e-06,8.45747817023387e-07,3.42327147700584e-07,1.66623254766417e-06,4.57824086000228e-03,1.22616750682211e-04,,,World_1,,3.383176e+07
2009,Canada,CAN,1.27641588532389e-06,2.4655436739145e-02,8.67142146622017e-12,5.33977376047467e-05,1.27220840046901e-05,4.0551988826394e-06,3.36402587314691e-05,3.29820536204051e-03,3.01754351799741e-05,,,World_5,,3.363007e+07
2015,Georgia,GEO,4.18968150228818e-07,5.35328521509789e-03,1.16431151336294e-11,1.14646535328304e-05,5.62005139274835e-06,2.06467031459636e-06,5.36215368955562e-06,5.08184913959291e-03,1.05040617603884e-04,,,World_2,,3725276
2020,Sudan/North Sudan (2010/2011),SDN,5.06274065576926e-07,3.65968880390717e-03,2.04702909870048e-12,5.50198879797965e-06,7.08908759197768e-06,2.55540337893926e-06,2.66463470853864e-06,7.09697084493005e-03,1.88752759822922e-04,,SSA_4,World_1,,4.678923e+07
2004,El Salvador,SLV,4.73574653087381e-07,3.98753775387381e-03,2.69168272239037e-11,1.88576170216578e-05,4.54422670854873e-06,2.08413935812052e-06,1.2284489624629e-05,8.18143380992607e-04,8.35369286345325e-06,LACC_2,,World_9,,6004671
2003,Rep Congo,COG,4.19548838510616e-07,3.63864055070726e-03,6.74137041526314e-11,2.63051152642784e-06,5.79677584371248e-06,1.75785974000535e-06,1.71128423195957e-06,6.39891093325125e-04,7.07220113148235e-06,,SSA_4,World_1,,3445753
2012,Bosnia and Herzegovina,BIH,4.51212969416059e-07,7.1087070893563e-03,6.88511330065927e-12,1.43306570440138e-05,6.16294518234256e-06,1.05027215767237e-06,3.25372525281805e-05,6.13171451009386e-04,1.04738315244615e-05,,,World_2,,3670113
2012,Portugal,PRT,4.8707127703618e-07,9.18545304912398e-03,1.76990805178884e-11,1.50992685601953e-05,5.64592258824584e-06,2.37427062730102e-06,9.86939778387326e-06,7.6748408156092e-03,3.67363489021897e-05,,,World_5,,1.051484e+07
2015,Thailand,THA,5.56941271591114e-07,7.13484217820842e-03,8.51795218327362e-12,1.00727291258448e-05,7.12492831553079e-06,2.62801854764666e-06,8.23444668211495e-06,1.05719502505827e-03,2.3929521146842e-05,,,World_9,EAP_4,7.054079e+07
2014,Senegal,SEN,3.25423906399052e-07,2.18029090753321e-03,3.85307735798129e-12,4.56836291881041e-06,4.14767134417893e-06,1.38103257514035e-06,4.58247250855698e-06,5.16190977834467e-03,2.3642809762926e-05,,SSA_2,World_7,,1.41521e+07
2021,Yemen Arab Republic/Yemen (1990/1991),YEM,3.13544923026477e-08,1.06556088017256e-03,5.3195896049802e-12,1.43489056678903e-06,4.88602981943306e-07,1.1934038344359e-07,1.46557124542476e-06,,,,,World_1,,3.714023e+07
2007,Cambodia,KHM,3.67791428922287e-07,3.42942501860199e-03,1.72348200453036e-11,3.81614438212523e-06,4.62786402459363e-06,2.43596762178855e-06,2.50285464726253e-06,2.75268086837362e-04,2.53809969763538e-06,,,World_1,EAP_2,1.384177e+07
2007,Malaysia,MYS,5.10813985477566e-07,8.28726057064785e-03,3.24425327451758e-11,1.68332452768775e-05,5.34210093298411e-06,1.71921667604935e-06,1.44410585830696e-05,2.41944719587176e-03,3.22505421124749e-05,,,World_3,EAP_4,2.699839e+07
2017,Chile,CHL,7.62352658680718e-07,9.4853720379015e-03,1.29949926820321e-11,2.16804553129471e-05,1.28365137427519e-05,3.15657921499143e-06,2.55601203567599e-05,2.41477398668217e-03,1.27437830054505e-05,LACC_1,,World_5,,1.855887e+07
2005,Libya,LBY,8.15223334650102e-07,1.27852175521583e-02,8.44439415364158e-12,2.22650308909377e-05,5.91696618018262e-06,1.36084099205438e-06,2.64516970381667e-05,2.23535546577793e-02,4.33111059408804e-04,,,World_6,,5858798
2013,"Cote d'Ivoire",CIV,5.92533682339058e-07,2.38814610971515e-03,1.45788069352206e-11,2.51618180171834e-06,9.10642590036732e-06,3.27251694216383e-06,1.49599952342529e-06,1.06882843262565e-03,1.77055397934615e-05,,SSA_2,World_7,,2.393978e+07
2011,Algeria,DZA,4.70588470193077e-07,5.51016365227263e-03,6.22695539743258e-12,1.1128916898959e-05,2.64089342277795e-06,4.74866969740332e-07,3.79050837446029e-06,2.16239662092647e-03,2.55899311943867e-05,,,World_3,,3.690338e+07
2012,Egypt,EGY,1.54402801961481e-07,3.88477482226161e-03,1.70820019937693e-12,5.2337438020248e-06,1.84563714062774e-06,5.98060366582466e-07,8.34440978772838e-06,4.73263521182778e-02,5.27243740462101e-04,,,World_6,,9.3161e+07
2007,Slovenia,SVN,1.06367907305286e-06,1.66062141518406e-02,1.1072665387497e-11,3.0168417010232e-05,1.28251981779348e-05,4.62558547090181e-06,2.38401983741251e-05,2.94041189295103e-03,2.87138199424025e-05,,,World_5,,2018122
2012,Somalia,SOM,8.77997746354184e-07,3.71557345213779e-03,3.84565095183579e-11,1.8535043164637e-06,1.3411507285622e-05,5.64522672540709e-06,7.55738244141029e-07,7.64064223591012e-04,5.16678584298386e-06,,SSA_1,World_4,,1.246116e+07
2021,Bulgaria,BGR,5.29960400835223e-07,8.80424024835485e-03,7.95526159405017e-12,1.43545722460681e-05,7.04511777904576e-06,2.72560935427897e-06,4.94506518016692e-05,,,,,World_2,,6877743
2002,Bangladesh,BGD,1.95073655835923e-07,1.64719399276299e-03,2.87305281708329e-12,1.55969809357456e-06,2.66536007127574e-06,1.3694743645042e-06,9.20292807284633e-07,8.347333730185e-04,1.11541276165876e-05,,,World_1,,1.389337e+08
2013,Belarus,BLR,3.62594963010046e-07,1.02912719608323e-02,5.23828997326838e-12,1.48693766995506e-05,5.5485907653302e-06,1.91668188164066e-06,1.15695470806278e-05,1.06945363755765e-03,1.20213543762103e-05,,,World_3,,9443211
2008,Mexico,MEX,3.65008769007186e-07,7.99351414186708e-03,4.61842004458246e-11,1.57367743015974e-05,4.52202137671629e-06,1.6804407447789e-06,1.40634058921703e-05,5.02308765340729e-03,3.65523682728428e-05,LACC_2,,World_9,,1.103743e+08
2007,Brazil,BRA,8.68332959055449e-07,7.57990952202439e-03,4.14345691243407e-11,1.18983618446211e-05,9.37577377035631e-06,4.3423499586892e-06,6.70084464415155e-06,4.31925889114595e-04,3.08984107301393e-06,LACC_2,,World_9,,1.885523e+08
2005,Bangladesh,BGD,1.93516573665786e-07,1.6255831898403e-03,2.62303152662172e-12,1.70753558044979e-06,2.67471704621435e-06,1.3401673432707e-06,9.63688539409839e-07,9.54404545333138e-04,1.17161890143774e-05,,,World_1,,1.447158e+08
2003,Tanzania,TZA,6.39705209742686e-07,2.79439101831912e-03,1.67482233987769e-11,1.73413197359845e-06,9.1150074845014e-06,4.36785688492887e-06,8.44188112206336e-07,6.57915034198983e-04,7.01309362081584e-06,,SSA_2,World_7,,3.708956e+07
2013,Qatar,QAT,2.35814265453662e-06,5.79245680405792e-02,5.95712455255183e-11,8.15747513938675e-05,2.65061743305386e-05,5.64737627226029e-06,8.16588529103607e-05,5.18851901129279e-02,8.74765565625232e-04,,,World_6,,1916426
2015,Moldova,MDA,6.05639741094984e-07,5.92032611109261e-03,2.18872411629196e-12,1.18759227719383e-05,8.20068692709594e-06,3.5566803554974e-06,5.11013474020673e-06,8.51842227249221e-04,1.11270369581352e-05,,,World_2,,2835978
2009,Cyprus,CYP,9.56308769173252e-07,1.45110687514923e-02,1.49852667270261e-11,4.77933557849257e-05,7.20216352994391e-06,1.1638416625318e-06,4.11821395158839e-05,7.35997932484649e-03,4.78106897945877e-05,,,World_5,,1109371
2017,Panama,PAN,6.20999975961673e-07,5.71444517037075e-03,1.00812469129771e-10,1.85468515134155e-05,5.63000356361638e-06,1.65861452506002e-06,1.20861667271758e-05,2.27675673756621e-03,1.20706803769157e-05,LACC_2,,World_2,,4098707
2005,Iraq,IRQ,3.7944097830237e-07,6.06493132207029e-03,1.02893324355457e-11,1.48685580377497e-05,2.93840553972838e-06,6.14844158550877e-07,1.71374325920834e-05,1.37324306939066e-02,1.64148133940276e-04,,,World_6,,2.840745e+07
2002,United States of America,USA,1.30631211761213e-06,2.76564472074216e-02,1.67392190504829e-11,7.23159416240662e-05,1.20950521971069e-05,2.81824032858401e-06,5.48175130357497e-05,5.6176806300231e-03,5.05848427161636e-05,,,World_5,,2.876252e+08
2007,Peru,PER,3.89830015031864e-07,3.37057576519737e-03,8.7024356822759e-11,7.00470602053728e-06,4.41477859420743e-06,1.79167029022056e-06,4.96700412162414e-06,1.22777885966699e-03,5.42466184249062e-06,LACC_2,,World_2,,2.85307e+07
2003,Lebanon,LBN,3.63889618468212e-07,7.69739690547117e-03,1.2527052304627e-11,2.74095638765084e-05,4.44793685706937e-06,1.17878698560717e-06,4.00286621160195e-05,1.84204034981012e-02,1.5938794399859e-04,,,World_3,,4525508
2011,Paraguay,PRY,7.82237580771088e-07,5.49551006426726e-03,3.23672986498217e-11,1.12378808641655e-05,9.01607745462927e-06,4.06462858800193e-06,3.78239857709258e-06,1.87746972302993e-03,5.99086136505832e-06,LACC_2,,World_9,,5814626
2015,Iran,IRN,2.63822548541807e-07,9.58796797541511e-03,7.52288762073024e-12,1.89565305772175e-05,3.06905577376248e-06,5.61765901034954e-07,1.26122100847867e-05,2.02599766216915e-02,2.34066849128203e-04,,,World_6,,8.261936e+07
2004,Spain,ESP,8.03574759999898e-07,1.41657859182918e-02,2.87090921860087e-11,3.56499438803901e-05,7.25432644649491e-06,1.95598619733258e-06,2.16173695192003e-05,1.97599629725067e-02,1.10047109693703e-04,,,World_5,,4.29219e+07
2021,Slovenia,SVN,8.82260769759146e-07,1.31459305943032e-02,8.50880694050256e-12,1.77682925546663e-05,1.20232336748768e-05,4.72388879830427e-06,1.41710499728563e-05,,,,,World_5,,2108079
2013,Tanzania,TZA,6.17930872689523e-07,2.84180820457574e-03,1.45153809119043e-11,2.76014278987125e-06,8.85223482662175e-06,3.95410226746612e-06,1.46969300010584e-06,6.2011432007088e-04,9.45786314248281e-06,,SSA_2,World_7,,4.882413e+07
2015,Nepal,NPL,7.70977676476152e-07,3.61653596564096e-03,7.45851460975524e-12,3.0892627228335e-06,1.1070703969798e-05,5.43208441772748e-06,2.40812864116315e-06,1.73392254887361e-03,2.07656019043928e-05,,,World_7,,2.782363e+07
2007,Bangladesh,BGD,1.92771435837124e-07,1.67850508281177e-03,2.63984538752189e-12,1.92389223081963e-06,2.67661021753284e-06,1.33404412537272e-06,9.62705507065167e-07,1.06847611712508e-03,1.3938223392467e-05,,,World_1,,1.479893e+08
2012,Botswana,BWA,1.05056084956148e-06,8.806474531902e-03,8.20613850228766e-11,3.05337024131447e-05,1.31913158454125e-05,4.59259440894794e-06,3.29553403462274e-05,1.11968050269786e-03,1.36296956005464e-05,,SSA_3,World_8,,2108617
2014,Laos,LAO,7.22662704843116e-07,4.84090278947439e-03,2.0119210462197e-11,5.0271242455028e-06,1.03270819347126e-05,4.80658288552353e-06,3.91817048460372e-06,3.46403093231154e-04,5.72281885863594e-06,,,World_1,EAP_2,6703172
2021,Botswana,BWA,9.60193074802896e-07,8.66497086262344e-03,7.39412122963642e-11,3.23906291560792e-05,1.22192904142385e-05,4.3955936729609e-06,3.70000584165472e-05,,,,SSA_3,World_8,,2401441
2012,Yemen Arab Republic/Yemen (1990/1991),YEM,9.49830945624818e-08,2.14833105289742e-03,8.22898200691923e-12,4.16018665096466e-06,1.16803109854722e-06,3.12173978557397e-07,4.35522196647025e-06,4.97531627705168e-03,1.01090938321497e-04,,,World_1,,2.843365e+07
2003,Namibia,NAM,7.61016720119444e-07,7.58903489093375e-03,3.5405212259056e-10,1.86285243187204e-05,1.024539778799e-05,2.48906926149979e-06,2.16144034682142e-05,8.7221586764914e-04,8.07613528370149e-06,,SSA_3,World_8,,1917464
2003,Central African Republic,CAF,3.05361431850168e-07,1.98100103775738e-03,8.96123474988996e-12,1.13761330007546e-06,4.9626685544757e-06,2.20094115686532e-06,7.10373592181743e-07,3.29207122855733e-04,3.40485554282174e-06,,SSA_1,World_4,,4103086
2010,"Cote d'Ivoire",CIV,4.93374354958008e-07,2.08227342759089e-03,1.42041919030485e-11,1.98273495837703e-06,7.89078301520086e-06,2.801009901925e-06,1.2731970929259e-06,1.22548947463692e-03,2.87586340967724e-05,,SSA_2,World_7,,2.248806e+07
2015,Japan,JPN,6.20685186591022e-07,1.46020052588679e-02,1.18868582404331e-11,2.55776440657313e-05,6.44506772638453e-06,1.6008718274965e-06,1.77852219572274e-05,2.01997258849978e-03,2.05196370242453e-05,,,World_5,EAP_1,1.27141e+08
2005,Japan,JPN,8.8128196671206e-07,1.61047315601154e-02,1.47315892691377e-11,3.90334292464718e-05,7.92119447531693e-06,1.58306182739163e-06,2.49150425785567e-05,3.26228390623813e-03,3.3345819364157e-05,,,World_5,EAP_1,1.27773e+08
2017,Singapore,SGP,2.07190247532779e-06,2.63746242778961e-02,3.60201820040554e-11,5.74240052952855e-05,2.43436775967771e-05,5.48301007410977e-06,4.24983411517277e-05,9.51800837853758e-03,1.1135557340027e-04,,,World_5,EAP_1,5612253
2010,Sudan/North Sudan (2010/2011),SDN,6.73984554498328e-07,4.51527114072262e-03,8.01743822509747e-12,5.73356638169389e-06,1.02699308230263e-05,3.17177310800852e-06,2.5110415660796e-06,1.12042919970247e-02,3.35576276146604e-04,,SSA_4,World_1,,3.54144e+07
2021,Niger,NER,2.5062015314757e-07,2.07934630877125e-03,2.80617013243697e-12,1.74599556862318e-06,3.57330715201668e-06,1.79005853393668e-06,6.75039829264819e-07,,,,SSA_2,World_7,,2.450214e+07
2017,Kenya,KEN,6.60439865813598e-07,3.04417616177535e-03,8.9675409827344e-12,4.03356696498487e-06,9.8098385291474e-06,3.33992281133622e-06,2.32547867426225e-06,9.18315341953798e-04,1.63307410830732e-05,,SSA_2,World_7,,4.919777e+07
2018,Indonesia,IDN,6.21516542763576e-07,4.4132187060206e-03,2.45539194184668e-11,9.22419301366218e-06,8.66878466747217e-06,3.87900876864681e-06,9.9608568375105e-06,1.77645362500325e-03,1.12791444611977e-05,,,World_8,EAP_5,2.699518e+08
2017,Botswana,BWA,9.22714968636963e-07,7.8342192770262e-03,7.52223770807541e-11,2.70092475111638e-05,1.15166159870983e-05,4.52105127189854e-06,2.91161905748302e-05,9.72999289161071e-04,1.38721830007122e-05,,SSA_3,World_8,,2266747
2015,Turkmenistan,TKM,1.77189154366659e-07,9.7833754320115e-03,1.39637076535273e-11,1.17871520584609e-05,1.65475888372924e-06,2.1231793995249e-07,5.6935663567576e-06,1.01678084783259e-02,3.4145837159488e-04,,,World_6,,6215770
2010,Bahrain,BHR,6.15167113475064e-07,1.70548231280087e-02,1.55541757645664e-11,2.86719276888621e-05,7.9252670585027e-06,1.491846155329e-06,1.52854011599494e-05,1.90199303929683e-02,4.77711908593438e-04,,,World_6,,1228543
2016,Cyprus,CYP,5.92374819504418e-07,1.12224425487739e-02,1.35059318856403e-11,2.92749016521797e-05,5.15134774131003e-06,1.04877734279427e-06,2.50803309596004e-05,6.77420516647219e-03,4.35429825972248e-05,,,World_5,,1237112
2011,Syria,SYR,1.35423775918493e-07,4.07564742856059e-03,9.16746002853594e-12,7.23173983689693e-06,1.37907193013868e-06,4.96963708177926e-07,1.306424650666e-05,2.5651511310389e-02,2.89382045047933e-04,,,World_6,,2.28781e+07
2013,Cambodia,KHM,4.88110585429011e-07,3.50194162232139e-03,1.51550952871274e-11,3.73505321905136e-06,6.40958943392372e-06,3.33469206517046e-06,2.1456358088919e-06,1.93013943028285e-04,1.79549341818871e-06,,,World_1,EAP_2,1.517021e+07
2013,Tunisia,TUN,3.41191017684181e-07,4.07657493044503e-03,9.1465811287498e-12,6.01172607351705e-06,4.7555119514849e-06,1.62856392161791e-06,4.22722814853878e-06,7.02322253516087e-03,9.01636821074185e-05,,,World_3,,1.114136e+07
2014,Ethiopia/DR Ethiopia (1992/1993),ETH,7.73342936988187e-07,2.77122393170422e-03,7.40901238315123e-12,1.88607773166416e-06,1.11011445566218e-05,5.45427651728999e-06,1.40337899437337e-06,4.17066745267268e-04,3.10696979576859e-06,,SSA_1,World_4,,1.011156e+08
2004,Djibouti,DJI,5.26474588729007e-07,3.08082587486909e-03,1.79215539158617e-11,8.32981487362942e-06,5.74407837895023e-06,2.19056345029197e-06,5.83574837732342e-06,4.56540906484547e-03,6.11371533921559e-05,,,World_1,,826124
2019,Kuwait,KWT,1.03797835905861e-06,3.60220627442978e-02,2.26140569449911e-11,4.34159097631233e-05,1.1773269899499e-05,2.59748854154423e-06,3.54029023506817e-05,1.6852940505272e-02,2.3199303568978e-04,,,World_3,,4442316
2015,Bahrain,BHR,6.66465372412721e-07,2.12678097635251e-02,1.55491389477594e-11,2.86245988346406e-05,8.79724142377332e-06,2.26106105003057e-06,1.75335175873258e-05,2.52450681173374e-02,5.07532777927978e-04,,,World_6,,1370322
2005,Mexico,MEX,3.74000243632223e-07,7.813704080489e-03,4.84716736391218e-11,1.71510203114761e-05,4.5426834821126e-06,1.76332130803771e-06,1.77573251620462e-05,4.81845061313513e-03,3.31133980625338e-05,LACC_2,,World_9,,1.058115e+08
2007,Chile,CHL,8.83371024548806e-07,8.0437114671317e-03,1.36263870000716e-11,2.03223598114258e-05,1.18366864660651e-05,3.71905851349207e-06,1.99353673181017e-05,2.29631843098909e-03,1.27060827807976e-05,LACC_1,,World_5,,1.667158e+07
2012,Colombia,COL,4.3349160518254e-07,4.99529522140558e-03,9.67361535435548e-11,1.0566673344008e-05,4.46125676966974e-06,1.63251699223883e-06,5.13026428661526e-06,6.01569507112721e-04,5.88146782289336e-06,LACC_2,,World_9,,4.571581e+07
2017,Bhutan,BTN,3.10522561688414e-06,1.17489387055596e-02,4.16029089087875e-11,1.38819648466635e-05,4.33117197674028e-05,2.06288876080634e-05,9.40172114775883e-06,3.93231399750236e-03,7.18545186613799e-05,,,World_7,,754335
2005,Eritrea,ERI,5.16869078708188e-07,3.32327336250579e-03,3.04710922973233e-11,4.47544109982207e-06,7.2839597717765e-06,2.71575200605376e-06,3.04579518331304e-06,5.00578564263748e-03,5.35765614285137e-05,,SSA_4,World_1,,2661215
2021,Bhutan,BTN,2.9260302186046e-06,1.13688676418093e-02,4.08922182629322e-11,1.03776763474762e-05,4.05323791906651e-05,2.00281902943458e-05,7.27088392773046e-06,,,,,World_7,,775442
2002,Honduras,HND,5.33640228754751e-07,3.4231165822589e-03,5.69633519604444e-11,6.56638856908332e-06,6.47645204895044e-06,3.08668246403161e-06,4.1382496597877e-06,1.15863989489584e-03,1.12835722471427e-05,LACC_2,,World_9,,6938859
2015,China,CHN,8.59415365971926e-07,9.64471893902085e-03,5.18679034131873e-12,1.61598142792978e-05,1.07010951869891e-05,1.43236655857928e-06,2.03603100687302e-05,5.55800470699508e-03,3.10352101743305e-05,,,World_6,EAP_3,1.37986e+09
2002,Burkina Faso,BFA,3.61935185626052e-07,1.57879020607857e-03,3.26610682779479e-12,1.45045856082669e-06,5.43980571776484e-06,2.33649692765233e-06,8.15580331510989e-07,3.55657127537507e-04,2.56041414892031e-06,,SSA_2,World_7,,1.26809e+07
2004,Lebanon,LBN,3.41012164641456e-07,7.50860456924268e-03,1.30511926652456e-11,2.56046531285332e-05,4.45029905071491e-06,1.10729108520297e-06,3.70638643023913e-05,1.19262250757249e-02,1.20348900323997e-04,,,World_3,,4599279
2021,Senegal,SEN,2.76834898782028e-07,2.51014358011979e-03,2.92494441932536e-12,4.8418999334578e-06,3.42117556200889e-06,1.21101510449051e-06,4.77032703372104e-06,,,,SSA_2,World_7,,1.722087e+07
2005,Djibouti,DJI,5.47005213097171e-07,3.0397575072737e-03,1.72788453914254e-11,7.79616844379861e-06,6.34595173018088e-06,2.34791908417537e-06,5.13787631355283e-06,3.47627701405396e-03,5.09374432889706e-05,,,World_1,,839167
2015,Cyprus,CYP,5.28736825632827e-07,1.03264815586111e-02,1.39510157649026e-11,2.55371999883345e-05,4.6484932803889e-06,9.404258664224e-07,2.53184882212299e-05,7.23632780361078e-03,4.81879041835444e-05,,,World_5,,1219502
2021,Norway,NOR,1.0162184353554e-06,1.36009982248874e-02,4.63994485723531e-12,4.0963162141418e-05,9.02622567887653e-06,2.67800851471198e-06,2.02869608371147e-05,,,,,World_5,,5408320
2004,Lithuania,LTU,6.57295132913287e-07,9.71201627816735e-03,3.94711792814634e-12,1.7782003556427e-05,8.72031159841191e-06,3.58250389717258e-06,1.27429656300248e-05,1.71029213267081e-03,2.35183689715929e-05,,,World_5,,3377075
2005,Peru,PER,3.53071048422558e-07,3.20595685230099e-03,8.91115954441995e-11,7.11576815699362e-06,3.97694574215254e-06,1.67337200853045e-06,5.37356115327246e-06,1.19250279310274e-03,5.04589734581391e-06,LACC_2,,World_2,,2.810118e+07
2018,Egypt,EGY,1.34159457622796e-07,3.55338417880384e-03,1.6223702045299e-12,4.9867618200297e-06,1.84786284825193e-06,6.12763129958821e-07,6.63230534060509e-06,3.45912802857479e-02,3.84345012082277e-04,,,World_6,,1.056821e+08
2017,Mali,MLI,2.84745631611615e-07,1.80569904333838e-03,2.94351174106392e-12,2.12430765309283e-06,4.27145552621331e-06,1.70144931923012e-06,1.22041896542909e-06,1.08620114615333e-03,7.26883876397248e-06,,SSA_2,World_7,,1.981301e+07
2016,Uganda,UGA,7.83686203217354e-07,2.85758742594454e-03,6.2124990240371e-12,2.179662466465e-06,1.32466096165542e-05,5.29902511210974e-06,1.27170777367147e-06,1.79627797741477e-03,1.96686400161323e-06,,SSA_2,World_7,,3.879915e+07
2021,Burundi,BDI,3.35946861174674e-07,1.26320859698782e-03,4.92147379715099e-12,7.20875630140785e-07,5.45008483034993e-06,2.28063617882204e-06,4.57330192448301e-07,,,,SSA_1,World_4,,1.296548e+07
2007,Japan,JPN,7.89264796460035e-07,1.56056512430395e-02,1.31033355131236e-11,3.42328726936365e-05,7.31421024133168e-06,1.46040252784174e-06,2.21805335075474e-05,2.69308456810998e-03,2.83613810665296e-05,,,World_5,EAP_1,1.28001e+08
2008,Brazil,BRA,9.23887515697864e-07,8.07984241470956e-03,4.24524857957861e-11,1.32179080408115e-05,9.99436911521026e-06,4.63905094704377e-06,7.39574059092818e-06,4.96526806092362e-04,3.35107237400808e-06,LACC_2,,World_9,,1.903673e+08
2017,Uganda,UGA,7.7123483941925e-07,2.87338692905099e-03,6.04864740301682e-12,2.12533972151527e-06,1.29715003263614e-05,5.24547850816666e-06,1.26062009831183e-06,1.92869175132272e-03,2.00073524848181e-06,,SSA_2,World_7,,4.017739e+07
2010,Kazakhstan,KAZ,6.09992218791178e-07,1.48521741843761e-02,2.89474059651146e-11,2.79455319922134e-05,1.00806143419851e-05,6.93680900765299e-07,4.35150120939094e-05,7.44669172657332e-03,1.30206057425232e-04,,,World_3,,1.683681e+07
2010,Laos,LAO,7.10559777779452e-07,4.27759698654223e-03,2.88812444736206e-11,3.95266035839962e-06,1.0398319867858e-05,5.45693538131936e-06,2.4535813844061e-06,3.58391654101935e-04,4.68939343491723e-06,,,World_1,EAP_2,6334194
2002,Switzerland,CHE,1.74899764359208e-06,1.95229120959302e-02,1.40251104865595e-11,8.53296056496483e-05,1.11668718352725e-05,2.70728292475157e-06,3.79313156266654e-05,4.91526292601315e-03,3.58605454598426e-05,,,World_5,,7284753
2011,Ethiopia/DR Ethiopia (1992/1993),ETH,7.45581669978229e-07,2.58020774484326e-03,8.25615714346176e-12,1.60873031223798e-06,1.0763402459735e-05,5.39597468274669e-06,1.14987579964123e-06,2.76253272182477e-04,1.95701765805341e-06,,SSA_1,World_4,,9.314997e+07
2013,Paraguay,PRY,7.26206277263371e-07,5.3398135938035e-03,3.22870108309457e-11,1.13777618188553e-05,8.06036328923191e-06,3.56809782930969e-06,3.69334446692414e-06,1.554283359872e-03,6.23609904053144e-06,LACC_2,,World_9,,5982445
2008,Somalia,SOM,8.13768581253708e-07,3.65197247435434e-03,4.09811413998244e-11,1.84343723761469e-06,1.23141009562971e-05,5.25110782648156e-06,7.48924315588428e-07,9.47461675636744e-04,6.54213539847568e-06,,SSA_1,World_4,,1.166308e+07
2011,Afghanistan,AFG,9.14899465007509e-08,1.50867658941925e-03,5.75800125569022e-12,2.05584373269686e-06,1.12631451542549e-06,4.19322438021971e-07,2.81340892537096e-06,8.91621118624783e-03,2.17728236904835e-04,,,World_1,,2.934771e+07
2021,Tunisia,TUN,2.97697639332996e-07,4.28612535067489e-03,9.25958351417747e-12,5.76376818124586e-06,4.49119925942406e-06,1.56140020107239e-06,4.0128611538884e-06,,,,,World_3,,1.204862e+07
2016,Zimbabwe,ZWE,1.11514102779188e-06,4.33835123819919e-03,1.26091494983141e-11,6.29745999513327e-06,1.75880483066448e-05,7.92211292959881e-06,7.64583440620326e-06,8.3722119636521e-04,1.17098559985919e-05,,SSA_4,World_1,,1.460029e+07
2017,Bolivia,BOL,3.93974847743243e-07,5.77946363687156e-03,7.08040132422941e-11,9.01807195959712e-06,4.69323137006818e-06,1.97133074895062e-06,4.55090819468069e-06,4.07399182011531e-04,1.67164764540859e-06,LACC_2,,World_8,,1.134459e+07
2002,Syria,SYR,2.06353735756371e-07,3.4823908502483e-03,1.07840709581027e-11,6.73495364760545e-06,1.37422124580795e-06,5.81179426868484e-07,7.94039820764066e-06,3.33642659758174e-02,4.38266542476308e-04,,,World_6,,1.746833e+07
2002,Jamaica,JAM,5.24080833402619e-07,6.3979917669756e-03,3.36117109596017e-11,3.31568551927342e-05,4.47729839763892e-06,1.37550354668376e-06,4.21837162923575e-05,1.84984798136135e-03,1.54756699381322e-05,LACC_2,,World_2,,2640572
2012,Mauritania,MRT,5.68257428339065e-07,4.64477908458917e-03,1.46716674934252e-11,5.77882930373533e-06,7.90061636465471e-06,3.08376325899558e-06,3.96009275591746e-06,7.84703833859361e-03,3.74042852769921e-05,,SSA_4,World_1,,3619034
2020,Nicaragua,NIC,4.19585134666878e-07,3.68122065351167e-03,7.28555356312144e-11,7.44568990505236e-06,6.05761487096653e-06,2.85882958716974e-06,6.5145238292088e-06,6.75214007098191e-04,4.79853253370241e-06,LACC_2,,World_9,,6565267
2015,France,FRA,7.3242761890763e-07,1.16284503845879e-02,1.02447614873762e-11,2.37384801105061e-05,7.49964100993933e-06,2.41970830876953e-06,1.14980375010079e-05,3.06471598193493e-03,2.58558222464131e-05,,,World_5,,6.654827e+07
2009,Germany,DEU,7.86889249613157e-07,1.64894488650918e-02,9.74129432501774e-12,2.99176434297179e-05,7.34592346991519e-06,1.77808943251765e-06,1.83947895432148e-05,3.40387548133963e-03,3.72209908285432e-05,,,World_5,,8.19023e+07
2007,Romania,ROU,5.33967525286801e-07,8.76231489781632e-03,7.15792330360233e-12,1.58852227265561e-05,7.46804464054214e-06,2.77009145434002e-06,2.42812692420383e-05,1.29672057982983e-03,1.46047061881023e-05,,,World_2,,2.088298e+07
2019,Malawi,MWI,2.76063339381083e-07,1.4948783283544e-03,3.96938459113943e-12,1.27622548701557e-06,3.93486484309266e-06,1.70932408117413e-06,9.85481452351466e-07,1.72560912513245e-04,2.67466449292859e-06,,SSA_2,World_7,,1.902575e+07
2008,Thailand,THA,5.40352195151433e-07,6.78809057551128e-03,8.1515101025372e-12,1.01517083396311e-05,6.71112661133431e-06,2.572030818552e-06,8.72756859308936e-06,1.04544384308773e-03,3.17275400907814e-05,,,World_9,EAP_4,6.761983e+07
2008,Panama,PAN,5.01659838730121e-07,4.70232547055902e-03,1.07291620191559e-10,1.1926042378193e-05,5.10058277713055e-06,1.4372750611125e-06,1.28751420575786e-05,1.53622318741425e-03,1.11276237087661e-05,LACC_2,,World_2,,3500648
2003,Qatar,QAT,1.95075376785288e-06,7.55652180389684e-02,3.45836407268345e-11,9.70456160554293e-05,1.5432565844927e-05,3.64102794897089e-06,5.1225337177055e-05,3.64574301356881e-02,7.8894878924063e-04,,,World_6,,744682
2005,Syria,SYR,2.30055600600026e-07,4.01992413975484e-03,9.29067051912768e-12,8.88209660906968e-06,1.44829535140754e-06,5.2342112391528e-07,1.21628197671373e-05,3.29435878292892e-02,3.79278521297921e-04,,,World_6,,1.881409e+07
2010,Chad,TCD,4.76859895041899e-07,4.31358885622562e-03,5.52645999237493e-12,1.81582770382036e-06,7.30539220093496e-06,3.10464197425755e-06,8.81759783655604e-07,4.46350713806504e-04,3.15019260032519e-06,,SSA_1,World_4,,1.231258e+07
2014,Spain,ESP,5.18607019759458e-07,9.54387263401065e-03,2.17296123047008e-11,1.70473118633436e-05,5.57929350696805e-06,1.78788952380873e-06,1.14908837792457e-05,1.33109029550443e-02,6.83724743760215e-05,,,World_5,,4.648088e+07
2019,Sri Lanka,LKA,5.99110659824565e-07,3.93531925940015e-03,2.97888151586337e-11,9.39447303940018e-06,7.14488044049842e-06,3.08033743605624e-06,8.85740071248585e-06,3.14901653365034e-03,8.58460169566193e-05,,,World_3,,2.1803e+07
2018,Niger,NER,2.9145241665447e-07,2.16551360451476e-03,3.0560690483907e-12,2.03159984015122e-06,4.14816050312635e-06,2.06769833448254e-06,7.42833274604702e-07,6.54604616096048e-04,8.33518390920007e-06,,SSA_2,World_7,,2.218807e+07
2020,Malaysia,MYS,4.42714399143674e-07,1.09681605279184e-02,4.0476587351389e-11,2.17575724101211e-05,5.30667255761459e-06,1.42269784050912e-06,1.72877605478012e-05,1.36487892245001e-03,1.52133040923167e-05,,,World_3,EAP_4,3.388956e+07
2008,Austria,AUT,1.03925593736884e-06,1.93761669395157e-02,1.11003620751261e-11,4.25688952087949e-05,8.62120011959858e-06,1.9364344980308e-06,2.48790984093614e-05,2.55946559350075e-03,2.72632394995031e-05,,,World_5,,8321496
2017,Nigeria,NGA,1.14958422825791e-06,4.30898664659141e-03,4.45106019958737e-12,4.26151722724371e-06,1.74810500606516e-05,8.13525274181295e-06,1.34456318668501e-06,3.06079248049798e-04,2.96561618149039e-06,,SSA_2,World_7,,2.002546e+08
2012,Algeria,DZA,4.98522650284353e-07,5.85118763606543e-03,6.17939979349229e-12,1.19063871812935e-05,2.77795104013798e-06,5.12048046075492e-07,3.58255060367605e-06,2.04625144169209e-03,2.46310663875446e-05,,,World_3,,3.764617e+07
2017,France,FRA,7.14880984503331e-07,1.17875193914074e-02,1.01974063572618e-11,2.30407299873115e-05,7.39875612419807e-06,2.50990042157984e-06,1.12211742454892e-05,3.51419947275915e-03,2.98187149710186e-05,,,World_5,,6.691802e+07
2014,Rwanda,RWA,3.79348691497958e-07,1.37651170861714e-03,8.9539743233799e-12,1.47019666206955e-06,6.18969440296055e-06,2.27752606376465e-06,9.63211564577219e-07,1.91459508044978e-03,5.27400414868307e-06,,SSA_4,World_7,,1.136476e+07
2015,Cameroon,CMR,4.90220938891249e-07,2.65086543515739e-03,1.51236525964753e-11,2.77645625466711e-06,7.91119945647736e-06,3.44122839009874e-06,1.61003363487726e-06,3.49562821837274e-04,3.55641491528872e-06,,SSA_2,World_7,,2.276341e+07
2016,Iran,IRN,2.37910138023278e-07,9.42781086264677e-03,7.76445864986121e-12,1.73732511302894e-05,3.01670337178022e-06,6.42365582309002e-07,8.62969044688203e-06,1.94779499715956e-02,2.25270986188849e-04,,,World_6,,8.381222e+07
2015,Albania,ALB,3.72012609461985e-07,4.16297747320515e-03,1.93559331277572e-11,9.90771788971772e-06,4.17058627986839e-06,1.34999464125069e-06,4.88310615431632e-06,2.42709011829042e-03,1.16218670783167e-05,,,World_2,,2880703
2002,Italy,ITA,8.08445346035927e-07,1.48733017078191e-02,2.33757924901703e-11,3.51819515951793e-05,7.17128562820176e-06,1.76665351940847e-06,2.53099149696393e-05,6.14234243002786e-03,5.80719044213574e-05,,,World_5,,5.705901e+07
2008,Azerbaijan,AZE,1.35922385567399e-07,5.19428716518099e-03,1.37124361204155e-11,8.79150912530605e-06,1.51264514849725e-06,4.43614037609989e-07,3.72217563377266e-06,9.89464783271049e-03,1.20879957215124e-04,,,World_6,,8763400
2013,Turkey,TUR,4.71695001254627e-07,8.51145556625358e-03,1.63642452683908e-11,1.34866367283267e-05,6.31887592195532e-06,1.93496019465138e-06,2.02501285767782e-05,8.45881772878785e-03,7.08766318480273e-05,,,World_3,,7.614762e+07
2002,Nigeria,NGA,1.05574301832207e-06,3.98543676568914e-03,6.28136732176323e-12,2.37258090039728e-06,1.60903235296576e-05,7.84444682107764e-06,1.33292938070562e-06,3.1251906602962e-04,2.89666100220663e-06,,SSA_2,World_7,,1.33472e+08
2009,Syria,SYR,1.69687840988888e-07,3.97888263458822e-03,9.73976145934908e-12,8.18006697894346e-06,1.43705339038376e-06,4.46215559163697e-07,1.30934817651891e-05,2.92233612258629e-02,3.31002341103833e-04,,,World_6,,2.197697e+07
2016,Rep Congo,COG,6.47142728426496e-07,4.95881183941043e-03,5.2125299337675e-11,5.66609060103004e-06,9.79320185145751e-06,3.8593896524728e-06,3.40732522210547e-06,6.62098285880243e-04,7.24245308071186e-06,,SSA_4,World_1,,5222536
2016,Nepal,NPL,7.86917067806892e-07,3.8179027185648e-03,7.62469792245877e-12,3.65677930399372e-06,1.12939814081598e-05,5.51013641518731e-06,2.68519805536854e-06,1.81343789548611e-03,2.10355881420793e-05,,,World_7,,2.795546e+07
2008,Syria,SYR,1.8302494714344e-07,4.02992109511157e-03,8.84636847756367e-12,8.78301938366332e-06,1.37373262648013e-06,3.67974149892903e-07,1.43240814613493e-05,2.53931421401144e-02,2.89185242153445e-04,,,World_6,,2.163656e+07
2019,Malta,MLT,6.86570396581774e-07,1.76397122630896e-02,7.76453100827509e-12,2.99825066158504e-05,7.64298002198353e-06,1.19495490423945e-06,2.64655263431415e-05,4.25779164739492e-03,3.83119928413427e-05,,,World_5,,504062
2017,Latvia,LVA,1.0333745000049e-06,1.19877465550002e-02,5.12632001042712e-12,2.1291790551039e-05,1.45793419172774e-05,7.06177383041213e-06,1.4673534339243e-05,1.83829406374512e-03,1.92316352724491e-05,,,World_5,,1942248
2017,Lebanon,LBN,4.02932544967682e-07,8.80391063033088e-03,1.17134947660308e-11,3.77791180359817e-05,5.10187149460792e-06,1.07739844687234e-06,4.51292027822539e-05,9.32683246531799e-03,8.51670766737873e-05,,,World_3,,6160128
2011,Netherlands,NLD,1.2151947328706e-06,2.00784422796773e-02,1.54175277068633e-11,4.07176195915762e-05,1.18796580770599e-05,3.20975306327046e-06,2.499867283599e-05,6.40595147274606e-03,5.88060305491319e-05,,,World_5,,1.669307e+07
2010,Belgium,BEL,1.3049814811907e-06,2.12725223673654e-02,1.49895402035051e-11,4.28982219265483e-05,1.17678962750901e-05,3.45023835526349e-06,2.33513910170563e-05,5.71098245074439e-03,7.11193888649651e-05,,,World_5,,1.089559e+07
2010,Kenya,KEN,6.72739795561508e-07,2.99637818398141e-03,1.03727818396768e-11,3.32999906580594e-06,9.98616410789855e-06,3.35132007387894e-06,2.28422955944701e-06,8.06271308545162e-04,9.42512673897508e-06,,SSA_2,World_7,,4.159857e+07
2011,United States of America,USA,1.07096344774789e-06,2.3506928858691e-02,1.15099246496233e-11,4.58884712965573e-05,1.13031559450333e-05,2.91503213492589e-06,4.09894503761663e-05,4.85393437486244e-03,4.39648691063652e-05,,,World_5,,3.115835e+08
2015,Saudi Arabia,SAU,1.38510215166263e-06,3.00773330647884e-02,2.0915708146978e-11,8.28070053680158e-05,1.21183350231045e-05,2.39450159330434e-06,1.12289136493519e-04,1.66443199456111e-02,3.58670483282687e-04,,,World_6,,2.981638e+07
2008,Iceland,ISL,1.13849013673263e-06,1.85279255716836e-02,1.49406864741748e-11,4.40950974001374e-05,1.05395560244155e-05,1.8000029270091e-06,3.17677742558762e-05,3.41635809747821e-03,3.55559877124232e-05,,,World_5,,317414
2003,Albania,ALB,3.38869736629709e-07,4.22691338824552e-03,1.8008324228549e-11,9.61997629959024e-06,3.52028268116933e-06,1.33022187558205e-06,6.35825030566476e-06,3.38700452678157e-03,2.12381916073004e-05,,,World_2,,3039616
2016,France,FRA,7.22292371815149e-07,1.17726171232324e-02,9.91304001786312e-12,2.35583123337694e-05,7.64398425200846e-06,2.52528921498244e-06,1.15698253440634e-05,3.31953782636594e-03,2.70020980046773e-05,,,World_5,,6.67241e+07
2010,Sweden,SWE,1.06877200937457e-06,1.78404919852851e-02,7.80602052514363e-12,3.73905351046019e-05,9.41926317588435e-06,2.58326460495019e-06,2.56667775032946e-05,3.20014885073642e-03,3.18497569079155e-05,,,World_5,,9378126
2016,New Zealand,NZL,1.37644018212334e-06,1.7351059027371e-02,5.87156644650279e-11,3.84262602967205e-05,1.09508961608353e-05,3.2576046270976e-06,2.07620006695744e-05,3.31418175094256e-03,2.99145049522605e-05,,,World_5,EAP_1,4714100
2008,Kyrgyzstan,KGZ,6.90928102928059e-08,2.60951746516006e-03,1.55207307259121e-11,2.99210856477732e-06,1.34556490427939e-06,9.35575573438886e-08,2.25205580583758e-06,5.57489298257063e-03,7.90117657298862e-05,,,World_3,,5318729
2020,Bulgaria,BGR,5.01074046905363e-07,7.56479115016437e-03,7.13766966660291e-12,1.35859001442108e-05,6.60722517973239e-06,2.53914367210281e-06,4.98103502394249e-05,2.10219869023191e-03,1.6048620680651e-05,,,World_2,,6934015
2003,Peru,PER,3.69921319623629e-07,3.23869743719939e-03,9.18986000541354e-11,7.11478842502729e-06,4.01354729465513e-06,1.6965319161961e-06,5.87900624622155e-06,1.23935989871702e-03,5.55888795336584e-06,LACC_2,,World_2,,2.758049e+07
2017,Turkey,TUR,4.34642589684272e-07,9.0139367031526e-03,1.64377714031403e-11,1.39251670603541e-05,6.07046669670843e-06,1.80386195315231e-06,2.24186614424691e-05,8.31487791910477e-03,8.07987961418362e-05,,,World_3,,8.03127e+07
2015,Eritrea,ERI,3.47212557159636e-07,2.37373345675515e-03,2.53830471567343e-11,2.19700752409318e-06,4.83245304741411e-06,2.09599226991681e-06,1.34656993931502e-06,1.67819430712973e-03,1.36632032625582e-05,,SSA_4,World_1,,3105546
2016,Mexico,MEX,2.95640103969044e-07,6.68346070969998e-03,3.99467738549969e-11,1.28587801344091e-05,3.76335408395223e-06,1.50611763797696e-06,9.15317277856166e-06,3.39187913351776e-03,2.5491096093377e-05,LACC_2,,World_9,,1.222514e+08
2014,Austria,AUT,9.36243541029639e-07,1.69028450268211e-02,1.13562684218089e-11,3.42149278026002e-05,8.28155738480346e-06,2.03820212869927e-06,1.94040745515409e-05,2.09054201784633e-03,2.03399238617035e-05,,,World_5,,8546356
2010,Singapore,SGP,2.53060752211159e-06,2.51916298749769e-02,3.46804599966593e-11,6.61733199733912e-05,2.46970516902531e-05,6.26709262123092e-06,5.22115055106283e-05,6.27598495269213e-03,7.87753378666199e-05,,,World_5,EAP_1,5076732
2020,Mauritania,MRT,4.74357609828183e-07,4.59314893060206e-03,1.19217783101718e-11,5.96386529726377e-06,6.39079698890101e-06,2.69719459272951e-06,3.44911228997589e-06,8.8209926284523e-03,2.09296612933924e-05,,SSA_4,World_1,,4600131
2016,Tanzania,TZA,5.84206010328119e-07,2.63509565971723e-03,1.29501951102694e-11,2.44332392871786e-06,8.71491135729704e-06,3.7991316151858e-06,1.1739983553308e-06,4.82451438625621e-04,7.26004900528591e-06,,SSA_2,World_7,,5.382401e+07
2008,Nepal,NPL,7.07487694416247e-07,3.12215168009165e-03,7.23118666823127e-12,2.19116459880736e-06,1.00425752403315e-05,5.1540729048882e-06,1.32116702558485e-06,9.53093019700511e-04,1.03139258814354e-05,,,World_7,,2.699004e+07
2017,Sri Lanka,LKA,6.13362068083608e-07,3.90837460087057e-03,2.9921381602468e-11,1.00833873260016e-05,7.40670295390902e-06,3.01717811329817e-06,9.6548779470478e-06,2.519484121913e-03,6.71848668482e-05,,,World_3,,2.1444e+07
2016,Qatar,QAT,2.00825093581814e-06,5.87055132948315e-02,3.80066555813772e-11,8.0604357315634e-05,2.40069820932541e-05,5.18588943901647e-06,1.70978519323538e-04,4.07920583070667e-02,6.39931009504314e-04,,,World_6,,2477113
2006,Namibia,NAM,7.06598174611529e-07,6.0679962397929e-03,3.4022824962602e-10,1.56099177596928e-05,9.22447380408858e-06,2.25710109598703e-06,1.57208732918227e-05,1.28006673667253e-03,1.26572147943093e-05,,SSA_3,World_8,,1991888
2021,Romania,ROU,5.68980779629083e-07,8.38366023956284e-03,5.99987438031478e-12,1.31518418182458e-05,8.43540325034301e-06,3.45676866248733e-06,1.77708071978749e-05,,,,,World_2,,1.912206e+07
2019,United States of America,USA,9.26652228816383e-07,2.23835128132474e-02,1.14126220570791e-11,4.06044661157953e-05,1.00148576786293e-05,2.80672648278269e-06,3.05033254890921e-05,4.93283892043757e-03,4.70694932336788e-05,,,World_5,,3.2833e+08
2014,Namibia,NAM,9.22984931301336e-07,7.78073933539926e-03,2.97240165821396e-10,2.16759379761336e-05,1.02663281123573e-05,2.28140173666384e-06,2.06800038715858e-05,1.29340974462298e-03,1.60315807840673e-05,,SSA_3,World_8,,2312139
2018,Slovakia,SVK,5.1394172374774e-07,1.05791671172455e-02,6.08213414932124e-12,1.94669009031211e-05,6.47813713393111e-06,1.60191559727385e-06,1.30338979046779e-05,1.49003997899854e-03,1.54925165268329e-05,,,World_5,,5446771
2005,Nigeria,NGA,1.08607641253816e-06,4.18106370904873e-03,6.55460360536215e-12,2.67896717245731e-06,1.64800740803969e-05,7.93632521275311e-06,1.32975962394626e-06,3.61370604072183e-04,3.63381346718241e-06,,SSA_2,World_7,,1.450172e+08
2002,Benin,BEN,3.76044206201817e-07,1.74130392990182e-03,2.44239366626256e-12,2.75989213100817e-06,5.79183763984752e-06,2.33676938083831e-06,1.59253533953658e-06,3.78206336253024e-04,3.93666899699565e-06,,SSA_2,World_7,,7675426
2004,Morocco,MAR,2.36880401562451e-07,2.86874044694265e-03,8.22065571660775e-12,4.91830673119567e-06,3.69723820105827e-06,1.34647111638904e-06,9.46919013015006e-06,1.26095474686518e-02,8.59046677212006e-05,,,World_3,,2.995302e+07
2012,Mexico,MEX,3.31347568701402e-07,7.51621711134334e-03,4.12060938029873e-11,1.46812747110518e-05,4.10550680694587e-06,1.55887289343755e-06,1.33113492363595e-05,4.06306458293833e-03,3.02465596143291e-05,LACC_2,,World_9,,1.168182e+08
2009,Iraq,IRQ,3.20649888552366e-07,6.39745405681833e-03,6.26356823746876e-12,1.78930308251754e-05,2.74649582901363e-06,3.96418518513786e-07,2.34358216310079e-05,1.45264931560514e-02,1.63922823559768e-04,,,World_6,,3.005821e+07
2015,USSR/Russian Federation (1990/1991),RUS,3.83129831814052e-07,1.22647860802004e-02,3.28078040950036e-12,2.53659024985378e-05,4.34679744613398e-06,7.31064726733239e-07,1.48508292601323e-05,1.23827411515017e-03,1.17994677776916e-05,,,World_3,,1.446407e+08
2019,Tajikistan,TJK,1.0306536307096e-07,2.50075491769256e-03,4.66181252194621e-12,3.904825525638e-06,1.64126631603154e-06,1.1353867125853e-07,4.67611086395235e-06,6.37044721856609e-03,1.13755013240667e-04,,,World_6,,9529966
2021,Afghanistan,AFG,5.33774269502672e-08,1.03595667013819e-03,4.53451571464701e-12,1.26545362169233e-06,7.49490566046235e-07,2.84572931076377e-07,1.46685420143577e-06,,,,,World_1,,4.000041e+07
2002,Mongolia,MNG,2.76124692945205e-07,6.61342725249085e-03,1.86208927272082e-11,1.06455797871561e-05,6.50779981797681e-06,6.61580223822906e-07,1.97594551054398e-05,1.22811216156968e-03,8.40757129998955e-06,,,World_8,EAP_5,2449027
2020,Denmark,DNK,9.85117792057095e-07,1.62958140528267e-02,7.6533402938901e-12,3.32740896009398e-05,1.04890392643327e-05,3.72791993589232e-06,1.70645642393999e-05,2.79649272263427e-03,2.6779056937248e-05,,,World_5,,5831404
2020,Austria,AUT,9.27558822830518e-07,1.50805222234105e-02,9.47562115704106e-12,3.39950440883848e-05,8.09750772737892e-06,2.04799955635266e-06,1.53631725736407e-05,1.96528177187306e-03,1.68405519710142e-05,,,World_5,,8916864
2020,Yugoslavia/Serbia (1991/1992),SRB,1.86772901478784e-07,2.49538477459346e-03,1.21072270880386e-11,9.1010385528332e-06,1.43561696554044e-06,4.38745451077173e-07,4.15002763072891e-06,1.2688014585012e-03,1.09366911972107e-05,,,World_2,,6899126
2010,Venezuela,VEN,4.64154944074629e-07,8.96243596410959e-03,5.77327746695541e-11,2.13719337710662e-05,3.72414130734423e-06,1.23203274121606e-06,1.03665110022776e-05,1.6581969520951e-03,1.21192520270778e-05,LACC_2,,World_9,,2.88131e+07
2020,Mexico,MEX,2.70510314347242e-07,5.79795399478228e-03,4.06932132532607e-11,1.04466738345084e-05,3.49869064949913e-06,1.40056561331894e-06,9.56101732230948e-06,3.13624133155132e-03,2.36533154028629e-05,LACC_2,,World_9,,1.267991e+08
2020,Nepal,NPL,8.43218151266394e-07,4.22223326839436e-03,7.28884476404938e-12,5.02293296714403e-06,1.17869121177512e-05,5.71394952614203e-06,3.77405746620287e-06,1.38462488046482e-03,1.48795251497004e-05,,,World_7,,2.896657e+07
2002,Togo,TGO,4.30989698100083e-07,1.90686372364951e-03,6.67817410249415e-12,2.05152481899368e-06,6.74818669860205e-06,2.46898565777494e-06,1.18177900687788e-06,6.45529344130037e-04,9.75730204992629e-06,,SSA_2,World_7,,5413274
2009,Guinea,GIN,8.36459233446056e-07,3.38468989933167e-03,1.8063390197636e-11,3.42135613089227e-06,1.34288447903562e-05,5.72780406339231e-06,2.11007865712187e-06,8.16875695703414e-04,5.26813368999056e-06,,SSA_1,World_4,,1.014353e+07
2020,Germany,DEU,6.40948900389979e-07,1.42047496133507e-02,6.94100175760907e-12,2.40944102161566e-05,6.65796115793033e-06,1.69326312839815e-06,1.39953827983616e-05,2.52311272668238e-03,2.53822899429915e-05,,,World_5,,8.316087e+07
2011,Ghana,GHA,3.91792032628286e-07,2.37027594812314e-03,1.05713776980772e-11,4.32919494584858e-06,5.17661875786271e-06,1.30727592468283e-06,2.91809325284769e-06,7.86602438743935e-04,9.35326509143092e-06,,SSA_3,World_8,,2.609509e+07
2010,Georgia,GEO,2.85531209923361e-07,4.41929029251279e-03,1.26852957671472e-11,4.62953147710043e-06,4.47257338385038e-06,1.73765836238356e-06,3.96332578857027e-06,6.86602836634115e-03,1.22688810898964e-04,,,World_2,,3786695
2007,Yugoslavia/Serbia (1991/1992),SRB,2.78336298578051e-07,4.10569538812566e-03,6.26327377606435e-12,8.36324425472611e-06,2.24478525738623e-06,7.22013907071704e-07,5.76616923053603e-06,2.55383401582336e-03,2.97766878517676e-05,,,World_2,,7381579
2006,Mauritania,MRT,5.3361820951319e-07,4.88870509193662e-03,1.71144720908153e-11,5.97597627530733e-06,7.06591250792133e-06,2.95754300119157e-06,2.98630439816574e-06,8.32645872023536e-03,2.69109845664824e-05,,SSA_4,World_1,,3013660
2004,Indonesia,IDN,5.678885711286e-07,3.61028925279336e-03,2.47495289005969e-11,6.4492321491166e-06,7.51647129574502e-06,3.45396358810223e-06,6.3044773011183e-06,1.51345658399286e-03,7.05076069670136e-06,,,World_8,EAP_5,2.279267e+08
2015,Iraq,IRQ,2.29254908717347e-07,5.83215948705506e-03,3.32713628978024e-12,1.50504177020822e-05,2.03599079042485e-06,3.12840958349934e-07,2.27349680365469e-05,1.08657804877758e-02,9.79528534086497e-05,,,World_6,,3.756054e+07
2010,Qatar,QAT,2.2493872972318e-06,6.86248012747274e-02,4.4682478495902e-11,9.67813961253544e-05,2.40173706127007e-05,4.35661841876733e-06,5.86923371771528e-05,4.21665385044841e-02,9.34166181207485e-04,,,World_6,,1616832
2020,Oman,OMN,7.58678021205845e-07,2.75521092894859e-02,6.94244767525316e-12,3.93627597341303e-05,7.4396848346184e-06,1.30865426676848e-06,2.66483478510208e-05,8.21109133996664e-03,2.4667398044586e-04,,,World_6,,4522497
2021,Belgium,BEL,1.16315837459233e-06,1.97031226248847e-02,1.12130097176908e-11,3.66583392168326e-05,1.15299577234672e-05,4.04283321650243e-06,1.85990401538185e-05,,,,,World_5,,1.15862e+07
2015,Armenia,ARM,2.06191257065903e-07,4.71573754318282e-03,1.33262369744404e-11,7.95430452613313e-06,2.58874220486043e-06,1.10928212622761e-06,2.64553534559795e-06,5.65449437101724e-03,7.04041286504982e-05,,,World_2,,3004600
2016,DR Congo,COD,5.38604331628931e-07,1.71991170602219e-03,1.04329490166948e-11,1.32398877740648e-06,7.54336536665914e-06,3.24065734734481e-06,8.35910205594949e-07,1.98698834035411e-04,1.34886242699266e-06,,SSA_1,World_4,,8.395642e+07
2011,Luxembourg,LUX,1.90572264078647e-06,4.00595991394118e-02,2.8624799175872e-11,6.9460879622183e-05,1.7312030619677e-05,4.59343660054066e-06,3.73091981535437e-05,4.92204029178788e-03,5.17763737554532e-05,,,World_5,,518347
2018,Philippines,PHL,2.88518131699119e-07,3.48403628100402e-03,2.36949476652711e-11,6.43602357393252e-06,3.81117266899916e-06,1.46149567281265e-06,5.36501661619917e-06,6.61859597453057e-04,1.10353712682266e-05,,,World_8,EAP_5,1.094653e+08
2017,Norway,NOR,1.27117444921714e-06,1.69330034106527e-02,8.11261192747589e-12,4.96187418280922e-05,1.16450379709333e-05,3.43167429159533e-06,2.56318552452105e-05,2.87452697038466e-03,2.76780781979631e-05,,,World_5,,5276968
2004,Kyrgyzstan,KGZ,3.91508168488106e-08,1.60043977799689e-03,1.48602956541607e-11,2.20511913032501e-06,6.86198188043143e-07,9.50775023464211e-08,3.37586934286809e-06,5.47968332698075e-03,8.05628201375954e-05,,,World_3,,5104713
2007,Pakistan,PAK,4.05790285532741e-07,2.82730534756619e-03,1.26389925583471e-12,4.93065215607628e-06,5.07097657643055e-06,2.49482229297306e-06,5.09797978214047e-06,8.54338009173139e-03,3.13796554364466e-04,,,World_1,,1.844932e+08
2005,Sierra Leone,SLE,6.86885265017791e-07,2.19894535395286e-03,2.40636365310396e-11,1.68206410046126e-06,1.09690621741606e-05,4.58794003941671e-06,9.22530932129748e-07,3.70922554273324e-04,5.91229540854712e-06,,SSA_2,World_7,,5501712
2007,Jordan,JOR,2.64950158383152e-07,5.96876269950655e-03,5.92543751763315e-12,1.18899676901175e-05,2.44283238755479e-06,6.0957714631095e-07,1.64854424420974e-05,1.01747829084525e-02,1.42884426721887e-04,,,World_3,,6827227
2013,Libya,LBY,8.61004663139311e-07,1.38586672069504e-02,8.42065856303327e-12,2.74989867743364e-05,6.99813338967192e-06,1.25057227411461e-06,2.23749150499462e-05,2.05607778766026e-02,3.63615942993098e-04,,,World_6,,6304628
2012,Italy,ITA,6.27087759044418e-07,1.22999684720848e-02,1.54350612090478e-11,2.15995941995069e-05,6.87253566548623e-06,2.28268813474317e-06,1.4101488173203e-05,4.51620285400092e-03,4.15116584420215e-05,,,World_5,,5.953972e+07
2018,Albania,ALB,3.47369298134025e-07,4.43346724588976e-03,1.9987012212333e-11,1.03197053561627e-05,4.00442902400205e-06,1.19558253257284e-06,5.69081875298457e-06,2.77871500544227e-03,1.83724749560852e-05,,,World_2,,2866376
2011,Sweden,SWE,1.12118759391067e-06,1.76130937582514e-02,8.11468906380493e-12,3.72963364337242e-05,9.85522565356941e-06,2.78685273998591e-06,2.56178392933578e-05,3.06274763665306e-03,2.94821477257282e-05,,,World_5,,9449213
2014,Tanzania,TZA,5.99862050922685e-07,2.76139612760898e-03,1.40045964803103e-11,2.68409406418761e-06,8.66931044058868e-06,3.89324118324278e-06,1.41390853867259e-06,5.67694614007792e-04,9.20009020061326e-06,,SSA_2,World_7,,5.035151e+07
2002,New Zealand,NZL,1.49673490010274e-06,1.64480305698043e-02,7.1392022103281e-11,4.32042725430168e-05,1.04174034346388e-05,3.72108591443072e-06,2.12566782479652e-05,2.39850480360787e-03,2.32304347406848e-05,,,World_5,EAP_1,3948500
2021,Iceland,ISL,7.01176865772971e-07,1.37641942790408e-02,6.68005314631767e-12,2.67912672295765e-05,7.2884637652347e-06,1.48745594969005e-06,2.02906277079574e-05,,,,,World_5,,372520
2019,Niger,NER,2.6753572944825e-07,2.07328463013179e-03,2.73573509215654e-12,1.92243183085195e-06,3.79906972267298e-06,1.93456700828671e-06,6.82978696749185e-07,4.75565376193149e-04,6.14158694669671e-06,,SSA_2,World_7,,2.294776e+07
2021,Macedonia,MKD,4.82964793192803e-07,7.12405712927048e-03,1.28527885621225e-11,1.19696848332467e-05,7.58644406307496e-06,2.35296998041163e-06,2.46765922553308e-05,,,,,World_2,,1837114
2003,Gabon,GAB,1.75882271968788e-06,1.79361300296977e-02,4.59523173118388e-11,1.20876197709213e-05,2.46007603145696e-05,1.18991038939061e-05,8.40643312846066e-06,1.07592182895641e-03,1.21338876385588e-05,,SSA_3,World_8,,1382350
2018,Sri Lanka,LKA,6.02864792413978e-07,3.99048924267282e-03,2.96110929105024e-11,9.51438292844439e-06,7.31437452187425e-06,3.12850464219084e-06,8.87606804143632e-06,3.63643536893996e-03,9.31914030246119e-05,,,World_3,,2.167e+07
2010,Estonia,EST,1.17943008984864e-06,1.91783712919219e-02,5.46372058156227e-12,4.97594015292301e-05,1.48264290574841e-05,6.56594241831606e-06,7.66859231699559e-05,1.55573643755148e-03,2.06339656485307e-05,,,World_5,,1331475
2006,Germany,DEU,8.99708483897289e-07,1.83680454815964e-02,1.13829530024894e-11,3.80477229628902e-05,7.94109642873933e-06,1.93952662946833e-06,2.07463916034076e-05,4.29343663813213e-03,4.4841379895265e-05,,,World_5,,8.237645e+07
2014,Botswana,BWA,1.02508345967522e-06,8.97287521329752e-03,8.25990807347729e-11,3.08672845964716e-05,1.26688329792396e-05,4.53252330700356e-06,3.60124823429854e-05,7.0144766042448e-04,9.62410552788618e-06,,SSA_3,World_8,,2172044
2010,Uganda,UGA,8.97220646515801e-07,3.16015418416426e-03,7.83042968311109e-12,2.63722868378199e-06,1.48611064597944e-05,5.90313841093197e-06,1.83516516794337e-06,3.39062893187915e-03,3.82970605642062e-06,,SSA_2,World_7,,3.23908e+07
2014,Kazakhstan,KAZ,5.14706296477846e-07,1.45736304557418e-02,2.12067557755829e-11,2.66487603360037e-05,8.06173383650053e-06,5.67277034049508e-07,4.9898251714671e-05,4.66303005479556e-03,7.05607523511738e-05,,,World_3,,1.781628e+07
2002,Malaysia,MYS,5.31126169587324e-07,7.54704359908526e-03,3.6862992824768e-11,1.77934254092224e-05,5.27885595155946e-06,1.46537346919709e-06,1.29359582925465e-05,3.03454256983645e-03,4.26727165434837e-05,,,World_3,EAP_4,2.410248e+07
2006,Cyprus,CYP,8.12317408740035e-07,1.45315082103657e-02,1.79074460999972e-11,4.0431954898162e-05,6.6258845625676e-06,1.20596546894825e-06,3.83708970445926e-05,9.98899389845299e-03,6.05604921311245e-05,,,World_5,,1054418
2010,Gambia,GMB,3.45793073155134e-07,1.6683073167055e-03,2.62093293258116e-12,2.57371099839163e-06,4.80010665382106e-06,2.05756783823669e-06,1.63720551464508e-06,7.9859948841692e-04,1.5170782580671e-05,,SSA_2,World_7,,1926630
2020,Jamaica,JAM,4.37598937956781e-07,4.56025819935349e-03,5.23917959295792e-11,2.29615442374315e-05,4.43677024175627e-06,1.28100741050385e-06,2.64628970125267e-05,3.06815873515812e-03,1.79832905904725e-05,LACC_2,,World_2,,2830739
2004,Azerbaijan,AZE,1.74151325867058e-07,5.76727185163542e-03,1.40463113487801e-11,1.12597610068582e-05,1.66100139478315e-06,4.34075030354111e-07,8.30549441687197e-06,9.73234390572936e-03,1.12065827711495e-04,,,World_6,,8306500
2002,Laos,LAO,6.73630426639253e-07,3.34632549260869e-03,2.4533079833796e-11,2.82063238043552e-06,9.91381403282879e-06,5.4250257929429e-06,1.57576769634682e-06,2.91484910546375e-04,3.58297784290486e-06,,,World_1,EAP_2,5610889
2003,Mongolia,MNG,2.88224868900136e-07,6.16877787331761e-03,3.89395195730404e-12,9.63224556439493e-06,6.67728552136887e-06,6.70049025346968e-07,1.92589376045224e-05,1.12592059622303e-03,7.66708402337881e-06,,,World_8,EAP_5,2480374
2014,Mozambique,MOZ,4.54375209821976e-07,2.45151390564605e-03,1.94430683449436e-11,3.56049792276409e-06,6.43454337609551e-06,2.81883505324557e-06,3.8318761488454e-06,5.57405609130315e-04,1.49298003427022e-05,,SSA_2,World_7,,2.578848e+07
2018,Cuba,CUB,5.27231957818412e-07,4.97876009945442e-03,1.09758180046427e-10,1.0298824296664e-05,4.33418436362531e-06,2.17006625224817e-06,2.33206671597575e-05,1.51566226204848e-03,3.10851114259947e-05,LACC_2,,World_3,,1.122712e+07
2008,Paraguay,PRY,7.54859857271922e-07,6.06406600927359e-03,2.99848676678437e-11,1.00782057549812e-05,8.75089202164233e-06,3.90053652290167e-06,3.24306628857924e-06,1.40051856356345e-03,4.7517380200877e-06,LACC_2,,World_9,,5613574
2010,Cyprus,CYP,8.44755515332233e-07,1.46214603274369e-02,1.78775950817945e-11,4.06088248012133e-05,6.92121987967723e-06,1.08332549871861e-06,3.71039040680705e-05,9.73232919269978e-03,5.6715546558778e-05,,,World_5,,1127816
2008,Uruguay,URY,8.57038768602546e-07,9.48965436409317e-03,1.79714807531202e-11,1.42498543400372e-05,8.26532924928082e-06,3.97033099409805e-06,1.95380861053015e-05,1.17239520511939e-03,8.44344662711744e-06,LACC_1,,World_5,,3302177
2019,Gabon,GAB,1.62434420939829e-06,1.23816516793748e-02,5.03698512805196e-11,1.32813204574218e-05,2.5815839016646e-05,1.27254158203049e-05,7.43326242949915e-06,1.25519878461542e-03,1.41093793667176e-05,,SSA_3,World_8,,2267706
2018,Rep Congo,COG,5.90511758227173e-07,5.39899597169162e-03,4.67713985544356e-11,5.37400509198266e-06,8.18157796521457e-06,3.60402642624892e-06,2.32600303661665e-06,7.89305973627496e-04,8.72926525716762e-06,,SSA_4,World_1,,5483118
2008,Burkina Faso,BFA,5.5436342890771e-07,2.14681237214027e-03,3.10411822401986e-12,1.91696520951511e-06,8.64968806441447e-06,3.82980748134705e-06,1.0660876091091e-06,3.33109704941739e-04,3.40928292501453e-06,,SSA_2,World_7,,1.525809e+07
2018,Pakistan,PAK,3.97456178902048e-07,3.02435073219164e-03,1.12583711276704e-12,4.68303946571053e-06,5.23196547139722e-06,2.48042047559465e-06,4.9133631304666e-06,5.87267647761213e-03,2.25710800799096e-04,,,World_1,,2.269289e+08
2005,Niger,NER,2.63470632453806e-07,1.69701638476458e-03,4.17347248212949e-12,1.38643999080442e-06,3.95865847851664e-06,1.8965720308179e-06,5.42912010642025e-07,8.02082668162599e-04,1.05606479652344e-05,,SSA_2,World_7,,1.375619e+07
2007,Spain,ESP,1.0301433900932e-06,1.46906654092822e-02,2.69749620864065e-11,3.89532851211582e-05,8.64014615751341e-06,2.15870168301362e-06,2.2206250399791e-05,1.85785412048437e-02,1.03223690832756e-04,,,World_5,,4.52268e+07
2006,Latvia,LVA,1.22570055060855e-06,1.24354511162519e-02,4.13506956823038e-12,2.77677546878737e-05,1.63430167204302e-05,7.04452785759384e-06,1.51669707168844e-05,1.63415692279107e-03,1.68922576754687e-05,,,World_5,,2218357
2005,Zambia,ZMB,1.01324060096168e-06,2.96871365860464e-03,1.2234331895376e-11,3.01628956176734e-06,1.39084962313582e-05,5.48773852485681e-06,3.44342469145056e-06,2.69857213097105e-04,2.91794005425646e-06,,SSA_2,World_7,,1.171882e+07
2015,Syria,SYR,6.69690248554262e-08,2.20156648759564e-03,9.5308982062247e-12,3.63100531619479e-06,6.74055217941846e-07,3.20847561603152e-07,6.63265303127902e-06,1.99143279471947e-02,2.20324748304856e-04,,,World_6,,1.942462e+07
2012,Costa Rica,CRI,7.12540751065279e-07,5.23424855091879e-03,6.06948291859319e-11,1.47644877824156e-05,5.13134705801658e-06,2.1520430956797e-06,8.46724627354379e-06,3.92450555033013e-03,2.6001511968455e-05,LACC_1,,World_5,,4663934
2018,Zimbabwe,ZWE,1.11688846670598e-06,4.32568349932304e-03,1.19358447416071e-11,6.58573113974665e-06,1.75539830051736e-05,7.85042527743439e-06,7.61314874921248e-06,6.81171362221769e-04,1.18027713906392e-05,,SSA_4,World_1,,1.503445e+07
2005,Cuba,CUB,3.13243613387733e-07,3.27513616748562e-03,7.79032344889797e-11,7.0313124700544e-06,3.06776211714667e-06,1.31253466197768e-06,1.0827398378625e-05,1.62094161447533e-03,2.46540332247949e-05,LACC_2,,World_3,,1.126255e+07
2011,Nicaragua,NIC,4.85153871856129e-07,3.87862116045316e-03,6.01309195946079e-11,9.9709008134887e-06,6.45606192434177e-06,2.92819930790184e-06,9.72258872351519e-06,8.68663807052946e-04,6.19251063200053e-06,LACC_2,,World_9,,5819051
2006,Guatemala,GTM,6.92083520901688e-07,4.48676467213111e-03,4.15620355437795e-11,9.44822687925372e-06,9.70825116654968e-06,4.65771273510865e-06,6.75346237701679e-06,1.00476121519777e-03,1.00148106077786e-05,LACC_2,,World_9,,1.336746e+07
2011,Australia,AUS,2.00322573848755e-06,3.29947851347929e-02,1.29276824984848e-10,7.31950730404864e-05,1.71715562903013e-05,5.23094737366365e-06,5.55891522679295e-05,8.08898986518775e-03,4.82374119949902e-05,,,World_5,EAP_1,2.234002e+07
2010,Liberia,LBR,1.15129856590382e-06,3.11794006756751e-03,3.92736556208306e-11,3.11484231220881e-06,1.86171927592604e-05,8.17251269653277e-06,1.8604721692173e-06,8.78382350910081e-05,1.25215756809461e-06,,SSA_2,World_7,,4058890
2005,Yemen Arab Republic/Yemen (1990/1991),YEM,1.06117107346736e-07,2.38699368359168e-03,1.0749976449531e-11,4.68395313840103e-06,1.15282425253819e-06,4.26996524264854e-07,5.15269319869966e-06,6.95539056919558e-03,1.41510057483946e-04,,,World_1,,2.279008e+07
2004,Tanzania,TZA,6.26615190349761e-07,2.59787548155663e-03,1.66161428560927e-11,2.09670959317084e-06,8.92170133273478e-06,4.32656618337077e-06,1.17331500327291e-06,8.66522579460257e-04,8.80963706704267e-06,,SSA_2,World_7,,3.810967e+07
2016,Bolivia,BOL,4.08056029844208e-07,6.0007080343228e-03,7.18149725472897e-11,8.68946122099259e-06,4.90144575037317e-06,2.1308760621451e-06,3.30616673981038e-06,3.98479468189865e-04,1.59911311675715e-06,LACC_2,,World_8,,1.118002e+07
2008,El Salvador,SLV,4.69874952366496e-07,4.47932963260825e-03,2.74825409268251e-11,2.24488943707421e-05,5.0363574609446e-06,2.15450740391084e-06,1.73585459874226e-05,7.85646484650536e-04,7.98790603170808e-06,LACC_2,,World_9,,6029297
2017,Belgium,BEL,1.11932968532293e-06,1.93306717581686e-02,1.2555064459219e-11,3.65053027437986e-05,1.05829152878618e-05,3.39432530047758e-06,1.84521505815715e-05,4.71177824400825e-03,5.19744866746763e-05,,,World_5,,1.137516e+07
2007,Sweden,SWE,1.13738364952839e-06,1.82550683049709e-02,8.63196497754057e-12,4.17826411080014e-05,9.95471690347151e-06,2.63924070024148e-06,2.7761850641849e-05,3.14812266157923e-03,3.34447684810888e-05,,,World_5,,9148092
2020,Tunisia,TUN,2.6792088783939e-07,3.52382612744609e-03,9.84461389188969e-12,4.77699609276258e-06,4.14551384087381e-06,1.51051682083613e-06,3.37495960009262e-06,6.68557121023904e-03,8.98376658661288e-05,,,World_3,,1.197406e+07
2008,Slovenia,SVN,1.09747334934698e-06,1.74268024131269e-02,1.13044461576883e-11,2.98140018791463e-05,1.32164376921909e-05,4.66911070571777e-06,2.45180845549714e-05,3.34468931984011e-03,3.66363440868098e-05,,,World_5,,2021316
2014,Sweden,SWE,1.04984531511467e-06,1.64827159886046e-02,8.03670721960525e-12,3.46597467640655e-05,9.37016666822168e-06,2.73088707930625e-06,2.29401593569452e-05,2.93432228581229e-03,2.7792598795411e-05,,,World_5,,9696110
2005,United Arab Emirates,ARE,3.29808477524675e-06,3.76078301981667e-02,3.09617623994982e-11,1.81470939363364e-04,1.9198857777836e-05,4.63535892074814e-06,3.06062170384941e-05,5.4089953991689e-02,1.19239028002395e-03,,,World_6,,4664790
2006,Macedonia,MKD,3.82068743769569e-07,6.59359265643756e-03,9.57049189060677e-12,1.15156591489982e-05,6.87166859468893e-06,1.8698342740288e-06,3.35253019185948e-05,1.20775994608571e-02,9.63217667961582e-05,,,World_2,,1994287
2019,Bolivia,BOL,4.17989002768488e-07,6.24175322543461e-03,7.42902218316589e-11,9.26303947146834e-06,4.97333318222795e-06,2.14044549015794e-06,4.70711682141301e-06,4.79608851651608e-04,1.75368689567129e-06,LACC_2,,World_8,,1.167139e+07
2006,Sri Lanka,LKA,5.93125158405549e-07,3.04783371253082e-03,2.26812448530984e-11,7.61769797122032e-06,6.52062779663757e-06,3.17646560396726e-06,6.35245191395064e-06,2.80231456728291e-03,8.47706161865945e-05,,,World_3,,2.035241e+07
2003,Burundi,BDI,7.12758151537824e-07,1.98902590240823e-03,7.88743333593747e-12,1.18235098067049e-06,1.21955579879913e-05,5.24097936883947e-06,6.52218497631763e-07,2.03488919299782e-03,4.32558603548284e-06,,SSA_1,World_4,,7043154
2006,Iran,IRN,3.37539832706113e-07,8.92606024247524e-03,9.28472048123181e-12,1.70613668514411e-05,2.92963288213904e-06,6.69866665725921e-07,1.53603946256574e-05,2.36419058251587e-02,2.87646944168662e-04,,,World_6,,7.339274e+07
2004,Algeria,DZA,4.17653118996379e-07,4.83395451943887e-03,7.30744625469894e-12,7.95555488307213e-06,2.16141884623647e-06,4.1604836300741e-07,3.31591373734645e-06,3.72947884934042e-03,3.56191959690475e-05,,,World_3,,3.262829e+07
2015,Haiti,HTI,7.48250006134296e-07,2.89096333807792e-03,5.37613359829728e-11,5.36988408033952e-06,1.02485855575212e-05,3.37675488024439e-06,2.86272848122012e-06,1.28842081793703e-03,2.45105728465135e-05,LACC_3,,World_1,,1.052324e+07
2007,Dominican Republic,DOM,5.13987701922845e-07,4.52002061854742e-03,6.65390489072393e-11,1.61172621722158e-05,5.49877159984568e-06,1.84301448099741e-06,1.40491952122246e-05,2.21132805748519e-03,4.86419793696744e-05,LACC_2,,World_9,,9455658
2003,Nepal,NPL,6.68240761444255e-07,2.93405938903887e-03,7.81020405770038e-12,1.90666232981605e-06,9.51010540472128e-06,4.88365401582801e-06,1.25016019962804e-06,8.55211686674124e-04,8.80752594867743e-06,,,World_7,,2.568876e+07
2009,Malaysia,MYS,4.95187496429543e-07,8.38388117259141e-03,3.1771237012478e-11,1.73390833900011e-05,5.34315855099112e-06,1.63979606295828e-06,1.37570957613781e-05,2.04058537422379e-03,3.034823374475e-05,,,World_3,EAP_4,2.812478e+07
2004,Angola,AGO,4.99004685105597e-07,3.56355518530803e-03,2.48244216699723e-11,3.16581941531482e-06,7.28703102297819e-06,3.249032772433e-06,2.82905113793657e-06,1.58571981655388e-03,1.69373249759621e-05,,SSA_1,World_4,,1.860042e+07
2013,Sweden,SWE,1.08400504497869e-06,1.7354914943256e-02,8.18360744506295e-12,3.55172007240864e-05,9.60850841986869e-06,2.76041802357564e-06,2.39073972127959e-05,3.03619508574866e-03,2.86750265751796e-05,,,World_5,,9600379
2007,Slovakia,SVK,4.68416882647293e-07,1.12577794431359e-02,7.19153218392546e-12,2.33086365038213e-05,5.30688002244482e-06,1.18833643914299e-06,1.86526879285738e-05,1.872217782383e-03,2.62762758820825e-05,,,World_5,,5374622
2013,Italy,ITA,6.04176543670237e-07,0.01176558855444,1.5022760847852e-11,2.05961311731607e-05,6.58163170307512e-06,2.25932536988255e-06,1.33637612411544e-05,4.62933182262952e-03,4.1747566188084e-05,,,World_5,,6.023395e+07
2010,Nigeria,NGA,1.12186482947584e-06,4.2808181096851e-03,5.63456565253448e-12,3.58292612231094e-06,1.67736952136722e-05,7.95233018844471e-06,1.70199289693767e-06,4.19212064152689e-04,5.44778253154319e-06,,SSA_2,World_7,,1.666429e+08
2002,Uganda,UGA,9.08971843635902e-07,2.77752953774724e-03,8.44540142251713e-12,1.88748449881772e-06,1.49178870895353e-05,6.2991399157217e-06,1.16262859894453e-06,2.90242857681639e-03,2.78150169030872e-06,,SSA_2,World_7,,2.553287e+07
2011,Indonesia,IDN,5.93600404123354e-07,4.29427734837137e-03,2.64924746429747e-11,7.48049487718477e-06,7.8738696626121e-06,3.5478166464519e-06,7.98890181901624e-06,1.81107606640469e-03,1.17607714721655e-05,,,World_8,EAP_5,2.4947e+08
2005,Rwanda,RWA,4.07568444156923e-07,1.31752166979803e-03,1.08617154298312e-11,1.09642435987919e-06,6.37659510437828e-06,2.64329129320604e-06,7.59851254608388e-07,2.25325450433132e-03,3.73324618587883e-06,,SSA_4,World_7,,9054528
2009,Senegal,SEN,3.89913426301097e-07,2.48235416361737e-03,4.03145246663919e-12,4.5390305755246e-06,5.05176966410467e-06,1.65973459258983e-06,4.7759925701346e-06,4.52005882105279e-03,1.53099342361953e-05,,SSA_2,World_7,,1.233739e+07
2010,Peru,PER,4.77460187698379e-07,4.01603580962765e-03,8.804160250965e-11,8.91375309731524e-06,5.1758048173044e-06,2.06023289873613e-06,5.5410936166928e-06,1.47635862521464e-03,6.29291120338097e-06,LACC_2,,World_2,,2.908602e+07
2021,Angola,AGO,3.12562670021083e-07,2.06330222327534e-03,1.43322073833426e-11,2.45225894815422e-06,4.33633046589739e-06,2.20539871907681e-06,1.55669870360596e-06,,,,SSA_1,World_4,,3.453243e+07
2015,Gabon,GAB,1.950521862874e-06,1.5626950103128e-02,5.56293757416502e-11,1.63041880579056e-05,3.0690397734936e-05,1.47995747828389e-05,9.28560068821586e-06,1.28302783642204e-03,1.67204138069752e-05,,SSA_3,World_8,,2040989
2010,Papua New Guinea,PNG,3.89001964184342e-07,2.1919090757021e-03,2.1292300538206e-10,3.90025286502011e-06,5.65825346354933e-06,2.47051944102461e-06,3.16071986944644e-06,4.28386142583203e-04,4.57862034838829e-06,,,World_7,EAP_6,7633523
2005,Egypt,EGY,1.16158134702656e-07,2.88230870013408e-03,1.69523371085692e-12,3.27178130337402e-06,1.4672522022066e-06,5.67608057904453e-07,4.63756705615945e-06,5.60846990872543e-02,6.26544403526617e-04,,,World_6,,8.110101e+07
2002,Kyrgyzstan,KGZ,3.67735988987229e-08,1.47669046802476e-03,1.4295348190451e-11,2.01170902355185e-06,6.61154897608211e-07,1.01495097697146e-07,3.17996387674524e-06,5.36958798541574e-03,8.64943610599406e-05,,,World_3,,4990704
2002,Japan,JPN,9.02049871189078e-07,0.0156894532938,1.66597479160075e-11,4.21418042243194e-05,7.53433346195045e-06,1.6441948072536e-06,2.56640774030217e-05,3.35768860453385e-03,3.33612888370357e-05,,,World_5,EAP_1,1.27445e+08
2008,Estonia,EST,1.30291417402843e-06,2.00094629307373e-02,7.72849715877181e-12,5.35698443393468e-05,1.54938733953539e-05,6.56696220251459e-06,7.86989423811606e-05,2.49885570448118e-03,2.88404945876848e-05,,,World_5,,1337090
2021,Bolivia,BOL,3.96475163467778e-07,5.96961086273278e-03,7.01861539821487e-11,8.70591565555341e-06,4.73124740204098e-06,2.17849164276064e-06,4.31867093550912e-06,,,LACC_2,,World_8,,1.193736e+07
2003,CSSR/Czech Republic (1990/1991),CZE,7.6981872517754e-07,1.46941231363017e-02,7.85100048872095e-12,2.97900055701436e-05,9.70639637554453e-06,2.76872290672114e-06,2.49318844444758e-05,1.70428287011194e-03,1.71741919540468e-05,,,World_5,,1.0194e+07
2007,Singapore,SGP,2.42624912967004e-06,2.27697381202585e-02,4.14911058842416e-11,6.81894508704692e-05,2.33261391975457e-05,6.68739926385993e-06,4.73644348091882e-05,6.72833307142149e-03,7.84706541622966e-05,,,World_5,EAP_1,4588599
2013,Austria,AUT,9.71777050899791e-07,1.77209762063143e-02,1.13792712064591e-11,3.5012679588177e-05,8.53614119080149e-06,2.09748824433117e-06,2.12281190172438e-05,2.2625062698822e-03,2.10413240665974e-05,,,World_5,,8479823
2009,Panama,PAN,4.95496498533995e-07,4.05455090317379e-03,1.01067319248467e-10,1.09631872014663e-05,4.61670208067462e-06,1.30544398294799e-06,1.22927958250487e-05,1.33516835096292e-03,8.30455709023721e-06,LACC_2,,World_2,,3564381
2011,Iraq,IRQ,3.15193571252759e-07,5.83371250496912e-03,4.06147014505667e-12,1.71726219887133e-05,2.45988129077243e-06,3.15300577292672e-07,2.23587067429709e-05,1.56851287408849e-02,1.60332275461705e-04,,,World_6,,3.216142e+07
2021,Kuwait,KWT,8.40279770790073e-07,3.25512539167245e-02,1.64705468104545e-11,3.79063642867587e-05,9.20625497132021e-06,2.04581947805954e-06,2.66293400132602e-05,,,,,World_3,,4360865
2004,Austria,AUT,1.22556949088735e-06,1.95060292576561e-02,1.20853348804371e-11,5.46232602358281e-05,9.0764928166422e-06,2.08604286833046e-06,2.66549402702099e-05,2.33158777166979e-03,2.4243013871969e-05,,,World_5,,8171966
2007,Bahrain,BHR,7.12724689284194e-07,1.98262049204268e-02,1.93720911169858e-11,3.17295057986755e-05,1.06085902255707e-05,2.13830993512524e-06,1.74121204737937e-05,2.37029760599183e-02,6.29228458928134e-04,,,World_6,,1039295
2021,Sierra Leone,SLE,5.91590452338872e-07,2.10680755563291e-03,1.82093717204792e-11,1.97968818892199e-06,9.44362604346162e-06,3.72136484873301e-06,9.98475178985799e-07,,,,SSA_2,World_7,,8094602
2021,CSSR/Czech Republic (1990/1991),CZE,9.02972655740039e-07,1.4017139201639e-02,6.41646666387723e-12,2.07205223752439e-05,1.1238579061447e-05,3.92851095705244e-06,1.76224350565041e-05,,,,,World_5,,1.050577e+07
2005,Bhutan,BTN,3.14689875685058e-06,1.04824222458825e-02,5.01382268510213e-11,1.30197691530089e-05,4.50877830613424e-05,2.18210824467295e-05,7.87164205967714e-06,4.19533545041406e-03,5.12150783167954e-05,,,World_7,,661865
2013,Sri Lanka,LKA,6.30560352811926e-07,3.63311747321952e-03,2.7346527565412e-11,8.02247057875025e-06,7.22185938920282e-06,3.21807558371888e-06,6.90723646943367e-06,2.94974151341263e-03,8.55167508954064e-05,,,World_3,,2.0585e+07
2006,Slovenia,SVN,1.07491367678965e-06,1.66834251010169e-02,1.09641724781728e-11,3.15784782035437e-05,1.24593137223633e-05,4.60366291719936e-06,2.26366492287634e-05,2.98044926905964e-03,2.98720513925298e-05,,,World_5,,2006868
2002,Poland,POL,5.2806390512551e-07,0.01068872721913,4.95177884810576e-12,1.83126620787092e-05,7.86940690751391e-06,1.90521649180997e-06,3.48003356622438e-05,9.64864103361883e-04,1.74407022055962e-05,,,World_5,,3.823036e+07
2010,Albania,ALB,3.56691218961848e-07,4.24902000884027e-03,1.74328237782021e-11,9.27805551970099e-06,4.17358417764163e-06,1.35239864991266e-06,5.35453414195867e-06,3.39178734763815e-03,2.38487956763308e-05,,,World_2,,2913021
2004,Nicaragua,NIC,5.42813403961096e-07,3.56370160717588e-03,7.97460645406642e-11,1.02174320716872e-05,7.14471767998324e-06,3.29845896581659e-06,9.44908119273548e-06,8.39074649116575e-04,7.05079285360856e-06,LACC_2,,World_9,,5272912
2009,Madagascar,MDG,4.93331953961219e-07,2.32895381056334e-03,3.0843682786755e-10,1.74972147608537e-06,7.55334111665008e-06,3.1377588513936e-06,1.2848538660514e-06,9.33706562227102e-04,1.55366954267197e-05,,SSA_2,World_7,,2.154728e+07
2003,Gambia,GMB,3.76298334357231e-07,1.79114044067126e-03,3.20740982132974e-12,2.60852569168358e-06,5.20956831113578e-06,2.15538696750052e-06,1.96665960358833e-06,1.49121695616468e-03,3.02592117907758e-05,,SSA_2,World_7,,1577611
2012,Malawi,MWI,3.10513221244911e-07,1.50672842319156e-03,4.61248709643626e-12,1.4427059589108e-06,4.35323552828444e-06,2.02069472695988e-06,1.08295822793759e-06,1.43003227579377e-04,2.26441268810494e-06,,SSA_2,World_7,,1.570958e+07
2012,Papua New Guinea,PNG,3.97439650064986e-07,2.604638823822e-03,2.12732318270315e-10,4.69217376722022e-06,5.63529196747737e-06,2.26201802805767e-06,4.00395674519873e-06,5.27014797141807e-04,5.3660988654057e-06,,,World_7,EAP_6,8081390
2019,Mali,MLI,2.60149023199407e-07,1.88883454317388e-03,2.83442236760673e-12,2.14430111962884e-06,3.89541052049296e-06,1.6292132721903e-06,1.17705575072548e-06,1.25535057761038e-03,7.0890100409069e-06,,SSA_2,World_7,,2.10684e+07
2007,Cuba,CUB,3.11377086320831e-07,3.67390050846854e-03,1.00262404550992e-10,8.05852632778858e-06,3.06546962591476e-06,1.26629400659717e-06,1.65995358160999e-05,1.9627163780645e-03,3.10152163342209e-05,LACC_2,,World_3,,1.128727e+07
2020,Azerbaijan,AZE,1.4902294018647e-07,6.54493546801852e-03,1.72288055593832e-11,9.96707759152635e-06,1.85176723413064e-06,4.08887860306235e-07,3.62523882468543e-06,8.0991444609139e-03,9.58100005773445e-05,,,World_6,,1.009312e+07
2013,Australia,AUS,1.89622498103589e-06,3.21924158735784e-02,1.07021109449004e-10,6.84808698357221e-05,1.62331751365817e-05,4.89636132091711e-06,5.35456420760746e-05,8.14836215955014e-03,4.85535161393002e-05,,,World_5,EAP_1,2.312813e+07
2021,Panama,PAN,4.58461260928091e-07,4.59310903378272e-03,9.8939586484116e-11,1.43987405215456e-05,4.31616343724537e-06,1.33599436171268e-06,9.60715781450482e-06,,,LACC_2,,World_2,,4345405
2017,Mauritania,MRT,5.09359996517401e-07,4.41361896289724e-03,1.19978388645677e-11,5.0581950345674e-06,7.18763796619403e-06,2.90668746096979e-06,3.19808123658557e-06,7.62199057480145e-03,1.87961345024956e-05,,SSA_4,World_1,,4210600
2015,Mali,MLI,2.96334176915456e-07,1.87549427023573e-03,3.13530586681928e-12,1.90936020646625e-06,4.61281990526967e-06,1.74934978589678e-06,1.18726398804538e-06,1.29978869998579e-03,7.73869414417699e-06,,SSA_2,World_7,,1.859302e+07
2017,Bulgaria,BGR,4.98913640697365e-07,7.73261652774783e-03,7.08991551018264e-12,1.37610239802309e-05,6.31483568020432e-06,2.40167820195871e-06,4.29882448133297e-05,1.92332608539801e-03,1.77549755503434e-05,,,World_2,,7075947
2003,Libya,LBY,1.06577135111496e-06,1.38155924561694e-02,9.54241440874108e-12,2.95389781435079e-05,6.34372198442031e-06,1.22260631838953e-06,3.51790425316676e-05,2.29180257505265e-02,4.29476842270186e-04,,,World_6,,5619398
2021,Kyrgyzstan,KGZ,1.28376736638899e-07,3.01723561394669e-03,1.31648432548703e-11,3.2469325700047e-06,2.12557952080891e-06,1.44394166085578e-07,6.69789991861193e-06,,,,,World_3,,6851224
2011,India,IND,5.06854214555108e-07,2.83789018461007e-03,5.18414347550259e-12,5.72088974291651e-06,6.43861359775607e-06,2.41734075999726e-06,6.57365938206592e-06,5.36798196770069e-03,6.59695568712303e-05,,,World_7,,1.261225e+09
2018,New Zealand,NZL,1.33270976181738e-06,1.68542598169324e-02,5.12286303292611e-11,3.66098333760631e-05,1.10871408537853e-05,3.42102758971844e-06,1.98872928208616e-05,5.98563657365671e-03,6.08657902269089e-05,,,World_5,EAP_1,4900600
2004,United Arab Emirates,ARE,3.28666764966747e-06,3.83687408922051e-02,3.12749098179088e-11,1.62611688242816e-04,1.99238347064019e-05,4.82566517144835e-06,3.33757558921279e-05,6.36015051214647e-02,1.37494349382953e-03,,,World_6,,4428967
2018,Papua New Guinea,PNG,3.10488405262795e-07,1.98033379308404e-03,1.78027204244341e-10,3.87691022079165e-06,4.39838202073871e-06,1.96500519588817e-06,2.84682478167202e-06,2.23372682519981e-03,5.64467370096322e-06,,,World_7,EAP_6,9394513
2008,Nigeria,NGA,1.08137473518207e-06,3.89073099840991e-03,5.63773539732628e-12,2.83495775289337e-06,1.63245337584395e-05,7.82096070124797e-06,1.61162032029905e-06,3.22587773653038e-04,3.623814691361e-06,,SSA_2,World_7,,1.57595e+08
2017,Germany,DEU,6.69416057374928e-07,1.63618643917753e-02,9.116475758339e-12,2.40906876360364e-05,7.19269640560095e-06,1.98747687275106e-06,1.49126257758991e-05,3.53494057774226e-03,3.46871783734973e-05,,,World_5,,8.2657e+07
2019,Liberia,LBR,1.21099256197555e-06,3.7255705539303e-03,3.30936836165256e-11,3.25455194930475e-06,1.99639308034828e-05,8.535061239882e-06,1.91753642900605e-06,1.7045946081956e-04,1.84934231589615e-06,,SSA_2,World_7,,5043721
2017,Algeria,DZA,3.94349523214211e-07,6.30530524277743e-03,5.02763720163992e-12,1.3558199251303e-05,2.5857599629811e-06,5.57925235676121e-07,3.25042948632263e-06,1.58010736256521e-03,2.17069320235718e-05,,,World_3,,4.16893e+07
2019,Egypt,EGY,1.37728329111111e-07,3.45382397714782e-03,1.70290381141877e-12,5.16489783421367e-06,1.8108392618548e-06,6.06357414868038e-07,6.62238447569322e-06,3.41544092822639e-02,3.78264850892239e-04,,,World_6,,1.075532e+08
2004,Ghana,GHA,4.54292762590256e-07,1.8873417523152e-03,1.23290197105376e-11,3.10501338847248e-06,5.59052758454362e-06,1.90498163724416e-06,2.0491854563652e-06,7.85268098538606e-04,6.19454042865668e-06,,SSA_3,World_8,,2.18683e+07
2007,Morocco,MAR,2.0575011312898e-07,2.91127185922012e-03,7.79349875751477e-12,4.96965434918687e-06,3.33315123237582e-06,1.14449333022967e-06,9.41596793303846e-06,1.04252575638168e-02,6.58097034675793e-05,,,World_3,,3.118647e+07
2002,Venezuela,VEN,3.15533762505476e-07,7.16262672923892e-03,4.53496259644656e-11,2.15937029629006e-05,2.33956486053853e-06,8.33586795328187e-07,6.18580354789624e-06,8.64293938670844e-04,5.15334100555936e-06,LACC_2,,World_9,,2.543567e+07
2009,Lithuania,LTU,8.02463895911172e-07,1.03520226041712e-02,5.48318300418841e-12,1.77831835484797e-05,1.02106036808639e-05,4.24432973819121e-06,1.22529575697085e-05,3.13437270875199e-03,4.09619409982361e-05,,,World_5,,3162916
2018,Panama,PAN,4.53062295400659e-07,5.35005984667753e-03,9.89256484437956e-11,1.17893606851404e-05,5.04213499648045e-06,1.51605676118512e-06,1.03467418243442e-05,2.00256322337379e-03,1.18921915894494e-05,LACC_2,,World_2,,4167860
2010,Honduras,HND,5.3969723042759e-07,3.33919602954646e-03,4.71465575181511e-11,5.09317492051576e-06,6.95997228965016e-06,3.23980926654069e-06,3.06443510404862e-06,1.32041498376984e-03,1.11284865249996e-05,LACC_2,,World_9,,8365878
2005,Botswana,BWA,9.11515195444587e-07,8.0988908118553e-03,9.13375519702969e-11,2.27934632765314e-05,1.19891679413363e-05,4.64085439869658e-06,2.41453425925469e-05,1.50449436085738e-03,1.62041589290655e-05,,SSA_3,World_8,,1839877
2017,Papua New Guinea,PNG,3.13235507212611e-07,1.97889929380143e-03,1.82152522633752e-10,3.50149665868001e-06,4.49016179539556e-06,2.00734891602362e-06,2.77451262263057e-06,2.22734506409782e-03,5.78179344893175e-06,,,World_7,EAP_6,9178714
2007,India,IND,4.30789078447868e-07,2.56407819991104e-03,5.3420381552752e-12,4.89284126134834e-06,5.53976238039185e-06,2.25323983152186e-06,5.0548384229615e-06,5.60414406834182e-03,6.85162806525325e-05,,,World_7,,1.190676e+09
2015,Norway,NOR,1.31825540625898e-06,1.70838182807018e-02,7.95093379433952e-12,5.11577683153124e-05,1.18959792920919e-05,3.34360182961473e-06,2.70199602071184e-05,2.58411344245569e-03,2.4323359354291e-05,,,World_5,,5188607
2015,Philippines,PHL,2.83593948562658e-07,3.00193145417731e-03,2.45566442874602e-11,5.60210460274754e-06,3.60633052682889e-06,1.5021956147882e-06,4.84655064946858e-06,4.38795072143022e-04,8.34290468752394e-06,,,World_8,EAP_5,1.05313e+08
2011,Armenia,ARM,1.06759627848795e-07,4.34869058891169e-03,1.4387016293604e-11,6.96694619090317e-06,1.38841459334034e-06,4.03451375385686e-07,3.37775977728472e-06,1.09474256901287e-02,1.05277202682874e-04,,,World_2,,3027900
2014,South Korea,KOR,7.60567190288943e-07,1.69817579052381e-02,1.29862184389758e-11,2.6927577326143e-05,9.25885223164287e-06,2.21634674264781e-06,2.14053354035113e-05,3.19129286359347e-03,4.29339741182052e-05,,,World_5,EAP_1,5.074666e+07
2005,Pakistan,PAK,3.94379505907782e-07,2.59643121203062e-03,1.20773756576808e-12,4.11568737149163e-06,4.94129721758634e-06,2.48216141490502e-06,3.61955976656583e-06,8.60946417711551e-03,3.1070155993868e-04,,,World_1,,1.754532e+08
2002,Kenya,KEN,7.17506272445039e-07,2.60064131040009e-03,1.2431504082978e-11,2.55907193900724e-06,1.08491596839079e-05,3.53574084933898e-06,1.83350506886779e-06,9.07254677883685e-04,1.12366185381113e-05,,SSA_2,World_7,,3.262981e+07
2016,Algeria,DZA,4.2614780783947e-07,6.39607593057454e-03,5.38506250278526e-12,1.40441397564303e-05,2.78085519738685e-06,5.5524072513587e-07,3.54249047555025e-06,1.84175611541064e-03,2.14195912669076e-05,,,World_3,,4.085072e+07
2010,Sri Lanka,LKA,6.10190377549312e-07,3.22995970477866e-03,2.38513542214835e-11,7.81623351627662e-06,6.89234130084255e-06,3.27526708087084e-06,6.50923057527551e-06,2.991545214081e-03,9.2026856026677e-05,,,World_3,,2.087909e+07
2014,Croatia,HRV,7.27589112961171e-07,8.33770296487039e-03,1.09646854325782e-11,1.1779676563034e-05,1.06543354304894e-05,4.32464971223932e-06,1.49069511865294e-05,1.35217820989047e-03,1.25037362034461e-05,,,World_5,,4201598
2020,Peru,PER,4.01344401599713e-07,3.92020505579955e-03,7.64705958095414e-11,9.3282064353321e-06,4.55933749014385e-06,1.70388802241326e-06,4.54729675824116e-06,1.26084541162739e-03,5.05948299003045e-06,LACC_2,,World_2,,3.283858e+07
2019,Argentina,ARG,3.32053296605674e-07,7.55729708851898e-03,1.42790634690477e-11,1.01910710642461e-05,3.34447492086009e-06,1.28378958804911e-06,6.5145428698921e-06,8.02040259144741e-04,5.13999216538486e-06,LACC_1,,World_5,,4.497346e+07
2009,Djibouti,DJI,6.07386540193853e-07,3.52149639735852e-03,1.74214346403449e-11,8.3173426518437e-06,7.19167124612696e-06,2.45743920437025e-06,6.2033901160572e-06,3.58768964735554e-03,5.78677926701693e-05,,,World_1,,911527
2011,Uganda,UGA,8.91283232924129e-07,3.05689783295937e-03,7.35549086863493e-12,2.60691901245711e-06,1.48611851276111e-05,5.94662090354502e-06,1.73327643108293e-06,2.66820930044317e-03,2.9439704895949e-06,,SSA_2,World_7,,3.335454e+07
2009,Guatemala,GTM,7.91133658934189e-07,4.65816885297189e-03,3.44336169671365e-11,1.02808305269949e-05,1.04389717649565e-05,5.12943931239785e-06,6.84757228629294e-06,6.20977711135212e-04,6.04118120345608e-06,LACC_2,,World_9,,1.421561e+07
2019,Norway,NOR,1.2787516980017e-06,1.62613368387365e-02,6.78277719899325e-12,4.96880771065967e-05,1.11884408169431e-05,3.24434570541233e-06,2.51352409295317e-05,2.87033576604616e-03,2.7863305616935e-05,,,World_5,,5347896
2007,Niger,NER,2.68506535663944e-07,1.64889033959813e-03,3.67009762209309e-12,1.38790831774448e-06,4.03886902271469e-06,1.90591204829583e-06,4.79739602973249e-07,5.80447905132398e-04,7.23751119486186e-06,,SSA_2,World_7,,1.480361e+07
2015,Latvia,LVA,9.12188209053186e-07,1.18131086321694e-02,4.34077550682526e-12,2.14639449983173e-05,1.31059059894009e-05,6.25478145219555e-06,1.64122196594378e-05,1.80025687277763e-03,1.86432142241989e-05,,,World_5,,1977527
2021,Paraguay,PRY,8.1066919364178e-07,6.04365935096552e-03,2.99259038291779e-11,1.34524869876559e-05,9.5982026926882e-06,4.48243543166943e-06,3.25108393663626e-06,,,LACC_2,,World_9,,6684182
2008,Malawi,MWI,3.69221613263743e-07,1.61348100201243e-03,5.51422591762485e-12,1.72764808082319e-06,5.22086453864998e-06,2.15862530614771e-06,1.70075673150609e-06,2.37280455090413e-04,6.40642569625469e-06,,SSA_2,World_7,,1.397642e+07
2006,Togo,TGO,4.24237548169867e-07,1.84633808913884e-03,5.51386563306383e-12,1.98525224827989e-06,6.80673499535511e-06,2.41081572649181e-06,1.10879786642357e-06,6.03915322792784e-04,1.03515742589458e-05,,SSA_2,World_7,,6010668
2016,Sudan/North Sudan (2010/2011),SDN,6.5567591187903e-07,4.61440863006476e-03,3.12295543080709e-12,7.06602045667931e-06,9.43949230665994e-06,3.22827188446012e-06,3.59112344982503e-06,1.07777310746743e-02,3.08461373131886e-04,,SSA_4,World_1,,4.125989e+07
2015,Estonia,EST,1.09389947346438e-06,2.08265680262091e-02,7.2006445789391e-12,4.27607712311258e-05,1.43741252160139e-05,6.35130379165502e-06,6.15643138511523e-05,1.75324475364533e-03,2.14571775974847e-05,,,World_5,,1315407
2005,Singapore,SGP,2.54099487270509e-06,2.23270804731951e-02,4.23672110047551e-11,7.28125299131531e-05,2.39061513991775e-05,7.20718683893811e-06,4.70071385613384e-05,6.49351511330581e-03,7.5857613074021e-05,,,World_5,EAP_1,4265762
2006,Canada,CAN,1.51159966308831e-06,2.64401144821494e-02,9.85121928003725e-12,6.76036725648586e-05,1.44986139226425e-05,4.5898804010754e-06,4.03329764738754e-05,4.37008459666576e-03,4.04948606402222e-05,,,World_5,,3.257119e+07
2006,Guinea,GIN,8.33791298331956e-07,3.25105157167363e-03,1.91201964426913e-11,3.1916287687725e-06,1.3333961750325e-05,5.86806989618061e-06,1.93193021371746e-06,7.60341998147561e-04,4.3952856281759e-06,,SSA_1,World_4,,9441171
2020,Djibouti,DJI,6.28326246168449e-07,5.24107001153329e-03,1.75281894565964e-11,1.09493289055642e-05,8.24972107097965e-06,2.81924537825722e-06,9.40708525575133e-06,7.57853366239006e-03,1.0017427517915e-04,,,World_1,,1105188
2021,Italy,ITA,5.45635847102486e-07,1.08017145869443e-02,1.26810660541484e-11,1.93296071868314e-05,6.2750363422953e-06,2.25085410352791e-06,1.07142729675057e-05,,,,,World_5,,5.913317e+07
2013,Ethiopia/DR Ethiopia (1992/1993),ETH,7.66448069164879e-07,2.69511034480357e-03,7.71101558854369e-12,1.77695353004839e-06,1.10067492128153e-05,5.43907136133741e-06,1.30004015463358e-06,3.42593901042852e-04,2.87045372818489e-06,,SSA_1,World_4,,9.843875e+07
2021,Gabon,GAB,1.50219856813124e-06,1.12006047402321e-02,3.65398834677192e-11,1.18227845413363e-05,2.39741229414079e-05,1.16881077759759e-05,6.86551664438285e-06,,,,SSA_3,World_8,,2376722
2003,Jordan,JOR,2.63363468766692e-07,5.45531670118023e-03,5.86171103782825e-12,1.18863697091735e-05,2.2153482959647e-06,5.39721545398601e-07,2.24219669328141e-05,7.85476077739453e-03,9.73021433442439e-05,,,World_3,,5741828
2006,Zimbabwe,ZWE,1.04217367475982e-06,4.20658638534107e-03,1.31736216437629e-11,4.28287380312093e-06,1.60403473314359e-05,7.41567527829621e-06,5.49096249468881e-06,7.97390754780494e-04,1.52519553507949e-05,,SSA_4,World_1,,1.263645e+07
2004,Greece,GRC,7.76485871956051e-07,1.6987522253148e-02,2.95571201864512e-11,4.59041293762283e-05,7.72133142736667e-06,2.09084391209114e-06,4.19299990995015e-05,2.28938236246465e-02,1.06979757195148e-04,,,World_5,,1.095514e+07
2009,Kenya,KEN,6.35351381282909e-07,2.9088320800994e-03,1.08002293326669e-11,3.34571414140128e-06,9.37123327415115e-06,3.26891546625691e-06,2.46272040455537e-06,8.35942888217653e-04,9.95709142340473e-06,,SSA_2,World_7,,4.040889e+07
2012,South Korea,KOR,7.65188675527109e-07,1.69664507233299e-02,1.29503634226182e-11,2.76210480326625e-05,8.94939848501543e-06,1.9905346645925e-06,2.31790941103394e-05,3.57374779161152e-03,4.4761954870907e-05,,,World_5,EAP_1,5.019985e+07
2014,Jamaica,JAM,4.5297101782988e-07,4.26801016699625e-03,3.50338585601495e-11,1.73090817136663e-05,4.08366270578935e-06,1.31469119360947e-06,1.91995873310304e-05,1.89342592859487e-03,1.4118809208322e-05,LACC_2,,World_2,,2793749
2008,Afghanistan,AFG,6.57608716607967e-08,1.11835104814749e-03,6.12879619128567e-12,1.21086833371738e-06,9.1059061474277e-07,3.77626576543459e-07,1.72889580427598e-06,8.79627293274831e-03,2.17062883679144e-04,,,World_1,,2.648262e+07
2002,Yemen Arab Republic/Yemen (1990/1991),YEM,8.91455315575304e-08,2.0053910954117e-03,1.15286374259789e-11,4.54016663825177e-06,9.57578799254863e-07,3.24178659234897e-07,4.9617610424267e-06,7.36138258290487e-03,1.55576294078097e-04,,,World_1,,2.083509e+07
2017,Kyrgyzstan,KGZ,1.17630862526295e-07,3.14648438786823e-03,1.39681512861438e-11,3.45487053283689e-06,1.96744456767567e-06,1.21038959093689e-07,6.46010546350042e-06,4.07108811165064e-03,5.75736860885405e-05,,,World_3,,6306696
2014,Guinea,GIN,7.57718863570865e-07,3.51579014044077e-03,1.62330158428941e-11,3.08089612233095e-06,1.23046981880637e-05,5.24198347798e-06,1.88057770371204e-06,7.97048073292581e-04,5.9764218076967e-06,,SSA_1,World_4,,1.147292e+07
2011,Egypt,EGY,1.24485077718885e-07,3.44508279223473e-03,1.28626986634953e-12,4.0120295884033e-06,1.59260817909054e-06,5.19195199051562e-07,6.41160186940364e-06,5.00102433783918e-02,5.57137812846944e-04,,,World_6,,9.109306e+07
2003,Pakistan,PAK,4.05823497397671e-07,2.48442346998648e-03,1.13269821098923e-12,3.83292732582357e-06,4.89074776405613e-06,2.46623572088886e-06,2.77680689637521e-06,7.82515099963701e-03,2.80456473772467e-04,,,World_1,,1.671102e+08
2005,Hungary,HUN,5.80220970458582e-07,1.06480419859016e-02,4.79954129404708e-12,2.14682780265158e-05,7.20039422388854e-06,2.47362571106515e-06,1.63043023931241e-05,1.11562292768885e-03,1.32923303226639e-05,,,World_5,,1.008707e+07
2008,Lebanon,LBN,3.68115907778192e-07,7.5480623632079e-03,1.72284188173667e-11,2.50241099361595e-05,4.64251094964872e-06,1.15761313357914e-06,3.80017302237334e-05,8.64845348039193e-03,8.35015837883007e-05,,,World_3,,4925354
2017,Belarus,BLR,3.17676518115523e-07,8.91867783895436e-03,5.87139093370377e-12,1.115589682527e-05,5.01944616476531e-06,1.90432014552333e-06,8.0349446237134e-06,1.46408325229795e-03,1.59751081541378e-05,,,World_3,,9458989
2017,Laos,LAO,7.23208073477737e-07,5.70461690661596e-03,2.17904991706165e-11,6.15901726062087e-06,1.09469364085735e-05,4.68531763928915e-06,6.59866633270721e-06,3.91949265691965e-04,7.06173040282734e-06,,,World_1,EAP_2,7018147
2018,Viet Nam,VNM,5.16388626804348e-07,4.74319476413569e-03,5.32609590138654e-12,9.05612939022633e-06,6.46075724644034e-06,2.06601807990879e-06,9.83326717244992e-06,9.81422591262657e-04,1.15212132433319e-05,,,World_3,EAP_4,9.623732e+07
2011,Latvia,LVA,9.92528966943617e-07,1.18875746378663e-02,4.10430962118823e-12,2.10087853105728e-05,1.40607557964676e-05,6.29092115322325e-06,1.48196228781818e-05,1.96526789150247e-03,2.31471387824896e-05,,,World_5,,2059709
2011,Bolivia,BOL,2.92325485365351e-07,4.7401100636457e-03,7.2694133723977e-11,4.8497642381529e-06,3.89338807396497e-06,1.60839598084385e-06,2.45720325329039e-06,3.94812682585987e-04,1.5862585960617e-06,LACC_2,,World_8,,1.034893e+07
2011,Namibia,NAM,8.29392120114908e-07,6.93775040588131e-03,3.17279007189087e-10,1.97700350178293e-05,9.54753249262502e-06,2.12472375294646e-06,1.83291726640741e-05,1.03642053687607e-03,1.19843881347552e-05,,SSA_3,World_8,,2146325
2004,Yemen Arab Republic/Yemen (1990/1991),YEM,9.4399992213779e-08,2.15814975868995e-03,1.09394556346717e-11,4.55021574214466e-06,1.04421579927546e-06,3.4539282669879e-07,5.15725395013507e-06,8.06879189086039e-03,1.60078786250214e-04,,,World_1,,2.209517e+07
2013,Kuwait,KWT,1.29700901367313e-06,3.01288597649972e-02,2.68127174405261e-11,4.73212903080718e-05,1.41631136518347e-05,3.14464322779015e-06,3.99130709261538e-05,2.64383797501327e-02,3.85709254902433e-04,,,World_3,,3507844
2019,Chile,CHL,7.03078585889306e-07,8.84219777780342e-03,1.13903051914084e-11,1.97783400523428e-05,1.116796069089e-05,2.8834930805705e-06,2.0269906613582e-05,2.161477749489e-03,1.17743123137492e-05,LACC_1,,World_5,,1.919774e+07
2007,Angola,AGO,4.85231987063603e-07,3.50823361182641e-03,2.32684371249288e-11,3.78078768818653e-06,6.87648455419755e-06,3.08816200173973e-06,3.74226751702676e-06,1.73894733434221e-03,1.69622886392922e-05,,SSA_1,World_4,,2.077856e+07
2019,United Arab Emirates,ARE,1.13177286336003e-06,2.15407763424433e-02,1.2680656158926e-11,5.36908866408148e-05,1.03812656513154e-05,2.14489066214436e-06,1.58711525210259e-05,1.47810551018882e-02,2.14302563661865e-04,,,World_6,,9445785
2012,Cuba,CUB,3.67492966006306e-07,4.60227253242167e-03,1.02048464618111e-10,9.13937166204876e-06,3.63452596038215e-06,1.70082276244925e-06,2.61146833739644e-05,1.32743944193951e-03,2.60406800267681e-05,LACC_2,,World_3,,1.130318e+07
2014,Argentina,ARG,5.00411910883756e-07,9.28559909180514e-03,1.69995328506152e-11,1.60919699221819e-05,4.50166889416825e-06,1.82803107369461e-06,1.10482761924326e-05,1.12141192022493e-03,5.63389001221874e-06,LACC_1,,World_5,,4.302407e+07
2014,Japan,JPN,6.75868351737052e-07,1.53525848395683e-02,1.23240711732815e-11,2.70964105801518e-05,6.98410058723631e-06,1.68000688156129e-06,1.83083720977635e-05,2.19457399745967e-03,2.3033534562318e-05,,,World_5,EAP_1,1.27276e+08
2016,Brazil,BRA,7.59404415813085e-07,8.24343562158082e-03,3.71623937219057e-11,1.20472027498164e-05,8.62452272981588e-06,3.97771090546515e-06,6.61391254268552e-06,5.39613709980472e-04,3.76447970421452e-06,LACC_2,,World_9,,2.032181e+08
2013,Burkina Faso,BFA,5.60648431350055e-07,2.07915051239455e-03,2.57852484529745e-12,2.34024720204898e-06,9.01196145253627e-06,3.68197795249223e-06,1.22332664107999e-06,4.92924005988772e-04,4.78547990438479e-06,,SSA_2,World_7,,1.769541e+07
2003,Senegal,SEN,3.34730819564487e-07,2.24443954753576e-03,4.43188238231619e-12,3.87274320119264e-06,4.1273542767459e-06,1.52015904606193e-06,3.45435537993223e-06,4.37298191653372e-03,1.08635213257887e-05,,SSA_2,World_7,,1.072118e+07
2013,Algeria,DZA,5.02081727583698e-07,5.98847287923426e-03,6.04500276182353e-12,1.22374539420111e-05,2.83609204777531e-06,5.44442480064383e-07,3.71303790857359e-06,2.31673008384625e-03,2.54966779752696e-05,,,World_3,,3.841417e+07
2004,New Zealand,NZL,1.67493976864572e-06,1.80991420880753e-02,6.62024594154175e-11,5.12240615784876e-05,1.17483501452572e-05,4.1023654352755e-06,2.53983100009343e-05,2.71474279225473e-03,2.8566609532642e-05,,,World_5,EAP_1,4087500
2007,Cyprus,CYP,8.68475063833217e-07,1.48512437929599e-02,1.63698545874853e-11,4.38733587728011e-05,7.10389038824628e-06,1.19639000315062e-06,3.94076957306692e-05,8.865653666534e-03,5.64978799871427e-05,,,World_5,,1072714
2002,CSSR/Czech Republic (1990/1991),CZE,7.13323261981845e-07,1.40093076187497e-02,8.05415144334202e-12,2.74795073130293e-05,9.19499532665061e-06,2.74841119653676e-06,2.37946786966738e-05,1.64235577178376e-03,1.63095597845278e-05,,,World_5,,1.019692e+07
2002,Namibia,NAM,7.09390412073239e-07,6.11627738305418e-03,3.57637814753223e-10,1.64734014237531e-05,9.37433091224168e-06,2.34267401955691e-06,1.81206179461741e-05,1.50004104095966e-03,1.5933482462831e-05,,SSA_3,World_8,,1889970
2003,Ukraine,UKR,2.10790533483015e-07,6.0648644571721e-03,4.81345209543502e-12,1.16255120451478e-05,2.09138716515294e-06,3.97007581882344e-07,1.36775261270884e-05,1.10131294507966e-03,9.35366750452473e-06,,,World_2,,4.831514e+07
2013,Uganda,UGA,8.24537511735304e-07,2.86101141677953e-03,6.81006750357667e-12,2.19595667409855e-06,1.39572582362981e-05,5.61988842507038e-06,1.31388383583846e-06,2.06221382353466e-03,2.02578079500527e-06,,SSA_2,World_7,,3.533704e+07
2008,Tunisia,TUN,4.81423184649823e-07,4.16683631065422e-03,1.01887445635928e-11,7.70070864438738e-06,5.4894779274107e-06,1.89366046772506e-06,5.63223745868161e-06,7.56841006906522e-03,8.60742772103818e-05,,,World_3,,1.054264e+07
2018,Kenya,KEN,6.63051593552622e-07,3.09396272925447e-03,8.76329560775695e-12,3.91197263112809e-06,9.93672529100979e-06,3.30446508071323e-06,2.21018929980227e-06,8.71377773935685e-04,1.48926212539329e-05,,SSA_2,World_7,,5.020711e+07
2003,Nicaragua,NIC,5.5063886937487e-07,3.57605415270886e-03,8.46673720032211e-11,1.02537394068152e-05,7.09707095596534e-06,3.29280592947202e-06,9.40327599032169e-06,7.43382422516769e-04,6.48719391859063e-06,LACC_2,,World_9,,5210963
2006,Iceland,ISL,2.25265741786854e-06,2.73337958640188e-02,2.41178592077907e-11,6.90136901819331e-05,2.31343493643717e-05,4.23525403997824e-06,4.71643163386392e-05,4.90435784082049e-03,4.9651818022133e-05,,,World_5,,303782
2004,Tajikistan,TJK,2.90296736702928e-08,1.58431885134881e-03,4.0335521835844e-12,1.81995223647026e-06,4.69020767097356e-07,6.62054700576815e-08,2.23222285118804e-06,6.45716589676792e-03,1.16947738465306e-04,,,World_6,,6790547
2019,Mozambique,MOZ,2.05599665759093e-07,2.23373050111991e-03,1.7147293374075e-11,3.505145350995e-06,2.68918532977834e-06,9.52733378797974e-07,2.85570053739249e-06,4.79121846769433e-04,9.54361836717703e-06,,SSA_2,World_7,,2.988438e+07
2004,Norway,NOR,1.36796591882687e-06,1.90723100267878e-02,1.18154323119268e-11,5.6091809003614e-05,1.29118467346575e-05,4.01204762724052e-06,2.93877248842726e-05,3.27270327369794e-03,3.20705753738573e-05,,,World_5,,4591910
2014,Mauritania,MRT,5.28180037260059e-07,4.3744652648576e-03,1.31970608819118e-11,5.34844747314454e-06,7.36821656823532e-06,2.92839619580739e-06,3.46381656592396e-06,7.22500134071278e-03,3.02549009939135e-05,,SSA_4,World_1,,3848514
2003,Turkey,TUR,4.53946413321321e-07,5.9389391826104e-03,1.96281610461884e-11,1.12442491069214e-05,5.95767017605512e-06,2.26518096505522e-06,1.88823360949351e-05,8.73400703494517e-03,6.46770727437358e-05,,,World_3,,6.783173e+07
2015,South Africa,ZAF,6.00642950869893e-07,7.83171056471737e-03,5.84174197770835e-11,2.26156989426625e-05,9.06590458092734e-06,1.8318941153084e-06,3.37476281447054e-05,1.29606302714605e-03,2.33623310959026e-05,,SSA_3,World_8,,5.672354e+07
2006,Tajikistan,TJK,3.95111982758757e-08,1.85874089290356e-03,4.68240401687953e-12,2.19779075964782e-06,6.70158682727766e-07,7.40587256768131e-08,2.57593939112249e-06,6.46160679805747e-03,1.16688283245535e-04,,,World_6,,7057566
2006,Burkina Faso,BFA,5.20102618478665e-07,1.99783336679891e-03,2.64355083835228e-12,1.60222226540439e-06,8.28482120982006e-06,3.60987822768355e-06,8.58064675772019e-07,5.40535832330815e-04,6.19888726342776e-06,,SSA_2,World_7,,1.437371e+07
2002,El Salvador,SLV,4.59903687215995e-07,3.56367984508786e-03,2.53854857493831e-11,1.38883624695802e-05,4.00482835018522e-06,1.89570340512363e-06,9.66629512534806e-06,7.04909011686251e-04,6.88676455682635e-06,LACC_2,,World_9,,5986631
2004,Sudan/North Sudan (2010/2011),SDN,6.95391770357702e-07,4.11291854547883e-03,6.66063630983469e-12,4.34471540100236e-06,1.11907632885308e-05,3.22688098186106e-06,1.98759996651867e-06,6.34316465822743e-03,1.39374517998031e-04,,SSA_4,World_1,,3.055664e+07
2013,Iraq,IRQ,3.19181488583883e-07,5.92951387645651e-03,4.30785920944307e-12,2.05372759690908e-05,2.39449800302152e-06,3.11416328059394e-07,2.53046284645995e-05,1.25462037334693e-02,1.21953228922446e-04,,,World_6,,3.528199e+07
2006,United States of America,USA,1.34689276403006e-06,2.77908412547623e-02,1.60614375166732e-11,6.28764728584881e-05,1.32468352461077e-05,3.20066353315052e-06,5.19632040201997e-05,5.51832489189352e-03,5.07753409032795e-05,,,World_5,,2.983799e+08
2005,Netherlands,NLD,1.25581917764533e-06,2.09733780663537e-02,1.89896740250066e-11,4.78261215674877e-05,1.2104136633517e-05,3.55537150226623e-06,2.79216199087113e-05,6.13613641688156e-03,5.9561638317204e-05,,,World_5,,1.631987e+07
2014,Denmark,DNK,1.38620860866627e-06,1.96054910315143e-02,1.05561464816688e-11,4.58104824208799e-05,1.23950406085017e-05,3.51757986849464e-06,2.52002281902881e-05,3.03553509072424e-03,3.26856402857738e-05,,,World_5,,5643475
2011,Italy,ITA,7.02036516579617e-07,1.32791778970414e-02,1.64324805035841e-11,2.49839387444868e-05,7.18250031842777e-06,2.07915782472164e-06,1.62187085103497e-05,5.57809671829698e-03,4.94030042125055e-05,,,World_5,,5.937945e+07
2006,Cambodia,KHM,3.97450076367553e-07,3.42248918432072e-03,1.76865678126307e-11,3.49828660265401e-06,5.02701330057584e-06,2.68949267273671e-06,2.27590791475986e-06,3.31220970571248e-04,3.33441470826307e-06,,,World_1,EAP_2,1.363903e+07
2012,Jordan,JOR,2.85441016434701e-07,6.3000841304207e-03,4.80935835157122e-12,1.29138764520327e-05,2.73394159592345e-06,5.26445694219351e-07,2.27146055208334e-05,6.11480295719278e-03,7.8623395800665e-05,,,World_3,,7587127
2013,Mauritania,MRT,5.60486749266983e-07,4.5459456474375e-03,1.41690591941811e-11,5.50464847302777e-06,7.79559901114217e-06,3.03326302368649e-06,3.61221878371288e-06,7.81836992192845e-03,3.9642778461431e-05,,SSA_4,World_1,,3734318
2007,Chad,TCD,4.58586805424781e-07,4.14853053190469e-03,6.02774063838911e-12,1.58667703026457e-06,7.18124031770228e-06,3.02152939021856e-06,9.22104167708015e-07,5.14790502148639e-04,2.9074655638716e-06,,SSA_1,World_4,,1.108166e+07
2009,Bolivia,BOL,3.03735904505281e-07,5.12251592089571e-03,7.3430576932503e-11,5.35979909132699e-06,3.75981797451351e-06,1.65705620797436e-06,2.16310392357325e-06,3.9239382755001e-04,1.60593398933706e-06,LACC_2,,World_8,,1.001628e+07
2017,"Cote d'Ivoire",CIV,4.89454654444572e-07,2.25801146665483e-03,1.38062068940481e-11,2.79970704059087e-06,7.62279260322147e-06,2.51293951602879e-06,1.48473620262761e-06,9.30019108220456e-04,1.3397976362437e-05,,SSA_2,World_7,,2.673337e+07
2003,India,IND,4.16293332025636e-07,2.31805945391188e-03,5.41449738264253e-12,4.19730928739544e-06,5.44223500585422e-06,2.33796830430438e-06,4.33746926838376e-06,5.06110459498779e-03,6.48168295952973e-05,,,World_7,,1.116803e+09
2003,Malawi,MWI,3.63785836845322e-07,1.47094081283148e-03,5.45498914487393e-12,1.49901297856073e-06,5.16821539469405e-06,2.21619034069022e-06,1.43847050371329e-06,2.63962448796513e-04,4.85044116911123e-06,,SSA_2,World_7,,1.218157e+07
2010,Gabon,GAB,2.14944196124539e-06,1.63526630774443e-02,4.38249274322597e-11,1.79672600024917e-05,3.43671722337056e-05,1.64818184715072e-05,9.89059317088603e-06,1.69276013157454e-03,1.98337605549346e-05,,SSA_3,World_8,,1719879
2017,Namibia,NAM,8.28449542345339e-07,7.42513765486672e-03,2.73895556338576e-10,1.8955963191707e-05,9.72622332053842e-06,2.44878822517325e-06,1.89288113326205e-05,1.2330837603388e-03,1.78170268399376e-05,,SSA_3,World_8,,2506853
2009,United States of America,USA,1.04912921866176e-06,2.38068719118476e-02,1.2843607536638e-11,4.76517269133618e-05,1.10309763178466e-05,2.76156354037115e-06,4.16441817927486e-05,5.02369502340804e-03,4.48501596284339e-05,,,World_5,,3.067715e+08
2002,Sweden,SWE,1.0106376513487e-06,1.70568438122103e-02,9.72701064761017e-12,4.12762938892791e-05,8.53418473655259e-06,2.5565079322779e-06,2.86196894466186e-05,2.643325948579e-03,2.68119749251649e-05,,,World_5,,8924958
2008,Qatar,QAT,3.35802989801823e-06,7.6837440177562e-02,4.53041690456003e-11,1.14130429374152e-04,3.97042635123395e-05,6.81314517853104e-06,8.82646682621705e-05,4.8694551541977e-02,9.79101645585975e-04,,,World_6,,1426938
2014,Armenia,ARM,1.62835733788243e-07,4.82282702014911e-03,1.43446820603468e-11,8.71805106695156e-06,1.90966588746792e-06,6.15426748106271e-07,3.29320510232672e-06,7.3186806005374e-03,7.79250246204556e-05,,,World_2,,3013800
2020,Algeria,DZA,3.29834522088301e-07,5.42976718665535e-03,4.00691340280575e-12,1.22921176296675e-05,1.99994884789956e-06,3.59612504432641e-07,2.41911586530118e-06,1.56319451332655e-03,2.14606157471722e-05,,,World_3,,4.404209e+07
2008,Rep Congo,COG,4.82483941308139e-07,4.36473449821581e-03,4.53054986799982e-11,4.56087172019975e-06,6.42091522354059e-06,2.16566772034931e-06,3.13549557364754e-06,7.75685653691571e-04,9.16204491389794e-06,,SSA_4,World_1,,4113517
2017,Qatar,QAT,1.87593690584902e-06,5.94052133260368e-02,4.07326302242822e-11,7.46706744584401e-05,2.20456793806737e-05,5.57007203131659e-06,1.39756345401179e-04,4.49560821613735e-02,6.98620616523407e-04,,,World_6,,2545820
2004,Honduras,HND,5.46459377545215e-07,3.48068536144123e-03,5.27281856821677e-11,6.18703581028066e-06,6.6643339469945e-06,3.15530304644903e-06,3.78256725035524e-06,1.36310893741128e-03,1.22206182765027e-05,LACC_2,,World_9,,7298994
2011,Thailand,THA,6.28212162786428e-07,7.42522569788268e-03,7.5894670287449e-12,1.15924552013636e-05,7.37576170675513e-06,2.77705544663108e-06,9.14429019035336e-06,1.12115385101562e-03,3.02244558420661e-05,,,World_9,EAP_4,6.900721e+07
2009,Spain,ESP,8.02866277477052e-07,1.15238629012602e-02,2.43548730523508e-11,2.94874828843731e-05,6.87600440433858e-06,1.92242541063584e-06,1.52060194142792e-05,1.68500186596062e-02,9.07604378451243e-05,,,World_5,,4.636294e+07
2009,Mali,MLI,2.89548614306905e-07,1.61033955529971e-03,3.60299559084949e-12,1.77465684655846e-06,4.54397362486477e-06,1.8400186493705e-06,1.02187098603292e-06,1.38464876177683e-03,7.69408495688411e-06,,SSA_2,World_7,,1.543554e+07
2002,Malta,MLT,7.53918083280141e-07,1.38054287774267e-02,1.36608327100622e-11,3.88630809731747e-05,7.74784431984494e-06,1.21716978310432e-06,4.69172624034887e-05,5.58196138771548e-03,5.41959641706293e-05,,,World_5,,395969
2013,South Korea,KOR,7.77895424452693e-07,1.6999327068109e-02,1.31349163020402e-11,2.76201787386491e-05,9.15883504271426e-06,2.07824562199251e-06,2.2796968858428e-05,3.6570702976924e-03,4.59310557075543e-05,,,World_5,EAP_1,5.042889e+07
2019,Lithuania,LTU,8.63251139512229e-07,1.30108420869682e-02,6.75064109527872e-12,2.0207363458632e-05,1.16788895691879e-05,4.93608406555355e-06,1.36187924028253e-05,3.73519981288026e-03,4.23816622992387e-05,,,World_5,,2794137
2020,Italy,ITA,5.07297900636076e-07,9.88371167897216e-03,1.21640193201908e-11,1.77093514444424e-05,5.75834045453124e-06,2.11786937047262e-06,9.5357511365738e-06,3.4339398770804e-03,2.77227027232126e-05,,,World_5,,5.943885e+07
2007,Burkina Faso,BFA,5.40723440750801e-07,2.00892671758388e-03,2.54730233967765e-12,1.75972216567295e-06,8.58237933505374e-06,3.67003818185316e-06,9.62322777826904e-07,4.05110786449254e-04,3.86043461344123e-06,,SSA_2,World_7,,1.481631e+07
2003,DR Congo,COD,5.27653329490046e-07,1.56060363574958e-03,1.37708162632262e-11,1.11041279151422e-06,6.70764059218257e-06,3.50599843336568e-06,5.65250503031781e-07,1.56154831174486e-04,9.52901571105961e-07,,SSA_1,World_4,,5.534387e+07
2021,Ghana,GHA,3.06683911276093e-07,2.64955965572637e-03,8.31742449108697e-12,3.87351970593872e-06,4.15427123446142e-06,1.10754721449121e-06,2.5215318386178e-06,,,,SSA_3,World_8,,3.251866e+07
2010,Finland,FIN,1.65910169744229e-06,2.56896435636764e-02,8.12522622585892e-12,5.00227175302729e-05,1.57192541492568e-05,6.5713750615423e-06,3.92149002966039e-05,2.7284370635846e-03,2.80092245851632e-05,,,World_5,,5363352
2018,Georgia,GEO,3.2745890838391e-07,4.9892312174946e-03,9.85017641430801e-12,6.92585479511572e-06,5.289944096147e-06,1.83738491614339e-06,5.18484774478076e-06,4.47052556832273e-03,8.33742330881199e-05,,,World_2,,3726549
2012,Singapore,SGP,2.6795906552533e-06,2.72036117523442e-02,3.67589074014611e-11,6.58022184048767e-05,2.74567713136779e-05,6.40354996990667e-06,5.55901840115484e-05,6.85327594020287e-03,8.61928470404822e-05,,,World_5,EAP_1,5312437
2016,Peru,PER,4.18942912015761e-07,4.34785765961593e-03,7.82638559299151e-11,1.02102057398945e-05,4.60227063624657e-06,1.65876879739641e-06,5.16419390706774e-06,1.33349239509323e-03,7.15959488440511e-06,LACC_2,,World_2,,3.086649e+07
2006,Malawi,MWI,3.25636693621587e-07,1.46443928260186e-03,5.51399234084201e-12,1.50325463209846e-06,4.65552493794915e-06,2.08679223323813e-06,1.45945348342869e-06,2.68300204199976e-04,6.99097415236412e-06,,SSA_2,World_7,,1.31987e+07
2007,Turkmenistan,TKM,1.8155456442194e-07,8.52269221119079e-03,1.55915947808973e-11,1.13413091994066e-05,1.50014937390796e-06,1.70418002294321e-07,5.09019442218365e-06,2.08141313581408e-02,7.2747348769367e-04,,,World_6,,5244046
2003,Poland,POL,4.86466540932137e-07,1.06997006239669e-02,4.86408245748485e-12,1.75795947388399e-05,7.60559184148916e-06,1.84267079853458e-06,3.44768226772435e-05,9.20279505929788e-04,1.69657178420316e-05,,,World_5,,3.820457e+07
2006,Uruguay,URY,4.94342774872555e-07,7.50044302721934e-03,1.63106803164046e-11,9.71881777918025e-06,5.93443214779104e-06,2.75167734956782e-06,1.37012927682379e-05,1.10040208184818e-03,7.26615166531747e-06,LACC_1,,World_5,,3289506
2018,Argentina,ARG,4.20796188709046e-07,8.819856396491e-03,1.53618116959022e-11,1.25896770463967e-05,4.13009399434048e-06,1.60209724048507e-06,7.56791249222685e-06,9.63455788713245e-04,5.88136760510314e-06,LACC_1,,World_5,,4.465488e+07
2014,Benin,BEN,5.38485457018946e-07,2.07138585216884e-03,1.95570513471923e-12,4.98821806278039e-06,7.47747173294885e-06,2.42202530651733e-06,1.45972098387861e-06,2.57326515385211e-04,2.36222898280621e-06,,SSA_2,World_7,,1.103e+07
2009,Armenia,ARM,1.03538113007954e-07,4.23220310026419e-03,1.58820279849672e-11,6.71819315233203e-06,1.4055795050874e-06,4.34562001904093e-07,3.33153805790026e-06,9.8867358092167e-03,1.00517535699564e-04,,,World_2,,3066000
2003,Saudi Arabia,SAU,1.3936593368375e-06,2.20866565942719e-02,2.79630133867487e-11,6.11315468645922e-05,8.66288600049317e-06,2.32646730966472e-06,6.88071560202159e-05,2.02083083074439e-02,6.57624307502493e-04,,,World_6,,1.878677e+07
2020,Kazakhstan,KAZ,5.30563913223138e-07,1.37491918917998e-02,2.05868842254117e-11,2.7905110589663e-05,7.8221818456083e-06,8.35146436608005e-07,5.29274890052071e-05,5.51910764850964e-03,8.64211694013967e-05,,,World_3,,1.948212e+07
2007,Tajikistan,TJK,4.9306297577578e-08,2.08383151598586e-03,4.78422778909455e-12,2.514713018726e-06,8.1230858420725e-07,9.8830282228065e-08,3.20437828030941e-06,6.65966019100375e-03,1.17953780321632e-04,,,World_6,,7194477
2003,Togo,TGO,4.42477995976135e-07,1.98637859771709e-03,6.72362792629755e-12,2.43214947339581e-06,6.67771447769799e-06,2.46423115915033e-06,1.25578037606833e-06,1.00914048523275e-03,1.30436664812197e-05,,SSA_2,World_7,,5552167
2003,Madagascar,MDG,4.43767930725307e-07,2.12936002787829e-03,3.7345268555249e-10,1.53226034189259e-06,6.75740084483977e-06,2.8266785280998e-06,1.15075353548412e-06,8.3790719725296e-04,1.54310819694073e-05,,SSA_2,World_7,,1.807185e+07
2020,Laos,LAO,6.69205622216138e-07,5.3737585668281e-03,2.33829088851338e-11,6.21350944511404e-06,1.02495954401382e-05,4.33641710844779e-06,6.52240385371309e-06,4.22505156951823e-04,7.31888123595827e-06,,,World_1,EAP_2,7346533
2012,Burundi,BDI,3.91692199263333e-07,1.29379410616377e-03,5.7470933713069e-12,8.52594581648427e-07,6.77910963422771e-06,2.72699404398812e-06,5.28142586272854e-07,1.41675812513501e-03,3.27903019824187e-06,,SSA_1,World_4,,1.007103e+07
2004,Rep Congo,COG,4.23524863120721e-07,3.72481429895705e-03,5.47380536055502e-11,2.80334611874878e-06,5.77824503577601e-06,1.82266658591476e-06,1.72264287454089e-06,6.19645530591866e-04,7.77389294161766e-06,,SSA_4,World_1,,3565554
2015,Yugoslavia/Serbia (1991/1992),SRB,2.06104277835494e-07,2.09440518765084e-03,7.75403148983394e-12,7.73535480103533e-06,1.52752613560597e-06,4.29385944089292e-07,3.42647224773551e-06,1.16857213032852e-03,8.49452546794493e-06,,,World_2,,7095383
2013,Switzerland,CHE,1.217100359283e-06,2.01251355487049e-02,1.23927631929511e-11,4.62675687112952e-05,1.1322505263795e-05,3.01442478991119e-06,3.11278702232824e-05,4.2987729633815e-03,3.06163514466382e-05,,,World_5,,8089346
2003,China,CHN,6.52110306162023e-07,5.26153345458369e-03,4.24428796679235e-12,1.02987568874994e-05,9.30036319174208e-06,2.23019108842965e-06,1.42501074364693e-05,3.36518243257335e-03,1.72630524608287e-05,,,World_6,EAP_3,1.2884e+09
2015,Bulgaria,BGR,4.78011590891323e-07,7.52249278974925e-03,6.81428157339901e-12,1.32427537932422e-05,5.97667241975843e-06,2.22495438588714e-06,3.73323258527484e-05,1.7092307168553e-03,1.51177562652728e-05,,,World_2,,7177991
2018,Kyrgyzstan,KGZ,1.37574160995322e-07,3.56697930315002e-03,1.37908308111206e-11,3.95534755897323e-06,2.30519187857819e-06,1.46431301287893e-07,7.65466824581271e-06,5.15669909014384e-03,8.71555567002325e-05,,,World_3,,6444079
2006,Djibouti,DJI,5.48419872621872e-07,3.10355769774633e-03,1.67731840441096e-11,7.60640337308391e-06,6.35613193282354e-06,2.29420222709021e-06,5.38873019449646e-06,3.01052539123187e-03,4.3771472080371e-05,,,World_1,,855764
2009,Slovenia,SVN,1.13102158400556e-06,1.54826162818735e-02,1.09194918388962e-11,2.38745676630441e-05,1.43642980195225e-05,5.69117256166795e-06,1.96867478275127e-05,2.66029093535059e-03,2.86604696738025e-05,,,World_5,,2039669
2014,Syria,SYR,6.00764495758575e-08,2.14780887487881e-03,9.24397445981056e-12,3.63919331593265e-06,5.97109921709534e-07,3.27775943981221e-07,6.09523053044857e-06,2.04200578476975e-02,2.26456553551122e-04,,,World_6,,2.027366e+07
2012,Cambodia,KHM,5.12070050569967e-07,3.58257589770684e-03,1.56332395396506e-11,4.10170134621421e-06,6.65791705303261e-06,3.56658484860253e-06,2.18422820349589e-06,1.98965509817751e-04,1.95857669072887e-06,,,World_1,EAP_2,1.494509e+07
2014,Belarus,BLR,3.45831523758211e-07,1.0419942919065e-02,5.24646531387934e-12,1.47243254050071e-05,5.36044461056965e-06,1.87926363148057e-06,1.06422788485093e-05,1.44616180656875e-03,2.19163375863213e-05,,,World_3,,9448515
2012,Qatar,QAT,2.38062644420535e-06,0.05874872494059,6.45866460666201e-11,8.64599439885523e-05,2.71059135691973e-05,5.64137167754049e-06,9.08830801032699e-05,5.4033184047834e-02,9.4100477996934e-04,,,World_6,,1722438
2015,Jamaica,JAM,4.15788707413751e-07,4.06988299570614e-03,3.57699084528641e-11,1.64578357863509e-05,3.96904417350205e-06,1.27328684217622e-06,1.86541752418319e-05,1.45697976249646e-03,1.24981488098483e-05,LACC_2,,World_2,,2802534
2017,Iceland,ISL,1.26495735933566e-06,1.93364591336377e-02,1.14720550113709e-11,3.43520675585253e-05,1.461679378169e-05,2.9445902437062e-06,2.70830929114668e-05,3.31200389529321e-03,3.2236307716343e-05,,,World_5,,343400
2004,Malta,MLT,9.61103436602817e-07,1.50964470056924e-02,1.14849864838876e-11,4.38808219566462e-05,9.41688548464121e-06,1.50405486091574e-06,4.90904148294364e-05,5.82938058476081e-03,5.75422723164214e-05,,,World_5,,401268
2004,India,IND,4.16578479218051e-07,2.33997661594479e-03,5.26865990877915e-12,4.30433598721145e-06,5.45049669401772e-06,2.30387796572078e-06,4.44691696307937e-06,4.90596334189218e-03,5.86374770778822e-05,,,World_7,,1.135992e+09
2006,South Korea,KOR,8.21949142014473e-07,1.63422956234125e-02,1.43437648322906e-11,3.13892826688654e-05,9.09752262130104e-06,1.59905314460165e-06,2.96729023290935e-05,4.30690917520166e-03,4.61578211205077e-05,,,World_5,EAP_1,4.843829e+07
2013,Zambia,ZMB,1.09742994954927e-06,3.40619094203687e-03,1.07324349818688e-11,4.26424669334325e-06,1.47174456947727e-05,5.66356662957824e-06,5.41625471585517e-06,3.15983816057121e-04,3.86879082977943e-06,,SSA_2,World_7,,1.5399e+07
2009,Mozambique,MOZ,3.61426393520268e-07,1.57845759262701e-03,1.99707972052437e-11,1.92023069217557e-06,5.06776811846005e-06,2.3623752658356e-06,1.58122123065097e-06,1.83101157784414e-04,2.85264111192714e-06,,SSA_2,World_7,,2.239174e+07
2007,Belarus,BLR,3.85929472321411e-07,9.03228989740328e-03,5.17480296078813e-12,1.42488923896741e-05,5.6931749835098e-06,2.16503453210892e-06,9.22209433415096e-06,1.56053968611265e-03,1.78170000324932e-05,,,World_3,,9560953
2020,Uganda,UGA,7.32431328387689e-07,2.94598630908975e-03,5.66814361011999e-12,2.25013511637817e-06,1.23119260787468e-05,4.84179225102661e-06,1.21856334838282e-06,2.05014386181582e-03,1.98154278623603e-06,,SSA_2,World_7,,4.445715e+07
2013,Saudi Arabia,SAU,1.36301383043441e-06,2.7679567066272e-02,2.2595701812983e-11,7.75165406118682e-05,1.15886930282305e-05,2.31788234547709e-06,9.80397700566518e-05,2.13781828779206e-02,4.33247295849747e-04,,,World_6,,2.7624e+07
2011,Azerbaijan,AZE,1.68406496571031e-07,5.29779535960787e-03,1.18455912657963e-11,1.02485716493524e-05,1.72075681587099e-06,5.19827908902559e-07,3.30577823038529e-06,1.03436243624113e-02,1.24981832310617e-04,,,World_6,,9173082
2017,Honduras,HND,6.01507970722521e-07,3.35881990023457e-03,4.13816046440603e-11,5.8657601686067e-06,7.89951822012005e-06,3.70591184399285e-06,3.2519123701817e-06,5.66246680201879e-04,5.25608214942275e-06,LACC_2,,World_9,,9588137
2006,Philippines,PHL,2.89746857099857e-07,2.47506310705285e-03,2.6374913909328e-11,4.11312471893258e-06,3.72575136172099e-06,1.75323372944981e-06,3.63374533289767e-06,5.58722677075439e-04,1.03410482602585e-05,,,World_8,EAP_5,8.950898e+07
2017,New Zealand,NZL,1.41723799906265e-06,1.76298751534287e-02,5.57169301150083e-11,3.82179868637328e-05,1.14455977149003e-05,3.50421614224472e-06,2.08652225436008e-05,4.22776588477028e-03,4.01228520028577e-05,,,World_5,EAP_1,4813600
2012,Guatemala,GTM,8.83160252747636e-07,4.45706971036434e-03,3.07839327491481e-11,8.38945145024042e-06,1.29897700405369e-05,6.33424509252021e-06,5.67689830536708e-06,7.73067239940835e-04,6.54554580977505e-06,LACC_2,,World_9,,1.508965e+07
2014,Gabon,GAB,2.02861721462731e-06,1.62872583039021e-02,5.48216892927898e-11,1.7613238518462e-05,3.16735145382019e-05,1.5185246840309e-05,1.04605822407592e-05,1.32331041741807e-03,1.63220821442412e-05,,SSA_3,World_8,,1978399
2004,Panama,PAN,4.21682170603327e-07,3.58701195283513e-03,1.18246115822044e-10,1.05920562867768e-05,4.19809687318205e-06,1.55183029342572e-06,9.30978759169049e-06,8.81473542595733e-04,5.50080076842885e-06,LACC_2,,World_2,,3251155
2019,Eritrea,ERI,3.36252499540558e-07,2.55481007808851e-03,2.45583110823088e-11,2.44454409470145e-06,4.59393210467864e-06,2.12719506124345e-06,1.20401774985323e-06,3.14113110185239e-03,2.96051727360543e-05,,SSA_4,World_1,,3240194
2009,Mongolia,MNG,5.12355328109356e-07,8.35844234981927e-03,3.40215092653184e-11,1.03724537085158e-05,7.64173899682775e-06,6.33764869218718e-07,1.20175866135549e-05,1.26295369721057e-03,7.85011907625453e-06,,,World_8,EAP_5,2691115
2017,Tajikistan,TJK,1.00054845256782e-07,2.26547833462889e-03,4.71546013078969e-12,3.55652457499175e-06,1.58134773694649e-06,1.28557348059787e-07,4.32255200584999e-06,4.83243991872747e-03,6.85100034342611e-05,,,World_6,,9085946
2008,Georgia,GEO,3.53069261864827e-07,5.29133989855074e-03,1.43594235748683e-11,7.20907469106214e-06,5.1468526253717e-06,1.94589212176951e-06,5.66554516697168e-06,7.86476203447633e-03,1.12821728692793e-04,,,World_2,,3848449
2002,Ecuador,ECU,4.75480759213523e-07,5.06915880391765e-03,1.09727070534888e-10,1.44165894378279e-05,3.62566783003528e-06,1.24480661341665e-06,1.08971382141072e-05,8.34656050648957e-04,8.05302450047213e-06,LACC_2,,World_2,,1.313847e+07
2008,Turkmenistan,TKM,2.02104640040782e-07,9.90637214258334e-03,1.60159463882071e-11,1.26699301721694e-05,1.72263851753914e-06,1.77468283580167e-07,6.16811477258509e-06,2.12184454785402e-02,7.52658623035965e-04,,,World_6,,5345029
2020,Ethiopia/DR Ethiopia (1992/1993),ETH,6.86129407994363e-07,2.82647292967356e-03,6.89694352226375e-12,2.02650348306898e-06,9.77567693578647e-06,4.97843013072314e-06,1.10948853701122e-06,5.79789441115293e-04,3.13845309765449e-06,,SSA_1,World_4,,1.189177e+08
2012,Namibia,NAM,9.03014386342316e-07,8.29689899929674e-03,3.12901700411822e-10,2.25524060013675e-05,1.0375241684261e-05,2.19979451027901e-06,2.24665857649057e-05,1.08410047979404e-03,1.2673914316014e-05,,SSA_3,World_8,,2194654
2018,Somalia,SOM,7.96283592121559e-07,3.32498484431719e-03,3.14153852363663e-11,1.58517440954375e-06,1.2356125094738e-05,5.04440954886059e-06,6.71172373459185e-07,4.80740829300027e-04,3.19662388735006e-06,,SSA_1,World_4,,1.545249e+07
2003,Estonia,EST,1.09349818739128e-06,1.91287327005493e-02,6.13968616167774e-12,4.84507039901502e-05,1.29034783581072e-05,5.45080875375997e-06,7.31527256628006e-05,1.74573017296411e-03,1.92819777523441e-05,,,World_5,,1370720
2013,Tajikistan,TJK,1.04667493791268e-07,2.51037328868878e-03,5.52721603975903e-12,3.36405294461548e-06,1.58475254168788e-06,1.75801392152145e-07,3.04959269999567e-06,5.81277049475702e-03,1.05782648586265e-04,,,World_6,,8216724
2016,Belarus,BLR,2.73472516044017e-07,8.4260592648899e-03,4.56177282785982e-12,1.06161617179227e-05,4.46073613760261e-06,1.61128847645355e-06,6.71193147615573e-06,1.10783908761145e-03,1.17435452288034e-05,,,World_3,,9469379
2009,Uruguay,URY,8.7804157665485e-07,9.01259979760653e-03,1.52918362766455e-11,1.34910824681807e-05,8.29406409236637e-06,4.08018958110502e-06,1.75918237209285e-05,9.96504136279196e-04,7.59724347376764e-06,LACC_1,,World_5,,3310091
2015,Bolivia,BOL,4.09102937436248e-07,5.58296306214871e-03,6.91570071588642e-11,8.8730019040623e-06,4.73730864851293e-06,1.96906891734676e-06,2.85375318587852e-06,4.26715084746849e-04,1.85255415960057e-06,LACC_2,,World_8,,1.101471e+07
2008,Armenia,ARM,1.1722197822577e-07,4.65045842251132e-03,1.68486475919024e-11,8.19370296378183e-06,1.51168059506348e-06,4.3580826487613e-07,3.93705287843934e-06,1.15047606208773e-02,1.33239193554647e-04,,,World_2,,3087100
2018,Yugoslavia/Serbia (1991/1992),SRB,1.96228373055917e-07,2.64083941551934e-03,1.45397026330876e-11,8.23524462545061e-06,1.62513827760828e-06,4.82804253494036e-07,4.21536243517789e-06,1.16806500211209e-03,1.09167492666172e-05,,,World_2,,6982604
2012,Indonesia,IDN,6.29674044452305e-07,4.39176050199786e-03,2.59583956005745e-11,7.98880995937566e-06,8.29655643458912e-06,3.71657794822105e-06,8.06726294214132e-06,1.96292279210474e-03,1.27589702408836e-05,,,World_8,EAP_5,2.526985e+08
2016,Bulgaria,BGR,4.76394108905068e-07,7.27311409905416e-03,6.79202375275351e-12,1.33229534121047e-05,6.01764310387801e-06,2.27459125136091e-06,3.98088433260688e-05,1.76682163797355e-03,1.58855939127018e-05,,,World_2,,7127822
2009,Bhutan,BTN,3.16649280610251e-06,1.06765660695094e-02,4.53731333566374e-11,1.59096400062252e-05,4.51127416449198e-05,2.17129875821438e-05,8.63896157094035e-06,4.78159080500303e-03,6.2088456964307e-05,,,World_7,,693988
2017,Bahrain,BHR,7.40974032406263e-07,2.21727052903122e-02,1.55021022502492e-11,3.0697624966856e-05,9.96394613091993e-06,2.69426366702447e-06,1.83196404040149e-05,2.32476888500073e-02,4.78032834479749e-04,,,World_6,,1501116
2005,Switzerland,CHE,1.26878545234975e-06,1.95498377499865e-02,1.44156672884893e-11,5.87919725530764e-05,1.06708839407719e-05,2.76136864756775e-06,3.95643750979056e-05,6.28247220638901e-03,4.0316701951631e-05,,,World_5,,7437115
2007,Croatia,HRV,9.19449064973441e-07,1.14349707938983e-02,9.56832656239278e-12,2.24756335059333e-05,1.24282096100734e-05,4.56491346994314e-06,3.08604150097893e-05,2.489785969843e-03,2.44336891901426e-05,,,World_5,,4310217
2021,Mexico,MEX,2.93473706259637e-07,6.47282235882095e-03,4.06384781869331e-11,1.10023776995804e-05,3.75944183465288e-06,1.47672506427122e-06,1.01174903864188e-05,,,LACC_2,,World_9,,1.276481e+08
2018,Laos,LAO,7.26393883440366e-07,5.95143882698433e-03,2.18799062400505e-11,6.45266643416414e-06,1.12963325773626e-05,4.6824493837009e-06,6.70434504028323e-06,4.41754990272281e-04,7.95132252115469e-06,,,World_1,EAP_2,7128045
2020,Iraq,IRQ,2.06373532739758e-07,6.22092255854396e-03,3.46018114199858e-12,1.44266554467918e-05,1.68832525970855e-06,4.23025351551528e-07,3.17019841568622e-05,1.14129210355063e-02,1.21406180107291e-04,,,World_6,,4.21166e+07
2019,Bangladesh,BGD,2.505506355719e-07,2.49620235826428e-03,2.98504888468404e-12,4.36503647263822e-06,3.42766309517951e-06,1.67371245866889e-06,2.3199040664245e-06,4.86421536241507e-04,6.4605055334135e-06,,,World_1,,1.649131e+08
2016,Libya,LBY,5.82095973976949e-07,1.21070239707379e-02,7.27130675778082e-12,3.10197886551299e-05,4.64241942199201e-06,8.53700249109186e-07,1.67542430960053e-05,1.23880628463924e-02,2.66628843212545e-04,,,World_6,,6632126
2012,Chile,CHL,1.06997194004705e-06,1.01958862702748e-02,1.54806133281845e-11,2.46894973281197e-05,1.61412106122466e-05,4.6202882764718e-06,2.55976063511635e-05,2.72998225908494e-03,1.45427334499842e-05,LACC_1,,World_5,,1.751912e+07
2003,Colombia,COL,4.29620710217278e-07,4.58735388875317e-03,1.13866333703841e-10,8.78332959931181e-06,4.55306879959948e-06,1.97235452917651e-06,4.20034708472545e-06,4.30941673181598e-04,4.88695633008151e-06,LACC_2,,World_9,,4.093743e+07
2005,Togo,TGO,4.03867548692135e-07,1.89862486591403e-03,6.04919527914128e-12,2.20764391494106e-06,6.37649113851494e-06,2.41934054510601e-06,1.16847074213168e-06,9.38866397946536e-04,1.65511399388881e-05,,SSA_2,World_7,,5844631
2014,Iraq,IRQ,2.95690627640658e-07,5.82658099951319e-03,3.61243414531098e-12,2.2225320406198e-05,2.28801717541512e-06,3.03828884754994e-07,2.14955985606081e-05,1.01963396887908e-02,1.01597813156469e-04,,,World_6,,3.655006e+07
2018,Austria,AUT,9.11257611383829e-07,1.65309038867846e-02,1.08423058657809e-11,3.3780298106944e-05,8.11892681602313e-06,2.09284833452273e-06,1.6039054272122e-05,2.37865133111435e-03,2.11088497188591e-05,,,World_5,,8840521
2018,Germany,DEU,6.7067058814285e-07,1.63603213464983e-02,8.86955253831648e-12,2.46244027166337e-05,7.19442673651555e-06,1.9187181616256e-06,1.52483694163763e-05,3.61426761853283e-03,3.5299570516462e-05,,,World_5,,8.290578e+07
2019,Australia,AUS,1.19050645926253e-06,2.26765118939236e-02,1.99769784052813e-11,5.06569786008426e-05,1.09108853912628e-05,3.27197480445779e-06,3.56901531205419e-05,6.21541148337561e-03,3.52136685464253e-05,,,World_5,EAP_1,2.533483e+07
2016,Israel,ISR,7.14344243341435e-07,1.48096409740406e-02,1.3065902241877e-11,3.49684265810403e-05,9.58597382406623e-06,2.0495532843703e-06,1.69930949697361e-05,5.22241203741182e-03,4.92012128504409e-05,,,World_5,,8546000
2019,Poland,POL,5.67335370783166e-07,1.14972167172073e-02,4.65043113730351e-12,1.43480544375988e-05,9.11243210516415e-06,2.30109854221516e-06,1.91002739167465e-05,1.31114798577723e-03,1.70660670488699e-05,,,World_5,,3.796548e+07
2019,Iceland,ISL,8.33142919879092e-07,1.62927446463307e-02,8.48544547458552e-12,3.07723256753985e-05,8.16988218664644e-06,1.60696222462358e-06,2.2145010082964e-05,2.87556903031626e-03,2.82139025918738e-05,,,World_5,,360563
2002,Liberia,LBR,9.8567230589521e-07,2.5666372669762e-03,4.67242931876352e-11,1.81214899401863e-06,1.54473434253524e-05,7.35466622951979e-06,1.15099974172986e-06,4.5473633071468e-05,4.66712614631625e-07,,SSA_2,World_7,,3094782
2009,Ireland,IRL,1.10844632220586e-06,2.34034811971175e-02,7.68987129571098e-12,4.49635179306668e-05,9.62010690603591e-06,1.64088689530626e-06,2.44550486858833e-05,2.46012510674899e-03,2.67452444932084e-05,,,World_5,,4535375
2010,Central African Republic,CAF,3.34386323570338e-07,2.26497571275492e-03,8.27343097136362e-12,1.47447784921279e-06,4.81171985117934e-06,2.23103658372622e-06,7.24333661678568e-07,4.77814527684131e-04,2.82467809228893e-06,,SSA_1,World_4,,4492995
2009,China,CHN,8.83740635517171e-07,7.84192106250261e-03,4.82717826723896e-12,1.50082349386868e-05,1.0765042645531e-05,1.7353705786762e-06,1.96074062279851e-05,4.92914098496318e-03,2.66178763654535e-05,,,World_6,EAP_3,1.33126e+09
2007,Mexico,MEX,3.71066479501663e-07,8.08101209736139e-03,4.71433920191268e-11,1.59290967784557e-05,4.54006900083105e-06,1.7011584935608e-06,1.54633962010949e-05,4.8751529957162e-03,3.39785494613201e-05,LACC_2,,World_9,,1.087744e+08
2017,Paraguay,PRY,8.50520890053699e-07,5.72791594408847e-03,2.911761606634e-11,1.44911384252045e-05,9.89449746523515e-06,4.5819137014973e-06,3.16641907623162e-06,1.79886298342236e-03,4.71771315470216e-06,LACC_2,,World_9,,6338660
2009,Kyrgyzstan,KGZ,6.28028018229094e-08,2.42459138740449e-03,1.4830891637022e-11,2.44276762405907e-06,1.1199504388637e-06,8.5020570730083e-08,2.60204057086787e-06,6.2266852126713e-03,8.97695334908524e-05,,,World_3,,5389643
2012,Finland,FIN,1.62552303498897e-06,2.37775235048799e-02,7.82220259983738e-12,4.85934431462228e-05,1.54706993669768e-05,6.48240565452203e-06,3.60804244045932e-05,2.23890460568378e-03,2.29828405220366e-05,,,World_5,,5413971
2010,Belarus,BLR,3.90529356052992e-07,1.03952318372719e-02,4.70199059441996e-12,1.71211325116129e-05,5.71691020949412e-06,2.08645814720555e-06,1.15913732029383e-05,1.39082375737753e-03,1.87986728123535e-05,,,World_3,,9483836
2002,Macedonia,MKD,3.21549631177415e-07,6.27801242307583e-03,9.90404311843787e-12,1.3944895563421e-05,6.2685428008883e-06,1.34123112630596e-06,3.93123119590804e-05,1.22109678910079e-02,7.14184304382966e-05,,,World_2,,2020157
2017,Liberia,LBR,1.23776460669986e-06,3.51219396369767e-03,3.40369984603422e-11,3.22053840839786e-06,2.02375465338624e-05,8.81662752905661e-06,2.06215286232736e-06,3.62605686825305e-04,4.34452309125037e-06,,SSA_2,World_7,,4848925
2021,Rep Congo,COG,4.74320667431641e-07,3.697046305615e-03,3.15822729675677e-11,2.9567308233166e-06,6.98637536518245e-06,3.13120262344783e-06,1.42683850462803e-06,,,,SSA_4,World_1,,5892183
2019,Chad,TCD,3.90040972843299e-07,5.36299036784579e-03,4.21523878673812e-12,2.06884931656992e-06,6.19945915921016e-06,2.63940696388776e-06,4.92237443905721e-07,2.81378216588344e-04,1.71746600178132e-06,,SSA_1,World_4,,1.668522e+07
2002,Papua New Guinea,PNG,4.67037893824279e-07,2.55722868891488e-03,1.46437732125555e-10,5.28221253218965e-06,6.83079935205161e-06,3.14575121953424e-06,4.97874652999379e-06,4.84462128878978e-04,4.01038949996681e-06,,,World_7,EAP_6,5924003
2005,Moldova,MDA,1.85370684730716e-07,5.16591589573338e-03,2.62519618147848e-12,1.09051082311842e-05,2.20453341891728e-06,6.30370592243144e-07,6.01463260429431e-06,6.59442702177661e-04,7.70011076744839e-06,,,World_2,,2888985
2021,"Cote d'Ivoire",CIV,4.35932934313686e-07,2.1440725346439e-03,1.33824356520825e-11,2.63292059612856e-06,6.72208824135937e-06,2.27521207504792e-06,1.49237997201392e-06,,,,SSA_2,World_7,,2.963974e+07
2019,Mongolia,MNG,4.67492941401634e-07,1.52863726178781e-02,4.2299580010154e-11,1.58722553282518e-05,8.54156684821443e-06,5.82262341338895e-07,1.58768104905178e-05,1.59854925904159e-03,9.38037230632934e-06,,,World_8,EAP_5,3267673
2013,Rwanda,RWA,4.06249920072873e-07,1.41906085134839e-03,9.15539114790126e-12,1.47679497543696e-06,6.63057815692293e-06,2.3683974691707e-06,1.03496427124975e-06,1.66801764685336e-03,4.01944408590721e-06,,SSA_4,World_7,,1.109334e+07
2021,United States of America,USA,9.63566932278219e-07,2.16689523805134e-02,1.16564370891184e-11,4.13759852084339e-05,1.05484218988603e-05,2.87322696188392e-06,3.16053235234125e-05,,,,,World_5,,3.32049e+08
2018,Bhutan,BTN,3.09254100351127e-06,1.22663341856215e-02,4.26928672134239e-11,1.26232719488531e-05,4.35828724041227e-05,2.06370450716922e-05,9.55925246677453e-06,3.98454056630905e-03,6.89856028668476e-05,,,World_7,,759759
2006,Viet Nam,VNM,5.13945704973214e-07,3.6158538314215e-03,4.95261738519951e-12,5.29296284646164e-06,6.65212982932021e-06,2.97889062272874e-06,4.63517041021829e-06,7.75896551560691e-04,9.69090251396859e-06,,,World_3,EAP_4,8.21679e+07
2016,Syria,SYR,5.3936990751731e-08,2.13931014956219e-03,9.27569664565125e-12,3.6321984503273e-06,5.30403995569197e-07,2.12188784656148e-07,7.47992897898372e-06,1.64621077298313e-02,1.8702224203738e-04,,,World_6,,1.919383e+07
2004,Cameroon,CMR,6.84925572473727e-07,3.34841672189678e-03,2.06897963345511e-11,2.53017222855206e-06,1.0296403946187e-05,4.86931527185818e-06,1.36828254476804e-06,5.15369910188327e-04,4.57604849592323e-06,,SSA_2,World_7,,1.661049e+07
2004,Equatorial Guinea,GNQ,6.04338268022106e-07,1.10109153678442e-02,3.75124829648533e-11,9.71097303433311e-06,8.11940726326553e-06,2.86202096033007e-06,7.70221099643666e-06,2.9875423486258e-03,2.79416968224004e-05,,SSA_4,World_1,,899917
2011,Mali,MLI,2.79409802336344e-07,1.64007621734897e-03,3.56842011777161e-12,1.67494477073012e-06,4.49601145420939e-06,1.78796583386105e-06,1.00345315693566e-06,1.3931532758999e-03,7.45501344187214e-06,,SSA_2,World_7,,1.646905e+07
2016,Egypt,EGY,1.38568240687208e-07,3.54549166830303e-03,1.38591682637178e-12,4.93060715236928e-06,1.77893323387774e-06,5.94066234942388e-07,7.7249983946178e-06,3.80572142002338e-02,4.25016715031443e-04,,,World_6,,1.016446e+08
2013,Kazakhstan,KAZ,6.37394034412254e-07,1.6347501301057e-02,2.62198310694116e-11,3.09012057936456e-05,9.01534173964523e-06,7.60667377848019e-07,5.15816390246865e-05,5.53224513856796e-03,8.64791675744434e-05,,,World_3,,1.75565e+07
2018,Colombia,COL,4.31284208424194e-07,4.78203577007384e-03,9.84047551662782e-11,1.07136242243883e-05,4.60850234459177e-06,1.79557566285932e-06,4.81569738206194e-06,8.66923525170668e-04,7.72532053298665e-06,LACC_2,,World_9,,4.902446e+07
2003,Paraguay,PRY,8.53951476944798e-07,4.80975476014487e-03,3.5475073073683e-11,1.00414594037599e-05,9.41220335474663e-06,4.39113096056175e-06,2.25758896127668e-06,1.81562202773104e-03,2.84764131334389e-06,LACC_2,,World_9,,5326436
2010,Portugal,PRT,6.46163610191131e-07,1.10280257158885e-02,2.21615809893815e-11,2.01325137352805e-05,7.1653293362182e-06,3.12216258712148e-06,1.3156918081958e-05,1.05343864795223e-02,4.99749098937044e-05,,,World_5,,1.05731e+07
2020,Ghana,GHA,3.23574474985825e-07,2.55957978338923e-03,8.66721065178274e-12,4.23295935116412e-06,4.3382321798515e-06,1.15224051859257e-06,2.8130535061375e-06,5.89232559663342e-04,5.84829746943744e-06,,SSA_3,World_8,,3.188781e+07
2018,Equatorial Guinea,GNQ,3.67187755792785e-07,8.20754841721685e-03,2.41314058283129e-11,7.11680347222786e-06,5.14971338785563e-06,1.75004117983491e-06,4.41367686123049e-06,2.58782659385384e-03,2.57423664461045e-05,,SSA_4,World_1,,1616422
2020,Portugal,PRT,5.09244833211999e-07,8.96194836340891e-03,1.89965735108726e-11,1.69938108256619e-05,5.74091703404142e-06,2.34402958803334e-06,9.37764384895366e-06,7.98656229998672e-03,3.04693413672205e-05,,,World_5,,1.029708e+07
2004,Malawi,MWI,3.56377180145043e-07,1.47350158857767e-03,5.34850507599254e-12,1.50273293341707e-06,5.05860958766607e-06,2.18135900532576e-06,1.37028745189908e-06,2.64969719556815e-04,4.74023574819778e-06,,SSA_2,World_7,,1.250074e+07
2004,Paraguay,PRY,8.01553829146607e-07,5.08529065794726e-03,3.24460909933593e-11,1.02057642684347e-05,9.11361865107264e-06,4.23368397938031e-06,2.38943656366688e-06,2.10414494368097e-03,6.79340258325761e-06,LACC_2,,World_9,,5388175
2011,Papua New Guinea,PNG,3.7525904115687e-07,2.36939757114368e-03,2.08599607040596e-10,3.68779200527174e-06,5.44490682320736e-06,2.26470817570546e-06,3.0241897933226e-06,4.79792086751884e-04,5.65525552033205e-06,,,World_7,EAP_6,7859346
2016,Saudi Arabia,SAU,1.16549909079223e-06,2.7428424032303e-02,1.90839585154143e-11,7.56096713487925e-05,1.01565666264956e-05,1.98693465760395e-06,1.01583425616646e-04,1.39331331852799e-02,3.1610734034994e-04,,,World_6,,3.09542e+07
2018,Peru,PER,4.20608347182683e-07,4.23072380586138e-03,7.48902620892927e-11,1.01067639524864e-05,4.68066545368317e-06,1.71199605677429e-06,4.79484839399392e-06,1.5444091119557e-03,8.41056710279286e-06,LACC_2,,World_2,,3.189758e+07
2018,Saudi Arabia,SAU,1.07461339858814e-06,2.65981923922032e-02,1.82201927350496e-11,6.87504237302184e-05,9.66819581699322e-06,2.01376147529411e-06,9.29089181046987e-05,1.56242663386281e-02,3.07553592947782e-04,,,World_6,,3.019628e+07
2011,Germany,DEU,8.49005116757815e-07,1.73789576918195e-02,9.95978444835448e-12,3.06662051955955e-05,8.12549177795074e-06,1.93381973673909e-06,1.98984567907345e-05,3.95829242364747e-03,4.04557412236691e-05,,,World_5,,8.027498e+07
2008,Cuba,CUB,3.44383766359959e-07,3.86195372657317e-03,9.92092537114898e-11,8.09732184289129e-06,3.40625570941207e-06,1.31045561154194e-06,1.5785218652616e-05,2.18422120048597e-03,3.65468970595516e-05,LACC_2,,World_3,,1.129176e+07
2011,Equatorial Guinea,GNQ,6.33366311913184e-07,1.29534669878326e-02,3.13591831631835e-11,1.31845816944839e-05,8.18831852665708e-06,2.36239959479488e-06,9.13617649075328e-06,4.12183525900319e-03,3.91755678445536e-05,,SSA_4,World_1,,1241835
2015,Panama,PAN,5.84772679993518e-07,5.45754112930148e-03,1.04352447177301e-10,1.63647115543538e-05,5.76880755066271e-06,1.5419965543499e-06,1.40661619270797e-05,1.2803167345778e-03,1.02118892576659e-05,LACC_2,,World_2,,3960035
2020,Greece,GRC,4.1696350943855e-07,9.5034813587924e-03,2.47401523816784e-11,1.72387958903983e-05,5.01732914715467e-06,1.57255756724238e-06,2.13067606863394e-05,1.24522741714588e-02,5.56050439566969e-05,,,World_5,,1.06986e+07
2010,El Salvador,SLV,4.43341706477246e-07,4.02737351968543e-03,2.65989321329393e-11,1.99156026772713e-05,4.92450746781134e-06,2.13891833125142e-06,1.41640521861661e-05,1.00727783409811e-03,7.7235246810389e-06,LACC_2,,World_9,,6068249
2009,Bahrain,BHR,5.98353259648772e-07,1.75656517322945e-02,1.70077939057958e-11,2.82564276632556e-05,8.28523244665008e-06,1.545045927167e-06,1.54245232061297e-05,2.18063177147982e-02,5.28807035060659e-04,,,World_6,,1178415
2020,Kyrgyzstan,KGZ,1.26749597506382e-07,2.93785594864239e-03,1.34151554493251e-11,3.15618576802556e-06,2.14265555534621e-06,1.3299940408356e-07,6.78808855991235e-06,5.24251221656593e-03,9.04493628126482e-05,,,World_3,,6726596
2011,Spain,ESP,6.83369062434129e-07,1.09369260984883e-02,2.33931018814219e-11,2.36274817330581e-05,6.49402028107236e-06,2.05529152931207e-06,1.3991176575855e-05,1.67267818612252e-02,8.94631995129941e-05,,,World_5,,4.67427e+07
2006,Netherlands,NLD,1.29225936908522e-06,2.12554588925359e-02,1.84099378880268e-11,4.90301950738076e-05,1.22512513622129e-05,3.40501338795294e-06,2.86956557777231e-05,6.39682963838955e-03,5.95476525922504e-05,,,World_5,,1.63461e+07
2008,Belarus,BLR,4.04598469319048e-07,9.73761330891638e-03,5.10710632015522e-12,1.5768812344909e-05,5.81244628505999e-06,2.19059031891033e-06,9.88502769593374e-06,1.62222461749166e-03,2.00720447912777e-05,,,World_3,,9527985
2017,Chad,TCD,4.2381950752913e-07,5.04189642025846e-03,4.41750771948382e-12,1.91661324185473e-06,6.83119402284308e-06,2.78690580443114e-06,5.50157597514639e-07,2.4770908648436e-04,1.48687754290565e-06,,SSA_1,World_4,,1.562276e+07
2014,Slovenia,SVN,8.87767855663314e-07,1.29435858402291e-02,9.13518936923544e-12,1.82838223878252e-05,1.17450691264376e-05,4.65510275001206e-06,1.75567240175863e-05,2.36614470581741e-03,2.39334801438071e-05,,,World_5,,2061980
2011,Georgia,GEO,2.82464127946202e-07,4.82501375186862e-03,1.2584043367695e-11,5.40780545637858e-06,4.47248315109549e-06,1.61313599705654e-06,4.57347808805774e-06,7.11033731882551e-03,1.34309636792907e-04,,,World_2,,3756441
2009,Bosnia and Herzegovina,BIH,4.60000926510835e-07,6.76722668106381e-03,6.57669409036591e-12,1.39916260545072e-05,5.63125160568883e-06,1.07041423689041e-06,2.66537655103052e-05,7.54401362633418e-04,1.68548907168184e-05,,,World_2,,3879794
2007,Laos,LAO,6.66646295926387e-07,3.729966240582e-03,2.86629929977839e-11,3.02480765226672e-06,9.87998715009171e-06,5.29450493224613e-06,1.81884890816648e-06,2.9945563770198e-04,3.14299948479438e-06,,,World_1,EAP_2,6056236
2020,Argentina,ARG,3.54454404568071e-07,7.66176763475241e-03,1.50655587577892e-11,1.1241237694589e-05,3.3974126739496e-06,1.33498243831582e-06,6.49746222985115e-06,7.28922383878806e-04,3.53825000490786e-06,LACC_1,,World_5,,4.519196e+07
2003,Kazakhstan,KAZ,2.97118237695404e-07,1.06008399944925e-02,1.64244346307096e-11,2.37589479563837e-05,3.27400505956893e-06,7.29460408149641e-07,3.64792047460557e-05,5.80313072486865e-03,8.99891099586096e-05,,,World_3,,1.574738e+07
2017,Switzerland,CHE,1.0859718346289e-06,1.84485993216968e-02,1.5809747238623e-11,3.88936550727208e-05,1.16385355941854e-05,3.44167901146979e-06,2.79718459756363e-05,5.25664423432056e-03,4.33061903245384e-05,,,World_5,,8451840
2003,United Arab Emirates,ARE,3.25544537644894e-06,3.60158153731912e-02,2.76463035667424e-11,1.66883875175817e-04,1.76678710657099e-05,4.08379360320208e-06,2.82199053885526e-05,4.2899694934904e-02,1.04130050717576e-03,,,World_6,,4192457
2016,Turkey,TUR,4.15399740948619e-07,8.64372585577787e-03,1.6567547469364e-11,1.2698597355647e-05,5.93832286080487e-06,1.74667586881694e-06,2.20943313580257e-05,7.70578947117963e-03,7.62365655106555e-05,,,World_3,,7.927796e+07
2013,Georgia,GEO,3.8812343068866e-07,5.05047726948367e-03,1.18505102895482e-11,6.03321833632748e-06,6.07392419506559e-06,2.35083399660133e-06,5.53857311360649e-06,5.17475828772607e-03,1.00036874370076e-04,,,World_2,,3717668
2007,Estonia,EST,1.36815935107146e-06,2.24035885515116e-02,8.31211246334688e-12,6.09463645439142e-05,1.57852480804319e-05,6.24444756317351e-06,9.09595916735619e-05,2.35666318263675e-03,2.580765322131e-05,,,World_5,,1340680
2011,USSR/Russian Federation (1990/1991),RUS,4.0270000500923e-07,1.41665278214716e-02,4.17419970533292e-12,2.83060219331269e-05,4.67767206006955e-06,9.12667964947117e-07,1.94991559201931e-05,2.05770702985528e-03,2.11219827472315e-05,,,World_3,,1.430182e+08
2012,Kenya,KEN,6.78153435981318e-07,2.93302342692354e-03,9.99091229585554e-12,3.34457952246072e-06,1.01578042011682e-05,3.38827259593333e-06,2.18794627053427e-06,9.17330764491674e-04,1.07839056419811e-05,,SSA_2,World_7,,4.38883e+07
2010,Croatia,HRV,8.75106378303349e-07,9.71074372448916e-03,1.02464536376177e-11,1.63045241640557e-05,1.25038197033838e-05,4.91820303418175e-06,2.11759609490762e-05,1.92092212142634e-03,1.99101536417864e-05,,,World_5,,4295427
2013,Thailand,THA,6.21022705664491e-07,7.83389960703891e-03,7.61180568259618e-12,1.16520061938356e-05,7.57536318521933e-06,2.72367121870878e-06,9.69902258908721e-06,1.03269055852645e-03,2.58647830233295e-05,,,World_9,EAP_4,6.984511e+07
2008,South Africa,ZAF,6.55641364483793e-07,9.09323127295694e-03,6.63253547416742e-11,2.36027885752621e-05,1.01735068352777e-05,1.96587083179029e-06,3.62609447743085e-05,1.79538849004635e-03,2.83498590915963e-05,,SSA_3,World_8,,5.11146e+07
2007,Finland,FIN,1.83428055282556e-06,2.70295430331326e-02,8.31409191916186e-12,5.68466366720774e-05,1.63098377724342e-05,6.32308126218503e-06,4.56279352007947e-05,2.61381950192856e-03,2.7667153155112e-05,,,World_5,,5288720
2009,Equatorial Guinea,GNQ,9.05629592526176e-07,1.3960568042874e-02,3.49598277769555e-11,1.52915678357689e-05,1.26416497888604e-05,2.91970764124397e-06,1.18287980008686e-05,4.27259684294599e-03,4.1654662272601e-05,,SSA_4,World_1,,1135673
2003,Ecuador,ECU,4.50948378865007e-07,4.81166448257143e-03,1.04135355789734e-10,1.33254161746765e-05,3.41911004822426e-06,1.13546621201611e-06,9.55580323041284e-06,6.91529556685697e-04,6.30942577689596e-06,LACC_2,,World_2,,1.337231e+07
2012,Georgia,GEO,2.88032895591364e-07,5.26909393276434e-03,1.23696552901262e-11,5.36230892167528e-06,4.63118160776229e-06,1.61758728390209e-06,5.12191045423447e-06,5.20511537254276e-03,8.94746010406629e-05,,,World_2,,3728874
2011,Central African Republic,CAF,3.60064203669676e-07,2.29690341825196e-03,8.49671440543003e-12,1.51809414970417e-06,5.171336654824e-06,2.27612812991371e-06,7.22422766103372e-07,4.96212077221949e-04,2.88687767748841e-06,,SSA_1,World_4,,4565021
2009,Azerbaijan,AZE,1.37091348385686e-07,5.40656569849511e-03,1.43966545555445e-11,9.14348326548692e-06,1.69040065710858e-06,4.54560515657444e-07,3.48210272924843e-06,1.1150329245075e-02,1.38396842863399e-04,,,World_6,,8947243
2008,Guatemala,GTM,6.95093515619712e-07,4.36524979160035e-03,3.77139566691895e-11,8.56765311404666e-06,1.00142951439597e-05,4.7837601984647e-06,6.58023918583124e-06,9.89605741903065e-04,9.74098220205446e-06,LACC_2,,World_9,,1.393517e+07
2010,Iraq,IRQ,2.98519787173644e-07,5.96268111560002e-03,3.94460539791011e-12,1.85874736625575e-05,2.35271267757508e-06,3.02102543088011e-07,2.25057516571436e-05,1.22452129424597e-02,1.36486824677274e-04,,,World_6,,3.104537e+07
2021,Honduras,HND,5.58948657404695e-07,3.29286549066663e-03,3.99905020102858e-11,1.02373953960933e-05,7.61529243652954e-06,3.49041881807612e-06,6.87554616505677e-06,,,LACC_2,,World_9,,1.028988e+07
2017,Somalia,SOM,8.1817505661987e-07,3.38508045790232e-03,3.22196678510282e-11,1.66736945992298e-06,1.26895431826412e-05,5.2047499265638e-06,6.83287816345449e-07,5.53048121850675e-04,3.87544947924702e-06,,SSA_1,World_4,,1.491663e+07
2005,Kazakhstan,KAZ,3.30302871681143e-07,1.25377965221541e-02,3.67968787069125e-11,2.39357513564155e-05,4.39495681593928e-06,7.50952062283386e-07,4.06162622886542e-05,6.06846261082579e-03,9.35823394627826e-05,,,World_3,,1.596812e+07
2021,DR Congo,COD,5.12575846413122e-07,1.44514317979473e-03,8.83889427103435e-12,1.29452354401653e-06,6.9689241877759e-06,3.17401963140561e-06,8.48640437332581e-07,,,,SSA_1,World_4,,9.914893e+07
2014,Mexico,MEX,3.21714935949272e-07,7.05317878237685e-03,4.0912313410402e-11,1.37940279514824e-05,3.93835429399355e-06,1.52224480908562e-06,1.00598539131587e-05,3.62104567537167e-03,2.85602325028946e-05,LACC_2,,World_9,,1.197843e+08
2005,Slovenia,SVN,1.05958109612677e-06,1.66276311364928e-02,1.1697164006497e-11,3.16615875432401e-05,1.22432651605682e-05,4.79472359014218e-06,2.19408033424584e-05,2.97530616574218e-03,3.09863604564964e-05,,,World_5,,2000474
2015,Croatia,HRV,7.84191679800774e-07,8.70884343795964e-03,9.67363076965567e-12,1.16345682475928e-05,1.18068583105071e-05,4.88222936520114e-06,1.54962827192412e-05,1.42925016156329e-03,1.27892273959318e-05,,,World_5,,4151725
2016,Venezuela,VEN,3.89674036609743e-07,8.18191896324724e-03,5.49630839620191e-11,1.65288359957332e-05,3.43678831130512e-06,1.20357452492517e-06,6.6451362941637e-06,2.78569312125174e-03,1.68061320389288e-05,LACC_2,,World_9,,3.076572e+07
2014,Turkey,TUR,4.42080943948939e-07,8.47957110490168e-03,1.65195338321351e-11,1.31722808511032e-05,6.14825457228858e-06,1.85536573240205e-06,2.09861101225329e-05,8.44963966304955e-03,7.38202961934945e-05,,,World_3,,7.718189e+07
2002,Germany,DEU,7.79307781046109e-07,1.77762220090668e-02,1.27033087856715e-11,3.42197958613618e-05,6.97723764812628e-06,1.74184699985935e-06,2.10696406008467e-05,3.56032073268035e-03,3.92025028427515e-05,,,World_5,,8.24885e+07
2013,Slovenia,SVN,1.00155417821876e-06,1.43132250960994e-02,8.39580737419048e-12,1.94541471272029e-05,1.32817218446635e-05,5.28900642082698e-06,1.9117425266542e-05,2.26465926181099e-03,2.17370569980548e-05,,,World_5,,2059953
2018,Malawi,MWI,3.09374296908614e-07,1.50933895921545e-03,3.97898212279578e-12,1.3301092453417e-06,4.42260446995843e-06,1.84687000917813e-06,1.06355179742901e-06,1.69849089609021e-04,2.4833186284134e-06,,SSA_2,World_7,,1.852808e+07
2015,Nigeria,NGA,1.16430034247559e-06,4.43625358031771e-03,4.78110535489879e-12,4.36792648099315e-06,1.76514738962945e-05,8.18940708331772e-06,1.49299374441939e-06,3.17327086557841e-04,3.393047268554e-06,,SSA_2,World_7,,1.906719e+08
2005,Slovakia,SVK,3.84961904658431e-07,1.0670869688295e-02,6.99324722158477e-12,2.22507545135707e-05,4.3912211313645e-06,1.10777491019456e-06,1.61455471263636e-05,1.50857114743004e-03,2.2826687866451e-05,,,World_5,,5372807
2009,"Cote d'Ivoire",CIV,4.0795211749679e-07,2.00844708332376e-03,1.49901675713131e-11,1.87104055876928e-06,7.18275086392176e-06,2.47004003306133e-06,1.2365851687513e-06,1.46548197184439e-03,2.6526897789489e-05,,SSA_2,World_7,,2.199794e+07
2004,Guatemala,GTM,8.25018914779289e-07,4.87783046335034e-03,4.56046768482473e-11,1.06184467986331e-05,1.0086279596842e-05,5.03119272602253e-06,6.67357874639964e-06,1.02983323712516e-03,8.31109142059959e-06,LACC_2,,World_9,,1.28074e+07
2003,France,FRA,8.01008002013939e-07,1.32200603428549e-02,1.31709206905364e-11,2.85896681826307e-05,7.93467470660067e-06,2.57688565973746e-06,1.62186895911173e-05,3.87318669489769e-03,3.66781669856472e-05,,,World_5,,6.224986e+07
2010,Algeria,DZA,4.66584097369115e-07,5.44673684466789e-03,6.21891108898698e-12,1.07875951351014e-05,2.69782853093694e-06,5.10618808422262e-07,3.8236228977148e-06,2.22272445185558e-03,2.38212722569765e-05,,,World_3,,3.618824e+07
2014,CSSR/Czech Republic (1990/1991),CZE,8.83497386560834e-07,1.35626434958728e-02,6.38643282898697e-12,2.10769776302208e-05,1.05532762339875e-05,3.65463659260307e-06,1.85086315657621e-05,1.33816135254622e-03,1.39810218884754e-05,,,World_5,,1.052535e+07
2012,France,FRA,8.16620929627614e-07,1.2430610204747e-02,1.09747840657531e-11,2.50132256659584e-05,8.80959490057512e-06,2.60109337164077e-06,1.36993298544999e-05,3.24149367901639e-03,2.90705004505962e-05,,,World_5,,6.565766e+07
2008,Sudan/North Sudan (2010/2011),SDN,7.26404210445257e-07,4.57695617404177e-03,8.0965258919301e-12,6.70365316633034e-06,1.08367471760387e-05,3.40409746086156e-06,3.60853414411042e-06,1.09674832275349e-02,3.11178785064552e-04,,SSA_4,World_1,,3.362398e+07
2020,Bahrain,BHR,4.33894015201103e-07,1.8413535765658e-02,8.85874094458085e-12,2.56721971424282e-05,6.19308184758136e-06,1.39235728880337e-06,1.2994690919397e-05,7.0102544145058e-03,1.40108257333166e-04,,,World_6,,1472204
2006,Jordan,JOR,2.79317789500006e-07,5.73464283660036e-03,5.88778377303292e-12,1.197171420363e-05,2.40697413364414e-06,5.96429526214392e-07,1.81577170596359e-05,9.74727862155469e-03,1.33305407066207e-04,,,World_3,,6427371
2011,Tanzania,TZA,6.14100710083784e-07,2.79427591512043e-03,1.48853093951907e-11,2.25536592989143e-06,8.89474494043305e-06,4.02490580116627e-06,1.21294474511046e-06,5.44765556536851e-04,6.35483647555932e-06,,SSA_2,World_7,,4.602937e+07
2019,Canada,CAN,9.99170937164668e-07,2.2765279073733e-02,7.83660745096954e-12,3.91810275607228e-05,1.05277097372386e-05,3.73734418290936e-06,2.19356200902808e-05,3.9557268525427e-03,3.72884035582741e-05,,,World_5,,3.76185e+07
2005,DR Congo,COD,5.23403795551425e-07,1.57198428591293e-03,1.28338285835838e-11,1.13102274449017e-06,6.68254673333778e-06,3.510130221717e-06,5.6891924359809e-07,1.72830241209539e-04,9.83099426748902e-07,,SSA_1,World_4,,5.877572e+07
2011,Mongolia,MNG,6.05447935026392e-07,1.00408069322963e-02,4.13884029195967e-11,1.26498844386597e-05,8.37752353084566e-06,7.04861865067729e-07,1.40182598441469e-05,1.79885816535477e-03,1.00798386272798e-05,,,World_8,EAP_5,2786317
2014,Australia,AUS,1.75790425671018e-06,2.99510951400723e-02,1.05962250491391e-10,6.566793128303e-05,1.49986968938836e-05,4.71742814813216e-06,4.79332437792007e-05,7.673483989838e-03,4.35870162711739e-05,,,World_5,EAP_1,2.347569e+07
2017,Zambia,ZMB,9.10233910807101e-07,3.13706874008745e-03,9.64299805482567e-12,3.91543057734102e-06,1.1605962843775e-05,5.25773203750328e-06,6.55527225364261e-06,2.43637866369982e-04,2.83528582744332e-06,,SSA_2,World_7,,1.744132e+07
2014,Brazil,BRA,8.69784456498639e-07,9.17106163169655e-03,3.8454824465432e-11,1.58617620987834e-05,9.64598183233826e-06,4.11179770446975e-06,9.3953803815882e-06,5.93506900832161e-04,4.28703405274967e-06,LACC_2,,World_9,,2.000851e+08
2005,Mauritania,MRT,5.59722276754226e-07,5.09603575608588e-03,1.86347187325261e-11,6.56608873497572e-06,7.43514163468032e-06,3.02676483563581e-06,3.55473233193403e-06,6.80659178700564e-03,2.81775505251036e-05,,SSA_4,World_1,,2939059
2006,Libya,LBY,8.24164962296999e-07,1.22593711556725e-02,8.16005166368754e-12,2.46636369215161e-05,5.94400540865842e-06,1.26245782436004e-06,2.64468699800338e-05,2.1090379598324e-02,4.18953337175652e-04,,,World_6,,5980211
2021,Syria,SYR,4.30825949694841e-08,2.13828576659098e-03,8.24101882025601e-12,2.95530588685164e-06,4.64150057596038e-07,1.65063490220858e-07,5.74018876495938e-06,,,,,World_6,,2.162884e+07
2007,Kazakhstan,KAZ,3.9180088716015e-07,1.32724294087099e-02,3.56634164144893e-11,2.10212612919108e-05,5.58873052525033e-06,9.06192108141413e-07,3.08258746967655e-05,6.77337957946651e-03,1.01751386359719e-04,,,World_3,,1.625721e+07
2019,Nicaragua,NIC,4.18488574650531e-07,3.73337896300761e-03,6.92530888628741e-11,7.42818793659543e-06,6.02168099925562e-06,2.82244173980857e-06,6.55131800884097e-06,4.89143241665865e-04,3.73698718599793e-06,LACC_2,,World_9,,6483657
2021,Georgia,GEO,3.58950196032891e-07,5.39617506191042e-03,1.13252915626107e-11,8.96974962690143e-06,5.48008942592087e-06,1.85068498961167e-06,5.06149504583397e-06,,,,,World_2,,3708610
2009,Angola,AGO,5.42840452020788e-07,4.26732462733071e-03,2.38919640908496e-11,5.26823474260274e-06,7.36975895074342e-06,3.15648808851001e-06,5.7993363605338e-06,1.43378781956871e-03,1.74474032553228e-05,,SSA_1,World_4,,2.241477e+07
2016,Eritrea,ERI,3.78777701528708e-07,2.56233027185331e-03,2.5393483237406e-11,2.9687982518467e-06,5.37667183246112e-06,2.23032582765851e-06,1.86223111001551e-06,1.48225712167557e-03,1.19667486702011e-05,,SSA_4,World_1,,3124698
2012,Bolivia,BOL,2.87758413205365e-07,4.82257199546584e-03,6.70303961768357e-11,5.03318916527846e-06,3.84162424089157e-06,1.55839138228588e-06,3.30402852472741e-06,3.74302930381188e-04,1.6042931883427e-06,LACC_2,,World_8,,1.051581e+07
2012,Pakistan,PAK,3.78564998994811e-07,2.67977495270127e-03,9.68417568626974e-13,4.23051139197941e-06,4.85835584228832e-06,2.38901218661069e-06,4.87178517076112e-06,6.49450698553965e-03,2.47356490923242e-04,,,World_1,,2.076671e+08
2008,Uzbekistan,UZB,4.33275307989573e-08,4.98585857672113e-03,2.61253836143904e-12,5.46427748003788e-06,7.39573282771068e-07,9.31682642114654e-08,2.68916960416218e-06,6.56153158909504e-03,2.09670323944953e-04,,,World_6,,2.749477e+07
2010,Lebanon,LBN,4.07899670157037e-07,8.56194581205051e-03,1.47560373650548e-11,3.27586953811347e-05,4.95373065087347e-06,1.10961527231791e-06,4.41475466875011e-05,1.15016944402376e-02,1.12706886917248e-04,,,World_3,,5041288
2011,Jamaica,JAM,4.21402809040802e-07,4.53152922618564e-03,4.01403250788913e-11,1.68724808003032e-05,4.10464962574155e-06,1.21619122095727e-06,1.92995053150593e-05,1.91156459573986e-03,1.35653983353937e-05,LACC_2,,World_2,,2760494
2019,Iran,IRN,3.21777811238466e-07,1.03603161924343e-02,1.04472420806069e-11,1.91029126549121e-05,3.8703094582213e-06,1.14019558731338e-06,9.2881247103898e-06,2.05037635865826e-02,2.44497173978699e-04,,,World_6,,8.705165e+07
2013,Jamaica,JAM,4.25601187712096e-07,4.23929375534947e-03,3.58157046956964e-11,1.71270582146182e-05,4.0918925439363e-06,1.20778305120172e-06,2.00017364219958e-05,1.87277919275025e-03,1.41302315586333e-05,LACC_2,,World_2,,2783687
2018,Yemen Arab Republic/Yemen (1990/1991),YEM,5.14880026383328e-08,1.26639483563312e-03,6.19557242907628e-12,1.89865178245305e-06,7.44516648689554e-07,2.18794893846668e-07,1.89167231425274e-06,3.72249075587023e-03,7.80440754400622e-05,,,World_1,,3.408518e+07
2020,Cyprus,CYP,6.8561685506002e-07,1.0635713338962e-02,1.15850646827326e-11,3.07987267698052e-05,5.77549270230958e-06,1.08596134108226e-06,2.52345905134461e-05,4.93270957951217e-03,3.40756549113516e-05,,,World_5,,1302247
2010,Bolivia,BOL,2.86684884999422e-07,4.66143310303884e-03,6.79072193585838e-11,4.89606624109722e-06,3.7913387442411e-06,1.57068125110483e-06,2.17729737164684e-06,3.68271161844682e-04,1.59265193243823e-06,LACC_2,,World_8,,1.018235e+07
2010,Cuba,CUB,3.42401087349749e-07,4.35994435158302e-03,8.21164801373111e-11,9.29473472322335e-06,3.28672928319299e-06,1.36960636405621e-06,2.77628695087988e-05,1.72099338404615e-03,3.03410721124845e-05,LACC_2,,World_3,,1.129741e+07
2010,Thailand,THA,5.99390601371791e-07,7.1526147408184e-03,8.06009806789365e-12,1.10362703200772e-05,7.35246673332056e-06,2.73289601701409e-06,8.45024493840601e-06,1.15025938865328e-03,3.25375673621584e-05,,,World_9,EAP_4,6.857945e+07
2015,Ghana,GHA,3.82570630635239e-07,2.32055064867248e-03,9.70939974408058e-12,4.57076769563537e-06,4.99689358140202e-06,1.22182746853908e-06,2.77876751184071e-06,6.48942088133057e-04,5.22298695694908e-06,,SSA_3,World_8,,2.869607e+07
2006,Botswana,BWA,8.81288016115093e-07,7.39906232033704e-03,8.80975962577215e-11,2.10370297136327e-05,1.09180631161669e-05,4.43422504004497e-06,1.9774159502492e-05,1.15304197494635e-03,1.20252278630575e-05,,SSA_3,World_8,,1874516
2016,Rwanda,RWA,4.30189545450862e-07,1.45909384395609e-03,8.6200330171318e-12,1.66483184139815e-06,6.98771329052183e-06,2.37529230002535e-06,1.06836041444112e-06,1.85135810887395e-03,4.50516612366559e-06,,SSA_4,World_7,,1.191918e+07
2010,Eritrea,ERI,4.90389783705572e-07,2.89861679230925e-03,2.73923047853008e-11,3.44763793088868e-06,7.17326913964442e-06,2.64123041750213e-06,2.26391013288843e-06,8.16986323390336e-03,8.5655846556207e-05,,SSA_4,World_1,,2945186
2003,Bosnia and Herzegovina,BIH,3.91946317583555e-07,5.83288096980273e-03,6.87799193611274e-12,1.2997669161754e-05,5.29456418464886e-06,9.9897061702728e-07,2.69751647326649e-05,6.33900451068574e-04,8.52064693419756e-06,,,World_2,,4178523
2011,Nepal,NPL,7.2526161581392e-07,3.3291894467057e-03,7.37782124485461e-12,2.54415186294968e-06,1.04088229672141e-05,5.18617144224186e-06,1.68948153975163e-06,9.78258719432202e-04,1.01229697444409e-05,,,World_7,,2.746449e+07
2010,Costa Rica,CRI,7.59439555969771e-07,5.11524117432698e-03,6.51592837919276e-11,1.43303553152446e-05,5.38198735921105e-06,2.42706196983809e-06,7.08052227795721e-06,3.15172588521008e-03,2.44235700350433e-05,LACC_1,,World_5,,4555962
2006,Italy,ITA,9.04952290295852e-07,1.57078730240113e-02,2.08569477476896e-11,3.41081712164711e-05,8.67112163331757e-06,2.34997642667019e-06,2.23781706638572e-05,6.79996861517062e-03,6.1498710314839e-05,,,World_5,,5.814398e+07
2018,Cyprus,CYP,6.14419150548028e-07,1.18492516519146e-02,1.45195024319978e-11,2.80348994571341e-05,5.37412451755114e-06,1.14488080583269e-06,2.62132600348396e-05,6.89361569634672e-03,4.88889365638947e-05,,,World_5,,1270737
2009,Nepal,NPL,7.20893798217505e-07,3.24269389834998e-03,7.33910242484947e-12,2.46386637415238e-06,1.02210341096098e-05,5.20044123642419e-06,1.53233575476727e-06,9.59035005915441e-04,9.96515140242338e-06,,,World_7,,2.717304e+07
2006,USSR/Russian Federation (1990/1991),RUS,3.16081646706263e-07,1.25697362073205e-02,3.14972996315189e-12,2.54101353892488e-05,3.82024079762042e-06,5.49157066440153e-07,1.84698347538164e-05,1.40059581494246e-03,1.72247608292818e-05,,,World_3,,1.430496e+08
2012,Oman,OMN,7.70470358480821e-07,2.06034695327642e-02,1.16301308340405e-11,3.2855386709985e-05,7.45214448098639e-06,1.82163988191492e-06,2.28634729119449e-05,1.91210234398696e-02,3.9039247870307e-04,,,World_6,,3547106
2013,Zimbabwe,ZWE,1.10760303683581e-06,4.55034694106999e-03,1.28870081263778e-11,6.39725917046016e-06,1.71134977041298e-05,7.58473993232361e-06,6.837614843298e-06,1.03038856136906e-03,1.29568392092206e-05,,SSA_4,World_1,,1.401381e+07
2016,Albania,ALB,3.50688243329838e-07,4.25313950741007e-03,1.94857574113143e-11,9.37217822700329e-06,3.96995589365443e-06,1.23730548586114e-06,4.86672138149599e-06,2.4042864901678e-03,1.24195655065192e-05,,,World_2,,2876101
2009,Colombia,COL,3.98987815424139e-07,4.73086834391349e-03,1.02518580538855e-10,8.82174059618407e-06,4.39145131577966e-06,1.73542311125873e-06,4.46686003287168e-06,5.4819803618655e-04,5.34636888793383e-06,LACC_2,,World_9,,4.427154e+07
2011,Malaysia,MYS,5.39243666403715e-07,9.07107511834995e-03,3.26795384166365e-11,1.89014526883344e-05,6.05387917499194e-06,1.87931346800889e-06,1.68614155858168e-05,2.80726135516993e-03,5.17293406429989e-05,,,World_3,EAP_4,2.916204e+07
2002,Zambia,ZMB,1.05350702262233e-06,3.28197380263047e-03,1.39657950585319e-11,3.17583063290287e-06,1.46602015897137e-05,5.66942988762259e-06,4.1627386103798e-06,3.92098450844471e-04,3.86932337612768e-06,,SSA_2,World_7,,1.064795e+07
2015,Mexico,MEX,3.12418552203767e-07,6.83487906296489e-03,3.96390359475687e-11,1.32029695143146e-05,3.9193802106134e-06,1.5230033809525e-06,9.37272023682906e-06,3.47264101776709e-03,2.61578268904265e-05,LACC_2,,World_9,,1.210723e+08
2020,Singapore,SGP,1.95937084373478e-06,2.43295091377089e-02,2.23692706264048e-11,5.35745717175859e-05,2.35236171143734e-05,3.89907091761977e-06,3.94429364998902e-05,4.39645309588634e-03,4.53580264678572e-05,,,World_5,EAP_1,5685807
2014,Uzbekistan,UZB,5.00663928573304e-08,4.74378341319404e-03,2.72714879336205e-12,5.37666270615198e-06,9.46061795975746e-07,1.35306101154709e-07,2.78748167636579e-06,4.07283847587605e-03,1.30088686366201e-04,,,World_6,,3.022299e+07
2016,Mauritania,MRT,4.87911795365591e-07,4.13262953119701e-03,1.20012609454936e-11,4.89518295402572e-06,6.91642964349824e-06,2.80801685978625e-06,3.05919074831617e-06,6.09893149784362e-03,1.58803429519507e-05,,SSA_4,World_1,,4086657
2007,Bolivia,BOL,2.76847356274804e-07,4.24619210909289e-03,6.64502913452056e-11,4.44711334930357e-06,3.4149258561951e-06,1.53460055690143e-06,1.85139877956241e-06,3.43515551421367e-04,1.26186654853535e-06,LACC_2,,World_8,,9685960
2010,South Africa,ZAF,6.57235792418757e-07,9.55612584506584e-03,6.55531056875037e-11,2.72665282795289e-05,9.95778931455719e-06,2.15142796516983e-06,4.01363387589406e-05,1.71958530522984e-03,2.75279573706166e-05,,SSA_3,World_8,,5.234405e+07
2019,Morocco,MAR,1.59478152619112e-07,3.39694701541445e-03,6.36721275961238e-12,4.93699326831311e-06,2.95769602718417e-06,8.54452244879152e-07,1.07151289270948e-05,7.82153443083825e-03,4.70023910210429e-05,,,World_3,,3.62109e+07
2017,Burkina Faso,BFA,4.96887223321806e-07,2.15042207783414e-03,2.04044491096043e-12,2.29556889521471e-06,7.33920122452083e-06,3.41551486001141e-06,1.22205203736906e-06,2.93009212826224e-04,2.89954453521742e-06,,SSA_2,World_7,,1.989441e+07
2009,Paraguay,PRY,7.42036121652546e-07,5.69840181414253e-03,3.13913027800941e-11,1.03595115398266e-05,8.6390215821547e-06,3.95771556097584e-06,2.78713021673709e-06,1.78462970234023e-03,6.97128458114335e-06,LACC_2,,World_9,,5671236
2003,Turkmenistan,TKM,2.62685978716938e-07,1.21917757003149e-02,2.74878196762316e-11,1.69779139008182e-05,2.46891988614511e-06,2.50384436031177e-07,9.65658697744292e-06,2.41565069311607e-02,8.30234556483025e-04,,,World_6,,4863865
2005,Viet Nam,VNM,5.21195119138291e-07,3.60880371786797e-03,5.22632825945438e-12,5.24727316141647e-06,6.77784897506759e-06,3.06190491254816e-06,4.63610789807727e-06,5.24459523385112e-04,7.72646487273838e-06,,,World_3,EAP_4,8.108831e+07
2010,United States of America,USA,1.09702503047018e-06,2.42244613102818e-02,1.18087120255098e-11,4.77232151772381e-05,1.17017841293735e-05,2.99939549169583e-06,4.28734689434492e-05,4.70221583987268e-03,4.34401717610139e-05,,,World_5,,3.093271e+08
2013,Myanmar,MMR,5.46470440046338e-07,3.6212680917578e-03,1.64037653551123e-11,2.70987760396116e-06,8.07242140201807e-06,4.09050409549652e-06,1.73877558992667e-06,2.97335650564461e-04,5.59326088273934e-06,,,World_1,EAP_2,5.026266e+07
2007,Bulgaria,BGR,5.27679502835493e-07,9.15689575044047e-03,8.46503957328148e-12,2.36421821690156e-05,7.04818211500887e-06,1.90434743779416e-06,5.86916024966658e-05,2.2109124873908e-03,2.27856294306794e-05,,,World_2,,7545338
2021,New Zealand,NZL,1.30879925812914e-06,1.8784569908333e-02,5.37817255468159e-11,3.4910514731777e-05,1.06674271602733e-05,3.28732372676415e-06,1.94245000950702e-05,,,,,World_5,EAP_1,5111300
2008,Israel,ISR,8.5232011971153e-07,1.62548742605099e-02,1.32393805384592e-11,4.32485947910151e-05,1.05533371742867e-05,1.87787306976641e-06,3.30979426600908e-05,7.53206738594247e-03,8.4996716908834e-05,,,World_5,,7308800
2016,CSSR/Czech Republic (1990/1991),CZE,8.43274330069785e-07,1.39090476857563e-02,6.88744935343235e-12,1.99003778070475e-05,1.05873152972142e-05,3.76507581892798e-06,1.75147982124876e-05,1.44516924315877e-03,1.43676205919411e-05,,,World_5,,1.056633e+07
2002,Sudan/North Sudan (2010/2011),SDN,7.7282909754226e-07,4.25626558138079e-03,6.75244842375929e-12,4.25035528193286e-06,1.26318702938614e-05,3.30710698970159e-06,2.02878227793707e-06,6.33697896901617e-03,1.51611059160414e-04,,SSA_4,World_1,,2.922873e+07
2009,Iran,IRN,3.56726847227668e-07,9.71780556886918e-03,9.23083057328219e-12,1.94549825472676e-05,3.38738598926559e-06,6.38785121248439e-07,1.76778446914275e-05,2.80974750938809e-02,3.50231557383927e-04,,,World_6,,7.645782e+07
2012,Romania,ROU,5.45745079967789e-07,7.23519851100068e-03,5.3619737922834e-12,1.08957713098154e-05,7.84345334790934e-06,3.06924437994479e-06,1.85361409491104e-05,7.15565721193999e-04,7.89255623715014e-06,,,World_2,,2.005804e+07
2006,Gambia,GMB,3.54982906285122e-07,1.59962026488124e-03,2.82696189515295e-12,2.4962687866924e-06,4.96810227017413e-06,2.02741498516067e-06,1.77579835022518e-06,9.80739171486665e-04,1.46823425701731e-05,,SSA_2,World_7,,1715275
2017,Hungary,HUN,6.31608081306486e-07,8.87575281210896e-03,3.91898133761684e-12,1.48240051510682e-05,8.35715200192591e-06,3.33563558678486e-06,1.10289604437435e-05,1.06888605092158e-03,1.03488193622323e-05,,,World_5,,9787966
2017,Senegal,SEN,3.03735981435589e-07,2.21278806909024e-03,3.65048051878883e-12,5.08486027254228e-06,3.75028740505692e-06,1.28326042574795e-06,5.1720408956342e-06,5.80950245477653e-03,3.14374234714186e-05,,SSA_2,World_7,,1.5475e+07
2010,Rep Congo,COG,5.13450881830771e-07,4.76012045857067e-03,3.93302756928393e-11,5.05164321905116e-06,6.54798194426658e-06,2.33209973002839e-06,2.78823328355268e-06,6.92593869926298e-04,8.58240322337219e-06,,SSA_4,World_1,,4462290
2009,Australia,AUS,1.77733102058655e-06,3.11840713935929e-02,1.22985494324168e-10,7.13772237493931e-05,1.54443988229442e-05,4.8352674752159e-06,5.33966573155313e-05,7.5915227237493e-03,4.31484171728554e-05,,,World_5,EAP_1,2.169165e+07
2021,Burkina Faso,BFA,4.5730722230234e-07,2.22144961458063e-03,1.83747799313847e-12,2.18195562254668e-06,6.88126939367506e-06,3.12021636981252e-06,1.17348428337093e-06,,,,SSA_2,World_7,,2.199524e+07
2015,Mozambique,MOZ,4.24248420875054e-07,2.20304307160745e-03,1.92990901412021e-11,2.87962339893699e-06,6.01382770309744e-06,2.71755233343065e-06,2.5936050380126e-06,4.99414696654044e-04,1.32454840486788e-05,,SSA_2,World_7,,2.654757e+07
2009,Burundi,BDI,6.40232568767184e-07,1.84242663068822e-03,6.07895720957512e-12,1.10766363217138e-06,1.12684017002963e-05,4.64663017149455e-06,6.72141474794101e-07,1.7858020572457e-03,4.12793282649643e-06,,SSA_1,World_4,,8947646
2006,Burundi,BDI,6.80853756227728e-07,1.97026135725299e-03,6.73554630296119e-12,1.27185841488837e-06,1.17300445562705e-05,4.98527203585598e-06,7.44010689125261e-07,2.23566464480188e-03,5.54661305246427e-06,,SSA_1,World_4,,7865547
2005,Cambodia,KHM,4.51869788075885e-07,3.4811179042298e-03,1.82478205481565e-11,3.68073333134048e-06,5.65515140547456e-06,3.22116489981017e-06,2.29176254830577e-06,3.43913439711051e-04,3.67919181762675e-06,,,World_1,EAP_2,1.34392e+07
2004,Estonia,EST,1.19075119279193e-06,2.00504355021398e-02,7.10081730436007e-12,5.23374734135886e-05,1.36954485121098e-05,5.70924209601378e-06,7.59073588942938e-05,1.93911883304023e-03,2.05515928143171e-05,,,World_5,,1362550
2017,Syria,SYR,5.70592759084994e-08,2.34070628416668e-03,9.32094956990638e-12,3.66340708790744e-06,5.8709345959718e-07,2.59219105360436e-07,7.593262432207e-06,1.40910586234508e-02,1.5861868093791e-04,,,World_6,,1.922467e+07
2017,Austria,AUT,9.15592864296532e-07,1.66209784528753e-02,1.17191361572738e-11,3.34108943493037e-05,7.96238898855542e-06,2.0980467547562e-06,1.56232544688227e-05,2.27404791186517e-03,2.09791616515065e-05,,,World_5,,8797566
2013,Mozambique,MOZ,4.99064745405513e-07,2.43099573539496e-03,2.01493343698689e-11,3.44961122736483e-06,7.10678125876858e-06,3.18600613732125e-06,3.59421872619686e-06,8.23427206334323e-04,1.9484456703413e-05,,SSA_2,World_7,,2.505161e+07
2011,United Arab Emirates,ARE,2.23820856297299e-06,2.94273348157255e-02,2.49213608882383e-11,8.53141074576842e-05,1.80748546309683e-05,5.12860953455658e-06,3.151663574213e-05,4.4402743207237e-02,7.54601766493764e-04,,,World_6,,7104538
2003,Somalia,SOM,7.77992905532796e-07,4.17958707208849e-03,4.92988741689528e-11,2.09563597018078e-06,1.17037617254767e-05,5.10718661490983e-06,7.97683974516049e-07,1.46724003922541e-03,1.1110069958268e-05,,SSA_1,World_4,,9909157
2008,Jamaica,JAM,5.39559879169753e-07,5.18359197828697e-03,3.13208477724441e-11,2.13643108847165e-05,4.3115933502046e-06,1.25414027524124e-06,2.58357505231343e-05,2.0112795243802e-03,1.63357678998347e-05,LACC_2,,World_2,,2725635
2002,Madagascar,MDG,4.39410216375879e-07,2.10443085450507e-03,3.86276466767279e-10,1.35032212056596e-06,6.72390532667543e-06,2.8587853859257e-06,9.06930495120876e-07,6.37244785697883e-04,9.57976784137818e-06,,SSA_2,World_7,,1.754991e+07
2005,Rep Congo,COG,4.07209432045857e-07,3.95868442990637e-03,4.92978296997565e-11,3.08403106941194e-06,5.68874333666244e-06,1.87855193017538e-06,2.22252316899848e-06,6.45563434798854e-04,7.15100223567045e-06,,SSA_4,World_1,,3696393
2018,Bangladesh,BGD,2.51396150916889e-07,2.42356735353925e-03,3.14164560761414e-12,4.29338636965416e-06,3.49752889896428e-06,1.67650599643257e-06,2.40408507564012e-06,6.85853658629395e-04,9.19544699484961e-06,,,World_1,,1.635231e+08
2010,Guinea,GIN,8.10644263336582e-07,3.38195397259902e-03,1.76253184291153e-11,3.27710576402763e-06,1.29355914493054e-05,5.63185545215193e-06,1.86005723167168e-06,8.10814736268661e-04,6.5197469493253e-06,,SSA_1,World_4,,1.039609e+07
2017,Brazil,BRA,7.26139413486847e-07,8.07208136347152e-03,3.43718729154359e-11,1.15325564486866e-05,8.42840223202883e-06,3.70647416224182e-06,6.53939339261089e-06,6.18543207247577e-04,4.90222711858018e-06,LACC_2,,World_9,,2.047034e+08
2013,Mongolia,MNG,6.03113245745421e-07,1.19605428536028e-02,4.60543505350849e-11,1.47721668239418e-05,9.32129377739084e-06,5.95678283280698e-07,1.58145862367732e-05,1.71338410202467e-03,8.23839435694373e-06,,,World_8,EAP_5,2899011
2015,Canada,CAN,1.027565882321e-06,2.35056870360949e-02,8.57396807174951e-12,3.86669071494576e-05,1.12386881889109e-05,3.77247239019988e-06,2.73828593681469e-05,3.13105657170626e-03,2.84679030129225e-05,,,World_5,,3.57045e+07
2007,Nicaragua,NIC,4.89805822639092e-07,3.78337397468993e-03,7.01782979967687e-11,9.98179814539439e-06,6.58831587973197e-06,2.99232138596184e-06,9.50708126204885e-06,7.08905136248476e-04,5.89268462905131e-06,LACC_2,,World_9,,5497243
2012,Armenia,ARM,1.05732775664951e-07,4.9802679020416e-03,1.42482365376878e-11,8.19768062179445e-06,1.45509128448791e-06,3.92327874783827e-07,3.65750666900483e-06,8.2483198499301e-03,8.97168141979478e-05,,,World_2,,3024100
2021,Greece,GRC,4.74123546697204e-07,1.04837390879294e-02,2.53835080672521e-11,1.87933235032814e-05,5.7790147019916e-06,1.80784599202996e-06,2.23572604140627e-05,,,,,World_5,,1.056921e+07
2015,Lithuania,LTU,8.10426476299355e-07,1.17803675560052e-02,8.28138743571594e-12,2.01084182726842e-05,1.08707381665543e-05,4.67452929151268e-06,1.20798440327971e-05,2.50957646881461e-03,2.80377075206855e-05,,,World_5,,2904910
2011,DR Congo,COD,5.48771299585793e-07,1.65142854278437e-03,1.06983609705772e-11,1.39279130751545e-06,7.01282120712037e-06,3.55385005922849e-06,8.12990502063875e-07,2.01175282594492e-04,1.05846108239462e-06,,SSA_1,World_4,,7.084931e+07
2008,Honduras,HND,5.60711854545864e-07,3.5307159759118e-03,4.96457394783054e-11,5.5856160704086e-06,7.16013204384638e-06,3.29414783676678e-06,3.92708526887985e-06,1.08496063335744e-03,1.05933143193801e-05,LACC_2,,World_9,,8012587
2008,Australia,AUS,1.68241716300875e-06,3.04888902629216e-02,1.20026931701453e-10,7.21989703894735e-05,1.52050507893579e-05,4.52957399354154e-06,5.34953750022669e-05,7.06068170440958e-03,4.19584815872019e-05,,,World_5,EAP_1,2.12492e+07
2008,Angola,AGO,5.02543172342226e-07,4.04803995849074e-03,2.40968956285063e-11,5.00135969776626e-06,7.00708503887411e-06,3.02654504229722e-06,5.44434140089934e-06,2.4270619759847e-03,2.29678250891075e-05,,SSA_1,World_4,,2.157866e+07
2007,France,FRA,8.6787158068833e-07,1.35418277624564e-02,1.24227394405702e-11,2.94705915690075e-05,8.33702402395121e-06,2.47605218698257e-06,1.66572657436772e-05,3.84900664633184e-03,3.58912829890859e-05,,,World_5,,6.401689e+07
2008,Belgium,BEL,1.31701886763802e-06,2.24995791660665e-02,1.80541022747424e-11,4.37236975177134e-05,1.27062453401179e-05,3.90201236056333e-06,2.75177065862378e-05,7.18889752441105e-03,8.75540300045222e-05,,,World_5,,1.070997e+07
2005,Georgia,GEO,2.99350731120268e-07,4.20741062591575e-03,1.26173474020033e-11,7.2218244499073e-06,4.33717292868197e-06,1.79069689831877e-06,3.5047745877832e-06,6.4776079662845e-03,7.77456470073484e-05,,,World_2,,3902469
2017,DR Congo,COD,5.73752672483237e-07,1.69969410493767e-03,9.89259730216287e-12,1.35108133644463e-06,7.79517110123065e-06,3.58247590784248e-06,8.93544703192489e-07,2.26623509497363e-04,1.63905625241796e-06,,SSA_1,World_4,,8.70834e+07
2010,Oman,OMN,7.98050848374655e-07,2.15087733956778e-02,1.2104061878158e-11,3.39205495407076e-05,7.9830627345803e-06,1.73420543036844e-06,2.42652961342926e-05,2.71536293125801e-02,7.15630864256515e-04,,,World_6,,2757446
2003,Djibouti,DJI,5.72533725160777e-07,3.16521689946821e-03,1.77227976808785e-11,8.57897661585068e-06,6.45536979403752e-06,2.31160423703429e-06,6.14157483580058e-06,4.53331793415293e-03,6.29480474446808e-05,,,World_1,,813519
2006,Senegal,SEN,3.00740631366621e-07,2.15012369959028e-03,4.06430840486615e-12,3.91302435992972e-06,3.8434985492802e-06,1.15213341885656e-06,4.15871681150071e-06,4.55945551962175e-03,1.22578234278069e-05,,SSA_2,World_7,,1.150009e+07
2009,Viet Nam,VNM,5.50238233967615e-07,4.12469795771652e-03,5.23483162189837e-12,7.0622311219653e-06,7.11101466171127e-06,2.90525913973168e-06,5.95238067985282e-06,7.37194343598186e-04,1.00032707949395e-05,,,World_3,EAP_4,8.646002e+07
2017,Finland,FIN,1.47853026076105e-06,2.21449270512357e-02,7.64906608092451e-12,3.87516180132397e-05,1.40959678684773e-05,6.78892193690105e-06,3.13576246621306e-05,2.13449142145817e-03,1.98816066810714e-05,,,World_5,,5508214
2005,Turkmenistan,TKM,2.06682823255199e-07,9.94969772990198e-03,1.82420162669999e-11,1.34213535568344e-05,1.88473700058301e-06,2.19400957926804e-07,6.98470909072514e-06,2.33012397724682e-02,8.09866211561013e-04,,,World_6,,5052257
2019,Afghanistan,AFG,6.32086323859373e-08,1.13532306283071e-03,4.94533413100899e-12,1.58700221500451e-06,8.65753373471851e-07,3.28330199363971e-07,1.76641584706052e-06,4.44420550349938e-03,1.01969390172759e-04,,,World_1,,3.785612e+07
2020,Georgia,GEO,3.59995399742411e-07,5.20536367084013e-03,1.15028960185684e-11,9.5217158350522e-06,5.3621886726126e-06,1.79935300361317e-06,4.83786239491825e-06,4.00526054401894e-03,6.12502676662362e-05,,,World_2,,3722716
2004,Georgia,GEO,4.31196344752624e-07,3.96723670390099e-03,1.29167509454526e-11,6.25519374121436e-06,6.17780930173573e-06,2.81372922575947e-06,3.07599123448349e-06,5.83251821848368e-03,6.12408749522715e-05,,,World_2,,3927340
2008,Saudi Arabia,SAU,1.39497374145372e-06,2.51873932848601e-02,2.92995272217109e-11,6.81635426611431e-05,1.11066370818308e-05,2.68072136743457e-06,8.38107001441789e-05,3.91964130876879e-02,6.99853954173176e-04,,,World_6,,2.328788e+07
2014,Latvia,LVA,1.00860142323073e-06,1.1666736909276e-02,4.10104065515518e-12,2.15082415490732e-05,1.45460672836196e-05,6.85883430406704e-06,1.66631436892194e-05,1.8443416334003e-03,2.0390011452186e-05,,,World_5,,1993782
2011,Kenya,KEN,6.89676468471161e-07,2.9755511215867e-03,1.01002863038288e-11,3.43748769043897e-06,1.0329496913313e-05,3.40445649077965e-06,2.41831627679839e-06,9.90782271044184e-04,1.20381048697677e-05,,SSA_2,World_7,,4.275846e+07
2017,Poland,POL,5.69779155329755e-07,1.1694014444794e-02,4.25626046913879e-12,1.45374621381241e-05,8.90625939892053e-06,2.30246843017379e-06,1.89173171382428e-05,1.27845398429711e-03,1.77332536954287e-05,,,World_5,,3.797482e+07
2019,Azerbaijan,AZE,1.60663833045989e-07,6.83081677477558e-03,1.74973778083758e-11,9.85170723406519e-06,2.05568244416812e-06,4.83568356997555e-07,3.42175542119069e-06,7.80577446677643e-03,9.45803211555535e-05,,,World_6,,1.002428e+07
2018,Hungary,HUN,6.58690023054042e-07,9.29637224653046e-03,4.36071825300214e-12,1.59977641557937e-05,8.73337544663971e-06,3.47885466848719e-06,1.18683679189812e-05,1.16239719983295e-03,1.08940241044584e-05,,,World_5,,9775564
2004,Uganda,UGA,8.94117456431925e-07,2.74911619307532e-03,8.23293890668694e-12,1.85019720956724e-06,1.4721859154855e-05,6.16574861330819e-06,1.11757742626969e-06,2.99356860028097e-03,3.63502023106079e-06,,SSA_2,World_7,,2.715452e+07
2004,Mozambique,MOZ,6.61029513448896e-07,2.28446120224086e-03,2.18038244842194e-11,2.16722330427868e-06,9.64361352814285e-06,4.68578534887228e-06,1.78417218145474e-06,2.50790328215404e-04,4.8141325274199e-06,,SSA_2,World_7,,1.984031e+07
2011,Togo,TGO,4.52437007163153e-07,1.9453985826261e-03,5.3978249250866e-12,2.90109124888805e-06,6.70069025470445e-06,2.4130279353959e-06,1.18240837177112e-06,3.94873926298925e-04,5.72265065340231e-06,,SSA_2,World_7,,6916474
2021,Ecuador,ECU,4.22607009179083e-07,4.72838335580667e-03,5.92688821448918e-11,1.63611385871255e-05,2.97294088291405e-06,6.69052587813388e-07,1.01134399876784e-05,,,LACC_2,,World_2,,1.768245e+07
2019,Papua New Guinea,PNG,2.93169573389143e-07,1.89555525161718e-03,1.76635574266119e-10,3.08303563412901e-06,4.32729204818348e-06,1.93588430416872e-06,2.52025416583419e-06,2.21236865042039e-03,5.31070066182886e-06,,,World_7,EAP_6,9609010
2008,Norway,NOR,1.45173559308343e-06,2.02484750654534e-02,1.04187887271149e-11,5.2878788389713e-05,1.42267695933468e-05,4.42274162484797e-06,3.06920996446052e-05,3.84608546142955e-03,3.72664961859087e-05,,,World_5,,4768212
2012,Mozambique,MOZ,4.45198319725813e-07,2.16656520099179e-03,1.7452627897311e-11,3.08669039199112e-06,6.35948045432143e-06,2.82849629852587e-06,2.89702467014826e-06,2.87839664631055e-04,5.1144501345239e-06,,SSA_2,World_7,,2.433785e+07
2002,Cameroon,CMR,6.83425494399902e-07,3.07457464886546e-03,2.18215983322326e-11,2.49651429850253e-06,1.02490155429661e-05,4.87491521246408e-06,1.32203110192317e-06,5.35519562424888e-04,5.42503384404185e-06,,SSA_2,World_7,,1.572553e+07
2006,Kyrgyzstan,KGZ,4.03955705609187e-08,1.87294070944512e-03,1.29869925797838e-11,2.17939135496018e-06,7.44354170391825e-07,7.43422781437979e-08,2.68031015700225e-06,5.47230731974997e-03,7.38161729631121e-05,,,World_3,,5218373
2021,Laos,LAO,5.65708780819314e-07,4.59126458775454e-03,1.75885369436957e-11,4.95763546951005e-06,8.73969675378976e-06,3.61640549479207e-06,5.24143431784129e-06,,,,,World_1,EAP_2,7453194
2009,Turkmenistan,TKM,2.02910759914172e-07,8.41889980682569e-03,1.40558747298665e-11,1.18990923068556e-05,1.66548344523653e-06,1.61194191875599e-07,6.19365542614941e-06,1.88332784650023e-02,6.75178064266324e-04,,,World_6,,5451592
2019,Kyrgyzstan,KGZ,1.32792782196136e-07,3.3370748071657e-03,1.37694281914939e-11,3.71584152397685e-06,2.21256456203451e-06,1.47762105253792e-07,7.21823203334213e-06,5.53524741962186e-03,1.04904467539886e-04,,,World_3,,6590211
2004,USSR/Russian Federation (1990/1991),RUS,2.65177251797969e-07,1.15492885950788e-02,2.79176280218988e-12,2.30299193110091e-05,3.42427087410913e-06,4.94371649245614e-07,1.69742202935088e-05,1.08802583047996e-03,1.26495968922456e-05,,,World_3,,1.440673e+08
2015,Sri Lanka,LKA,6.60640737674616e-07,3.99729412955717e-03,2.95519188234269e-11,8.71639799397201e-06,7.80631409595551e-06,3.23234255975161e-06,8.34865340281636e-06,2.88237286102664e-03,8.42669709841793e-05,,,World_3,,2.097e+07
2021,Albania,ALB,3.64318714076387e-07,4.34606286232935e-03,2.12288731223177e-11,1.06543678013708e-05,4.23014964762294e-06,1.34369638128235e-06,5.82551803869222e-06,,,,,World_2,,2811666
2012,United Kingdom,GBR,7.00518935487431e-07,1.43235633978157e-02,7.28697628712242e-12,2.97506321504737e-05,6.36167274481451e-06,1.52501651272838e-06,1.61182438956563e-05,3.34586771546031e-03,3.49289934091996e-05,,,World_5,,6.370022e+07
2010,Greece,GRC,5.99819197378152e-07,1.48441424885022e-02,2.31073175460411e-11,2.8123454957886e-05,6.67964989502725e-06,1.68988466102392e-06,3.45916776154937e-05,1.74680123629028e-02,9.9118865932397e-05,,,World_5,,1.112134e+07
2013,Yugoslavia/Serbia (1991/1992),SRB,2.07533215451914e-07,1.91361932247937e-03,7.64515254559104e-12,7.43895103290276e-06,1.5597084948432e-06,4.03274224710082e-07,3.66153046810225e-06,1.50470370383107e-03,1.00691223244011e-05,,,World_2,,7166553
2012,Bhutan,BTN,3.12550170183917e-06,1.14314364749259e-02,4.44808533348542e-11,1.675684797467e-05,4.29461149651802e-05,2.03365065014522e-05,1.07075653508155e-05,3.88052249017749e-03,5.84096883672415e-05,,,World_7,,717279
2004,Jordan,JOR,3.2326225097967e-07,5.88586912458516e-03,7.34037774148612e-12,1.26634229200955e-05,2.70221306618452e-06,7.18209892171591e-07,1.90788398435329e-05,8.95952761416175e-03,1.18341668585098e-04,,,World_3,,5882061
2005,Kuwait,KWT,1.42945691492963e-06,4.57568376648596e-02,4.08796452462924e-11,5.81420380495675e-05,1.5920047442767e-05,4.1583473529438e-06,4.87233371316692e-05,4.43743000181636e-02,6.84484759441552e-04,,,World_3,,2236788
2010,Kuwait,KWT,1.33046364388523e-06,3.06114616200265e-02,2.59399287237433e-11,4.82776239015449e-05,1.22905361919097e-05,2.51668009838373e-06,4.44521597117711e-05,4.1554479945203e-02,5.99388309997452e-04,,,World_3,,2943372
2020,Philippines,PHL,2.84092634969806e-07,3.48761526105012e-03,2.4441593505858e-11,6.08996844963836e-06,3.72530345847623e-06,1.5572249224407e-06,5.10533659886002e-06,4.96194063469845e-04,8.41478113745885e-06,,,World_8,EAP_5,1.120813e+08
2011,Chile,CHL,1.01033254067074e-06,9.36684673138506e-03,1.4688985791598e-11,2.29659557205573e-05,1.42175869381283e-05,3.95101919960241e-06,2.37555535326386e-05,2.38857536031988e-03,1.37275196028252e-05,LACC_1,,World_5,,1.735182e+07
2018,Burundi,BDI,3.73247805485562e-07,1.37067776147093e-03,5.25311565165757e-12,7.77639789353155e-07,6.08261598585972e-06,2.50437449705464e-06,4.90499048893191e-07,2.53573720708175e-03,5.08937969284987e-06,,SSA_1,World_4,,1.185945e+07
2010,Guatemala,GTM,9.01284494958949e-07,4.45991564212998e-03,3.38984325015488e-11,8.89459182761443e-06,1.31581660772641e-05,6.41766181489257e-06,5.40177083646028e-06,9.27019617762518e-04,8.54600641598989e-06,LACC_2,,World_9,,1.450011e+07
2005,Bosnia and Herzegovina,BIH,4.46694020066279e-07,6.2195856902845e-03,7.27530551582895e-12,1.44231501816215e-05,5.76540513533603e-06,1.0791885042091e-06,2.8696861167681e-05,7.4260362724726e-04,1.06394342948972e-05,,,World_2,,4096493
2008,Equatorial Guinea,GNQ,7.28955188352332e-07,1.19312970974649e-02,3.51528715715421e-11,1.39016656797501e-05,9.91046765365495e-06,2.733572554368e-06,1.14377467122758e-05,4.50710661721572e-03,4.95863240577195e-05,,SSA_4,World_1,,1084530
2010,Tunisia,TUN,3.87087345247084e-07,4.25985389854397e-03,9.95939701968348e-12,6.76588394486134e-06,4.94250135809853e-06,1.69370179997802e-06,4.25160300161006e-06,9.60609427761978e-03,1.15769971134393e-04,,,World_3,,1.076598e+07
2019,Gambia,GMB,2.53378066729485e-07,1.46371063747223e-03,2.21463948105765e-12,2.69559466390636e-06,3.38885167697744e-06,1.62261554288748e-06,1.58095750171377e-06,5.92612836903906e-04,8.62440282515691e-06,,SSA_2,World_7,,2456844
2016,USSR/Russian Federation (1990/1991),RUS,3.55397131265407e-07,1.25061917407673e-02,3.23005078802535e-12,2.39677596168679e-05,4.41101435368862e-06,8.13064618858751e-07,1.45228854312475e-05,1.26985031323729e-03,1.17033121657085e-05,,,World_3,,1.450155e+08
2015,Netherlands,NLD,1.06260135561066e-06,1.87681393654562e-02,1.42231573784005e-11,3.72306345327547e-05,1.07010438656591e-05,2.98769716502581e-06,2.1567416920101e-05,4.82474942680863e-03,4.82738252046027e-05,,,World_5,,1.693992e+07
2006,South Africa,ZAF,6.82603236430902e-07,9.41705622732762e-03,6.95429433253713e-11,2.49989831842098e-05,1.00557010657445e-05,2.27769193436984e-06,3.52806146433109e-05,2.26061769554988e-03,3.1324202627182e-05,,SSA_3,World_8,,4.999828e+07
2004,Gabon,GAB,1.83080044554434e-06,1.67305520657995e-02,3.54006413227922e-11,1.2784816171486e-05,2.61446207164174e-05,1.269269102311e-05,8.40734671881987e-06,1.35161181540104e-03,1.47602598518664e-05,,SSA_3,World_8,,1421609
2013,North Korea,PRK,1.7746840967367e-07,2.28237266621879e-03,1.16240396060525e-12,3.20841694971532e-06,3.62193802449449e-06,6.31229508545625e-07,7.34061466490084e-06,1.36962717798507e-04,5.68155496168235e-06,,,World_6,EAP_3,2.532945e+07
2021,Ireland,IRL,9.84593495739163e-07,2.07794443171272e-02,7.8003636091278e-12,3.68638678604824e-05,1.11549081385143e-05,2.41886796520817e-06,2.20868458304571e-05,,,,,World_5,,5033164
2007,"Cote d'Ivoire",CIV,4.32233262096209e-07,2.1379072859835e-03,1.56246732486698e-11,1.80066621246127e-06,7.67010717849141e-06,2.70310004750003e-06,1.13799163543053e-06,1.74142151637088e-03,3.0690127137504e-05,,SSA_2,World_7,,2.103056e+07
2019,Rwanda,RWA,5.7163322552436e-07,1.69104311786933e-03,8.32514157553872e-12,1.80031010383526e-06,9.06012718125824e-06,2.67943971363803e-06,1.17257480641602e-06,1.7810833548625e-03,3.92016594626978e-06,,SSA_4,World_7,,1.27761e+07
2009,Luxembourg,LUX,2.19694810451829e-06,3.80064986851029e-02,1.84829879935953e-11,8.41792401216948e-05,1.70876047185944e-05,4.01212016329485e-06,3.58434557156904e-05,5.34778832709213e-03,5.2306942505828e-05,,,World_5,,497783
2002,Cuba,CUB,7.7224373350701e-07,6.18858058778713e-03,1.20089588719303e-10,1.42481850594093e-05,6.53190898719339e-06,3.83873104497318e-06,3.08440940415436e-05,1.84332439825468e-03,3.31228956621408e-05,LACC_2,,World_3,,1.117742e+07
2010,Tajikistan,TJK,5.57767227726634e-08,2.15273658700423e-03,5.57437670117031e-12,2.21579607616846e-06,1.0003739661084e-06,9.76202326164754e-08,3.16180726015288e-06,6.76493183808837e-03,1.25056943790229e-04,,,World_6,,7652141
2012,Paraguay,PRY,7.54834618196258e-07,5.23239585531983e-03,3.16191055691301e-11,1.12800175800761e-05,8.64564793533838e-06,3.85978858318915e-06,3.7485177322191e-06,1.62609209712288e-03,6.19512322171133e-06,LACC_2,,World_9,,5897008
2018,Japan,JPN,5.93525371375917e-07,1.45028492880896e-02,1.30906455453271e-11,2.34270064600153e-05,6.55874502243323e-06,1.80016280452499e-06,1.61466527794567e-05,2.40583404263882e-03,2.51204085405283e-05,,,World_5,EAP_1,1.26811e+08
2017,Canada,CAN,1.00960746778898e-06,2.32694888487528e-02,8.74889249354983e-12,3.7333552132582e-05,1.11455803372053e-05,3.98528799951873e-06,2.45367892193815e-05,3.82648245403769e-03,3.53712285055984e-05,,,World_5,,3.654508e+07
2003,Singapore,SGP,2.41652540239179e-06,2.14477951403636e-02,4.83273877160067e-11,7.09939567585689e-05,2.20974679150528e-05,6.28784275907934e-06,4.87587488842675e-05,6.57714750570342e-03,8.74648857612264e-05,,,World_5,EAP_1,4114826
2016,Australia,AUS,1.48450001306109e-06,2.73928250610145e-02,8.47642133943616e-11,5.9715629249411e-05,1.33464461451649e-05,4.19649515185829e-06,4.22888275141719e-05,6.74600568575814e-03,3.33793170509214e-05,,,World_5,EAP_1,2.419091e+07
2004,Albania,ALB,4.03319852281813e-07,4.19888591472861e-03,1.42392329850673e-11,1.05821935440924e-05,4.09243340297518e-06,1.55548603983002e-06,6.25439011517239e-06,5.61841815432386e-03,4.38750860053093e-05,,,World_2,,3026939
2016,Costa Rica,CRI,6.6558946157094e-07,5.633391776601e-03,5.03361776903411e-11,1.4345346760109e-05,4.89947831783157e-06,2.02564669073316e-06,7.31522524229938e-06,5.39812748408808e-03,3.65755602561893e-05,LACC_1,,World_5,,4866998
2002,Turkey,TUR,4.21144696122278e-07,5.52204153511926e-03,1.9445539974606e-11,9.92776873258831e-06,5.58692199042013e-06,2.27207007069234e-06,1.75984623206045e-05,8.93642852457194e-03,6.62443930161787e-05,,,World_3,,6.70488e+07
2012,"Cote d'Ivoire",CIV,5.82330205323036e-07,2.31870610119164e-03,1.4051114405289e-11,2.37868634166777e-06,9.23124545731258e-06,3.24351936064003e-06,1.39319368509388e-06,6.8730351503808e-04,1.12128957464384e-05,,SSA_2,World_7,,2.346708e+07
2016,Guinea,GIN,7.74897972433898e-07,3.81523252994138e-03,1.56939296513487e-11,4.0109720162814e-06,1.26990944208837e-05,5.16224577069477e-06,2.65273280426298e-06,9.82259839236389e-04,7.48104171912469e-06,,SSA_1,World_4,,1.207303e+07
2016,Romania,ROU,5.01893457747238e-07,7.1266895650953e-03,4.99401827628534e-12,1.05099238775701e-05,7.51467730945046e-06,3.03537453130932e-06,1.41141348128459e-05,1.23401577466138e-03,1.15372993778676e-05,,,World_2,,1.970227e+07
2014,Bahrain,BHR,7.11368348238577e-07,2.49543550838399e-02,1.64350754045242e-11,3.08399210059917e-05,9.30500373547592e-06,2.41375334952428e-06,1.65352806189205e-05,2.80770465826024e-02,6.38935251382472e-04,,,World_6,,1314562
2017,Moldova,MDA,7.18586949088545e-07,6.55909280322156e-03,2.47610226751096e-12,1.30064109634306e-05,9.91824348240767e-06,4.339701740057e-06,7.53211759916848e-06,9.73372050233509e-04,1.18331634680677e-05,,,World_2,,2755189
2008,USSR/Russian Federation (1990/1991),RUS,3.96033132349641e-07,1.35969975327539e-02,3.56468021373162e-12,2.82100321742483e-05,4.74342858846902e-06,9.2948862469681e-07,1.85668801202141e-05,2.13148051152207e-03,2.09617834007668e-05,,,World_3,,1.427424e+08
2016,Chad,TCD,4.35249737263596e-07,4.94608994396513e-03,4.54597576814827e-12,1.9911796542223e-06,7.11531717802907e-06,2.81775209431398e-06,6.35499732515111e-07,2.37098090896404e-04,1.13257254751894e-06,,SSA_1,World_4,,1.511466e+07
2021,Bangladesh,BGD,2.42699322977595e-07,2.52325709014863e-03,3.01815178180818e-12,4.28762713890105e-06,3.34503347130534e-06,1.60051921126156e-06,2.29097366932376e-06,,,,,World_1,,1.676588e+08
2015,Cambodia,KHM,5.07747554538908e-07,3.61763886451548e-03,1.47625593331773e-11,4.12843370021044e-06,6.71509390219788e-06,3.19788715308616e-06,3.42616886138353e-06,2.3554736729803e-04,2.54648146403658e-06,,,World_1,EAP_2,1.562325e+07
2009,Tunisia,TUN,4.92621867925125e-07,4.0097071165157e-03,9.04863343477002e-12,7.9890800888062e-06,5.27746612013503e-06,1.88611405891499e-06,4.87055616274544e-06,8.01224337929482e-03,9.09507214990221e-05,,,World_3,,1.065068e+07
2004,Kuwait,KWT,1.33403735879214e-06,4.43864786983596e-02,3.89502240068105e-11,5.52417347551661e-05,1.46163038142651e-05,3.69204181073605e-06,4.85998733090135e-05,4.36931906542842e-02,6.81793908613326e-04,,,World_3,,2157320
2015,Burundi,BDI,4.15605998849467e-07,1.39099464064551e-03,5.65825409119587e-12,9.33453587944708e-07,6.90504386374059e-06,2.67604813426549e-06,5.48079528411177e-07,1.20969527834726e-03,2.47131367722898e-06,,SSA_1,World_4,,1.104758e+07
2002,United Arab Emirates,ARE,3.38300086638225e-06,3.82929237544979e-02,2.90243397317249e-11,1.89480673027448e-04,1.80808320046096e-05,4.18371920489923e-06,2.96863755406394e-05,3.71469552456813e-02,1.06472057991139e-03,,,World_6,,3956826
2009,Oman,OMN,7.54875324331701e-07,2.22050258776441e-02,1.24655619346288e-11,3.32033873719757e-05,7.81208952356959e-06,1.56741809869535e-06,2.36942725742691e-05,2.32237603525732e-02,6.13784827784504e-04,,,World_6,,2684659
2013,Egypt,EGY,1.31645512865963e-07,3.58842804328325e-03,1.48178079930314e-12,4.61735732596447e-06,1.69808661074421e-06,5.70339743856657e-07,8.6016494848691e-06,4.1787883032375e-02,4.6660227838919e-04,,,World_6,,9.533355e+07
2016,Netherlands,NLD,9.96137605926785e-07,1.80752160568886e-02,1.37592828459937e-11,3.55430586908586e-05,1.02523456777443e-05,2.91556127218015e-06,2.02738872312181e-05,4.93254043149076e-03,4.82328308928017e-05,,,World_5,,1.703031e+07
2014,Paraguay,PRY,7.38356255930914e-07,5.71593447300873e-03,3.30221909557943e-11,1.18505742676692e-05,8.2853028663877e-06,3.79066133172595e-06,3.75002169011829e-06,2.47928575476072e-03,5.47452502857679e-06,LACC_2,,World_9,,6069811
2012,Moldova,MDA,5.71014608191156e-07,6.24930937637708e-03,2.97967633451952e-12,1.27474860418628e-05,7.66847082710417e-06,3.22543244842811e-06,7.79147893279303e-06,7.07167256781557e-04,1.05184739987389e-05,,,World_2,,2860324
2021,Papua New Guinea,PNG,2.75580895090215e-07,1.86101489598592e-03,1.71410794745314e-10,2.92758367711854e-06,3.93532197119696e-06,1.74162310624273e-06,2.34666709080608e-06,,,,,World_7,EAP_6,1.00129e+07
2013,Malawi,MWI,3.4435585632988e-07,1.49467664677047e-03,4.52801310216897e-12,1.48657197677241e-06,4.77636225598656e-06,2.00196944959749e-06,1.23356673166917e-06,1.79752718025743e-04,2.95895642224567e-06,,SSA_2,World_7,,1.616182e+07
2007,Burundi,BDI,6.67074223993294e-07,1.89431577916949e-03,6.17312508995549e-12,1.28529692506732e-06,1.15286234151487e-05,4.86394932944706e-06,7.58336999738854e-07,1.78973292515441e-03,3.74219963852418e-06,,SSA_1,World_4,,8161874
2004,Australia,AUS,1.75545487854702e-06,3.11700585648497e-02,1.2522774496019e-10,7.74711467990007e-05,1.55350043171142e-05,5.821540876184e-06,5.17589410093203e-05,8.50763542367816e-03,4.82001647790581e-05,,,World_5,EAP_1,1.993272e+07
2007,Lebanon,LBN,3.25452648834927e-07,6.86221346755482e-03,1.86465916199537e-11,2.25909805516819e-05,4.22110737145014e-06,1.13807650451318e-06,3.43469364967104e-05,9.25350894105656e-03,8.66824247226422e-05,,,World_3,,4844118
2014,"Cote d'Ivoire",CIV,5.75474658565251e-07,2.31590911672702e-03,1.37633338464312e-11,2.51380790896873e-06,9.02872005604036e-06,3.22349297833429e-06,1.48059273728976e-06,5.72017039734561e-04,9.1766144437237e-06,,SSA_2,World_7,,2.45274e+07
2018,Kuwait,KWT,1.09776026150024e-06,3.40944884291194e-02,1.98104005824772e-11,4.60899893745531e-05,1.31206271343159e-05,2.86868438793688e-06,3.84441616044827e-05,2.00872371315828e-02,2.71139034776105e-04,,,World_3,,4323515
2003,Belarus,BLR,3.16693056777282e-07,8.08758186847619e-03,4.98768873187749e-12,1.41961628922917e-05,4.54167888512628e-06,1.63335611756315e-06,1.11356542819892e-05,8.90054887408453e-04,1.12446581556042e-05,,,World_3,,9796749
2003,Lithuania,LTU,6.29757382160378e-07,9.00062812068468e-03,4.00429842315627e-12,1.64864722124694e-05,8.29428308697346e-06,3.43889798295371e-06,1.19982703312773e-05,1.49229225938144e-03,2.16956784299542e-05,,,World_5,,3415213
2002,Albania,ALB,3.5165969046326e-07,3.89581944048217e-03,1.4932416040273e-11,8.60936039453004e-06,3.88339330636153e-06,1.53722970658594e-06,6.32596944915179e-06,3.16085405327958e-03,2.18324406735335e-05,,,World_2,,3051010
2008,Cyprus,CYP,1.01154141625959e-06,1.7525091756628e-02,1.51266695016117e-11,5.33692264882376e-05,8.4750450708421e-06,1.23695994068859e-06,5.68256751055489e-05,8.5330618946651e-03,5.47185462390059e-05,,,World_5,,1091026
2019,Ireland,IRL,1.48002365518604e-06,0.03275022524644,1.38263027431696e-11,5.50051172318569e-05,1.57964823519924e-05,3.48694208977985e-06,3.23577130630798e-05,5.1258989444927e-03,5.6378868983582e-05,,,World_5,,4934340
2006,Bhutan,BTN,3.01114918506973e-06,9.73319026165103e-03,4.70424925545848e-11,9.68901881796893e-06,4.39820392644968e-05,2.15568383371013e-05,6.6496621462759e-06,3.73059441517147e-03,4.56943836771592e-05,,,World_7,,670799
2009,Morocco,MAR,2.01534712936592e-07,3.00872457433177e-03,7.6387286487667e-12,4.89345807330862e-06,3.11761747751915e-06,1.00481900571228e-06,9.26899020121931e-06,1.29132265415746e-02,7.37200018195006e-05,,,World_3,,3.203078e+07
2005,Israel,ISR,7.83280242240197e-07,1.57877291651314e-02,1.23876835229022e-11,4.34286289196117e-05,1.06266103552356e-05,2.25839052068604e-06,3.81253806404348e-05,7.90761250302007e-03,8.96215010530261e-05,,,World_5,,6930100
2015,Colombia,COL,5.19959768777031e-07,5.00498096569855e-03,9.36296802846731e-11,1.12298559843989e-05,5.49186367419961e-06,2.16913860125306e-06,5.46760325130066e-06,6.90926575659899e-04,6.90152681684846e-06,LACC_2,,World_9,,4.696994e+07
2019,Cambodia,KHM,4.8535559630534e-07,4.10088452283569e-03,1.39889798639336e-11,4.90357448324603e-06,6.42056435825399e-06,2.77350910352585e-06,4.37871679642492e-06,2.99418908663936e-04,3.67228840304769e-06,,,World_1,EAP_2,1.64813e+07
2011,Uzbekistan,UZB,4.29679015072128e-08,4.54714928710033e-03,2.55208112233133e-12,5.09585648098025e-06,7.60442024407009e-07,9.85626617452478e-08,2.28637773064374e-06,6.37702054673434e-03,2.01330062506364e-04,,,World_6,,2.88232e+07
2008,Nicaragua,NIC,4.82095359441548e-07,3.68466185802161e-03,6.6897562093647e-11,9.44897882965641e-06,6.55280015935151e-06,2.94526121017151e-06,9.37997740980954e-06,7.19798058197288e-04,6.52340785760706e-06,LACC_2,,World_9,,5576593
2008,Cambodia,KHM,3.9837358184085e-07,3.521533108463e-03,1.69747783559015e-11,3.78785002513608e-06,4.97583644815123e-06,2.81591853407062e-06,2.43190549195045e-06,2.43194058175773e-04,2.22100101339552e-06,,,World_1,EAP_2,1.405348e+07
2007,Ghana,GHA,4.22425901531973e-07,2.23406271133914e-03,1.2009069111201e-11,3.82971832142518e-06,5.30840949368893e-06,1.5867135037745e-06,3.98853907711926e-06,8.08321847219896e-04,6.51027526782244e-06,,SSA_3,World_8,,2.364228e+07
2004,Iceland,ISL,1.59066773466729e-06,2.22794945091556e-02,1.70535098866059e-11,5.86621201284442e-05,1.47365312572311e-05,2.66136372843052e-06,3.6905169318232e-05,3.72705865055554e-03,3.79477560559868e-05,,,World_5,,292074
2004,CSSR/Czech Republic (1990/1991),CZE,8.20473387378431e-07,1.42299994973764e-02,7.73893430919727e-12,2.99126095022786e-05,9.91871699803454e-06,2.97706464990288e-06,2.3491813408902e-05,1.58646901933424e-03,1.55792080119824e-05,,,World_5,,1.01971e+07
2012,Brazil,BRA,8.92913688372137e-07,9.02351455836084e-03,4.01305440567415e-11,1.47581890683515e-05,9.73381380991722e-06,4.25684740395221e-06,8.39048947158912e-06,5.71431659341028e-04,3.88644108262117e-06,LACC_2,,World_9,,1.968761e+08
2015,Belgium,BEL,9.98639641528398e-07,1.91080851154261e-02,1.18218312360708e-11,3.20166315242832e-05,1.00559819439841e-05,3.11527026774138e-06,1.87008716622664e-05,4.23112937160408e-03,4.95511641100353e-05,,,World_5,,1.12742e+07
2009,Yugoslavia/Serbia (1991/1992),SRB,3.1784824761052e-07,3.12874433288012e-03,6.31363644370383e-12,8.12179927933624e-06,3.03305905601885e-06,7.22175881908139e-07,4.28912841851189e-06,6.58683063677078e-03,1.32630191097268e-04,,,World_2,,7320807
2005,Colombia,COL,3.69210119932212e-07,4.41217128248149e-03,1.07962407497584e-10,8.75188427696474e-06,4.11346417118448e-06,1.64459887426227e-06,4.06658598230173e-06,5.42900672587924e-04,6.04711562813832e-06,LACC_2,,World_9,,4.212898e+07
2012,Gambia,GMB,3.33148769915498e-07,1.50888666649964e-03,2.4328650837764e-12,2.53303745516034e-06,4.70485112332872e-06,1.95348395440097e-06,1.61646570492661e-06,7.6228117041491e-04,1.32979991173565e-05,,SSA_2,World_7,,2043094
2006,Cuba,CUB,3.32584374502863e-07,4.06581091613493e-03,9.18564496750779e-11,8.86380428554722e-06,3.46066759149682e-06,1.33454587078104e-06,1.92560538496893e-05,1.86064299407466e-03,2.92869475775609e-05,LACC_2,,World_3,,1.127855e+07
2020,Nigeria,NGA,1.09939526042717e-06,4.32812370958771e-03,4.29929253529323e-12,4.63461896048761e-06,1.66091924769211e-05,7.69232852630334e-06,1.46668311014461e-06,3.28829356923219e-04,2.97745451246395e-06,,SSA_2,World_7,,2.139962e+08
2011,Ecuador,ECU,4.37406930897774e-07,5.31540934865284e-03,8.69940005008434e-11,1.70382469014864e-05,3.39139850367826e-06,8.30159267825356e-07,1.50124281134751e-05,6.60307403512932e-04,5.98096831049091e-06,LACC_2,,World_2,,1.532623e+07
2006,Haiti,HTI,7.90958502733869e-07,2.77238317635511e-03,5.42522422742141e-11,3.48017364947125e-06,1.08149374291969e-05,3.51422225451003e-06,1.75218602174825e-06,7.2965758472213e-04,1.27410508709212e-05,LACC_3,,World_1,,9216562
2002,Niger,NER,2.70483196207081e-07,1.52584932256198e-03,3.6626032610813e-12,1.37329512950848e-06,4.03721207537913e-06,1.92814800475781e-06,5.20006221115025e-07,5.15197291411403e-04,6.17145010238828e-06,,SSA_2,World_7,,1.234914e+07
2007,USSR/Russian Federation (1990/1991),RUS,3.31459264236056e-07,1.3214729730793e-02,3.37137423132355e-12,2.70368394809388e-05,4.09478739656554e-06,6.16157919388266e-07,1.81307939597835e-05,1.56103523141714e-03,1.85467566654881e-05,,,World_3,,1.428051e+08
2003,Greece,GRC,7.53801162224598e-07,1.66386411268214e-02,2.87042988869987e-11,4.24296303209438e-05,7.69331690990383e-06,2.0255192518425e-06,4.54535164236433e-05,2.13805421499372e-02,9.56571164660686e-05,,,World_5,,1.092807e+07
2004,Laos,LAO,6.80687329453519e-07,3.54855861500723e-03,2.62170029728926e-11,3.06634227767388e-06,9.99534846248635e-06,5.55967217688621e-06,1.70914475105268e-06,3.11746095683578e-04,3.68358739166798e-06,,,World_1,EAP_2,5781626
2020,South Korea,KOR,6.64295147226047e-07,1.63927493045735e-02,1.05320724496145e-11,2.66637276696591e-05,8.83628076346508e-06,1.94108384241967e-06,1.9818562803925e-05,2.47741474709358e-03,3.04843931850408e-05,,,World_5,EAP_1,5.183624e+07
2005,Kenya,KEN,6.65244828808595e-07,2.6608333786505e-03,1.14675376065683e-11,2.62955445382692e-06,1.00830559097436e-05,3.42583000228402e-06,1.90916353195627e-06,8.27856028433918e-04,7.41845579374427e-06,,SSA_2,World_7,,3.579648e+07
2012,Zambia,ZMB,1.09343959609954e-06,3.18198310308196e-03,1.11465291053774e-11,3.7280194114408e-06,1.49036508762808e-05,5.65757270083881e-06,4.66912136254846e-06,2.70897458080432e-04,3.30798386124997e-06,,SSA_2,World_7,,1.491363e+07
2005,Iceland,ISL,1.64861896794405e-06,2.55340549055934e-02,2.41024280169866e-11,6.8090262685397e-05,1.4242067509171e-05,2.67414744708781e-06,4.22607761291456e-05,5.68182345255694e-03,5.51719699611908e-05,,,World_5,,296734
2010,Spain,ESP,7.36144748840204e-07,1.12645497602213e-02,2.46216566179455e-11,2.68647055154407e-05,6.68334739602506e-06,1.97546226752003e-06,1.41317872434858e-05,1.75570731512678e-02,9.43831666237501e-05,,,World_5,,4.65769e+07
2014,Haiti,HTI,8.07572813941571e-07,2.91874784553879e-03,5.50942696852591e-11,4.96062095590879e-06,1.08753136572468e-05,3.51983944959458e-06,2.92627501532748e-06,1.24175233518575e-03,2.29935496119251e-05,LACC_3,,World_1,,1.037324e+07
2008,Zambia,ZMB,1.07223783634753e-06,2.89570758232365e-03,1.10297355951267e-11,2.90840876264054e-06,1.4986375787957e-05,5.61843008107123e-06,3.61849065279942e-06,1.71591938620725e-04,2.14989897990396e-06,,SSA_2,World_7,,1.302132e+07
2002,Argentina,ARG,3.661099784649e-07,6.07671054246218e-03,1.54112998724991e-11,9.2439928489368e-06,2.88926940146202e-06,1.31401624251425e-06,3.52122414348242e-06,8.39488372415346e-04,3.13562360616614e-06,LACC_1,,World_5,,3.802935e+07
2002,Ireland,IRL,9.73381669354544e-07,2.59383832263113e-02,1.0283270845741e-11,4.64308850599675e-05,9.74433495589656e-06,1.42815048058194e-06,3.37105922499558e-05,2.2710548535503e-03,2.60478064373327e-05,,,World_5,,3931947
2004,Bulgaria,BGR,4.49117769142425e-07,7.90992677842327e-03,7.50252080110088e-12,1.87927095195526e-05,6.12055965224895e-06,2.03212390019061e-06,5.01569110058358e-05,1.83358330765953e-03,2.03835201842654e-05,,,World_2,,7716860
2011,Colombia,COL,4.29645731939283e-07,4.99448419326194e-03,9.86274556862745e-11,1.02786822400622e-05,4.41015888134305e-06,1.61724305820705e-06,5.11795895226212e-06,5.60416734012624e-04,5.41136670132964e-06,LACC_2,,World_9,,4.525962e+07
2020,Papua New Guinea,PNG,2.87615089526025e-07,1.93552159526492e-03,1.74500894046675e-10,3.45881196457892e-06,4.07467525407787e-06,1.79140893594924e-06,2.76683452234429e-06,3.64652124902167e-04,3.60931602576118e-06,,,World_7,EAP_6,9815746
2020,Myanmar,MMR,5.4085009146308e-07,4.22876370874824e-03,1.51735913299025e-11,3.53135881916648e-06,8.04654212071073e-06,3.99640022933795e-06,2.52138317043088e-06,2.33679340989854e-04,3.15017838151785e-06,,,World_1,EAP_2,5.301652e+07
2020,Japan,JPN,5.55783687087485e-07,1.29866074828641e-02,1.04640396531899e-11,2.24998658718687e-05,6.06638481167227e-06,1.56510946527601e-06,1.53090807853674e-05,1.89510936318888e-03,1.78453428034605e-05,,,World_5,EAP_1,1.26261e+08
2018,Nigeria,NGA,1.12995950435766e-06,4.34336045967739e-03,4.43325261464637e-12,4.68897185529501e-06,1.71457724350178e-05,7.92252539832774e-06,1.53917530294036e-06,3.47207291920604e-04,3.275704955355e-06,,SSA_2,World_7,,2.049388e+08
2021,Mauritania,MRT,5.00363951429183e-07,4.88142554709861e-03,1.14768451267821e-11,6.60394065481193e-06,6.65473276209194e-06,2.70065481296696e-06,3.98366020344117e-06,,,,SSA_4,World_1,,4734874
2006,CSSR/Czech Republic (1990/1991),CZE,8.90868640756929e-07,1.45947087965485e-02,7.95042470636254e-12,3.13267193512752e-05,1.02269276001618e-05,3.03643628842786e-06,2.30317892027244e-05,1.61284671425868e-03,1.59028926362705e-05,,,World_5,,1.023891e+07
2020,Eritrea,ERI,3.25716697743528e-07,2.51792844222852e-03,2.4190600785992e-11,2.48606150806564e-06,4.44607158132266e-06,2.08795089658968e-06,1.26366008314188e-06,1.63081307412518e-03,1.11641254625746e-05,,SSA_4,World_1,,3291271
2008,Iran,IRN,3.29240590982881e-07,9.06605948288968e-03,8.10423936848239e-12,1.75333515799354e-05,3.00426641789607e-06,5.82545067596126e-07,1.58024353468746e-05,2.31074707932871e-02,2.90627714079275e-04,,,World_6,,7.551421e+07
2013,Greece,GRC,4.50973368722123e-07,1.15523001476011e-02,2.21022090857152e-11,1.81093653707643e-05,5.26490920167375e-06,1.75871230160333e-06,2.49035129602032e-05,1.23184299172233e-02,5.69087067911967e-05,,,World_5,,1.096521e+07
2015,Israel,ISR,7.07210842810785e-07,1.43990563494254e-02,1.17390885489293e-11,3.51633078208236e-05,9.38935437692813e-06,1.93128935154848e-06,1.71074513031775e-05,5.64671557730328e-03,5.51832102436249e-05,,,World_5,,8380100
2017,Mozambique,MOZ,1.88040130826604e-07,2.01067673102245e-03,1.76440510486683e-11,2.61196967357929e-06,2.60949707114223e-06,9.55535219592914e-07,1.92027071127634e-06,3.20518230611515e-04,7.12431970155166e-06,,SSA_2,World_7,,2.816639e+07
2016,China,CHN,7.6260323514254e-07,9.5952833650945e-03,5.2172335575809e-12,1.57497852988407e-05,1.00886451673182e-05,1.35475237547533e-06,1.93489728678129e-05,5.55186052425662e-03,3.16534931042802e-05,,,World_6,EAP_3,1.38779e+09
2015,Benin,BEN,5.15462540747575e-07,1.99900238023887e-03,1.89969566032053e-12,4.51469436673412e-06,7.40676500921324e-06,2.3604551979736e-06,1.25846095426279e-06,2.66546632846013e-04,2.79891867477034e-06,,SSA_2,World_7,,1.136068e+07
2007,Philippines,PHL,2.99183120879028e-07,2.56641546392654e-03,2.74901312088799e-11,4.28167502771443e-06,3.80138672045049e-06,1.82868460930118e-06,3.77571429483003e-06,5.62163071068953e-04,1.13883131227637e-05,,,World_8,EAP_5,9.107518e+07
2010,Djibouti,DJI,6.38380337745379e-07,3.68403346842681e-03,1.78011425484677e-11,8.8590205088016e-06,7.62036292724223e-06,2.50739516416323e-06,6.78524850434757e-06,5.48168926211421e-03,7.97818893474746e-05,,,World_1,,930251
2003,Tajikistan,TJK,2.8332747916234e-08,1.42805300513671e-03,4.13781541898312e-12,1.73246675994738e-06,3.94405268236085e-07,6.34756716368271e-08,1.95578802241202e-06,5.901326626933e-03,1.11115638478861e-04,,,World_6,,6658575
2019,Yemen Arab Republic/Yemen (1990/1991),YEM,5.58680897370948e-08,1.3831824975926e-03,6.29452160159345e-12,2.00419348958752e-06,7.77920450362583e-07,2.28422174645789e-07,1.98272934771177e-06,3.83529640847163e-03,7.87732647377223e-05,,,World_1,,3.511141e+07
2007,South Africa,ZAF,6.9231924611949e-07,9.33952807499917e-03,6.83789437609126e-11,2.45423815340523e-05,1.02846933016941e-05,2.12248938969447e-06,3.54831514713783e-05,2.04038795807419e-03,3.00175479198048e-05,,SSA_3,World_8,,5.052858e+07
2004,Kenya,KEN,6.8718594059291e-07,2.62998819247952e-03,1.21503936011996e-11,2.56921462246953e-06,1.03847440860652e-05,3.50535411450943e-06,1.78638969477987e-06,8.76473021960741e-04,8.0690292627011e-06,,SSA_2,World_7,,3.471346e+07
2018,France,FRA,7.04256838252913e-07,1.19634404837574e-02,9.50711160321273e-12,2.2776115972633e-05,7.35542005802663e-06,2.47688155750606e-06,1.15437489772567e-05,3.34218013225768e-03,2.9231513232081e-05,,,World_5,,6.715835e+07
2019,Burundi,BDI,3.56356069773614e-07,1.3121716850691e-03,5.1746449788668e-12,7.34515135705201e-07,5.83696152933221e-06,2.41145304560911e-06,4.50699076879903e-07,2.51421366351159e-03,4.00425019002579e-06,,SSA_1,World_4,,1.225534e+07
2018,Canada,CAN,1.0167334306284e-06,2.33140609475627e-02,8.6389635462365e-12,3.95593419376076e-05,1.08643263680125e-05,3.84909169903206e-06,2.31054431342685e-05,3.9178650077246e-03,3.58931346036779e-05,,,World_5,,3.707262e+07
2005,Lebanon,LBN,3.24968272723379e-07,6.96811806465774e-03,1.58613713404996e-11,2.36181138967569e-05,4.2492703907081e-06,1.13126740092236e-06,3.3123449006869e-05,1.0767623751764e-02,1.11088222674624e-04,,,World_3,,4671102
2017,Yemen Arab Republic/Yemen (1990/1991),YEM,5.141612541422e-08,1.29762864429985e-03,6.48108549454201e-12,1.98448101593139e-06,7.48720736913743e-07,2.1830329849389e-07,1.91530174888904e-06,3.68273901794296e-03,7.62520246938665e-05,,,World_1,,3.309092e+07
2015,Paraguay,PRY,7.78873879719487e-07,5.60460233775714e-03,3.26808297715166e-11,1.16763038940768e-05,8.63465846774055e-06,3.8045780651454e-06,3.37778814707684e-06,2.24745584626584e-03,5.07326212412259e-06,LACC_2,,World_9,,6159103
2002,Lithuania,LTU,5.8733963351335e-07,8.56440157884511e-03,3.83113520145333e-12,1.50200524899468e-05,7.84641422259427e-06,3.28139862899944e-06,1.21025960040312e-05,1.15554465862326e-03,1.72514306065186e-05,,,World_5,,3443067
2007,Nigeria,NGA,1.10976909306922e-06,4.05017476431661e-03,5.85677545118987e-12,2.91598299181858e-06,1.69721267324923e-05,7.9202651692105e-06,1.61300274405916e-06,4.01589141890344e-04,3.97557169957992e-06,,SSA_2,World_7,,1.532673e+08
2009,Nigeria,NGA,1.09376189231629e-06,3.9427146938648e-03,5.35271932951617e-12,3.08888783746007e-06,1.64597636347092e-05,7.82299405558625e-06,1.64477805565511e-06,3.27862206250327e-04,3.69305158990506e-06,,SSA_2,World_7,,1.620495e+08
2010,Chile,CHL,9.34808594413578e-07,8.42384188897488e-03,1.44590847442304e-11,2.14873585497705e-05,1.29304347131884e-05,3.62374012744633e-06,2.16540589921352e-05,2.45967578714103e-03,1.33256016076851e-05,LACC_1,,World_5,,1.718146e+07
2011,Viet Nam,VNM,5.24317963858176e-07,3.96810586309078e-03,4.79375480224901e-12,6.51189501517448e-06,7.0039276936877e-06,2.81642082258106e-06,5.77066372699746e-06,8.08153011851743e-04,1.05163852089702e-05,,,World_3,EAP_4,8.846831e+07
2015,Singapore,SGP,2.25869418101589e-06,2.62815146842876e-02,3.8487946224693e-11,5.97877547683506e-05,2.60024713826857e-05,5.32255729545458e-06,4.58003763116743e-05,9.21422087092852e-03,1.0944022299407e-04,,,World_5,EAP_1,5535002
2002,Tajikistan,TJK,2.68722763534656e-08,1.42035402926104e-03,4.21378673668577e-12,1.74673682515464e-06,3.69816748685529e-07,7.22997052774236e-08,2.04437897682003e-06,6.0298416763232e-03,1.15238292491097e-04,,,World_6,,6531669
2015,Tanzania,TZA,6.02692642356729e-07,2.70082839954482e-03,1.34121642146375e-11,2.51991520522138e-06,8.94482013834126e-06,3.86615302709935e-06,1.38503444689624e-06,4.82157887539246e-04,7.55851841541534e-06,,SSA_2,World_7,,5.202096e+07
2012,Djibouti,DJI,6.95155864786659e-07,6.7629294510163e-03,2.66891163153432e-11,1.01028910566309e-05,8.62628361679193e-06,2.75552368064001e-06,8.40552467801472e-06,5.25060095103921e-03,9.36177359108334e-05,,,World_1,,966747
2007,Tanzania,TZA,6.20476631063502e-07,2.67635360836857e-03,1.54746477170593e-11,2.09186620700655e-06,8.76221431212811e-06,4.1852932652503e-06,1.09228506988943e-06,8.93065104336264e-04,1.04157817682092e-05,,SSA_2,World_7,,4.143551e+07
2012,Austria,AUT,9.52586079220775e-07,1.75996593486757e-02,1.2739341731564e-11,3.56100014796596e-05,8.41556424738847e-06,2.00715038624595e-06,2.109169744132e-05,2.21734613496405e-03,2.06148009429326e-05,,,World_5,,8429991
2004,Argentina,ARG,3.98750351825439e-07,7.75497978119151e-03,1.61856268428671e-11,1.11630702679506e-05,3.45828555507555e-06,1.44860122896988e-06,6.36346066786905e-06,1.08005305368447e-03,4.5142085878384e-06,LACC_1,,World_5,,3.881592e+07
2002,Kuwait,KWT,1.24500204528206e-06,4.42110918642557e-02,4.84534858427246e-11,5.87679991879922e-05,1.27526737096845e-05,3.56757622622553e-06,6.5695714966234e-05,2.95073066554982e-02,4.82707966899198e-04,,,World_3,,2059974
2021,Saudi Arabia,SAU,1.00866914227253e-06,2.57382636986069e-02,1.55171656354899e-11,6.74609071738655e-05,8.80466962319434e-06,1.69026736029641e-06,9.23270512318336e-05,,,,,World_6,,3.078438e+07
2010,USSR/Russian Federation (1990/1991),RUS,3.58056631816153e-07,1.35479920047189e-02,3.55171005814171e-12,2.75005452605483e-05,4.15117030399865e-06,7.39029503682814e-07,1.54905584834061e-05,1.94208517913416e-03,2.02211981417776e-05,,,World_3,,1.428495e+08
2017,Colombia,COL,4.71418286974078e-07,4.67778369739607e-03,1.02117566387425e-10,1.07220668968858e-05,4.77292823586566e-06,1.97612795422051e-06,4.73857026310573e-06,8.11174609377207e-04,8.32622271716141e-06,LACC_2,,World_9,,4.813108e+07
2006,Luxembourg,LUX,2.33246643377457e-06,4.44676867917969e-02,2.52937407280539e-11,8.96454057348284e-05,2.01731593745644e-05,4.78750732883399e-06,4.85740143584817e-05,8.5035074816428e-03,8.13245252817399e-05,,,World_5,,472637
2014,Jordan,JOR,2.64647732561887e-07,5.69838439445111e-03,5.57116919233072e-12,1.53910120465219e-05,2.7382574146219e-06,6.68016072800567e-07,2.37812528848119e-05,5.85615936340208e-03,7.59324029808178e-05,,,World_3,,8791710
2011,Bangladesh,BGD,2.00892700181929e-07,1.84355578497771e-03,2.57855451960365e-12,2.52855299902399e-06,2.79404419754519e-06,1.3625132406391e-06,1.236889646901e-06,5.63867080829235e-04,9.55254248927418e-06,,,World_1,,1.535911e+08
2016,Kenya,KEN,6.62032119269396e-07,3.08089710569859e-03,9.04849220864799e-12,4.03593456079668e-06,9.7864401536071e-06,3.30135130124541e-06,2.28174281774637e-06,7.20944872392812e-04,1.16296108109933e-05,,SSA_2,World_7,,4.813969e+07
2006,Madagascar,MDG,4.91282713148935e-07,2.21141233760177e-03,3.38209192775607e-10,1.48966998437799e-06,7.67409933141425e-06,3.20338110225182e-06,1.05016373121449e-06,6.34572683821804e-04,9.67374056827522e-06,,SSA_2,World_7,,1.973091e+07
2008,Denmark,DNK,1.55678259857199e-06,2.1590066682037e-02,1.25060732598621e-11,5.15848077482926e-05,1.4071968383837e-05,4.0077756148815e-06,3.14628584102351e-05,3.80649096632294e-03,3.87302590434679e-05,,,World_5,,5493621
2021,Guatemala,GTM,9.18027290169524e-07,5.24873684956347e-03,2.36596265484914e-11,8.35339059329318e-06,1.34714762107877e-05,6.50600365414466e-06,5.77032105066105e-06,,,LACC_2,,World_9,,1.759865e+07
2006,Costa Rica,CRI,7.11414440735147e-07,5.04295429723033e-03,6.65589123927789e-11,1.2197896322212e-05,5.94520035355128e-06,2.68299087065288e-06,7.24659156263342e-06,4.33299608861897e-03,3.05209909084057e-05,LACC_1,,World_5,,4321340
2013,Equatorial Guinea,GNQ,6.32982251356283e-07,1.2549872414596e-02,3.00339856792942e-11,1.24029626585009e-05,8.36044908083267e-06,2.36605949245003e-06,8.49779976217544e-06,4.93909067076803e-03,4.41758044958256e-05,,SSA_4,World_1,,1346218
2005,Ghana,GHA,4.65210164678439e-07,2.00847390402488e-03,1.23172141435952e-11,3.37426688099563e-06,5.98950955816092e-06,1.85333026628992e-06,2.65747144945881e-06,8.21732893635997e-04,6.1673494844303e-06,,SSA_3,World_8,,2.244944e+07
2005,Cyprus,CYP,9.02088870078939e-07,1.56548203598742e-02,1.99057774377917e-11,4.82957742226255e-05,6.81004427731162e-06,1.22557306702042e-06,4.36159258347769e-05,9.51400666111378e-03,6.12483787719468e-05,,,World_5,,1036151
2017,Albania,ALB,3.45150943006806e-07,4.3488767884869e-03,1.95007024632695e-11,9.97963108674294e-06,3.85084124522817e-06,1.17194514317718e-06,5.46365920878621e-06,2.59761114171682e-03,1.59797038241031e-05,,,World_2,,2873457
2018,Switzerland,CHE,9.91739916811673e-07,1.77680964887692e-02,1.47405107919709e-11,3.61413478880764e-05,1.07710153540351e-05,3.12387127943722e-06,2.58891064874954e-05,4.88203911253977e-03,3.85180982404396e-05,,,World_5,,8514329
2018,Bulgaria,BGR,4.92407252369629e-07,7.54198883300852e-03,6.81321308394152e-12,1.34727759382113e-05,6.241835278467e-06,2.38716471129225e-06,3.78232189460833e-05,1.71991948294094e-03,1.59113877091372e-05,,,World_2,,7025037
2006,Bosnia and Herzegovina,BIH,4.77376824636022e-07,6.3145966145881e-03,7.03495208230625e-12,1.45682380314391e-05,5.91708226337122e-06,1.0272261489363e-06,2.72167177318533e-05,7.03348889141015e-04,1.07809702633826e-05,,,World_2,,4063272
2005,Sri Lanka,LKA,5.91929980093433e-07,3.09929963806486e-03,2.35266484206534e-11,8.55824541065378e-06,6.52781150970231e-06,3.1661147538439e-06,7.54071696962495e-06,2.80307956384695e-03,8.35476425758305e-05,,,World_3,,2.021652e+07
2006,Brazil,BRA,8.19654517729949e-07,7.17536121435527e-03,4.18406625319347e-11,1.07859074376119e-05,8.92258198662075e-06,4.03294301134677e-06,6.05962046911382e-06,3.82510108888084e-04,2.67696300955025e-06,LACC_2,,World_9,,1.866531e+08
2019,Costa Rica,CRI,6.03401950223844e-07,4.87979458816944e-03,4.9805505393119e-11,1.36102951062234e-05,4.15223813630531e-06,1.74290614370862e-06,5.0094252027273e-06,3.37576335666089e-03,2.61221085002635e-05,LACC_1,,World_5,,4999553
2009,Turkey,TUR,4.79150578824556e-07,7.24055197691131e-03,1.67949775311249e-11,1.12312921786673e-05,6.60343565492444e-06,2.02847922904398e-06,1.99200835341648e-05,8.69754196445672e-03,7.01813784550703e-05,,,World_3,,7.203921e+07
2018,Israel,ISR,6.72221242693754e-07,1.48654070810121e-02,1.37315266432159e-11,3.41425887268226e-05,9.2583924776775e-06,2.08341092434505e-06,1.74754768260237e-05,5.69872960598383e-03,5.38556279018216e-05,,,World_5,,8882800
2010,Mexico,MEX,3.27073251453611e-07,7.41155691691079e-03,4.30558130280456e-11,1.3799408968087e-05,4.17421381068722e-06,1.54421241053606e-06,1.27112553135376e-05,4.67982568193693e-03,3.3185879416061e-05,LACC_2,,World_9,,1.136239e+08
2018,Uzbekistan,UZB,5.47433378853682e-08,4.81542437050306e-03,7.23527386015289e-12,4.31886939129377e-06,1.086991081579e-06,1.68222201193575e-07,3.00482756000053e-06,3.02486023653174e-03,9.51598325497872e-05,,,World_6,,3.237349e+07
2020,Estonia,EST,1.18673822838366e-06,1.81064189840621e-02,7.00896219167379e-12,5.14945356303884e-05,1.56274270599338e-05,6.97232682086378e-06,8.00675575634649e-05,1.71333242738635e-03,1.65622849996548e-05,,,World_5,,1329522
2004,Sierra Leone,SLE,6.98652559517908e-07,2.17065477639196e-03,2.44300123936573e-11,1.84789667927608e-06,1.10420464062247e-05,4.66980693436929e-06,1.03210197001815e-06,4.00114007961128e-04,6.05121100111735e-06,,SSA_2,World_7,,5355717
2003,Sweden,SWE,1.13246821821531e-06,1.87838974080861e-02,1.02743594978907e-11,4.54459813168864e-05,9.48933484136677e-06,2.71144639339884e-06,3.14912482504286e-05,3.10744748274077e-03,3.07759940751897e-05,,,World_5,,8958229
2015,Yemen Arab Republic/Yemen (1990/1991),YEM,5.74803628492114e-08,1.52781749731795e-03,7.08277441240118e-12,2.54792923742103e-06,8.03673934673883e-07,2.23694983546095e-07,2.66011227396314e-06,3.81167964720636e-03,7.84572933263765e-05,,,World_1,,3.115938e+07
2009,Cambodia,KHM,6.47976391542292e-07,3.95647770877875e-03,1.72283135883612e-11,5.24097605486933e-06,8.16150629217304e-06,4.84895059351447e-06,2.64430930858055e-06,2.64835049673997e-04,2.7612664401961e-06,,,World_1,EAP_2,1.427681e+07
2019,Uganda,UGA,7.27999083682064e-07,2.94375965325097e-03,5.72496011660559e-12,2.03245378481953e-06,1.22680663236265e-05,4.92470715263885e-06,1.1213598753744e-06,2.0961541456553e-03,2.04255381579549e-06,,SSA_2,World_7,,4.299964e+07
2003,Uruguay,URY,4.51561041560509e-07,5.62821583642555e-03,1.63626054995107e-11,7.4161963500558e-06,5.14433484121793e-06,2.30479493995662e-06,5.87007506138037e-06,8.48155647650042e-04,6.36070918713727e-06,LACC_1,,World_5,,3281186
2006,Cameroon,CMR,5.72391427376885e-07,2.77494197455093e-03,1.95570441956161e-11,2.4596407113655e-06,8.82161660424669e-06,4.11496278924651e-06,1.46771843015156e-06,5.84350076089439e-04,5.59733466808822e-06,,SSA_2,World_7,,1.755041e+07
2018,North Korea,PRK,1.32044849201421e-07,2.97898031875636e-03,1.13015828592705e-12,2.13765628528824e-06,2.69667064645393e-06,6.07193616053447e-07,4.39503034573969e-06,1.28236481079748e-04,5.42209632620553e-06,,,World_6,EAP_3,2.593115e+07
2003,Venezuela,VEN,2.82764567532473e-07,6.82430224870624e-03,4.4549162959794e-11,1.93261989512772e-05,2.19783128939877e-06,8.43854888524037e-07,6.96921487149102e-06,7.92911760990482e-04,4.73933354045541e-06,LACC_2,,World_9,,2.58927e+07
2007,New Zealand,NZL,1.66974684485846e-06,1.85782183961057e-02,7.31830290637502e-11,5.37780480158253e-05,1.19574450405858e-05,3.73247073640201e-06,2.47867863290485e-05,2.86967022749072e-03,3.04595868073782e-05,,,World_5,EAP_1,4223800
2017,Bangladesh,BGD,2.36034404284425e-07,2.26192382043852e-03,3.00148943507626e-12,3.80246408806754e-06,3.27777303686279e-06,1.60094221989047e-06,1.89304242989761e-06,6.4924441839507e-04,8.78550986762599e-06,,,World_1,,1.621861e+08
2020,Burundi,BDI,3.53485397698336e-07,1.29723539986168e-03,5.10710482805244e-12,7.60244604269173e-07,5.87601435829011e-06,2.37436451094214e-06,4.56126886216551e-07,2.5222119595089e-03,3.23133357553233e-06,,SSA_1,World_4,,1.261704e+07
2013,Gambia,GMB,3.24685741896897e-07,1.49807411382608e-03,2.33522629782804e-12,2.37862504210678e-06,4.60638177910742e-06,1.9151384673516e-06,1.50887003434164e-06,8.97679681334202e-04,1.62859039652115e-05,,SSA_2,World_7,,2103820
2017,Venezuela,VEN,3.65975402850799e-07,8.15729464926248e-03,5.29010441237286e-11,1.54434642205625e-05,3.33345566741593e-06,1.15498746077635e-06,6.25633748740298e-06,3.05649780871971e-03,1.7779679053237e-05,LACC_2,,World_9,,3.056532e+07
2004,Mauritania,MRT,5.33333621588471e-07,4.88215433109622e-03,1.75099240498887e-11,6.1417089066083e-06,7.00056002764482e-06,2.92164231602748e-06,3.19769577699717e-06,7.2836706539265e-03,2.26975620106954e-05,,SSA_4,World_1,,2868664
2010,Ethiopia/DR Ethiopia (1992/1993),ETH,7.50269101892738e-07,2.62844992576101e-03,8.30037751295868e-12,1.60599263302432e-06,1.08379805546074e-05,5.41798285446033e-06,1.10898587967626e-06,2.90287144070891e-04,2.0019307128643e-06,,SSA_1,World_4,,9.053851e+07
2017,Egypt,EGY,1.4847898140645e-07,3.36883367339378e-03,1.44522511197404e-12,4.86653250902171e-06,1.78457861779332e-06,6.01128496361426e-07,6.08793884139435e-06,3.62874994023922e-02,4.05690015556757e-04,,,World_6,,1.036961e+08
2021,Bosnia and Herzegovina,BIH,6.3277432903074e-07,7.76643199587054e-03,1.07287115527426e-11,1.30071462292312e-05,7.70282813707086e-06,2.40923211219076e-06,2.53572810852174e-05,,,,,World_2,,3244907
2009,United Arab Emirates,ARE,2.46511555169436e-06,3.37868133908238e-02,3.48465912283049e-11,9.44851154393894e-05,2.0257521377992e-05,5.05913352081284e-06,3.61689425582468e-05,5.78459182050534e-02,9.51235091684443e-04,,,World_6,,6707058
2018,Djibouti,DJI,6.1190680138691e-07,4.69481547196933e-03,1.64951171227721e-11,1.01534492742447e-05,8.63289551947685e-06,2.49079519023901e-06,7.49824404199346e-06,4.88775169506985e-03,7.83878442995839e-05,,,World_1,,1071882
2012,Thailand,THA,6.6348255737372e-07,7.86527888912028e-03,8.07754698044287e-12,1.22147946798445e-05,7.53981738973333e-06,2.88278798326323e-06,9.5469861193696e-06,1.10777388064727e-03,2.8003416306077e-05,,,World_9,EAP_4,6.94361e+07
2010,Bangladesh,BGD,1.9619814357786e-07,1.82263325794498e-03,2.52298762593797e-12,2.42359370724848e-06,2.75568768609466e-06,1.35876911985069e-06,9.9126462556538e-07,5.20427616646726e-04,7.71284363266855e-06,,,World_1,,1.52202e+08
2017,Japan,JPN,6.03267315857665e-07,1.44243826947473e-02,1.215875117446e-11,2.38274750574268e-05,6.5198936212726e-06,1.77938805192502e-06,1.6088512237422e-05,2.25821384529353e-03,2.35020678800026e-05,,,World_5,EAP_1,1.26972e+08
2017,Uruguay,URY,1.42339142806907e-06,8.97108917889016e-03,1.17754597358603e-11,1.50846734580225e-05,1.14639968308719e-05,5.91287000414592e-06,1.20513093007975e-05,1.14876992533129e-03,8.76152164734683e-06,LACC_1,,World_5,,3388438
2020,USSR/Russian Federation (1990/1991),RUS,3.12479351562916e-07,1.36439205773185e-02,3.50327295922279e-12,2.24712040256011e-05,4.53099563818262e-06,9.03953764121607e-07,1.47308587011858e-05,1.46306817504317e-03,1.29318822965405e-05,,,World_3,,1.452452e+08
2019,Rep Congo,COG,6.27769763200435e-07,4.21523660558761e-03,3.2759327845977e-11,6.37651835570945e-06,9.51644936272453e-06,3.56648417500629e-06,6.39616731849966e-06,4.7462493933665e-04,5.36990968467064e-06,,SSA_4,World_1,,5616661
2018,Slovenia,SVN,8.96763070687089e-07,1.36048442908009e-02,8.86218648978482e-12,1.81045594543027e-05,1.21305045681981e-05,4.90385403420686e-06,1.65162829445469e-05,3.6595113137066e-03,3.64541107457106e-05,,,World_5,,2073894
2012,Senegal,SEN,3.62757177262894e-07,2.3396351023419e-03,3.21564361486664e-12,4.45950778258682e-06,4.82264588844633e-06,1.52805972480525e-06,4.15993084681102e-06,5.0134417728854e-03,2.17118813983291e-05,,SSA_2,World_7,,1.33105e+07
2014,Ireland,IRL,8.39537788808671e-07,1.84665071978613e-02,6.24495233296071e-12,3.45667143096581e-05,7.89650583669526e-06,1.44633799349227e-06,1.99815552522465e-05,2.4240362839335e-03,2.80641215628154e-05,,,World_5,,4657740
2015,Dominican Republic,DOM,4.26837017191759e-07,4.38900672485041e-03,5.33859192325326e-11,1.42415811039234e-05,5.1587108683433e-06,1.68716013855276e-06,1.26135446005368e-05,2.19995222682097e-03,4.5608505668066e-05,LACC_2,,World_9,,1.043483e+07
2020,Saudi Arabia,SAU,9.80555772330081e-07,0.02494705074396,1.52163641152408e-11,6.68502951791033e-05,8.22155693454464e-06,1.51407431150568e-06,9.17389927257312e-05,7.62983405070614e-03,2.0863143891444e-04,,,World_6,,3.155251e+07
2005,Mongolia,MNG,3.58624491073522e-07,7.79547869802047e-03,3.56152150500964e-11,1.10754937911191e-05,7.91588503348974e-06,6.49762101450256e-07,1.79214179597304e-05,1.14568481993341e-03,8.29787611349649e-06,,,World_8,EAP_5,2536407
2002,Finland,FIN,1.72208941513638e-06,2.41925114237743e-02,8.40579374057676e-12,5.70289237267674e-05,1.45494726269615e-05,6.16967929336009e-06,4.29944714855597e-05,1.90347431214757e-03,2.01846246922694e-05,,,World_5,,5200598
2016,Zambia,ZMB,9.35727589460883e-07,3.08171908124288e-03,9.87522035500109e-12,3.76182459764027e-06,1.20697314668009e-05,5.28337809841129e-06,5.6257525331967e-06,2.163286795844e-04,2.39339953645719e-06,,SSA_2,World_7,,1.691442e+07
2012,Panama,PAN,5.95226628915871e-07,5.66370542928577e-03,1.02264719184214e-10,1.30269597224438e-05,6.13079229120494e-06,1.51182750670279e-06,1.64521724281217e-05,1.42235087714799e-03,1.05568760121052e-05,LACC_2,,World_2,,3759256
2014,Togo,TGO,4.71704599844008e-07,1.81973751405567e-03,5.09297794977971e-12,2.64336257950169e-06,7.27277862753464e-06,2.46698657739529e-06,9.92450533849332e-07,2.14192453349552e-04,2.45280834482848e-06,,SSA_2,World_7,,7472450
2004,Sweden,SWE,1.09855939666613e-06,1.7397240115716e-02,9.13010866696824e-12,4.38392851816975e-05,9.24167529577913e-06,2.60037527463835e-06,2.81658164313249e-05,2.93249988350403e-03,2.86310385986872e-05,,,World_5,,8993531
2003,Cyprus,CYP,1.06255182776474e-06,1.49446185652118e-02,1.83252871666354e-11,4.97645916279207e-05,7.29190679283637e-06,1.38198908581673e-06,4.37530605588038e-05,8.04762909024889e-03,6.10714148553915e-05,,,World_5,,999590
2003,Sudan/North Sudan (2010/2011),SDN,7.66246986666928e-07,4.19408065693646e-03,6.53026607362418e-12,4.40610431403785e-06,1.25513464858157e-05,3.51365278392821e-06,1.953901114795e-06,6.48992776414519e-03,1.4753872290287e-04,,SSA_4,World_1,,2.989604e+07
2016,Cambodia,KHM,5.28609368531875e-07,3.82457830676954e-03,1.45880966355002e-11,4.73041741480873e-06,6.94113033287804e-06,3.30959790623988e-06,3.90582813184367e-06,2.59474049296642e-04,2.95369597716055e-06,,,World_1,EAP_2,1.58528e+07
2021,Israel,ISR,6.24637369083472e-07,1.25530104218576e-02,1.22249124156506e-11,3.18635885691372e-05,8.00970318099455e-06,1.68364125427443e-06,1.58142776578769e-05,,,,,World_5,,9371400
2007,Norway,NOR,1.55233638996484e-06,2.20799902863275e-02,1.18884370032681e-11,5.98294144599027e-05,1.4840281138219e-05,4.35240899045803e-06,3.38027207173216e-05,4.32433507757446e-03,3.95935252995492e-05,,,World_5,,4709153
2014,Tunisia,TUN,3.32616579948422e-07,4.09718748710822e-03,9.12652028178755e-12,5.99935146855289e-06,4.74879157730599e-06,1.64172325854015e-06,4.65508711598858e-06,6.72557943122144e-03,8.54357406363022e-05,,,World_3,,1.127429e+07
2011,Chad,TCD,5.08127000018839e-07,4.62312014010699e-03,5.37256557327046e-12,2.16700807122628e-06,7.97446005584062e-06,3.09133006421375e-06,1.07725526897773e-06,4.46576386848959e-04,3.15064580711874e-06,,SSA_1,World_4,,1.2755e+07
2018,Spain,ESP,5.3606604440984e-07,9.76078714700403e-03,2.02790578732009e-11,1.92689625500343e-05,5.55525282068692e-06,1.86048814361896e-06,1.11854453648438e-05,1.25907527490626e-02,6.33864380596782e-05,,,World_5,,4.679775e+07
2004,Zambia,ZMB,9.69965245367253e-07,2.90218466149874e-03,1.29438403751536e-11,2.79697840667117e-06,1.32890140051979e-05,5.41997967027409e-06,3.30030901111875e-06,2.62463613481163e-04,2.89099112059296e-06,,SSA_2,World_7,,1.13382e+07
2005,Guinea,GIN,8.4120974640062e-07,3.26955618552304e-03,1.94310145794181e-11,3.19659890042085e-06,1.34141475504031e-05,5.96974620262117e-06,1.9271535268501e-06,6.58414656309852e-04,3.06352587868754e-06,,SSA_1,World_4,,9245844
2018,Lebanon,LBN,3.94469929005418e-07,8.81438803516175e-03,1.3704338100131e-11,3.54731006129136e-05,5.21156072911795e-06,1.09577803014604e-06,4.26833953899017e-05,1.0432925716863e-02,9.21596146381536e-05,,,World_3,,5984119
2011,Brazil,BRA,9.10053262220351e-07,8.83743546177531e-03,4.16595705205412e-11,1.4496624379157e-05,9.92322600856669e-06,4.38113312249698e-06,7.86790936607047e-06,5.42620172200228e-04,3.66445452763619e-06,LACC_2,,World_9,,1.952847e+08
2020,Dominican Republic,DOM,4.65171319322291e-07,4.97216939451571e-03,5.97507686191768e-11,1.6377035787277e-05,5.5291618825342e-06,1.78749340862147e-06,1.35175132869608e-05,2.56383404085895e-03,6.57653999197824e-05,LACC_2,,World_9,,1.10083e+07
2008,Myanmar,MMR,5.4518783630837e-07,3.40683082475705e-03,1.73232472659924e-11,2.0268005496996e-06,8.00071409863515e-06,4.43818216948791e-06,9.34324920513343e-07,1.46698221736499e-04,2.93965165962006e-06,,,World_1,EAP_2,4.839079e+07
2021,Costa Rica,CRI,6.2334122019588e-07,4.86405279806581e-03,4.91059856249321e-11,1.36148285030613e-05,4.30078257114471e-06,1.83596104223599e-06,5.34680063018242e-06,,,LACC_1,,World_5,,5059988
2007,Togo,TGO,4.30982895953677e-07,1.86331397409373e-03,5.83998777220568e-12,2.0293218688444e-06,6.91436928035308e-06,2.42732758594231e-06,1.10610365855337e-06,5.23565848895165e-04,6.53982427911524e-06,,SSA_2,World_7,,6188344
2015,Belarus,BLR,2.93107390120963e-07,9.03260954523898e-03,4.66110574024098e-12,1.2494187441045e-05,4.64086908618724e-06,1.64035901491628e-06,8.62234160300097e-06,1.19979393170007e-03,1.61998203926333e-05,,,World_3,,9461076
2005,Tunisia,TUN,4.7858151602856e-07,4.10418710663871e-03,9.78383274208306e-12,7.23782519063417e-06,4.99619126975067e-06,1.80237018880559e-06,5.08845833704576e-06,8.39069927015811e-03,9.27724995687431e-05,,,World_3,,1.025547e+07
2004,Madagascar,MDG,4.36584863641715e-07,2.0386289411896e-03,3.5689633921084e-10,1.47885572050092e-06,6.66316415908192e-06,2.81174987893139e-06,1.10226489986088e-06,5.85497057863653e-04,9.48087651055303e-06,,SSA_2,World_7,,1.860661e+07
2008,Netherlands,NLD,1.39043977109142e-06,2.1731875469136e-02,1.80093796249903e-11,5.04748432740261e-05,1.31959828960883e-05,3.67287522367003e-06,2.97497539387255e-05,6.9804545288193e-03,6.79820736199844e-05,,,World_5,,1.644559e+07
2003,Macedonia,MKD,3.47895280568218e-07,6.65478802769793e-03,1.0013569739324e-11,1.38692031249743e-05,6.8738462455402e-06,1.51544595934341e-06,4.11363736755287e-05,1.04745020480208e-02,8.28359767729563e-05,,,World_2,,2022725
2002,Yugoslavia/Serbia (1991/1992),SRB,2.10563425877265e-07,2.25892957363536e-03,6.91935773534412e-12,6.20875375624997e-06,1.81395510004603e-06,5.52149330043657e-07,3.08532950624763e-06,2.19549870128021e-03,2.40682982738962e-05,,,World_2,,7500031
2017,Argentina,ARG,5.02095098283276e-07,9.63156821209375e-03,1.66207381006407e-11,1.44914143340509e-05,4.86913475719831e-06,2.08647529897455e-06,8.39027723547866e-06,1.21941728722445e-03,7.61978941743499e-06,LACC_1,,World_5,,4.42889e+07
2017,Turkmenistan,TKM,1.72718939531981e-07,9.91838181209959e-03,1.4822768797055e-11,1.1065738128693e-05,1.86700052709175e-06,2.66177010188775e-07,5.06913346747485e-06,1.20337142820261e-02,3.71259691379873e-04,,,World_6,,6507061
2004,Brazil,BRA,7.63277671768658e-07,6.71777528844221e-03,4.26035100420334e-11,9.99135954400871e-06,8.19345186341818e-06,3.75156692259919e-06,5.6670144952087e-06,3.33839947809558e-04,2.41359300929378e-06,LACC_2,,World_9,,1.826751e+08
2020,Chile,CHL,6.53809328876834e-07,8.34486028455113e-03,1.14816100289069e-11,1.93523243172934e-05,1.1368825423217e-05,2.821928851829e-06,2.21792663012798e-05,2.16676797932927e-03,1.0324214907328e-05,LACC_1,,World_5,,1.937062e+07
2016,Croatia,HRV,7.92437950465067e-07,9.03207020213306e-03,9.23373833364811e-12,1.21613278378026e-05,1.20675426594762e-05,4.88736239581964e-06,1.77102535669881e-05,1.54709389573825e-03,1.43245544896906e-05,,,World_5,,4106867
2016,Kazakhstan,KAZ,4.78117368989182e-07,1.40483491274815e-02,1.86759128754774e-11,3.09853262798535e-05,6.9286827014275e-06,7.45931390467501e-07,6.11578654201714e-05,4.55817427615319e-03,7.20976853677607e-05,,,World_3,,1.83636e+07
2005,Australia,AUS,1.80417001623066e-06,3.18316446438604e-02,1.3319799143464e-10,7.86177121941687e-05,1.56360336467994e-05,5.41178226432077e-06,5.43281153940636e-05,9.65844845616906e-03,4.85638768849115e-05,,,World_5,EAP_1,2.017684e+07
2003,Papua New Guinea,PNG,4.41789629381291e-07,2.3923373644933e-03,1.10271398674506e-10,5.07931468470141e-06,6.4727628695703e-06,2.97786629638718e-06,4.71195363857455e-06,2.91279447511039e-04,2.99939431530855e-06,,,World_7,EAP_6,6123997
2002,South Africa,ZAF,6.24435252079696e-07,7.83131640921672e-03,7.13367850389218e-11,2.15378530300637e-05,9.21494969868011e-06,2.54861682124914e-06,3.01324928725241e-05,1.94441476705756e-03,2.61153185740826e-05,,SSA_3,World_8,,4.801942e+07
2013,Djibouti,DJI,7.28967965894534e-07,7.78031509405283e-03,2.95528702538441e-11,1.12138179554899e-05,8.92558812750437e-06,2.97180309397539e-06,9.79446963100098e-06,1.48063081055426e-02,2.37529172841976e-04,,,World_1,,984824
2014,Uganda,UGA,8.59901198994283e-07,3.00397618117654e-03,6.72411556598328e-12,2.46705056271441e-06,1.4444647679745e-05,5.56827646345761e-06,1.55272131695252e-06,1.94702273246879e-03,2.36286312420676e-06,,SSA_2,World_7,,3.639554e+07
2008,Viet Nam,VNM,5.39189028735397e-07,3.9357068984475e-03,5.388299366513e-12,6.42527340063557e-06,6.99929629897387e-06,3.00002551847494e-06,5.62465248345946e-06,7.83849676277637e-04,1.04487989270367e-05,,,World_3,EAP_4,8.517579e+07
2014,Lithuania,LTU,8.37341935324327e-07,1.16218592185838e-02,7.17628092924876e-12,2.26959889857206e-05,1.09019907678446e-05,4.50472022104774e-06,1.44207754265779e-05,2.94611664671176e-03,3.39243075154409e-05,,,World_5,,2932367
2015,North Korea,PRK,1.61586797644925e-07,2.18635230154486e-03,1.12746065755189e-12,2.8989918637142e-06,3.33018206665673e-06,6.2984069325447e-07,6.69990277586086e-06,1.14499846944458e-04,5.27113489954288e-06,,,World_6,EAP_3,2.557535e+07
2013,Albania,ALB,3.67712036088297e-07,3.85629448195515e-03,1.73375752882251e-11,9.36809354144038e-06,3.92385686784531e-06,1.3078768469762e-06,4.7367484809758e-06,2.83000682006941e-03,1.37503589147674e-05,,,World_2,,2895092
2002,Portugal,PRT,8.62906828379895e-07,1.32837520685471e-02,2.98922814192875e-11,3.33240670370386e-05,8.60458951623665e-06,3.58768343307966e-06,2.48570505698357e-05,1.21445365911448e-02,5.53410698746982e-05,,,World_5,,1.041963e+07
2014,New Zealand,NZL,1.42855026458989e-06,1.77109053381864e-02,5.52120340982714e-11,3.98370047054662e-05,1.14480281938229e-05,3.5084680048991e-06,2.24766312139816e-05,3.27629310050842e-03,3.30972483996646e-05,,,World_5,EAP_1,4516500
2002,Estonia,EST,9.88136628840932e-07,1.65664360976138e-02,5.80923885851066e-12,4.19359122407236e-05,1.1674469523106e-05,5.02633053501749e-06,6.23730251750011e-05,1.53350356835745e-03,1.72708883330275e-05,,,World_5,,1379350
2012,Philippines,PHL,2.75828930713464e-07,2.72697919504182e-03,2.6029974667019e-11,4.67718778550303e-06,3.50586308711938e-06,1.55747635194271e-06,3.77370623489109e-06,5.02665904152457e-04,9.91183110739069e-06,,,World_8,EAP_5,1.001755e+08
2003,Angola,AGO,5.26536231714284e-07,3.53461978524943e-03,2.54654653677529e-11,3.24854876344455e-06,7.56829030379283e-06,3.31300354725726e-06,2.98516737828465e-06,1.45247084334897e-03,1.5764452012411e-05,,SSA_1,World_4,,1.794371e+07
2006,Colombia,COL,3.76978567565534e-07,4.43316542689808e-03,1.04891924747483e-10,8.52675374415845e-06,4.1034192437705e-06,1.63195712528251e-06,4.14772672625874e-06,6.5019978066931e-04,7.16614542593788e-06,LACC_2,,World_9,,4.269108e+07
2005,Norway,NOR,1.4501478465473e-06,1.95593550658566e-02,1.10104147286709e-11,5.78501948374759e-05,1.36895520318359e-05,4.25138939380686e-06,3.01801993721327e-05,3.35165895527433e-03,3.21704517135802e-05,,,World_5,,4623291
2017,Saudi Arabia,SAU,1.1567981953001e-06,2.68205622734786e-02,1.93573167752931e-11,7.16260766574694e-05,1.0211129089651e-05,2.17736747121103e-06,9.87229487030965e-05,1.67492297224838e-02,3.69383244242762e-04,,,World_6,,3.097736e+07
2021,Latvia,LVA,1.131575834937e-06,1.46793805456775e-02,5.7295584383698e-12,2.3919728296166e-05,1.60711250414948e-05,7.74663738459106e-06,1.63309590031091e-05,,,,,World_5,,1884490
2020,Benin,BEN,4.93744822170531e-07,2.05037934497132e-03,2.64329382528854e-12,6.07908661295129e-06,7.20381305287543e-06,2.25318431519543e-06,1.08907165471669e-06,9.11585882658564e-04,1.28881420113477e-05,,SSA_2,World_7,,1.307017e+07
2008,Haiti,HTI,7.58818176433577e-07,2.70774497575783e-03,5.24979108394383e-11,3.63107506819759e-06,1.0474168328928e-05,3.3814562598196e-06,2.16704468016624e-06,6.722720621088e-04,1.2374931875469e-05,LACC_3,,World_1,,9530774
2005,El Salvador,SLV,4.62862777659223e-07,3.93308111074474e-03,2.75089473846426e-11,1.83806066517601e-05,4.74230596301305e-06,2.14173517647427e-06,1.23882783033222e-05,8.02322082016517e-04,7.96748479517597e-06,LACC_2,,World_9,,6005578
2005,Bulgaria,BGR,4.43884276431558e-07,8.42634576148511e-03,7.47758683258855e-12,1.96153531997281e-05,6.29146544228765e-06,1.90803615906738e-06,5.23953917314916e-05,1.80466754975161e-03,2.01345787372267e-05,,,World_2,,7658972
2002,Rwanda,RWA,4.3741425135326e-07,1.37013772099503e-03,1.23791183616542e-11,1.21238471236414e-06,7.09220677200216e-06,2.85202277874798e-06,8.0515952574457e-07,2.32931652594267e-03,3.82277988417137e-06,,SSA_4,World_7,,8400180
2017,Haiti,HTI,8.00854665359863e-07,2.96220673115054e-03,5.26338338786335e-11,5.33401098538614e-06,1.09541149583404e-05,3.52360455876218e-06,2.76201415089814e-06,1.20782478469016e-03,2.76833400388836e-05,LACC_3,,World_1,,1.081775e+07
2016,Haiti,HTI,7.81896191852677e-07,2.91872416219881e-03,5.20450555643706e-11,5.37965489807231e-06,1.07261575241847e-05,3.47130710918387e-06,2.85243700638576e-06,1.27012325420439e-03,2.38370487857451e-05,LACC_3,,World_1,,1.067146e+07
2013,Ghana,GHA,4.1599704938664e-07,2.48899426998893e-03,1.06917577374987e-11,5.30205881359256e-06,5.32425434892259e-06,1.31771035401645e-06,4.39479072931589e-06,7.17956693275206e-04,6.26001981006304e-06,,SSA_3,World_8,,2.738619e+07
2002,Libya,LBY,1.12271734267347e-06,0.01322846341639,9.89891649762494e-12,3.06899833229651e-05,6.2649149428666e-06,1.10310106402e-06,3.45693160458851e-05,1.75946351428182e-02,3.46160248400533e-04,,,World_6,,5508410
2018,Syria,SYR,5.1346352903072e-08,2.37363421452513e-03,9.3797127686497e-12,3.40880801613909e-06,5.7263673925775e-07,2.3354561537834e-07,6.88381047987087e-06,1.26888749980848e-02,1.34566171370715e-04,,,World_6,,1.957784e+07
2010,Burkina Faso,BFA,5.20501710540656e-07,1.99469059796539e-03,2.78412733293071e-12,1.82255389871168e-06,7.91274043664142e-06,3.67950194487626e-06,1.0252590091171e-06,5.26499253298279e-04,6.99113445026315e-06,,SSA_2,World_7,,1.61765e+07
2011,Hungary,HUN,6.53587523036834e-07,9.06944487318696e-03,4.37446279217289e-12,1.49644109066706e-05,8.81918008379233e-06,3.51685445452251e-06,1.32896692348207e-05,1.01885942242624e-03,1.13451579410833e-05,,,World_5,,9971727
2004,Belgium,BEL,1.32937502026719e-06,2.18419054558735e-02,1.74481540433183e-11,5.09046776169866e-05,1.12503708457269e-05,3.14249376509128e-06,2.73294240287431e-05,5.42999089394273e-03,7.1525458407928e-05,,,World_5,,1.042114e+07
2018,Ireland,IRL,9.26230360888973e-07,2.10321235501073e-02,7.71817520639295e-12,3.76102085319318e-05,9.16882515061229e-06,1.87150326398062e-06,1.99052669491916e-05,3.34308945903235e-03,3.34339087744022e-05,,,World_5,,4867316
2020,Kenya,KEN,6.38813766634851e-07,3.1504024371692e-03,8.6108240261344e-12,3.7211242340553e-06,9.56655038758561e-06,3.19228756218347e-06,2.08764318871466e-06,7.73426304966182e-04,9.70552082233027e-06,,SSA_2,World_7,,5.221734e+07
2021,Madagascar,MDG,4.147887666634e-07,1.94900129799664e-03,2.29542764292382e-10,1.41193915806237e-06,6.26485081031329e-06,2.51307067481044e-06,1.19894532837907e-06,,,,SSA_2,World_7,,2.969108e+07
2019,Switzerland,CHE,1.0241303437274e-06,1.76329509741368e-02,1.3312283771358e-11,3.56559807448064e-05,1.08168635854243e-05,3.22482361420206e-06,2.21856954555335e-05,4.76739418182396e-03,3.6506280457429e-05,,,World_5,,8575280
2005,Algeria,DZA,4.27964985399276e-07,4.77647883626741e-03,7.89626027557391e-12,7.94925261475168e-06,2.24842076206168e-06,4.49556685153196e-07,3.15061760547536e-06,3.75270012376971e-03,3.6758355314098e-05,,,World_3,,3.310925e+07
2003,Malta,MLT,9.38026998118425e-07,1.54192225605687e-02,1.3012480997915e-11,4.38426930596926e-05,9.00732563937057e-06,1.42550862343317e-06,5.04170959190613e-05,6.03903976387097e-03,5.88622678938668e-05,,,World_5,,398582
2002,India,IND,4.25116704630344e-07,2.31290231992371e-03,5.33398292707151e-12,4.25737542869462e-06,5.43697328833281e-06,2.33024883389933e-06,4.3903370363983e-06,5.00205849231718e-03,6.26893533571884e-05,,,World_7,,1.0976e+09
2019,Hungary,HUN,6.56830076542248e-07,9.50748458012094e-03,4.18361889351923e-12,1.55696741308491e-05,8.84606979459494e-06,3.51889382318684e-06,1.11207168146784e-05,1.05846132868581e-03,9.73598082916652e-06,,,World_5,,9771141
2004,Singapore,SGP,2.43125183947194e-06,2.21973619087768e-02,4.19981503476299e-11,7.19416482476154e-05,2.24685517153528e-05,6.94939336414503e-06,4.82447805565097e-05,7.00316263349855e-03,8.6946198618251e-05,,,World_5,EAP_1,4166664
2010,Bulgaria,BGR,4.68020660633329e-07,7.80803680561095e-03,7.08696819670316e-12,1.62132121483878e-05,6.22107265093462e-06,2.09376376012645e-06,4.77891619338248e-05,1.87012297590966e-03,1.86830395922951e-05,,,World_2,,7395599
2010,Moldova,MDA,5.24588611068781e-07,5.98750754946789e-03,3.02203594556408e-12,1.26854069365005e-05,6.83191185185732e-06,2.84621664865361e-06,5.81424700052338e-06,6.26220182516893e-04,8.02497815852886e-06,,,World_2,,2862354
2020,Bangladesh,BGD,2.41402873910297e-07,2.4356570044107e-03,2.98553450169018e-12,4.21936648849321e-06,3.33974160728703e-06,1.58874470737424e-06,2.24755977652278e-06,6.70382735057038e-04,8.648824123486e-06,,,World_1,,1.66298e+08
2016,Guatemala,GTM,9.20430920266849e-07,4.8768210594959e-03,1.99830429136977e-11,8.97264708858254e-06,1.38159497991236e-05,6.68002296820569e-06,6.57220537747001e-06,6.89805643392022e-04,5.83677193752145e-06,LACC_2,,World_9,,1.626876e+07
2014,Yemen Arab Republic/Yemen (1990/1991),YEM,9.91736817983692e-08,2.38052545940546e-03,8.06100272652886e-12,4.50203261792436e-06,1.12802100494192e-06,3.11213958708859e-07,4.40237606313007e-06,3.9474986555397e-03,8.1299142064845e-05,,,World_1,,3.022631e+07
2011,Saudi Arabia,SAU,1.37047931607171e-06,2.73925129193239e-02,2.33700128683324e-11,7.89689116146012e-05,1.15183234648366e-05,2.47002041174237e-06,1.04692486665918e-04,3.08930234229116e-02,6.46255496162342e-04,,,World_6,,2.509187e+07
2009,Austria,AUT,1.08317532346511e-06,1.79287328454778e-02,1.16341623730869e-11,4.10972435839321e-05,8.4419309250105e-06,1.95016722800832e-06,2.10835473923782e-05,2.27297836249084e-03,2.3857977085491e-05,,,World_5,,8343323
2013,Mali,MLI,2.83099135429795e-07,1.64720786693733e-03,3.23798845220901e-12,1.64599112055054e-06,4.50186173513913e-06,1.74546710191117e-06,9.63919302771842e-07,1.35918013425198e-03,7.31797551439127e-06,,SSA_2,World_7,,1.745962e+07
2005,Senegal,SEN,2.76290413936392e-07,2.1933139171118e-03,4.46961080996304e-12,3.91493212322284e-06,3.51265624517702e-06,1.15205851824882e-06,4.3209077321561e-06,4.72228745909781e-03,1.43326331781364e-05,,SSA_2,World_7,,1.123547e+07
2005,Canada,CAN,1.45453672389094e-06,2.62329966235283e-02,9.53812084066242e-12,6.5605034705306e-05,1.40805852563568e-05,4.68231054953231e-06,4.04409270986686e-05,3.89312678321291e-03,3.65510326392323e-05,,,World_5,,3.224273e+07
2021,Gambia,GMB,2.80081275318152e-07,1.57890384219959e-03,2.05107239795059e-12,2.77659938191658e-06,3.81441414815794e-06,1.6930705022019e-06,1.67835410074964e-06,,,,SSA_2,World_7,,2576010
2004,Chad,TCD,4.59271943243103e-07,3.97341721623677e-03,6.68442886326897e-12,1.87539508532125e-06,6.93791332738972e-06,3.10702159742689e-06,1.14500503637658e-06,6.28861634512881e-04,4.29178791272723e-06,,SSA_1,World_4,,9920036
2009,Malta,MLT,1.23551828033983e-06,1.61265985750498e-02,1.2125988791611e-11,4.24423611407165e-05,1.17653454407838e-05,1.53293748431092e-06,4.77710729036671e-05,8.42939548675565e-03,8.23895135128562e-05,,,World_5,,412477
2018,Macedonia,MKD,4.5571533296633e-07,7.61738036859645e-03,1.02982104801867e-11,1.18709872979805e-05,7.41950656053283e-06,2.17748520034597e-06,2.72873704126873e-05,1.12016956414907e-02,2.07628376231663e-04,,,World_2,,1889051
2020,Namibia,NAM,7.09046199333034e-07,6.4635303942844e-03,2.50986331764356e-10,1.69795699871106e-05,8.14052735763038e-06,1.90919144827804e-06,1.62763614978451e-05,8.3092344207943e-04,1.26436534487657e-05,,SSA_3,World_8,,2728762
2012,Argentina,ARG,4.69895225546567e-07,8.75507592904322e-03,1.68653687202406e-11,1.52686293641013e-05,4.14746950208666e-06,1.52282721885125e-06,1.11781300844867e-05,1.01945940329642e-03,5.36823715055719e-06,LACC_1,,World_5,,4.216172e+07
2004,Ecuador,ECU,4.62454986210371e-07,4.90268676914883e-03,1.03568869696847e-10,1.42095985700873e-05,3.43174957343763e-06,1.11255321899991e-06,1.07178728813353e-05,7.06779539860504e-04,6.87590273445962e-06,LACC_2,,World_2,,1.36087e+07
2005,CSSR/Czech Republic (1990/1991),CZE,8.36885810193371e-07,1.41595306898416e-02,7.07032935676162e-12,3.07245027231679e-05,9.60097985215945e-06,2.96540538688933e-06,2.194025057551e-05,1.47321791255232e-03,1.49705755169637e-05,,,World_5,,1.021122e+07
2010,Romania,ROU,5.80902904323542e-07,7.40997142335379e-03,5.86507220235353e-12,1.2304570127735e-05,8.21284647203573e-06,3.36147702909483e-06,1.89104089119082e-05,1.22859017426396e-03,1.44851746461557e-05,,,World_2,,2.024687e+07
2011,Angola,AGO,4.92660244726763e-07,4.07948180588606e-03,2.17283131818645e-11,4.84399492265238e-06,6.67922830795427e-06,3.01674015647004e-06,4.74533160087111e-06,1.47563961845744e-03,1.6945288501347e-05,,SSA_1,World_4,,2.421835e+07
2018,Mexico,MEX,3.09781466924611e-07,6.72105703482849e-03,4.05256108389604e-11,1.26197172227948e-05,3.83095479903477e-06,1.52105793446434e-06,9.37999815404626e-06,3.33186709384362e-03,2.53479311179197e-05,LACC_2,,World_9,,1.245737e+08
2019,"Cote d'Ivoire",CIV,4.94150966282487e-07,2.25923028240441e-03,1.31750617563518e-11,2.75392890971086e-06,7.6817665895687e-06,2.4773982278202e-06,1.46768831347366e-06,8.22332447211582e-04,1.01462243617848e-05,,SSA_2,World_7,,2.819301e+07
2007,Paraguay,PRY,7.20758347754211e-07,5.52161053527843e-03,3.0100574301775e-11,9.45180571818219e-06,8.4015500522123e-06,3.8021313321846e-06,2.62108614152153e-06,1.40193873998049e-03,4.34881214325289e-06,LACC_2,,World_9,,5559386
2005,Paraguay,PRY,7.17508592830864e-07,4.98603442962833e-03,3.02768334523022e-11,9.27269020735495e-06,8.50746389896461e-06,3.97708450345902e-06,2.26414576130792e-06,1.37092407941029e-03,4.07082565889381e-06,LACC_2,,World_9,,5448097
2016,North Korea,PRK,1.7055997609869e-07,2.43253837028513e-03,1.13435814995386e-12,3.17749109962169e-06,3.55120415947569e-06,6.30078939518204e-07,7.45859733663714e-06,1.23113434581382e-04,5.44443838487266e-06,,,World_6,EAP_3,2.569833e+07
2013,Haiti,HTI,8.24006425110027e-07,2.88083369564643e-03,5.09739506762848e-11,4.28665661658064e-06,1.13358507683203e-05,3.61374439581589e-06,2.54065682372208e-06,1.00643902442659e-03,2.23658183618057e-05,LACC_3,,World_1,,1.022236e+07
2011,Mauritania,MRT,5.47589413916035e-07,4.39873266538038e-03,1.45006232181804e-11,5.69761461603869e-06,7.58378094200729e-06,2.98828646458504e-06,3.59407357461345e-06,7.76100529560059e-03,3.33860169409326e-05,,SSA_4,World_1,,3502811
2006,Denmark,DNK,1.5992223347863e-06,2.23242634070497e-02,1.37578213416356e-11,5.72376211844497e-05,1.39730263733113e-05,3.82861142272116e-06,3.27270687046421e-05,3.62722259402993e-03,3.62199121633391e-05,,,World_5,,5437272
2021,Turkey,TUR,3.78684575654802e-07,8.31655806051036e-03,1.61201219944358e-11,1.20000563335081e-05,5.32575568012634e-06,1.61666815108083e-06,2.08008396516883e-05,,,,,World_3,,8.414732e+07
2012,Canada,CAN,1.26521503981319e-06,2.56301026185765e-02,9.8136153084744e-12,4.63084251431269e-05,1.34056008354714e-05,4.239772524724e-06,3.34410160539784e-05,3.51355917335714e-03,3.27000896939778e-05,,,World_5,,3.47134e+07
2005,China,CHN,6.99982142126467e-07,6.2129405245771e-03,4.47208319690822e-12,1.23742869833439e-05,9.73477000923548e-06,2.06785860664723e-06,1.71763862091369e-05,4.11520559880564e-03,2.11858046886404e-05,,,World_6,EAP_3,1.30372e+09
2008,United States of America,USA,1.16050830777708e-06,2.57606794130614e-02,1.27382012704216e-11,5.37373320916208e-05,1.22718736818329e-05,3.03137709273764e-06,4.75243794336673e-05,4.55496771086677e-03,4.13624565709235e-05,,,World_5,,3.04094e+08
2013,Botswana,BWA,1.0294750644975e-06,8.46646304261707e-03,8.05006876296764e-11,2.69209995927816e-05,1.25138847213397e-05,4.44914242932632e-06,2.75998883614271e-05,9.78019396764162e-04,1.20980553977515e-05,,SSA_3,World_8,,2140682
2012,Malaysia,MYS,5.72686482200449e-07,9.62209510079119e-03,3.23550338843198e-11,1.9529454142486e-05,6.53195698041799e-06,1.99922721583368e-06,1.7748425032951e-05,2.26594106075747e-03,3.42649325514202e-05,,,World_3,EAP_4,2.966283e+07
2019,Sierra Leone,SLE,6.21496329844916e-07,2.18124233136249e-03,1.8512437615109e-11,2.07773627492501e-06,9.88170501333843e-06,3.89911156180803e-06,1.07234899158329e-06,2.36360954180147e-04,3.4960826117041e-06,,SSA_2,World_7,,7731991
2011,Greece,GRC,5.2693260524443e-07,1.41116600233418e-02,2.20428526450482e-11,2.36945465824069e-05,6.08539382750023e-06,1.80614045740356e-06,3.13389947154102e-05,1.38896526605298e-02,6.72823149871442e-05,,,World_5,,1.11049e+07
2006,Jamaica,JAM,5.96928142863399e-07,5.47866267294029e-03,2.74343940135521e-11,2.69438656668381e-05,4.18696264250891e-06,1.24536579358877e-06,2.99855143758555e-05,1.44766290470469e-03,1.1642487846523e-05,LACC_2,,World_2,,2700968
2015,Malta,MLT,9.14055769172494e-07,1.40666245356967e-02,9.29881457455528e-12,3.22842796827322e-05,9.65716206254617e-06,1.3444694515503e-06,3.3419964936925e-05,4.52704851845535e-03,3.90424950898987e-05,,,World_5,,445053
2007,Iceland,ISL,2.11647414645372e-06,2.5606178746272e-02,2.41563995579045e-11,5.99311673729929e-05,2.27669225756866e-05,4.08213397132691e-06,4.54774432291203e-05,5.48315948150023e-03,5.33112914267096e-05,,,World_5,,311566
2010,Tanzania,TZA,6.33630611074092e-07,2.71347917020796e-03,1.48825158110984e-11,2.00828646029019e-06,9.17559333745508e-06,4.09505771887576e-06,1.07502533937978e-06,5.36989537498986e-04,7.02555444367707e-06,,SSA_2,World_7,,4.475849e+07
2007,Cameroon,CMR,4.78184734194953e-07,2.56195394448835e-03,1.96646733198218e-11,2.58347466445427e-06,7.26026160425772e-06,3.34362355776678e-06,1.58882325428666e-06,8.22732473973856e-04,8.09527017094448e-06,,SSA_2,World_7,,1.80499e+07
2008,"Cote d'Ivoire",CIV,5.01835861701708e-07,2.12734960447854e-03,1.53893611029217e-11,1.94318579532757e-06,9.63360770520985e-06,2.798456959573e-06,1.21513729490541e-06,1.02070365005451e-03,2.11916227384155e-05,,SSA_2,World_7,,2.151444e+07
2016,Panama,PAN,5.75992018129707e-07,5.93013872495343e-03,1.08792415265736e-10,1.84515792715266e-05,5.77677742267636e-06,1.59610190760074e-06,1.39081815228354e-05,2.0044238174142e-03,1.27277513048751e-05,LACC_2,,World_2,,4029086
2008,Ethiopia/DR Ethiopia (1992/1993),ETH,7.60154980686249e-07,2.79835374534648e-03,8.85708897760857e-12,1.80452013634471e-06,1.08937591725316e-05,5.47072911988349e-06,1.09331865854143e-06,3.10847196095191e-04,1.97281676758067e-06,,SSA_1,World_4,,8.554366e+07
2014,Macedonia,MKD,4.41204962930533e-07,7.18721312733572e-03,1.00776265242158e-11,1.11814724201689e-05,7.57571799143827e-06,2.20883768238428e-06,3.03073446457318e-05,1.23230969181408e-02,8.08224567561147e-05,,,World_2,,1917557
2007,Switzerland,CHE,1.19577722801286e-06,1.92263988687324e-02,1.27142732688642e-11,5.38070832719083e-05,1.0594039672543e-05,2.67672222964755e-06,4.05086355361538e-05,5.76999810320994e-03,3.69980075778515e-05,,,World_5,,7551117
2020,Panama,PAN,4.88430967320992e-07,4.9212404558966e-03,1.00065560934911e-10,1.49672968816584e-05,4.75923483392682e-06,1.40299725891897e-06,1.05406410401272e-05,9.08305708096552e-04,7.03011728227718e-06,LACC_2,,World_2,,4293261
2012,China,CHN,9.45800785955042e-07,9.31025226699858e-03,4.97028260435822e-12,1.6683048837245e-05,1.12510491542347e-05,1.54196156951743e-06,2.12733901061231e-05,5.30824146014982e-03,2.99000360171547e-05,,,World_6,EAP_3,1.35419e+09
2006,Thailand,THA,5.17770484039639e-07,6.42826762488542e-03,8.48320794804819e-12,1.01210627037812e-05,6.37347678738311e-06,2.31274335231215e-06,9.84462392044236e-06,9.9018089168268e-04,3.19572807834469e-05,,,World_9,EAP_4,6.656769e+07
2006,Niger,NER,2.67226608555174e-07,1.6401327797942e-03,3.79531995586432e-12,1.38014756791426e-06,4.02987893499214e-06,1.92395120459485e-06,4.8818981240357e-07,7.21445789162419e-04,8.65132323776492e-06,,SSA_2,World_7,,1.426858e+07
2015,Chad,TCD,4.23928215271202e-07,4.88073252359148e-03,4.75903488183442e-12,1.9608474141166e-06,6.84750144786618e-06,2.78745979081471e-06,6.73686788439655e-07,2.50627742799423e-04,1.41555755374562e-06,,SSA_1,World_4,,1.464762e+07
2019,Romania,ROU,5.37537495982097e-07,8.25649549662966e-03,5.62302129985616e-12,1.27924496017774e-05,8.1060399966739e-06,3.27349183688583e-06,1.84407101423899e-05,1.69052285115519e-03,1.48400535571266e-05,,,World_2,,1.937165e+07
2004,Yugoslavia/Serbia (1991/1992),SRB,3.1175436729617e-07,2.98962581733228e-03,7.31464997005454e-12,8.42557222287899e-06,3.04180227236371e-06,8.09604197323426e-07,4.16448969446673e-06,2.33349921545917e-03,2.39521614161976e-05,,,World_2,,7463157
2011,Mozambique,MOZ,3.52471436816256e-07,1.79927859347556e-03,1.72823072869831e-11,2.21574040532422e-06,4.84673362173137e-06,2.24384917766261e-06,1.79090097732414e-06,2.0811531159585e-04,2.98873511156743e-06,,SSA_2,World_7,,2.364904e+07
2005,"Cote d'Ivoire",CIV,4.38616534544346e-07,2.13377138508987e-03,1.61398653144991e-11,1.86863085323193e-06,7.65717846646005e-06,2.73051380333752e-06,1.2378813521615e-06,3.27962692461026e-03,6.42079992075739e-05,,SSA_2,World_7,,2.006846e+07
2020,Gabon,GAB,1.55631420010606e-06,1.20393230367223e-02,4.52399832751329e-11,1.23728193102177e-05,2.49315524646332e-05,1.21688404718389e-05,7.19369007537398e-06,9.3576132091567e-04,9.92964218704388e-06,,SSA_3,World_8,,2322539
2006,Mozambique,MOZ,6.20049412358537e-07,2.2090760385703e-03,2.04776635344797e-11,2.09019771500467e-06,9.18324879085926e-06,4.43537840380989e-06,1.88274241043605e-06,2.02595360869959e-04,4.04628890061314e-06,,SSA_2,World_7,,2.078709e+07
2002,Zimbabwe,ZWE,1.0763574025071e-06,4.48786032154602e-03,1.39540845307425e-11,5.1095549655973e-06,1.57602391036324e-05,7.29477292266205e-06,5.63133547948654e-06,1.00820366187953e-03,1.64554440048982e-05,,SSA_4,World_1,,1.208765e+07
2011,Guinea,GIN,8.08113802758923e-07,3.38555241094098e-03,1.7162791791452e-11,3.35503490798428e-06,1.29512520860441e-05,5.57601795106633e-06,1.99135519447414e-06,7.82661457336439e-04,6.05766986000244e-06,,SSA_1,World_4,,1.065681e+07
2013,Uruguay,URY,1.14150859567079e-06,9.83208623227824e-03,1.58307728848027e-11,1.3670169330236e-05,1.02087638471938e-05,4.96673151512296e-06,1.67167627203461e-05,1.4627083190243e-03,1.14331527900136e-05,LACC_1,,World_5,,3345337
2021,Algeria,DZA,3.22854286453371e-07,5.4069883738735e-03,3.80568792617025e-12,1.21429282138126e-05,1.92633462505039e-06,3.27503205805e-07,2.31029466921242e-06,,,,,World_3,,4.47611e+07
2002,Iran,IRN,4.16426333419297e-07,7.51927656215055e-03,1.23136587945114e-11,1.72042616976236e-05,2.61655434135362e-06,6.00900694014499e-07,1.42742153969412e-05,2.77473527954958e-02,3.12662544881111e-04,,,World_6,,6.801132e+07
2008,Zimbabwe,ZWE,1.02988681192067e-06,4.00311864222211e-03,1.30779198029716e-11,3.94475543602954e-06,1.58393257049626e-05,7.39713288389271e-06,5.01993790704369e-06,7.900096930233e-04,1.07793432399894e-05,,SSA_4,World_1,,1.295915e+07
2008,Latvia,LVA,1.22417060119439e-06,1.28136227930352e-02,4.15101115798838e-12,2.74571391355976e-05,1.58486204529747e-05,6.76717197878435e-06,1.57377203390443e-05,2.10477038873539e-03,2.3807770044426e-05,,,World_5,,2177322
2004,Nigeria,NGA,1.09683151529176e-06,4.21242201731445e-03,6.03016152574859e-12,3.14698820912412e-06,1.6415974257517e-05,7.92505884063759e-06,1.23593093695297e-06,3.24164587107196e-04,3.02719784403529e-06,,SSA_2,World_7,,1.41057e+08
2003,Guinea,GIN,8.8322692778647e-07,3.37825152263053e-03,1.98789159578732e-11,3.35067279768675e-06,1.40694996366311e-05,6.25596022049522e-06,2.09607770759073e-06,7.21456433848264e-04,2.93627534397153e-06,,SSA_1,World_4,,8870781
2004,Syria,SYR,1.96659024650169e-07,3.45179895720455e-03,9.53778633063336e-12,7.02830582920973e-06,1.31531015263922e-06,4.97659255757999e-07,9.3200846595371e-06,3.30659321159196e-02,3.81418984676378e-04,,,World_6,,1.833688e+07
2004,Peru,PER,3.77278835607301e-07,3.21960484953786e-03,8.96625720278122e-11,7.61306911333877e-06,4.10301434724724e-06,1.71641605960693e-06,6.16996418773148e-06,1.20396241357323e-03,5.41762589902636e-06,LACC_2,,World_2,,2.785219e+07
2010,Botswana,BWA,1.05161513402918e-06,8.54705030701713e-03,8.54900574169644e-11,2.46455401421408e-05,1.26350475902375e-05,4.70999625782674e-06,2.26377920428411e-05,1.33838647087977e-03,1.67155482235832e-05,,SSA_3,World_8,,2033111
2007,Zambia,ZMB,1.03892609760228e-06,2.84430824473858e-03,1.15704535912963e-11,2.75240251090023e-06,1.45212292679517e-05,5.54893429857058e-06,3.26499450685185e-06,2.2772182048481e-04,2.39960071753047e-06,,SSA_2,World_7,,1.256509e+07
2014,Bangladesh,BGD,2.15677163589237e-07,1.97097312636723e-03,2.73927585156343e-12,2.99147689180747e-06,3.01593269052306e-06,1.44175194785061e-06,1.80780833773785e-06,7.98823495421534e-04,1.03652164809595e-05,,,World_1,,1.579649e+08
2017,Indonesia,IDN,6.11649969953879e-07,4.21481777497195e-03,2.54400122311828e-11,8.40103695908891e-06,8.50677915490445e-06,3.85038995432297e-06,9.03789203286231e-06,1.73322432071647e-03,1.10468049488326e-05,,,World_8,EAP_5,2.673467e+08
2004,Netherlands,NLD,1.21613794756189e-06,2.14308431814592e-02,1.88637336191663e-11,4.74447762267131e-05,1.17626095749619e-05,3.50748362062331e-06,2.76545024271012e-05,6.07232720075846e-03,6.34744488800284e-05,,,World_5,,1.628178e+07
2018,Luxembourg,LUX,1.96393068568793e-06,3.62390660606381e-02,2.06627421183254e-11,7.62516971482785e-05,1.71856206203689e-05,5.59994307892376e-06,3.02037196203e-05,5.87625113417095e-03,5.92450497337133e-05,,,World_5,,607950
2014,Cambodia,KHM,4.76042403967719e-07,3.47570681697387e-03,1.47241530288663e-11,3.69476834777598e-06,6.32165310925528e-06,3.1254322190508e-06,2.47155804867149e-06,2.18726082049261e-04,2.12358130973905e-06,,,World_1,EAP_2,1.539677e+07
2016,Myanmar,MMR,5.32420130169463e-07,3.8614711615709e-03,1.58575702309609e-11,3.07023363266097e-06,8.08690018499136e-06,3.94546551867983e-06,2.00169647171243e-06,6.77480902248708e-04,1.54924608076122e-05,,,World_1,EAP_2,5.14957e+07
2006,Bulgaria,BGR,4.98866504287739e-07,8.51877644785042e-03,7.57313226799829e-12,2.16558548245758e-05,6.76713805847569e-06,2.00519666578076e-06,5.22163074027491e-05,1.89588072466221e-03,2.06910194549567e-05,,,World_2,,7601022
2004,Bosnia and Herzegovina,BIH,4.35025547526353e-07,6.11493120186344e-03,6.78776526912552e-12,1.3929847322046e-05,5.51212052100982e-06,1.07639370639493e-06,2.64517076224564e-05,6.67754982179961e-04,8.92160001597462e-06,,,World_2,,4140987
2014,Nigeria,NGA,1.15793062223112e-06,4.46790833715809e-03,4.97895416273865e-12,4.38098136555385e-06,1.75503696166809e-05,8.12024851597519e-06,1.69893732295117e-06,3.79095020478976e-04,4.15167100957896e-06,,SSA_2,World_7,,1.858969e+08
2006,Gabon,GAB,1.92906798585283e-06,1.63512576986016e-02,4.94504595851419e-11,1.49456830800687e-05,2.9230830398507e-05,1.41850117400125e-05,1.01257940708543e-05,1.46590854075833e-03,1.58319476829776e-05,,SSA_3,World_8,,1508337
2019,North Korea,PRK,1.34809497213558e-07,3.21010569145539e-03,1.21472402258361e-12,2.15449770438758e-06,2.73500731310545e-06,6.05872850688415e-07,4.48835159569603e-06,1.10580662725496e-04,5.27944890517533e-06,,,World_6,EAP_3,2.603763e+07
2005,Yugoslavia/Serbia (1991/1992),SRB,3.22546466854886e-07,2.91293640031221e-03,7.03198085886388e-12,7.77499602611015e-06,3.66191101234974e-06,8.38295550598191e-07,3.6800655578024e-06,1.99633385329012e-03,1.94552342826225e-05,,,World_2,,7440769
2014,Sudan/North Sudan (2010/2011),SDN,6.95335706201026e-07,4.63249901819878e-03,3.14210940398085e-12,6.03993530687162e-06,1.01855388469896e-05,3.38841592358327e-06,2.28316036049831e-06,1.25304088848996e-02,3.80694722134457e-04,,SSA_4,World_1,,3.882332e+07
2004,United States of America,USA,1.36181212643845e-06,2.85618181386161e-02,1.61303299273463e-11,6.99269601987029e-05,1.29630808253515e-05,3.21262998007237e-06,5.34956890189328e-05,5.68371167088707e-03,5.27530901431235e-05,,,World_5,,2.928053e+08
2020,Albania,ALB,3.48100021411112e-07,4.04973596969684e-03,2.05610190298841e-11,1.04691234474439e-05,3.99682218938471e-06,1.18769063749791e-06,5.62023251646405e-06,2.74539952517267e-03,1.14243639976749e-05,,,World_2,,2837849
2011,Argentina,ARG,4.96438110166949e-07,8.62683387738965e-03,1.66531345520237e-11,1.50463114301367e-05,4.33307899770986e-06,1.60841458247652e-06,1.07589327787857e-05,1.08356504191925e-03,5.32528778158932e-06,LACC_1,,World_5,,4.173066e+07
2014,Finland,FIN,1.54339048943806e-06,2.31538366411849e-02,7.31820445011665e-12,4.30939501078839e-05,1.43878639581336e-05,6.47275187540544e-06,3.25362626633213e-05,2.24234652684617e-03,2.23716165240963e-05,,,World_5,,5461512
2013,Poland,POL,5.9487698329124e-07,1.13704135715818e-02,4.19144410639072e-12,1.53405782739663e-05,8.96052258557204e-06,2.29245973856698e-06,2.02537120423006e-05,9.86671511943929e-04,1.60807867040093e-05,,,World_5,,3.80402e+07
2003,Mozambique,MOZ,6.68968990036079e-07,2.37610966099947e-03,2.4247871257697e-11,2.25309169830548e-06,9.69655216172489e-06,4.75005197903768e-06,1.70778126413526e-06,2.85246098334727e-04,5.27298274198287e-06,,SSA_2,World_7,,1.939248e+07
2009,Greece,GRC,7.00387630621625e-07,1.6483198512888e-02,2.37733299659074e-11,3.47847210958979e-05,7.43716223908088e-06,1.81816693723454e-06,4.10346672481322e-05,1.90364170438112e-02,9.07972069727777e-05,,,World_5,,1.110702e+07
2017,Libya,LBY,4.97369509659025e-07,1.18332409853273e-02,7.20027481618095e-12,2.83775745304504e-05,4.22212499260209e-06,8.62488911302236e-07,1.30640339137929e-05,1.23932587866824e-02,2.62895583639725e-04,,,World_6,,6738770
2014,Poland,POL,5.65966812376435e-07,1.12274543659274e-02,4.26688611148836e-12,1.45017756048546e-05,8.65944608950462e-06,2.24919760495945e-06,1.91819574217882e-05,1.05599335333776e-03,1.62631135504318e-05,,,World_5,,3.801174e+07
2004,Ireland,IRL,1.1589425905234e-06,2.94508547569948e-02,1.04911265538412e-11,5.36509731051473e-05,1.13064175650804e-05,1.69157437700586e-06,3.6870739001081e-05,2.57888334674173e-03,2.90233711373356e-05,,,World_5,,4070262
2007,Belgium,BEL,1.24964261498253e-06,2.11346340765924e-02,1.73480386422841e-11,4.34744638334628e-05,1.16218892957482e-05,3.3651272502022e-06,2.5863794791114e-05,5.8279980019665e-03,6.75497864749077e-05,,,World_5,,1.06257e+07
2007,Georgia,GEO,3.45450014475866e-07,5.35478819118008e-03,1.37931219818828e-11,6.02781972910264e-06,5.13159310524276e-06,2.07484266457423e-06,4.96812445665639e-06,7.57053371595725e-03,1.15971010405034e-04,,,World_2,,3860158
2013,Angola,AGO,5.02003441245329e-07,4.2273844184781e-03,2.08005397019893e-11,5.48477801563548e-06,6.70078978402044e-06,2.9333207520702e-06,5.23951665206901e-06,1.65511896745806e-03,1.71825932205427e-05,,SSA_1,World_4,,2.616562e+07
2008,Burundi,BDI,6.54304569501294e-07,1.87019046707097e-03,6.0104829401613e-12,1.14582635037302e-06,1.14445525450189e-05,4.76495613430838e-06,6.87981228819244e-07,1.69288013602567e-03,3.6544474443301e-06,,SSA_1,World_4,,8505637
2014,Israel,ISR,7.71827775535083e-07,1.47531514227984e-02,1.22707439515384e-11,3.73266502603457e-05,1.00299872764994e-05,2.10009922870615e-06,1.90404496517624e-05,5.36765174537427e-03,5.20308907667326e-05,,,World_5,,8215700
2005,Honduras,HND,5.37804496056555e-07,3.23628714009715e-03,5.26854752094917e-11,5.66786111697012e-06,6.66009865125539e-06,3.1387847228915e-06,3.48829224202159e-06,1.12336468940193e-03,1.08586338141081e-05,LACC_2,,World_9,,7478355
2009,Philippines,PHL,2.9184953957829e-07,2.60797436745652e-03,2.73359530254285e-11,4.64373177741251e-06,3.60467509181352e-06,1.7325470957426e-06,3.70740355815366e-06,4.70444651437547e-04,1.12324834838998e-05,,,World_8,EAP_5,9.438425e+07
2002,Luxembourg,LUX,2.22403491654644e-06,3.92915944164137e-02,3.44209967545681e-11,8.52143715661102e-05,1.96156803254427e-05,7.44532859994666e-06,4.3860855043004e-05,6.27193205835562e-03,6.44862109361042e-05,,,World_5,,446175
2020,Libya,LBY,4.43532679728942e-07,1.06595529439792e-02,4.18804639917516e-12,3.20998338224934e-05,3.5474722077982e-06,5.57241040183711e-07,1.80723882897881e-05,8.57694271325241e-03,2.28265906562313e-04,,,World_6,,7045399
2008,Argentina,ARG,4.30069941086128e-07,8.52361053186912e-03,1.75933371978471e-11,1.12072098332748e-05,4.21178850930991e-06,1.68386342274172e-06,1.0280520347972e-05,1.14413930033718e-03,5.68403077465803e-06,LACC_1,,World_5,,4.042415e+07
2009,Singapore,SGP,2.32263987641332e-06,2.28674823571324e-02,3.73739918884465e-11,5.86281546772248e-05,2.30037833625882e-05,6.32225729330352e-06,4.76114067781103e-05,6.09332741005667e-03,7.11164491307405e-05,,,World_5,EAP_1,4987573
2019,Estonia,EST,1.1612009036837e-06,1.87604525603027e-02,8.54726232580394e-12,5.10034753598459e-05,1.54232072436746e-05,6.97504383697524e-06,8.11073080277226e-05,1.85363013200832e-03,1.86748810989633e-05,,,World_5,,1326898
2006,Pakistan,PAK,4.00120560438583e-07,2.7245304268095e-03,1.35502492808451e-12,4.5227614338017e-06,5.03321135881947e-06,2.49992075888817e-06,5.06570928012067e-06,8.69444890853558e-03,3.14096143088526e-04,,,World_1,,1.796827e+08
2013,Syria,SYR,6.88797410320781e-08,2.35455867232028e-03,8.64044424175886e-12,3.92168128062998e-06,7.21218564718338e-07,3.6373201295503e-07,7.05555617025206e-06,2.09230058352836e-02,2.32556630461166e-04,,,World_6,,2.166692e+07
2015,Brazil,BRA,7.59541535628149e-07,8.3118189643254e-03,3.60542341569851e-11,1.29821022143829e-05,8.64090022689926e-06,3.78021831317921e-06,7.98975044732357e-06,5.42907138793899e-04,4.07630014346544e-06,LACC_2,,World_9,,2.016755e+08
2012,Kyrgyzstan,KGZ,9.95669260686312e-08,3.3534949563371e-03,1.50862865735638e-11,4.22743988780908e-06,1.92348731489568e-06,9.55445568328246e-08,4.95078938317349e-06,4.72115741510068e-03,6.81757150894558e-05,,,World_3,,5652076
2010,Angola,AGO,4.7697389321442e-07,3.75746358403845e-03,2.23200477157889e-11,4.2231900625444e-06,6.59843450458304e-06,3.00383889369358e-06,4.29562839254643e-06,2.70550885823813e-03,2.51246073416288e-05,,SSA_1,World_4,,2.329482e+07
2009,CSSR/Czech Republic (1990/1991),CZE,9.19988184555221e-07,1.45635679156083e-02,6.50047521685169e-12,2.89685210683338e-05,1.0360288576379e-05,3.19460616047686e-06,2.06815733077101e-05,1.37027808840977e-03,1.41144209483242e-05,,,World_5,,1.044394e+07
2019,Slovenia,SVN,8.40237043058694e-07,1.27072449281374e-02,8.3718907127057e-12,1.61667936947561e-05,1.15683790538267e-05,4.50342711124079e-06,1.33401467572829e-05,3.8865818408844e-03,3.93078526364707e-05,,,World_5,,2088385
2018,Cameroon,CMR,4.82119127339535e-07,2.61115740459661e-03,1.42466667279402e-11,2.7994704131402e-06,8.16347376397386e-06,3.38695972740921e-06,1.51246286470128e-06,3.25363513072825e-04,2.81158552684199e-06,,SSA_2,World_7,,2.480638e+07
2012,Dominican Republic,DOM,4.60052337228959e-07,4.46645964323734e-03,6.08180452966789e-11,1.53740278395684e-05,5.16783195131485e-06,1.6745554680298e-06,1.15244481145401e-05,2.24965440702439e-03,5.08758752550809e-05,LACC_2,,World_9,,1.007041e+07
2008,Switzerland,CHE,1.21501683443967e-06,1.95227350781326e-02,1.25759177899157e-11,4.91975731999395e-05,1.08204142413606e-05,2.80033352328425e-06,3.70008046095935e-05,4.59354086913788e-03,3.46813800812657e-05,,,World_5,,7647675
2006,Central African Republic,CAF,2.97840320969559e-07,2.09080768650581e-03,8.4162261424698e-12,1.34039299890639e-06,4.83173174718115e-06,2.1288437035512e-06,7.20217989164833e-07,3.68997521530819e-04,2.52280443813469e-06,,SSA_1,World_4,,4377579
2015,United States of America,USA,9.77537266521233e-07,2.29706982096732e-02,1.32379155442779e-11,4.22527507924169e-05,1.0681726417503e-05,2.89639061365201e-06,3.44908292465798e-05,4.80749605963553e-03,4.61274453079845e-05,,,World_5,,3.20739e+08
2013,Ukraine,UKR,2.14238708841841e-07,6.8426819176577e-03,5.19954817178329e-12,1.17060898741606e-05,3.04975914536908e-06,9.11299734602212e-07,1.55799939543491e-05,1.38023705889936e-03,1.17315665480938e-05,,,World_2,,4.612677e+07
2015,Sierra Leone,SLE,6.4028666852112e-07,2.29691963753587e-03,2.00733017430415e-11,2.14234109738491e-06,1.02219068319185e-05,4.07394616958356e-06,1.19481658894128e-06,2.60261404500959e-04,4.60739756147318e-06,,SSA_2,World_7,,7037655
2019,Denmark,DNK,1.00759945829114e-06,1.89750618176658e-02,9.95515930186602e-12,3.27437823030461e-05,1.0852795107575e-05,3.91183587624925e-06,1.74387496517592e-05,3.14447940157022e-03,3.03145250885957e-05,,,World_5,,5814422
2010,Macedonia,MKD,3.86105723550244e-07,6.67447752275063e-03,8.87903732756649e-12,1.15747879491496e-05,6.71027318601607e-06,1.84885979455845e-06,3.08413354743952e-05,1.39587808750199e-02,1.24683661961784e-04,,,World_2,,1946298
2007,China,CHN,7.53220265519808e-07,6.98078587130036e-03,4.423758796623e-12,1.34554120666809e-05,9.94273108544377e-06,1.90142817212097e-06,1.84025315167506e-05,4.46831360478385e-03,2.36368548379859e-05,,,World_6,EAP_3,1.317885e+09
2007,Thailand,THA,5.33866807304068e-07,6.4820520033148e-03,8.03875367653436e-12,1.00582333827732e-05,6.609869701382e-06,2.49856552988221e-06,9.16074354690831e-06,9.99893877138556e-04,3.19345048428913e-05,,,World_9,EAP_4,6.710239e+07
2011,Albania,ALB,3.76067982247254e-07,4.3002593167113e-03,1.86870509748963e-11,9.99919248622771e-06,4.37304325433728e-06,1.39840297067981e-06,5.80655267883911e-06,3.0339928485735e-03,1.83178867297842e-05,,,World_2,,2905195
2013,Uzbekistan,UZB,5.53813596680366e-08,4.83930903137488e-03,2.70421766346657e-12,5.42011367852138e-06,9.35196386951162e-07,1.21162792305096e-07,3.0430263523406e-06,4.75387553785317e-03,1.50212678968407e-04,,,World_6,,2.972406e+07
2012,Tajikistan,TJK,9.78232950313096e-08,2.51422481209512e-03,5.8909606812115e-12,3.42538129377654e-06,1.5126287477364e-06,1.65528531871669e-07,3.00908915521385e-06,5.90603695559945e-03,1.0834124401138e-04,,,World_6,,8014084
2016,Namibia,NAM,8.72707913415188e-07,8.35039781888306e-03,2.83189041640755e-10,2.16832437911682e-05,1.02695982531004e-05,2.26846142054956e-06,2.26994437502031e-05,1.39719741794052e-03,2.00323782158011e-05,,SSA_3,World_8,,2439213
2007,Lithuania,LTU,8.47577490290741e-07,1.21977980303696e-02,5.55451808664204e-12,2.33178703487641e-05,1.07165711574498e-05,4.05733460402093e-06,1.54902281653498e-05,2.61494032474346e-03,3.77931188811634e-05,,,World_5,,3231294
2018,Italy,ITA,5.5551076707151e-07,1.13771888262047e-02,1.34988650347563e-11,1.95870610113267e-05,6.16048416093719e-06,2.28227259077248e-06,1.08613633684374e-05,4.19555092460061e-03,3.70803321893134e-05,,,World_5,,6.042176e+07
2004,Turkey,TUR,4.68193663036198e-07,6.44013371739683e-03,1.86867295439231e-11,1.19940918310771e-05,6.10283793176471e-06,2.28220872197462e-06,1.91509536679522e-05,9.61063295571675e-03,7.27974937428347e-05,,,World_3,,6.859262e+07
2011,Cyprus,CYP,7.41172847791718e-07,1.30663964462701e-02,1.57304416387345e-11,3.57748093731895e-05,5.86818451828993e-06,9.89756372714225e-07,3.46399848213343e-05,9.31226685378236e-03,5.46068151793489e-05,,,World_5,,1146493
2013,Bulgaria,BGR,4.89051677262202e-07,7.4375600414432e-03,7.75708063153346e-12,1.30285165513876e-05,6.31661136002921e-06,2.32469468871997e-06,4.2667151429394e-05,1.67689531130151e-03,1.53264706464637e-05,,,World_2,,7265115
2016,Spain,ESP,5.19257681835497e-07,9.43211683026725e-03,2.11842497302929e-11,1.82126207669664e-05,5.48266663522662e-06,1.81040953572301e-06,1.08465741644806e-05,1.24706016754861e-02,6.14106274672952e-05,,,World_5,,4.648406e+07
2008,Ecuador,ECU,4.26684027863469e-07,4.7695751971832e-03,9.36533308419677e-11,1.37907989387265e-05,3.40753540229499e-06,9.36151178324122e-07,1.28631769098637e-05,7.26870043957456e-04,7.99386000532843e-06,LACC_2,,World_2,,1.45752e+07
2006,Singapore,SGP,2.50368526354629e-06,2.27582289877874e-02,4.08288620814479e-11,7.06080342770522e-05,2.40463940450687e-05,7.26863603227269e-06,4.7411787163998e-05,6.3472915309611e-03,7.47195342441743e-05,,,World_5,EAP_1,4401365
2021,Uzbekistan,UZB,6.43291815287328e-08,5.37247311564678e-03,3.80581804797222e-12,4.62560187656514e-06,1.16200938767879e-06,1.74538480472913e-07,3.26440585115917e-06,,,,,World_6,,3.42437e+07
2002,Saudi Arabia,SAU,1.45321141746914e-06,2.18961984164994e-02,3.11946555332681e-11,6.47710113900494e-05,8.48264233862478e-06,2.04220969975691e-06,6.99699685757971e-05,2.18479025377654e-02,6.89076105152424e-04,,,World_6,,1.791091e+07
2012,Sri Lanka,LKA,6.95667262927964e-07,3.84496123450919e-03,2.62448079170649e-11,9.8184403155059e-06,8.32430580502463e-06,3.72552419399945e-06,9.54796178959154e-06,2.96269107790287e-03,8.89924916194586e-05,,,World_3,,2.116946e+07
2006,Afghanistan,AFG,6.54770257136357e-08,1.11193908767142e-03,6.40030043884588e-12,1.0536421995139e-06,9.03914365305501e-07,3.84868308582538e-07,1.27239792487446e-06,9.6347414039563e-03,2.5356660368947e-04,,,World_1,,2.542409e+07
2006,Greece,GRC,7.72730082199518e-07,1.74869485922011e-02,2.56784197179833e-11,4.04849643867383e-05,8.07595534710668e-06,2.07970150209063e-06,4.14978541954547e-05,2.26418408957455e-02,1.1063837873108e-04,,,World_5,,1.102036e+07
2010,Zambia,ZMB,9.47863028185124e-07,2.96501749028116e-03,1.10110544516026e-11,3.11852051659002e-06,1.24905145398251e-05,5.36727306633506e-06,3.90419489691755e-06,2.44354860020661e-04,3.60955812440375e-06,,SSA_2,World_7,,1.396559e+07
2008,Mauritania,MRT,6.10647134437709e-07,4.64157464019176e-03,1.70926561484728e-11,6.8731823869181e-06,7.92342675482232e-06,3.05970900297333e-06,3.77613368071834e-06,5.38968809761076e-03,2.88651120007915e-05,,SSA_4,World_1,,3183269
2004,Germany,DEU,8.03971878318356e-07,1.83799025724303e-02,1.14662163831128e-11,3.51451171176063e-05,7.25764909888771e-06,1.90876206020614e-06,2.03170112355555e-05,3.81815568874715e-03,4.21231716069854e-05,,,World_5,,8.251626e+07
2013,Turkmenistan,TKM,2.003196984349e-07,9.14031700195289e-03,1.32261510141671e-11,1.21881939767532e-05,1.64852523989119e-06,1.73729089745253e-07,6.62628722744574e-06,1.43005709434027e-02,4.827304469162e-04,,,World_6,,5939341
2010,Mali,MLI,2.86227469954724e-07,1.70432575346603e-03,3.53244784630138e-12,1.85213897265671e-06,4.54742741946851e-06,1.82837156241631e-06,1.04742678791893e-06,1.60917595714968e-03,8.24229748157395e-06,,SSA_2,World_7,,1.59452e+07
2014,Cameroon,CMR,4.84748131489869e-07,2.58323044799785e-03,1.65993615098461e-11,3.02595641621148e-06,7.08731103721967e-06,3.24905476058248e-06,1.56940334224552e-06,8.07549807188394e-04,9.57370920951626e-06,,SSA_2,World_7,,2.205989e+07
2013,Singapore,SGP,2.61831751826035e-06,2.75494605638229e-02,3.64082046451001e-11,6.47031720326829e-05,2.71510109775769e-05,5.78927861964068e-06,5.38817183414971e-05,8.03908628342033e-03,9.56447609233898e-05,,,World_5,EAP_1,5399162
2011,Zambia,ZMB,1.04877224890163e-06,2.92846066269513e-03,1.0673520423835e-11,3.21179219995235e-06,1.42147729195523e-05,5.581199887393e-06,4.02965881744322e-06,2.52753331023759e-04,2.94420323000153e-06,,SSA_2,World_7,,1.44378e+07
2002,Philippines,PHL,3.76257032113146e-07,2.64537160417675e-03,2.92162092094222e-11,5.57192797852612e-06,4.52685831803081e-06,2.11001228969744e-06,4.48736139716864e-06,7.56048995255293e-04,1.38717649204055e-05,,,World_8,EAP_5,8.306889e+07
2005,Macedonia,MKD,3.78916390360023e-07,6.62381802064673e-03,9.70893927435799e-12,1.15930724875056e-05,6.96196668243022e-06,1.85059453480223e-06,3.48440426873831e-05,1.36289240101564e-02,1.35790847259204e-04,,,World_2,,2005330
2003,Bolivia,BOL,3.23872853132386e-07,4.83593850233122e-03,7.09540558980885e-11,5.45674175366964e-06,3.23570666598503e-06,1.67557932416969e-06,1.58718395212876e-06,3.94954398861849e-04,1.30587881805278e-06,LACC_2,,World_8,,9050700
2018,Malta,MLT,7.19822924366541e-07,1.40670534231974e-02,8.4860400637463e-12,2.71418851877734e-05,7.95026302925547e-06,1.2366788654616e-06,2.41718570145185e-05,4.46214710240693e-03,3.86937635570891e-05,,,World_5,,484630
2003,Finland,FIN,1.83503466426491e-06,2.70566364627824e-02,8.36038798939166e-12,6.42747988179399e-05,1.55843658859111e-05,6.21231738987707e-06,4.87094585626923e-05,2.08967159760014e-03,2.19120617103184e-05,,,World_5,,5213014
2011,Yugoslavia/Serbia (1991/1992),SRB,2.28123214702944e-07,2.07058979636213e-03,8.66521465637979e-12,8.75624269194893e-06,1.72539023259164e-06,4.3782495063387e-07,4.68940957866509e-06,1.67247215129363e-03,1.17893901468393e-05,,,World_2,,7236519
2013,Lebanon,LBN,4.28506382041968e-07,8.19127993816576e-03,1.33960160967547e-11,3.05578408547518e-05,5.33799693181493e-06,1.0538477259502e-06,3.58108137606116e-05,1.0993536806209e-02,1.0002387388672e-04,,,World_3,,5743436
2005,Somalia,SOM,7.73103877678327e-07,3.93375110299002e-03,4.51881719270308e-11,2.02079176903992e-06,1.17085448374905e-05,5.053851005915e-06,7.51611083906846e-07,1.53296993902382e-03,1.21813818720627e-05,,SSA_1,World_4,,1.064423e+07
2007,Luxembourg,LUX,2.26051429729077e-06,4.26049538953483e-02,2.13171816817806e-11,8.79207947310034e-05,1.92316371998495e-05,4.33628992389547e-06,4.62192923157963e-05,6.77795311913213e-03,6.46702978833862e-05,,,World_5,,479993
2011,Sierra Leone,SLE,6.66454762666308e-07,2.25403356635855e-03,2.18720313911921e-11,2.24924301808332e-06,1.05714674553438e-05,4.25199407867788e-06,1.44354672812155e-06,5.3344037172302e-04,1.22756274076654e-05,,SSA_2,World_7,,6387251
2011,Djibouti,DJI,6.38995501357156e-07,4.4144691506963e-03,2.0569467231862e-11,8.34211917725944e-06,8.17037247032831e-06,2.65143704745113e-06,6.58051193096123e-06,4.53522435882833e-03,7.59117681652389e-05,,,World_1,,948558
2005,Costa Rica,CRI,6.58758898931269e-07,4.72452262487832e-03,6.69431956374769e-11,1.1943305536987e-05,5.30637231760417e-06,2.37145326867428e-06,6.75614275243589e-06,3.71878839006693e-03,2.77001516883499e-05,LACC_1,,World_5,,4261240
2012,Morocco,MAR,1.94501445340733e-07,3.20754022394541e-03,7.29124325617981e-12,5.3193339948838e-06,3.06466114848462e-06,9.19256023857745e-07,1.07536947914538e-05,9.38344637368171e-03,5.29210013925824e-05,,,World_3,,3.335524e+07
2011,Portugal,PRT,5.44770337032022e-07,1.00689642070249e-02,1.82258194573206e-11,1.68773085327322e-05,6.30929759404563e-06,2.75861799438166e-06,1.12030815019782e-05,9.30044003648553e-03,4.27193712712204e-05,,,World_5,,1.055756e+07
2014,Viet Nam,VNM,5.33474148054439e-07,4.21976949178556e-03,5.1230384744207e-12,6.72416625903114e-06,7.35837097395847e-06,2.82574827737699e-06,6.56378443300078e-06,7.75290276298874e-04,9.74891919959271e-06,,,World_3,EAP_4,9.167958e+07
2014,Zambia,ZMB,1.00660868365501e-06,3.29420807995691e-03,1.08497288319287e-11,4.11547271207717e-06,1.30413282655387e-05,5.47162089142136e-06,5.07290059731555e-06,2.55517387323572e-04,3.25513424256394e-06,,SSA_2,World_7,,1.589532e+07
2014,Burkina Faso,BFA,4.99144904111168e-07,2.01962322485205e-03,2.34634782725277e-12,2.09943063394267e-06,7.44882622857024e-06,3.4641905215233e-06,1.14173787430906e-06,3.9684780966182e-04,4.8298566191961e-06,,SSA_2,World_7,,1.822946e+07
2016,Cuba,CUB,4.26313541014596e-07,4.84638858309471e-03,1.09620423792288e-10,1.02534901736791e-05,3.88983105955537e-06,1.74202735410083e-06,2.71490111803556e-05,1.50820015447084e-03,3.18137399937184e-05,LACC_2,,World_3,,1.126561e+07
2017,United States of America,USA,9.21406041147989e-07,2.28438179516374e-02,1.33947474898826e-11,4.04508386396653e-05,1.03582786670999e-05,2.79498808191562e-06,3.24889476648217e-05,5.16389447863952e-03,4.82298218105756e-05,,,World_5,,3.251221e+08
2007,Yemen Arab Republic/Yemen (1990/1991),YEM,9.99732972966865e-08,2.65934740229599e-03,1.0420995006215e-11,4.74023219015784e-06,1.20975049763563e-06,3.79181932461029e-07,5.92859086616954e-06,7.16242879641034e-03,1.52099847164307e-04,,,World_1,,2.431808e+07
2021,Qatar,QAT,1.65310222236842e-06,4.77217151732018e-02,3.49942121382623e-11,6.75742385695207e-05,1.89286755829039e-05,4.10779066185683e-06,3.58693048405987e-05,,,,,World_6,,2504910
2006,Moldova,MDA,1.97140041202095e-07,5.3871795128578e-03,2.68283828061774e-12,1.13088376559887e-05,2.33970494079207e-06,6.68386285271143e-07,6.71050679672565e-06,6.05481768320842e-04,7.4364835812421e-06,,,World_2,,2880967
2008,Colombia,COL,3.81651328173245e-07,4.56200209974687e-03,1.02538544352313e-10,8.55674522390301e-06,4.16926637568016e-06,1.57452809459068e-06,4.44098198388583e-06,5.69609164582664e-04,6.27399983988442e-06,LACC_2,,World_9,,4.375881e+07
2013,Viet Nam,VNM,5.32205493561759e-07,4.12243263341283e-03,4.90790087471031e-12,6.41039838736951e-06,7.1962711658572e-06,2.87239760646001e-06,5.94713998549358e-06,7.69980619179929e-04,9.30589323302494e-06,,,World_3,EAP_4,9.05731e+07
2016,Laos,LAO,7.46280259018054e-07,5.64957173653526e-03,2.30709685393423e-11,6.8068589770267e-06,1.13548512614604e-05,4.72733298445856e-06,7.77430309438529e-06,3.62191505236354e-04,6.22841437592423e-06,,,World_1,EAP_2,6908802
2019,New Zealand,NZL,1.27559677198906e-06,1.72181637184638e-02,4.83647721205063e-11,3.29013383629408e-05,1.06475362367788e-05,3.42649603637384e-06,1.88587738831238e-05,6.21366677190659e-03,6.32872714481877e-05,,,World_5,EAP_1,4979200
2010,Niger,NER,2.80734278271478e-07,1.78674454705511e-03,3.57935108311599e-12,1.7585782638049e-06,3.95278524696617e-06,1.93905470584341e-06,7.37219020897562e-07,5.79978144573013e-04,7.54573745875114e-06,,SSA_2,World_7,,1.654884e+07
2018,Thailand,THA,5.17452486383378e-07,7.50516043964788e-03,7.55863295458292e-12,1.19493880836434e-05,6.38212655963603e-06,2.33008754544063e-06,8.34465677726416e-06,1.0947073737416e-03,2.097649157152e-05,,,World_9,EAP_4,7.137608e+07
2003,Belgium,BEL,1.2349772872196e-06,2.08797410519898e-02,1.96479923585008e-11,4.59365790974108e-05,1.06164580116427e-05,3.13112285953404e-06,2.55656661332673e-05,5.52537256557357e-03,7.47114969887025e-05,,,World_5,,1.037613e+07
2002,France,FRA,6.9664123818051e-07,1.25977504285682e-02,1.31434984227472e-11,2.60375696796392e-05,7.38909061628492e-06,2.4589683229147e-06,1.61898157811787e-05,3.60680081429533e-03,3.41581192856413e-05,,,World_5,,6.181214e+07
2015,Austria,AUT,8.92598487041796e-07,1.65010649218358e-02,1.12286967360503e-11,3.32663225064305e-05,7.78947629685078e-06,1.99012305045125e-06,1.66228534947894e-05,1.9406724099537e-03,1.82279286405299e-05,,,World_5,,8642699
2009,Gabon,GAB,2.11555141952998e-06,1.74753305987793e-02,5.23182259626598e-11,1.75477735008177e-05,3.44187188130213e-05,1.65547724236582e-05,1.01491956770857e-05,1.24951180615996e-03,1.44603593656591e-05,,SSA_3,World_8,,1661556
2021,Cyprus,CYP,6.79487107106239e-07,1.15947764791142e-02,1.36322813830377e-11,3.11194979209505e-05,6.05502458065597e-06,1.13647883334905e-06,2.54855979166978e-05,,,,,World_5,,1317309
2019,China,CHN,7.71079098240101e-07,1.04749967904118e-02,5.99909272245124e-12,1.64160733895822e-05,1.00252545033364e-05,1.4842208330952e-06,1.91343104868536e-05,5.91073291829444e-03,3.37048900955186e-05,,,World_6,EAP_3,1.407745e+09
2002,Pakistan,PAK,4.11641265992303e-07,2.48820373881968e-03,1.15065150837412e-12,4.26492730556254e-06,4.90504045307826e-06,2.50067717651163e-06,4.62483404724717e-06,7.81170814913803e-03,2.75067467224589e-04,,,World_1,,1.632225e+08
2007,Colombia,COL,4.06531513395503e-07,4.62760399774389e-03,1.0395396733248e-10,8.80966027464063e-06,4.27752796923131e-06,1.6689638834116e-06,4.37607928308471e-06,6.81753539087293e-04,7.45237846116037e-06,LACC_2,,World_9,,4.323538e+07
2019,Uruguay,URY,1.48182029883416e-06,9.75737618775803e-03,1.36157366118636e-11,1.71029920268679e-05,1.17910221144294e-05,5.94670880392746e-06,1.23560802763196e-05,1.18303221884323e-03,8.84567995372774e-06,LACC_1,,World_5,,3397206
2008,United Kingdom,GBR,8.74124901542259e-07,1.49242372840271e-02,8.35393273413243e-12,3.81350258590172e-05,7.12007281694598e-06,1.6801474950946e-06,1.82616117904921e-05,4.3475637443537e-03,4.47774298606324e-05,,,World_5,,6.1807e+07
2018,Tajikistan,TJK,1.07308109654848e-07,2.41881855280599e-03,4.76060284702379e-12,3.97667244932936e-06,1.71893931638522e-06,1.25992408672813e-07,4.74773035692701e-06,6.23069559219056e-03,1.03295822832488e-04,,,World_6,,9307333
2019,Albania,ALB,3.3701514733814e-07,4.34069126615149e-03,2.02334232424794e-11,9.85528669427449e-06,3.89859205218463e-06,1.18074403188286e-06,5.2166292567454e-06,2.63368653279265e-03,1.43293848023138e-05,,,World_2,,2854191
2010,Somalia,SOM,8.47025965523935e-07,3.63364439415418e-03,3.92633819504241e-11,1.8639136865845e-06,1.28699087886506e-05,5.45773969064042e-06,7.53248455432026e-07,9.4052131910246e-04,5.95056656458205e-06,,SSA_1,World_4,,1.226176e+07
2019,Ukraine,UKR,2.22807855137266e-07,5.57022750674447e-03,4.98003199053932e-12,9.80096287922844e-06,3.27574446214657e-06,1.14229029512984e-06,1.33625203886041e-05,1.57523203295285e-03,1.37359697823194e-05,,,World_2,,4.495746e+07
2002,Qatar,QAT,2.02027897765633e-06,7.21073058852036e-02,3.41963952072972e-11,9.97118480500584e-05,1.50347611101396e-05,3.91766703725495e-06,3.83254358837206e-05,4.63621365982094e-02,1.02664674691915e-03,,,World_6,,711205
2004,Japan,JPN,9.25699748288727e-07,1.61820732161837e-02,1.51259894214167e-11,4.06066399740624e-05,8.03496155347352e-06,1.65236119792001e-06,2.5346556796597e-05,3.52849855508557e-03,3.48040949766293e-05,,,World_5,EAP_1,1.27761e+08
2003,"Cote d'Ivoire",CIV,3.64438903429616e-07,1.9631804704125e-03,1.77360168746963e-11,1.87503275875479e-06,6.02566303701657e-06,2.14893014859057e-06,1.30407570142575e-06,1.1590903370615e-03,1.27384810346479e-05,,SSA_2,World_7,,1.912554e+07
2007,Gambia,GMB,3.50110782501957e-07,1.5808870265461e-03,2.81822372168628e-12,2.40210420286144e-06,4.8947302937791e-06,1.99238880563561e-06,1.713244697275e-06,1.06069652977114e-03,1.8908857948861e-05,,SSA_2,World_7,,1765774
2013,Estonia,EST,1.14962492531275e-06,2.09354031779161e-02,6.13818805073306e-12,4.90081945003957e-05,1.45173074673533e-05,6.15706876706713e-06,7.43044593765166e-05,1.75917404435182e-03,2.19474912030851e-05,,,World_5,,1317997
2010,Haiti,HTI,7.95574135773658e-07,2.99139906000432e-03,5.65140823539228e-11,3.89788718819404e-06,1.09135358931244e-05,3.52660089918973e-06,2.47348524428633e-06,1.16257007535159e-03,2.33291046436414e-05,LACC_3,,World_1,,9803294
2005,Ecuador,ECU,4.15984832120439e-07,4.98165114005225e-03,1.01802121254036e-10,1.47207261484945e-05,3.3847780831704e-06,1.03971235786223e-06,1.17129819533201e-05,7.07200183696147e-04,6.74806688344143e-06,LACC_2,,World_2,,1.384616e+07
2014,Belgium,BEL,1.10810277138507e-06,2.01164053744443e-02,1.41874553770173e-11,3.48779294212927e-05,1.13719051942801e-05,3.51642555797801e-06,2.22134886275435e-05,4.84849759867976e-03,5.70599554558772e-05,,,World_5,,1.120906e+07
2002,Indonesia,IDN,5.81980054009087e-07,3.49941212658865e-03,2.461145546498e-11,6.21560125280258e-06,7.57456880818969e-06,3.4501276601202e-06,5.91255034265219e-06,1.57148947015742e-03,7.32822863649777e-06,,,World_8,EAP_5,2.220885e+08
2015,Germany,DEU,6.82959632817895e-07,1.60981336210492e-02,8.80453698104882e-12,2.47843436984786e-05,7.09555427960081e-06,1.88153843448799e-06,1.52940815915002e-05,3.1166690206586e-03,3.01154393645121e-05,,,World_5,,8.168661e+07
2004,Gambia,GMB,3.48755477404851e-07,1.57633731284353e-03,2.93628002293893e-12,2.37078931768937e-06,4.84955576160928e-06,2.06357128101615e-06,1.73665080409061e-06,1.2052205103715e-03,2.45141979744258e-05,,SSA_2,World_7,,1621312
2020,Brazil,BRA,6.5732998426898e-07,7.57199708547811e-03,3.43654399550274e-11,1.00389904337811e-05,8.20997164665793e-06,3.4176928331039e-06,6.23096764213515e-06,4.39107390054065e-04,2.73074401871195e-06,LACC_2,,World_9,,2.086608e+08
2004,Oman,OMN,7.27098034586761e-07,2.09236588086507e-02,1.50584065366645e-11,2.72965733313227e-05,6.43468908838546e-06,1.74809323364103e-06,2.51991839887456e-05,2.85378657048487e-02,6.81768629242201e-04,,,World_6,,2404821
2017,Rwanda,RWA,4.33966149782404e-07,1.45079007328113e-03,8.420586607117e-12,1.61195759039387e-06,6.9120707191761e-06,2.4066890707357e-06,9.7241979564217e-07,1.92325889709262e-03,4.95623686763499e-06,,SSA_4,World_7,,1.220206e+07
2002,Sierra Leone,SLE,7.42119210179089e-07,2.27852328449566e-03,2.2443656028803e-11,1.97483570371829e-06,1.16887801131515e-05,4.97792107590305e-06,1.12809906499953e-06,5.47727215038368e-04,7.66380909718886e-06,,SSA_2,World_7,,4971435
2014,Madagascar,MDG,4.56844460710966e-07,2.00314298961905e-03,2.62108627714127e-10,1.59854979208265e-06,6.89269567588466e-06,2.80007418532032e-06,1.42144558119431e-06,7.18232814267583e-04,1.04491787900576e-05,,SSA_2,World_7,,2.476435e+07
2004,United Kingdom,GBR,1.00850329779621e-06,1.6275558646925e-02,1.11983763692636e-11,4.78796934517854e-05,7.72409785863998e-06,1.80385460755483e-06,2.11875752256542e-05,4.61281552725329e-03,5.13452717425085e-05,,,World_5,,5.99879e+07
2020,Finland,FIN,1.51568467834379e-06,2.22703566022812e-02,6.06516254767886e-12,3.92335052202455e-05,1.39489828582574e-05,6.78253561480587e-06,3.20307511848542e-05,1.50395049513557e-03,1.32742950284906e-05,,,World_5,,5529543
2010,Denmark,DNK,1.37663886513028e-06,2.00909385392898e-02,1.08473338602782e-11,4.48482798489883e-05,1.27384519763251e-05,3.84204249945691e-06,2.59231299022477e-05,3.73934742180972e-03,3.9368343578377e-05,,,World_5,,5547683
2021,El Salvador,SLV,3.53372173326866e-07,4.34870567682566e-03,3.46290998517033e-11,1.53367820277646e-05,4.13159095726395e-06,1.70910645013834e-06,1.04847087452326e-05,,,LACC_2,,World_9,,6255782
2021,Australia,AUS,1.21560504217828e-06,2.22066492689102e-02,4.57586156263396e-11,5.15942370031604e-05,1.1363936552861e-05,3.46506063345573e-06,3.74428929742457e-05,,,,,World_5,EAP_1,2.568541e+07
2016,Armenia,ARM,2.43463416911421e-07,5.13796677033412e-03,1.38115922172995e-11,7.32611526632076e-06,3.11571940703246e-06,1.45913978989758e-06,2.91824543471254e-06,5.83885108310721e-03,7.46262513540534e-05,,,World_2,,2992300
2017,Guinea,GIN,7.31965906886726e-07,3.55367068330455e-03,1.52431483347261e-11,3.19694493529461e-06,1.19092154105467e-05,5.00166047074317e-06,1.95629388487823e-06,1.07710035093432e-03,9.18396398833918e-06,,SSA_1,World_4,,1.238566e+07
2006,Norway,NOR,1.49005714489637e-06,2.09824300903681e-02,1.18207827634318e-11,5.82737758994481e-05,1.40774833976622e-05,4.3574171695898e-06,3.15478714553592e-05,3.74141022459883e-03,3.45557989522614e-05,,,World_5,,4660677
2002,Iceland,ISL,1.28841874733796e-06,1.98565669849678e-02,1.83173115818674e-11,5.38355896204203e-05,1.1124238769075e-05,1.91057899846314e-06,3.59211080538186e-05,3.0880447984155e-03,3.14368308145957e-05,,,World_5,,287523
2013,Cuba,CUB,3.57767281945759e-07,4.69698856763271e-03,1.00542999028584e-10,9.22535847998866e-06,3.58052280494056e-06,1.60638847137197e-06,2.6289254447531e-05,1.3434117856536e-03,2.60548405655015e-05,LACC_2,,World_3,,1.129817e+07
2006,Ireland,IRL,1.25762294656489e-06,2.78334113997479e-02,1.08042211012606e-11,5.40905913932576e-05,1.19705776499262e-05,1.89159695542504e-06,3.42461992397054e-05,2.84255667445436e-03,2.96123312452113e-05,,,World_5,,4273591
2017,Spain,ESP,5.34248981938924e-07,9.70050489639855e-03,2.08887123579932e-11,1.87018036274453e-05,5.56063333149859e-06,1.87762347307812e-06,1.118462018417e-05,1.22889539493887e-02,6.12068120189596e-05,,,World_5,,4.659324e+07
2002,Mali,MLI,2.90007458241355e-07,1.58963099844987e-03,4.39765787553563e-12,1.2181025082191e-06,4.56458799443418e-06,1.96617179668659e-06,7.15043252522005e-07,1.22297827099132e-03,6.41310085459022e-06,,SSA_2,World_7,,1.228805e+07
2009,Zambia,ZMB,1.01894962911311e-06,2.89242302714493e-03,1.07072365611751e-11,2.81384973061648e-06,1.38521866329485e-05,5.61256387744622e-06,3.53701848598418e-06,1.79016491990038e-04,2.10051835806716e-06,,SSA_2,World_7,,1.349039e+07
2005,Greece,GRC,7.40823785492606e-07,1.69433511879521e-02,2.72795826092525e-11,4.17178887357169e-05,7.59550344471429e-06,1.98165995351626e-06,4.13126805196231e-05,2.34448514313545e-02,1.07515598299633e-04,,,World_5,,1.098731e+07
2003,Netherlands,NLD,1.27010523637735e-06,2.14406594362732e-02,1.93923502844738e-11,4.7763283338565e-05,1.20719426658891e-05,3.56142611787574e-06,2.80988254919554e-05,6.26255479968428e-03,6.64218249573321e-05,,,World_5,,1.62253e+07
2021,North Korea,PRK,2.99755931438216e-09,3.96305766426816e-04,1.31228682128044e-13,6.3625004381024e-08,9.07962687997557e-09,1.173990223038e-22,4.48184625134644e-09,,,,,World_6,EAP_3,2.623253e+07
2014,Germany,DEU,7.75456758105316e-07,1.66641201615328e-02,9.44948864223607e-12,2.81487026692115e-05,7.62990216331354e-06,1.92792782489312e-06,1.72313701147579e-05,3.39256061385155e-03,3.38513963130717e-05,,,World_5,,8.09825e+07
2021,Germany,DEU,6.71200344583608e-07,1.48622999429341e-02,7.15973638564955e-12,2.48881220417601e-05,7.07950476491092e-06,1.84190438318999e-06,1.4600958831704e-05,,,,,World_5,,8.319608e+07
2003,Sierra Leone,SLE,7.1722710157142e-07,2.22764696073109e-03,2.38742861849214e-11,1.8994939807974e-06,1.13176011186657e-05,4.80185699172225e-06,1.09086581087348e-06,4.85127762018349e-04,6.83506416493759e-06,,SSA_2,World_7,,5177687
2004,Armenia,ARM,7.63474627328769e-08,2.8118342787864e-03,1.28122789450572e-11,5.16047278381083e-06,1.0295028392248e-06,3.56016881858887e-07,2.25373528758699e-06,9.1676305131335e-03,8.90238327952899e-05,,,World_2,,3164900
2019,Turkey,TUR,3.79045402443487e-07,8.07633635729117e-03,1.64878494392113e-11,1.2110870023985e-05,5.24486841006213e-06,1.58854634767241e-06,2.1218845849356e-05,6.94461646266633e-03,6.61089683722313e-05,,,World_3,,8.257944e+07
2002,Jordan,JOR,2.74696759905672e-07,5.29198022078227e-03,6.84954989658626e-12,1.14402105242734e-05,2.18454203668219e-06,6.66196960550759e-07,1.67414978012497e-05,9.77239572050024e-03,1.22370556640619e-04,,,World_3,,5616066
2004,Israel,ISR,8.32733728807252e-07,1.62120821243907e-02,1.39928701283425e-11,4.60165136417804e-05,1.09387340409937e-05,2.38393274975455e-06,3.8506551817378e-05,8.55408565368979e-03,9.7369436081927e-05,,,World_5,,6809000
2005,Oman,OMN,6.31370621843526e-07,1.78349318194253e-02,1.25051877264163e-11,2.24455982118313e-05,6.04590350198207e-06,1.49877186693769e-06,2.31896608377086e-05,1.83532892922277e-02,4.77300546171741e-04,,,World_6,,2459802
2011,Finland,FIN,1.6772174241521e-06,2.51508233054237e-02,7.6884464349673e-12,5.23226643452456e-05,1.54953260324291e-05,6.23381827076926e-06,3.96248754889848e-05,2.63891386231985e-03,2.67626565890261e-05,,,World_5,,5388272
2005,Nepal,NPL,6.82959376214341e-07,2.97891749247616e-03,7.40287801995986e-12,2.01409538566928e-06,9.70336565509134e-06,5.00365541583445e-06,1.28916717318097e-06,9.35012400184789e-04,9.5314653574686e-06,,,World_7,,2.630946e+07
2010,Syria,SYR,1.58926054670221e-07,3.87892623003907e-03,9.44985124614432e-12,7.41851587023056e-06,1.41843686993385e-06,4.67043435608845e-07,1.05861274524287e-05,2.90543787439205e-02,3.26072245918166e-04,,,World_6,,2.248242e+07
2012,Iran,IRN,3.5387980102003e-07,1.02831895142296e-02,9.54372281667742e-12,2.0662055974572e-05,3.89003483066884e-06,7.27311786376036e-07,1.90186304947132e-05,2.55942334315188e-02,3.06817804293238e-04,,,World_6,,7.937058e+07
2017,Estonia,EST,1.20103712996556e-06,2.12562255420628e-02,1.0368755148363e-11,4.63398108741403e-05,1.55547205844496e-05,6.85098763243747e-06,6.61577568929056e-05,2.11859024201968e-03,2.11870533198909e-05,,,World_5,,1317384
2009,Kazakhstan,KAZ,6.42332163731216e-07,1.45581370378101e-02,3.04651099729896e-11,2.713100122489e-05,1.01667069557729e-05,1.06115345308487e-06,4.14772629494593e-05,7.42313764153976e-03,1.16777386476312e-04,,,World_3,,1.661985e+07
2003,Viet Nam,VNM,5.28596250251258e-07,3.39385561762692e-03,5.94605095694606e-12,4.99062617934494e-06,6.74528131457821e-06,3.0763659638115e-06,4.15345977946469e-06,7.69161106907466e-04,9.36138169674528e-06,,,World_3,EAP_4,7.956378e+07
2014,Chad,TCD,4.51164707425044e-07,4.84724572901025e-03,4.78568552487057e-12,2.04606690653653e-06,7.18916087223693e-06,2.90727868091923e-06,7.54161302440509e-07,2.68160607289298e-04,1.37885416668311e-06,,SSA_1,World_4,,1.418868e+07
2008,France,FRA,8.75988797127969e-07,1.37052415173622e-02,1.21577284291194e-11,2.95236847957121e-05,8.43806193208766e-06,2.55213193486864e-06,1.64925876914457e-05,3.88204060874924e-03,3.57832800139919e-05,,,World_5,,6.437512e+07
2018,Liberia,LBR,1.19916392051453e-06,3.55743951525199e-03,3.33442981323546e-11,3.20011058597138e-06,1.92989967921628e-05,8.60183297351702e-06,1.96644875197678e-06,1.54368223856986e-04,1.62506082218514e-06,,SSA_2,World_7,,4944726
2021,Canada,CAN,9.84535574259446e-07,2.05082359422046e-02,6.47602957119424e-12,3.69062550116554e-05,1.07416303499616e-05,3.4436921028607e-06,2.16559877420094e-05,,,,,World_5,,3.823986e+07
2010,Sierra Leone,SLE,6.37635880859233e-07,2.07115705807212e-03,2.20980293766421e-11,1.53555612733021e-06,1.01394541250648e-05,4.25909661597907e-06,8.70075279222653e-07,3.04735603644778e-04,5.93726235079425e-06,,SSA_2,World_7,,6222714
2006,Israel,ISR,7.73883783052243e-07,1.5938024600125e-02,1.33783344512808e-11,4.15823736562807e-05,1.04862715368202e-05,2.07327350184262e-06,3.5332752468367e-05,8.11044814493202e-03,8.77499122124926e-05,,,World_5,,7053700
2004,Bahrain,BHR,8.44107316119193e-07,2.40509028439996e-02,2.41050574756124e-11,3.54261021323865e-05,1.08022279294098e-05,3.02338730050092e-06,1.79883036822198e-05,3.27789548290767e-02,8.16314304248151e-04,,,World_6,,823741
2013,Brazil,BRA,8.78583991141304e-07,9.18970771297063e-03,3.91168104070124e-11,1.52229842680699e-05,9.55977150279952e-06,4.09526235621994e-06,9.06403173214756e-06,6.15354083819585e-04,4.1500378765641e-06,LACC_2,,World_9,,1.984783e+08
2017,Denmark,DNK,1.04499419339402e-06,1.94388015373923e-02,1.09186324464998e-11,3.56192898228629e-05,1.09810553041948e-05,3.87632239871581e-06,1.78547727016222e-05,2.88736841673478e-03,3.04148527950083e-05,,,World_5,,5764980
2015,Laos,LAO,7.74230975392835e-07,5.34692420573244e-03,2.28872868640567e-11,6.42892365140483e-06,1.12799275977814e-05,4.94107398629477e-06,6.15653484428499e-06,3.82814742026611e-04,6.53643429305803e-06,,,World_1,EAP_2,6801645
2006,Hungary,HUN,5.92535056623955e-07,1.05398875049277e-02,4.50345921735374e-12,2.13383383422886e-05,7.28141472104948e-06,2.4512233500112e-06,1.61842307342139e-05,1.18607178784773e-03,1.49066302225776e-05,,,World_5,,1.007137e+07
2012,Poland,POL,6.12110549991929e-07,1.1710341969929e-02,4.46489071974138e-12,1.5965155979675e-05,9.14220533909785e-06,2.30491932546601e-06,2.10602391568379e-05,9.66802642572286e-04,1.65449511302254e-05,,,World_5,,3.806316e+07
2005,Ireland,IRL,1.18798614934015e-06,2.70783358193996e-02,1.06362794578717e-11,5.20670081232285e-05,1.15189880674409e-05,1.79562961358953e-06,3.46339151550417e-05,2.6539513246545e-03,2.71665749944117e-05,,,World_5,,4159914
2010,Namibia,NAM,8.67009901433024e-07,7.2303022805538e-03,3.23386180786681e-10,1.95879952670499e-05,1.00275723756594e-05,2.19517568628526e-06,1.83949619962216e-05,1.23491036650122e-03,1.47755259070217e-05,,SSA_3,World_8,,2109811
2008,Kuwait,KWT,1.65711667515244e-06,3.89692895393904e-02,4.06583994275409e-11,5.53135451766087e-05,1.67083484686716e-05,4.0434788005881e-06,5.61908401212361e-05,4.8262623478755e-02,6.71230075301489e-04,,,World_3,,2651421
2011,Lithuania,LTU,8.32340903708716e-07,1.18791641298109e-02,5.86441760990194e-12,2.20409102851159e-05,1.09372343864469e-05,4.30712279911252e-06,1.68815325469083e-05,3.18038040069326e-03,4.22218819049415e-05,,,World_5,,3028115
2002,Bahrain,BHR,8.341631353328e-07,2.8024148247827e-02,2.710494194642e-11,3.95616057522466e-05,1.01558517602753e-05,2.79421102323157e-06,1.80743020983354e-05,2.05789044420392e-02,4.70986987535263e-04,,,World_6,,710553
2014,Lebanon,LBN,3.96963282673797e-07,8.04690950551258e-03,1.4192780314671e-11,3.29000210559794e-05,4.98282290875295e-06,1.05351100013813e-06,4.01965806747178e-05,9.10553063736275e-03,7.89895235896118e-05,,,World_3,,6346990
2010,Azerbaijan,AZE,1.35897382881452e-07,5.1782204115363e-03,1.43413128407831e-11,8.91525029999999e-06,1.58694214867857e-06,4.19749854210514e-07,2.60304366492874e-06,1.05817509938582e-02,1.23211095754799e-04,,,World_6,,9054332
2010,DR Congo,COD,5.32182193533484e-07,1.63500687248162e-03,1.09739315195669e-11,1.31343841550739e-06,6.85819026213638e-06,3.4716665884362e-06,8.16003437272229e-07,2.39502619844356e-04,1.51287746901205e-06,,SSA_1,World_4,,6.856304e+07
2020,Armenia,ARM,2.25743714156796e-07,4.75601310083464e-03,1.4805244995746e-11,8.06912492011565e-06,2.9077434989685e-06,1.30334347051755e-06,2.20968970523393e-06,9.68179405632274e-03,1.08001142273728e-04,,,World_2,,2961500
2005,Spain,ESP,8.47618650390535e-07,1.46862874205569e-02,2.8803221794747e-11,3.63594078235072e-05,7.60397331260109e-06,1.9381447791125e-06,2.19175576952082e-05,1.58470802754834e-02,9.25056403073739e-05,,,World_5,,4.365316e+07
2013,Liberia,LBR,1.13282546428504e-06,3.14631388939321e-03,3.58014628714796e-11,2.51365958006952e-06,1.83157705104099e-05,8.20777375162214e-06,1.75977756678946e-06,3.60927769302691e-04,4.13906618489416e-06,,SSA_2,World_7,,4470239
2007,Netherlands,NLD,1.4286562188893e-06,2.23424061211666e-02,1.9030117937973e-11,5.30165638001983e-05,1.33800195958779e-05,3.66304208142806e-06,3.10076808481522e-05,6.71002819956523e-03,6.69210078803806e-05,,,World_5,,1.63817e+07
2019,Yugoslavia/Serbia (1991/1992),SRB,1.78110387527568e-07,2.01610639178582e-03,1.19738730442787e-11,7.53716312744191e-06,1.24376969585656e-06,3.80962637938551e-07,3.02950640619989e-06,1.00128180669449e-03,9.14398381592757e-06,,,World_2,,6945235
2004,Turkmenistan,TKM,2.43059531118462e-07,1.14742038142439e-02,2.10218208437054e-11,1.58333643943114e-05,2.3122858776222e-06,2.78718515041537e-07,8.66282700281989e-06,2.39011220884078e-02,8.43393268618227e-04,,,World_6,,4958093
2018,Ghana,GHA,3.5098358961189e-07,2.50422908462571e-03,9.2395265228956e-12,4.72428867126412e-06,4.82001870415797e-06,1.19110885313222e-06,2.96404519783957e-06,7.86075840569717e-04,7.16224320258236e-06,,SSA_3,World_8,,3.063758e+07
2011,Libya,LBY,7.29382392949688e-07,9.5057464480637e-03,4.61493974982407e-12,2.36180514685135e-05,4.48789831721662e-06,6.84048390027065e-07,1.98850375928409e-05,1.34627135923098e-02,3.22407203055705e-04,,,World_6,,6343203
2011,Switzerland,CHE,1.48629451904715e-06,2.18822215955918e-02,1.40125177529708e-11,5.63668857556166e-05,1.28098248398716e-05,3.14323879792629e-06,3.69845178180263e-05,5.91943280757562e-03,3.89746737805833e-05,,,World_5,,7912398
2016,Malawi,MWI,3.01556886185671e-07,1.51740205267708e-03,4.32978550749369e-12,1.41010181767448e-06,4.27865247848994e-06,1.8835184734333e-06,1.08817819168405e-06,1.9790015921322e-04,2.95250102779471e-06,,SSA_2,World_7,,1.755774e+07
2008,United Arab Emirates,ARE,2.98036549048931e-06,4.13169901774745e-02,5.18398849651971e-11,1.14036649831511e-04,2.41989918640378e-05,5.93552964488699e-06,4.60523868750868e-05,8.08021575753938e-02,1.31211310433761e-03,,,World_6,,6302664
2008,Macedonia,MKD,3.90090644883511e-07,7.02251219093251e-03,9.33377143909636e-12,1.22997875448709e-05,6.89356670378069e-06,1.8377923905721e-06,3.33861135136248e-05,1.65839997178725e-02,1.27562270003916e-04,,,World_2,,1971493
2009,Jamaica,JAM,4.72612185437496e-07,4.7380864264543e-03,2.98855577838974e-11,1.93615194025808e-05,4.04670281246378e-06,1.25902718972935e-06,2.2753534171442e-05,1.10061259458187e-03,9.45834281871205e-06,LACC_2,,World_2,,2736995
2018,Poland,POL,5.73399152942816e-07,1.17207651781812e-02,4.25651316962971e-12,1.48364717579251e-05,8.97758648963564e-06,2.29423364327405e-06,1.91687512358249e-05,1.38837136381778e-03,1.82450567982335e-05,,,World_5,,3.797475e+07
2003,Yugoslavia/Serbia (1991/1992),SRB,2.07100829360204e-07,2.33550040214766e-03,6.8941147243692e-12,6.641276532061e-06,1.67358346725898e-06,5.40924095742011e-07,3.14152763137727e-06,1.99278393109574e-03,1.95997092060051e-05,,,World_2,,7480591
2010,Kyrgyzstan,KGZ,6.91928687184044e-08,2.54733756836921e-03,1.57677744303306e-11,2.77158427308818e-06,1.30093601167657e-06,8.10598371567978e-08,2.78907890065695e-06,5.61050789159983e-03,8.06400816389849e-05,,,World_3,,5467059
2012,Cyprus,CYP,5.91856755008866e-07,1.14904118907155e-02,1.53435784858141e-11,2.88334252488231e-05,4.98945550125232e-06,8.50956270591356e-07,2.93945520054915e-05,7.9159018259354e-03,4.81073983903438e-05,,,World_5,,1165397
2002,Ghana,GHA,4.94320968482567e-07,1.95660752879667e-03,1.23622475215537e-11,3.45438711693718e-06,6.06047154919325e-06,2.1514293254897e-06,3.15142631634884e-06,8.05680594927723e-04,6.10132501637998e-06,,SSA_3,World_8,,2.072939e+07
2008,Djibouti,DJI,5.83809721252062e-07,3.3425226594699e-03,1.63807318491951e-11,8.64716369493598e-06,6.48738545693145e-06,2.300059172775e-06,6.16654581294934e-06,2.98772704039715e-03,4.80129948819694e-05,,,World_1,,892734
2021,Somalia,SOM,5.93967466249886e-07,3.01397267137978e-03,2.67473801179347e-11,1.90402597933453e-06,8.87737882615483e-06,4.23143911574392e-06,1.07787284731446e-06,,,,SSA_1,World_4,,1.727143e+07
2021,Azerbaijan,AZE,1.3981338772207e-07,6.49623598598272e-03,1.73097714877297e-11,9.25113847353168e-06,1.91421609344139e-06,4.19498158970634e-07,3.21716905397447e-06,,,,,World_6,,1.013775e+07
2019,Djibouti,DJI,6.14279929010315e-07,4.90672530265349e-03,1.68756165449579e-11,1.05584258468857e-05,8.38600434654022e-06,2.52480331475317e-06,8.83984270239814e-06,5.34213813627314e-03,7.25737309005976e-05,,,World_1,,1088709
2011,Kyrgyzstan,KGZ,7.007098258944e-08,2.87941518621453e-03,1.54591798940848e-11,3.0651144059266e-06,1.22582719448454e-06,8.93062716238005e-08,3.12216716175042e-06,5.53850891398378e-03,8.04593907910817e-05,,,World_3,,5546587
2016,Japan,JPN,5.85917681974572e-07,1.45044820932831e-02,1.17410683456428e-11,2.41849057116057e-05,6.31628149576934e-06,1.60061146047323e-06,1.61376282440713e-05,2.06042012196284e-03,2.05421887736881e-05,,,World_5,EAP_1,1.27076e+08
2011,Uruguay,URY,9.68296872952118e-07,9.77436346371017e-03,1.59704170988026e-11,1.41906221251385e-05,9.39059074566459e-06,4.46348262946912e-06,1.72055519217487e-05,1.12158444183694e-03,8.86412481319168e-06,LACC_1,,World_5,,3326825
2021,Argentina,ARG,3.68479128925682e-07,8.31457922788633e-03,1.49860027893426e-11,1.15199671765073e-05,3.53609168133623e-06,1.37159795934662e-06,6.64818778337411e-06,,,LACC_1,,World_5,,4.531228e+07
2002,Lebanon,LBN,3.3180891613192e-07,7.72784399791829e-03,1.47679617385889e-11,2.77001482577146e-05,4.18320888307865e-06,1.17367710733198e-06,4.31736313897669e-05,1.81511639837312e-02,1.55793875807301e-04,,,World_3,,4463504
2005,Brazil,BRA,7.71812400484723e-07,6.892850567115e-03,4.22505215838626e-11,1.02407813255405e-05,8.44953529644531e-06,3.82609070955216e-06,5.71283265599625e-06,3.48586728003764e-04,2.55060568957207e-06,LACC_2,,World_9,,1.846881e+08
2007,Israel,ISR,8.27459017300082e-07,1.61679398425002e-02,1.22280061606884e-11,4.30242608128215e-05,1.06713784204245e-05,1.97524905292144e-06,3.46251124214337e-05,7.78688535137239e-03,8.73067942881894e-05,,,World_5,,7180100
2008,Central African Republic,CAF,3.33128926836385e-07,2.21641766594002e-03,7.9866582628787e-12,1.36327407765435e-06,4.8444907365785e-06,2.18070857870519e-06,7.39878249445578e-07,3.32051406496474e-04,2.082497063312e-06,,SSA_1,World_4,,4558984
2020,India,IND,4.37176978531379e-07,3.09279605714862e-03,5.0546498457046e-12,6.29981878427164e-06,6.03246269789424e-06,1.97769094481689e-06,7.7788424397748e-06,5.37171869432439e-03,6.70344446166083e-05,,,World_7,,1.402618e+09
2013,Norway,NOR,1.55826661257747e-06,1.90897047866624e-02,9.19502286551309e-12,5.99419435002885e-05,1.40709833404878e-05,3.90137247565851e-06,3.20954326490513e-05,3.1170672461829e-03,3.04290904649981e-05,,,World_5,,5079623
2017,Eritrea,ERI,3.44648658167608e-07,2.43437782854204e-03,2.49597742510597e-11,2.60274428722793e-06,4.78874356539162e-06,2.1333381513369e-06,1.53336596668487e-06,2.8346843017058e-03,2.71773217561642e-05,,SSA_4,World_1,,3150347
2017,Burundi,BDI,3.9203255263631e-07,1.40490815975484e-03,5.43155389736878e-12,8.09404808838466e-07,6.43179097502731e-06,2.60031130798921e-06,5.02423373125015e-07,2.96899447691869e-03,5.52345782087592e-06,,SSA_1,World_4,,1.150676e+07
2009,Finland,FIN,1.68675392032357e-06,2.34537812774662e-02,8.45516870699708e-12,5.18765074055475e-05,1.52229619751784e-05,6.05188157447576e-06,3.72734767767661e-05,2.50449119203262e-03,2.60516495644609e-05,,,World_5,,5338871
2017,USSR/Russian Federation (1990/1991),RUS,3.11051406121759e-07,0.01290006045376,3.4292645713914e-12,2.25845112807804e-05,4.36458543346099e-06,8.30085611720912e-07,1.46353671772612e-05,1.42187763782207e-03,1.28583959225112e-05,,,World_3,,1.452933e+08
2017,Netherlands,NLD,9.66100033431715e-07,1.76347500526913e-02,1.34284744713033e-11,3.42129736046836e-05,9.93501222089152e-06,2.90534733401364e-06,1.90916481135396e-05,5.6654335125537e-03,5.72385615113988e-05,,,World_5,,1.71313e+07
2011,Cambodia,KHM,5.27824379627854e-07,3.68675450773488e-03,1.60840845008257e-11,4.27937741845093e-06,6.86426486558385e-06,3.77374910633216e-06,2.3192836554027e-06,2.41231451851322e-04,2.10050908648314e-06,,,World_1,EAP_2,1.472258e+07
2007,Sierra Leone,SLE,6.7514408038577e-07,2.06707684570486e-03,2.19871795761797e-11,1.56732941139196e-06,1.07420508507037e-05,4.48166101897475e-06,8.18155387969874e-07,2.68623291110812e-04,4.62592177806341e-06,,SSA_2,World_7,,5749352
2018,Jamaica,JAM,4.23280548787744e-07,4.66296942980124e-03,3.57454075764107e-11,2.12460384160931e-05,4.10589133073189e-06,1.24083405932253e-06,2.36724492020418e-05,1.34200796254346e-03,1.22464388035704e-05,LACC_2,,World_2,,2820097
2015,Burkina Faso,BFA,4.98480696630612e-07,2.07104807583012e-03,2.08769420160799e-12,2.37934957385743e-06,7.33384558295481e-06,3.40164404109507e-06,1.26468978796867e-06,3.25999288760316e-04,3.53342498373193e-06,,SSA_2,World_7,,1.877749e+07
2002,Thailand,THA,5.5073696860979e-07,5.62607904884749e-03,8.30137771633474e-12,1.09036690738396e-05,6.08077265492484e-06,2.24198844619912e-06,8.35608386511449e-06,8.49618782911196e-04,2.45083750357322e-05,,,World_9,EAP_4,6.426644e+07
2015,Niger,NER,2.88224701183879e-07,2.00151761685806e-03,3.19069309090025e-12,1.99697823916525e-06,4.06744430199591e-06,2.03810764844196e-06,7.42280391046078e-07,5.94309090064133e-04,7.01409683150318e-06,,SSA_2,World_7,,1.99395e+07
2010,North Korea,PRK,2.70509718391701e-07,3.15362522161109e-03,1.17694752008645e-12,5.89539950137986e-06,5.82715632330846e-06,6.31719803186144e-07,1.50889690856895e-05,1.78407999646399e-04,8.42786588045115e-06,,,World_6,EAP_3,2.498726e+07
2003,Ethiopia/DR Ethiopia (1992/1993),ETH,7.37691808185651e-07,2.60599516364061e-03,9.42300318289484e-12,1.41468726888378e-06,1.06321257104211e-05,5.43389517019133e-06,9.17771963902206e-07,3.7752705918794e-04,2.0892452365926e-06,,SSA_1,World_4,,7.383266e+07
2021,Chad,TCD,3.65566515351884e-07,5.39804062413346e-03,3.91624454538714e-12,1.89251467446778e-06,5.81917127359915e-06,2.4577948945481e-06,5.31082185078731e-07,,,,SSA_1,World_4,,1.782827e+07
2006,Uzbekistan,UZB,3.25063697724438e-08,4.83108272603233e-03,2.56432761734607e-12,5.04212205871997e-06,5.82653848562387e-07,7.01140841623251e-08,2.60737490964428e-06,6.20419598574885e-03,2.01258899403071e-04,,,World_6,,2.669904e+07
2004,Benin,BEN,4.1018625217433e-07,1.83954705114434e-03,2.49591114203582e-12,2.90155823542822e-06,6.46000796443046e-06,2.40423140530641e-06,1.55184707069729e-06,3.66565160236643e-04,3.9456014196538e-06,,SSA_2,World_7,,8159094
2020,Zambia,ZMB,6.9960055554314e-07,2.39317671532442e-03,8.47879336109318e-12,2.5159963750197e-06,8.55089143069749e-06,4.39900029593907e-06,3.83236015862621e-06,1.67441422963105e-04,1.86495450799588e-06,,SSA_2,World_7,,1.90594e+07
2017,Georgia,GEO,3.57871661521517e-07,5.05737931863874e-03,1.06944120944825e-11,8.75357492869718e-06,5.22375467215006e-06,1.87277387478929e-06,4.89148997677811e-06,5.41787000851533e-03,1.10823683201447e-04,,,World_2,,3728004
2012,Slovenia,SVN,9.88387558251686e-07,1.45123326441972e-02,9.25493796165736e-12,1.91341577557696e-05,1.32098015651441e-05,5.26643592492112e-06,1.97839439107704e-05,2.3842018424041e-03,2.33174087551775e-05,,,World_5,,2057159
2006,Turkmenistan,TKM,1.64331105473799e-07,7.66006854181926e-03,1.58922107880988e-11,1.01348601982466e-05,1.32595294392766e-06,1.21908276089873e-07,4.53001968397171e-06,1.9111984610896e-02,6.74337125481685e-04,,,World_6,,5147105
2006,Morocco,MAR,2.28959324951605e-07,2.81284627818186e-03,8.13101755923446e-12,5.12202764038985e-06,3.47353296750355e-06,1.19492538949743e-06,9.41382437395536e-06,1.30197500717145e-02,8.20496273057983e-05,,,World_3,,3.077118e+07
2020,Indonesia,IDN,5.98451223011763e-07,4.08629056575066e-03,2.68166095126887e-11,8.60279810505512e-06,8.39263044667618e-06,3.85471719786356e-06,9.62969642500268e-06,1.68355109790051e-03,9.39491319430513e-06,,,World_8,EAP_5,2.748149e+08
2015,Guatemala,GTM,8.9310797651535e-07,4.63406033422269e-03,1.95230293669087e-11,8.54796841667757e-06,1.30686405682822e-05,6.31899233839563e-06,6.41980756057845e-06,7.17152518574128e-04,5.94019646597854e-06,LACC_2,,World_9,,1.597174e+07
2003,Indonesia,IDN,5.91644339672914e-07,0.00356393259124,2.48113903134362e-11,6.78171932845669e-06,7.70367904306304e-06,3.45404579149922e-06,6.15046634869868e-06,1.54082946163521e-03,7.6742769756671e-06,,,World_8,EAP_5,2.25048e+08
2019,Lebanon,LBN,3.38997020454531e-07,7.09232452208942e-03,1.12680324771662e-11,2.64590494810963e-05,4.43199447472011e-06,1.00149950736755e-06,2.86776955542378e-05,1.16416478524729e-02,1.01761372405502e-04,,,World_3,,5794594
2019,Venezuela,VEN,2.78903735323154e-07,6.13686741559193e-03,5.08999466092568e-11,1.22862507718066e-05,2.52827439306172e-06,8.74613652888369e-07,3.86439984330788e-06,1.67510718106061e-03,9.96291633794878e-06,LACC_2,,World_9,,2.89381e+07
2017,Luxembourg,LUX,1.95967164765984e-06,3.52977460078793e-02,2.07987803893149e-11,7.81513118271022e-05,1.66601325001688e-05,5.18960069843003e-06,3.0594157656548e-05,4.73889584325803e-03,4.89634674488138e-05,,,World_5,,596336
2014,Greece,GRC,4.33716752626861e-07,1.12458036195553e-02,1.98470577680476e-11,1.65501455615007e-05,5.26077434045987e-06,1.75833455641575e-06,2.39995187736714e-05,1.00105294399046e-02,4.36707819363046e-05,,,World_5,,1.089241e+07
2012,Gabon,GAB,1.6971827354075e-06,1.33237316731436e-02,4.81803858428251e-11,1.35070707004949e-05,2.53439283546659e-05,1.19234341711145e-05,9.39572171190981e-06,1.52063455070315e-03,1.75138562122679e-05,,SSA_3,World_8,,1846889
2007,Greece,GRC,8.16024826013839e-07,1.87566577327846e-02,2.66671600105639e-11,3.98126035955723e-05,8.95730507312628e-06,2.2378222018777e-06,4.4776746649124e-05,2.11067831741594e-02,1.01147565739664e-04,,,World_5,,1.104847e+07
2010,Bosnia and Herzegovina,BIH,4.3657572818186e-07,6.78641306293694e-03,6.19533004989382e-12,1.34139544509254e-05,5.65110575526004e-06,1.03210804538813e-06,2.68158170416427e-05,8.57735255648545e-04,1.832225923881e-05,,,World_2,,3811472
2005,India,IND,4.14259921502362e-07,2.35851328232871e-03,5.36503677980998e-12,4.32112428927952e-06,5.40209552904247e-06,2.25303644302869e-06,4.49064958549404e-06,5.31969753259827e-03,6.34714276023717e-05,,,World_7,,1.154676e+09
2004,China,CHN,6.77864947905541e-07,5.81024330782134e-03,4.38172609368248e-12,1.20824682821352e-05,9.61372789497288e-06,2.15431275361879e-06,1.60723277884898e-05,3.82203178654882e-03,1.97316904237981e-05,,,World_6,EAP_3,1.296075e+09
2002,Tanzania,TZA,6.41487019554272e-07,2.59671155346695e-03,1.70681673987344e-11,1.71538769087677e-06,9.12939456622424e-06,4.42507398698809e-06,8.31292847205508e-07,6.77034368298099e-04,6.68437532522934e-06,,SSA_2,World_7,,3.61213e+07
2007,Algeria,DZA,4.32358292611983e-07,4.80888835086414e-03,6.83972182525335e-12,9.38023888564291e-06,2.33738558708924e-06,4.46828858226447e-07,3.44249846479226e-06,3.84329682306966e-03,3.98605619795734e-05,,,World_3,,3.418942e+07
2007,Portugal,PRT,7.31030587851069e-07,1.24899504024425e-02,2.37735663935504e-11,2.24211340223861e-05,8.4451325687521e-06,3.62597762793441e-06,1.67319960886154e-05,1.06803351795639e-02,5.23116532972609e-05,,,World_5,,1.054296e+07
2009,Italy,ITA,7.9042693390558e-07,1.35989620406982e-02,1.67080670915752e-11,2.72065390198693e-05,7.89057796410135e-06,2.56365165786892e-06,1.60525855527252e-05,5.73404516350448e-03,5.09900026967804e-05,,,World_5,,5.909536e+07
2007,Latvia,LVA,1.30465309205891e-06,1.41252986912772e-02,4.88628006867049e-12,3.03610310125909e-05,1.71960677773977e-05,7.25503249230586e-06,1.84858487172788e-05,2.12674871272246e-03,2.31434767756045e-05,,,World_5,,2200325
2005,Malawi,MWI,3.60569473046486e-07,1.56919399844947e-03,5.55928999167924e-12,1.53799739848738e-06,5.17466440496112e-06,2.18770248199271e-06,1.41846987391545e-06,3.06227454833987e-04,7.52816069051019e-06,,SSA_2,World_7,,1.284003e+07
2013,Iceland,ISL,1.30655812929218e-06,1.69253929515547e-02,1.00464527484954e-11,3.24445382587314e-05,1.50073846854416e-05,2.73509017538674e-06,2.781963602133e-05,2.23099870443289e-03,2.17473356108962e-05,,,World_5,,323764
2008,Chad,TCD,4.8336073017798e-07,4.26691213041527e-03,5.8975083561539e-12,1.62004784856611e-06,7.65920306611361e-06,3.07056092525634e-06,9.38789603915915e-07,4.35069127014617e-04,3.14395937995358e-06,,SSA_1,World_4,,1.14763e+07
2013,Senegal,SEN,3.24027998101724e-07,2.25508496337893e-03,3.33972202113552e-12,4.39918673186865e-06,4.06872028683443e-06,1.24655503532821e-06,4.47471842551423e-06,5.13075616739082e-03,2.33278820912015e-05,,SSA_2,World_7,,1.371085e+07
2019,Thailand,THA,5.50913726675949e-07,8.74440761408274e-03,8.67178715976102e-12,1.18317554844196e-05,7.40059724484636e-06,2.6081488690909e-06,9.01985079883006e-06,1.21376884813621e-03,2.17675321601751e-05,,,World_9,EAP_4,7.152227e+07
2015,DR Congo,COD,5.34063321735305e-07,1.69471889017355e-03,1.08367586552414e-11,1.39664456767839e-06,7.40611075841369e-06,3.2195075372023e-06,8.56640960596904e-07,1.88192944496258e-04,1.33277174081297e-06,,SSA_1,World_4,,8.103553e+07
2017,Tunisia,TUN,2.91547198602392e-07,4.03077937892485e-03,8.42131344941511e-12,5.30934840501886e-06,4.46966432007765e-06,1.56910535808495e-06,3.91652552433687e-06,5.23298614249377e-03,6.60447510936206e-05,,,World_3,,1.16505e+07
2010,Argentina,ARG,4.39756535251748e-07,8.25403722484917e-03,1.67791405311453e-11,1.29820686074863e-05,3.99800917599793e-06,1.53308432184347e-06,9.95944956162464e-06,1.15322783827107e-03,5.51001531553493e-06,LACC_1,,World_5,,4.12887e+07
2021,China,CHN,7.66752767521119e-07,1.1009953742126e-02,6.32240780633111e-12,1.64667099581985e-05,1.00018082091611e-05,1.5069524877823e-06,1.91309081018901e-05,,,,,World_6,EAP_3,1.41236e+09
2012,Israel,ISR,8.63320227018402e-07,1.64082140032261e-02,1.29955696487748e-11,4.27705065654194e-05,1.13267319060258e-05,2.22307111907737e-06,3.70172258595821e-05,6.46939593522624e-03,6.45630929850688e-05,,,World_5,,7910500
2016,Turkmenistan,TKM,1.78285851920722e-07,9.65238502571167e-03,1.4060585802946e-11,1.16049068910601e-05,1.74852910193524e-06,2.53025956861915e-07,5.77156786908606e-06,1.13935985180394e-02,3.78702127742815e-04,,,World_6,,6360041
2011,Slovenia,SVN,1.08620438399612e-06,1.4795840590784e-02,1.02340162148501e-11,2.2340178594975e-05,1.40162144999863e-05,5.57454415149288e-06,2.19103110347758e-05,2.87163039402351e-03,2.81646173865337e-05,,,World_5,,2052843
2017,Cyprus,CYP,6.53265216265624e-07,1.18219994694926e-02,1.45706315180402e-11,3.06646196461511e-05,5.57932916928429e-06,1.18320202045689e-06,2.63485949572157e-05,7.53595176053473e-03,5.15458484447348e-05,,,World_5,,1254275
2005,Germany,DEU,7.91335728858443e-07,1.78534199299756e-02,1.06678163024362e-11,3.45215960364305e-05,7.27258016895265e-06,1.79043777279273e-06,1.97134899079462e-05,3.82241666476897e-03,4.0353923264834e-05,,,World_5,,8.246942e+07
2020,Kuwait,KWT,7.73199107778951e-07,2.62531348628186e-02,1.5770414288576e-11,3.62505628395443e-05,8.45908934518146e-06,1.78661723961256e-06,2.38772890599214e-05,1.15208208546659e-02,1.52268135863159e-04,,,World_3,,4400267
2018,DR Congo,COD,5.66937207155742e-07,1.56931531560758e-03,9.58395644793759e-12,1.39755736090223e-06,7.7256242640625e-06,3.49104847875018e-06,9.55288956998745e-07,2.137025887005e-04,1.58458366678144e-06,,SSA_1,World_4,,9.004765e+07
2020,Uzbekistan,UZB,5.75984925380866e-08,5.20090516550924e-03,4.26923554922205e-12,4.5315761700655e-06,1.06036287137e-06,1.45644432465014e-07,3.09883916410736e-06,3.05823758704906e-03,1.03536503215108e-04,,,World_6,,3.358637e+07
2002,Myanmar,MMR,5.14567729091357e-07,3.04059165771992e-03,1.82517161121904e-11,2.17272041502564e-06,7.31493399152428e-06,3.9248242689876e-06,9.25668997788399e-07,1.99718195643344e-04,3.94359406250723e-06,,,World_1,EAP_2,4.623265e+07
2004,Central African Republic,CAF,3.03898710108054e-07,2.02491018007872e-03,9.06715868190168e-12,1.22676158595195e-06,4.90788024098491e-06,2.18375737481189e-06,7.4054902263772e-07,3.15937245517436e-04,2.77205983054148e-06,,SSA_1,World_4,,4192826
2020,Israel,ISR,5.66282671337331e-07,1.17572532165413e-02,1.14529587365945e-11,3.12121716643356e-05,7.38161255295545e-06,1.47904395640578e-06,1.44903279158547e-05,4.59103619411904e-03,4.41203338039211e-05,,,World_5,,9215100
2007,Eritrea,ERI,4.92004086589354e-07,3.02704798754987e-03,2.92064369234899e-11,3.66184079869471e-06,7.14068576773185e-06,2.72333999438718e-06,2.41270276753833e-06,2.84906069214036e-03,2.79850253451336e-05,,SSA_4,World_1,,2743222
2021,Switzerland,CHE,9.40915382283718e-07,1.56769917394981e-02,1.00571600091265e-11,3.34770348309163e-05,1.04104305268099e-05,2.83892596082654e-06,2.28012118663541e-05,,,,,World_5,,8704546
2006,Ethiopia/DR Ethiopia (1992/1993),ETH,7.55494677688683e-07,2.68273503229679e-03,9.21597036694224e-12,1.57592067636942e-06,1.09006838301938e-05,5.49327646846079e-06,9.65225378487036e-07,4.33250275831089e-04,2.56974983001933e-06,,SSA_1,World_4,,8.070349e+07
2018,Nicaragua,NIC,4.33581523764617e-07,3.85957075228653e-03,5.30423641389661e-11,7.80656986292648e-06,6.22493618955574e-06,2.87207571724958e-06,6.86879057179926e-06,3.72736557668915e-04,3.19613624997969e-06,LACC_2,,World_9,,6400080
2017,Italy,ITA,5.70088400139259e-07,1.13047763239681e-02,1.34398365752986e-11,1.96262875877099e-05,6.32839082971687e-06,2.33201899437743e-06,1.0866141810892e-05,4.1254372632843e-03,3.64122708796215e-05,,,World_5,,6.053671e+07
2020,Switzerland,CHE,1.1741427992845e-06,1.67926861613005e-02,1.11299745472486e-11,3.83420618056342e-05,1.35309796674167e-05,3.22289288516169e-06,2.71399503637708e-05,3.60120942690427e-03,2.67752835969312e-05,,,World_5,,8638167
2007,Bhutan,BTN,3.10655558343822e-06,1.0249287585067e-02,5.1289420858143e-11,1.32064815633208e-05,4.41979647521607e-05,2.17393537599004e-05,6.30985039872679e-06,1.03061392384743e-02,1.20447718829143e-04,,,World_7,,678641
2010,Brazil,BRA,9.54523238516976e-07,8.89911281388834e-03,4.18308541411584e-11,1.43141013062021e-05,1.02102339881895e-05,4.75135029327213e-06,7.73841025933164e-06,5.57379298357472e-04,3.93542461362081e-06,LACC_2,,World_9,,1.937019e+08
2018,Togo,TGO,5.70328830524061e-07,1.9901377943285e-03,4.78513039555822e-12,3.17107409118033e-06,9.08851235346171e-06,2.78672137724908e-06,9.26141302386372e-07,4.27712894992719e-04,5.93807798301725e-06,,SSA_2,World_7,,8258778
2012,Central African Republic,CAF,3.62864240070787e-07,2.36260950924897e-03,8.38982299032792e-12,1.56560885619517e-06,5.26384501099078e-06,2.28996775477875e-06,7.38565101948676e-07,5.18519017448068e-04,2.6677773685637e-06,,SSA_1,World_4,,4610848
2020,Turkmenistan,TKM,1.66384834927011e-07,7.41959324291627e-03,1.27722733214487e-11,1.05934777289909e-05,1.58026058730062e-06,2.15776328406709e-07,4.56209483725262e-06,1.44165165275871e-02,4.87857070414027e-04,,,World_6,,6949912
2003,Brazil,BRA,7.69651481912416e-07,6.611007462374e-03,4.37967563983575e-11,1.03422350976592e-05,7.9413522850517e-06,3.77693857897032e-06,5.63518975268279e-06,3.13859711061479e-04,2.22693261517175e-06,LACC_2,,World_9,,1.806227e+08
2005,United Kingdom,GBR,9.96510535767303e-07,1.64179570398078e-02,1.06332438455053e-11,4.62839550144805e-05,7.90624929120812e-06,1.87909159793067e-06,2.07563209058473e-05,4.35150639622044e-03,4.65091725336296e-05,,,World_5,,6.040121e+07
2002,Azerbaijan,AZE,1.18133205653065e-07,4.60039983013419e-03,1.42262034768407e-11,8.90529028719351e-06,1.05090990562281e-06,2.70215599719607e-07,7.67602061831438e-06,9.13854458908888e-03,8.63251870589315e-05,,,World_6,,8171950
2017,Sweden,SWE,9.48579015962151e-07,1.57326742509989e-02,8.21385171251474e-12,3.0334708404806e-05,8.85896290049837e-06,2.80249528640157e-06,2.0264758368967e-05,3.88731230468339e-03,3.6152134863238e-05,,,World_5,,1.00577e+07
2007,Armenia,ARM,1.13409086746557e-07,4.39603169003192e-03,1.61078377505963e-11,7.72941966805783e-06,1.48906906951573e-06,5.41272790656649e-07,3.73349025986143e-06,1.23273141040882e-02,1.44906624023414e-04,,,World_2,,3107400
2004,Canada,CAN,1.44271788061532e-06,2.52205325179671e-02,9.1726495942775e-12,6.8102118679013e-05,1.35260174921073e-05,4.74298983512534e-06,3.96235441999442e-05,3.79858664691525e-03,3.61911261702631e-05,,,World_5,,3.193881e+07
2011,Tajikistan,TJK,7.50733252701015e-08,2.47246837093746e-03,5.63021908829953e-12,2.84737411674696e-06,1.27703674946023e-06,1.46723134812288e-07,3.8696578973381e-06,7.72900644324032e-03,1.40319758074164e-04,,,World_6,,7824785
2021,Poland,POL,6.07983635809463e-07,1.2304418150407e-02,3.98395437441798e-12,1.57078017754905e-05,9.65348137635865e-06,2.45395231914375e-06,2.01454261729529e-05,,,,,World_5,,3.698156e+07
2004,Qatar,QAT,2.04986339288889e-06,7.35139541589546e-02,3.31711673517558e-11,9.25499939382887e-05,1.66504800068562e-05,4.20452009564495e-06,5.14588647775314e-05,4.02919018782307e-02,9.07780456620462e-04,,,World_6,,773332
2014,Chile,CHL,8.1504123155847e-07,9.21932648284166e-03,1.39300610394693e-11,2.17194132470267e-05,1.24155947279764e-05,3.17485867998124e-06,2.42552209545406e-05,2.62668804602285e-03,1.42698240113732e-05,LACC_1,,World_5,,1.78642e+07
2005,Cameroon,CMR,6.77496718789624e-07,3.03086823668691e-03,2.04177275597693e-11,2.60417475856984e-06,1.0223252434804e-05,4.8718077058819e-06,1.41061676889663e-06,5.25056351155266e-04,5.13804341655332e-06,,SSA_2,World_7,,1.707459e+07
2009,Indonesia,IDN,5.75850169255832e-07,4.00096800580509e-03,2.60663111379643e-11,7.02889635712123e-06,7.7588613211052e-06,3.53515817334079e-06,7.59515265323762e-06,1.6124909157871e-03,9.22210451803057e-06,,,World_8,EAP_5,2.4322e+08
2021,Egypt,EGY,1.52501295152529e-07,3.60073573030896e-03,1.53969241645254e-12,5.75531846402169e-06,1.84767684283057e-06,5.85770136658642e-07,6.66193490748044e-06,,,,,World_6,,1.10957e+08
2021,Spain,ESP,5.51223544759811e-07,8.77308989172196e-03,2.09837938133012e-11,1.96480058057637e-05,5.47412776438244e-06,1.7937041555455e-06,1.06937035885258e-05,,,,,World_5,,4.741579e+07
2018,United Arab Emirates,ARE,1.22403963980977e-06,2.18553855534274e-02,1.70510008270177e-11,5.75391735834109e-05,1.15588316222775e-05,2.44284721974442e-06,1.76961593881771e-05,1.63289934138226e-02,2.22857920520893e-04,,,World_6,,9346701
2019,Qatar,QAT,1.91295082586382e-06,6.19325782418132e-02,4.40480105267195e-11,7.9203270164309e-05,2.17002075675427e-05,5.79428889158394e-06,1.42831771405363e-04,4.8585416529552e-02,7.42081280505966e-04,,,World_6,,2638657
2019,Togo,TGO,4.58574856541992e-07,1.94814889238578e-03,4.74213018284269e-12,3.00939850999258e-06,6.97291679845964e-06,2.51615662717132e-06,9.28667049479058e-07,4.7798067531903e-04,5.74103261752757e-06,,SSA_2,World_7,,8463068
2009,Honduras,HND,5.63201112734067e-07,3.44841570307852e-03,4.97692271964685e-11,5.67114261279914e-06,7.09054263128035e-06,3.30102893226289e-06,3.41900776072004e-06,9.97818145006313e-04,8.36575645104168e-06,LACC_2,,World_9,,8189899
2002,Djibouti,DJI,5.47985535084235e-07,3.06939564063635e-03,1.80153264895318e-11,8.32392773742803e-06,6.20788285153778e-06,2.25181619323752e-06,5.85169966852994e-06,5.38853310240953e-03,7.54387679084457e-05,,,World_1,,795574
2002,Sri Lanka,LKA,5.7025259580848e-07,2.81675102732969e-03,2.4250323614828e-11,7.25357622862995e-06,6.22483179401913e-06,3.03289771671866e-06,5.7177749973174e-06,3.95789765726349e-03,1.04887126655675e-04,,,World_3,,1.980575e+07
2016,Botswana,BWA,9.55014371834936e-07,8.374953733598e-03,7.72292451313465e-11,2.8728817843927e-05,1.23199780830759e-05,4.51254715460207e-06,3.26597494686625e-05,9.96494087944617e-04,1.41406946776608e-05,,SSA_3,World_8,,2234776
2006,Yugoslavia/Serbia (1991/1992),SRB,3.37447072477625e-07,3.4189923647634e-03,6.1432306727156e-12,8.08068241691175e-06,3.60532690161808e-06,8.4597177728023e-07,4.20171250491445e-06,2.38738427361405e-03,2.73676101136686e-05,,,World_2,,7411569
2015,Costa Rica,CRI,6.98793487750261e-07,5.27928176769314e-03,5.11182032927335e-11,1.39060487975352e-05,4.95807454619573e-06,2.07126093181169e-06,7.00230347214428e-06,3.71758550403797e-03,2.86352353385824e-05,LACC_1,,World_5,,4818038
2008,Niger,NER,2.84980156686586e-07,1.87568102648139e-03,3.78775822015534e-12,1.53083287943491e-06,4.2670260648416e-06,1.99412102627918e-06,5.75147010000214e-07,5.08359177751883e-04,6.8175487344889e-06,,SSA_2,World_7,,1.536192e+07
2019,Botswana,BWA,9.8545130566253e-07,8.81671382105946e-03,7.60340182205796e-11,3.14744249030063e-05,1.21125160908832e-05,4.66238232154636e-06,3.47572816394506e-05,1.91947886765324e-03,3.10337017902074e-05,,SSA_3,World_8,,2332083
2016,Burundi,BDI,4.05332933702417e-07,1.39042880535819e-03,5.51753877476026e-12,9.8635109200501e-07,6.7204779938408e-06,2.64820093262366e-06,5.43913329880413e-07,1.37760673450357e-03,2.52803073332243e-06,,SSA_1,World_4,,1.123945e+07
2009,Uganda,UGA,9.39051014550291e-07,3.25946333672255e-03,7.79224510535573e-12,2.55368195048092e-06,1.54397109078769e-05,6.05503822178666e-06,1.76847099722432e-06,2.98008997287794e-03,3.78604796734393e-06,,SSA_2,World_7,,3.145115e+07
2015,Kyrgyzstan,KGZ,1.18537735640429e-07,3.24738941572027e-03,1.45926327292707e-11,4.59798990252645e-06,1.8851751807668e-06,1.22870262253771e-07,8.33940377824776e-06,4.16463542503638e-03,6.0323212532897e-05,,,World_3,,6040036
2015,India,IND,4.67622633873776e-07,3.04536934424703e-03,5.14686170918713e-12,6.19816622301203e-06,6.14392115090943e-06,2.14175743361168e-06,7.61443116712863e-06,5.24578759525002e-03,6.49902716733242e-05,,,World_7,,1.328024e+09
2020,Liberia,LBR,1.17677434027088e-06,3.6614851720106e-03,3.2047625418664e-11,2.88308322021424e-06,1.95859368930452e-05,8.32353059581652e-06,1.75707277456918e-06,1.14721140603625e-04,1.156944486913e-06,,SSA_2,World_7,,5149463
2020,Egypt,EGY,1.49192810184138e-07,3.46323832480753e-03,1.69414390636608e-12,5.56749180262342e-06,1.82520606788261e-06,5.76970544196851e-07,6.46428388935936e-06,3.63604949271057e-02,4.01107294521979e-04,,,World_6,,1.093151e+08
2007,Somalia,SOM,7.72705021361874e-07,3.52296914002968e-03,4.28270285425249e-11,1.79489152928594e-06,1.17308272768861e-05,5.01999836798458e-06,7.29407212323776e-07,1.39209675852226e-03,1.12581383850597e-05,,SSA_1,World_4,,1.132258e+07
2002,USSR/Russian Federation (1990/1991),RUS,2.74109378607473e-07,1.10470556977543e-02,2.73956877442922e-12,2.23040461874265e-05,3.52345549285887e-06,6.66110926755103e-07,1.74317429940723e-05,8.37990354954957e-04,7.21532769990655e-06,,,World_3,,1.453065e+08
2011,Ireland,IRL,8.62120158285839e-07,1.95851146008515e-02,6.666202688593e-12,3.48021318846183e-05,8.08835409909515e-06,1.42694837246546e-06,2.07790361385114e-05,2.56364850528713e-03,3.18384540605862e-05,,,World_5,,4580084
2014,Philippines,PHL,2.77366325304525e-07,2.85314520015046e-03,2.51342706875732e-11,5.16204548419411e-06,3.54876845670137e-06,1.54183003090068e-06,4.29573728084577e-06,4.48510126956899e-04,8.69694957088966e-06,,,World_8,EAP_5,1.037671e+08
2014,Guatemala,GTM,8.83105808332272e-07,4.46007339559205e-03,1.98406209229071e-11,7.75750721911276e-06,1.30148818531329e-05,6.29842064439262e-06,5.67035457078957e-06,6.74397402336561e-04,5.48140358521542e-06,LACC_2,,World_9,,1.568173e+07
2009,Slovakia,SVK,5.56640164218637e-07,1.10137930765827e-02,6.56906882972294e-12,2.50640698179461e-05,6.18644097154735e-06,1.34268972661525e-06,1.81005572436059e-05,1.65987596908737e-03,2.75579653515411e-05,,,World_5,,5386406
2018,Guinea,GIN,7.32426231025041e-07,3.69739498074154e-03,1.48552937141043e-11,3.41725730928295e-06,1.17605883905213e-05,5.04993242327808e-06,1.97739929747081e-06,1.00620204571324e-03,8.7735399297664e-06,,SSA_1,World_4,,1.270477e+07
2003,Tunisia,TUN,4.85640275374889e-07,4.19404769980937e-03,1.04343303440413e-11,7.50866384055902e-06,4.87352661668206e-06,1.66746758962693e-06,5.3775689953279e-06,9.57347755333446e-03,1.05808228005421e-04,,,World_3,,1.007163e+07
2019,Laos,LAO,7.26515524086714e-07,7.08500269715907e-03,2.484833995908e-11,1.10574724555791e-05,1.20918605508463e-05,5.12315939214057e-06,1.07813016425454e-05,4.07551384746137e-04,7.7364689077207e-06,,,World_1,EAP_2,7237636
2016,Papua New Guinea,PNG,3.20841588623323e-07,2.12865613810112e-03,1.87992173327142e-10,3.86095236773383e-06,4.66633257568509e-06,2.00222064928286e-06,3.18948046046333e-06,1.59081082848986e-03,4.44655562796919e-06,,,World_7,EAP_6,8961718
2016,Cameroon,CMR,4.82967329970517e-07,2.63983866747801e-03,1.48692622577271e-11,2.77910390468089e-06,7.92642889305326e-06,3.43570387206544e-06,1.52265204323002e-06,3.30330868359236e-04,3.14918130808119e-06,,SSA_2,World_7,,2.345416e+07
2018,South Africa,ZAF,6.00714757325981e-07,7.92332587105311e-03,5.66712428328946e-11,2.24891579477078e-05,9.61794429356046e-06,1.81865108721407e-06,3.27872341904618e-05,1.40929457932818e-03,2.4572222349963e-05,,SSA_3,World_8,,5.8613e+07
2008,Portugal,PRT,7.39227795262804e-07,1.23489547781815e-02,2.28334942591491e-11,2.1745097911497e-05,8.53171993269241e-06,3.66074465688684e-06,1.6833792835943e-05,1.09946888723662e-02,5.25640854951981e-05,,,World_5,,1.055818e+07
2015,"Cote d'Ivoire",CIV,4.72088674330392e-07,2.16822379579998e-03,1.4193136496197e-11,2.58105879596498e-06,7.3350704952098e-06,2.45341415695159e-06,1.58229732233127e-06,9.52747631340544e-04,1.5778889166443e-05,,SSA_2,World_7,,2.524634e+07
2003,Canada,CAN,1.42969108219193e-06,2.5123256832817e-02,9.67775592455801e-12,7.16495514222946e-05,1.31094201843304e-05,4.46679656352768e-06,4.04021807993946e-05,3.80546342282844e-03,3.5983982562029e-05,,,World_5,,3.164246e+07
2003,Yemen Arab Republic/Yemen (1990/1991),YEM,9.94052450190065e-08,2.15139674480695e-03,1.07405434277394e-11,4.70749807719751e-06,1.0003166282948e-06,2.98561244271029e-07,5.08012186859475e-06,7.48521694914678e-03,1.54300689523672e-04,,,World_1,,2.145638e+07
2012,Ghana,GHA,3.84447619718344e-07,2.48467594337317e-03,1.04642731122507e-11,4.98799431648523e-06,4.89356682675213e-06,1.2567440825324e-06,3.86852520976e-06,7.33555954873049e-04,7.06852773065e-06,,SSA_3,World_8,,2.673427e+07
2018,Mozambique,MOZ,2.00024369087757e-07,2.11955556195929e-03,1.72950586593138e-11,3.00499354580414e-06,2.70098865870432e-06,9.64185188310867e-07,2.36063670910608e-06,4.37467098863737e-04,8.30962514126198e-06,,SSA_2,World_7,,2.901864e+07
2017,Mexico,MEX,3.17355103770126e-07,6.78210742925216e-03,4.04449508960894e-11,1.29888159000421e-05,3.8881809423187e-06,1.57930756067847e-06,9.57017221605531e-06,3.32435647801717e-03,2.57949604228358e-05,LACC_2,,World_9,,1.234001e+08
2002,Croatia,HRV,8.22944666396826e-07,9.38185301027041e-03,8.70190402330661e-12,2.0189354541939e-05,1.05557476066715e-05,4.30581001788689e-06,2.52564961054376e-05,2.01810117706572e-03,1.97346597152228e-05,,,World_5,,4302174
2005,Afghanistan,AFG,7.46859093192229e-08,1.22640836343513e-03,6.93274971388516e-12,1.19907920809067e-06,1.03872276848939e-06,4.32215979299683e-07,1.39332408000591e-06,1.12263588805613e-02,2.96446849028143e-04,,,World_1,,2.440457e+07
2002,Costa Rica,CRI,4.79195500328888e-07,4.36671634536275e-03,7.04475154494476e-11,1.28862170217115e-05,3.63322568412603e-06,1.29767399604074e-06,7.03222670427141e-06,3.47161208988948e-03,2.61099768732278e-05,LACC_1,,World_5,,4075705
2013,USSR/Russian Federation (1990/1991),RUS,4.76197623060546e-07,1.39829420452502e-02,4.20687196017247e-12,2.94748085792683e-05,5.24171064072464e-06,9.62768879372562e-07,1.74454417089809e-05,1.79445229922669e-03,1.7429082959979e-05,,,World_3,,1.438056e+08
2010,Yugoslavia/Serbia (1991/1992),SRB,3.12761051158392e-07,3.30880574994809e-03,6.24356340269753e-12,8.35936691306501e-06,2.44919674449237e-06,6.68195047483763e-07,4.04068030182225e-06,8.84784427015666e-03,1.89768489250722e-04,,,World_2,,7291436
2012,Nigeria,NGA,1.13690257781911e-06,4.29904682074948e-03,5.21027036529097e-12,3.01470885503698e-06,1.71901204675223e-05,8.09855362108803e-06,1.533594431395e-06,4.01576677224178e-04,4.57185270951002e-06,,SSA_2,World_7,,1.762006e+08
2018,Sudan/North Sudan (2010/2011),SDN,5.63648125282121e-07,4.05216330130469e-03,2.63989953476616e-12,6.07378944650891e-06,8.13200659244268e-06,2.76532954091374e-06,3.11495652804504e-06,7.1316912009157e-03,1.88045118990785e-04,,SSA_4,World_1,,4.42306e+07
2015,Venezuela,VEN,7.18149987574539e-07,1.25315918965338e-02,7.04497229058658e-11,2.55590546020895e-05,6.58295052398583e-06,2.27865700602542e-06,1.52340482791264e-05,4.31337511161808e-03,2.82769603389793e-05,LACC_2,,World_9,,3.057397e+07
2004,Afghanistan,AFG,8.17445786683286e-08,1.32738208533706e-03,7.26440179828196e-12,1.30069590828866e-06,1.11891468567664e-06,4.41522351304319e-07,1.43022247373545e-06,1.17041618755412e-02,3.22774028097759e-04,,,World_1,,2.356065e+07
2017,Nicaragua,NIC,4.47513263555652e-07,4.09248907434905e-03,5.39607520804804e-11,8.14396250582457e-06,6.45019284815129e-06,2.97656264552609e-06,7.6259969865615e-06,3.13138949060769e-04,2.97167946246073e-06,LACC_2,,World_9,,6316231
2014,Algeria,DZA,5.15851735127009e-07,6.34169083321967e-03,5.89685882369942e-12,1.2994967122436e-05,2.91462591070447e-06,5.4090624425046e-07,3.47892333678878e-06,2.40895320496898e-03,2.63648292137759e-05,,,World_3,,3.920503e+07
2013,Indonesia,IDN,6.27254503183186e-07,4.2200972964804e-03,2.59392553768055e-11,7.67053086419359e-06,8.34235249131292e-06,3.75049117477713e-06,7.71886145605625e-06,2.05720414835496e-03,1.27098499423648e-05,,,World_8,EAP_5,2.558525e+08
2018,Nepal,NPL,8.24151758829838e-07,4.27683838785096e-03,7.60042624678604e-12,4.45072082988657e-06,1.18000318196043e-05,5.63401155889927e-06,3.41489762997585e-06,1.94410187958519e-03,2.17314396754748e-05,,,World_7,,2.807969e+07
2014,North Korea,PRK,1.87887242716161e-07,2.4285108409228e-03,1.15038871389024e-12,3.55731466370666e-06,3.93743038011239e-06,6.39110470982178e-07,8.49916564505084e-06,1.23456376588669e-04,5.4335374395819e-06,,,World_6,EAP_3,2.545126e+07
2006,Argentina,ARG,3.82529081532907e-07,8.0275831038973e-03,1.65800378239438e-11,9.68659975477612e-06,3.83150225415455e-06,1.51963639591928e-06,7.70664510608495e-06,9.91156895708821e-04,4.14861866646345e-06,LACC_1,,World_5,,3.962212e+07
2019,Brazil,BRA,6.06257468639735e-07,7.62635426541286e-03,3.46207349096332e-11,1.01163677209955e-05,7.66815657872098e-06,3.19675265739083e-06,6.12971869357227e-06,6.12995125711198e-04,4.74867205881765e-06,LACC_2,,World_9,,2.074555e+08
2020,Tajikistan,TJK,9.82801513757563e-08,2.32622592588408e-03,4.56131670459493e-12,3.6984057002803e-06,1.55323744263378e-06,9.78309012969995e-08,4.35401008999784e-06,6.1604388405328e-03,1.08358680413038e-04,,,World_6,,9749310
2003,Kyrgyzstan,KGZ,4.02219170375026e-08,1.61103629153675e-03,1.52647439302544e-11,2.1959503334673e-06,7.29057820742657e-07,9.26665816964441e-08,3.81683898401091e-06,5.29488743109895e-03,8.25945771210759e-05,,,World_3,,5043308
2004,Denmark,DNK,1.49038175342535e-06,2.16142317158032e-02,1.22780050978762e-11,6.09022411315287e-05,1.23481533750664e-05,3.32234030280424e-06,3.20871868861215e-05,3.41264229427369e-03,3.66868849094029e-05,,,World_5,,5404523
2007,Tunisia,TUN,4.60176777914021e-07,3.99530383189585e-03,9.48991085099595e-12,7.81975460672911e-06,5.06583777510387e-06,1.79669224089517e-06,6.55537249931483e-06,7.3861299514397e-03,8.50449308098822e-05,,,World_3,,1.04417e+07
2020,Thailand,THA,5.8360324766364e-07,8.55758638406293e-03,1.01608899367852e-11,1.24485245856977e-05,7.38837395555575e-06,2.9532427786321e-06,9.19860776903287e-06,1.21117272408402e-03,3.01704024753604e-05,,,World_9,EAP_4,7.164149e+07
2008,Rwanda,RWA,4.12177600719059e-07,1.37896154267793e-03,1.01954487061739e-11,1.19081466913317e-06,6.76307257285868e-06,2.54739273349652e-06,8.5158350018522e-07,2.10839384096191e-03,3.76222104912109e-06,,SSA_4,World_7,,9804269
2018,South Korea,KOR,7.37705496319543e-07,1.81583957853095e-02,1.4108400912656e-11,2.81783740674574e-05,9.57011594113435e-06,2.19332836756473e-06,2.2073100812603e-05,3.28075162089331e-03,3.89812514192163e-05,,,World_5,EAP_1,5.158506e+07
2021,Brazil,BRA,6.3362100753821e-07,8.014480206444e-03,3.79456873721278e-11,9.7389370071709e-06,7.97688366252405e-06,3.25001436006975e-06,6.20994288938768e-06,,,LACC_2,,World_9,,2.095503e+08
2016,Bahrain,BHR,6.80195778109312e-07,2.32509124957707e-02,1.53752219085432e-11,3.02390991796254e-05,9.32660347380072e-06,2.23090487137361e-06,1.80466918300374e-05,0.02076242938692,4.10093797133133e-04,,,World_6,,1423726
2002,Oman,OMN,6.3340271259124e-07,1.88894409561874e-02,1.28241377624895e-11,2.52008004834314e-05,5.22326936681397e-06,1.26347727581773e-06,2.36061235990636e-05,1.90766614381476e-02,4.85176473975966e-04,,,World_6,,2337140
2011,Bhutan,BTN,3.18496927851324e-06,1.15250272107806e-02,4.45981698378232e-11,1.59694370929868e-05,4.34086237414593e-05,2.0528357126884e-05,1.05209125500594e-05,3.91454373551027e-03,5.41059027653857e-05,,,World_7,,709377
2006,Tunisia,TUN,4.17579230519146e-07,3.9114036436675e-03,9.23654240544473e-12,6.56366858127087e-06,4.95705584807878e-06,1.78874814356611e-06,5.82911689483659e-06,8.25534907487285e-03,9.7264406615196e-05,,,World_3,,1.034641e+07
2015,Bangladesh,BGD,2.27660595936653e-07,2.17022171079099e-03,2.75376018510529e-12,3.47304397047913e-06,3.18910870320888e-06,1.52642695450242e-06,1.98013444163456e-06,5.87545127197725e-04,8.24927182822581e-06,,,World_1,,1.593832e+08
2017,China,CHN,7.61358379596133e-07,9.75855107401321e-03,5.63162550746397e-12,1.56120612735241e-05,9.77694670574434e-06,1.39797111510059e-06,1.86177101610155e-05,5.62782161400097e-03,3.18676683219293e-05,,,World_6,EAP_3,1.396215e+09
2002,Dominican Republic,DOM,5.66391564276311e-07,4.91916600227076e-03,5.21369723438371e-11,2.06498554367848e-05,5.24714324142854e-06,1.99681570826153e-06,1.94927066651051e-05,1.67055626282113e-03,2.67542198815227e-05,LACC_2,,World_9,,8852235
2015,Luxembourg,LUX,1.86316884594178e-06,3.62502888670831e-02,1.83769846241462e-11,7.37271792184691e-05,1.61476403984071e-05,4.09493198092531e-06,3.23952994517791e-05,4.25220499812568e-03,4.21670334758451e-05,,,World_5,,569604
2006,Syria,SYR,2.19927105692963e-07,4.11774205936506e-03,9.6499299620474e-12,8.89367230604045e-06,1.49127830270096e-06,5.002547129233e-07,1.34154919025101e-05,3.08201013853401e-02,3.52043295523399e-04,,,World_6,,1.963702e+07
2008,Bhutan,BTN,3.10970514806905e-06,1.02371938216056e-02,4.43976926499116e-11,1.27946286231868e-05,4.47309299110302e-05,2.1760748992301e-05,7.81324577168302e-06,3.72928414693287e-03,5.23006356446562e-05,,,World_7,,686351
2013,Nigeria,NGA,1.18267515049842e-06,4.49527426697618e-03,5.13476128682851e-12,4.60330464164393e-06,1.74669191566978e-05,8.19222425593672e-06,1.72808979148667e-06,4.38486822299116e-04,4.83156716000063e-06,,SSA_2,World_7,,1.810494e+08
2016,Iraq,IRQ,1.99426751583308e-07,6.02635695162623e-03,3.20207924826687e-12,1.59397963156958e-05,1.6627310616459e-06,3.10823410642513e-07,2.23368977071087e-05,1.23991492118028e-02,1.07947509608456e-04,,,World_6,,3.846963e+07
2011,Guatemala,GTM,1.01865740688661e-06,4.85465866465113e-03,3.22733024373539e-11,9.62945994409107e-06,1.35831024414595e-05,6.74352957756624e-06,5.77923820316537e-06,1.08149175711051e-03,8.5680712383533e-06,LACC_2,,World_9,,1.479213e+07
2019,DR Congo,COD,5.34858263406738e-07,1.52018197435737e-03,9.453057613183e-12,1.36272889447396e-06,7.16366662143575e-06,3.35391578503738e-06,8.56385590800941e-07,2.44135709232671e-04,1.45313257102117e-06,,SSA_1,World_4,,9.294744e+07
2004,Mexico,MEX,3.62361581328704e-07,7.53683517699872e-03,4.85217040279545e-11,1.60752013398225e-05,4.41104673896336e-06,1.71248801922467e-06,1.72590236679638e-05,5.01798346424238e-03,3.39360452717843e-05,LACC_2,,World_9,,1.043941e+08
2005,Sweden,SWE,1.11389565097933e-06,1.78016279407324e-02,8.63184226990432e-12,4.43047032602307e-05,9.39642761892037e-06,2.58790748367149e-06,2.659629827975e-05,3.01809659202478e-03,2.9948548638315e-05,,,World_5,,9029572
2019,Colombia,COL,4.32677971032112e-07,4.38228476298496e-03,9.93228572356445e-11,1.06896827393642e-05,4.54498623332612e-06,1.80429136454263e-06,4.66905881725689e-06,8.55565190186965e-04,8.07450133623606e-06,LACC_2,,World_9,,4.990798e+07
2003,Croatia,HRV,9.14625976445373e-07,1.0203670754537e-02,8.00415897364221e-12,2.15671397036896e-05,1.18391888877191e-05,4.72842427744548e-06,3.11190765454872e-05,1.64276734571228e-03,1.4922778319675e-05,,,World_5,,4303399
2008,Mozambique,MOZ,3.84178955440391e-07,1.66254833233427e-03,1.90009481606395e-11,1.94681734656928e-06,5.48658309825755e-06,2.57535001716782e-06,1.7834112370671e-06,1.69464306992777e-04,2.8184063551693e-06,,SSA_2,World_7,,2.181904e+07
2012,Haiti,HTI,7.96570214806361e-07,2.90132584796048e-03,4.9401472567855e-11,4.44579170108034e-06,1.11050760217364e-05,3.55119585114138e-06,2.4695181479137e-06,1.02527087441251e-03,2.1529808365199e-05,LACC_3,,World_1,,1.006977e+07
2012,North Korea,PRK,2.20783515517341e-07,2.67573292642128e-03,1.13621372015633e-12,4.36009327005162e-06,4.62992299911486e-06,6.32363258438057e-07,1.0720339890978e-05,1.37722331357013e-04,5.96688644160257e-06,,,World_6,EAP_3,2.521173e+07
2010,Benin,BEN,4.49696588059875e-07,1.95614790182531e-03,2.0221471906572e-12,4.29684634353905e-06,5.93547640880554e-06,2.14789517799787e-06,1.5644663059409e-06,2.51194072431846e-04,2.03646800283414e-06,,SSA_2,World_7,,9797484
2011,Malta,MLT,1.05906512174912e-06,1.61492662457276e-02,9.35823803675243e-12,3.90706128603465e-05,1.04014245268936e-05,1.25758474074885e-06,4.484982741573e-05,6.54092141380574e-03,5.99334203554991e-05,,,World_5,,416268
2011,Poland,POL,6.25763208061982e-07,1.19381974530774e-02,4.22221053632774e-12,1.66992027236662e-05,9.14291452184585e-06,2.30979701583626e-06,2.14197436932895e-05,1.08959290632032e-03,1.8837111414715e-05,,,World_5,,3.806326e+07
2017,Thailand,THA,4.86814861643257e-07,7.11610630410877e-03,7.75119351939809e-12,1.09675741260835e-05,6.30834980962333e-06,2.334061158644e-06,7.86119340308773e-06,1.02554388244947e-03,2.24686872835115e-05,,,World_9,EAP_4,7.116018e+07
2019,Nepal,NPL,8.27243267581807e-07,4.28167591415892e-03,7.75986998559604e-12,4.47203618485029e-06,1.16751765056468e-05,5.59788586388557e-06,3.54911963856093e-06,2.61173252776871e-03,2.91426344515429e-05,,,World_7,,2.841406e+07
2009,Ecuador,ECU,3.89229138577585e-07,4.76682247816804e-03,9.23569477422337e-11,1.41555922034973e-05,3.1703227878994e-06,8.12517110205488e-07,1.37012362997692e-05,6.03970362438858e-04,6.78512768413729e-06,LACC_2,,World_2,,1.482595e+07
2020,Canada,CAN,9.98895020185297e-07,2.10277200976009e-02,7.2504605426392e-12,3.91893530456183e-05,1.06359712730048e-05,3.49867081938294e-06,2.29089895126161e-05,3.10404944102834e-03,2.59014346304965e-05,,,World_5,,3.802864e+07
2004,Haiti,HTI,4.09903383313766e-07,2.69997388291586e-03,5.5316327912014e-11,3.53343345226004e-06,5.70682280230971e-06,2.43675506746304e-06,1.5457248136213e-06,6.99569252499253e-04,1.26171112508432e-05,LACC_3,,World_1,,8910263
2006,Nigeria,NGA,1.07520439130177e-06,3.95894985617923e-03,6.17368579123614e-12,2.33236827286748e-06,1.6380801309213e-05,7.83852506970973e-06,1.35315457122453e-06,4.19561196603773e-04,4.07046986514323e-06,,SSA_2,World_7,,1.490773e+08
2013,Canada,CAN,1.22330468990339e-06,2.54777715258784e-02,9.46670563102839e-12,4.41602430965681e-05,1.2982909850363e-05,4.27972746507787e-06,3.24442825553103e-05,3.55916034503195e-03,3.24140673999943e-05,,,World_5,,3.508099e+07
2017,Armenia,ARM,2.61303219436479e-07,4.94784452053189e-03,1.41534736393673e-11,7.6422964553158e-06,3.32072764981386e-06,1.57267146215114e-06,2.62866229632397e-06,6.97103224624814e-03,8.03769917431016e-05,,,World_2,,2979400
2012,Rep Congo,COG,6.14784491971049e-07,4.72596032700617e-03,4.00357041497923e-11,5.17555312416842e-06,8.69599312815665e-06,3.52570900881967e-06,2.39170997868384e-06,5.33387951224536e-04,6.2552875773018e-06,,SSA_4,World_1,,4740450
2016,Iceland,ISL,1.33968634631535e-06,1.83649196223981e-02,1.03688985398285e-11,3.47427810636309e-05,1.55877676377916e-05,3.0198596034437e-06,2.58954335664264e-05,2.680557172084e-03,2.54894178893307e-05,,,World_5,,335439
2012,Turkey,TUR,4.83487371887704e-07,8.3746929880453e-03,1.68340628051735e-11,1.33079640467869e-05,6.66092886625297e-06,1.86018547205489e-06,2.22662990450281e-05,8.20830668553114e-03,6.77793789641946e-05,,,World_3,,7.517582e+07
2006,United Kingdom,GBR,1.00812693978767e-06,1.64818317807419e-02,1.02316448425812e-11,4.62597744726439e-05,7.9965083403005e-06,1.72396741622328e-06,2.15263539812795e-05,4.04465494757213e-03,4.24002569166422e-05,,,World_5,,6.084682e+07
2004,Rwanda,RWA,4.18122408811744e-07,1.32079921701174e-03,1.14127209418719e-11,1.1086236873695e-06,6.75619373597741e-06,2.71209330766048e-06,7.75452767580301e-07,2.25001293541159e-03,3.27723600066678e-06,,SSA_4,World_7,,8816844
2016,Finland,FIN,1.56190362463753e-06,2.35288154324901e-02,6.89390172533023e-12,4.38465468371504e-05,1.48525406075753e-05,6.71755696425897e-06,3.44606259390751e-05,2.16850719062139e-03,2.00558944581402e-05,,,World_5,,5495303
2021,Zambia,ZMB,7.17539750152431e-07,2.3589401793001e-03,8.33304257972369e-12,2.54414812739174e-06,9.02206633011178e-06,4.35588484537432e-06,3.67265079497737e-06,,,,SSA_2,World_7,,1.960361e+07
2012,South Africa,ZAF,7.06154204313199e-07,9.01080812890426e-03,6.35265653205332e-11,2.56445672265272e-05,1.04376799222165e-05,2.23390069776999e-06,3.69694024420541e-05,1.97118974527092e-03,2.93494466041685e-05,,SSA_3,World_8,,5.378257e+07
2008,Bosnia and Herzegovina,BIH,5.13829518147283e-07,7.30750037392265e-03,6.94742570143705e-12,1.58624894483869e-05,6.46218411264627e-06,1.0741440142301e-06,3.10982505291731e-05,1.06331802571309e-03,2.18616300339777e-05,,,World_2,,3947544
2006,Portugal,PRT,7.11819498153254e-07,1.24000789267199e-02,2.26606828848964e-11,2.25351897126824e-05,7.88868098613321e-06,3.36472906726179e-06,1.69955265192168e-05,1.03792462501451e-02,4.94265737665508e-05,,,World_5,,1.052229e+07
2021,Nicaragua,NIC,4.27688037552943e-07,3.88448844670442e-03,7.25170095830421e-11,7.63061900109661e-06,6.10416841958857e-06,2.8589638979987e-06,6.65059087388458e-06,,,LACC_2,,World_9,,6644741
2010,Panama,PAN,5.38897375815399e-07,4.79462393395613e-03,1.11696141985264e-10,1.2955153535631e-05,5.14420784714341e-06,1.39309462649371e-06,1.42197322204195e-05,1.24536951070029e-03,8.84982106363433e-06,LACC_2,,World_2,,3628535
2005,Ukraine,UKR,1.82759055564481e-07,6.01477785863269e-03,4.61350029751206e-12,1.13778195995696e-05,2.37934612907652e-06,4.54923463099792e-07,1.21962407772897e-05,1.52499264622808e-03,1.35892023182003e-05,,,World_2,,4.758556e+07
2010,Malaysia,MYS,5.11879415859602e-07,9.00523700204133e-03,3.10458604953361e-11,1.87406702199174e-05,5.74796849122257e-06,1.76690665057366e-06,1.61707963280847e-05,2.44832137442398e-03,3.96687265961669e-05,,,World_3,EAP_4,2.865578e+07
2018,Chad,TCD,4.0781657405282e-07,5.18987359457323e-03,4.26555691049432e-12,2.01883093882993e-06,6.5731093300633e-06,2.72272729195858e-06,5.1063177968266e-07,2.20285110439515e-04,1.03031329386218e-06,,SSA_1,World_4,,1.615653e+07
2021,United Arab Emirates,ARE,1.14861886274331e-06,2.20963721067046e-02,8.11628662248245e-12,6.06817609764324e-05,1.03381822517575e-05,1.74002531367736e-06,1.53159003385893e-05,,,,,World_6,,9575152
2020,Macedonia,MKD,4.62177005641614e-07,6.72309374920754e-03,1.27635140349898e-11,1.15729133450522e-05,7.43770796757049e-06,2.23963754131963e-06,2.50442143899407e-05,1.31144491178824e-02,1.89545007471256e-04,,,World_2,,1856124
2016,Slovakia,SVK,4.66670136437658e-07,1.03362279809163e-02,6.04252441831915e-12,1.83295578486306e-05,5.28215206087593e-06,1.53184653625564e-06,1.35628098663321e-05,1.30617120045358e-03,1.39923216862083e-05,,,World_5,,5430798
2018,USSR/Russian Federation (1990/1991),RUS,2.93288446898374e-07,1.25249768160636e-02,3.26448826487717e-12,2.16038534280613e-05,4.17927656928984e-06,6.97376350348669e-07,1.40143424120838e-05,1.47597729945885e-03,1.42187135801814e-05,,,World_3,,1.453981e+08
2020,Belgium,BEL,1.06208083981045e-06,1.77710489480323e-02,1.14603927166742e-11,3.51554454227391e-05,1.01293147304337e-05,3.37398090383163e-06,1.68754429454855e-05,3.69867525559433e-03,4.13802398225595e-05,,,World_5,,1.15386e+07
2020,Norway,NOR,1.15263006878112e-06,1.41266549528149e-02,5.61003246167148e-12,4.61973792655123e-05,1.00456157139801e-05,2.86196980916495e-06,2.3024131763702e-05,1.99262384469414e-03,1.77810685316227e-05,,,World_5,,5379475
2012,USSR/Russian Federation (1990/1991),RUS,4.38124980617621e-07,1.42150400855555e-02,3.9813150528591e-12,2.94110228242417e-05,5.11797792176681e-06,8.33023162289049e-07,2.11114467613355e-05,1.58290286077515e-03,1.5084055239307e-05,,,World_3,,1.433784e+08
2009,Norway,NOR,1.3670113023329e-06,1.83627017488524e-02,9.67426528682445e-12,5.09532100955459e-05,1.29199088788987e-05,4.18687182847084e-06,2.58541108580325e-05,3.54225717951284e-03,3.59246460116095e-05,,,World_5,,4828726
2013,Hungary,HUN,6.64466423076474e-07,8.57915656983678e-03,4.07702581758783e-12,1.34697102036924e-05,9.21243929587098e-06,3.8311434983633e-06,1.27193444612062e-05,8.47656486706898e-04,9.06103764028984e-06,,,World_5,,9893082
2005,Guatemala,GTM,7.91761223136834e-07,4.79280756726853e-03,4.09670649776114e-11,1.05468993333545e-05,9.96250790388396e-06,4.94461705730847e-06,6.57068223627833e-06,9.70271853046423e-04,9.32052467251647e-06,LACC_2,,World_9,,1.308763e+07
2021,Portugal,PRT,5.31205540330498e-07,9.25204152072014e-03,1.82983741068208e-11,1.74643505777808e-05,6.002416886399e-06,2.44128620122555e-06,9.88127483848907e-06,,,,,World_5,,1.036183e+07
2016,Somalia,SOM,8.05334244636344e-07,3.43066345865933e-03,3.36573062121324e-11,1.63901805306684e-06,1.26079727847672e-05,5.15724538639386e-06,6.88475870356787e-07,4.91768657039995e-04,3.38159927773539e-06,,SSA_1,World_4,,1.434874e+07
2015,Rwanda,RWA,3.93016696463753e-07,1.48744691311888e-03,8.80120200219398e-12,1.63627077299598e-06,6.32787881814482e-06,2.29236780728742e-06,1.07614595272502e-06,1.93379529951094e-03,5.49301135232225e-06,,SSA_4,World_7,,1.164002e+07
2019,United Kingdom,GBR,6.16580570883125e-07,1.1901624126224e-02,5.80488898843822e-12,2.70182408388203e-05,5.56899017728034e-06,1.5402449173461e-06,1.04669626291527e-05,3.03830773794561e-03,2.98895429572691e-05,,,World_5,,6.683633e+07
2010,Togo,TGO,4.78695334973597e-07,1.97658037719811e-03,5.47456910200085e-12,3.10909186333772e-06,7.05569879237136e-06,2.45603783404501e-06,1.18203603686545e-06,4.56609904340875e-04,7.74614013932714e-06,,SSA_2,World_7,,6732590
2005,Kyrgyzstan,KGZ,3.92254166751477e-08,1.7979731468537e-03,1.45993839030568e-11,2.20021200224151e-06,7.5008221759018e-07,9.40743294414654e-08,3.08239468475723e-06,5.70677400812369e-03,8.0110095454365e-05,,,World_3,,5162640
2020,DR Congo,COD,5.27194797130673e-07,1.50492153179156e-03,9.20573690317575e-12,1.33835660980266e-06,7.01315527746937e-06,3.29440221579449e-06,8.33173772519262e-07,1.55234832899243e-04,6.81757093234592e-07,,SSA_1,World_4,,9.599e+07
2018,Turkey,TUR,3.89079904816277e-07,8.30976625035824e-03,1.49650229698871e-11,1.23360358580101e-05,5.57552014789021e-06,1.62887446403029e-06,2.13782010287753e-05,7.41163306769136e-03,6.97017181498005e-05,,,World_3,,8.14072e+07
2014,Moldova,MDA,6.02115180443615e-07,6.09202280230872e-03,2.67069438799266e-12,1.24690806374752e-05,8.14329021464364e-06,3.53725102946804e-06,7.39091353635351e-06,1.02703601640391e-03,1.35148750093785e-05,,,World_2,,2857815
2012,Chad,TCD,4.77527436912946e-07,4.70196576934398e-03,5.16364907432245e-12,2.09606715402847e-06,7.44079541339544e-06,3.07322071345194e-06,8.91014284057306e-07,3.7836757879338e-04,2.26044137632137e-06,,SSA_1,World_4,,1.3211e+07
2007,Syria,SYR,1.95079785579866e-07,4.10957486628458e-03,9.01802584444236e-12,8.80454704195129e-06,1.44554504962777e-06,4.55144859659815e-07,1.39369039323818e-05,2.93682470601998e-02,3.36136357140683e-04,,,World_6,,2.088412e+07
2010,Paraguay,PRY,7.89181108758598e-07,7.0697582370352e-03,3.03304089284848e-11,1.17404136178122e-05,8.81605190103735e-06,4.01182670478727e-06,3.16526658861296e-06,1.59231786306562e-03,6.15022278746987e-06,LACC_2,,World_9,,5737971
2008,Oman,OMN,9.51717480398716e-07,2.36149055094195e-02,1.59889575043931e-11,3.60702941695021e-05,9.67844579915272e-06,2.08992607824419e-06,2.82795640201458e-05,2.94032096789087e-02,7.76341938417371e-04,,,World_6,,2626529
2012,Malta,MLT,1.0164430765172e-06,1.60316879429583e-02,9.32388181572605e-12,3.85792456266494e-05,1.06095597497773e-05,1.23079622019127e-06,4.35185592534479e-05,4.89364708401868e-03,4.51817714786964e-05,,,World_5,,420028
2009,Tanzania,TZA,5.9317232359165e-07,2.6805493553279e-03,1.53797196348561e-11,1.95641443489577e-06,8.48458247118773e-06,4.02522016637832e-06,1.02701665383761e-06,5.44526131167498e-04,6.28029082283749e-06,,SSA_2,World_7,,4.363398e+07
2020,Syria,SYR,4.5155212574751e-08,2.07026197025047e-03,8.49414486563972e-12,3.16146380583496e-06,4.65034521702771e-07,1.646155446087e-07,5.97865887747183e-06,1.04236095572541e-02,1.17163258626356e-04,,,World_6,,2.104943e+07
2016,Hungary,HUN,6.25586345629555e-07,8.70497441227096e-03,4.08153717430607e-12,1.3585382939825e-05,8.57804460899659e-06,3.54494559933519e-06,1.11619224538804e-05,9.41006001155206e-04,9.09498989945921e-06,,,World_5,,9814023
2006,Romania,ROU,4.72668532342789e-07,8.00542531714283e-03,6.97955688077661e-12,1.31300619883303e-05,6.88110580711615e-06,2.68302186825931e-06,2.18777705399984e-05,1.40406369684939e-03,1.54547740266733e-05,,,World_2,,2.119376e+07
2008,Papua New Guinea,PNG,3.74633469273266e-07,2.02170276736221e-03,2.20814798192363e-10,2.86864893668153e-06,5.62814152974176e-06,2.56446049414863e-06,2.63083442880837e-06,3.95476345484994e-04,4.18413459349034e-06,,,World_7,EAP_6,7183002
2013,Malta,MLT,1.02755330355323e-06,1.55674208565067e-02,9.37654471096001e-12,3.59040571966596e-05,1.04972086710788e-05,1.24170900935629e-06,3.89043015980081e-05,5.2428486821931e-03,4.54153098340663e-05,,,World_5,,425967
2002,Paraguay,PRY,8.60047793310666e-07,4.77389480872909e-03,3.71880757240776e-11,9.94499444849357e-06,9.38765485609122e-06,4.41380946309023e-06,2.36023932481453e-06,1.60910902476049e-03,3.08598484304216e-06,LACC_2,,World_9,,5261328
2009,Denmark,DNK,1.3949321631353e-06,2.05762738214546e-02,1.16723385196059e-11,4.56438354065568e-05,1.30027625861835e-05,3.92791316996331e-06,2.69924565084559e-05,3.47467847338994e-03,3.60529523410684e-05,,,World_5,,5523095
2006,Honduras,HND,5.44140215879592e-07,3.27633637349711e-03,5.26626021154608e-11,5.97619637635257e-06,6.90170196168163e-06,3.22012324100264e-06,4.00914916454764e-06,1.2126222665379e-03,1.10045956725173e-05,LACC_2,,World_9,,7656832
2003,Chile,CHL,8.82212965468689e-07,6.97265985576576e-03,1.3819750272239e-11,1.87181263176485e-05,1.07708458061008e-05,3.69406097840395e-06,1.27500805223929e-05,2.0911930591656e-03,1.09566744800218e-05,LACC_1,,World_5,,1.602475e+07
2002,Malawi,MWI,3.72023385150326e-07,1.51100848668978e-03,5.66239509190252e-12,1.5470088603241e-06,5.26681701378415e-06,2.24449724015698e-06,1.47190248800056e-06,2.77914531977767e-04,4.55196760953458e-06,,SSA_2,World_7,,1.188044e+07
2017,Jamaica,JAM,3.74553841021041e-07,4.29518332879108e-03,3.43375279303496e-11,1.7151963987257e-05,3.854795984103e-06,1.19171101925227e-06,1.93107027339565e-05,1.43531822091985e-03,1.20248646387152e-05,LACC_2,,World_2,,2815764
2014,Panama,PAN,6.10238990891377e-07,6.06331036584002e-03,1.06971479365783e-10,1.83050221541312e-05,6.18266247575698e-06,1.54622050845693e-06,1.79871856449696e-05,1.2627321570771e-03,1.00971922058743e-05,LACC_2,,World_2,,3892101
2002,Nicaragua,NIC,5.76344646819944e-07,3.63875773912918e-03,8.74328233489394e-11,1.06421041470901e-05,7.32229325457937e-06,3.38203678403067e-06,9.77256774695093e-06,5.9185859311329e-04,5.45112827244188e-06,LACC_2,,World_9,,5149909
2018,Angola,AGO,4.37632294052808e-07,3.14035626707528e-03,1.72018054126207e-11,4.76030745114412e-06,5.81233567733078e-06,2.59978330846563e-06,2.90791912854613e-06,5.88317099040287e-04,7.11646177167542e-06,,SSA_1,World_4,,3.129716e+07
2011,Kuwait,KWT,1.24774648957343e-06,2.8525218600553e-02,2.76687104219606e-11,4.53487040474564e-05,1.29455066859788e-05,2.86056220502503e-06,3.84409535099186e-05,3.45784764745478e-02,5.04023661619863e-04,,,World_3,,3132814
2011,Austria,AUT,1.07602647552188e-06,1.82113694130228e-02,1.20971919373231e-11,3.94748370256637e-05,8.65905622880571e-06,2.04047154422197e-06,2.26350004326675e-05,2.60720635238059e-03,2.42901926803352e-05,,,World_5,,8391643
2020,"Cote d'Ivoire",CIV,4.73458159809238e-07,2.17585360475783e-03,1.40914415128789e-11,2.78404653711845e-06,7.28652440578023e-06,2.43056237083773e-06,1.42373805377051e-06,6.48629324052797e-04,6.075717991672e-06,,SSA_2,World_7,,2.891545e+07
2017,Pakistan,PAK,4.08566699521648e-07,3.11555605903492e-03,1.05056011666875e-12,4.60056167079209e-06,5.37560732049636e-06,2.55880705335329e-06,4.79261974333336e-06,6.58521470091596e-03,2.62653732556121e-04,,,World_1,,2.23274e+08
2014,Kenya,KEN,6.66474863969628e-07,3.00360984056297e-03,9.51100356477037e-12,3.66622707869576e-06,9.83838712799174e-06,3.31257960758035e-06,2.35130344689994e-06,7.13316587462857e-04,1.24231271377212e-05,,SSA_2,World_7,,4.605144e+07
2005,Luxembourg,LUX,2.56317178169104e-06,4.54205967182856e-02,3.03904661003001e-11,9.94220818091115e-05,2.15401894517818e-05,5.91803752454426e-06,4.85184922519952e-05,6.70209418517788e-03,6.39338378278725e-05,,,World_5,,465158
2012,Nicaragua,NIC,4.86322191875604e-07,3.84343767146949e-03,5.96979772095011e-11,9.60157663940378e-06,6.61237313534698e-06,3.01266894341206e-06,8.92368848592146e-06,5.03268773942709e-04,4.09640156532619e-06,LACC_2,,World_9,,5901287
2004,Bhutan,BTN,3.13552280977201e-06,1.03904452192232e-02,5.0685152234762e-11,1.13092434658272e-05,4.48451619419827e-05,2.19630031798575e-05,6.6694239889223e-06,4.83254648125171e-03,5.73661863577429e-05,,,World_7,,650544
2008,Peru,PER,3.99338793984134e-07,3.85271434660664e-03,8.830911238386e-11,7.97382725346161e-06,4.21105842612845e-06,1.66009146511515e-06,5.80784779802963e-06,1.52205577431033e-03,6.93548630771655e-06,LACC_2,,World_2,,2.871904e+07
2012,Latvia,LVA,1.06974381324122e-06,1.16461136252399e-02,4.12525740591848e-12,2.10966974930953e-05,1.53615485157041e-05,6.94510184775539e-06,1.48142282009002e-05,1.53863059146126e-03,1.71320246705673e-05,,,World_5,,2034319
2003,Oman,OMN,7.02169239807534e-07,2.08732780759889e-02,1.36573369213743e-11,2.67595569135243e-05,5.75101986081997e-06,1.5767366318366e-06,2.43078789676269e-05,1.91719259556177e-02,4.75448356059952e-04,,,World_6,,2363796
2014,Sierra Leone,SLE,6.51520564879938e-07,2.34016317320787e-03,1.97330802136566e-11,2.39762590009416e-06,1.04632488047655e-05,4.06334452833589e-06,1.41588972804542e-06,3.65996427066774e-04,7.99910584175527e-06,,SSA_2,World_7,,6876385
2006,Laos,LAO,6.61971161246443e-07,3.55448937405031e-03,2.81536900301389e-11,3.03527161234502e-06,9.78619310799494e-06,5.25741584218882e-06,1.7455181549886e-06,2.88211363670474e-04,2.82165326105832e-06,,,World_1,EAP_2,5963200
2005,Austria,AUT,1.11855586800114e-06,1.94796804732218e-02,1.20490017891161e-11,4.84547567470291e-05,8.76776654242939e-06,1.98126918777671e-06,2.46010849468882e-05,2.42295157202881e-03,2.49112320153519e-05,,,World_5,,8227829
2005,Zimbabwe,ZWE,1.05826461241555e-06,4.2261161072491e-03,1.34984568428455e-11,4.24954665957121e-06,1.56292167170487e-05,7.43205821367228e-06,4.39660126629004e-06,8.1371534916088e-04,1.54914260041207e-05,,SSA_4,World_1,,1.248343e+07
2006,Bolivia,BOL,2.65707955989907e-07,4.1333124602308e-03,6.37114800797826e-11,4.08889235960386e-06,3.26894404169714e-06,1.52816004863226e-06,1.78132316100512e-06,3.4808015935971e-04,1.22737630182097e-06,LACC_2,,World_8,,9521689
2008,North Korea,PRK,3.46748121945066e-07,4.04536980199444e-03,1.14965687021683e-12,8.23025248378558e-06,7.80804330834499e-06,6.27304296797132e-07,2.19578108421323e-05,1.87179704558762e-04,8.79558479209253e-06,,,World_6,EAP_3,2.476462e+07
2005,France,FRA,8.7185553048041e-07,1.36991688221033e-02,1.29413001881922e-11,3.04841794100632e-05,8.23746730788712e-06,2.59944765995716e-06,1.67007309575679e-05,3.67870078071424e-03,3.52088506649927e-05,,,World_5,,6.318086e+07
2009,France,FRA,8.11778102687438e-07,1.28101699216186e-02,1.1253087136439e-11,2.61782696278438e-05,7.86445872958597e-06,2.47358217988779e-06,1.44015257272678e-05,3.6199166717531e-03,3.4264899482207e-05,,,World_5,,6.470644e+07
2003,Bhutan,BTN,3.18495986996735e-06,1.04016082233539e-02,4.87035484249174e-11,1.24848540250195e-05,4.51334276497297e-05,2.20571843106882e-05,6.94722635695593e-06,4.16616192059832e-03,4.9481822130396e-05,,,World_7,,637663
2013,Romania,ROU,5.27074914231735e-07,6.82153642255195e-03,5.50852475867522e-12,1.06638094394596e-05,7.54594695704558e-06,3.0819171467755e-06,1.46891961144966e-05,8.40423416922664e-04,8.41711030698562e-06,,,World_2,,1.998369e+07
2005,Morocco,MAR,2.34370898875422e-07,2.8693564990558e-03,8.01113687870052e-12,5.19310579137809e-06,3.61714384608348e-06,1.31520435505902e-06,9.22889216077831e-06,1.10659751965315e-02,7.41771471316524e-05,,,World_3,,3.035814e+07
2016,Kuwait,KWT,1.22130687538871e-06,3.64179672645523e-02,2.35942667677796e-11,5.00378536925324e-05,1.40875321422794e-05,2.9860990177689e-06,4.89817625884584e-05,2.07562068743832e-02,2.93372288155901e-04,,,World_3,,4004096
2005,Tajikistan,TJK,3.13303758958837e-08,1.62521914185631e-03,4.03473964757713e-12,1.78118310314953e-06,5.30052276131332e-07,8.55682321760076e-08,2.16987029573885e-06,6.97064000040608e-03,1.22248115538238e-04,,,World_6,,6924720
2010,China,CHN,9.0547871659593e-07,8.35824256171421e-03,5.00819867375654e-12,1.56533178303164e-05,1.09064651569955e-05,1.64682382897591e-06,2.02848922985009e-05,5.1338616978301e-03,2.80367451263089e-05,,,World_6,EAP_3,1.337705e+09
2019,Ecuador,ECU,4.41563217752613e-07,5.16005801729673e-03,6.27934346764358e-11,1.73841935491885e-05,3.13163272382162e-06,7.42943218173364e-07,1.08976405734757e-05,6.17415612647656e-04,6.3521648068354e-06,LACC_2,,World_2,,1.734002e+07
2008,Gabon,GAB,1.99669552116402e-06,1.6616338541468e-02,4.66577662072311e-11,1.68209188715189e-05,3.23084197404087e-05,1.55819987718823e-05,1.04063227297545e-05,1.50528935551407e-03,1.77882655107332e-05,,SSA_3,World_8,,1607175
2003,United States of America,USA,1.37106483030961e-06,2.80063896630483e-02,1.65801595966884e-11,7.21773979833334e-05,1.27448064197727e-05,3.07348150176833e-06,5.45243353632694e-05,5.56862490423492e-03,5.21953880111012e-05,,,World_5,,2.901079e+08
2003,Azerbaijan,AZE,1.42959489245921e-07,5.67766085664358e-03,1.4166367060377e-11,1.08807596099266e-05,1.43273922963735e-06,3.23535880165185e-07,1.1201905161698e-05,9.05671853342449e-03,9.7792252282692e-05,,,World_6,,8234100
2011,Ukraine,UKR,2.13369223334206e-07,6.65645684427112e-03,4.4970857166433e-12,1.23167810851106e-05,2.94622582976306e-06,7.94008184216938e-07,1.48486472110727e-05,1.75207705160206e-03,1.77566176764131e-05,,,World_2,,4.630785e+07
2012,Azerbaijan,AZE,1.7987067872639e-07,5.81590549925166e-03,1.3807752776806e-11,1.06551438950422e-05,2.00087103560014e-06,5.30316397363654e-07,3.54665665553561e-06,8.53366362832112e-03,1.11142475689136e-04,,,World_6,,9295784
2007,Guinea,GIN,8.52144952881377e-07,3.44237364832164e-03,1.90504678524408e-11,3.33994211975183e-06,1.35844914788762e-05,5.90410253555337e-06,2.14853252122952e-06,8.94225025624105e-04,6.24966800499595e-06,,SSA_1,World_4,,9662281
2012,Peru,PER,4.63368743190693e-07,4.27618775601246e-03,8.36743723514487e-11,9.40042250353214e-06,4.92371542472049e-06,1.86861249361113e-06,5.51095658796402e-06,1.32968540358071e-03,5.70272624865546e-06,LACC_2,,World_2,,2.955037e+07
2015,Ireland,IRL,9.44764971373286e-07,1.97944711948358e-02,7.4487669936794e-12,3.93621323338031e-05,8.79666558950543e-06,1.66841217116657e-06,2.07189673003813e-05,2.84302242652991e-03,2.99878751511879e-05,,,World_5,,4701957
2004,Kazakhstan,KAZ,2.88420950345278e-07,1.14094446984634e-02,3.04642571679465e-11,2.26289281787174e-05,3.66220825437692e-06,6.63678157176543e-07,3.72287644892521e-05,5.77590447956162e-03,8.85262972534806e-05,,,World_3,,1.585016e+07
2002,Eritrea,ERI,6.43419846387589e-07,3.68344345275739e-03,3.39582162545994e-11,5.05785889381131e-06,8.62772983264932e-06,3.69656633050587e-06,3.25163100977977e-06,1.4923295532791e-02,1.64692250679353e-04,,SSA_4,World_1,,2392978
2007,Ecuador,ECU,4.44654680926576e-07,4.90319565580204e-03,9.51608391543226e-11,1.42707528509146e-05,3.23419501249398e-06,1.00919166734954e-06,1.26402976643653e-05,6.60343830583643e-04,6.65827566188769e-06,LACC_2,,World_2,,1.432877e+07
2006,Malaysia,MYS,4.95331531846102e-07,7.65620638176233e-03,3.16085258126586e-11,1.59653536834739e-05,5.05005233751654e-06,1.68674476144418e-06,1.24934415057451e-05,2.04161505631167e-03,3.10703519266451e-05,,,World_3,EAP_4,2.641791e+07
2018,Mauritania,MRT,4.88360904879181e-07,4.43871615742854e-03,1.16389118576296e-11,5.15345569733104e-06,6.85008935383743e-06,2.791725632135e-06,3.2786294571497e-06,8.7339195615733e-03,2.06052444250579e-05,,SSA_4,World_1,,4337685
2009,Benin,BEN,4.34158553392341e-07,2.16200107825524e-03,2.28003800520146e-12,4.10850673949995e-06,6.19529614218958e-06,2.46139149679462e-06,1.69641168805359e-06,2.89347932754585e-04,2.53894804087048e-06,,SSA_2,World_7,,9509423
2020,Mali,MLI,2.50634193262455e-07,1.90360488975189e-03,2.68043206579266e-12,2.07343599762092e-06,3.75741959717853e-06,1.57811245187721e-06,1.1380846041116e-06,1.18527862075912e-03,6.01101419476066e-06,,SSA_2,World_7,,2.171384e+07
2014,Romania,ROU,5.07861670968568e-07,6.94586568177461e-03,5.12850861542455e-12,9.60562926141836e-06,7.49736642617934e-06,3.03923483862195e-06,1.48981300458451e-05,1.03533155099043e-03,1.02365127640106e-05,,,World_2,,1.990898e+07
2019,Equatorial Guinea,GNQ,3.17092787587845e-07,6.28612518223063e-03,2.30381371056304e-11,6.25379887461173e-06,4.44894267656697e-06,1.61113928513191e-06,3.84409372248493e-06,2.41313572864966e-03,2.17620617530211e-05,,SSA_4,World_1,,1670177
2011,Moldova,MDA,5.5250284812772e-07,6.18274257166385e-03,2.87342821667346e-12,1.33526033411624e-05,7.18929920490579e-06,2.99684784769421e-06,6.80599599054189e-06,7.20047531985609e-04,9.99577796440363e-06,,,World_2,,2860699
2011,Turkey,TUR,4.9610327381205e-07,8.35855083305807e-03,1.74883742056957e-11,1.34148155421207e-05,6.7345539397762e-06,1.98491273278364e-06,2.21364417746473e-05,8.9198892290202e-03,7.51134805124885e-05,,,World_3,,7.422363e+07
2012,El Salvador,SLV,3.68911537806005e-07,3.85754179028107e-03,2.60860204535679e-11,1.96857122271651e-05,4.35817438542783e-06,1.83942929454577e-06,1.53765230887245e-05,6.13130086212727e-04,4.75498787661603e-06,LACC_2,,World_9,,6113975
2020,North Korea,PRK,1.34688750550404e-07,3.32035155008865e-03,1.0590799125768e-12,2.19841624647435e-06,2.72748397115058e-06,6.03792424973252e-07,4.65118669350959e-06,9.77703590394701e-05,5.07731654891168e-06,,,World_6,EAP_3,2.613631e+07
2012,Niger,NER,2.37969752028806e-07,1.71161637357792e-03,3.27848495633921e-12,1.81086094858974e-06,3.31292114075914e-06,1.63128746301256e-06,6.29216649203471e-07,4.98524293545974e-04,5.45487059983479e-06,,SSA_2,World_7,,1.783677e+07
2021,Iran,IRN,2.94379593069647e-07,1.06931559004342e-02,9.15427167237681e-12,1.76537739376871e-05,3.49072200161964e-06,1.075767623225e-06,8.38891963834083e-06,,,,,World_6,,8.845549e+07
2008,Botswana,BWA,1.0258345881807e-06,8.80232909474248e-03,8.77989514237511e-11,2.62180026387543e-05,1.23674490318359e-05,4.74636320125129e-06,2.58806481999741e-05,1.34371452750277e-03,1.59206157992727e-05,,SSA_3,World_8,,1949970
2020,Croatia,HRV,8.1429552194431e-07,9.57397653725105e-03,7.67443994642009e-12,1.30526059915312e-05,1.23187905275619e-05,5.06288096150936e-06,1.65174147898395e-05,1.60399751578824e-03,1.34107555796133e-05,,,World_5,,3914206
2019,Spain,ESP,5.22047940067667e-07,9.22960822231871e-03,1.92613340811734e-11,1.92489263531244e-05,5.36114421045975e-06,1.79390633272128e-06,1.0486294952242e-05,1.13094230606814e-02,5.66115730239112e-05,,,World_5,,4.713484e+07
2019,Sudan/North Sudan (2010/2011),SDN,5.22814952336386e-07,3.7743257886132e-03,2.34620924698965e-12,5.5975211003496e-06,7.49217195109214e-06,2.59361609458897e-06,2.81810731674698e-06,6.58495883715866e-03,1.76457350859509e-04,,SSA_4,World_1,,4.554818e+07
2018,Latvia,LVA,1.08837368243592e-06,1.25741391251586e-02,5.43603997683385e-12,2.24703245480658e-05,1.51367345227773e-05,7.33030705964703e-06,1.44224742350485e-05,2.10371637831718e-03,2.3221163045645e-05,,,World_5,,1927174
2010,South Korea,KOR,7.72321899701724e-07,1.66161099436082e-02,1.03897562971006e-11,2.84045071879871e-05,8.70644179646513e-06,1.60444115631761e-06,2.52926353853353e-05,4.02053898413934e-03,5.20368115733673e-05,,,World_5,EAP_1,4.955411e+07
2018,Burkina Faso,BFA,4.82458025116396e-07,2.18738512450692e-03,2.15540780349898e-12,2.23717350025972e-06,7.12284968968291e-06,3.32856248689797e-06,1.15869418188994e-06,3.88273238376597e-04,3.95861354214166e-06,,SSA_2,World_7,,2.043829e+07
2020,Senegal,SEN,2.78142298792357e-07,2.49644763276343e-03,2.91588238662741e-12,4.93438967537685e-06,3.45547071955003e-06,1.23205524162887e-06,4.91067835722006e-06,4.41208038311178e-03,1.53858680868542e-05,,SSA_2,World_7,,1.678922e+07
2017,North Korea,PRK,1.49352499138065e-07,3.18510078755936e-03,1.12143383853652e-12,2.51629699455452e-06,3.07836067721724e-06,6.21186042608306e-07,5.60044900855107e-06,1.24011469512536e-04,5.43788780142997e-06,,,World_6,EAP_3,2.581771e+07
2011,New Zealand,NZL,1.4978631414949e-06,1.70161144666136e-02,6.64312851200703e-11,4.23183540176663e-05,1.10601793143251e-05,3.47599572523695e-06,2.11017005456744e-05,3.37505134465789e-03,3.40880931044414e-05,,,World_5,EAP_1,4384000
2010,Malta,MLT,1.23328080286235e-06,1.62444060019418e-02,1.0895105967307e-11,4.08704243073e-05,1.12496358242834e-05,1.4274598623986e-06,4.38713090300472e-05,7.88909837453195e-03,7.47103635274829e-05,,,World_5,,414508
2002,Latvia,LVA,9.91609332653472e-07,9.77659756217664e-03,3.41411138117019e-12,2.11472928691454e-05,1.36525140957775e-05,6.09365791344934e-06,1.25217993842249e-05,1.02426477100624e-03,1.23777657761787e-05,,,World_5,,2310173
2005,Gabon,GAB,1.91119146160652e-06,1.67017213413543e-02,3.41707317178865e-11,1.46512992281817e-05,2.80177300113607e-05,1.36153536499974e-05,9.80066456183007e-06,1.27854454796347e-03,1.36453471578404e-05,,SSA_3,World_8,,1463495
2018,Sierra Leone,SLE,6.33095934917915e-07,2.35946629605163e-03,1.84192436145972e-11,2.12548533784873e-06,1.01181759246374e-05,3.97404826781016e-06,1.12814325060391e-06,2.48346014561343e-04,4.17581349896921e-06,,SSA_2,World_7,,7554563
2016,Oman,OMN,6.53744134616262e-07,2.41894464967743e-02,7.76307098741725e-12,3.38773494044616e-05,7.00619179065096e-06,1.40589054259985e-06,2.04904381770038e-05,1.11347734123527e-02,2.94803475436379e-04,,,World_6,,4390877
2004,Burundi,BDI,7.03974736869356e-07,1.96707563532941e-03,7.55761740745132e-12,1.21585254528226e-06,1.20227311059251e-05,5.16684378296157e-06,6.71736050454342e-07,1.97807189597998e-03,3.85146354528171e-06,,SSA_1,World_4,,7310656
2009,Netherlands,NLD,1.30260841559179e-06,2.13082603652118e-02,1.74332838375935e-11,4.51865733052208e-05,1.23868983640671e-05,3.54528472388916e-06,2.67035635378402e-05,5.89399779132963e-03,5.49805801748783e-05,,,World_5,,1.653039e+07
2015,Azerbaijan,AZE,2.0089645715822e-07,7.43010010383685e-03,1.46440002932875e-11,1.16494625962117e-05,2.64508217034673e-06,7.17577042271434e-07,4.96807041088556e-06,8.55028836562069e-03,1.18127170668276e-04,,,World_6,,9649341
2014,Eritrea,ERI,3.67499414300202e-07,2.48232917404554e-03,2.57514005289794e-11,2.31753520203497e-06,5.16145204748042e-06,2.17534219767159e-06,1.37579995474877e-06,1.67500612995826e-03,1.39463602769755e-05,,SSA_4,World_1,,3095173
2004,Venezuela,VEN,3.34685849247915e-07,7.31140779865371e-03,4.79420597212796e-11,2.07326037523276e-05,2.54924615993706e-06,9.77812145223041e-07,6.57324365490654e-06,9.97731307909505e-04,6.47380266939708e-06,LACC_2,,World_9,,2.634084e+07
2008,Namibia,NAM,8.49134644198146e-07,7.84180097017663e-03,3.34712825142815e-10,1.9862122969955e-05,1.11330348748451e-05,2.32628475178044e-06,2.35163127601427e-05,1.18622784898247e-03,1.41588607074635e-05,,SSA_3,World_8,,2047056
2011,Iran,IRN,3.13139762530583e-07,9.53430662967738e-03,8.31656686907465e-12,1.76629889271642e-05,3.32269548977984e-06,5.81634784362387e-07,1.67669940146916e-05,2.52257909595455e-02,3.03042290483198e-04,,,World_6,,7.83836e+07
2007,Jamaica,JAM,5.83560825046802e-07,5.59245631809253e-03,2.87048598914016e-11,2.51432243890773e-05,4.30598430059242e-06,1.23438082723784e-06,2.83865072348192e-05,1.43478028712168e-03,1.10679332018721e-05,LACC_2,,World_2,,2713800
2002,Ethiopia/DR Ethiopia (1992/1993),ETH,7.42602352952341e-07,2.64878882906053e-03,9.28792617645766e-12,1.46929543407717e-06,1.07147667536546e-05,5.45498956905365e-06,9.59738600197967e-07,3.41172745892751e-04,1.73332360600015e-06,,SSA_1,World_4,,7.163552e+07
2007,Ukraine,UKR,2.25957001082713e-07,7.23943950638795e-03,4.72413924291107e-12,1.41587438553762e-05,3.10391178943488e-06,7.41906968963731e-07,1.63877549056332e-05,1.45671665326479e-03,1.3188289503848e-05,,,World_2,,4.70628e+07
2020,Cameroon,CMR,4.47500113496554e-07,2.44000059310462e-03,1.37791410370981e-11,2.47277114781434e-06,7.56676629870047e-06,3.21373652055134e-06,1.30207508997775e-06,4.43145458714694e-04,3.9329348093672e-06,,SSA_2,World_7,,2.621056e+07
2006,China,CHN,7.32978544516489e-07,6.64236201084867e-03,4.48601186959965e-12,1.28557434152028e-05,9.93534958534036e-06,2.05495610265482e-06,1.80328666517324e-05,4.35765071246784e-03,2.26628246079304e-05,,,World_6,EAP_3,1.31102e+09
2012,Iceland,ISL,1.2804342863675e-06,1.65361706805714e-02,9.90012983142032e-12,3.06306162469407e-05,1.50561802694083e-05,2.64241387749612e-06,2.64332363969978e-05,2.01868638365392e-03,1.98506682808976e-05,,,World_5,,320716
2014,Canada,CAN,1.12110411862357e-06,2.48668552433654e-02,8.97425399837066e-12,4.1458739855123e-05,1.20264408518676e-05,3.96042117656589e-06,3.02226173886134e-05,3.22405137102741e-03,2.97067165581303e-05,,,World_5,,3.543406e+07
2016,Jordan,JOR,2.23638137484064e-07,5.22019056601945e-03,4.97561508593565e-12,1.05165683321048e-05,2.6927136627287e-06,6.73843298191264e-07,1.04631767451011e-05,4.05267547759435e-03,5.08814817538933e-05,,,World_3,,1.000637e+07
2018,Australia,AUS,1.33022651748091e-06,2.57606835420521e-02,7.48323204310804e-11,5.48906405919808e-05,1.28018081756579e-05,3.94500801913815e-06,3.98773633242388e-05,7.12720514724308e-03,4.01617659169188e-05,,,World_5,EAP_1,2.496326e+07
2004,Bolivia,BOL,2.93644594075451e-07,4.1092809444751e-03,6.82326065966432e-11,4.85210252135811e-06,3.1400941788953e-06,1.57754514697083e-06,1.6938876944219e-06,3.49168557995765e-04,1.1860452168737e-06,LACC_2,,World_8,,9204287
2021,Eritrea,ERI,3.17234146974673e-07,2.47004548328544e-03,2.37617623155826e-11,2.29125859664385e-06,4.32691809989821e-06,2.03922695090062e-06,1.14616285326828e-06,,,,SSA_4,World_1,,3350183
2002,Guatemala,GTM,8.47639508844031e-07,4.89733871844593e-03,4.47922968874294e-11,1.04603713560254e-05,1.03803202634559e-05,5.20190206148642e-06,7.58717488731031e-06,9.39335001109161e-04,8.82873314128432e-06,LACC_2,,World_9,,1.224692e+07
2004,Eritrea,ERI,5.31851109893895e-07,3.50483203820299e-03,3.16500668299294e-11,5.03917115250169e-06,7.27559326132197e-06,2.66427720002379e-06,3.40217568430074e-06,5.46707710431142e-03,5.73203671951992e-05,,SSA_4,World_1,,2598284
2008,Yemen Arab Republic/Yemen (1990/1991),YEM,9.73275282097162e-08,2.53514256963797e-03,1.01088100509687e-11,4.74388457946228e-06,1.19360224112971e-06,3.58670254669573e-07,6.0918087232313e-06,6.96003857916497e-03,1.53922090888588e-04,,,World_1,,2.511194e+07
2009,Mexico,MEX,3.11596895100125e-07,7.21726573642631e-03,4.4083408010023e-11,1.30307716611878e-05,3.99325968342439e-06,1.52772601648238e-06,1.2481546411634e-05,4.1305092339586e-03,2.80700401492704e-05,LACC_2,,World_9,,1.119997e+08
2009,Estonia,EST,1.13854116033211e-06,1.59293030888533e-02,6.33573612792367e-12,4.30893646589706e-05,1.44394284692315e-05,6.32764663471646e-06,6.26647421240714e-05,1.6762828558052e-03,2.08691439654248e-05,,,World_5,,1334515
2015,Indonesia,IDN,6.15640360422834e-07,4.16632607412322e-03,2.53905273364725e-11,7.80886727221669e-06,8.4351796432447e-06,3.84883512105917e-06,8.48739078888363e-06,1.79694073010602e-03,1.15890106465018e-05,,,World_8,EAP_5,2.617992e+08
2013,Peru,PER,4.59783756936004e-07,4.36210035813658e-03,8.72954428793112e-11,9.69142887881361e-06,4.85353757045421e-06,1.80018942372807e-06,5.94371339588868e-06,1.3650687521698e-03,6.11625589086861e-06,LACC_2,,World_2,,2.981792e+07
2008,Ukraine,UKR,2.44420966445652e-07,7.63925748022167e-03,4.55670767423004e-12,1.37588913351879e-05,3.39407853565857e-06,9.22179377078302e-07,1.75897603597596e-05,1.64180754792285e-03,1.48482877421419e-05,,,World_2,,4.681918e+07
2015,Spain,ESP,5.10055145629882e-07,9.77050444600642e-03,2.22624018953857e-11,1.74615670148482e-05,5.50707634737249e-06,1.77292073807598e-06,1.14303442684899e-05,1.37736783250568e-02,6.71122294241284e-05,,,World_5,,4.644483e+07
2018,"Cote d'Ivoire",CIV,4.92055067825959e-07,2.288236185363e-03,1.31976215964041e-11,2.90240935633068e-06,7.61457355208276e-06,2.51691585163105e-06,1.47169205363735e-06,1.29741527805955e-03,2.38255950270822e-05,,SSA_2,World_7,,2.746417e+07
2019,Indonesia,IDN,6.07239638343302e-07,4.29963948001664e-03,2.70977753956918e-11,8.85851830236512e-06,8.50359921751577e-06,3.87987430041548e-06,9.84795706307181e-06,1.72530552582437e-03,1.04434556642027e-05,,,World_8,EAP_5,2.724894e+08
2020,Morocco,MAR,1.45266146776269e-07,3.13938890009651e-03,6.5392658312061e-12,4.71804886692037e-06,2.80101031525619e-06,7.89282056500731e-07,1.04024842410515e-05,8.26584599164954e-03,4.72801986974188e-05,,,World_3,,3.658421e+07
2010,Luxembourg,LUX,1.98045946795137e-06,4.05739165704531e-02,2.60102327489077e-11,7.2637059301197e-05,1.76902381233452e-05,4.74043770606384e-06,3.72385767949696e-05,5.29055373750478e-03,5.52449045561987e-05,,,World_5,,506953
2017,Gambia,GMB,2.67321840528754e-07,1.53351209911648e-03,2.23921464323945e-12,2.60804689406899e-06,3.65187239523878e-06,1.71858120423687e-06,1.64062829272758e-06,8.90273673449965e-04,1.37391909625312e-05,,SSA_2,World_7,,2342189
2011,United Kingdom,GBR,7.02788003590711e-07,1.3908086404405e-02,6.89411134588646e-12,3.01092631652683e-05,6.13131190668721e-06,1.42810723318219e-06,1.56157058798016e-05,3.77817516310369e-03,3.91482097743031e-05,,,World_5,,6.325881e+07
2018,Azerbaijan,AZE,1.6204830131856e-07,6.8036823118827e-03,1.30969233243364e-11,1.02468814324565e-05,2.10508693196285e-06,5.11941924467931e-07,3.76710694251037e-06,8.0755280500515e-03,1.01148015373524e-04,,,World_6,,9939771
2011,Honduras,HND,5.86345148708679e-07,3.38601032115379e-03,4.61834923078764e-11,5.32934342711296e-06,7.63818979753146e-06,3.5974489023316e-06,3.45786927499674e-06,8.00173705122641e-04,7.88272776230893e-06,LACC_2,,World_9,,8540583
2019,Panama,PAN,4.93859149379533e-07,5.38509837553135e-03,9.79241268958335e-11,1.45916444843101e-05,4.88672566076327e-06,1.43584830136229e-06,1.02185812904825e-05,2.05783623918201e-03,1.32654524999497e-05,LACC_2,,World_2,,4234700
2007,Kuwait,KWT,1.44171227279332e-06,4.04183562019521e-02,3.82606931476837e-11,5.18574970027102e-05,1.50032622662828e-05,3.15547245084841e-06,5.22834100689788e-05,4.64945502635697e-02,6.57646126200435e-04,,,World_3,,2507887
2012,Yugoslavia/Serbia (1991/1992),SRB,2.17550983285804e-07,1.9438737983112e-03,7.84977154910283e-12,7.9593531499992e-06,1.62311661778689e-06,4.23866004986212e-07,3.65353950929943e-06,1.48463767406654e-03,1.00192233834891e-05,,,World_2,,7201497
2004,Romania,ROU,4.87860699857681e-07,7.32540785210054e-03,6.63042449016891e-12,1.245094682583e-05,6.67953333721163e-06,2.78282431710789e-06,1.99102510324734e-05,1.42414455131599e-03,1.49776582512309e-05,,,World_2,,2.145175e+07
2019,Malaysia,MYS,4.97250425895696e-07,1.16178007511761e-02,4.2276404682439e-11,2.22287465327032e-05,6.3173041841672e-06,1.72408695627513e-06,1.79630124765362e-05,3.13252577930659e-03,3.80895619573294e-05,,,World_3,EAP_4,3.34406e+07
2019,Honduras,HND,5.70544701235929e-07,2.8636111737677e-03,4.06483277334259e-11,5.8044134092015e-06,7.48660160072606e-06,3.490981975861e-06,2.67596083152373e-06,5.06625691376505e-04,5.01313287208423e-06,LACC_2,,World_9,,9943633
2017,Niger,NER,2.84795211756176e-07,1.98082775589977e-03,3.19547436397146e-12,1.90617504578381e-06,4.05752102260267e-06,2.04123256990517e-06,7.2704921620124e-07,8.32964188440875e-04,9.833759638596e-06,,SSA_2,World_7,,2.143545e+07
2017,Gabon,GAB,1.72146455628089e-06,1.30956643022754e-02,4.83324920690264e-11,1.42691289956258e-05,2.72794517845379e-05,1.32596909968491e-05,7.97366945673865e-06,1.38664692195636e-03,1.67338981693773e-05,,SSA_3,World_8,,2156900
2012,Denmark,DNK,1.31453586132287e-06,1.90320058880138e-02,1.10623192494934e-11,4.15224365502796e-05,1.2322866135802e-05,3.53862368661666e-06,2.49329377061644e-05,3.03127657809584e-03,3.18081602884838e-05,,,World_5,,5591572
2020,Honduras,HND,5.66227857576238e-07,3.055717655216e-03,4.06990467566534e-11,1.21569648129155e-05,7.70375986812073e-06,3.53569357080707e-06,8.03561009400433e-06,8.65339785730465e-04,7.16356209964363e-06,LACC_2,,World_9,,1.011964e+07
2011,Liberia,LBR,1.13723594646244e-06,3.11221018264041e-03,3.75759617386796e-11,3.12660354030958e-06,1.84162894272728e-05,8.07980715821074e-06,2.01879153944042e-06,8.61830787299995e-05,1.25313840336733e-06,,SSA_2,World_7,,4221178
2009,India,IND,4.51467885715418e-07,2.7032395109049e-03,4.90745781917186e-12,5.2417561300791e-06,6.01253972924746e-06,2.26273418086382e-06,6.04190066133809e-06,5.07300132694413e-03,6.27163310768082e-05,,,World_7,,1.225525e+09
2012,Iraq,IRQ,3.26722449110101e-07,6.02564818267058e-03,5.1666896427532e-12,1.98413671922008e-05,2.47981491830563e-06,3.46521139684598e-07,2.32715125372089e-05,1.32912549678587e-02,1.33503149941829e-04,,,World_6,,3.365484e+07
2009,Eritrea,ERI,4.81527376917976e-07,2.89752348411211e-03,2.78411014557113e-11,3.31096439062744e-06,7.05117526367726e-06,2.62479614278033e-06,2.2228351753544e-06,2.44967781674572e-03,1.92819141528799e-05,,SSA_4,World_1,,2887885
2003,Egypt,EGY,1.06520895871746e-07,2.5503988647143e-03,1.21524047720648e-12,2.7731930533971e-06,1.30679673898189e-06,4.64285158402412e-07,3.79979157498665e-06,5.79653450274716e-02,6.47747838915142e-04,,,World_6,,7.785355e+07
2019,Algeria,DZA,3.47365311074097e-07,5.99626511548702e-03,4.33499586479352e-12,1.28332194833473e-05,2.17570109674947e-06,4.23278519485282e-07,2.67273732045142e-06,1.39198362915488e-03,2.09987145527246e-05,,,World_3,,4.329454e+07
2016,Burkina Faso,BFA,4.95038049335394e-07,2.1163436682667e-03,2.15314881168362e-12,2.07679836529307e-06,7.39465966641862e-06,3.41553407579796e-06,1.13298880441033e-06,3.16934690879942e-04,3.33584481200464e-06,,SSA_2,World_7,,1.933486e+07
2007,Moldova,MDA,1.89567335473949e-07,5.53874197597341e-03,2.67886565132296e-12,1.19144794724894e-05,2.19833716113165e-06,5.35907731714014e-07,7.06487963836431e-06,5.9199767547482e-04,7.32537590265644e-06,,,World_2,,2874299
2014,Myanmar,MMR,5.42147755412162e-07,3.70025542014951e-03,1.61131928622592e-11,2.96350758423772e-06,8.07843861726789e-06,3.99452669727488e-06,1.86675567743715e-06,3.94586054919279e-04,8.10558979764221e-06,,,World_1,EAP_2,5.068163e+07
2007,Liberia,LBR,1.10695044644963e-06,2.98631465958382e-03,4.22934883040517e-11,2.68626767405378e-06,1.78484414035057e-05,7.91826648801597e-06,1.60213121668154e-06,8.01208400145662e-05,8.70918913474959e-07,,SSA_2,World_7,,3669050
2007,Sudan/North Sudan (2010/2011),SDN,6.9171332418116e-07,4.28165738792831e-03,8.17216253553922e-12,5.61066662910754e-06,1.07101520078683e-05,3.31471460090231e-06,3.01257603803046e-06,6.05185589289176e-03,1.34006439151821e-04,,SSA_4,World_1,,3.276414e+07
2013,Netherlands,NLD,1.12021389430504e-06,1.92769418828104e-02,1.43549347637055e-11,3.82023258840144e-05,1.11395241204106e-05,3.02700203059212e-06,2.31420099321949e-05,5.01610453772964e-03,4.72326184265382e-05,,,World_5,,1.680443e+07
2011,El Salvador,SLV,4.53454926638037e-07,4.32180388251777e-03,2.70627856305226e-11,2.22376729439237e-05,4.6681225813899e-06,2.00253307165542e-06,1.64283666254848e-05,8.35653824801447e-04,6.47010549418442e-06,LACC_2,,World_9,,6090127
2007,Myanmar,MMR,5.43737681944827e-07,3.36174118307167e-03,1.7251271117625e-11,2.3384548327614e-06,7.82458655050605e-06,4.28280491912818e-06,9.28439062316099e-07,1.47270389758069e-04,2.95103357455307e-06,,,World_1,EAP_2,4.812504e+07
2003,Uzbekistan,UZB,3.09585945554372e-08,4.35215225866861e-03,3.01064822179172e-12,5.00353950289636e-06,4.76931216727364e-07,5.82286470387803e-08,2.48614580731364e-06,5.74997104157078e-03,1.88334216734651e-04,,,World_6,,2.571126e+07
2008,Eritrea,ERI,4.73051256412309e-07,2.87989588768499e-03,2.83781325117851e-11,3.1836130150829e-06,6.99972680050679e-06,2.56030476380241e-06,2.09129369037028e-06,2.01164667303226e-03,1.69173961588216e-05,,SSA_4,World_1,,2816327
2007,Rwanda,RWA,3.92314592423837e-07,1.28198133303362e-03,1.02851073856768e-11,1.068101893777e-06,6.35021450967569e-06,2.5287197172654e-06,7.29788964479295e-07,1.99885097705891e-03,3.40218430683491e-06,,SSA_4,World_7,,9549933
2011,Sudan/North Sudan (2010/2011),SDN,6.22651189889745e-07,4.74353565101198e-03,3.79227009509511e-12,5.66956683666834e-06,8.68809865566536e-06,3.12442617223176e-06,2.38927228701983e-06,1.29756903278747e-02,3.85870612056432e-04,,SSA_4,World_1,,3.614081e+07
2009,Poland,POL,5.92970279101398e-07,1.10139023286333e-02,4.07257173173225e-12,1.60264181031943e-05,8.48038213911426e-06,2.02310509392743e-06,2.06139603296247e-05,9.52115607145914e-04,1.77415993214714e-05,,,World_5,,3.81516e+07
2007,Denmark,DNK,1.66371904803747e-06,2.24710094725193e-02,1.43203694589196e-11,5.65032011197615e-05,1.48640501990274e-05,4.22420428452063e-06,3.27047462713265e-05,3.88510075100973e-03,3.83204107867186e-05,,,World_5,,5461438
2008,Turkey,TUR,5.03278144495394e-07,7.91869782350015e-03,1.80305940682063e-11,1.34929161878245e-05,6.81356829095602e-06,2.1237085388951e-06,2.21594087520606e-05,9.08389583103444e-03,7.18508993441356e-05,,,World_3,,7.105168e+07
2009,Latvia,LVA,1.17340298256335e-06,1.08607701838302e-02,3.3755971285185e-12,2.14204557850439e-05,1.60410534607508e-05,7.34795736581773e-06,1.25740283912786e-05,1.67234861472552e-03,2.01032471932433e-05,,,World_5,,2141669
2006,Angola,AGO,4.51969591582512e-07,3.23262370848606e-03,2.33308101542792e-11,3.08106585872381e-06,6.50607271234797e-06,3.03797193916644e-06,3.00614622666487e-06,1.90548952106009e-03,1.84104184304012e-05,,SSA_1,World_4,,2.001528e+07
2011,Venezuela,VEN,4.23157867520462e-07,8.45849823162895e-03,5.18359621004675e-11,1.89617773261678e-05,3.37929708854612e-06,1.08142163728874e-06,9.22910552484498e-06,1.38277569625343e-03,9.24939134264469e-06,LACC_2,,World_9,,2.918521e+07
2016,Madagascar,MDG,4.44400614468509e-07,2.03065537372222e-03,2.54824267921858e-10,1.75957204167254e-06,6.74550077937492e-06,2.78887172479568e-06,1.46954922196438e-06,6.70995695672766e-04,7.34267983241709e-06,,SSA_2,World_7,,2.609995e+07
2008,Malta,MLT,1.04037640734258e-06,1.57115827874484e-02,1.10658313374871e-11,3.99944661615632e-05,1.00636191656217e-05,1.30873650331741e-06,4.56607024993261e-05,7.00221620247008e-03,7.1795097205674e-05,,,World_5,,409379
2013,Malaysia,MYS,5.90314281125518e-07,1.07596404575982e-02,3.33952547556766e-11,2.05903788170617e-05,6.69788087219304e-06,1.98454215085842e-06,1.71064596246083e-05,2.17244424642365e-03,2.91206260721008e-05,,,World_3,EAP_4,3.017426e+07
2018,Turkmenistan,TKM,1.91658277750635e-07,9.60898648409051e-03,1.50404208183228e-11,1.30396468144632e-05,1.88322792341759e-06,3.03138961174217e-07,5.11415441577066e-06,1.49071770568621e-02,4.64999444634764e-04,,,World_6,,6655524
2015,Honduras,HND,6.01969021483162e-07,3.53496294911289e-03,4.43201358065555e-11,6.38589910945584e-06,8.16472166211919e-06,3.79859099875966e-06,3.70136537066804e-06,6.3350743738395e-04,6.41193863060576e-06,LACC_2,,World_9,,9237305
2009,Saudi Arabia,SAU,1.45316189040884e-06,2.68219960626249e-02,3.10297073651164e-11,7.48075313357235e-05,1.20396701700219e-05,2.70003899073439e-06,9.94143679688045e-05,3.85408944590738e-02,7.60093488232626e-04,,,World_6,,2.421765e+07
2012,Mali,MLI,2.80039999999703e-07,1.55051293958833e-03,3.39809120459705e-12,1.58394445296155e-06,4.52595658991782e-06,1.76171483604063e-06,9.26224308936664e-07,1.27064228410103e-03,6.8030828388665e-06,,SSA_2,World_7,,1.695703e+07
2016,Philippines,PHL,2.96414555612545e-07,3.26029026725418e-03,2.51510397958421e-11,6.03767281430289e-06,3.85541754141703e-06,1.56928510365834e-06,5.08805871700716e-06,5.35808364866539e-04,9.34047217744666e-06,,,World_8,EAP_5,1.067357e+08
2016,India,IND,4.51339638307784e-07,3.06982230628924e-03,5.18249292741876e-12,6.17564722968572e-06,6.10334544703105e-06,2.103887630667e-06,7.47019215077958e-06,5.12408516752012e-03,6.36072055783023e-05,,,World_7,,1.343944e+09
2018,Eritrea,ERI,3.45523808766465e-07,2.46446431486069e-03,2.47494633515278e-11,2.65212747343565e-06,4.78022948281747e-06,2.13197611094102e-06,1.49526076106026e-06,2.2644810571534e-03,1.97230639632493e-05,,SSA_4,World_1,,3192760
2014,Italy,ITA,5.63886654533532e-07,1.11997192620492e-02,1.46552265309718e-11,1.91688592343437e-05,6.23661595958953e-06,2.11752804179599e-06,1.19305307398525e-05,4.16892187582326e-03,3.75340759009767e-05,,,World_5,,6.078914e+07
2018,Oman,OMN,6.42181257540804e-07,2.32820793655133e-02,7.97166931142175e-12,3.27224377157993e-05,6.87441259438571e-06,1.4188042900473e-06,2.02021882114561e-05,1.32705674348652e-02,3.47071387724393e-04,,,World_6,,4597877
2006,India,IND,3.97891270086616e-07,2.42462788574207e-03,5.26261585362545e-12,4.37385571811427e-06,5.21472803036327e-06,2.13122234144713e-06,4.62732563358788e-06,5.30769612511707e-03,6.4045635703752e-05,,,World_7,,1.172879e+09
2008,Venezuela,VEN,4.37000727746415e-07,8.75242931148067e-03,5.61280011897694e-11,2.0093254246798e-05,3.49190983837801e-06,1.16607037265302e-06,8.20654096081846e-06,1.27128581728945e-03,9.21448657695407e-06,LACC_2,,World_9,,2.80537e+07
2021,Oman,OMN,7.37339161719705e-07,2.50052272339471e-02,9.06009483945837e-12,3.45307065331255e-05,7.42788785339615e-06,1.70368304245181e-06,2.19936569009517e-05,,,,,World_6,,4500424
2015,Senegal,SEN,3.20033255324648e-07,2.18600005689088e-03,3.58400132601479e-12,4.59770601103481e-06,3.95831816956985e-06,1.36271784629757e-06,4.77588709588537e-06,5.38337666399741e-03,2.83757286950641e-05,,SSA_2,World_7,,1.459333e+07
2011,Turkmenistan,TKM,1.8483637880682e-07,8.96440349715286e-03,1.31807614390762e-11,1.17950729408357e-05,1.45351236159261e-06,1.24125288556009e-07,5.86594344637453e-06,1.81686251252519e-02,6.20302503281962e-04,,,World_6,,5683417
2014,Djibouti,DJI,5.12095325016477e-07,6.01997937726083e-03,2.77084447361104e-11,8.70942523180359e-06,6.2282023785969e-06,2.39028317550156e-06,6.49900375405549e-06,7.60792511121895e-03,1.0424594430414e-04,,,World_1,,1002717
2017,Guatemala,GTM,9.34900736796539e-07,4.79922761873111e-03,1.88093533798749e-11,8.04468405794594e-06,1.38674838615748e-05,6.65491731678909e-06,5.51656884532191e-06,6.56783614274063e-04,5.64674756107403e-06,LACC_2,,World_9,,1.656736e+07
2010,Mozambique,MOZ,3.30581327154356e-07,1.48663791364378e-03,1.77971172384537e-11,1.86087010659294e-06,4.59812719910531e-06,2.14650544863275e-06,1.43909969498717e-06,1.74869979170303e-04,2.54443773572935e-06,,SSA_2,World_7,,2.299924e+07
2009,Bangladesh,BGD,1.98425090188697e-07,1.7952420299814e-03,2.58751946855951e-12,2.27507422341618e-06,2.77815778939336e-06,1.37475835103687e-06,9.97626643360548e-07,5.26152906886434e-04,8.00004495991455e-06,,,World_1,,1.508737e+08
2011,Japan,JPN,7.56200319400608e-07,1.54973491353765e-02,1.21729448146872e-11,2.97600301953878e-05,7.36150144823659e-06,1.66101282967117e-06,2.03982214366143e-05,2.9110328549161e-03,3.08091143783167e-05,,,World_5,EAP_1,1.27833e+08
2002,Angola,AGO,5.14748834143241e-07,3.60826468600475e-03,2.60237619108714e-11,3.15896052765379e-06,7.45245363315876e-06,3.32497749456015e-06,2.98851781303982e-06,1.77497382366992e-03,1.95039428569152e-05,,SSA_1,World_4,,1.73277e+07
2016,Ecuador,ECU,4.07712455255352e-07,4.76372629007207e-03,6.21144211082209e-11,1.73482517072945e-05,2.99840030967273e-06,7.90055216109898e-07,1.33654219964658e-05,5.21460306687261e-04,4.90993456027677e-06,LACC_2,,World_2,,1.650514e+07
2013,Ecuador,ECU,4.54574310355779e-07,5.51009419593539e-03,8.43522029936811e-11,1.78878505272225e-05,3.4957176628634e-06,8.11902821597415e-07,1.61656239265733e-05,5.9614917040647e-04,5.46477552807831e-06,LACC_2,,World_2,,1.580713e+07
2004,Botswana,BWA,9.59930442224508e-07,8.61546151485696e-03,9.25593286612786e-11,2.46186251288238e-05,1.27113675774828e-05,4.64060440206299e-06,2.63540126941139e-05,1.25263421459151e-03,1.35946775564217e-05,,SSA_3,World_8,,1807146
2011,Malawi,MWI,3.17820013998563e-07,1.5182562298963e-03,4.87246390183303e-12,1.53135569438788e-06,4.40357466545147e-06,2.04548678931287e-06,1.21090447912249e-06,1.7058183541222e-04,3.02402834417215e-06,,SSA_2,World_7,,1.526502e+07
2005,Mali,MLI,2.87318736096623e-07,1.59149585631181e-03,4.0826667706304e-12,1.27804804899083e-06,4.75210729781768e-06,1.89527532265049e-06,7.70492560281068e-07,1.4730916713743e-03,8.31984739421369e-06,,SSA_2,World_7,,1.353865e+07
2008,Sierra Leone,SLE,6.64319110884803e-07,2.0724285490214e-03,2.21452796247299e-11,1.5422155166564e-06,1.05969312148238e-05,4.41553479802796e-06,8.110473703794e-07,2.57706825877604e-04,4.81917737332034e-06,,SSA_2,World_7,,5894722
2008,Algeria,DZA,4.65137874123447e-07,5.26216466864772e-03,7.54193978569973e-12,1.01313048220415e-05,2.61828232770371e-06,5.01854227363449e-07,3.87921481156342e-06,2.38600640812503e-03,2.62210902278675e-05,,,World_3,,3.481696e+07
2021,Mozambique,MOZ,1.83003367702211e-07,1.89053391880307e-03,1.58164770848315e-11,2.68301682729259e-06,2.41326533041458e-06,8.50830534573307e-07,1.7475128835844e-06,,,,SSA_2,World_7,,3.17078e+07
2011,Israel,ISR,8.47441346885641e-07,1.63664193397446e-02,1.19698153032424e-11,4.05232614920339e-05,1.10256191851472e-05,2.15384006513307e-06,3.04452882253904e-05,7.69764671968332e-03,7.92771427571439e-05,,,World_5,,7765800
2020,United Arab Emirates,ARE,8.99291035717899e-07,1.82689682104085e-02,6.09330104324153e-12,5.10587212856176e-05,7.79694201707065e-06,1.07736306983149e-06,1.13553358917697e-05,4.21312023907244e-03,6.36745856184122e-05,,,World_6,,9401038
2019,Uzbekistan,UZB,5.9009523144973e-08,5.17832199976815e-03,5.93790719281213e-12,4.61186121015423e-06,1.1480995402567e-06,1.73746167871293e-07,3.4135813081671e-06,2.89233473882061e-03,9.33303832945724e-05,,,World_6,,3.29647e+07
2012,Honduras,HND,5.73365563179656e-07,3.25962756276699e-03,4.52486309613718e-11,5.27433662750513e-06,7.69291694971239e-06,3.58745508548935e-06,3.46172669336289e-06,5.87275214831367e-04,5.67443505646415e-06,LACC_2,,World_9,,8715076
2007,Equatorial Guinea,GNQ,7.16099698963226e-07,1.20985601245445e-02,3.43211314092936e-11,1.15213537425631e-05,1.00226427319508e-05,2.81297546141855e-06,1.02675557589303e-05,3.67397116548786e-03,3.546412765788e-05,,SSA_4,World_1,,1036044
2004,Croatia,HRV,9.26606961000539e-07,1.04121204597865e-02,9.01483120883392e-12,2.13585608124693e-05,1.21226063913742e-05,4.79131074363702e-06,2.53287497415718e-05,2.02906069728019e-03,1.88275554237972e-05,,,World_5,,4304600
2015,Kenya,KEN,6.77210715814325e-07,3.00352804505127e-03,9.22179288425419e-12,3.73037857593937e-06,9.90752730785528e-06,3.31552164138913e-06,2.19887230964829e-06,7.17071933859289e-04,1.22016584230708e-05,,SSA_2,World_7,,4.708853e+07
2012,Turkmenistan,TKM,2.13953423204244e-07,9.6091013394001e-03,1.42209629275364e-11,1.30081573811608e-05,1.61782208753346e-06,1.53460802109585e-07,6.17974641315742e-06,1.59092681938555e-02,5.48520642244124e-04,,,World_6,,5808546
2013,United States of America,USA,1.03296100956849e-06,2.29241455972773e-02,1.24537290520054e-11,4.29797983926609e-05,1.10535646537936e-05,3.03765141106029e-06,3.77804709882922e-05,5.14263939736452e-03,4.74735178638795e-05,,,World_5,,3.160599e+08
2018,Chile,CHL,7.6311749070832e-07,9.73735774079552e-03,1.31333065864402e-11,2.17840886305567e-05,1.26296494492525e-05,3.19643931165984e-06,2.46671582563681e-05,2.56630050562527e-03,1.38878361420044e-05,LACC_1,,World_5,,1.889319e+07
2002,Bulgaria,BGR,3.99647269558151e-07,7.19985216537088e-03,6.95223940750533e-12,1.67161881203207e-05,5.48577757969498e-06,1.81317922086816e-06,4.65448001007116e-05,1.29567302550306e-03,1.55821951535363e-05,,,World_2,,7837161
2012,India,IND,4.87237451849407e-07,2.89195903359299e-03,4.92132430361423e-12,5.8359265197678e-06,6.37738281097268e-06,2.31015620253232e-06,7.12036825401844e-06,5.02841495033212e-03,6.31669541122522e-05,,,World_7,,1.278675e+09
2014,Nepal,NPL,7.72939926627842e-07,3.63323013760195e-03,7.3530553545319e-12,3.13620906961644e-06,1.09596043244424e-05,5.39983309344032e-06,2.32980131754199e-06,1.4752541790567e-03,1.64880136678533e-05,,,World_7,,2.767237e+07
2004,Costa Rica,CRI,6.88450416511674e-07,4.70432635597939e-03,6.9917757002879e-11,1.40433061450613e-05,5.13628553629964e-06,2.17914009403409e-06,7.27854179402144e-06,3.72488974345636e-03,2.80833150182499e-05,LACC_1,,World_5,,4200078
2019,Austria,AUT,9.32078611136422e-07,1.61767482990704e-02,1.02738386971068e-11,3.37526089040977e-05,8.15359561342251e-06,2.06983551561576e-06,1.48975187022752e-05,2.23513482775577e-03,1.97391214496738e-05,,,World_5,,8879920
2018,United Kingdom,GBR,6.06420713323298e-07,1.21776526008974e-02,6.42306355583609e-12,2.63783710225498e-05,5.73811641772069e-06,1.59116254497699e-06,1.14028696707497e-05,3.13992896557601e-03,3.14298039445542e-05,,,World_5,,6.646034e+07
2015,Jordan,JOR,2.23947466577595e-07,5.54239152635481e-03,4.98903110660387e-12,1.28821859560552e-05,2.50592709997759e-06,6.20272443374185e-07,1.76437611570718e-05,4.84356826656508e-03,6.06479971836789e-05,,,World_3,,9544729
2013,Central African Republic,CAF,3.1244903321583e-07,2.25239403744957e-03,6.94666921655876e-12,1.40877335985529e-06,4.57124436739947e-06,2.12234087874894e-06,6.52552961292942e-07,3.11322993929772e-04,1.82156424499688e-06,,SSA_1,World_4,,4642419
2012,Guinea,GIN,8.13419801240903e-07,3.52037471767828e-03,1.69704552996113e-11,3.29926959409409e-06,1.3047665756872e-05,5.61215450606466e-06,2.00886613152553e-06,7.23371203685811e-04,4.38545977482227e-06,,SSA_1,World_4,,1.092158e+07
2019,Somalia,SOM,7.21412367807259e-07,3.30164331690881e-03,3.04358506660861e-11,1.53358043109821e-06,1.10937807846566e-05,4.74766137104352e-06,6.4602553065664e-07,4.73996461831418e-04,3.06039859956605e-06,,SSA_1,World_4,,1.603097e+07
2012,Venezuela,VEN,5.33570726663201e-07,1.01908160898188e-02,5.9865801436232e-11,2.4420737417712e-05,4.24435570625292e-06,1.30928740124815e-06,1.17627714739485e-05,1.73142961143467e-03,1.20693886013076e-05,LACC_2,,World_9,,2.955383e+07
2018,Bahrain,BHR,7.09175248610869e-07,2.17206306808811e-02,1.39073615290134e-11,3.11625022147423e-05,9.45444588657892e-06,2.53856706693344e-06,1.76981624019793e-05,2.15605728407323e-02,4.01383075500399e-04,,,World_6,,1503091
2018,Belarus,BLR,3.09684504513972e-07,8.62289170207677e-03,4.86337576897835e-12,1.10355022718135e-05,4.89326241490126e-06,1.77247965610364e-06,8.2285811672618e-06,1.58777248679261e-03,1.51030227579853e-05,,,World_3,,9438785
2002,Australia,AUS,1.87190127550509e-06,2.87671063395173e-02,1.22899282153427e-10,7.41275496729217e-05,1.71992146775298e-05,5.96452789379858e-06,4.59533517303721e-05,8.60550299359453e-03,4.4503896590628e-05,,,World_5,EAP_1,1.949521e+07
2017,Australia,AUS,1.4826608255091e-06,2.71156726271653e-02,9.09869939957373e-11,5.82650307062055e-05,1.37842461081197e-05,4.55607515051738e-06,4.16072313669639e-05,7.11550682296719e-03,3.78971292736542e-05,,,World_5,EAP_1,2.459259e+07
2016,Macedonia,MKD,4.16597172064771e-07,7.18922896185013e-03,1.00506597194939e-11,1.12478308264794e-05,6.89283417846497e-06,1.9296965097477e-06,2.62999700018053e-05,1.15681316679689e-02,1.10895096209366e-04,,,World_2,,1906313
2018,Kazakhstan,KAZ,4.89543349212574e-07,1.44325874675836e-02,1.23649245614101e-11,2.72901933787335e-05,7.54608740923252e-06,6.12841551299876e-07,5.30733933374424e-05,4.86144711391994e-03,7.66775811203209e-05,,,World_3,,1.893273e+07
2010,Malawi,MWI,3.17119418035833e-07,1.55237155757249e-03,5.33007292392987e-12,1.72991856123338e-06,4.49478262072297e-06,1.9964392696321e-06,1.70385712766673e-06,2.5469818687384e-04,5.19914859625294e-06,,SSA_2,World_7,,1.482646e+07
2013,Macedonia,MKD,4.26895628048124e-07,6.87614603047486e-03,9.92255386778276e-12,1.13175924007842e-05,7.24855738273765e-06,2.09701625774923e-06,2.96885022183613e-05,1.29166520585135e-02,6.44318427456603e-05,,,World_2,,1922716
2017,Cameroon,CMR,4.85122649434273e-07,2.57848251172401e-03,1.45306828417083e-11,2.74188997794197e-06,8.01869001882044e-06,3.45086087511449e-06,1.49863032573009e-06,3.18498060894436e-04,3.03097084482079e-06,,SSA_2,World_7,,2.41286e+07
2017,Dominican Republic,DOM,4.40406174790708e-07,4.4278289205817e-03,5.19846190970145e-11,1.35594921144822e-05,5.17192033310266e-06,1.80981667124158e-06,1.11067157327068e-05,1.76512812845087e-03,3.47536052502141e-05,LACC_2,,World_9,,1.066684e+07
2006,Peru,PER,3.62525824311416e-07,3.20303710542486e-03,8.75006946108594e-11,6.72345556419797e-06,4.12407044209086e-06,1.70864000692637e-06,4.9500847594007e-06,1.14085669093175e-03,4.78893880816938e-06,LACC_2,,World_2,,2.832449e+07
2009,Gambia,GMB,3.57592431313805e-07,1.74565226373716e-03,3.03954252746883e-12,2.63902233364413e-06,4.97938057765352e-06,2.09014238617396e-06,1.71563432899069e-06,1.05583183704203e-03,2.08451366598591e-05,,SSA_2,World_7,,1871422
2017,Costa Rica,CRI,6.50454180586887e-07,5.51506159992632e-03,4.93186172556525e-11,1.45761638768497e-05,4.66811298357417e-06,1.90578477914113e-06,6.55835656804223e-06,3.85800959598917e-03,2.67261518692996e-05,LACC_1,,World_5,,4913177
2002,Morocco,MAR,2.26344109339334e-07,2.52281584827486e-03,7.8986345722808e-12,5.12861000177576e-06,2.79452367531203e-06,8.51558180665003e-07,9.06293382198754e-06,9.99838080317409e-03,7.48646147474644e-05,,,World_3,,2.919814e+07
2015,Bhutan,BTN,3.4437320923393e-06,1.21786526398597e-02,4.40778808233261e-11,3.2509434109166e-05,4.38533562368169e-05,2.0529756017987e-05,1.1944976134147e-05,7.14634522674372e-03,1.01211577787382e-04,,,World_7,,740618
2016,Colombia,COL,5.04021740519581e-07,4.99277079617293e-03,9.45508649814094e-11,1.17658183748363e-05,5.55758603578752e-06,2.13001014678091e-06,6.17983996789994e-06,7.39262851018234e-04,7.23234060580787e-06,LACC_2,,World_9,,4.743751e+07
2002,Belgium,BEL,1.06475321536941e-06,1.92520728511924e-02,1.72547384642381e-11,4.02936718246416e-05,9.61077896965028e-06,2.88099889031412e-06,2.36658469040784e-05,5.04190052496345e-03,6.91317277230357e-05,,,World_5,,1.033279e+07
2007,Azerbaijan,AZE,1.21590765656974e-07,5.03096351476454e-03,1.37098850561445e-11,8.05869461166927e-06,1.49593778986926e-06,4.76465180423094e-07,5.5885368188762e-06,9.90479043134619e-03,1.18356403407737e-04,,,World_6,,8581300
2014,Portugal,PRT,4.68034962483344e-07,9.02871451854736e-03,1.96380221044647e-11,1.4229262071395e-05,5.57331449867481e-06,2.3148716899365e-06,9.43802061463095e-06,7.99480865867854e-03,3.73228306206527e-05,,,World_5,,1.040106e+07
2014,United States of America,USA,1.01326035774706e-06,2.31066867310779e-02,1.25731065133596e-11,4.18894657745052e-05,1.10985628056986e-05,3.05397414098355e-06,3.73974692295309e-05,4.95608843183556e-03,4.70992261294643e-05,,,World_5,,3.183863e+08
2010,Switzerland,CHE,1.36513858439243e-06,2.03414371961657e-02,1.30633370810829e-11,5.07562487063163e-05,1.20846539473434e-05,3.12437430739191e-06,3.10910499288866e-05,5.06170859630198e-03,3.71017420676522e-05,,,World_5,,7824909
2004,Dominican Republic,DOM,4.85084011102981e-07,3.58242102665914e-03,4.42286203995163e-11,1.42862880309647e-05,4.65485269141932e-06,1.77351649563972e-06,1.09245530100207e-05,1.2741553909406e-03,2.07721425271352e-05,LACC_2,,World_9,,9104892
2008,New Zealand,NZL,1.48412209254336e-06,1.75932590367294e-02,6.43312185919412e-11,4.57599685142481e-05,1.13373311103328e-05,3.56654916259355e-06,2.43762002429196e-05,3.28459195444127e-03,2.97642495538598e-05,,,World_5,EAP_1,4259800
2010,Netherlands,NLD,1.30123843128758e-06,2.12445893656295e-02,1.64741944961878e-11,4.56539758002805e-05,1.23754432289005e-05,3.37957395713059e-06,2.59071448910988e-05,6.33461305442272e-03,5.85250374486887e-05,,,World_5,,1.661539e+07
2012,Bulgaria,BGR,4.90446299328568e-07,8.01008874337044e-03,7.57017012786714e-12,1.31239902855377e-05,6.54595995917281e-06,2.34567661383576e-06,4.83372448378877e-05,1.70163152403617e-03,1.51282328538341e-05,,,World_2,,7305888
2010,Lithuania,LTU,8.2274594655138e-07,1.10071317408971e-02,5.01197315493345e-12,2.068243631685e-05,1.04693533895042e-05,4.21583161527804e-06,1.408744467221e-05,2.89943633323612e-03,3.74507898775623e-05,,,World_5,,3097282
2016,Yugoslavia/Serbia (1991/1992),SRB,1.77929654069474e-07,2.29554069946922e-03,7.5332657315322e-12,8.13362394144232e-06,1.3508433052734e-06,3.7861206175425e-07,3.66693714735004e-06,1.05855038833409e-03,7.30853176526744e-06,,,World_2,,7058322
2006,Bangladesh,BGD,1.93720206274843e-07,1.66329473058893e-03,2.50492939258735e-12,1.82584776349614e-06,2.6832377802175e-06,1.34666958521787e-06,9.70190462420125e-07,4.86490748220833e-04,7.08582831480845e-06,,,World_1,,1.46406e+08
2007,Iraq,IRQ,2.88209482525868e-07,4.47058297000892e-03,5.3318615203352e-12,1.11003226572676e-05,1.74210171224143e-06,2.8047830790069e-07,1.12117945990042e-05,1.36933224811443e-02,1.59211197236677e-04,,,World_6,,2.839161e+07
2020,Somalia,SOM,7.10233572982311e-07,3.27207022170731e-03,2.94806099939171e-11,1.56309313320299e-06,1.09617588387285e-05,4.61387625889072e-06,6.21597207384499e-07,5.09887953856508e-04,3.18214096879682e-06,,SSA_1,World_4,,1.665119e+07
2002,Greece,GRC,6.28292232535172e-07,1.57059981807519e-02,2.80532608199255e-11,3.64220730271639e-05,6.77728771601085e-06,1.87771025656016e-06,4.28974508254836e-05,2.29042881749672e-02,9.23735579711103e-05,,,World_5,,1.090202e+07
2003,El Salvador,SLV,4.55741075892274e-07,3.76635473040057e-03,2.5796077621015e-11,1.4709730683857e-05,4.26082652603321e-06,1.89031438051907e-06,9.77653535013386e-06,7.82568869000822e-04,7.63238017449186e-06,LACC_2,,World_9,,5998599
2004,Burkina Faso,BFA,4.29404746435841e-07,1.83941729695082e-03,2.96817658369845e-12,1.57124130735589e-06,6.61601957473599e-06,2.84379308144034e-06,9.88661522469861e-07,3.9991704482231e-04,3.10670036315097e-06,,SSA_2,World_7,,1.350053e+07
2019,Croatia,HRV,7.92249322136464e-07,9.27936009392701e-03,7.59189307571412e-12,1.22499091957727e-05,1.21028865591027e-05,5.00354142514165e-06,1.6738272141258e-05,1.75247885270242e-03,1.59668947993068e-05,,,World_5,,3949390
2015,Gambia,GMB,2.86151763784927e-07,1.62787663115057e-03,2.29425859932551e-12,2.59554181306046e-06,3.89794981121523e-06,1.74661316629899e-06,1.62403224202486e-06,9.30807490057949e-04,1.93362605311181e-05,,SSA_2,World_7,,2224529
2012,Liberia,LBR,1.15273501388609e-06,3.19776607046235e-03,3.64770916094895e-11,3.18778697748067e-06,1.85659732056905e-05,8.20339333339784e-06,1.98323908872852e-06,1.53821233173051e-04,1.9599108009567e-06,,SSA_2,World_7,,4373043
2019,Turkmenistan,TKM,1.80648655636206e-07,8.83820222903216e-03,1.47549018172194e-11,1.2040914076882e-05,2.41040033354525e-06,3.32330442946087e-07,4.79029718317846e-06,1.54952320709465e-02,4.93291552443641e-04,,,World_6,,6803944
2019,Oman,OMN,7.01253083024901e-07,2.32546544944336e-02,7.75417059288317e-12,3.23574636494377e-05,7.27487233700989e-06,1.65487329393131e-06,2.11500274580842e-05,1.51072914877258e-02,3.74552736270072e-04,,,World_6,,4591241
2002,Mexico,MEX,3.82377241879692e-07,7.7405145900479e-03,5.08089547112241e-11,1.79600018885733e-05,4.4936616355542e-06,1.81528895084837e-06,2.07785274916346e-05,5.0531072977875e-03,3.39437842323107e-05,LACC_2,,World_9,,1.015486e+08
2015,Morocco,MAR,1.75141567163283e-07,3.06619043597757e-03,6.90138904992775e-12,4.99428057405922e-06,2.95734953696317e-06,8.47531083105535e-07,9.98664306438183e-06,8.63549281176642e-03,4.79978595303741e-05,,,World_3,,3.460759e+07
2003,Hungary,HUN,4.72000240005163e-07,1.02804802135969e-02,4.95479618339e-12,2.06875674282921e-05,5.76179070471654e-06,1.69952021677193e-06,2.04591225597342e-05,1.21200327003015e-03,1.28211372746249e-05,,,World_5,,1.012955e+07
2003,Algeria,DZA,3.6101171531162e-07,4.37489564355856e-03,6.87397267562236e-12,7.21604670884265e-06,1.77973128060345e-06,3.15583005305317e-07,3.03513907027858e-06,3.8364032504768e-03,3.63761856120059e-05,,,World_3,,3.217582e+07
2019,Latvia,LVA,1.05454117737645e-06,1.36970507773262e-02,4.62636611918933e-12,2.24827616080796e-05,1.51865319475646e-05,7.40786091897935e-06,1.65417117480143e-05,1.81614421086127e-03,1.96120775953252e-05,,,World_5,,1913822
2004,Papua New Guinea,PNG,4.46939251749949e-07,2.49716709235978e-03,2.43795534846001e-10,4.84524967019956e-06,6.57669052356036e-06,3.01987712373927e-06,4.2029179339918e-06,3.88112486832366e-04,4.77318253631209e-06,,,World_7,EAP_6,6328041
2013,Bangladesh,BGD,2.1061554972472e-07,1.90190066075248e-03,2.64939083434472e-12,2.68564212215262e-06,2.93933194807238e-06,1.42561766946811e-06,1.59981211909155e-06,8.67439858365985e-04,1.11236022291143e-05,,,World_1,,1.565321e+08
2008,Bahrain,BHR,7.89480964338094e-07,2.16628575532119e-02,2.12040160805094e-11,3.44077807682914e-05,1.13447706918964e-05,2.26580323353004e-06,1.99226336917026e-05,2.38964900725467e-02,6.70134951946719e-04,,,World_6,,1103496
2017,CSSR/Czech Republic (1990/1991),CZE,8.39912988075602e-07,1.3834661213662e-02,6.83856137071781e-12,2.0108883711923e-05,1.05851383351875e-05,3.77573285026869e-06,1.70548749252751e-05,1.47010137798924e-03,1.47761737230586e-05,,,World_5,,1.059444e+07
2020,Niger,NER,2.69455429882778e-07,2.34794679861323e-03,2.92466214695644e-12,2.03548798913397e-06,3.81328413992961e-06,1.98583088351306e-06,6.94115414488191e-07,4.15659729382313e-04,5.84607637848132e-06,,SSA_2,World_7,,2.371761e+07
2008,Jordan,JOR,2.39444707576367e-07,5.61266262300403e-03,5.18045701938356e-12,1.11295096640722e-05,2.38912846554701e-06,4.93698152389465e-07,1.75908933506587e-05,7.65164487791769e-03,1.09338949264141e-04,,,World_3,,6989866
2015,Mongolia,MNG,3.69862076390125e-07,1.06166988670605e-02,4.56901372767022e-11,1.15613269164333e-05,5.9291669714531e-06,5.69282023706374e-07,9.73681121669236e-06,1.48082962003668e-03,1.04291522062758e-05,,,World_8,EAP_5,3026864
2006,Finland,FIN,1.81153728126268e-06,2.73629719554377e-02,8.55100453246889e-12,5.85673877563157e-05,1.60980731351641e-05,6.322948072528e-06,4.52882133265124e-05,2.60395983412962e-03,2.74375736805132e-05,,,World_5,,5266268
2021,Namibia,NAM,6.60253726186744e-07,6.57533122565215e-03,2.43374818378079e-10,1.75223640983843e-05,7.53098130736895e-06,1.71164674591792e-06,1.75632167378481e-05,,,,SSA_3,World_8,,2810548
2017,Ecuador,ECU,4.45451633863352e-07,4.83552420633435e-03,6.24378112511857e-11,1.74001739182306e-05,3.13675458790515e-06,8.19766965047356e-07,1.12618111577996e-05,5.99735132745182e-04,5.75499141440813e-06,LACC_2,,World_2,,1.675952e+07
2021,Malta,MLT,7.33727718114914e-07,1.81935654334956e-02,7.33774741303832e-12,3.55085783039191e-05,7.89806479307564e-06,1.22956824333366e-06,3.07350757853233e-05,,,,,World_5,,518536
2014,Liberia,LBR,1.16777223580946e-06,3.29522618235933e-03,3.55058794193197e-11,3.02962580410375e-06,1.93196085248616e-05,8.26101681250928e-06,1.86803413519303e-06,2.65582480398704e-04,3.1211375825036e-06,,SSA_2,World_7,,4564293
2010,Jordan,JOR,2.38653768638646e-07,5.76579780913536e-03,4.92515299835359e-12,1.17888106434877e-05,2.34134924656441e-06,4.53194135949074e-07,2.0522744530382e-05,7.43958790909964e-03,9.77171263524814e-05,,,World_3,,7297043
2010,Equatorial Guinea,GNQ,7.73135723083751e-07,1.37016438046532e-02,3.20399339556885e-11,1.48243918233088e-05,9.5288307219346e-06,2.57169998564135e-06,1.06099166315848e-05,4.33560069127814e-03,3.5671256011237e-05,,SSA_4,World_1,,1189085
2020,Hungary,HUN,6.49519743456876e-07,8.88730508736158e-03,3.52525319482893e-12,1.53044643491036e-05,8.67175657732066e-06,3.46138742676791e-06,1.09127115712224e-05,9.06769503018123e-04,7.86645552578181e-06,,,World_5,,9750149
2010,Cameroon,CMR,4.85598570665246e-07,2.45598158764612e-03,1.79175145903005e-11,2.88796297310966e-06,7.16402920407848e-06,3.25858249476554e-06,1.63883631787784e-06,5.71476387802797e-04,6.0999347417169e-06,,SSA_2,World_7,,1.966807e+07
2017,Iraq,IRQ,1.9042698319222e-07,5.47629388032832e-03,3.17976464867358e-12,1.26221315540431e-05,1.52597783149042e-06,2.66823473597613e-07,1.63314957647403e-05,1.23616767694263e-02,1.21568132514636e-04,,,World_6,,3.933735e+07
2009,Algeria,DZA,4.8888434873673e-07,5.44062969304847e-03,7.85578611940411e-12,1.10415213453719e-05,2.91414415264785e-06,5.62503391472485e-07,4.58997823045685e-06,2.59804440694573e-03,2.66239578817578e-05,,,World_3,,3.549044e+07
2007,United States of America,USA,1.30398800896143e-06,2.71577384382253e-02,1.4296168359251e-11,6.05996762500365e-05,1.28730949521894e-05,3.09389332414318e-06,4.96659450735077e-05,5.24984557279093e-03,4.84258687161891e-05,,,World_5,,3.012312e+08
2006,Rep Congo,COG,5.27356595238433e-07,4.34651800032277e-03,4.70540624107511e-11,3.6745861178853e-06,7.36222919519892e-06,2.81624285576646e-06,2.43288470710641e-06,6.28899277065567e-04,6.88489864477122e-06,,SSA_4,World_1,,3837409
2013,Madagascar,MDG,4.9988597068676e-07,2.08657053843273e-03,2.74427819360091e-10,1.70079421759067e-06,7.42540452248469e-06,2.93949636926741e-06,1.57783984641813e-06,1.18122003849591e-03,1.77323911048069e-05,,SSA_2,World_7,,2.410929e+07
2014,Malaysia,MYS,5.81856576833511e-07,1.07096488852882e-02,3.52077911573685e-11,2.08945543637788e-05,6.77900140994554e-06,1.98663985693098e-06,1.60602197437767e-05,2.28725847984408e-03,3.02177449375301e-05,,,World_3,EAP_4,3.069614e+07
2012,Ecuador,ECU,4.37957409663756e-07,5.23067979290226e-03,8.52746659638237e-11,1.69792036822782e-05,3.36144740189427e-06,8.06329393152981e-07,1.53880926325945e-05,5.87814916673162e-04,5.45804385298578e-06,LACC_2,,World_2,,1.557219e+07
2006,Iraq,IRQ,2.70069228091463e-07,4.66022142280147e-03,5.22249260889624e-12,1.2027333925241e-05,1.78060895804774e-06,2.93678753715394e-07,1.35205796445417e-05,1.16211132709245e-02,1.30714887743742e-04,,,World_6,,2.861652e+07
2002,Panama,PAN,4.43164738867264e-07,3.70845666818151e-03,1.28494123848925e-10,1.11518397583613e-05,4.3572274504159e-06,1.64184148780166e-06,9.18543323121485e-06,9.57129252440045e-04,6.29234198722138e-06,LACC_2,,World_2,,3129344
2011,Cuba,CUB,3.81048418993355e-07,4.6606975260786e-03,1.05216210538826e-10,9.5546272526001e-06,3.66604555887937e-06,1.67319568592868e-06,2.67064299562458e-05,1.66721358200909e-03,2.98472186052544e-05,LACC_2,,World_3,,1.130157e+07
2021,Sri Lanka,LKA,5.69913083883043e-07,3.64995675748843e-03,3.06496173802575e-11,8.71294519999197e-06,6.74055207430741e-06,2.85910103165064e-06,8.29541951727848e-06,,,,,World_3,,2.2156e+07
2002,Bolivia,BOL,3.49542552518689e-07,5.40860694683013e-03,7.59999075266454e-11,5.98131648578579e-06,3.38691564982417e-06,1.8018727087836e-06,1.75144403880444e-06,4.31871362858044e-04,1.36666693569408e-06,LACC_2,,World_8,,8900355
2018,Dominican Republic,DOM,4.4235546338674e-07,4.51743644163653e-03,5.33259285397339e-11,1.41749527705626e-05,5.02263463703499e-06,1.74907956740599e-06,1.03146818133917e-05,2.0698599564022e-03,4.15265071627514e-05,LACC_2,,World_9,,1.078205e+07
2014,Saudi Arabia,SAU,1.42725077114996e-06,2.96474580376272e-02,2.14003948439153e-11,8.42589880003004e-05,1.20043381462056e-05,2.38507228428625e-06,1.11386461073733e-04,1.75407417352302e-02,3.77157053795735e-04,,,World_6,,2.830927e+07
2020,Bosnia and Herzegovina,BIH,6.35202974610037e-07,9.15295466326648e-03,1.06857921620502e-11,1.33621430344092e-05,7.94216499952491e-06,2.3722231306806e-06,3.02662829514124e-05,7.75751570939901e-04,1.26628335750254e-05,,,World_2,,3299349
2019,Jordan,JOR,1.84306819536962e-07,4.76044159984258e-03,3.49704862264074e-12,9.47915772141975e-06,2.23537781123322e-06,5.57188864337968e-07,1.10966399048544e-05,3.68595874549124e-03,4.61234259341415e-05,,,World_3,,1.067189e+07
2013,CSSR/Czech Republic (1990/1991),CZE,8.86655046589135e-07,1.37217455165165e-02,6.14386305067076e-12,2.22653293945548e-05,1.05259129059069e-05,3.51267246199191e-06,1.94766635492027e-05,1.22694145926021e-03,1.23744856895147e-05,,,World_5,,1.051427e+07
2020,Ukraine,UKR,2.1388270431948e-07,5.07613601558735e-03,5.05703786919233e-12,9.94256370302911e-06,3.105035353987e-06,1.1361622456415e-06,1.36721219363321e-05,1.10223985790814e-03,7.43790261858456e-06,,,World_2,,4.468002e+07
2010,United Arab Emirates,ARE,2.23546079489917e-06,3.12867325756904e-02,2.4169980769257e-11,8.66175891320939e-05,1.79236276884646e-05,4.61727150411627e-06,3.193205278161e-05,3.72272394674924e-02,6.33825757610853e-04,,,World_6,,6869838
2010,Pakistan,PAK,3.72225372878382e-07,2.63465749676764e-03,1.01774570320252e-12,4.38022490094071e-06,4.83774288931916e-06,2.36994395596973e-06,5.16725998238297e-06,7.93439790025941e-03,2.9849008239006e-04,,,World_1,,1.99239e+08
2016,United States of America,USA,9.24432971803204e-07,2.27302619346224e-02,1.33986684634616e-11,4.10567351986304e-05,1.03557091898514e-05,2.79718622253382e-06,3.30072478288107e-05,4.92792066654597e-03,4.64648948345554e-05,,,World_5,,3.230717e+08
2008,Hungary,HUN,5.64648140771919e-07,1.02615683593828e-02,3.79608888945248e-12,1.99891005684105e-05,6.85313407060269e-06,2.24332678736941e-06,1.58423755379499e-05,1.25524390997272e-03,1.42690177146059e-05,,,World_5,,1.003819e+07
2021,Malawi,MWI,3.16672658475695e-07,1.60243800834893e-03,3.80091869115454e-12,1.36825179268602e-06,4.46091080941203e-06,1.802048678207e-06,1.08207700975782e-06,,,,SSA_2,World_7,,2.004726e+07
2015,Libya,LBY,6.46213085562026e-07,1.23476792892773e-02,7.03295770122441e-12,3.03978024933097e-05,5.29711308263194e-06,9.3116153712032e-07,2.33669973452724e-05,1.26131620264877e-02,2.75668249886632e-04,,,World_6,,6531819
2007,United Arab Emirates,ARE,2.98308073596667e-06,3.98265049846523e-02,4.70611062262015e-11,1.218902905828e-04,2.32080842780351e-05,5.67408129794163e-06,4.34603791997998e-05,7.07196127227601e-02,1.2202418111425e-03,,,World_6,,5624635
2020,Jordan,JOR,1.97145850429394e-07,4.41711934435273e-03,4.18558221682474e-12,9.40485747209373e-06,2.4101165220508e-06,6.50893944419691e-07,8.5643080091967e-06,3.66683840824348e-03,4.6218371950691e-05,,,World_3,,1.086523e+07
2015,Malawi,MWI,3.03995632556831e-07,1.51124322437885e-03,4.47393199764471e-12,1.37952293412717e-06,4.26685696532528e-06,1.91186160390447e-06,1.05949304612338e-06,2.07519197885012e-04,3.21680210844182e-06,,SSA_2,World_7,,1.708559e+07
2015,Sweden,SWE,1.00264821232985e-06,1.69386343794288e-02,7.9379973714409e-12,3.33179771037917e-05,8.99600589043909e-06,2.71368151707041e-06,2.19639592879359e-05,2.99734836314291e-03,2.70658527514976e-05,,,World_5,,9799186
2008,Mongolia,MNG,4.48322365891943e-07,9.07483325181172e-03,4.26815343055976e-11,1.29087183803383e-05,7.63918580726256e-06,6.72612019582839e-07,1.52920977552454e-05,1.40347149815879e-03,8.20140905972675e-06,,,World_8,EAP_5,2643201
2016,Greece,GRC,4.07886668223891e-07,1.06537343494835e-02,2.11616524080918e-11,1.60911774259358e-05,4.9933246136736e-06,1.63649829858625e-06,2.02477973752513e-05,1.00054230568169e-02,4.42441649886491e-05,,,World_5,,1.077597e+07
2010,Egypt,EGY,1.34454738242111e-07,3.42690992275399e-03,1.5705915561323e-12,4.22391440654752e-06,1.66553238259096e-06,5.35051754436274e-07,7.05489660133492e-06,5.0895920478627e-02,5.67403662971978e-04,,,World_6,,8.919607e+07
2003,Bahrain,BHR,7.97318869429977e-07,2.54852789005257e-02,2.57010225255951e-11,3.60767072643147e-05,9.52241772372104e-06,2.58359286508919e-06,1.75621358541163e-05,2.38664983477958e-02,6.10465105389085e-04,,,World_6,,764517
2016,Singapore,SGP,2.108052050226e-06,2.6154043806713e-02,4.11790718335451e-11,5.87921085676405e-05,2.53491075169903e-05,5.40788230897083e-06,4.34457611976822e-05,9.31730985117967e-03,1.07573143197348e-04,,,World_5,EAP_1,5607283
2016,Latvia,LVA,9.32103355027177e-07,1.18613404450779e-02,4.84492141660293e-12,2.11657570869685e-05,1.32819462331261e-05,6.33876614132364e-06,1.56047804850995e-05,1.70635939149239e-03,1.77262180578604e-05,,,World_5,,1959537
2006,Ghana,GHA,4.26723982196711e-07,2.25859598888814e-03,1.20560329948239e-11,3.66573646841278e-06,5.37211744700626e-06,1.6629024533893e-06,3.72871825186389e-06,8.23134639344023e-04,6.22028612125759e-06,,SSA_3,World_8,,2.30407e+07
2014,Iran,IRN,3.11372327919455e-07,9.80742014155158e-03,8.10568962724304e-12,2.0524545059053e-05,3.39838182280493e-06,5.88361153049902e-07,1.56911248191652e-05,2.03347312272262e-02,2.39133223197038e-04,,,World_6,,8.150205e+07
2002,Chad,TCD,5.30680321005339e-07,4.50032866958912e-03,7.38281284505179e-12,2.58756551465513e-06,8.04966307057983e-06,3.39614197254908e-06,1.53669739408276e-06,7.8983244389978e-04,6.2370487047562e-06,,SSA_1,World_4,,9116192
2019,Mexico,MEX,2.89238613807241e-07,6.77082299593158e-03,4.16454337817544e-11,1.0951238904787e-05,3.70487691800179e-06,1.47725046727438e-06,1.05986841107735e-05,3.36373582634571e-03,2.57391260715395e-05,LACC_2,,World_9,,1.25763e+08
2003,Japan,JPN,9.54267454532306e-07,1.59279396297725e-02,1.59469505391605e-11,4.09826443931952e-05,7.85332060606665e-06,1.60542539673512e-06,2.53660257504522e-05,3.32102961567016e-03,3.2425233263731e-05,,,World_5,EAP_1,1.27718e+08
2021,Malaysia,MYS,4.14557868646728e-07,9.74164740062376e-03,3.51733919816754e-11,1.90010260401586e-05,5.06381286649625e-06,1.44537753241639e-06,1.52935858873846e-05,,,,,World_3,EAP_4,3.42824e+07
2012,Sweden,SWE,1.07450165500809e-06,1.71744907982424e-02,8.06612920903346e-12,3.45578513892282e-05,9.713002581427e-06,2.80623957264546e-06,2.39513195698915e-05,2.67910257403431e-03,2.58090077153017e-05,,,World_5,,9519374
2004,Uzbekistan,UZB,3.1571359711879e-08,4.37437041572079e-03,2.87674909043406e-12,4.84513121593736e-06,5.39731503151047e-07,5.98037252787745e-08,2.56131650215474e-06,5.86711023229043e-03,1.86473028968368e-04,,,World_6,,2.602935e+07
2009,DR Congo,COD,5.48942107683087e-07,1.60469893060766e-03,1.14270091511117e-11,1.2728672922334e-06,7.00133564383895e-06,3.5900807696971e-06,7.27374450471597e-07,1.83032318577623e-04,9.60194865035925e-07,,SSA_1,World_4,,6.641204e+07
2019,Netherlands,NLD,9.33329786082562e-07,1.83951531176506e-02,1.10987205435749e-11,3.50115419656112e-05,9.51250286665398e-06,2.5493053062879e-06,2.24820605157904e-05,4.98339488375983e-03,4.72141758908963e-05,,,World_5,,1.734487e+07
2019,Pakistan,PAK,3.87741667851604e-07,2.95453358859853e-03,1.21855628152222e-12,4.4593658526012e-06,5.09804645608741e-06,2.42618349648399e-06,4.73687309897926e-06,5.70265766840961e-03,2.02350944615359e-04,,,World_1,,2.308009e+08
2017,Myanmar,MMR,5.27881533295428e-07,3.92759247680157e-03,1.5562894077444e-11,3.25501601516504e-06,8.02368718740322e-06,3.82775454063978e-06,2.48944350210604e-06,5.52798373005547e-04,1.23679310111906e-05,,,World_1,EAP_2,5.189494e+07
2013,Afghanistan,AFG,8.52278110185015e-08,1.3223222894576e-03,5.4037342071487e-12,1.64927644937028e-06,1.07104143415339e-06,4.34387981248017e-07,2.28377994153318e-06,6.82758256475838e-03,1.71499625758169e-04,,,World_1,,3.16227e+07
2010,Afghanistan,AFG,7.09540594967831e-08,2.36898810666323e-03,5.91893631067627e-12,3.27601167032435e-06,9.69771258562309e-07,4.01090525617093e-07,3.53965797297106e-06,8.61416241225186e-03,2.11772332551817e-04,,,World_1,,2.828409e+07
2014,Papua New Guinea,PNG,3.47037621414649e-07,2.10694144771674e-03,1.97707728254308e-10,4.02822109942764e-06,4.93748318185824e-06,2.10448018370468e-06,3.1641716786681e-06,4.77865537469501e-04,3.3774916122425e-06,,,World_7,EAP_6,8523441
2017,Ireland,IRL,1.0014619234415e-06,2.19108095321595e-02,8.33026507951041e-12,3.98674527862525e-05,9.93245110765179e-06,2.0374876739102e-06,2.17021711203104e-05,3.49578446445662e-03,3.59697584467759e-05,,,World_5,,4807388
2011,Oman,OMN,7.27507314789088e-07,2.02225137362878e-02,1.09264129057026e-11,3.27742410439904e-05,6.64177553236538e-06,1.5040185189071e-06,2.21662686047077e-05,2.2836078236853e-02,4.88838283001131e-04,,,World_6,,3076763
2006,Ukraine,UKR,2.12174968525906e-07,6.7233423493075e-03,4.81901650082485e-12,1.27976881791029e-05,2.60260539016374e-06,5.7785282331026e-07,1.49370620076719e-05,1.50688778863517e-03,1.32660749749807e-05,,,World_2,,4.72787e+07
2020,Afghanistan,AFG,6.28065899354068e-08,1.03669013251879e-03,4.60781445677596e-12,1.24959873986316e-06,8.30099009481028e-07,3.13704506125338e-07,1.47163742749368e-06,3.34041782257397e-03,7.01556451268062e-05,,,World_1,,3.906898e+07
2007,Honduras,HND,5.84765919421866e-07,3.5229262710336e-03,5.0921723371092e-11,6.42453626424181e-06,7.09810680259274e-06,3.27480544600531e-06,3.91482124918945e-06,1.68491454195476e-03,1.27803234521034e-05,LACC_2,,World_9,,7834798
2018,Uruguay,URY,1.40030108569288e-06,8.39437094608241e-03,1.33776873327529e-11,1.56414071595892e-05,1.13243640692597e-05,5.74610584685091e-06,1.17274446176966e-05,1.1928183558575e-03,9.06284251709224e-06,LACC_1,,World_5,,3394534
2010,Rwanda,RWA,3.98168867521289e-07,1.36904188416081e-03,9.70047645909112e-12,1.22571311297167e-06,6.58633700189699e-06,2.44464573535357e-06,8.69786288074141e-07,2.45866967716038e-03,4.99989170119211e-06,,SSA_4,World_7,,1.031755e+07
2010,Mauritania,MRT,5.86344503265354e-07,4.12452153539063e-03,1.56662526644177e-11,6.01018219041762e-06,7.87782154848027e-06,3.00904027607817e-06,3.41386010292353e-06,4.69252123529373e-03,2.29532711760403e-05,,SSA_4,World_1,,3390965
2004,Myanmar,MMR,5.21591087972284e-07,3.07655305771636e-03,1.74324364506607e-11,2.22701180590668e-06,7.4499984828673e-06,3.99892385272626e-06,7.95703656370228e-07,1.52076002873081e-04,3.04750388259664e-06,,,World_1,EAP_2,4.706877e+07
2016,Norway,NOR,1.32699864291943e-06,1.74228556598295e-02,8.22593536832015e-12,5.10489192816832e-05,1.23424854450776e-05,3.42347358367663e-06,2.75503048389388e-05,2.81249276353992e-03,2.61005644227034e-05,,,World_5,,5234519
2021,Jordan,JOR,1.97291090936833e-07,4.81360344663968e-03,3.86494802207079e-12,9.50503031053275e-06,2.41999405526615e-06,6.4409533973194e-07,8.94702690230827e-06,,,,,World_3,,1.106636e+07
2016,Canada,CAN,9.70527904384846e-07,2.29129148193515e-02,8.70697684167035e-12,3.72589693828227e-05,1.08146791900927e-05,3.64587574770631e-06,2.56852764990567e-05,3.38168180307279e-03,3.02224611314041e-05,,,World_5,,3.61108e+07
2003,Zambia,ZMB,1.06347786251098e-06,3.20261155099207e-03,1.28008058545028e-11,3.12180505213289e-06,1.47236085784596e-05,5.76208416962871e-06,3.76085577273094e-06,2.9868224112737e-04,3.20655428698661e-06,,SSA_2,World_7,,1.09836e+07
2014,Qatar,QAT,2.29308944367799e-06,6.08786063640111e-02,5.33937761495024e-11,8.58032259944575e-05,2.56125610640834e-05,5.2804557664476e-06,1.90593487315623e-04,4.62511549533739e-02,7.59684964662351e-04,,,World_6,,2151745
2005,Romania,ROU,4.74694813259113e-07,7.59011363680794e-03,6.79064852805769e-12,1.24090936542491e-05,6.91007841870274e-06,2.80753787375267e-06,2.06740474424205e-05,1.5008676008984e-03,1.7303196738953e-05,,,World_2,,2.131968e+07
2013,Panama,PAN,5.98499591557958e-07,6.1453784972738e-03,1.06290267383024e-10,1.39016023233687e-05,6.29485152328934e-06,1.58377592430565e-06,1.76659683322947e-05,1.31019064027433e-03,1.01430344554901e-05,LACC_2,,World_2,,3825329
2011,Bosnia and Herzegovina,BIH,4.5911663046622e-07,7.32920769853677e-03,6.57670429912331e-12,1.45101063800259e-05,5.93345567116629e-06,1.03162015443527e-06,3.06916263326385e-05,5.94656518627272e-04,1.11018402577856e-05,,,World_2,,3741798
2008,Tanzania,TZA,6.25911515155764e-07,2.71013632894112e-03,1.5623911263827e-11,2.06494190115563e-06,8.91781788382618e-06,4.17136062693436e-06,1.10848659199333e-06,6.82450470105623e-04,8.44098484688944e-06,,SSA_2,World_7,,4.257073e+07
2009,Lebanon,LBN,3.96213793491923e-07,8.32360125561381e-03,1.78604265887006e-11,2.53601622433674e-05,5.03312454216835e-06,1.14042264720099e-06,3.71075756598904e-05,1.25530770968923e-02,1.08160765480208e-04,,,World_3,,4992287
2004,Egypt,EGY,1.09930757496498e-07,2.61838635291561e-03,1.55722672912616e-12,2.96750330028822e-06,1.34395297616159e-06,4.91652702006808e-07,4.6719456169228e-06,5.65994494976527e-02,6.33003773854651e-04,,,World_6,,7.947744e+07
2014,Mongolia,MNG,4.4287135423102e-07,1.11293243601497e-02,4.41838606250241e-11,1.22399599671722e-05,6.72061160653148e-06,5.66324863456804e-07,1.04071650559853e-05,1.50366020051427e-03,8.75439799876164e-06,,,World_8,EAP_5,2963113
2016,Denmark,DNK,1.13490101534293e-06,2.01495822400652e-02,1.12830129313023e-11,3.89740697502324e-05,1.15081099449627e-05,3.84087848175169e-06,2.00187202526584e-05,2.726796380829e-03,2.8407511694815e-05,,,World_5,,5728010
2019,Guinea,GIN,7.24379119694361e-07,3.81766211228963e-03,1.46465868074498e-11,3.46748669993437e-06,1.14872634710159e-05,5.03410527813956e-06,1.97600384835321e-06,9.89437134120408e-04,8.86110871293765e-06,,SSA_1,World_4,,1.303435e+07
2003,Nigeria,NGA,1.06445304372154e-06,4.09677965781372e-03,6.28083756754785e-12,2.46436649558477e-06,1.61931181138692e-05,7.85082627644862e-06,1.43775026665198e-06,3.75450768592452e-04,3.50267780785975e-06,,SSA_2,World_7,,1.372026e+08
2008,Benin,BEN,3.88492989240177e-07,2.05082532129354e-03,2.23635553978819e-12,3.91544187850735e-06,5.51581792490758e-06,2.38373748377677e-06,1.77988277840501e-06,2.9519368448732e-04,2.57452684520829e-06,,SSA_2,World_7,,9228466
2011,Botswana,BWA,1.01134271064727e-06,8.57179327680565e-03,8.25276230244148e-11,2.66348905932525e-05,1.24769823651509e-05,4.51015995712845e-06,2.55830689757245e-05,1.26741641725483e-03,1.57999487838661e-05,,SSA_3,World_8,,2073535
2013,Papua New Guinea,PNG,3.73315551237706e-07,2.33099939103416e-03,2.09039991783473e-10,4.69207078754757e-06,5.24578762833319e-06,2.17023984553083e-06,3.95071268404884e-06,4.65236682497782e-04,5.1055741512551e-06,,,World_7,EAP_6,8302698
2005,Laos,LAO,6.55353537653969e-07,3.4088479608269e-03,2.38006047593442e-11,3.61087257161246e-06,9.74814601613816e-06,5.23376555540924e-06,2.49109885092443e-06,3.06926822955382e-04,3.45329489714016e-06,,,World_1,EAP_2,5869523
2013,Mexico,MEX,3.32620915047534e-07,7.2832143159382e-03,4.11815448368001e-11,1.43561212829111e-05,4.10453684775849e-06,1.58514732503758e-06,1.1754332160624e-05,3.97940838030671e-03,2.89538258545135e-05,LACC_2,,World_9,,1.183436e+08
2016,Honduras,HND,5.87210814551615e-07,3.58270106124486e-03,4.51808234957054e-11,6.30007961445613e-06,7.89710552058803e-06,3.68149911764247e-06,3.63163082553738e-06,1.20341555838668e-03,1.00222195518814e-05,LACC_2,,World_9,,9412380
2013,Belgium,BEL,1.14437737724226e-06,2.05339647794015e-02,1.39121427772832e-11,3.64124961025582e-05,1.13911773180487e-05,3.29129364616797e-06,2.23170010686739e-05,4.88171815059089e-03,5.60656254834083e-05,,,World_5,,1.115941e+07
2017,India,IND,4.52820349424131e-07,3.17320004500775e-03,5.41248576634073e-12,6.41762129996039e-06,6.10995733258401e-06,2.04013890549132e-06,7.87902763823832e-06,5.05890955320898e-03,6.19239028990751e-05,,,World_7,,1.359657e+09
2014,Georgia,GEO,4.01039394044505e-07,5.4965409730486e-03,1.11804198108133e-11,6.94171114229303e-06,6.20729527807676e-06,2.39940320985357e-06,5.74858868513564e-06,5.32741753333931e-03,1.06828814674544e-04,,,World_2,,3719414
2015,Poland,POL,5.39587991457472e-07,1.10832243645576e-02,3.95786539161853e-12,1.3840007906077e-05,8.42793278562664e-06,2.21464503839559e-06,1.83287751953594e-05,1.01357744521126e-03,1.50011048512266e-05,,,World_5,,3.798641e+07
2003,Zimbabwe,ZWE,1.05857979060285e-06,4.25313633036844e-03,1.38202086656957e-11,4.6231831065854e-06,1.57641646946251e-05,7.28126558627373e-06,5.60896302882954e-06,9.49698602479742e-04,1.79359453153348e-05,,SSA_4,World_1,,1.223232e+07
2017,Afghanistan,AFG,5.28481444294882e-08,9.71099533321377e-04,4.67742897418724e-12,1.17331775892527e-06,7.91403689590572e-07,2.89501018065047e-07,1.54628901829102e-06,3.75079869359964e-03,8.89495638280586e-05,,,World_1,,3.568894e+07
2006,Algeria,DZA,4.07864467686884e-07,4.69811155682558e-03,7.12223359587445e-12,8.40847926831626e-06,2.11313753797569e-06,4.23422579412628e-07,3.08141857953493e-06,3.61626358315195e-03,3.55472883947958e-05,,,World_3,,3.36235e+07
2018,Finland,FIN,1.51735625862232e-06,2.27775792100616e-02,7.97117630243844e-12,4.0922025720078e-05,1.43370429666285e-05,6.78944060847486e-06,3.32437277623836e-05,2.32597915765165e-03,2.12243056357513e-05,,,World_5,,5515525
2013,South Africa,ZAF,6.92082648459536e-07,8.64787135847893e-03,6.14598566357746e-11,2.45750980079807e-05,1.01914418237331e-05,2.12193057283517e-06,3.65632950653681e-05,1.69826166690938e-03,2.43644365935284e-05,,SSA_3,World_8,,5.467879e+07
2018,Netherlands,NLD,9.72123717720019e-07,1.81225127191284e-02,1.42076376640239e-11,3.48297745661741e-05,1.02056030723335e-05,2.86526628558767e-06,2.03012974363032e-05,5.70958841294911e-03,5.923882266069e-05,,,World_5,,1.723162e+07
2014,Netherlands,NLD,1.07539302909836e-06,1.81476359096103e-02,1.42095780269851e-11,3.65716459634275e-05,1.07855053303214e-05,3.09649285194207e-06,2.20627536054372e-05,4.77188738195529e-03,4.88780114940475e-05,,,World_5,,1.686501e+07
2004,Uruguay,URY,4.6046469268979e-07,6.17416600556378e-03,1.69445441905312e-11,8.28942079101868e-06,5.45401205553304e-06,2.46441438874147e-06,9.35248267732667e-06,9.45680767733593e-04,6.70114170230416e-06,LACC_1,,World_5,,3283148
2020,Rwanda,RWA,3.57079668668234e-07,1.49120653632088e-03,8.05064321809326e-12,1.57300929771438e-06,5.75640919837365e-06,2.07583571870263e-06,1.08104044237003e-06,1.53882350900827e-03,3.23296496320345e-06,,SSA_4,World_7,,1.306584e+07
2003,Cambodia,KHM,5.71721425022578e-07,3.38853882368853e-03,1.84800600506946e-11,3.41919060780246e-06,7.44172554799682e-06,4.21154172037053e-06,2.01653437335523e-06,3.63045398578731e-04,3.66565930364775e-06,,,World_1,EAP_2,1.305097e+07
2014,Costa Rica,CRI,7.05273760107004e-07,5.23868375163364e-03,5.31912451560194e-11,1.46211123112091e-05,4.95598182335788e-06,2.1243644315381e-06,8.62329858133913e-06,3.190594123306e-03,2.37948894421996e-05,LACC_1,,World_5,,4767119
2003,Switzerland,CHE,1.4760283071546e-06,1.94566841017058e-02,1.54227687960307e-11,6.66084814102778e-05,1.08077463698879e-05,2.79589088216932e-06,3.88376780772095e-05,6.72211849289102e-03,3.56194186239078e-05,,,World_5,,7339001
2017,Croatia,HRV,7.8336797486847e-07,9.44565842596375e-03,7.61412066094655e-12,1.26542523099717e-05,1.19516365036198e-05,4.81563499528716e-06,2.02422112515435e-05,1.60970174005906e-03,1.51080120708002e-05,,,World_5,,4041407
2016,Luxembourg,LUX,1.91081755416205e-06,3.55295737653874e-02,2.09217335302264e-11,7.63292333892791e-05,1.68063532245675e-05,4.79984156204205e-06,3.18449503090898e-05,4.54208076912794e-03,4.44305392783249e-05,,,World_5,,582014
2009,Libya,LBY,1.00858288591016e-06,1.49225009948002e-02,7.89232577226862e-12,3.07359358269098e-05,7.46295005882487e-06,1.15763947088842e-06,3.14623733079277e-05,1.92814220560441e-02,3.92531004360334e-04,,,World_6,,6366686
2016,Ethiopia/DR Ethiopia (1992/1993),ETH,7.68861177777558e-07,2.90081604454346e-03,7.35184026788071e-12,2.16487320570614e-06,1.11069011219238e-05,5.43413112792363e-06,1.5762101725891e-06,6.24224509770654e-04,5.02874460333843e-06,,SSA_1,World_4,,1.067182e+08
2016,Nicaragua,NIC,4.72092084145759e-07,4.1602145253665e-03,5.53880052996315e-11,8.86017723957225e-06,6.78884900261817e-06,3.10093480506026e-06,8.63987005954293e-06,6.05586637261793e-04,4.78753859385467e-06,LACC_2,,World_9,,6232666
2007,United Kingdom,GBR,9.46782869106254e-07,1.5974000163674e-02,9.47271852761528e-12,4.24359380673025e-05,7.66443866372183e-06,1.64633254196457e-06,2.03160668323223e-05,4.10092171513077e-03,4.1708000993772e-05,,,World_5,,6.132246e+07
2015,Rep Congo,COG,6.79363211515697e-07,5.17182636962171e-03,5.37000625658941e-11,6.31351467781974e-06,9.95076878466618e-06,3.78746022159389e-06,3.72351393122663e-06,6.67063226303765e-04,8.2949392070731e-06,,SSA_4,World_1,,5097581
2007,Qatar,QAT,3.26966706893918e-06,8.17952457481877e-02,5.84074941615245e-11,1.24387910449397e-04,3.3712325601944e-05,6.57134769141217e-06,7.9222805325835e-05,6.25316405983362e-02,1.44004325539113e-03,,,World_6,,1208595
2003,Costa Rica,CRI,4.84407830775945e-07,4.21969612139457e-03,6.86075375702735e-11,1.20240222262948e-05,3.80273272749042e-06,1.34709890885914e-06,7.21609387456925e-06,2.0913511584112e-03,1.74081865304112e-05,LACC_1,,World_5,,4138784
2019,Peru,PER,4.08844466583373e-07,4.3547517770068e-03,7.72439465821714e-11,9.29621455309186e-06,4.75775855493144e-06,1.78525793251781e-06,4.78304110300896e-06,1.57334771688508e-03,8.20929888946259e-06,LACC_2,,World_2,,3.24493e+07
2017,Djibouti,DJI,6.75529847678885e-07,5.37330762222883e-03,1.99508508509433e-11,1.12432345966613e-05,9.2192714712078e-06,2.7884853415914e-06,9.36456843060231e-06,7.27391147041875e-03,1.11513130509566e-04,,,World_1,,1054841
2014,Mali,MLI,3.02590899252354e-07,1.81211752017401e-03,3.20948334078783e-12,1.98365417464261e-06,4.86840817081325e-06,1.76767230833344e-06,1.21801698976699e-06,1.3088377913246e-03,7.6127180371212e-06,,SSA_2,World_7,,1.802027e+07
2006,Turkey,TUR,4.84569699785693e-07,7.37177615512447e-03,1.84958490553664e-11,1.31980468051455e-05,6.46373598366515e-06,2.23696336653486e-06,2.09555071468257e-05,9.80809472122371e-03,7.68418534952866e-05,,,World_3,,7.004535e+07
2017,Lithuania,LTU,9.00602994898909e-07,1.21409665814914e-02,9.55404121680673e-12,2.19468572485114e-05,1.13691425022173e-05,4.78011401142136e-06,1.29322067385188e-05,2.93894747772378e-03,3.17386350880767e-05,,,World_5,,2828403
2019,Singapore,SGP,2.20848639961266e-06,2.82779087691843e-02,3.24792016028608e-11,5.52292984929996e-05,2.65011674071538e-05,5.7714816155834e-06,4.3417604343725e-05,1.06726677475702e-02,1.27223079528484e-04,,,World_5,EAP_1,5703569
2011,CSSR/Czech Republic (1990/1991),CZE,9.33892682421821e-07,1.48681629595712e-02,6.83755820407719e-12,2.59184624124746e-05,1.05562939685174e-05,3.40285167314822e-06,2.21005565564199e-05,1.40328756986585e-03,1.44366527408621e-05,,,World_5,,1.049609e+07
2014,Turkmenistan,TKM,1.87997402466405e-07,9.75380662199088e-03,1.31666083275123e-11,1.23094139090881e-05,1.62123125730954e-06,1.94464083948835e-07,6.38473974251978e-06,1.12703545389053e-02,3.78306876213814e-04,,,World_6,,6075283
2019,Bulgaria,BGR,4.84259699669669e-07,8.32336854394147e-03,7.2833706146862e-12,1.26250362288876e-05,6.55895806422164e-06,2.5493611015502e-06,4.90721012581072e-05,1.92071900254768e-03,1.66099655369278e-05,,,World_2,,6975761
2015,Tajikistan,TJK,9.1401228564224e-08,2.29189514497064e-03,5.06327808300176e-12,3.13786106681056e-06,1.62066971249752e-06,1.37539151159702e-07,1.93592113144623e-06,4.9787012114473e-03,8.91316207529777e-05,,,World_6,,8643840
2011,Croatia,HRV,8.40091733392787e-07,9.63349805900026e-03,1.0280024398445e-11,1.59513411856405e-05,1.2074694643649e-05,4.79316438192167e-06,2.22800296870145e-05,1.59952456138181e-03,1.50219392330052e-05,,,World_5,,4280622
2012,Tunisia,TUN,3.62095349270429e-07,4.22182869385167e-03,9.05264513758169e-12,6.37666618218843e-06,4.94906496342381e-06,1.67526973829077e-06,4.1555439195204e-06,7.15318702977975e-03,9.0514909400612e-05,,,World_3,,1.100965e+07
2004,North Korea,PRK,3.47649019053308e-07,4.07396758276777e-03,1.54594724834361e-12,8.40256493153132e-06,7.82112439208196e-06,6.59569895558419e-07,2.15811512159524e-05,2.69506458136561e-04,9.58647238200455e-06,,,World_6,EAP_3,2.425494e+07
2016,Niger,NER,2.90736706250113e-07,2.14070966331787e-03,3.18126478828e-12,1.98355933780157e-06,4.15285473652428e-06,2.09769173331621e-06,7.26029341702385e-07,6.45891560177899e-04,7.60462122131194e-06,,SSA_2,World_7,,2.068575e+07
2003,Denmark,DNK,1.44912779266728e-06,2.22491385720745e-02,1.48242395547343e-11,5.67783186635286e-05,1.22278573147712e-05,3.4151863821573e-06,3.22077796137424e-05,3.44057837890329e-03,3.7717108858811e-05,,,World_5,,5390574
2004,South Africa,ZAF,6.90007598308726e-07,9.40210761537857e-03,7.12200981052254e-11,2.66796022283157e-05,1.02032417958458e-05,2.38454331417591e-06,3.7557122332614e-05,2.13058198702544e-03,2.99281237896383e-05,,SSA_3,World_8,,4.899142e+07
2014,Kyrgyzstan,KGZ,1.39548167411771e-07,3.57496417182718e-03,1.572164161488e-11,4.51335757453109e-06,2.23499628769117e-06,1.42323077027413e-07,7.57608992208062e-06,4.46171435398535e-03,6.97210978039169e-05,,,World_3,,5905848
2007,Kyrgyzstan,KGZ,4.64517438569404e-08,2.0737214132735e-03,1.21835215681064e-11,2.38051051373204e-06,9.2950167364799e-07,6.2181571581905e-08,2.75523233003798e-06,5.29441640648195e-03,7.32363352744123e-05,,,World_3,,5268385
2020,Viet Nam,VNM,6.02569173357319e-07,5.53509899059808e-03,7.80737019393357e-12,1.02519410313101e-05,7.61499936567011e-06,2.44759797246445e-06,1.16965104111143e-05,1.2730212453474e-03,1.11487823143554e-05,,,World_3,EAP_4,9.807919e+07
2018,Myanmar,MMR,5.18089663013324e-07,3.88345685287572e-03,1.52071124568448e-11,3.23037023529795e-06,7.8653613988091e-06,3.77150375112475e-06,2.44142333233422e-06,4.29350958547769e-04,8.46531525558501e-06,,,World_1,EAP_2,5.227225e+07
2008,Spain,ESP,9.56508884974432e-07,1.34907155969071e-02,2.63940135240748e-11,3.53910190287396e-05,8.15072049086741e-06,2.14729900846379e-06,1.92490929285578e-05,1.85947597683812e-02,1.03757096756094e-04,,,World_5,,4.59541e+07
2003,Honduras,HND,5.33245369451032e-07,3.42675002427885e-03,5.49604351880964e-11,7.58061005479771e-06,6.53333180360965e-06,3.07645173484621e-06,4.98602456286772e-06,6.34581468825749e-04,7.30870617009629e-06,LACC_2,,World_9,,7119213
2009,Georgia,GEO,3.87200609616972e-07,4.37077056259155e-03,1.26829658269136e-11,8.60210491908456e-06,5.00698620611016e-06,1.83816228751222e-06,4.88895962234086e-06,6.57123435692662e-03,1.22948434719291e-04,,,World_2,,3814419
2014,United Kingdom,GBR,7.02421224980385e-07,1.38874937814506e-02,7.16144993858249e-12,2.90556734099624e-05,6.49889429064167e-06,1.66446775668622e-06,1.54098666785319e-05,3.06532413540808e-03,3.21468245769002e-05,,,World_5,,6.46023e+07
2005,Armenia,ARM,8.42793864081337e-08,3.49389336960876e-03,1.50016733002969e-11,5.73091823262449e-06,1.11528305082661e-06,4.12234468764108e-07,2.74201841277668e-06,1.02239928807037e-02,1.12077236106592e-04,,,World_2,,3146400
2009,Belgium,BEL,1.18474252073408e-06,1.9836826181559e-02,1.53307595505729e-11,3.80606510827033e-05,1.12565140077722e-05,3.54058627940167e-06,2.16229442502522e-05,5.70437870880359e-03,6.8413980037053e-05,,,World_5,,1.079649e+07
2021,Moldova,MDA,7.83459447742492e-07,7.51021551689674e-03,2.75597534930714e-12,1.4212123298517e-05,1.06979033295969e-05,4.69260074705369e-06,6.44430412519677e-06,,,,,World_2,,2595809
2009,Brazil,BRA,8.61047974000155e-07,7.83887685873636e-03,4.14222632402724e-11,1.26432272027643e-05,9.08030415615618e-06,4.31321976073877e-06,6.68573756397721e-06,4.77694371064003e-04,3.23395477627746e-06,LACC_2,,World_9,,1.9208e+08
2011,Panama,PAN,5.77565919453424e-07,4.92729407303242e-03,1.01876614677789e-10,1.27405101511043e-05,5.51153921358135e-06,1.44656914707045e-06,1.43624989316684e-05,1.35133305864717e-03,9.43853292881699e-06,LACC_2,,World_2,,3693505
2005,United States of America,USA,1.35650310017263e-06,0.02865027312224,1.5950424644521e-11,6.64200745317979e-05,1.33344811802738e-05,3.28652097432515e-06,5.30826529057988e-05,5.68420069454208e-03,5.29907873713511e-05,,,World_5,,2.955166e+08
2020,Central African Republic,CAF,3.25829659003638e-07,2.64162198460041e-03,6.23947098425215e-12,1.73866854277572e-06,4.40920208873292e-06,2.11651138053391e-06,7.21750322058507e-07,4.65674129984115e-04,2.02669607070937e-06,,SSA_1,World_4,,5026628
2020,Turkey,TUR,3.74350954125307e-07,8.11115299423311e-03,1.6572733698004e-11,1.20684663375277e-05,5.42962931447885e-06,1.58432995959374e-06,2.1024299558714e-05,6.3235111653616e-03,5.70153352379148e-05,,,World_3,,8.338468e+07
2011,Rep Congo,COG,6.80545032665797e-07,5.10687795587916e-03,4.15422708755889e-11,5.4014303442828e-06,8.97878287586226e-06,3.63535966742753e-06,2.58801489634544e-06,5.979817181519e-04,7.19479675868278e-06,,SSA_4,World_1,,4609724
2017,Sudan/North Sudan (2010/2011),SDN,5.90982879696829e-07,4.48301969948559e-03,3.33004350631526e-12,6.82236192212943e-06,8.45396121001805e-06,2.8937979521354e-06,3.66062302295866e-06,1.19093807716516e-02,3.48097223135561e-04,,SSA_4,World_1,,4.27143e+07
2010,Hungary,HUN,6.00383052636272e-07,9.06191374760842e-03,4.22367175883909e-12,1.48874447732838e-05,7.9955130354377e-06,3.09429072623895e-06,1.21886471572927e-05,1.10592096864551e-03,1.27916074428694e-05,,,World_5,,1.000002e+07
2019,Portugal,PRT,5.16723956329774e-07,9.30532404610107e-03,1.93077564329594e-11,1.64059897666455e-05,5.80612030230353e-06,2.36493094184855e-06,8.80887680081901e-06,7.78065406900259e-03,3.37571225382949e-05,,,World_5,,1.028626e+07
2009,United Kingdom,GBR,7.4685016763304e-07,1.33940055634401e-02,7.32435797062753e-12,3.20642450234845e-05,6.06901688263522e-06,1.39039885453834e-06,1.49089785868232e-05,3.60066527202091e-03,3.77818187735761e-05,,,World_5,,6.227627e+07
2009,South Africa,ZAF,6.90060662424167e-07,9.25402253986256e-03,6.60894843133103e-11,2.43929085899889e-05,1.0545911695655e-05,2.0447471611312e-06,3.70909937053012e-05,1.74225057997197e-03,2.86470590891032e-05,,SSA_3,World_8,,5.172852e+07
2021,Viet Nam,VNM,5.92444834373091e-07,5.56727073507766e-03,7.65527137041816e-12,1.00809560334656e-05,7.54201413080205e-06,2.32233895151299e-06,1.14111169394808e-05,,,,,World_3,EAP_4,9.89351e+07
2017,Uzbekistan,UZB,4.55658447862933e-08,4.62199976714081e-03,2.98647181415672e-12,4.09079107031665e-06,9.54462571728597e-07,1.41159096791659e-07,2.6215026997163e-06,3.49368107383865e-03,1.15628055156524e-04,,,World_6,,3.181918e+07
2020,Chad,TCD,3.81757086683137e-07,5.4697726727094e-03,4.02900005816999e-12,2.12647611754602e-06,6.07682960285393e-06,2.57347400433801e-06,5.23130993330522e-07,2.27808272281709e-04,1.00035685279486e-06,,SSA_1,World_4,,1.722468e+07
2021,Pakistan,PAK,3.93574789529452e-07,3.26782035082161e-03,1.27948612826244e-12,4.60024672799202e-06,5.11482545484757e-06,2.44522481742011e-06,4.71079909110255e-06,,,,,World_1,,2.394778e+08
2016,Bhutan,BTN,3.09307712821657e-06,1.17564875922269e-02,4.2942884247783e-11,1.69660133507802e-05,4.27140521565695e-05,2.02122741946953e-05,1.0218138181728e-05,4.65089077867682e-03,7.82775182502348e-05,,,World_7,,747866
2015,Pakistan,PAK,3.90091663528956e-07,2.80843944279802e-03,9.45853049404683e-13,4.27343161413784e-06,5.11071872648475e-06,2.44739017368895e-06,4.97336783260793e-06,6.19030755273834e-03,2.46477008565207e-04,,,World_1,,2.172909e+08
2019,Mauritania,MRT,4.65656004652115e-07,4.20011444484342e-03,1.15672506728616e-11,5.3087169286003e-06,6.40091864082062e-06,2.66292810062124e-06,3.26872544102817e-06,8.65752359506244e-03,2.16437476362652e-05,,SSA_4,World_1,,4467708
2016,Equatorial Guinea,GNQ,4.58181035717284e-07,8.60871949943018e-03,2.62986101256736e-11,7.49574712881826e-06,6.64498688083625e-06,2.01797442844391e-06,5.12775082912925e-06,2.94400487646586e-03,2.62102785650815e-05,,SSA_4,World_1,,1508186
2009,Macedonia,MKD,3.84329415690614e-07,6.85866503195384e-03,9.28044766000607e-12,1.20523290914262e-05,7.01529293259485e-06,1.86387451983971e-06,3.56111887538323e-05,1.46103378053379e-02,1.45778983105924e-04,,,World_2,,1958782
2017,Israel,ISR,6.83160263497126e-07,1.47600164873016e-02,1.28788700937014e-11,3.485430526155e-05,9.17880002291653e-06,2.0101987575139e-06,1.6836480500137e-05,5.55606679133766e-03,5.35076803402274e-05,,,World_5,,8713300
2013,Bosnia and Herzegovina,BIH,4.31392319555729e-07,7.18442493848057e-03,6.87294794980516e-12,1.43336441645379e-05,6.29095854881077e-06,1.08079943294886e-06,3.41788300595797e-05,6.41017077493868e-04,1.06225291353558e-05,,,World_2,,3610859
2021,Kenya,KEN,5.59234138100041e-07,3.13577274636543e-03,8.51017172268494e-12,3.6618833224059e-06,8.15322145967564e-06,2.95961952850345e-06,2.1180703922109e-06,,,,SSA_2,World_7,,5.321917e+07
2018,Romania,ROU,5.48852625486488e-07,7.8042194975381e-03,5.23296166376327e-12,1.21434549488001e-05,7.97807431458937e-06,3.26098539931082e-06,1.47266545417661e-05,1.44371661399738e-03,1.29554594122732e-05,,,World_2,,1.947397e+07
2013,Luxembourg,LUX,1.88372354333622e-06,3.77161416074991e-02,1.96010548799124e-11,7.03458682822766e-05,1.7125527814637e-05,4.17345669467799e-06,3.42784848977273e-05,4.80649598272354e-03,4.7470534782113e-05,,,World_5,,543360
2008,Togo,TGO,4.4052886334024e-07,1.93531111168387e-03,5.73270044595708e-12,2.32184170381792e-06,7.17375173630707e-06,2.44674677681444e-06,1.12140859450854e-06,3.48183807502201e-04,5.41805914801494e-06,,SSA_2,World_7,,6368812
2004,Slovakia,SVK,4.16661223446658e-07,1.00864761756362e-02,6.68606703014489e-12,2.30156371476219e-05,4.53303507932745e-06,1.07925423623843e-06,1.71519966201168e-05,1.34462115733348e-03,1.81828729209397e-05,,,World_5,,5372280
2021,Estonia,EST,1.24893961265045e-06,1.86049010521002e-02,7.82987300891368e-12,5.14174969887253e-05,1.61183273185581e-05,7.17672482946519e-06,7.59415425151894e-05,,,,,World_5,,1330932
2017,South Korea,KOR,7.72130628900427e-07,1.81181787534812e-02,1.37148946368237e-11,2.8562427273868e-05,9.8325089562894e-06,2.36024667605147e-06,2.22107707838957e-05,3.2633719735871e-03,3.88556051432112e-05,,,World_5,EAP_1,5.136191e+07
2013,Latvia,LVA,9.98424337364411e-07,1.15377945574159e-02,3.75869405046855e-12,2.15246123834489e-05,1.43020305137716e-05,6.55412788345746e-06,1.65312304768002e-05,1.51532594541677e-03,1.61921967514717e-05,,,World_5,,2012647
2002,Gabon,GAB,1.65988539528049e-06,1.6573120256242e-02,4.01003533102778e-11,1.1343014822849e-05,2.28714593413977e-05,1.09261605623898e-05,8.36801599545124e-06,1.28810520023884e-03,1.37612854544236e-05,,SSA_3,World_8,,1345135
2016,Central African Republic,CAF,2.99898796077925e-07,2.3272971500879e-03,5.82067057144885e-12,1.5390128555305e-06,4.36036145142652e-06,2.06563967399471e-06,7.45249842973373e-07,3.87194945086388e-04,7.47178802015142e-06,,SSA_1,World_4,,4713663
2019,Ghana,GHA,3.32112047184287e-07,2.64305267333955e-03,9.20341797248359e-12,4.43198810984319e-06,4.56857214332045e-06,1.1586725864548e-06,2.97748112632183e-06,8.04248702612939e-04,8.01101253642289e-06,,SSA_3,World_8,,3.125894e+07
2003,Myanmar,MMR,5.27039350279916e-07,3.11471527495976e-03,1.78473812809791e-11,2.28697619984294e-06,7.51625649576842e-06,3.98469554508666e-06,9.70220995389813e-07,1.68541762464999e-04,3.38967796496519e-06,,,World_1,EAP_2,4.666719e+07
2020,Gambia,GMB,2.66312851821224e-07,1.59444400270128e-03,2.08036857076577e-12,2.86948460359423e-06,3.54254803035734e-06,1.68287434753283e-06,1.75478059971906e-06,4.84359309787851e-04,6.2410287418936e-06,,SSA_2,World_7,,2515733
2012,Bangladesh,BGD,2.02991451466859e-07,1.82909084787869e-03,2.59052499205317e-12,2.52118987461014e-06,2.83672047828701e-06,1.37356492711511e-06,1.42650311710562e-06,7.37550529966255e-04,1.03970100812208e-05,,,World_1,,1.550701e+08
2002,North Korea,PRK,3.56849735431037e-07,4.03546899339291e-03,1.75799794646418e-12,8.25755739216576e-06,7.78859506724482e-06,6.99004456210469e-07,2.10274133222257e-05,3.07382580389802e-04,9.56326867017715e-06,,,World_6,EAP_3,2.394397e+07
2018,El Salvador,SLV,3.35742463984553e-07,4.27989776202786e-03,3.52705806105175e-11,2.25183234699776e-05,4.2209093499965e-06,1.81252219327785e-06,1.67481092281143e-05,7.32930608396343e-04,6.98791329808975e-06,LACC_2,,World_9,,6219807
2011,France,FRA,8.11131454755979e-07,1.25160166749788e-02,1.083768968155e-11,2.60692279041054e-05,7.79895491564578e-06,2.38735629939541e-06,1.45612982400116e-05,3.73233414681495e-03,3.45059902045924e-05,,,World_5,,6.534083e+07
2004,Chile,CHL,8.24361319252277e-07,7.19288458075542e-03,1.37428537438353e-11,1.6761878682534e-05,1.10601384859622e-05,3.75853952903326e-06,1.39576916539861e-05,2.10216045854201e-03,1.07601813387739e-05,LACC_1,,World_5,,1.618732e+07
2007,Gabon,GAB,1.99189675147497e-06,1.55316090740318e-02,4.61641126939087e-11,1.67558502355852e-05,3.10711750733578e-05,1.50441505917764e-05,1.02045051219467e-05,1.28435513422856e-03,1.47225074496081e-05,,SSA_3,World_8,,1556237
2016,South Africa,ZAF,5.48053731857013e-07,7.51695526840675e-03,5.78411332658729e-11,2.20552291585594e-05,8.60257018831691e-06,1.76719218851871e-06,3.27191696234845e-05,1.31263306890185e-03,2.24606279071997e-05,,SSA_3,World_8,,5.725955e+07
2012,Ukraine,UKR,2.04594461948963e-07,6.78782281099118e-03,4.18602194036629e-12,1.2642208860078e-05,2.87693372097935e-06,6.92988180287183e-07,1.64704123702482e-05,1.42233111548204e-03,1.34549619749253e-05,,,World_2,,4.621006e+07
2017,United Arab Emirates,ARE,1.36690656188728e-06,1.97995681662412e-02,1.65598286244695e-11,6.22760940108084e-05,1.28505989842153e-05,2.9434328123421e-06,1.81750501482377e-05,2.08294123632704e-02,2.83603355222876e-04,,,World_6,,9223225
2004,Mali,MLI,2.81812474454218e-07,1.4954352390367e-03,4.10181188935432e-12,1.24411686682832e-06,4.51701737261787e-06,1.87689788591784e-06,7.69240885698775e-07,1.33687061949268e-03,7.60412727188538e-06,,SSA_2,World_7,,1.310241e+07
2002,Bosnia and Herzegovina,BIH,3.78737865926282e-07,5.6572796637813e-03,6.75314363895879e-12,1.35127174180594e-05,5.10212377361792e-06,1.02644655200387e-06,2.60834706249935e-05,6.22206830981984e-04,7.96123526240728e-06,,,World_2,,4188002
2011,Peru,PER,4.72520316332586e-07,4.1892821502443e-03,8.70514043519573e-11,9.31891267656538e-06,5.13464832994129e-06,2.00953831584897e-06,5.86497142030483e-06,1.40778156157268e-03,5.57430001685239e-06,LACC_2,,World_2,,2.930409e+07
2005,Azerbaijan,AZE,1.45452168012754e-07,5.75931055954819e-03,1.33317016923478e-11,1.106372024778e-05,1.54112545159704e-06,3.67633141498909e-07,8.82759478838224e-06,9.7193512505356e-03,1.15646648185485e-04,,,World_6,,8391850
2004,Finland,FIN,1.72295076279042e-06,2.74209529199718e-02,8.06032032361961e-12,5.7433122739828e-05,1.53078135011755e-05,6.26001287164772e-06,4.53246496592777e-05,2.12531773930456e-03,2.19598567754628e-05,,,World_5,,5228172
2021,Central African Republic,CAF,3.43301140071554e-07,2.60972694165177e-03,5.83233487170795e-12,1.82088546034411e-06,4.42642955590057e-06,2.1672453934165e-06,7.88858111505066e-07,,,,SSA_1,World_4,,5112100
2004,Ethiopia/DR Ethiopia (1992/1993),ETH,7.61124548436712e-07,2.57509834426574e-03,9.49686625652212e-12,1.45915680288253e-06,1.10037787383897e-05,5.48575831815221e-06,9.76943366958422e-07,3.95034932112384e-04,2.35657955140031e-06,,SSA_1,World_4,,7.607721e+07
2008,Libya,LBY,7.37049223640307e-07,1.23160492669116e-02,7.06643948266039e-12,2.34908937736103e-05,6.00331464994661e-06,1.12387398066794e-06,2.5235142454402e-05,1.62191870360692e-02,3.30658664029313e-04,,,World_6,,6235430
2015,Botswana,BWA,1.02269296001147e-06,9.46130966949252e-03,8.08805273948358e-11,3.24990920586986e-05,1.2697094072008e-05,4.37894994319792e-06,3.79724897332811e-05,1.01743840318311e-03,1.39315726150998e-05,,SSA_3,World_8,,2203273
2015,Macedonia,MKD,4.34253474863592e-07,7.05224412365728e-03,9.99808540691565e-12,1.09313885116183e-05,7.39515876370743e-06,2.14696541940398e-06,2.86813924214161e-05,1.10429151494159e-02,8.84857399551701e-05,,,World_2,,1912430
2019,South Africa,ZAF,5.28641562440762e-07,8.21525394755526e-03,5.56501708080416e-11,2.03451007227008e-05,8.99218800146473e-06,1.67801570879983e-06,3.28412662281176e-05,1.28686439628083e-03,2.34529425233828e-05,,SSA_3,World_8,,5.958788e+07
2016,Mongolia,MNG,4.44416667230683e-07,1.11096160265469e-02,4.15910511015159e-11,1.05288680151691e-05,7.36936115465706e-06,6.36343503926832e-07,1.04033261294844e-05,1.75274632086974e-03,1.70230730120507e-05,,,World_8,EAP_5,3088856
2002,Hungary,HUN,4.15138616920531e-07,9.69658440866332e-03,4.96444251459352e-12,1.74296088588645e-05,5.40411108379267e-06,1.73934482589733e-06,1.87099130339899e-05,1.21711726019696e-03,1.27694778776463e-05,,,World_5,,1.015861e+07
2017,Malaysia,MYS,4.92086129081099e-07,1.00475725780372e-02,3.6985052606289e-11,1.81917690953224e-05,6.35571215764517e-06,1.93361670601218e-06,1.52136693909694e-05,2.49150697643627e-03,3.17540471575784e-05,,,World_3,EAP_4,3.235564e+07
2013,France,FRA,8.42338921221485e-07,1.24720835842264e-02,1.08358243113843e-11,2.50726573323746e-05,9.11619962266284e-06,2.72859746977748e-06,1.36536846523479e-05,3.45216042155425e-03,2.98446517593203e-05,,,World_5,,6.599793e+07
2017,Macedonia,MKD,4.47194479310093e-07,7.55776159582215e-03,1.01086333890104e-11,1.19008991922746e-05,7.46368316362302e-06,2.15184958625581e-06,2.88985577583153e-05,1.16788729428158e-02,1.66958599277557e-04,,,World_2,,1898657
2006,Dominican Republic,DOM,4.98722882417311e-07,4.51021191511663e-03,5.53599128836319e-11,1.56087479477261e-05,5.36388314168554e-06,1.81435557416228e-06,1.47978402618963e-05,1.91021047491715e-03,3.7865829887844e-05,LACC_2,,World_9,,9341183
2019,El Salvador,SLV,3.35343637011451e-07,4.66741687806981e-03,3.90943095466652e-11,2.25627856034139e-05,4.24319561488508e-06,1.7363586384318e-06,1.66672671384751e-05,8.02057902568732e-04,7.36385339777459e-06,LACC_2,,World_9,,6222318
2009,Argentina,ARG,3.58743582192988e-07,7.39591680107827e-03,1.5469181133097e-11,1.02419004122001e-05,3.36884169108555e-06,1.2809419334815e-06,9.0938401099832e-06,1.00452470096041e-03,4.83715308813858e-06,LACC_1,,World_5,,4.085483e+07
2004,Cuba,CUB,5.28457780326767e-07,5.04100549027398e-03,1.12170294053058e-10,1.07110861460033e-05,4.82334633110875e-06,2.57651896247678e-06,2.31133530750543e-05,1.74700219916427e-03,3.2357322036219e-05,LACC_2,,World_3,,1.123876e+07
2004,Iraq,IRQ,3.71778100352892e-07,5.33116707767088e-03,1.00049088729439e-11,1.57238799813411e-05,2.53459149861294e-06,5.13576421760717e-07,1.98147894397187e-05,1.1264485719088e-02,1.40156871190917e-04,,,World_6,,2.757788e+07
2009,El Salvador,SLV,4.72402071745842e-07,4.26163464052035e-03,2.72926493391983e-11,2.13421711504671e-05,5.02188359285858e-06,2.25520758244034e-06,1.56843146542809e-05,5.93670815486199e-04,5.98676568269485e-06,LACC_2,,World_9,,6048279
2015,United Kingdom,GBR,6.77338152149895e-07,1.36432190524614e-02,7.06021346680071e-12,2.83260414336595e-05,6.34705903652241e-06,1.63612794073105e-06,1.44044052943702e-05,3.05845526532901e-03,3.11459348993021e-05,,,World_5,,6.511622e+07
2013,India,IND,4.72419946749981e-07,2.82287132436759e-03,4.85513861830727e-12,5.75443743873927e-06,6.18654581358066e-06,2.21151412822488e-06,7.1778102074702e-06,4.87532648085456e-03,6.1222324250172e-05,,,World_7,,1.29583e+09
2013,Honduras,HND,5.77867429188819e-07,3.30077052282477e-03,4.60414463265912e-11,5.7192707100963e-06,7.67878949098613e-06,3.57481076831134e-06,3.66041713552548e-06,7.85853409307189e-04,6.58203245282203e-06,LACC_2,,World_9,,8889278
2013,Kyrgyzstan,KGZ,1.02783943715779e-07,3.65433851658835e-03,1.57655726146079e-11,4.42237379451527e-06,2.02190257634089e-06,1.31430557638927e-07,5.15853260252867e-06,4.93077286228789e-03,7.21691137048531e-05,,,World_3,,5777150
2002,Central African Republic,CAF,3.16182374522102e-07,2.0746840007478e-03,9.46925930797007e-12,1.24726331918209e-06,5.13929975859628e-06,2.26127004519845e-06,7.57790702391065e-07,3.31517082953937e-04,3.50482784981142e-06,,SSA_1,World_4,,4006077
2014,Colombia,COL,5.51287887456318e-07,5.17510858882556e-03,9.84716048927803e-11,1.15460132602445e-05,5.78552280790648e-06,2.28122657590322e-06,6.041888922128e-06,6.82602005841293e-04,7.07902139006299e-06,LACC_2,,World_9,,4.656543e+07
2010,Libya,LBY,1.0082237370175e-06,1.39051122296185e-02,7.20498056286155e-12,3.03840331123566e-05,6.64725943278018e-06,9.95132578222274e-07,2.66784739592403e-05,1.63908257633404e-02,3.43411472350434e-04,,,World_6,,6497839
2003,Niger,NER,2.70247572788262e-07,1.55689921798381e-03,3.59260653587347e-12,1.37946768623223e-06,4.02154907112258e-06,1.9161614946959e-06,5.35075485987492e-07,7.01746560199969e-04,1.00638861283711e-05,,SSA_2,World_7,,1.279698e+07
2021,Equatorial Guinea,GNQ,3.07060589644567e-07,5.82985046928034e-03,2.0981343815111e-11,6.27160661717491e-06,4.2571564939113e-06,1.56375095901088e-06,3.83233858312958e-06,,,,SSA_4,World_1,,1758786
2007,Djibouti,DJI,5.55316604565547e-07,3.23323282378708e-03,1.65267931979822e-11,7.82025444764829e-06,6.1701534537752e-06,2.30448286061433e-06,5.58238179984697e-06,3.50870828479197e-03,5.23517051204833e-05,,,World_1,,874528
2002,Senegal,SEN,2.93376369148507e-07,2.00360016137744e-03,4.52476276952367e-12,3.44657842053828e-06,3.74737447184433e-06,1.16122494636857e-06,3.73507605513517e-06,4.0657244019891e-03,1.37085617796648e-05,,SSA_2,World_7,,1.046621e+07
2003,Afghanistan,AFG,8.43856562474509e-08,1.33399931291463e-03,7.56263624286224e-12,1.33301158284757e-06,1.12550188776052e-06,4.61640693086528e-07,1.41670941825321e-06,1.13127912984423e-02,3.14931565825696e-04,,,World_1,,2.273305e+07
2010,Zimbabwe,ZWE,1.01226750013719e-06,3.41107256405786e-03,1.21230825356794e-11,3.5388133220407e-06,1.54969724435931e-05,7.28426489286214e-06,4.43986335888476e-06,4.71820410572095e-04,6.47548961769127e-06,,SSA_4,World_1,,1.335655e+07
2005,North Korea,PRK,3.58932316574933e-07,4.24881679375664e-03,1.42690125402121e-12,8.73960319163413e-06,8.1864211496634e-06,6.46220906899804e-07,2.29006736066997e-05,2.4995623056933e-04,9.03626767442993e-06,,,World_6,EAP_3,2.439643e+07
2018,Iraq,IRQ,1.95175400157025e-07,5.35836518832486e-03,3.54998596450933e-12,1.20969266209802e-05,1.58082258190825e-06,3.10689631236168e-07,1.67447699064056e-05,8.84861629351012e-03,8.73607632567202e-05,,,World_6,,4.026562e+07
2021,Chile,CHL,7.3653741759206e-07,9.32581429630181e-03,1.31600603335953e-11,2.09844309132171e-05,1.19714764576344e-05,2.98048696170763e-06,2.25366157992527e-05,,,LACC_1,,World_5,,1.945633e+07
2012,Equatorial Guinea,GNQ,7.5364253945828e-07,1.5013084191528e-02,3.17473351548424e-11,1.55310998944689e-05,9.77271644469668e-06,2.5663139162385e-06,1.11139135743786e-05,4.98520113093752e-03,4.5957238818165e-05,,SSA_4,World_1,,1293483
2010,Morocco,MAR,1.95328052190697e-07,3.03815248819059e-03,7.469669624242e-12,4.98293154571738e-06,3.05512739517171e-06,9.66012429643586e-07,9.97177029748247e-06,1.07605098017334e-02,5.91919672272207e-05,,,World_3,,3.246702e+07
2002,Bhutan,BTN,3.20779771777503e-06,1.04571304690414e-02,4.97909610658522e-11,1.19634801394249e-05,4.55655671939444e-05,2.22303859296094e-05,7.33377862429084e-06,3.08354360229897e-03,3.97097832042922e-05,,,World_7,,624409
2011,Dominican Republic,DOM,4.37924244319852e-07,4.29403443830754e-03,6.34389082963505e-11,1.52996696745401e-05,5.01502563280418e-06,1.61333683623159e-06,1.17195056243298e-05,2.48264160167416e-03,5.62732002591194e-05,LACC_2,,World_9,,9945621
2020,Guatemala,GTM,9.1609678718791e-07,4.75963194740334e-03,2.0963133263275e-11,8.33578982836934e-06,1.34606420298336e-05,6.54870554953661e-06,5.51083601075921e-06,8.41160043348093e-04,6.89220249964344e-06,LACC_2,,World_9,,1.735732e+07
2018,Cambodia,KHM,5.02336053899211e-07,3.89326420697102e-03,1.40143180738129e-11,4.7419158661716e-06,6.70624229995597e-06,3.02107523694104e-06,4.0435082729445e-06,2.54660671019731e-04,3.36651543863103e-06,,,World_1,EAP_2,1.627452e+07
2019,Greece,GRC,4.02648792357601e-07,9.87984288836582e-03,2.34805873139248e-11,1.60164178780787e-05,4.91493719321034e-06,1.62671433026408e-06,1.94451910197077e-05,1.1331221790785e-02,5.57117374506223e-05,,,World_5,,1.072158e+07
2017,Ukraine,UKR,1.88946088938271e-07,4.97805047274884e-03,4.62723173311266e-12,7.60064826897628e-06,2.84750091117646e-06,1.06908451582891e-06,1.00963552574659e-05,1.42796165114963e-03,1.31151437325807e-05,,,World_2,,4.543604e+07
2014,Peru,PER,4.37418761912029e-07,4.35311192865622e-03,8.42755758894443e-11,9.61334867820331e-06,4.72028804751206e-06,1.76911290020147e-06,5.34940704716145e-06,1.49401355800718e-03,7.22437211069592e-06,LACC_2,,World_2,,3.011583e+07
2009,Qatar,QAT,2.25967952543436e-06,6.62767439461832e-02,4.59833744931906e-11,9.59458134279145e-05,2.35855195672492e-05,4.28968126504559e-06,5.3725108440921e-05,4.66013609961455e-02,1.03254205534215e-03,,,World_6,,1608903
2017,Jordan,JOR,2.23717704512084e-07,5.56766578560813e-03,4.68308752209022e-12,1.12571816901994e-05,2.6441663850369e-06,6.82901571251749e-07,1.39451782750465e-05,5.15545916763822e-03,6.17856591836842e-05,,,World_3,,1.023423e+07
2012,Myanmar,MMR,5.55261305172833e-07,3.60592582895354e-03,1.67095064520277e-11,2.63897267268031e-06,8.17712753745386e-06,4.2604153785677e-06,1.59046287114801e-06,2.79243358921952e-04,5.50901621331221e-06,,,World_1,EAP_2,4.983745e+07
2003,Sri Lanka,LKA,5.6806923407169e-07,2.84546602690032e-03,2.43087169479825e-11,7.63779574418505e-06,6.21249373732247e-06,3.00208349896406e-06,6.44321560516156e-06,4.16868363336152e-03,1.03650692050252e-04,,,World_3,,1.995152e+07
2006,Nicaragua,NIC,4.86571574484063e-07,3.75683147912614e-03,7.3693325325463e-11,9.68998732436068e-06,6.5941927324434e-06,3.02379610393806e-06,9.36068373350206e-06,8.47324600924465e-04,6.82502596331212e-06,LACC_2,,World_9,,5418855
2003,Uganda,UGA,8.94684913485528e-07,2.75642753324105e-03,8.25535667222832e-12,1.83576449045549e-06,1.47334835140888e-05,6.22066606331706e-06,1.09062771216947e-06,2.77300540473013e-03,3.81377673947091e-06,,SSA_2,World_7,,2.635212e+07
2020,Moldova,MDA,7.64156775236504e-07,6.92798234271357e-03,3.11773832928386e-12,1.36483176428735e-05,1.04694043556845e-05,4.63059283589189e-06,5.83490766460683e-06,1.14326777147622e-03,1.27552859417096e-05,,,World_2,,2635130
2018,Ecuador,ECU,4.46025816950822e-07,4.79291615720134e-03,6.38927725746008e-11,1.77671890379146e-05,3.16072499774097e-06,7.50615582145926e-07,1.11813984196351e-05,6.47393518658641e-04,6.98946560531611e-06,LACC_2,,World_2,,1.704955e+07
2008,Laos,LAO,6.99309234239782e-07,4.02395503305959e-03,2.88400617171235e-11,3.35730184714345e-06,1.02539688278914e-05,5.48643651992191e-06,2.02882645163323e-06,3.0310527717746e-04,3.33215650339579e-06,,,World_1,EAP_2,6148969
2020,Guinea,GIN,6.99548485385094e-07,3.90652943849733e-03,1.4828680574291e-11,3.53241509261326e-06,1.07197315121006e-05,4.85116411930187e-06,2.26748313446165e-06,2.07671215503865e-03,2.14199169412913e-05,,SSA_1,World_4,,1.337118e+07
2002,Mauritania,MRT,4.81801094564927e-07,4.62966698596574e-03,1.77309212244775e-11,5.52153952889334e-06,6.36700440452401e-06,2.75541983368609e-06,2.65596802241262e-06,6.65072209166503e-03,2.08601979042605e-05,,SSA_4,World_1,,2738655
2010,Dominican Republic,DOM,4.985242503334e-07,4.46760360910476e-03,6.29249511827691e-11,1.54776324666088e-05,5.43624089800576e-06,1.7540145999116e-06,1.20634249148259e-05,2.3867060314329e-03,5.29668968407394e-05,LACC_2,,World_9,,9820175
2004,France,FRA,8.76084947794959e-07,1.34514704743571e-02,1.32809346257373e-11,3.05045351951754e-05,8.25556266418554e-06,2.60498565368174e-06,1.66045311965874e-05,3.95851119700672e-03,3.82734834093832e-05,,,World_5,,6.270759e+07
2018,Qatar,QAT,1.83370498091787e-06,5.77219073133822e-02,3.78063160711324e-11,7.56893333416865e-05,2.12438033536512e-05,5.41488310298857e-06,1.43477014937256e-04,4.24752651246242e-02,6.55334879497062e-04,,,World_6,,2580734
2015,Sudan/North Sudan (2010/2011),SDN,6.5261718401706e-07,4.51078929472156e-03,3.09230267958661e-12,6.26581391702626e-06,9.4983363541585e-06,3.0505412429119e-06,3.15880051832975e-06,1.24122406092011e-02,3.76921820393753e-04,,SSA_4,World_1,,4.002443e+07
2020,Botswana,BWA,9.9854004690457e-07,9.30629347463483e-03,7.4806090707814e-11,3.38712296494838e-05,1.28402071885552e-05,4.53312633660341e-06,3.99717017954212e-05,1.05509301614093e-03,1.80814561927129e-05,,SSA_3,World_8,,2365894
2012,Croatia,HRV,8.32249943316934e-07,9.08888892189346e-03,1.02300460831585e-11,1.55522528260941e-05,1.18143753784905e-05,4.7605657545832e-06,1.89094315556783e-05,1.40548170691175e-03,1.28634781565719e-05,,,World_5,,4260368
2012,DR Congo,COD,4.45560115477251e-07,1.48385632144175e-03,1.17428701616322e-11,1.30813748252587e-06,6.28133859725462e-06,2.63867440933991e-06,7.63514761430901e-07,2.00515184899743e-04,1.17101466771335e-06,,SSA_1,World_4,,7.325462e+07
2016,Malta,MLT,8.00011780548718e-07,1.3883825719919e-02,9.76902979488872e-12,2.85641581364886e-05,9.16645304733332e-06,1.39881608517954e-06,2.95170309504307e-05,4.58558782124375e-03,3.8784325326682e-05,,,World_5,,455356
2003,Spain,ESP,7.80584182836529e-07,1.37538449997743e-02,2.81192607168277e-11,3.41779168183165e-05,7.0504156419825e-06,1.94406312294366e-06,2.10342309787968e-05,2.04664930440064e-02,1.09072713780608e-04,,,World_5,,4.218764e+07
2003,Cuba,CUB,6.02941544751864e-07,5.8425212604343e-03,1.16332565341801e-10,1.25926213816479e-05,5.36866494135613e-06,2.89657799689824e-06,3.02962201832484e-05,1.7151719620689e-03,3.12432652345012e-05,LACC_2,,World_3,,1.120938e+07
2004,Ukraine,UKR,1.64642405309047e-07,5.42506154163223e-03,4.28482092617588e-12,9.42573900109165e-06,2.05384630521917e-06,4.34492789901599e-07,1.06738079141961e-05,1.24987773508721e-03,1.12319866954521e-05,,,World_2,,4.797951e+07
2005,Belarus,BLR,3.45676170616485e-07,8.49927484565178e-03,4.79264545831693e-12,1.46363214500765e-05,5.00198631354245e-06,1.89687663124929e-06,1.02887723888017e-05,1.01681883611979e-03,1.05892489303469e-05,,,World_3,,9663915
2015,Oman,OMN,7.63223299967732e-07,2.56234467440153e-02,9.69500744406309e-12,3.68511988166112e-05,8.07883682931715e-06,1.66857985000276e-06,2.27398260751945e-05,1.47158917701696e-02,3.23804544488414e-04,,,World_6,,4184895
2009,Iceland,ISL,9.08791250572774e-07,1.5162927658509e-02,1.03793795980854e-11,2.89147217430141e-05,9.48905637005975e-06,1.64072490266606e-06,2.40041806310283e-05,2.74743033463562e-03,2.92701212631812e-05,,,World_5,,318499
2016,United Kingdom,GBR,6.35873631812042e-07,1.29573961394737e-02,6.6147765887737e-12,2.70777828982353e-05,6.13772605426631e-06,1.63537968855316e-06,1.28902682325054e-05,2.90353298246173e-03,2.76504229769529e-05,,,World_5,,6.561159e+07
2018,Bosnia and Herzegovina,BIH,5.97758710436442e-07,8.96214849963026e-03,7.25422079011146e-12,1.23290377897383e-05,7.40777533314334e-06,2.18129205487021e-06,2.66621750280209e-05,7.36580662588677e-04,1.16150173485709e-05,,,World_2,,3387000
2012,Kuwait,KWT,1.29264992882034e-06,2.68601728451932e-02,2.74580617561179e-11,4.57881526687531e-05,1.36211725202857e-05,3.3451268074857e-06,3.63661624999165e-05,2.65323585042751e-02,3.98172493573174e-04,,,World_3,,3337109
2019,India,IND,4.36198615833784e-07,3.18234560978761e-03,5.09293829433205e-12,6.49737180247209e-06,6.09260482852918e-06,1.96894916873054e-06,8.05385799006906e-06,5.00219087753072e-03,6.256997787181e-05,,,World_7,,1.38903e+09
2015,Ethiopia/DR Ethiopia (1992/1993),ETH,7.68529997033697e-07,2.87712411132337e-03,7.35268271900662e-12,2.01301742290484e-06,1.10636768658007e-05,5.4417284855387e-06,1.39636017164214e-06,5.0060896653479e-04,3.6903702968018e-06,,SSA_1,World_4,,1.038671e+08
2002,Georgia,GEO,3.96668360144401e-07,3.58670146054317e-03,1.48234645490209e-11,5.98192947144744e-06,5.83746417318854e-06,2.6012915782224e-06,2.74418959275478e-06,5.12160845898977e-03,6.1476676234304e-05,,,World_2,,3978515
2012,Greece,GRC,4.86013450498011e-07,1.28771910132708e-02,2.17601767816085e-11,2.1732868242402e-05,5.59955056998833e-06,1.81972205191932e-06,2.98526016998867e-05,1.21904612891982e-02,5.25809566985306e-05,,,World_5,,1.104501e+07
2014,Sri Lanka,LKA,6.59781889764308e-07,3.69483330863529e-03,2.86704172698666e-11,8.73471162318688e-06,7.65119369451853e-06,3.25157970003933e-06,8.42132976037708e-06,2.51408335745011e-03,7.45953451131153e-05,,,World_3,,2.0778e+07
2014,Kuwait,KWT,1.18703745002248e-06,2.94210299784229e-02,2.30998453292785e-11,4.52547281799305e-05,1.30457441262707e-05,2.75052996842212e-06,3.74101118271884e-05,2.7826963908148e-02,3.83418559057453e-04,,,World_3,,3665876
2014,France,FRA,7.60342521151925e-07,1.18213981454935e-02,1.12586296702559e-11,2.4383282426685e-05,7.7382416449764e-06,2.40510332364242e-06,1.26805487688509e-05,3.30298590405577e-03,2.87358049314645e-05,,,World_5,,6.631207e+07
2018,Zambia,ZMB,9.70448362907287e-07,3.01865001900712e-03,9.092873479075e-12,3.47877752278195e-06,1.31304104685473e-05,5.21735009775289e-06,6.00652106108225e-06,2.03092801439075e-04,2.46814473776517e-06,,SSA_2,World_7,,1.797357e+07
2016,Mali,MLI,3.04105601616592e-07,2.0150280174036e-03,3.12293942890583e-12,2.04174421454859e-06,4.77811418835829e-06,1.77338615444847e-06,1.22700385801709e-06,1.27406237680196e-03,8.15599008945778e-06,,SSA_2,World_7,,1.919129e+07
2018,Benin,BEN,4.84788760838104e-07,2.12901424724133e-03,1.97405252071303e-12,6.20936538798523e-06,6.92493811590853e-06,2.2841437056157e-06,1.24103099734921e-06,3.16891375397634e-04,3.42857499746732e-06,,SSA_2,World_7,,1.238335e+07
2008,DR Congo,COD,5.37970230386542e-07,1.60693850881993e-03,1.16738258102983e-11,1.25707081200084e-06,6.88922814223076e-06,3.55188348716185e-06,7.60086222601054e-07,1.96236188362801e-04,1.22811346553962e-06,,SSA_1,World_4,,6.439066e+07
2021,Hungary,HUN,6.74312028809841e-07,9.50586865501844e-03,3.53632041105084e-12,1.59750395318945e-05,9.00876095692898e-06,3.59260765128688e-06,1.13096423966852e-05,,,,,World_5,,9709891
2005,Belgium,BEL,1.32297688360366e-06,2.15538771678162e-02,1.711583687539e-11,5.07404517063246e-05,1.11844765772703e-05,3.01097744064851e-06,2.67517222199594e-05,5.22545495922649e-03,6.21241143062106e-05,,,World_5,,1.047862e+07
2019,Luxembourg,LUX,1.9341742016135e-06,3.53705059249711e-02,1.72127894852484e-11,7.11906286294095e-05,1.69185126233366e-05,5.87411576884e-06,2.64748256946689e-05,4.84744294468054e-03,5.10431431532427e-05,,,World_5,,620001
2018,Denmark,DNK,1.03293994589493e-06,1.99983579876126e-02,1.15179349165164e-11,3.53623236816704e-05,1.1203435414843e-05,3.88195127672027e-06,1.85193658358097e-05,3.25921357179828e-03,3.3113019519542e-05,,,World_5,,5793636
2015,Portugal,PRT,4.55177834678937e-07,9.36726927416511e-03,1.9267905941847e-11,1.42059151112668e-05,5.44198481246034e-06,2.29604700211206e-06,9.15901846799784e-06,7.40814605254615e-03,3.37875903760187e-05,,,World_5,,1.035808e+07
2021,Djibouti,DJI,6.29784365462427e-07,5.50142305435197e-03,1.7384364102726e-11,1.11660497449553e-05,8.15728239621319e-06,2.86922190635103e-06,9.51995623464318e-06,,,,,World_1,,1121248
2011,Belarus,BLR,3.90726330508375e-07,9.46237836143514e-03,5.40277404019836e-12,1.47887507374127e-05,5.69724156320595e-06,2.13184434861772e-06,1.06257726763022e-05,1.3874476283146e-03,1.91627224384342e-05,,,World_3,,9461643
2020,Lebanon,LBN,4.58862636798219e-07,9.22716155471225e-03,1.38217334472192e-11,4.02694401121823e-05,5.71282905652634e-06,1.45292507912793e-06,4.69610638566524e-05,1.02913293206298e-02,9.44780966559742e-05,,,World_3,,5702398
2007,Poland,POL,5.64113345068231e-07,1.17409853587949e-02,4.52211422922087e-12,1.82290320873755e-05,8.44789910632913e-06,1.96022365224474e-06,2.269010576021e-05,1.09963426653824e-03,1.83250340276985e-05,,,World_5,,3.812056e+07
2007,Oman,OMN,9.15704187076999e-07,2.15703395120565e-02,1.50200785469522e-11,3.37666546360952e-05,8.35374752255306e-06,1.80894492115474e-06,2.83614500085377e-05,2.75797529118023e-02,7.34999434772229e-04,,,World_6,,2570174
2005,Philippines,PHL,3.07002287987384e-07,2.5772737961355e-03,2.72700662851348e-11,4.67481123681916e-06,3.88265562461685e-06,1.86331011897847e-06,4.18040251646359e-06,5.13761163506838e-04,1.1455202295204e-05,,,World_8,EAP_5,8.801596e+07
2016,Switzerland,CHE,1.24535599034637e-06,1.95098996467971e-02,1.56369272858615e-11,4.66544079522293e-05,1.22645720162478e-05,3.43899670446151e-06,3.12245472900155e-05,4.883739475053e-03,3.85033309799686e-05,,,World_5,,8373338
2005,Malta,MLT,9.62605204818195e-07,1.5858573651546e-02,1.23032466133704e-11,4.65952610880981e-05,9.56569457825688e-06,1.39737248155333e-06,5.24390697735324e-05,6.68131633231558e-03,6.5201153882478e-05,,,World_5,,403834
2005,Finland,FIN,1.65636956634883e-06,2.60536416053326e-02,8.23160307442258e-12,5.49119143662649e-05,1.49546988368746e-05,5.92914623095147e-06,4.25922288196871e-05,2.39678025264252e-03,2.56837498776681e-05,,,World_5,,5246096
2014,Central African Republic,CAF,2.9858724841786e-07,2.21007355895031e-03,6.13746716909501e-12,1.4138513252317e-06,4.30005604173898e-06,2.05944832646004e-06,7.48667736823006e-07,6.49108452957534e-04,6.90725509057757e-06,,SSA_1,World_4,,4623182
2013,Bhutan,BTN,3.11009359122852e-06,0.01140943476783,4.43092368660605e-11,1.75560955355496e-05,4.20796584397601e-05,2.01750371688272e-05,9.47979170959106e-06,5.01194596258425e-03,7.65162689877459e-05,,,World_7,,725273
2007,Senegal,SEN,3.29399817186106e-07,2.387721349222e-03,4.3677493727325e-12,4.22286026545951e-06,4.03852020599723e-06,1.17112355613286e-06,4.458898780749e-06,4.98279679035109e-03,2.15037194722306e-05,,SSA_2,World_7,,1.177034e+07
2015,Algeria,DZA,5.07707788582132e-07,6.39253946501106e-03,5.46853936568902e-12,1.36734156725346e-05,2.99655083840896e-06,5.71735663943685e-07,3.68717490374182e-06,1.91564828396429e-03,2.24818926175478e-05,,,World_3,,4.001953e+07
2008,Bulgaria,BGR,5.51679907715028e-07,8.87747340021599e-03,8.39280027114725e-12,2.21162941113239e-05,7.30015728231068e-06,2.18963643898239e-06,5.34677309710075e-05,2.41056043715266e-03,2.33157108908576e-05,,,World_2,,7492561
2003,Romania,ROU,4.07724917515627e-07,6.97600536991663e-03,6.59461000396559e-12,1.20739670190685e-05,5.67462272723635e-06,2.26729951516756e-06,2.09258276076326e-05,7.98355046110641e-04,8.72721169270414e-06,,,World_2,,2.157433e+07
2014,Singapore,SGP,2.497708851622e-06,2.80575424924684e-02,3.65145691588888e-11,6.52965365854319e-05,2.74087631301016e-05,5.41994124328505e-06,5.21621402269334e-05,8.45183300762229e-03,9.94223176547681e-05,,,World_5,EAP_1,5469724
2013,Nepal,NPL,7.59960385391835e-07,3.52526059531687e-03,7.35291298395995e-12,2.90369981862042e-06,1.07795499424888e-05,5.38715231266695e-06,1.93226576485998e-06,1.30828158753787e-03,1.41938094321744e-05,,,World_7,,2.759e+07
2017,Sierra Leone,SLE,6.29825160511432e-07,2.22971853784494e-03,1.86542954886108e-11,1.94744985453651e-06,1.00643688830947e-05,4.00925133735504e-06,1.01262982274123e-06,3.1018720161464e-04,6.24640356466968e-06,,SSA_2,World_7,,7379299
2015,Guinea,GIN,7.76920933347766e-07,3.67643515371443e-03,1.59243808916527e-11,3.37300308299099e-06,1.27173633939747e-05,5.30022554879017e-06,2.04970712461698e-06,7.77492793415471e-04,4.97503356959275e-06,,SSA_1,World_4,,1.176707e+07
2021,Cambodia,KHM,4.9547297278989e-07,4.22325765063451e-03,1.41646589526388e-11,4.77737278248527e-06,6.60720641820207e-06,2.94142664661428e-06,4.25560932885025e-06,,,,,World_1,EAP_2,1.69743e+07
2013,Argentina,ARG,4.97914428251543e-07,9.48611143192612e-03,1.72844742039999e-11,1.56773484819729e-05,4.54991785306909e-06,1.90321754373581e-06,1.07921997679847e-05,1.08034215957537e-03,5.69063260674659e-06,LACC_1,,World_5,,4.258246e+07
2011,Lebanon,LBN,3.89198293648426e-07,8.51021158013016e-03,1.35936993760598e-11,3.19571634502869e-05,5.32656956983101e-06,1.0206416706978e-06,4.28482372070677e-05,1.1345542071912e-02,1.03750166820028e-04,,,World_3,,5096020
2009,Sri Lanka,LKA,5.53533535929198e-07,2.96300617826109e-03,2.40435580558447e-11,7.45103498143993e-06,6.45289086849515e-06,3.10594021692419e-06,6.56022908552513e-06,2.87353112746891e-03,9.1472160487945e-05,,,World_3,,2.075644e+07
2011,Burundi,BDI,6.10224592076007e-07,1.80206765308603e-03,5.7243932444717e-12,1.17364318025641e-06,1.07243493491853e-05,4.42910865386819e-06,6.98539702271519e-07,1.73761880282957e-03,3.47948899059503e-06,,SSA_1,World_4,,9717978
2012,Ethiopia/DR Ethiopia (1992/1993),ETH,7.56305207999279e-07,2.64246177829599e-03,7.95087061258976e-12,1.73570642035818e-06,1.09187145217038e-05,5.41172573512586e-06,1.21626703489598e-06,3.22580475524769e-04,2.58749719485331e-06,,SSA_1,World_4,,9.579877e+07
2013,Colombia,COL,5.48402545814514e-07,5.502991952145e-03,9.76132263475698e-11,1.14045465602934e-05,5.76512325167069e-06,2.32730309917577e-06,5.96833012464838e-06,6.88977548321544e-04,6.87728185966224e-06,LACC_2,,World_9,,4.615158e+07
2020,Spain,ESP,5.11246859848283e-07,8.1281127306278e-03,1.89538357420278e-11,1.88886533998812e-05,5.05228638402002e-06,1.63525265934993e-06,1.01341648705184e-05,1.18089131805609e-02,5.1679207291819e-05,,,World_5,,4.736566e+07
2014,USSR/Russian Federation (1990/1991),RUS,4.56275818380496e-07,1.29795318172698e-02,3.67709242895163e-12,2.81942970649443e-05,4.86489664744102e-06,7.87660338089866e-07,1.60976822806445e-05,1.57199133437031e-03,1.58961740226224e-05,,,World_3,,1.442372e+08
2019,CSSR/Czech Republic (1990/1991),CZE,8.54435346288417e-07,1.4048958894071e-02,7.6734329936887e-12,2.04494560015419e-05,1.08923107352688e-05,3.87460250883747e-06,1.80477569147538e-05,1.35822733597798e-03,1.35262262654886e-05,,,World_5,,1.067187e+07
2015,Uganda,UGA,8.11013417455375e-07,2.88296939903622e-03,6.44132321906301e-12,2.25918227614928e-06,1.37984541471601e-05,5.3952632884007e-06,1.33899690874236e-06,2.0088887253663e-03,2.37238316975622e-06,,SSA_2,World_7,,3.753145e+07
2013,Jordan,JOR,2.7807296468411e-07,6.06630160232539e-03,5.37489504785889e-12,1.40389234017597e-05,2.89253446178587e-06,6.47987463502201e-07,1.89229410393644e-05,6.4098657396747e-03,8.26831396978135e-05,,,World_3,,7991809
2014,Ecuador,ECU,4.77394269920002e-07,5.60028422050433e-03,6.55666338775547e-11,1.87309782491358e-05,3.56343999935345e-06,8.91004362039053e-07,1.70603328871482e-05,6.59118111824449e-04,5.89178479154157e-06,LACC_2,,World_2,,1.603512e+07
2012,Macedonia,MKD,4.23233395543987e-07,7.16224957795117e-03,9.88511919218632e-12,1.18255717980385e-05,7.44567432091386e-06,2.08695831660809e-06,3.40410926838973e-05,1.16535389835819e-02,7.2034677345887e-05,,,World_2,,1929821
2013,Namibia,NAM,8.91941539609968e-07,8.27954553625901e-03,3.04229872225122e-10,2.12409497941728e-05,9.99805597017946e-06,2.14909514237478e-06,2.12025734702627e-05,9.23861576427103e-04,1.05864125868729e-05,,SSA_3,World_8,,2252508
2014,Malta,MLT,9.44659370477741e-07,1.44914588455247e-02,8.96631620453189e-12,3.2350397762171e-05,9.90511309577104e-06,1.25776188469515e-06,3.59887839625366e-05,4.58282145567993e-03,3.9370741046128e-05,,,World_5,,434558
2018,Uganda,UGA,7.63617429980285e-07,2.87794233356412e-03,5.89297563434392e-12,2.17380165078363e-06,1.2728501125908e-05,5.12023379541105e-06,1.25784548667513e-06,2.02057903752679e-03,1.79516132999958e-06,,SSA_2,World_7,,4.156583e+07
2009,Myanmar,MMR,5.54636119561498e-07,3.49562950769467e-03,1.72673997156048e-11,2.13926996837401e-06,8.11983788540045e-06,4.49806273971711e-06,1.00724843839818e-06,1.67650051471956e-04,3.39836384641964e-06,,,World_1,EAP_2,4.866046e+07
2002,Singapore,SGP,2.54281872263186e-06,2.3760248390713e-02,5.5330329557862e-11,7.92148645531331e-05,2.32632279518986e-05,6.83057235714846e-06,6.16956556671162e-05,6.985580443876e-03,9.0605584200137e-05,,,World_5,EAP_1,4175950
2019,Georgia,GEO,3.22173896560743e-07,5.08613115651307e-03,1.07290815102435e-11,6.35436014015119e-06,5.35331155643613e-06,1.86736455469466e-06,4.54322956431826e-06,4.11462175786817e-03,7.28829935767476e-05,,,World_2,,3720161
2019,Tanzania,TZA,5.19006368332378e-07,2.49861758671047e-03,1.19996064668943e-11,2.33044597603828e-06,7.71620475116654e-06,3.46248549615408e-06,1.03630428920977e-06,3.34320688938849e-04,4.76900993712443e-06,,SSA_2,World_7,,5.917489e+07
2011,Eritrea,ERI,3.926961589446e-07,2.48438433819407e-03,2.632410586454e-11,2.41174968158601e-06,5.62973267905969e-06,2.2763904631794e-06,1.53230921615909e-06,2.34797508842885e-03,2.11278225478122e-05,,SSA_4,World_1,,2998485
2009,USSR/Russian Federation (1990/1991),RUS,3.2813139610369e-07,1.26462799387606e-02,3.1693826572543e-12,2.58647468397091e-05,3.96425045662995e-06,8.34318139154457e-07,1.55401284394424e-05,1.58763522651961e-03,1.56812574757026e-05,,,World_3,,1.427853e+08
2014,El Salvador,SLV,3.25852084527963e-07,3.71300875210913e-03,3.04434352340457e-11,1.9755928689293e-05,3.66191331246701e-06,1.63418872135422e-06,1.57323530865736e-05,5.22602321451099e-04,5.0078661414586e-06,LACC_2,,World_9,,6162955
2008,Uganda,UGA,8.78286722194582e-07,2.97758127098648e-03,7.73984488371247e-12,2.1479801391529e-06,1.45700200211375e-05,5.91965012883686e-06,1.39101759516228e-06,2.79527004427356e-03,3.03842507278241e-06,,SSA_2,World_7,,3.053955e+07
2003,South Africa,ZAF,6.41173665097896e-07,8.63316568796088e-03,7.13074695904293e-11,2.39960102746234e-05,9.47355898963276e-06,2.38476741538659e-06,3.41278051977264e-05,1.88213645657386e-03,2.60293796683842e-05,,SSA_3,World_8,,4.850035e+07
2021,Haiti,HTI,5.24277745318289e-07,2.73541289150893e-03,5.38787957908246e-11,4.99688856547068e-06,7.30779967836414e-06,2.7962379316214e-06,2.6052330714864e-06,,,LACC_3,,World_1,,1.137459e+07
2009,Ghana,GHA,3.69036436619835e-07,2.0316666795733e-03,1.13666630055862e-11,3.82406909974037e-06,4.79662400573756e-06,1.31518979560734e-06,3.14017529146265e-06,7.19759381998912e-04,6.26077591119837e-06,,SSA_3,World_8,,2.486266e+07
2012,Jamaica,JAM,4.11153954790938e-07,4.35187534049603e-03,3.57912540931807e-11,1.70494958694989e-05,3.98971205264595e-06,1.19501673835494e-06,2.00635936345478e-05,1.55304884013544e-03,1.19744804598048e-05,LACC_2,,World_2,,2772430
2020,Colombia,COL,4.1610290549498e-07,4.25573241719515e-03,9.87921607322153e-11,1.04855678398939e-05,4.39440975641624e-06,1.74130068912177e-06,4.62882459302029e-06,5.55146950952147e-04,5.15478263314291e-06,LACC_2,,World_9,,5.063e+07
2003,Thailand,THA,4.85342111937794e-07,5.80673679204079e-03,7.5730984163556e-12,8.45249584363511e-06,6.12297009514414e-06,2.28739782224177e-06,8.22071108294904e-06,8.45896409781773e-04,2.47747366039443e-05,,,World_9,EAP_4,6.486817e+07
2006,Chile,CHL,8.6873879433205e-07,7.69681783700126e-03,1.34280305394841e-11,1.87692314117083e-05,1.15661942235988e-05,3.6810561797487e-06,1.65793550972719e-05,2.25635738406678e-03,1.26608697412923e-05,LACC_1,,World_5,,1.65092e+07
2015,Namibia,NAM,9.39152996255494e-07,7.61859821272577e-03,2.91144728435716e-10,2.15256032129638e-05,1.04484494009672e-05,2.29353566718273e-06,2.07210489261619e-05,1.49626791126086e-03,2.04948603794991e-05,,SSA_3,World_8,,2374300
2009,Niger,NER,2.79735575239737e-07,1.81264726684734e-03,3.54706062194236e-12,1.64969256062034e-06,4.08254695644685e-06,1.88225643937819e-06,6.76953501450237e-07,5.98941919001676e-04,7.82709370538267e-06,,SSA_2,World_7,,1.594368e+07
2010,Cambodia,KHM,5.5965165417641e-07,3.72757195952614e-03,1.67848176666372e-11,4.33338005455412e-06,7.20663781182853e-06,4.11089215705824e-06,2.30309864082326e-06,2.61717168730604e-04,2.33426719968858e-06,,,World_1,EAP_2,1.450073e+07
2003,Rwanda,RWA,4.2430469102451e-07,1.34166699974509e-03,1.17336348738755e-11,1.1252547353889e-06,6.92796273908188e-06,2.77150286261158e-06,7.85482678660857e-07,2.39799452031743e-03,4.11544423379638e-06,,SSA_4,World_7,,8586875
2010,Ecuador,ECU,4.36483311393498e-07,5.35350572977355e-03,8.95842345006575e-11,1.74021586681677e-05,3.50827845838212e-06,8.31622393597629e-07,1.49074109899959e-05,6.78461241722029e-04,6.24264472414455e-06,LACC_2,,World_2,,1.50767e+07
2012,Kazakhstan,KAZ,6.22748171953789e-07,1.48621096433489e-02,2.06975043328946e-11,3.03020099620385e-05,9.71125585544056e-06,6.28783138941834e-07,4.36830268457973e-05,5.59004508630838e-03,8.9394024478242e-05,,,World_3,,1.730611e+07
2011,Sri Lanka,LKA,6.36935157982118e-07,3.57408807176468e-03,2.51229937076014e-11,9.28354634961498e-06,7.2118628238587e-06,3.24803059162999e-06,8.43271044972381e-06,3.01921576318878e-03,9.27343814295074e-05,,,World_3,,2.100905e+07
2014,Afghanistan,AFG,7.59730817643866e-08,1.22236117149714e-03,5.18871546728886e-12,1.42951838804807e-06,9.73244106660814e-07,3.9180889511245e-07,1.93231232959911e-06,5.48954131436162e-03,1.38667265622569e-04,,,World_1,,3.279252e+07
2012,Ireland,IRL,8.09375055009143e-07,1.88552667315764e-02,6.17534079981448e-12,3.25488426835624e-05,7.71695931553349e-06,1.31737104210426e-06,2.01678009323273e-05,2.18232143284714e-03,2.66563830306849e-05,,,World_5,,4599533
2019,Israel,ISR,6.34974781412694e-07,1.33056372630578e-02,1.84049836884632e-11,3.22259995659182e-05,8.33004650211694e-06,1.79613040564716e-06,1.58499433815139e-05,5.15049799543257e-03,4.89389186482963e-05,,,World_5,,9054000
2014,Thailand,THA,5.93330834089828e-07,7.49945569619749e-03,7.90157784477421e-12,1.08809310922406e-05,7.43362346350156e-06,2.78704018647035e-06,9.00474013270299e-06,1.04352880236373e-03,2.48529537969231e-05,,,World_9,EAP_4,7.021637e+07
2013,Laos,LAO,7.23858663976615e-07,4.65866788368315e-03,2.25625888757651e-11,5.09891742114369e-06,1.02957117202893e-05,4.72846402504159e-06,4.02869784576451e-06,3.38311647825804e-04,4.97169946069524e-06,,,World_1,EAP_2,6611385
2017,Angola,AGO,4.55638649383949e-07,3.35137535240937e-03,1.80749723665786e-11,5.23868049992869e-06,5.95602127770122e-06,2.74161786476878e-06,3.27657511768964e-06,6.28924770745008e-04,7.93262566895141e-06,,SSA_1,World_4,,3.023484e+07
2006,Ecuador,ECU,4.31159520220261e-07,5.02014834601893e-03,9.83979887536833e-11,1.45214848821162e-05,3.29482433888479e-06,1.03945846731255e-06,1.2456221790917e-05,6.93339854528482e-04,7.34267216946186e-06,LACC_2,,World_2,,1.408613e+07
2008,Slovakia,SVK,5.72828049966343e-07,1.18375630793464e-02,7.41820521122121e-12,2.63527057878129e-05,6.13299435116095e-06,1.34425341013499e-06,1.94626765119336e-05,2.01855534117459e-03,3.2282945358962e-05,,,World_5,,5379233
2020,Luxembourg,LUX,1.78901280059435e-06,2.9123888685829e-02,1.72685895644919e-11,7.18378912044716e-05,1.49324193411772e-05,4.6268433558016e-06,2.44882912658461e-05,3.73768835727248e-03,3.60425600344871e-05,,,World_5,,630419
2013,Cyprus,CYP,5.18059772386131e-07,1.01276330920181e-02,1.37454220623193e-11,2.4035614678326e-05,4.51089089366613e-06,8.07083415710437e-07,2.43140640468201e-05,7.81927503692424e-03,4.91696993306738e-05,,,World_5,,1183895
2003,Norway,NOR,1.37320464449997e-06,1.86886284225362e-02,1.16128791003445e-11,5.76703088000837e-05,1.2669921069727e-05,3.95299256090264e-06,2.9316577380248e-05,3.17557132731855e-03,3.06990399731943e-05,,,World_5,,4564855
2006,Eritrea,ERI,4.95501101851939e-07,3.05085990853877e-03,2.98606494977648e-11,3.78983735918002e-06,7.11684504465978e-06,2.70217748929317e-06,2.55932115758532e-06,3.75804659558891e-03,3.61770789623834e-05,,SSA_4,World_1,,2703502
2019,Moldova,MDA,7.51475175976427e-07,7.11906379279141e-03,2.68141871311194e-12,1.40002449247812e-05,1.03010379502353e-05,4.49224251916881e-06,6.55881777077933e-06,1.09322230690172e-03,1.28580264587633e-05,,,World_2,,2664224
2020,Malawi,MWI,3.25580122547539e-07,1.65851099864112e-03,3.90486125340869e-12,1.49191984694075e-06,4.57493042299881e-06,1.87148949318944e-06,1.20887130210106e-06,1.39887671728711e-04,2.11868871383323e-06,,SSA_2,World_7,,1.953389e+07
2002,Botswana,BWA,9.64368455784161e-07,8.30668314101004e-03,9.61854207808797e-11,2.25332056376842e-05,1.33499786592774e-05,5.5298308136596e-06,2.34489049258456e-05,1.36850401296947e-03,1.43584891894184e-05,,SSA_3,World_8,,1744763
2003,South Korea,KOR,7.50573719573181e-07,1.46016731853941e-02,1.50437842083746e-11,3.03398900152841e-05,7.72107110999921e-06,1.39007167668923e-06,2.85089833843068e-05,6.27205177598721e-03,4.95521174766541e-05,,,World_5,EAP_1,4.789233e+07
2007,Italy,ITA,9.24380735285523e-07,1.56462146508522e-02,1.90856582557275e-11,3.29521638233445e-05,9.02637310723089e-06,2.66168826649045e-06,2.18501926099498e-05,6.99285940648072e-03,6.41300664183996e-05,,,World_5,,5.843831e+07
2013,Togo,TGO,4.53468375819267e-07,1.8959469957459e-03,5.25782887655209e-12,2.60109644592619e-06,6.88181232946532e-06,2.42559033333251e-06,1.09816958115478e-06,3.15229395735546e-04,4.05000158674301e-06,,SSA_2,World_7,,7285442
2020,South Africa,ZAF,5.24087629191701e-07,6.9386117874605e-03,5.40690333165444e-11,1.89366957419033e-05,8.67628121284576e-06,1.6476757447438e-06,2.96866190224492e-05,1.22644833353572e-03,2.34935870974592e-05,,SSA_3,World_8,,6.056238e+07
2016,Belgium,BEL,1.0836299568366e-06,1.97494236654751e-02,1.29965975287197e-11,3.50828712561837e-05,1.08470014189975e-05,3.43545432377783e-06,1.93043992755879e-05,4.89476949841665e-03,5.47706177636676e-05,,,World_5,,1.133142e+07
2020,Pakistan,PAK,3.91156663492243e-07,3.13040799454771e-03,1.19691061457232e-12,4.52723509301595e-06,5.11216054774662e-06,2.45583498300848e-06,4.63837441811921e-06,6.42922427904756e-03,2.41801632102756e-04,,,World_1,,2.350017e+08
2005,Portugal,PRT,7.73625784595024e-07,1.30061173155137e-02,2.4058965920238e-11,2.84984632362631e-05,7.85148344429201e-06,3.22154272305263e-06,2.02173954261421e-05,9.75530138676781e-03,4.8009929430022e-05,,,World_5,,1.050333e+07
2010,Italy,ITA,7.7243503626371e-07,1.36933675679191e-02,1.68536177599243e-11,2.5931336232614e-05,7.9186333374567e-06,2.50792896697422e-06,1.63564871161522e-05,5.62763381895972e-03,5.09683675069961e-05,,,World_5,,5.927742e+07
2008,Iraq,IRQ,2.60074185138451e-07,4.96021409654594e-03,5.22378083807628e-12,1.25184764985348e-05,2.01980559145674e-06,2.90402406743381e-07,1.51907553010354e-05,1.21866943057172e-02,1.43949229431131e-04,,,World_6,,2.897104e+07
2016,Lebanon,LBN,3.93403570949311e-07,8.25102032716009e-03,1.36717537925356e-11,3.38808823083955e-05,5.00717058909767e-06,1.04936965298323e-06,3.94403243769306e-05,8.22053728165371e-03,7.17220604819586e-05,,,World_3,,6323060
2002,Slovenia,SVN,8.33825771445724e-07,1.56782547419152e-02,1.12744319820993e-11,2.4623190427805e-05,1.06752919969878e-05,4.18683796395082e-06,2.20353106933395e-05,2.26010930196466e-03,2.38182681944916e-05,,,World_5,,1994530
2016,Dominican Republic,DOM,4.4104871574645e-07,4.57070701998875e-03,5.10599570669231e-11,1.50545194234794e-05,5.23312309297716e-06,1.71274261344743e-06,1.34270861953092e-05,2.07186878135121e-03,4.27851901796684e-05,LACC_2,,World_9,,1.055143e+07
2004,Slovenia,SVN,1.00666238721054e-06,1.6199305893796e-02,1.18307581981695e-11,3.08294490370963e-05,1.19683332050613e-05,4.67738879324826e-06,2.2043999098009e-05,2.59948557813093e-03,2.77697387146211e-05,,,World_5,,1997012
2012,Cameroon,CMR,4.79028271344835e-07,2.43701937313855e-03,1.6975039484873e-11,2.92156053828138e-06,7.06031746173926e-06,3.23312042444911e-06,1.55696716479145e-06,6.09056015871129e-04,6.35505540541559e-06,,SSA_2,World_7,,2.080953e+07
2011,Singapore,SGP,2.538281309771e-06,2.59027312464685e-02,3.36849316911678e-11,6.46911046212623e-05,2.55642419634421e-05,6.29164832445535e-06,5.42010718700207e-05,6.60873822226291e-03,8.29174827693891e-05,,,World_5,EAP_1,5183688
2021,Finland,FIN,1.5095187047947e-06,2.19439696797862e-02,6.3877298703436e-12,3.9501018107662e-05,1.3970610829613e-05,6.78775761080408e-06,3.20498992432017e-05,,,,,World_5,,5541017
2006,Mexico,MEX,3.97616077545342e-07,8.03871800440724e-03,4.72023175134186e-11,1.86979322146254e-05,4.66695976566725e-06,1.72583231433813e-06,1.59150150033402e-05,5.12496963187216e-03,3.50565781844107e-05,LACC_2,,World_9,,1.072537e+08
2013,Chad,TCD,4.40845797425386e-07,4.65723237785041e-03,4.96925139557986e-12,1.98403629555334e-06,6.86682923251426e-06,2.94029267287621e-06,7.93423169363795e-07,3.57614692914466e-04,2.00783451142231e-06,,SSA_1,World_4,,1.369108e+07
2018,Central African Republic,CAF,3.13761967342045e-07,2.3400487931268e-03,6.15586822569625e-12,1.57881019741814e-06,4.44283494759224e-06,2.09627376342231e-06,8.13442334635792e-07,7.20809759988642e-04,1.12775793426633e-05,,SSA_1,World_4,,4878657
2009,Venezuela,VEN,4.99841868632374e-07,9.70258634827707e-03,5.92718097553739e-11,2.35022297310134e-05,4.00779513129959e-06,1.34252445702584e-06,9.39603730649781e-06,1.41500931940671e-03,1.0329014521526e-05,LACC_2,,World_9,,2.84383e+07
2015,Madagascar,MDG,4.67931198300979e-07,2.01135219814864e-03,2.60764856019224e-10,1.6437716425714e-06,7.06785102702226e-06,2.82681589720434e-06,1.40832200975805e-06,6.55204547803624e-04,6.72217941321167e-06,,SSA_2,World_7,,2.54267e+07
2019,Finland,FIN,1.49593662449972e-06,2.08968800291189e-02,6.23028217987917e-12,3.97282773779475e-05,1.38120456516917e-05,6.63797948262641e-06,3.13896483116698e-05,1.84212511133121e-03,1.72124969598288e-05,,,World_5,,5521606
2020,Slovakia,SVK,4.58353857783896e-07,1.00802692725295e-02,5.27869811654156e-12,1.85225269613512e-05,5.54117603868522e-06,1.47101232651425e-06,1.27274305474793e-05,1.11429998402758e-03,1.06783903942554e-05,,,World_5,,5458827
2011,Zimbabwe,ZWE,1.06872712097176e-06,4.43814563372085e-03,1.2772686588438e-11,6.03298535122638e-06,1.66422566502625e-05,7.42270213217933e-06,6.99846170295729e-06,9.80082647696718e-04,1.20277751530639e-05,,SSA_4,World_1,,1.359542e+07
2002,China,CHN,6.23286111467444e-07,4.86120224594394e-03,4.08687116905501e-12,9.48272784776945e-06,9.03319074121361e-06,2.29208491075853e-06,1.40390116852893e-05,3.4904714889579e-03,1.75373802277347e-05,,,World_6,EAP_3,1.2804e+09
2016,Djibouti,DJI,5.80665034385813e-07,5.15100304039958e-03,2.06287068255573e-11,9.20467620492385e-06,7.94212984956956e-06,2.51827317026361e-06,8.12508863802957e-06,5.08169974702706e-03,8.78441290340059e-05,,,World_1,,1037653
2002,Peru,PER,3.76836326719581e-07,3.33624200804512e-03,9.36157054861131e-11,7.24047413073581e-06,4.1381191110442e-06,1.78580465294545e-06,6.58828479103969e-06,1.41340030811517e-03,6.60877380091678e-06,LACC_2,,World_2,,2.728822e+07
2006,El Salvador,SLV,4.4905640673529e-07,3.89992686026987e-03,2.62940841784104e-11,1.45636625178585e-05,4.69993363938848e-06,2.09587303755359e-06,1.04370675530703e-05,8.67193213682465e-04,7.9997895203568e-06,LACC_2,,World_9,,6002319
2009,Burkina Faso,BFA,5.80063255633882e-07,2.10676706750673e-03,2.84851203590241e-12,1.87175943070706e-06,9.43099761373275e-06,3.86429987985171e-06,1.02232890386996e-06,4.71162627187944e-04,6.08468781219582e-06,,SSA_2,World_7,,1.571007e+07
2007,Rep Congo,COG,5.36099154952586e-07,5.00614817301121e-03,4.87880347344134e-11,5.36036011007592e-06,7.16836282284188e-06,2.28419558344289e-06,4.10044002924634e-06,1.25384328259313e-03,1.38990689406988e-05,,SSA_4,World_1,,3980430
2016,Ukraine,UKR,1.78137374948318e-07,5.15803689358844e-03,4.50960957329071e-12,8.08039719206483e-06,2.80913475759586e-06,1.02097048271116e-06,1.2040726439653e-05,1.24905043382618e-03,1.1173298863873e-05,,,World_2,,4.561683e+07
2018,Belgium,BEL,1.1393185616829e-06,1.97313527272001e-02,1.30772188886705e-11,3.7367709100206e-05,1.07319941996645e-05,3.45534304236595e-06,1.84679914151171e-05,4.9611285276741e-03,5.53108737181231e-05,,,World_5,,1.142705e+07
2020,United Kingdom,GBR,5.81506661524183e-07,1.06271023209043e-02,5.05516110012183e-12,2.5686063049623e-05,5.36851470011693e-06,1.42680531846758e-06,1.07691136334407e-05,2.32689820778962e-03,2.07010070793882e-05,,,World_5,,6.708123e+07
2005,Burundi,BDI,6.87352865012454e-07,1.95153270923014e-03,7.13635140733817e-12,1.18440806878211e-06,1.18853809719482e-05,5.04596699350007e-06,6.94492663375782e-07,2.00927982250676e-03,4.82917633714671e-06,,SSA_1,World_4,,7587299
2020,Haiti,HTI,7.12761539574994e-07,2.72533660814408e-03,5.36886810060055e-11,4.89216928141798e-06,9.7863072545954e-06,3.28682287985668e-06,2.47080908217027e-06,8.91964978942894e-04,2.16950517099309e-05,LACC_3,,World_1,,1.124385e+07
2015,CSSR/Czech Republic (1990/1991),CZE,8.70545981876634e-07,1.37198802545303e-02,6.48900463586542e-12,2.06458510665125e-05,1.05784415080688e-05,3.69943950086802e-06,1.76288844688166e-05,1.37882378148533e-03,1.42928072882413e-05,,,World_5,,1.054606e+07
2019,Benin,BEN,4.98790440052481e-07,2.11588648148079e-03,1.91388925102551e-12,6.08027442898235e-06,7.25752531193763e-06,2.27845945711175e-06,1.15431204939676e-06,3.12709564549963e-04,4.12843712662666e-06,,SSA_2,World_7,,1.272676e+07
2018,Sweden,SWE,9.17659467215197e-07,1.51377035945767e-02,8.23959451944254e-12,2.95669852491334e-05,8.66119299159134e-06,2.70928419529513e-06,1.98934495325372e-05,4.02937483026235e-03,3.79649669107939e-05,,,World_5,,1.017521e+07
2021,Colombia,COL,4.21252067716796e-07,4.41407000968999e-03,9.72613078405097e-11,1.0556930302464e-05,4.47037415226666e-06,1.74179562158048e-06,4.87870843891323e-06,,,LACC_2,,World_9,,5.118817e+07
2016,Gambia,GMB,2.67357204191016e-07,1.50797495317577e-03,2.40660454511691e-12,2.65670991688956e-06,3.60952663290333e-06,1.71868883817026e-06,1.56931200500204e-06,9.43041593448063e-04,1.69314191952843e-05,,SSA_2,World_7,,2283769
2015,Viet Nam,VNM,5.1723655947271e-07,4.43479267467585e-03,5.69650390425976e-12,8.16455398131078e-06,6.18801018258039e-06,2.13583608066025e-06,8.4881923112037e-06,8.1121845670853e-04,9.56234448996267e-06,,,World_3,EAP_4,9.282326e+07
2006,Myanmar,MMR,5.22465747758175e-07,3.17523020256529e-03,1.7091862874772e-11,2.09335941049872e-06,7.57870489012692e-06,4.09026825778937e-06,8.59836896505055e-07,1.4752351823239e-04,2.95273285170347e-06,,,World_1,EAP_2,4.778514e+07
2014,Bulgaria,BGR,4.83998084331488e-07,7.53920963178887e-03,7.46408096199036e-12,1.35579946289385e-05,6.13329175986333e-06,2.22736462444491e-06,4.20401272550913e-05,1.74380050251151e-03,1.49399378408231e-05,,,World_2,,7223938
2012,Eritrea,ERI,3.63654876784874e-07,2.42580538353803e-03,2.60515238641028e-11,2.21656363633488e-06,5.14653627627969e-06,2.15805074780294e-06,1.33723841742237e-06,2.53814697747476e-03,2.37369648578476e-05,,SSA_4,World_1,,3036988
2009,Chad,TCD,5.01402147626135e-07,4.48691574123161e-03,5.64853384806762e-12,1.97611131391878e-06,7.93660385517818e-06,3.14101286072812e-06,9.40842459158824e-07,4.29584015320429e-04,2.57657797064942e-06,,SSA_1,World_4,,1.189375e+07
2021,Lebanon,LBN,4.41806976852607e-07,8.96578859751174e-03,1.37538105658818e-11,3.71159902731792e-05,5.52258412961574e-06,1.42621908581057e-06,4.2920114863568e-05,,,,,World_3,,5718122
2016,Sweden,SWE,9.68643823147554e-07,1.68616807997607e-02,8.17751026186816e-12,3.16897639537132e-05,9.14049297682092e-06,2.79341578410728e-06,2.2094705535056e-05,3.07736096968447e-03,2.82662663144166e-05,,,World_5,,9923085
2012,Tanzania,TZA,6.18814576232209e-07,2.73460913259914e-03,1.47691698410238e-11,2.51771415038914e-06,8.96388019113892e-06,3.98298204074464e-06,1.28240730973856e-06,5.22868557716123e-04,6.82085052402959e-06,,SSA_2,World_7,,4.737426e+07
2009,Somalia,SOM,8.36527264109039e-07,3.6449760488519e-03,4.04474184814631e-11,1.88329533710952e-06,1.26671172722409e-05,5.3958112584031e-06,7.49863891449027e-07,1.04307715937979e-03,7.07773570126635e-06,,SSA_1,World_4,,1.19612e+07
2007,Saudi Arabia,SAU,1.33121232569559e-06,2.44145690225414e-02,2.76135414529876e-11,6.52852816986364e-05,1.0431736870642e-05,2.51961969335751e-06,7.91352783275314e-05,3.03684193359275e-02,6.67634545568266e-04,,,World_6,,2.236831e+07
2009,Romania,ROU,5.56996450611803e-07,7.64784170410897e-03,5.92081251505802e-12,1.25274201835439e-05,8.004015892489e-06,3.17982933629225e-06,2.00740127290346e-05,9.12400031912129e-04,1.12205769401196e-05,,,World_2,,2.036749e+07
2021,Yugoslavia/Serbia (1991/1992),SRB,2.21691629674828e-07,2.94018735858553e-03,1.35724594055504e-11,9.64157917008017e-06,1.88206695447785e-06,5.85841901981503e-07,4.86971705254016e-06,,,,,World_2,,6834326
2007,Uganda,UGA,8.81933173069291e-07,2.78388035562252e-03,7.65515400722716e-12,2.09154062017642e-06,1.46514289815699e-05,5.97408822063417e-06,1.32810914112271e-06,2.39519644051715e-03,3.2965943024992e-06,,SSA_2,World_7,,2.965343e+07
2013,Sierra Leone,SLE,6.76106491419666e-07,2.40306851757161e-03,2.03589897465453e-11,2.52455762994247e-06,1.07831005781226e-05,4.19286769095122e-06,1.6427978163135e-06,2.87841032956751e-04,4.1503267656212e-06,,SSA_2,World_7,,6714051
2017,Romania,ROU,5.33618422648733e-07,7.49172560076403e-03,5.14775308251358e-12,1.14555834107625e-05,7.7943484441698e-06,3.18089404766779e-06,1.46147274490438e-05,1.38331821643876e-03,1.3376816720763e-05,,,World_2,,1.958872e+07
2005,Lithuania,LTU,6.91727037541471e-07,1.00882871664365e-02,4.54031158338909e-12,1.85345928320103e-05,9.18330954939862e-06,3.72126116178335e-06,1.27447299841223e-05,2.10736939805184e-03,2.77829334242455e-05,,,World_5,,3322528
2014,China,CHN,9.07290730667082e-07,9.73602548494848e-03,5.22821166862835e-12,1.64545936770794e-05,1.09638199431832e-05,1.46571571258532e-06,2.07866591441787e-05,5.34669197795533e-03,3.02153411279543e-05,,,World_6,EAP_3,1.37186e+09
2005,Uganda,UGA,8.98906482020197e-07,2.7677851156433e-03,7.81377075629761e-12,1.92569086822267e-06,1.49927809992745e-05,6.11834076588422e-06,1.16950461928288e-06,2.59194044870088e-03,3.44635005408174e-06,,SSA_2,World_7,,2.796329e+07
2015,Ecuador,ECU,4.5624561607408e-07,5.21703370459903e-03,6.56839075128839e-11,1.81620837288126e-05,3.27379281938496e-06,7.92532484902115e-07,1.57065704353363e-05,5.50584665446348e-04,5.15620766100835e-06,LACC_2,,World_2,,1.626623e+07
2016,Moldova,MDA,6.48226816414737e-07,6.2442283966359e-03,2.33088567826017e-12,1.21345600721275e-05,8.8297615307071e-06,3.88356086947463e-06,5.36714569486795e-06,9.06362363750147e-04,1.09726881044426e-05,,,World_2,,2803186
2017,Kazakhstan,KAZ,5.24047882604232e-07,1.49787595136879e-02,1.83877168417829e-11,2.89713179616865e-05,8.02913286869913e-06,7.88602890950492e-07,5.90526850587419e-05,5.26211100193201e-03,8.96252363526154e-05,,,World_3,,1.865193e+07
2016,United Arab Emirates,ARE,1.47033034027433e-06,1.96622668700799e-02,2.12101237830181e-11,6.06802335111368e-05,1.36742768526472e-05,3.15726704901972e-06,2.05658361115652e-05,2.63847074916175e-02,3.44224297355022e-04,,,World_6,,8935095
2013,Germany,DEU,8.21629671546841e-07,1.72081664165618e-02,9.63386910598223e-12,3.02009854860396e-05,7.79748265584694e-06,1.89702888797619e-06,1.81091751144514e-05,3.44127010643698e-03,3.31293249215226e-05,,,World_5,,8.064561e+07
2011,Madagascar,MDG,4.72379367862534e-07,2.08646446549392e-03,2.9157360240833e-10,1.64671557121763e-06,7.20687682208134e-06,2.92649062987719e-06,1.31824760877356e-06,1.05274016425405e-03,1.93198781431194e-05,,SSA_2,World_7,,2.28223e+07
2015,Chile,CHL,7.60788522827575e-07,9.07115637049924e-03,1.32247726377716e-11,2.13132282083647e-05,1.23188075429708e-05,2.98363264707184e-06,2.55067074819952e-05,2.30653161058199e-03,1.27813359471134e-05,LACC_1,,World_5,,1.804762e+07
2018,Rwanda,RWA,4.1865732188125e-07,1.42342817008173e-03,8.29262827444131e-12,1.56314805196442e-06,6.49267603345852e-06,2.32688660394754e-06,9.61372641197619e-07,1.71384313660472e-03,3.22088428870073e-06,,SSA_4,World_7,,1.2488e+07
2021,Uganda,UGA,7.36510237063685e-07,2.96955360363053e-03,5.51987008971001e-12,2.18705800877702e-06,1.23922586897221e-05,4.75613099416344e-06,1.23171928857135e-06,,,,SSA_2,World_7,,4.591093e+07
2016,Austria,AUT,9.10656373997692e-07,1.67589733821701e-02,1.17466867216073e-11,3.39269807717219e-05,8.14588340155801e-06,2.10783819641206e-06,1.63262465577339e-05,2.15507676318173e-03,1.98656379187309e-05,,,World_5,,8736668
2008,Singapore,SGP,2.48533284158635e-06,2.48887304633469e-02,4.03338325761787e-11,6.69321357221531e-05,2.49370119049528e-05,7.02432757905394e-06,5.29646096722227e-05,6.9226229980561e-03,7.94630988064294e-05,,,World_5,EAP_1,4839396
2021,South Africa,ZAF,5.33225989078975e-07,7.22752163207818e-03,5.34869445801033e-11,1.90847476262608e-05,8.86284440041596e-06,1.71910178406161e-06,3.0026318639675e-05,,,,SSA_3,World_8,,6.15026e+07
2015,Denmark,DNK,1.16394891029804e-06,1.85740826418209e-02,1.01568612603257e-11,3.90773206896322e-05,1.11448431128883e-05,3.59069154832693e-06,2.04142658667328e-05,2.73387268829396e-03,2.83606838320236e-05,,,World_5,,5683483
2009,Uzbekistan,UZB,4.84570028192317e-08,4.66789990754327e-03,2.72811220149201e-12,5.34245346591353e-06,7.86960851473063e-07,9.7509654647436e-08,2.64662494232757e-06,7.83660503556514e-03,2.65103065538964e-04,,,World_6,,2.793933e+07
2016,Sri Lanka,LKA,6.38861735440704e-07,4.05680017638424e-03,3.04572444573481e-11,9.56212794026413e-06,7.75333718166387e-06,3.1669266032733e-06,9.30093927945679e-06,2.89227014133862e-03,8.19982988254123e-05,,,World_3,,2.1209e+07
2005,Tanzania,TZA,6.19188637108463e-07,2.68600487056811e-03,1.63739162147143e-11,2.12724502945227e-06,8.78302854805973e-06,4.25147368135463e-06,1.12602149345126e-06,8.67791339238661e-04,9.05257606861089e-06,,SSA_2,World_7,,3.918208e+07
2004,Liberia,LBR,1.14692044292722e-06,3.32712782565248e-03,4.78006690407679e-11,3.78652517810967e-06,1.81018989701454e-05,8.07010905465699e-06,2.42792735240722e-06,2.64818171890268e-04,3.2150374378336e-06,,SSA_2,World_7,,3156892
2011,Kazakhstan,KAZ,6.59922024689649e-07,1.46640891389379e-02,2.65207056226918e-11,2.76549189163605e-05,9.7203627187159e-06,1.14598105272925e-06,4.45568377378712e-05,7.10115343070773e-03,1.17679285091563e-04,,,World_3,,1.7066e+07
2002,United Kingdom,GBR,8.74874402031538e-07,1.72243576785856e-02,1.16665097949349e-11,4.85435793362914e-05,7.13088768814135e-06,1.74452415160125e-06,2.26837674344902e-05,3.79582634611765e-03,4.27645476235926e-05,,,World_5,,5.937048e+07
2015,Slovenia,SVN,9.1065005398797e-07,1.29498432631435e-02,9.33629541939874e-12,1.69793627542695e-05,1.23077776038422e-05,5.16881421884798e-06,1.58866526861783e-05,2.42655121090294e-03,2.42599507990033e-05,,,World_5,,2063531
2013,Sudan/North Sudan (2010/2011),SDN,7.03396919100834e-07,4.76208965865292e-03,3.55635265431846e-12,5.94346977095017e-06,1.02979603891452e-05,3.357408179153e-06,2.33759321576297e-06,1.3308302922842e-02,3.98810118245503e-04,,SSA_4,World_1,,3.778585e+07
2019,Nigeria,NGA,1.11749615799195e-06,4.48218929714234e-03,4.53208078065758e-12,4.39341554701993e-06,1.6994095530946e-05,7.82148552561037e-06,1.65191365704778e-06,3.97517078241355e-04,3.85977668471563e-06,,SSA_2,World_7,,2.094856e+08
2002,"Cote d'Ivoire",CIV,3.70667748417761e-07,1.88301207455276e-03,1.7435319975737e-11,1.93430605160907e-06,6.18063317546888e-06,2.14109854354715e-06,1.32474567779819e-06,9.15627997328759e-04,1.02360962624935e-05,,SSA_2,World_7,,1.865477e+07
2020,Uruguay,URY,1.43607367541204e-06,9.37416059106164e-03,1.05637995646732e-11,1.66123706099552e-05,1.09932457957621e-05,5.79889745888158e-06,1.20151403475908e-05,9.20796202139714e-04,6.20889464382368e-06,LACC_1,,World_5,,3398968
2013,Guatemala,GTM,8.78602154364352e-07,4.41646384309989e-03,2.12696678830828e-11,8.37711020487112e-06,1.29665250694704e-05,6.26811262314694e-06,6.13495140196762e-06,6.0027342948181e-04,5.02662138576474e-06,LACC_2,,World_9,,1.538734e+07
2005,Bahrain,BHR,7.5328594262012e-07,2.26204708597868e-02,2.2156734281433e-11,3.48704072175172e-05,1.10368844449151e-05,2.74535565137953e-06,1.75657222348732e-05,2.21307861433906e-02,5.58542818891066e-04,,,World_6,,888822
2016,"Cote d'Ivoire",CIV,4.74955588039787e-07,2.18577452900675e-03,1.40908576953695e-11,2.77692906095739e-06,7.45313250944666e-06,2.41126105921879e-06,1.45834138352617e-06,9.04582325165998e-04,1.26607356770967e-05,,SSA_2,World_7,,2.59894e+07
2019,Italy,ITA,5.41130390358412e-07,1.11212365097767e-02,1.33974821535505e-11,1.87155320726736e-05,6.12286358646863e-06,2.20916551879833e-06,1.05665148659908e-05,3.88949555077242e-03,3.32795728530009e-05,,,World_5,,5.972908e+07
2018,China,CHN,7.57649918581272e-07,1.01278521252137e-02,5.86997357457214e-12,1.6129681894947e-05,9.87219104531796e-06,1.4165875953663e-06,1.90520744609031e-05,5.67387966023208e-03,3.21348154693368e-05,,,World_6,EAP_3,1.40276e+09
2005,Argentina,ARG,3.68702948496906e-07,7.71522376307111e-03,1.6191172051598e-11,1.00829189310478e-05,3.56080882051286e-06,1.43106284683045e-06,6.70855898361026e-06,1.00363365151582e-03,4.12083192465711e-06,LACC_1,,World_5,,3.921679e+07
2017,Central African Republic,CAF,3.07006798117595e-07,2.26675998643086e-03,5.81550181481269e-12,1.46270165694922e-06,4.3770061027009e-06,2.09352617525142e-06,7.56929419033018e-07,7.69688975033263e-04,1.09655214401526e-05,,SSA_1,World_4,,4793511
2021,Thailand,THA,5.88093580870786e-07,8.87731415275002e-03,9.90209924542554e-12,1.25645333416131e-05,7.57284314800636e-06,2.87904590767168e-06,9.63071337555719e-06,,,,,World_9,EAP_4,7.172733e+07
2003,Mali,MLI,2.89660704156342e-07,1.63593631502781e-03,4.38178303207537e-12,1.27910364858213e-06,4.57244179326899e-06,1.96416659063256e-06,7.74659928662203e-07,1.25563831566708e-03,6.49136979966272e-06,,SSA_2,World_7,,1.268496e+07
2020,Ecuador,ECU,4.20241598633582e-07,4.30672298467297e-03,5.76556771909603e-11,1.65368369348363e-05,2.89378259398144e-06,6.61288264482553e-07,1.01807313642659e-05,4.23055919338718e-04,3.50644675968278e-06,LACC_2,,World_2,,1.754606e+07
2016,Italy,ITA,5.45149339491072e-07,1.12368672770824e-02,1.36479798239606e-11,1.8911139424747e-05,6.30689741786797e-06,2.20744519993051e-06,1.15203594464135e-05,3.88084452074351e-03,3.31274462313623e-05,,,World_5,,6.06275e+07
2021,Myanmar,MMR,4.94490397442954e-07,3.85205930449391e-03,1.44439754638761e-11,2.79622963825427e-06,7.51298184770897e-06,3.71557139223366e-06,1.9489447419184e-06,,,,,World_1,EAP_2,5.33871e+07
2004,Togo,TGO,4.24518692774085e-07,1.91789365862811e-03,6.37100159858208e-12,2.29332885609872e-06,6.59145013060471e-06,2.40333534716574e-06,1.23851678634855e-06,7.44751179180672e-04,1.71486303799207e-05,,SSA_2,World_7,,5696508
2008,South Korea,KOR,7.87583919664284e-07,1.59822793508754e-02,1.17697715683455e-11,2.91604943987823e-05,8.97132849110836e-06,1.60992901424548e-06,2.62146169748791e-05,3.77833181790938e-03,4.64173565453214e-05,,,World_5,EAP_1,4.905471e+07
2013,Portugal,PRT,4.87484161228887e-07,8.98136223942391e-03,1.90672010643645e-11,1.49025003912304e-05,5.61792263976119e-06,2.35589752264231e-06,9.83084992118038e-06,8.20173663300497e-03,3.76863539033233e-05,,,World_5,,1.04573e+07
2010,Ireland,IRL,9.54442781733014e-07,2.24564205795926e-02,6.8244152146708e-12,4.04684195454065e-05,8.70009279550596e-06,1.45269266679882e-06,2.29891148451851e-05,2.39813501417989e-03,2.83608447073514e-05,,,World_5,,4560155
2005,Uruguay,URY,4.79581221964796e-07,6.20172627382821e-03,1.64692648858817e-11,8.56227993370637e-06,5.64457826518948e-06,2.64763934972238e-06,8.72694029773727e-06,9.39485370031697e-04,6.44197469169163e-06,LACC_1,,World_5,,3285771
2019,Namibia,NAM,7.60195682053542e-07,7.10191918071575e-03,2.57751197584714e-10,1.89068929939194e-05,8.83610321154592e-06,2.13169116599478e-06,1.96178427518174e-05,1.76352975425892e-03,2.64626024112144e-05,,SSA_3,World_8,,2650494
2009,Chile,CHL,8.42794980193933e-07,7.87269757493369e-03,1.31528394332385e-11,1.95443889408431e-05,1.188880829862e-05,3.52593559437418e-06,1.98523397485661e-05,2.04795919094758e-03,1.10987634397992e-05,LACC_1,,World_5,,1.700973e+07
2012,Uruguay,URY,1.02021611399915e-06,9.67453671899559e-03,1.46559292025925e-11,1.64417451296778e-05,1.00139940453281e-05,4.63326108433433e-06,2.13585059102155e-05,1.32661139308824e-03,1.08711055634412e-05,LACC_1,,World_5,,3335401
2021,Indonesia,IDN,5.65019060753995e-07,4.02973228343242e-03,2.61926137990105e-11,8.20648109906322e-06,8.0485319397712e-06,3.5427121996622e-06,9.40688526807314e-06,,,,,World_8,EAP_5,2.76758e+08
2021,Dominican Republic,DOM,4.81334378124871e-07,5.27247071658684e-03,5.68859924739979e-11,1.61007389245435e-05,5.68512852637504e-06,1.90058494952029e-06,1.31893657322702e-05,,,LACC_2,,World_9,,1.112348e+07
2010,France,FRA,8.24069759198878e-07,0.01285939246003,1.13755690177295e-11,2.66028213282291e-05,8.0505240664932e-06,2.5573396607563e-06,1.40960895593777e-05,3.83565541546337e-03,3.5411145683626e-05,,,World_5,,6.502621e+07
2006,Kazakhstan,KAZ,3.30354705299548e-07,1.37950960800497e-02,3.4731602553881e-11,2.52685609710456e-05,4.34454985010019e-06,8.50562823909109e-07,4.52376327667517e-05,6.89982925861435e-03,9.91583140802812e-05,,,World_3,,1.610372e+07
2009,Peru,PER,4.05243883375834e-07,3.64216950746563e-03,8.89314823677775e-11,7.89350144240067e-06,4.39694175106932e-06,1.73093286898714e-06,5.19569903273302e-06,1.19109262875267e-03,4.40342094630605e-06,LACC_2,,World_2,,2.889681e+07
2009,Bulgaria,BGR,4.93137471003159e-07,7.70836257864827e-03,7.37460447411348e-12,1.90188867737511e-05,6.27587373300495e-06,2.00320207669553e-06,4.9573375209483e-05,2.01392448420133e-03,2.03330902254361e-05,,,World_2,,7444443
2013,Venezuela,VEN,5.63509709723735e-07,1.07604840487335e-02,6.52783532762283e-11,2.34450535166955e-05,4.59105616616669e-06,1.49059301874876e-06,1.31394704118025e-05,2.34485854479841e-03,1.6466844876798e-05,LACC_2,,World_9,,2.99122e+07
2020,Iceland,ISL,7.46511350141026e-07,1.34516848423263e-02,7.34939664216562e-12,2.89439063086091e-05,7.30683917412304e-06,1.39574115423987e-06,2.08159598755106e-05,2.13380951905881e-03,1.78584170196433e-05,,,World_5,,366463
2007,Madagascar,MDG,4.92797610848389e-07,2.27305650271087e-03,3.27593330956922e-10,1.62829493342058e-06,7.62330116142926e-06,3.18601882092686e-06,1.14756358929299e-06,1.07706124646729e-03,2.22416288667234e-05,,SSA_2,World_7,,2.031858e+07
2007,Mozambique,MOZ,3.70429755675254e-07,1.62607075539469e-03,1.92871491884383e-11,1.86786366492122e-06,5.2512891420518e-06,2.46338653972508e-06,1.68936792012908e-06,2.01384194790518e-04,4.33106185098083e-06,,SSA_2,World_7,,2.128764e+07
2012,Japan,JPN,7.74250542614711e-07,1.61560652660807e-02,1.2910407048293e-11,3.05520546786024e-05,7.64809115743648e-06,1.79934091525193e-06,2.04659810746308e-05,2.38255458831959e-03,2.56590516418365e-05,,,World_5,EAP_1,1.27629e+08
2021,Iraq,IRQ,2.00838469195646e-07,5.99518179223373e-03,3.43579336894704e-12,1.29801563464796e-05,1.62121490627852e-06,4.28715406536338e-07,2.77567522539547e-05,,,,,World_6,,4.307121e+07
2020,Mozambique,MOZ,1.90633607250353e-07,1.95436832035232e-03,1.63736977745856e-11,2.98023443255976e-06,2.48599155999771e-06,8.91260839912235e-07,2.04611970300035e-06,3.14268336738822e-04,6.28950761390321e-06,,SSA_2,World_7,,3.078369e+07
2008,Cameroon,CMR,4.7909321058653e-07,2.53308948431317e-03,1.85486776481508e-11,2.7535840374332e-06,7.20822820868463e-06,3.30927640350272e-06,1.69979547761018e-06,6.13097401496464e-04,8.3022728874149e-06,,SSA_2,World_7,,1.857406e+07
2007,Hungary,HUN,5.91053110085159e-07,1.04486982757318e-02,4.34392805004219e-12,2.02929390471618e-05,7.3767307182996e-06,2.45033444663119e-06,1.61899961170634e-05,1.2473519283422e-03,1.48937484450721e-05,,,World_5,,1.005578e+07
2004,Cyprus,CYP,1.00304606073835e-06,1.63915861655614e-02,1.86671328478378e-11,5.12814085629333e-05,7.33672254913991e-06,1.30926606612609e-06,4.83402545312935e-05,9.28825485622633e-03,6.58919634625613e-05,,,World_5,,1017875
2006,New Zealand,NZL,1.60461565265531e-06,1.8215767703207e-02,6.70474430408321e-11,5.07850683317837e-05,1.15046715007734e-05,3.86962024855303e-06,2.47997356402657e-05,2.61778798228447e-03,2.74623937362541e-05,,,World_5,EAP_1,4184600
2007,Bosnia and Herzegovina,BIH,4.80210373009059e-07,6.72618147364893e-03,7.33326111788201e-12,1.49788573195976e-05,6.05091639256607e-06,1.00976910355164e-06,2.94208769932073e-05,6.99341872547431e-04,1.08352612632904e-05,,,World_2,,4013424
2008,Philippines,PHL,2.80280334492e-07,2.52261166927738e-03,2.6434759646397e-11,4.36655974034288e-06,3.53769825247933e-06,1.63128925661338e-06,3.75269483444044e-06,4.48929833554243e-04,1.06376336262041e-05,,,World_8,EAP_5,9.26991e+07
2016,Tunisia,TUN,2.86819232575945e-07,3.97207667139989e-03,8.56741574436321e-12,5.1839331893814e-06,4.42289292400215e-06,1.52804556873104e-06,3.97836342504237e-06,6.20122491719993e-03,8.29974653103377e-05,,,World_3,,1.152867e+07
2010,Ghana,GHA,3.65659522473142e-07,2.10630542248386e-03,1.09931571713916e-11,4.1398684059769e-06,4.79260562153466e-06,1.28119065855228e-06,3.46280889618496e-06,7.14753535181026e-04,6.83031406718038e-06,,SSA_3,World_8,,2.5475e+07
2003,Haiti,HTI,4.17022279685194e-07,2.64473607923616e-03,5.56083901436485e-11,3.25460532554302e-06,5.76308761777256e-06,2.46650588049722e-06,1.53811365739321e-06,5.73406733672575e-04,1.06457109654222e-05,LACC_3,,World_1,,8759912
2020,United States of America,USA,9.06999419411346e-07,2.02371215452475e-02,1.1263996866104e-11,4.03130845503483e-05,9.84608131014808e-06,2.71844771499265e-06,3.05458082479483e-05,4.60127414979505e-03,4.3936387504234e-05,,,World_5,,3.315269e+08
2013,Bahrain,BHR,7.74821353315051e-07,2.11701561451991e-02,1.96993782536779e-11,3.25138834306028e-05,1.03580823834104e-05,2.41156190684108e-06,1.91008389756774e-05,2.61475997211226e-02,5.91651905470998e-04,,,World_6,,1253191
2012,Uganda,UGA,8.89842516328046e-07,3.10535867916831e-03,7.17999586286005e-12,2.50553516726283e-06,1.49456622217601e-05,5.91944318536061e-06,1.65480524773689e-06,2.38083569272823e-03,2.49987152459549e-06,,SSA_2,World_7,,3.433744e+07
2014,Tajikistan,TJK,1.19049766517056e-07,2.62539706939392e-03,5.62170256976025e-12,4.07623408631037e-06,1.89519387450186e-06,2.02130596305955e-07,2.59724697216079e-06,5.51643102125166e-03,1.01190191571604e-04,,,World_6,,8425552
2006,Chad,TCD,4.69837083482415e-07,4.12416115099263e-03,6.36985281354039e-12,1.68023194438996e-06,7.23884253572611e-06,3.09488024265697e-06,1.0232297566153e-06,7.46275749572474e-04,4.16073959171506e-06,,SSA_1,World_4,,1.070642e+07
2016,Benin,BEN,4.60870743228926e-07,2.01581723135146e-03,1.9138041267723e-12,5.62958081524665e-06,6.57893450612878e-06,2.27686629749818e-06,1.31178286509124e-06,3.0042384205739e-04,3.17390671074813e-06,,SSA_2,World_7,,1.169784e+07
2006,Lithuania,LTU,7.9990790883765e-07,1.09617628815993e-02,4.57586258940708e-12,2.23976246518046e-05,1.00933316372005e-05,3.87966191972654e-06,1.40724528111628e-05,2.17828889158764e-03,2.9085742292476e-05,,,World_5,,3269909
2006,Kenya,KEN,7.00945530987295e-07,2.62350201635531e-03,1.09915611875384e-11,2.81800164837659e-06,1.06494464293917e-05,3.49025910045792e-06,2.11430022495319e-06,8.9313844511682e-04,7.80859843635708e-06,,SSA_2,World_7,,3.690401e+07
2015,Hungary,HUN,6.15634318518637e-07,8.56650500139961e-03,4.31854941699024e-12,1.28641023944699e-05,8.50854019468211e-06,3.52208482176561e-06,1.09797005315146e-05,8.51452561897797e-04,8.55999720602474e-06,,,World_5,,9843028
2014,Bhutan,BTN,3.23245857361408e-06,1.15085611611878e-02,4.37489925825441e-11,2.30747599687526e-05,4.2430271092416e-05,2.02713616366669e-05,1.08069678167655e-05,5.48112927996857e-03,7.61239291350352e-05,,,World_7,,733139
2018,Croatia,HRV,8.02415811260074e-07,9.58391058683127e-03,8.04202662680996e-12,1.30995825076585e-05,1.22130266840629e-05,4.94110096611636e-06,1.96345023420265e-05,1.67088821185642e-03,1.61341110186134e-05,,,World_5,,3988775
2013,Japan,JPN,7.17835497388527e-07,1.57500424791968e-02,1.25216500530411e-11,2.85989867993722e-05,7.26470860841219e-06,1.75094802024677e-06,1.92826454896322e-05,2.29073846449276e-03,2.35142103536381e-05,,,World_5,EAP_1,1.27445e+08
2017,Tanzania,TZA,5.69397545281066e-07,2.56032428606839e-03,1.25394150149456e-11,2.33020571397817e-06,8.50100362445067e-06,3.72986367091239e-06,1.07619250779867e-06,3.66442592147689e-04,5.28162657917454e-06,,SSA_2,World_7,,5.565289e+07
2007,Malawi,MWI,3.50661562007113e-07,1.47489391929276e-03,5.02361070865308e-12,1.48544860112554e-06,5.01349495804155e-06,2.12473536230201e-06,1.42948916929774e-06,2.41828184600695e-04,5.86989607763957e-06,,SSA_2,World_7,,1.357634e+07
2014,Burundi,BDI,4.19536448435002e-07,1.38765584326928e-03,5.8260790462605e-12,8.71746961483282e-07,6.92029168617848e-06,2.73210605656314e-06,5.1770817187927e-07,1.22369151658956e-03,2.36410978488219e-06,,SSA_1,World_4,,1.079979e+07
2017,Slovakia,SVK,4.76800412632276e-07,1.05448454885742e-02,6.27172173130903e-12,1.88732302927739e-05,5.53866546522562e-06,1.51005973349429e-06,1.26323961308282e-05,1.45143614690737e-03,1.51796449332812e-05,,,World_5,,5439232
2005,Benin,BEN,3.62662197303941e-07,1.80418871516976e-03,2.41996706734198e-12,3.02627842454597e-06,5.65510081853874e-06,2.28755721909851e-06,1.59874629593246e-06,3.40362689022155e-04,3.4003425327365e-06,,SSA_2,World_7,,8426144
2018,Tunisia,TUN,2.87316572627001e-07,3.89294391794729e-03,8.84434107762202e-12,4.95619321980825e-06,4.42564432420428e-06,1.52828579354541e-06,3.68162318909679e-06,4.76979871087286e-03,6.00149917528112e-05,,,World_3,,1.176551e+07
2005,Qatar,QAT,2.62721469139074e-06,7.94277738992091e-02,3.96896773287489e-11,1.06053536358916e-04,2.32434987428738e-05,6.28192786252409e-06,7.0064482511304e-05,4.54892572397242e-02,9.15843682500025e-04,,,World_6,,825408
2012,Uzbekistan,UZB,5.1113090651353e-08,4.80901574416644e-03,2.68986126356381e-12,5.96070088181962e-06,8.82819454448285e-07,1.01929269472225e-07,2.6991156832155e-06,4.8146531471449e-03,1.5390898562904e-04,,,World_6,,2.92619e+07
2013,Kenya,KEN,7.39501270739038e-07,3.01961051197278e-03,9.64643087725459e-12,3.6594658752924e-06,1.11237616731402e-05,3.52251813615505e-06,2.40277313612602e-06,8.73680048390854e-04,1.03453710314298e-05,,SSA_2,World_7,,4.498679e+07
2013,Nicaragua,NIC,4.78530807478506e-07,3.819950809284e-03,5.85759662368447e-11,8.77512485335718e-06,6.66202617194088e-06,3.05088959886757e-06,8.01126711532725e-06,3.32316365168246e-04,2.90952760727691e-06,LACC_2,,World_9,,5983845
2002,Moldova,MDA,1.46286645664446e-07,4.22667583104402e-03,2.64957385743844e-12,8.64291060426288e-06,1.86947268083951e-06,6.23477882710243e-07,5.33860229493835e-06,5.35272294381633e-04,7.32273509193731e-06,,,World_2,,2911385
2004,Guinea,GIN,8.74007744013296e-07,3.35655031505113e-03,1.95161676482958e-11,3.34771465936236e-06,1.39910953139878e-05,6.15634319487561e-06,2.06750658946564e-06,6.85308357242237e-04,3.01564210699867e-06,,SSA_1,World_4,,9062726
2015,Kuwait,KWT,1.22519432521482e-06,3.44459261734894e-02,2.37299109105709e-11,4.71147700368476e-05,1.39865981224183e-05,3.07751525164866e-06,4.50181212339381e-05,1.9385542685364e-02,2.70427606874967e-04,,,World_3,,3834574
2003,Philippines,PHL,3.24600628989284e-07,2.53993631410914e-03,2.78102552662142e-11,5.26699067345228e-06,3.85000636403455e-06,1.86908628066596e-06,4.57946361634483e-06,9.01111881583016e-04,1.51737000393876e-05,,,World_8,EAP_5,8.473183e+07
2019,Paraguay,PRY,8.74319681400588e-07,6.51360697983559e-03,2.81791435619677e-11,1.43873716707104e-05,1.0262239117386e-05,4.69024893244111e-06,3.36786050989781e-06,1.578658679607e-03,5.69250022242434e-06,LACC_2,,World_9,,6515058
2016,Yemen Arab Republic/Yemen (1990/1991),YEM,6.0130448076131e-08,1.50920103868665e-03,7.12689668290791e-12,2.37703297154885e-06,8.73088963510466e-07,2.42410657585234e-07,2.38805587018718e-06,4.17541938561167e-03,8.6894406095182e-05,,,World_1,,3.210901e+07
2007,Afghanistan,AFG,6.78263766166206e-08,1.12316391242576e-03,6.34676285137028e-12,1.15547038683957e-06,9.42001897600488e-07,4.02402043124704e-07,1.48367700042664e-06,1.04707687785768e-02,2.69686699925108e-04,,,World_1,,2.590985e+07
2021,Denmark,DNK,9.78859739780999e-07,1.6438963896589e-02,7.15046111749578e-12,3.27225951333908e-05,1.06124224508398e-05,3.79637409557076e-06,1.72846047369115e-05,,,,,World_5,,5856733
2003,Eritrea,ERI,6.54874353522298e-07,3.86130949967975e-03,3.32203426158772e-11,5.33070290265608e-06,8.72565546073697e-06,3.76067475479845e-06,3.47314771854897e-06,5.7705849029206e-03,6.02217586052886e-05,,SSA_4,World_1,,2493903
2011,Romania,ROU,5.52615209779552e-07,7.63164183127156e-03,6.01079236691568e-12,1.25500227061871e-05,7.80624265557442e-06,3.10438493706614e-06,2.10351747700034e-05,1.0358161302723e-03,1.05194741762688e-05,,,World_2,,2.014753e+07
2005,Denmark,DNK,1.43560070366336e-06,2.15287277769897e-02,1.38179262612491e-11,5.65762577405459e-05,1.2781860518324e-05,3.56916679481368e-06,3.02415324967962e-05,3.27621223036316e-03,3.32794480541721e-05,,,World_5,,5419432
2021,Japan,JPN,5.9490804778792e-07,1.34881563334374e-02,1.087988401676e-11,2.34444937441156e-05,6.56739364098127e-06,1.78015200771207e-06,1.56177942953884e-05,,,,,World_5,EAP_1,1.256816e+08
2020,Costa Rica,CRI,6.25376548107405e-07,4.65553766165174e-03,5.16884450261729e-11,1.40292929997802e-05,4.18218288185626e-06,1.83590390620166e-06,5.002627858569e-06,2.65548204389338e-03,2.20556636401315e-05,LACC_1,,World_5,,5034320
2007,Australia,AUS,1.71179317361405e-06,3.2299052852097e-02,1.20397051179298e-10,7.71325829533007e-05,1.54695850103397e-05,4.42423982668134e-06,5.58176783665221e-05,9.55067887594527e-03,4.97170433859338e-05,,,World_5,EAP_1,2.082762e+07
2019,Zambia,ZMB,8.06697296563225e-07,2.80361694716658e-03,9.16491397501566e-12,3.23010325093844e-06,1.01759601588731e-05,4.7806858288054e-06,5.43697577479529e-06,1.95137087390435e-04,2.61681828938857e-06,,SSA_2,World_7,,1.851384e+07
2014,Libya,LBY,1.01937638436035e-06,1.42289821634737e-02,7.5249161583917e-12,3.48102106869573e-05,7.22753172680783e-06,1.15900364885439e-06,2.62312504592516e-05,1.3173072027658e-02,2.84275742089176e-04,,,World_6,,6427252
2014,Equatorial Guinea,GNQ,5.22117780001212e-07,1.09923515550175e-02,2.82908217771796e-11,1.06816429694124e-05,7.08574285561249e-06,2.10512450678092e-06,7.2032889771249e-06,4.25457107126498e-03,3.88204660845256e-05,,SSA_4,World_1,,1399828
2013,Rep Congo,COG,6.95201836563718e-07,5.06041607303841e-03,4.81260576173422e-11,5.87350898619841e-06,9.58145663081026e-06,3.75736481029658e-06,2.51809944249582e-06,5.67258331028785e-04,6.84216168766842e-06,,SSA_4,World_1,,4857099
2003,Australia,AUS,1.57719894023276e-06,2.94618814528461e-02,1.46710937257711e-10,7.16065315764417e-05,1.40588620117552e-05,4.84587185048422e-06,4.83055697774352e-05,8.48124562526099e-03,4.40162808359571e-05,,,World_5,EAP_1,1.972074e+07
2004,Latvia,LVA,1.11331167197638e-06,1.1687636385058e-02,3.88738330418002e-12,2.50031401557952e-05,1.55171206909159e-05,6.94796277148749e-06,1.44840281950077e-05,1.54650209968189e-03,1.76052091258706e-05,,,World_5,,2263122
2003,Kenya,KEN,7.05535564435887e-07,2.59328785017286e-03,1.22199513304791e-11,2.31257240558319e-06,1.0812187184e-05,3.51799682356007e-06,1.61495926521084e-06,9.24205840775017e-04,1.31576470563288e-05,,SSA_2,World_7,,3.365222e+07
2017,Cambodia,KHM,5.38701424652509e-07,3.87451961049829e-03,1.4447155093e-11,4.76527744576162e-06,7.10725990994845e-06,3.36392322833679e-06,4.28526958803944e-06,2.61412611321054e-04,3.04352419169334e-06,,,World_1,EAP_2,1.607337e+07
2004,Macedonia,MKD,3.50531384587015e-07,6.69519676634041e-03,1.00072812408658e-11,1.3505912542795e-05,6.83869479137709e-06,1.5884125435758e-06,3.86846963975144e-05,1.45002784956063e-02,1.26742954792266e-04,,,World_2,,2016186
2012,Syria,SYR,9.9911395622952e-08,3.3510503848302e-03,8.76276781750615e-12,5.93436873206141e-06,1.0341793432145e-06,4.16105378334388e-07,1.14780632409082e-05,2.24841957582852e-02,2.50236369720121e-04,,,World_6,,2.275976e+07
2008,Kenya,KEN,6.84183383042296e-07,3.09909201423961e-03,1.1180087071709e-11,3.10245319078908e-06,1.03243528522929e-05,3.44411932486726e-06,2.33144342407339e-06,8.80643028074997e-04,9.55732736982663e-06,,SSA_2,World_7,,3.920635e+07
2012,Saudi Arabia,SAU,1.39000465288247e-06,2.85289025399571e-02,2.30300737696046e-11,7.96795441535856e-05,1.20442906029696e-05,2.4409638902603e-06,1.04614591121239e-04,2.19679499511711e-02,4.6357479246013e-04,,,World_6,,2.616886e+07
2014,Honduras,HND,5.59378195156077e-07,3.30570724439665e-03,4.54279521458914e-11,5.09968321532068e-06,7.53192406219216e-06,3.55336047426663e-06,2.90300274274956e-06,6.69712217669656e-04,7.16995072636884e-06,LACC_2,,World_9,,9063122
2020,El Salvador,SLV,3.29577118065972e-07,3.81010675658776e-03,3.71393590029698e-11,1.23562517989882e-05,3.76610085501031e-06,1.66633455173586e-06,7.81119694967789e-06,9.5674179535844e-04,7.19334700470955e-06,LACC_2,,World_9,,6234673
2017,Iran,IRN,2.4856871684702e-07,9.88201741477721e-03,7.80312139354429e-12,1.74843643264146e-05,3.225552449906e-06,7.09816784477617e-07,8.11478186764312e-06,1.71704985700789e-02,2.03008874538351e-04,,,World_6,,8.502675e+07
2013,Oman,OMN,9.16521568022219e-07,2.31403452808831e-02,1.46806622415396e-11,3.64077699970164e-05,9.40605608097393e-06,2.08327319458695e-06,2.60782287018149e-05,2.73881666992248e-02,5.29237672320908e-04,,,World_6,,3833913
2002,Nepal,NPL,6.58974712739909e-07,2.90111495783833e-03,7.83841745099171e-12,1.8579084302737e-06,9.37717773800398e-06,4.81911922848524e-06,1.24418135816305e-06,6.79595691153963e-04,6.83280245524822e-06,,,World_7,,2.532898e+07
2012,Hungary,HUN,6.40910440056189e-07,8.4981704263051e-03,4.23637141696896e-12,1.31894587498735e-05,8.92457335589049e-06,3.63723502641975e-06,1.28550331355088e-05,7.65586303146082e-04,8.06382532228942e-06,,,World_5,,9920362
2002,Viet Nam,VNM,5.07956070551035e-07,3.26154316847413e-03,5.91215407352962e-12,4.68200374136738e-06,6.46640729376364e-06,3.01998382263338e-06,4.15195457406719e-06,6.2004341782864e-04,8.10205776916245e-06,,,World_3,EAP_4,7.877222e+07
2004,Moldova,MDA,1.72105995465771e-07,5.23513915254199e-03,2.5211400623749e-12,1.04933629180465e-05,2.11008463664422e-06,6.38885375883071e-07,5.72421898875872e-06,6.12827896571291e-04,7.31538562033817e-06,,,World_2,,2896023
2016,Georgia,GEO,4.08982547273286e-07,5.5128066613171e-03,1.17142386041549e-11,1.06475080017206e-05,5.70696352880428e-06,2.05775057743564e-06,5.47187305612451e-06,5.3331592124648e-03,1.11739802214378e-04,,,World_2,,3727505
2008,Albania,ALB,4.11169950170766e-07,4.56041979845419e-03,1.82092277209324e-11,1.00697431666673e-05,4.49855165035456e-06,1.50500043480531e-06,5.7357831583306e-06,3.32484988072535e-03,2.02713693577288e-05,,,World_2,,2947314
2004,Jamaica,JAM,5.46565996242921e-07,5.54848500039278e-03,2.958906306735e-11,2.61602917175107e-05,4.31645062533398e-06,1.37079354568428e-06,3.21510172461224e-05,1.66612327163959e-03,1.46244160549931e-05,LACC_2,,World_2,,2672225
2017,Greece,GRC,3.92588988412255e-07,1.07382157358223e-02,2.15769425577608e-11,1.58344231262257e-05,4.86518013396397e-06,1.62889779567002e-06,1.93680176543237e-05,1.08181143152099e-02,5.18968634973302e-05,,,World_5,,1.075468e+07
2020,Australia,AUS,1.1607558673728e-06,2.13165236184825e-02,5.54214574212285e-11,5.02804010974899e-05,1.05133652396187e-05,3.27791425454843e-06,3.56347466630821e-05,6.05432053178514e-03,2.31666721223848e-05,,,World_5,EAP_1,2.564925e+07
2011,Tunisia,TUN,3.52238230486419e-07,4.08677923898618e-03,9.26113776683237e-12,6.04799696333947e-06,4.85978093359788e-06,1.67634191056238e-06,4.04926015601395e-06,8.39176939808016e-03,1.0096400468552e-04,,,World_3,,1.088604e+07
2010,Bhutan,BTN,3.27185997660856e-06,1.13882401020984e-02,4.45743482938385e-11,1.71418507981939e-05,4.63204301406065e-05,2.18814224171167e-05,1.08179260320075e-05,4.20760546095522e-03,5.62814886848817e-05,,,World_7,,701632
2009,Sweden,SWE,9.66784991882593e-07,1.56850282136692e-02,7.12126758715766e-12,3.33379188906368e-05,8.53337344446956e-06,2.4017479183948e-06,2.22992040723436e-05,2.71322706585453e-03,2.73578509995728e-05,,,World_5,,9298515
2003,Laos,LAO,6.81946201355159e-07,3.45077545305795e-03,2.63684059392242e-11,2.9512741684636e-06,1.0021270911812e-05,5.56185258505401e-06,1.561061829208e-06,2.86137446043684e-04,3.36635380692264e-06,,,World_1,EAP_2,5697945
2005,Estonia,EST,1.09830158137639e-06,1.9714649371419e-02,6.8007034306863e-12,5.14910936427752e-05,1.25249656229857e-05,5.12333713396314e-06,7.50651358622746e-05,1.78282030865978e-03,2.29882707268235e-05,,,World_5,,1354775
2013,Lithuania,LTU,8.37461098162522e-07,1.13609469058279e-02,7.21619224381458e-12,2.17268778777423e-05,1.10696000416197e-05,4.39345559259003e-06,1.50577863771252e-05,3.30254011240478e-03,3.99013818903144e-05,,,World_5,,2957689
2021,Tanzania,TZA,4.70992368027989e-07,2.42341392861315e-03,1.13706141040426e-11,1.98725953634258e-06,6.95222231338308e-06,3.23113551423265e-06,1.02076020944619e-06,,,,SSA_2,World_7,,6.283041e+07
2014,Azerbaijan,AZE,2.06562194440224e-07,7.1401825218666e-03,1.46711655405663e-11,1.18400437548567e-05,2.58664202883223e-06,6.79353329567155e-07,4.1547006262886e-06,8.72002862581447e-03,1.15738881678362e-04,,,World_6,,9535079
2013,Burundi,BDI,4.31545168717421e-07,1.41131513196922e-03,5.93794263711341e-12,9.30862007118937e-07,7.05632794437969e-06,2.83939689176818e-06,5.55901340008138e-07,1.30576216326334e-03,2.89887748511601e-06,,SSA_1,World_4,,1.043934e+07
2016,Pakistan,PAK,4.00274651667302e-07,2.99329277464106e-03,1.02183465360779e-12,4.55055835854027e-06,5.25885576415003e-06,2.52262545202377e-06,5.41979441169552e-06,6.4571621359338e-03,2.59796354669615e-04,,,World_1,,2.201389e+08
2009,Central African Republic,CAF,3.40902946334995e-07,2.36467527921724e-03,9.05450652030155e-12,1.57632749978447e-06,4.92274976759535e-06,2.25028361281153e-06,7.69030537121001e-07,3.98346309539038e-04,2.42404747464502e-06,,SSA_1,World_4,,4529047
2008,Germany,DEU,8.6570460357283e-07,1.79415094052515e-02,1.09994350509697e-11,3.43272067393073e-05,7.95819627275455e-06,1.96856415531923e-06,2.04148854846892e-05,4.12976849078137e-03,4.28676315651329e-05,,,World_5,,8.21101e+07
2019,Central African Republic,CAF,3.23912680342919e-07,2.3790846302569e-03,5.82205632701916e-12,1.5549563316121e-06,4.44645619434102e-06,2.10345245726091e-06,7.63957321757349e-07,4.31951191477563e-04,4.75841408324551e-06,,SSA_1,World_4,,4944703
2007,CSSR/Czech Republic (1990/1991),CZE,9.02583787396754e-07,1.51574047190963e-02,7.10624366814917e-12,3.1852763515636e-05,1.0160748458793e-05,3.04818562984416e-06,2.27145930119537e-05,1.5929168207581e-03,1.57291228519183e-05,,,World_5,,1.029883e+07
2003,Armenia,ARM,7.57563424667686e-08,2.63798245374717e-03,1.25006765592208e-11,5.01442914443434e-06,9.66984865198045e-07,2.90378244654848e-07,2.49610392150642e-06,7.71781176238787e-03,6.25480826771909e-05,,,World_2,,3182500
2008,Morocco,MAR,1.98015972060655e-07,3.04707556205441e-03,7.53166837865969e-12,4.93578147628761e-06,3.27474998050057e-06,1.07207249921847e-06,1.00807085726771e-05,1.00617533649526e-02,6.27339659157485e-05,,,World_3,,3.160677e+07
2007,Viet Nam,VNM,5.23913624155642e-07,3.85406740460453e-03,4.8764092835767e-12,5.75067942159673e-06,6.79609992244748e-06,2.97608654740031e-06,5.20227008082235e-06,7.9983342435393e-04,1.00816673481365e-05,,,World_3,EAP_4,8.363338e+07
2004,DR Congo,COD,5.34386461301892e-07,1.55351961713073e-03,1.31379036283876e-11,1.12192047460678e-06,6.76591900492323e-06,3.53728147162284e-06,5.58338239408599e-07,1.58585502942459e-04,9.00546170729366e-07,,SSA_1,World_4,,5.699774e+07
2008,Indonesia,IDN,5.59394367263107e-07,3.94181429739081e-03,2.45519146680027e-11,6.72004168003173e-06,7.64104239498988e-06,3.41954379110025e-06,7.77070468577253e-06,1.57408383572927e-03,8.86545624243906e-06,,,World_8,EAP_5,2.401579e+08
2006,Mali,MLI,2.79980164744147e-07,1.47257315618207e-03,3.86025906193084e-12,1.2617024352867e-06,4.55995880007513e-06,1.84003417437707e-06,7.81338267597756e-07,1.42018572574445e-03,9.72919764138584e-06,,SSA_2,World_7,,1.399014e+07
2016,Lithuania,LTU,8.3182493528249e-07,1.1974788892257e-02,9.64660655350409e-12,2.01412091261594e-05,1.10422793348969e-05,4.65808425783464e-06,1.2459897931901e-05,2.66681624864159e-03,2.86669910804342e-05,,,World_5,,2868231
2010,United Kingdom,GBR,7.46327255245857e-07,1.46390555193232e-02,7.14275842272608e-12,3.19748240929116e-05,6.36362558679289e-06,1.51042776104873e-06,1.58773090091982e-05,3.71181106886074e-03,3.98151662949141e-05,,,World_5,,6.276636e+07
2009,Switzerland,CHE,1.34717965112117e-06,2.0422879666856e-02,1.21656979651585e-11,5.21939277923631e-05,1.21574196531337e-05,3.15249994131664e-06,3.51692658424546e-05,4.58803243709284e-03,3.2240693481771e-05,,,World_5,,7743831
2005,Albania,ALB,4.1635026562373e-07,4.42431266238636e-03,1.61617567427517e-11,1.05320145538837e-05,4.34551707586345e-06,1.66344166788204e-06,5.68695559147926e-06,5.9403926972749e-03,4.85551189308807e-05,,,World_2,,3011487
2007,Ethiopia/DR Ethiopia (1992/1993),ETH,7.61352784314174e-07,2.73995603926635e-03,9.08774658228668e-12,1.6254986737788e-06,1.09207241357493e-05,5.47658469429571e-06,1.00002901177992e-06,3.96284646570242e-04,2.42846727578077e-06,,SSA_1,World_4,,8.310322e+07
2018,Brazil,BRA,6.49403616213391e-07,7.70573058753543e-03,3.4755357195648e-11,1.06751914453821e-05,7.90814378449951e-06,3.44256363419129e-06,6.2632238243951e-06,6.2289795138314e-04,4.69326249826202e-06,LACC_2,,World_9,,2.061073e+08
2010,Ukraine,UKR,1.93788013885271e-07,6.30116932654776e-03,4.50477422135096e-12,1.1458044233879e-05,2.7026306463698e-06,7.11816159087895e-07,1.40161190842279e-05,1.70949176470274e-03,1.74449813086218e-05,,,World_2,,4.6456e+07
2004,Saudi Arabia,SAU,1.29754586840083e-06,2.14649693114685e-02,2.6764432030354e-11,6.0107897020455e-05,8.56872494580553e-06,2.20097050999801e-06,6.94290368782139e-05,2.5323850598654e-02,6.52700742240822e-04,,,World_6,,1.966948e+07
2006,Yemen Arab Republic/Yemen (1990/1991),YEM,1.09279740016676e-07,2.54116288020565e-03,1.08174752655563e-11,4.72597457205946e-06,1.23524433586737e-06,4.52747708144999e-07,5.43506359023576e-06,7.3668647001917e-03,1.498799784912e-04,,,World_1,,2.354308e+07
2015,Turkey,TUR,4.27330401994896e-07,8.41388286682074e-03,1.6258201058982e-11,1.24542748974848e-05,5.94747586811655e-06,1.80575044741827e-06,2.00188492275674e-05,7.76671545991183e-03,7.15005297802237e-05,,,World_3,,7.821848e+07
2009,Egypt,EGY,1.35229650196637e-07,3.39169713773543e-03,1.61207556230811e-12,4.05387530030644e-06,1.758834002825e-06,5.69810461729713e-07,6.94900466225175e-06,4.75985962748769e-02,5.32797675416573e-04,,,World_6,,8.750163e+07
2003,Cameroon,CMR,6.81107960477298e-07,3.08243693213638e-03,2.10841665643489e-11,2.47082473786324e-06,1.02295654388801e-05,4.87270179792688e-06,1.34354066358478e-06,4.78277060553345e-04,4.46248299616636e-06,,SSA_2,World_7,,1.616034e+07
2021,Kazakhstan,KAZ,4.88522553930402e-07,1.32238967626432e-02,2.70346362108205e-11,2.48881748033569e-05,7.33799185972759e-06,7.05272928754142e-07,4.72762955185183e-05,,,,,World_3,,1.97436e+07
2016,Mozambique,MOZ,2.22769696546703e-07,2.20193108661766e-03,1.84876247372912e-11,2.9710699710485e-06,3.20184679329418e-06,1.18948640787098e-06,2.36966206884127e-06,4.49090706852214e-04,9.93709310576022e-06,,SSA_2,World_7,,2.73371e+07
2016,Afghanistan,AFG,6.00685063803048e-08,1.05326561879434e-03,4.87854639936267e-12,1.21073913776598e-06,8.02875889829776e-07,3.23633431604892e-07,1.39832331938676e-06,4.23974694680552e-03,1.0858946768607e-04,,,World_1,,3.470061e+07
2009,Malawi,MWI,3.35501685546466e-07,1.5504947345633e-03,5.37765883010592e-12,1.61469239798693e-06,4.79595955097513e-06,2.06491061865604e-06,1.59655155234413e-06,2.51642177851729e-04,6.03937445473193e-06,,SSA_2,World_7,,1.439579e+07
2003,Chad,TCD,5.23831451652604e-07,4.37494494647753e-03,7.08782670310242e-12,2.3524734160067e-06,7.91061836609225e-06,3.35498553239081e-06,1.42317229812521e-06,7.29782147442726e-04,5.38631832307625e-06,,SSA_1,World_4,,9487833
2006,Estonia,EST,1.15955804627563e-06,1.95740699106821e-02,7.59461871324678e-12,5.12864641817426e-05,1.31880670503672e-05,5.22017433799983e-06,6.9916216141458e-05,2.31327989158483e-03,2.74548959361879e-05,,,World_5,,1346810
2006,DR Congo,COD,5.26566486944046e-07,1.56539571556952e-03,1.23256879421241e-11,1.11907131757514e-06,6.71940414390356e-06,3.52349641468695e-06,5.67219400303458e-07,1.62044709829573e-04,7.72090819224566e-07,,SSA_1,World_4,,6.061591e+07
2021,Sudan/North Sudan (2010/2011),SDN,4.88511818243649e-07,3.60538929935257e-03,2.03119837913468e-12,5.32810014328887e-06,6.77787804277813e-06,2.45451913864018e-06,2.68119478083767e-06,,,,SSA_4,World_1,,4.806692e+07
2002,Austria,AUT,1.43462027808431e-06,1.82105064794748e-02,1.19236215024639e-11,6.11761078896995e-05,9.18384954596643e-06,2.09251360325411e-06,2.45447802276215e-05,2.2486090643944e-03,2.24429962246199e-05,,,World_5,,8081957
2006,Saudi Arabia,SAU,1.30473219749168e-06,2.41715282591072e-02,2.93632292407715e-11,6.35318402019857e-05,1.01949306739973e-05,2.57525257898295e-06,7.65546021024525e-05,2.95006208213876e-02,6.4542197130838e-04,,,World_6,,2.145914e+07
2004,Hungary,HUN,4.90798369921511e-07,1.04600536420209e-02,5.00422459698938e-12,2.1774365756523e-05,5.85508170974468e-06,1.80329490604173e-06,1.905496517722e-05,1.25024749626093e-03,1.33685943898361e-05,,,World_5,,1.010715e+07
2016,Morocco,MAR,1.71615157605742e-07,3.16508523393011e-03,6.64081595956241e-12,5.09377669580589e-06,3.00183367935743e-06,8.45286448232919e-07,1.00894011360058e-05,7.38401873819069e-03,4.27584267115567e-05,,,World_3,,3.502346e+07
2003,Kuwait,KWT,1.31881129331811e-06,4.29438057081914e-02,4.32502284792886e-11,5.69456239112182e-05,1.33479245050366e-05,3.52582371896653e-06,5.124991118257e-05,2.72169342480953e-02,4.59487645484466e-04,,,World_3,,2109881
2013,Iran,IRN,3.41002006582831e-07,9.94320057993568e-03,9.39290289824061e-12,2.02920018882516e-05,3.71271842947454e-06,7.12591670972375e-07,1.90870965834651e-05,2.27408711923925e-02,2.68335731979446e-04,,,World_6,,8.041469e+07
2020,Malta,MLT,6.30637324314388e-07,1.39803131876914e-02,6.87968278186837e-12,2.94411545254762e-05,6.77085580859186e-06,1.03637964323752e-06,2.68835949447645e-05,3.6295151647351e-03,3.217053042185e-05,,,World_5,,515332
2012,Madagascar,MDG,4.79759519985787e-07,2.1417294967723e-03,2.82328734041194e-10,1.74016191315671e-06,7.31293069122058e-06,2.98054765211595e-06,1.44755521290747e-06,1.31922653879067e-03,1.73336866127049e-05,,SSA_2,World_7,,2.346244e+07
2007,Benin,BEN,4.26594155470402e-07,2.05695960693288e-03,2.19658743127049e-12,4.05424575722098e-06,6.15736433417701e-06,2.46273067570151e-06,1.92372918919947e-06,3.21137354874011e-04,2.56266257433923e-06,,SSA_2,World_7,,8953969
2003,Benin,BEN,4.29893900053409e-07,1.91029134445022e-03,2.65097054996416e-12,2.97187328781934e-06,6.77647329547766e-06,2.4517949763992e-06,1.6023643414065e-06,3.98776396733465e-04,4.34867958643209e-06,,SSA_2,World_7,,7913070
2005,Turkey,TUR,4.74116654775814e-07,6.82404151171375e-03,1.86574185202396e-11,1.23711204600166e-05,6.23253903668611e-06,2.318867822875e-06,1.93691494543004e-05,9.6859412726939e-03,7.27123705981141e-05,,,World_3,,6.932956e+07
2016,Paraguay,PRY,8.57305662687141e-07,5.66469556872644e-03,3.15000106384066e-11,1.36118989569293e-05,1.02350160831482e-05,4.78466888637131e-06,3.29435256393846e-06,1.71586340223724e-03,4.49967750586954e-06,LACC_2,,World_9,,6249126
2020,Qatar,QAT,1.44132130233725e-06,4.44390374656686e-02,3.07767019592685e-11,6.53880486385385e-05,1.61483524947993e-05,3.30904438769857e-06,3.0519626680638e-05,1.69835757468386e-02,2.44819582927447e-04,,,World_6,,2794148
2002,Romania,ROU,3.355912769717e-07,6.58271799764985e-03,6.51417528872714e-12,1.12510361966512e-05,4.88450944959549e-06,1.95483361071589e-06,1.90617955225961e-05,8.63276427392914e-04,9.83420477472576e-06,,,World_2,,2.17305e+07
2012,Bahrain,BHR,7.97369170920463e-07,1.87749760025667e-02,1.72680638087727e-11,3.14503372968884e-05,1.08144848601616e-05,2.37841996348074e-06,1.99955290810003e-05,2.27976266907924e-02,5.69412947580715e-04,,,World_6,,1208964
2008,Poland,POL,6.29352721780389e-07,1.21196931956964e-02,4.56106557677444e-12,1.87584128228564e-05,8.88334594444567e-06,2.06764906524447e-06,2.3014898964455e-05,1.18690350971535e-03,1.85632640638562e-05,,,World_5,,3.812576e+07
2021,Turkmenistan,TKM,1.81708751352327e-07,8.61155370296465e-03,1.23161686221841e-11,1.1408001117878e-05,1.86971201821261e-06,2.64909721275195e-07,5.46152319000601e-06,,,,,World_6,,7092043
2019,Saudi Arabia,SAU,1.11603764152575e-06,2.71493836577097e-02,1.8847687904917e-11,7.08601045077725e-05,9.95113842146046e-06,2.0495021022405e-06,9.58344715964619e-05,1.55280729591001e-02,3.08552826807494e-04,,,World_6,,3.00638e+07
2020,Equatorial Guinea,GNQ,3.21266912010681e-07,6.88193088660802e-03,2.23731674698784e-11,6.9383661936568e-06,4.42796272480691e-06,1.59340882467801e-06,4.08999154599993e-06,1.84315148753427e-03,1.23871017014873e-05,,SSA_4,World_1,,1716468
2013,Azerbaijan,AZE,2.14037261512551e-07,6.31837241971273e-03,1.44252229530218e-11,1.17324960774642e-05,2.47883013799424e-06,6.66641385853712e-07,4.12482405202877e-06,9.1772609724726e-03,1.25269361879008e-04,,,World_6,,9416801
2019,Macedonia,MKD,4.66771445996272e-07,7.99045076503058e-03,1.24548815783908e-11,1.20067298645619e-05,7.59491362306655e-06,2.21765764489905e-06,2.69153390619579e-05,1.16174224612635e-02,1.64341204176364e-04,,,World_2,,1876262
2021,Lithuania,LTU,9.03929957310106e-07,1.34596644249502e-02,6.41016244440637e-12,2.12866969440012e-05,1.21344879686154e-05,5.16436092583483e-06,1.59791174770681e-05,,,,,World_5,,2800839
2007,Malta,MLT,9.2141389080159e-07,1.51839398521737e-02,1.15466411264665e-11,4.02363558374423e-05,9.22106634567547e-06,1.31702572287644e-06,4.36956904390449e-05,6.87333688852477e-03,6.74445647873366e-05,,,World_5,,406724
2006,Paraguay,PRY,6.8415051866564e-07,5.17676830741406e-03,2.91418339174064e-11,9.03760389740904e-06,8.00823868075503e-06,3.62659586993209e-06,2.49930835451241e-06,1.35135654852678e-03,3.32106479380781e-06,LACC_2,,World_9,,5505148
2002,South Korea,KOR,7.563711752173e-07,1.4687872266649e-02,1.66795360165696e-11,3.52113108977462e-05,7.71653086798596e-06,1.49380857237663e-06,3.51376020706797e-05,5.39810062676886e-03,4.87122914059274e-05,,,World_5,EAP_1,4.764474e+07
2018,Gabon,GAB,1.67782129703857e-06,1.22118952950213e-02,4.5743297091226e-11,1.4068340622634e-05,2.6478338822809e-05,1.28988676818984e-05,7.62280181210414e-06,1.22933866985411e-03,1.41912384153845e-05,,SSA_3,World_8,,2212318
2014,Angola,AGO,4.64848965872254e-07,3.98287057190135e-03,2.02045324564894e-11,5.15797699577876e-06,6.44211700084129e-06,2.7888895915519e-06,5.12402645337157e-06,1.56091779546089e-03,1.551130700189e-05,,SSA_1,World_4,,2.716077e+07
2011,Pakistan,PAK,3.75414394541915e-07,2.66795301220557e-03,9.86392462017401e-13,4.28210680999235e-06,4.84622700723214e-06,2.39398834440954e-06,4.78676894938562e-06,7.7927185378786e-03,2.82314893856732e-04,,,World_1,,2.037461e+08
2008,Moldova,MDA,2.38452054937457e-07,5.83232536480147e-03,2.85746198369844e-12,1.32085694454828e-05,2.53686698272764e-06,6.92969928278771e-07,7.52738264011506e-06,7.57281937534754e-04,8.9745991083459e-06,,,World_2,,2868833
2003,Equatorial Guinea,GNQ,6.81473981503547e-07,1.3064811153358e-02,4.37216988901568e-11,1.09800342964042e-05,8.72583929272977e-06,3.00449294762086e-06,9.49413677660389e-06,2.54637413538526e-03,2.37274296325803e-05,,SSA_4,World_1,,847862
2018,Bolivia,BOL,4.03865792480554e-07,6.09960330754726e-03,6.99123821645118e-11,9.35217967185208e-06,4.81244748589417e-06,2.04807005448269e-06,4.64152520222162e-06,4.25921913666191e-04,1.73261572760413e-06,LACC_2,,World_8,,1.150837e+07
2019,Angola,AGO,3.71808517516949e-07,2.71807786416642e-03,1.66698533774431e-11,3.73046202950429e-06,4.97322907834738e-06,2.43411970183352e-06,2.43498149068171e-06,7.18802065879835e-04,8.39511729996356e-06,,SSA_1,World_4,,3.237563e+07
2012,Sudan/North Sudan (2010/2011),SDN,6.78119883750314e-07,4.73215100023969e-03,3.50537955524945e-12,5.93397125631324e-06,1.00854391361506e-05,3.18129483010511e-06,2.32338475574038e-06,1.34777976761863e-02,4.05118233491845e-04,,SSA_4,World_1,,3.692318e+07
2012,Mongolia,MNG,5.85462469874839e-07,1.06697696638054e-02,4.48630167759123e-11,1.41031401761017e-05,8.68568351997303e-06,5.86440543263966e-07,1.57703508677999e-05,1.63547247140483e-03,8.01813798940189e-06,,,World_8,EAP_5,2839705
2009,Belarus,BLR,3.86297111313912e-07,9.6721439824883e-03,4.99783127322187e-12,1.61570031389199e-05,5.52138539792038e-06,2.07566687294523e-06,1.51082167193758e-05,1.1378230529539e-03,1.53265617076156e-05,,,World_3,,9504583
2019,Bosnia and Herzegovina,BIH,6.29368441504236e-07,9.2179262287512e-03,9.49059903197353e-12,1.31111693428281e-05,7.88423076624128e-06,2.28311325647214e-06,3.1445307270495e-05,7.81227385368654e-04,1.22814482378093e-05,,,World_2,,3345533
2015,Togo,TGO,4.95978461123588e-07,1.84777596124795e-03,5.01375108984625e-12,2.72286905718573e-06,7.68801429030282e-06,2.53759321924662e-06,1.01492946649265e-06,2.29340708330917e-04,2.88018454174449e-06,,SSA_2,World_7,,7663195
2017,Kuwait,KWT,1.16507887480095e-06,3.53786418194031e-02,2.14707620628037e-11,4.75687871864089e-05,1.35221579344539e-05,3.10595126853114e-06,4.12484391570812e-05,2.34943518740224e-02,3.33236664875934e-04,,,World_3,,4154812
2010,Slovakia,SVK,5.58398728457372e-07,1.13975744573322e-02,6.69176579910847e-12,2.48255495811002e-05,5.8351440951079e-06,1.39000576246467e-06,1.71898129055056e-05,2.3832716703192e-03,4.40983775917655e-05,,,World_5,,5391428
2002,Netherlands,NLD,1.1068595905542e-06,0.02042613823609,1.9158616763655e-11,4.50149600953123e-05,1.076079869195e-05,3.26477658897549e-06,2.63540722963255e-05,5.77395396248984e-03,5.92428883357643e-05,,,World_5,,1.614893e+07
2018,Costa Rica,CRI,6.28620096574178e-07,5.19208138289042e-03,4.70837822502429e-11,1.42064627626524e-05,4.36456304813839e-06,1.84606854732039e-06,5.47934978561379e-06,3.18003190008851e-03,2.51486662055051e-05,LACC_1,,World_5,,4957818
2010,Turkey,TUR,5.17495403252435e-07,8.02658087032017e-03,1.78048848307984e-11,1.26426681442887e-05,7.08735613531731e-06,2.15135436104993e-06,2.1114694884481e-05,9.82655158321225e-03,8.22418555667106e-05,,,World_3,,7.314215e+07
2007,Papua New Guinea,PNG,3.87643583451195e-07,2.07571428671005e-03,2.26642362786766e-10,3.18017475383529e-06,5.7958187740906e-06,2.65099948543841e-06,2.95946556717032e-06,4.11026966265161e-04,4.49634411879074e-06,,,World_7,EAP_6,6963345
2009,Croatia,HRV,8.89257460325773e-07,1.01107912498823e-02,9.29180135025761e-12,1.85701463787504e-05,1.23929934573457e-05,4.71711299832523e-06,2.9778406123373e-05,2.00733364518121e-03,2.0666990218653e-05,,,World_5,,4305181
2018,United States of America,USA,9.17297966613686e-07,2.3364824906461e-02,1.36693190008539e-11,4.06301933536394e-05,1.03596032498903e-05,2.86155234880979e-06,3.19840385482997e-05,5.38155764237111e-03,4.96511750218074e-05,,,World_5,,3.268382e+08
2010,Turkmenistan,TKM,1.94537520766957e-07,8.2259248677558e-03,1.11132314016498e-11,1.14227448700548e-05,1.51755974417633e-06,1.22817130222815e-07,5.73046173078566e-06,1.71381628113623e-02,5.80802417389967e-04,,,World_6,,5564356
2012,Belgium,BEL,1.21859788458297e-06,2.03772140477933e-02,1.43669841889928e-11,3.87079724646078e-05,1.17129770292793e-05,3.33652063623566e-06,2.2624892940781e-05,4.8083084868726e-03,6.02212188936191e-05,,,World_5,,1.110693e+07
2002,Rep Congo,COG,3.83519190670267e-07,3.29221776969494e-03,6.94544924013247e-11,2.38343526391216e-06,5.48493960472372e-06,1.63686383478947e-06,1.70613356158808e-06,6.66023837995918e-04,7.12257319820764e-06,,SSA_4,World_1,,3350771
2003,Syria,SYR,1.82005126474844e-07,3.44563928425164e-03,9.78254893174002e-12,6.69224079329427e-06,1.25396307745684e-06,5.43139312796828e-07,9.84467695971524e-06,3.3876292483749e-02,3.96920024193694e-04,,,World_6,,1.78893e+07
2017,Morocco,MAR,1.64686444279055e-07,3.15718870857725e-03,7.0994430923057e-12,4.9240703723625e-06,2.90714992320412e-06,8.44841461609497e-07,1.01530067835411e-05,8.41965321117452e-03,4.84100050455144e-05,,,World_3,,3.544639e+07
2015,Australia,AUS,1.60319974949017e-06,2.8448225092264e-02,9.1345692527513e-11,6.20671662242751e-05,1.38752725394941e-05,4.52490421680618e-06,4.35864408746999e-05,6.84277201499085e-03,3.10952735156415e-05,,,World_5,EAP_1,2.3816e+07
2014,Albania,ALB,3.79692556348598e-07,4.22612831425165e-03,1.91369458991843e-11,1.01767843589779e-05,4.15315618298064e-06,1.34919770957776e-06,5.38842180036807e-06,2.40455814129795e-03,1.18531100522092e-05,,,World_2,,2889104
2016,Chile,CHL,7.62817684710438e-07,9.51430979370337e-03,1.32592235575679e-11,2.21041142107809e-05,1.28219314511878e-05,3.11556040975827e-06,2.64524019257103e-05,2.38730455036246e-03,1.33051171705348e-05,LACC_1,,World_5,,1.826722e+07
2013,Niger,NER,2.92492360642196e-07,2.09880104495194e-03,3.47141072895079e-12,1.81474173805888e-06,4.09429637240136e-06,2.0654738623439e-06,6.00821763173571e-07,5.03998244727874e-04,5.78224279605968e-06,,SSA_2,World_7,,1.85199e+07
2020,Madagascar,MDG,4.29219847621214e-07,2.00043428150156e-03,2.35285422223124e-10,1.59975159570994e-06,6.44455495392728e-06,2.58350051665315e-06,1.29987610385078e-06,5.63096844475822e-04,5.10065525843941e-06,,SSA_2,World_7,,2.895356e+07
2003,Slovenia,SVN,8.89349208998483e-07,1.61378552193547e-02,1.11980749701717e-11,2.61773910702668e-05,1.11203937243279e-05,4.28012446698025e-06,2.25229713886287e-05,2.26810943790133e-03,2.41080465824763e-05,,,World_5,,1995733
2008,Greece,GRC,8.00647117318326e-07,1.84639376804393e-02,2.59236022470564e-11,3.91532575684849e-05,8.72022439578058e-06,2.16807837220637e-06,4.48341222104628e-05,1.90713589464383e-02,9.22810889533222e-05,,,World_5,,1.107784e+07
2008,Senegal,SEN,3.44881957360426e-07,2.45119070325709e-03,4.36422302214093e-12,4.66180353994928e-06,4.18558440176838e-06,1.2544229447481e-06,4.72912426173518e-06,4.46273497753349e-03,2.1718500217836e-05,,SSA_2,World_7,,1.204896e+07
2021,Cuba,CUB,5.57734748752069e-07,5.22366924826172e-03,1.19508666187791e-10,1.0369205539106e-05,4.4697135781527e-06,2.46568748595684e-06,2.50037541263936e-05,,,LACC_2,,World_3,,1.112217e+07
2006,Georgia,GEO,3.10410286508982e-07,4.75607255481912e-03,1.25356130633817e-11,5.25783243658284e-06,4.76172490183674e-06,2.04188931067478e-06,4.01448598102505e-06,6.46983828192278e-03,9.12639928000787e-05,,,World_2,,3880347
2012,Belarus,BLR,3.78482165485944e-07,9.25980007492319e-03,5.16903326609941e-12,1.43103573957506e-05,5.71495580707019e-06,2.07037884306206e-06,1.1147226558019e-05,1.11646485195496e-03,1.42175679506887e-05,,,World_3,,9446836
2009,Togo,TGO,5.08600165528756e-07,2.08333014770779e-03,5.65208711222302e-12,3.54759523249739e-06,7.41390903613267e-06,2.52420262308805e-06,1.19827154604834e-06,3.6792636253165e-04,5.91001804275767e-06,,SSA_2,World_7,,6551865
2013,Slovakia,SVK,4.45406479264556e-07,1.04314092934286e-02,5.9900801621411e-12,1.82769887225917e-05,5.16866843143068e-06,1.29860978158081e-06,1.36918310424699e-05,1.23767018409578e-03,1.39182879706906e-05,,,World_5,,5413393
2012,Lebanon,LBN,4.75233962800711e-07,8.61367855774372e-03,1.52005189013992e-11,2.90779550512032e-05,5.82372654150911e-06,1.10003576533881e-06,3.21580547327288e-05,1.0099911058593e-02,9.33310564443701e-05,,,World_3,,5235742
2009,Albania,ALB,3.90074767378155e-07,4.48686982945183e-03,1.97550501171872e-11,9.69283333931308e-06,4.51926719066869e-06,1.42343985383566e-06,5.05157175585497e-06,3.72065060548382e-03,2.17035990454141e-05,,,World_2,,2927519
2002,Cyprus,CYP,1.05743883562718e-06,1.37351554829623e-02,1.86676535198316e-11,4.94810793931557e-05,7.16184718557144e-06,1.43222457485523e-06,4.16381025423019e-05,8.73272038147293e-03,6.50963216759035e-05,,,World_5,,981440
2014,Malawi,MWI,2.9150219873124e-07,1.452675452385e-03,4.59461102042713e-12,1.43192722828564e-06,4.03823968879062e-06,1.86985527388043e-06,1.131981551284e-06,1.72774595750618e-04,2.85797420796293e-06,,SSA_2,World_7,,1.662154e+07
2020,CSSR/Czech Republic (1990/1991),CZE,8.49684791463396e-07,1.2852898133333e-02,5.68891898950438e-12,1.95502181375601e-05,1.07067665010348e-05,3.72087408996722e-06,1.73577681936658e-05,1.23296453747325e-03,1.12941391750896e-05,,,World_5,,1.069786e+07
2005,Angola,AGO,4.67507880587224e-07,3.64859370248214e-03,2.40139911736405e-11,3.30156267731439e-06,6.69867178565514e-06,3.13308752792364e-06,3.03768266724229e-06,1.99820132097148e-03,2.0542980076151e-05,,SSA_1,World_4,,1.929116e+07
2006,Equatorial Guinea,GNQ,6.30422252795579e-07,1.39761321536926e-02,3.4825476401644e-11,1.41635015885378e-05,8.69539134003072e-06,2.68276383169702e-06,8.79828004858923e-06,3.30976555479105e-03,3.44874620791173e-05,,SSA_4,World_1,,990343
2021,United Kingdom,GBR,6.07767425854242e-07,1.06493335260602e-02,4.67771202993413e-12,2.5143494326229e-05,6.01262769643487e-06,1.52263214137819e-06,1.02552485484875e-05,,,,,World_5,,6.702629e+07
2010,Nepal,NPL,7.3166164518139e-07,3.35909447547875e-03,7.40778398690788e-12,2.66985437021713e-06,1.03252172177928e-05,5.22387204029072e-06,1.74525294273138e-06,1.1113263196976e-03,1.17457975043404e-05,,,World_7,,2.734195e+07
2016,South Korea,KOR,7.15031902459543e-07,1.73033387240112e-02,1.29259271907163e-11,2.7546163158456e-05,9.17613241830813e-06,2.1182431339963e-06,2.23613363089934e-05,2.84483158813285e-03,3.35737586579534e-05,,,World_5,EAP_1,5.12178e+07
2005,Indonesia,IDN,5.53639213944364e-07,3.59507291105444e-03,2.37001618407501e-11,6.27234609647911e-06,7.45493039871951e-06,3.37631200040034e-06,6.4514883848112e-06,1.40877148039431e-03,6.76894097749192e-06,,,World_8,EAP_5,2.308716e+08
2011,Senegal,SEN,3.65498665871628e-07,2.41002287739431e-03,3.65423198890805e-12,4.61588404594673e-06,4.82086926565795e-06,1.53342129170939e-06,4.31491103408567e-06,4.79248434562805e-03,2.16143829718684e-05,,SSA_2,World_7,,1.29589e+07
2009,Portugal,PRT,7.05856945445177e-07,1.20401286770259e-02,2.43732390680675e-11,2.09102038712839e-05,8.15991751585256e-06,3.6692181090516e-06,1.45501993685639e-05,1.08030739851311e-02,4.96432005622273e-05,,,World_5,,1.056825e+07
2018,Algeria,DZA,3.73932500447625e-07,6.29690592346512e-03,4.95849380320744e-12,1.34590640319575e-05,2.45284362729183e-06,5.28429951593854e-07,3.12581358807832e-06,1.84761755490958e-03,2.42163307174604e-05,,,World_3,,4.250504e+07
2004,Portugal,PRT,7.36818445218658e-07,1.3157044833104e-02,2.53171357194886e-11,2.61914428811394e-05,7.99533428331987e-06,3.46630498221503e-06,1.9514904595052e-05,1.23339220214371e-02,5.62940282416715e-05,,,World_5,,1.048386e+07
2017,Azerbaijan,AZE,1.70561353102734e-07,6.86090056551629e-03,1.31019989461389e-11,1.03900475480671e-05,2.16266780193692e-06,5.48154056846465e-07,3.8704586372022e-06,8.37361298551273e-03,1.15207858704393e-04,,,World_6,,9854033
2019,Cameroon,CMR,4.64677329094923e-07,2.58350232126001e-03,1.38362624935674e-11,2.69536698565017e-06,7.80986676572491e-06,3.29904235850909e-06,1.45829280196075e-06,2.94928786889315e-04,2.07005455892437e-06,,SSA_2,World_7,,2.55061e+07
2010,Uzbekistan,UZB,3.9814046231141e-08,4.09158758397099e-03,2.48678035188718e-12,4.3235371191674e-06,6.12097379400564e-07,8.52253022409257e-08,1.85933558828537e-06,6.37013266172567e-03,2.01337723172181e-04,,,World_6,,2.838551e+07
2016,Viet Nam,VNM,5.17869977057736e-07,4.34248007287397e-03,5.95210654482134e-12,8.34554429836986e-06,6.26802284345407e-06,2.13106753842462e-06,8.90003759360205e-06,9.31165085062281e-04,1.08099149288199e-05,,,World_3,EAP_4,9.400012e+07
2017,Madagascar,MDG,4.73073459654658e-07,1.98316176108008e-03,2.50137680393609e-10,1.66375469125819e-06,7.1475625226773e-06,2.85513878918323e-06,1.41663288698772e-06,7.45383679729992e-04,8.03675948150952e-06,,SSA_2,World_7,,2.678838e+07
2009,Japan,JPN,7.78418561190675e-07,1.43331194570027e-02,1.16284258068234e-11,3.1865859334967e-05,6.87619862708776e-06,1.4050010916474e-06,2.03823510591659e-05,2.36339592549314e-03,2.45374331730591e-05,,,World_5,EAP_1,1.28047e+08
2007,Central African Republic,CAF,3.49038315142129e-07,2.18665975356484e-03,7.38162330845715e-12,1.30866314670352e-06,5.06249237224724e-06,2.23159652019991e-06,7.14247763319593e-07,3.95592294040161e-04,2.66158528742794e-06,,SSA_1,World_4,,4462770
2011,Somalia,SOM,8.67829575663962e-07,3.67689086700229e-03,3.87255746095986e-11,1.90496930247216e-06,1.3209878091564e-05,5.56494127959983e-06,7.65939497405615e-07,9.4088958270471e-04,6.11575545381665e-06,,SSA_1,World_4,,1.234883e+07
2009,Haiti,HTI,7.28619466829931e-07,2.72710586679162e-03,5.6460375995668e-11,3.68586442584785e-06,1.00758496926578e-05,3.33335784298344e-06,2.09966051900132e-06,7.5365990372253e-04,1.40711980815329e-05,LACC_3,,World_1,,9689581
2003,Italy,ITA,9.3772582910485e-07,1.56502831750195e-02,2.29923971545857e-11,3.80998228020723e-05,8.20234520018961e-06,2.11607069099454e-06,2.50519265059104e-05,6.62359005656065e-03,6.21523402353009e-05,,,World_5,,5.73132e+07
2017,Rep Congo,COG,5.4484869057403e-07,3.95662436065379e-03,4.48688340271216e-11,3.81279310689141e-06,8.01040671434372e-06,3.52662806172376e-06,1.95845315217147e-06,4.44822327687426e-04,5.71283975301658e-06,,SSA_4,World_1,,5351011
2008,Malaysia,MYS,5.06269969281797e-07,8.21933426288202e-03,3.2360165881647e-11,1.67196358740998e-05,5.44474399446595e-06,1.66531762037751e-06,1.42592381077907e-05,2.48460640170352e-03,3.99332870055013e-05,,,World_3,EAP_4,2.757006e+07
2016,Bosnia and Herzegovina,BIH,6.26994392833156e-07,8.04675635262751e-03,6.98508450905162e-12,1.25846373839823e-05,8.19579315309074e-06,2.51492917129633e-06,3.22621256664739e-05,6.06325728882581e-04,9.23618290615162e-06,,,World_2,,3473003
2006,Slovakia,SVK,3.97279274205074e-07,1.05689756686655e-02,6.84229328558974e-12,2.19135331094612e-05,4.45475297515387e-06,1.00830700354529e-06,1.55269161016173e-05,1.59922431292168e-03,2.37237477273346e-05,,,World_5,,5373054
2006,Oman,OMN,6.90644049597339e-07,2.07023212554121e-02,1.28138273106476e-11,2.83584070180095e-05,7.22119883967874e-06,1.59006801673257e-06,2.85285799659643e-05,1.73617415009496e-02,4.93503691128032e-04,,,World_6,,2514795
2010,Canada,CAN,1.30711507186014e-06,2.63429431060795e-02,8.85666422806993e-12,5.2723616841587e-05,1.32918130063642e-05,4.08759119033745e-06,3.62562609753433e-05,3.79532734222496e-03,3.47662512438658e-05,,,World_5,,3.40059e+07
2006,North Korea,PRK,3.6642078605125e-07,4.3265451432905e-03,1.35058910669454e-12,8.81158409019137e-06,8.3762718072206e-06,6.59584665778209e-07,2.33854212484009e-05,2.11391360837833e-04,8.64962779782905e-06,,,World_6,EAP_3,2.452451e+07
2017,Ghana,GHA,3.5170190726638e-07,2.46011032076429e-03,9.45581247399528e-12,4.52277697298489e-06,4.87241539517926e-06,1.2482772521779e-06,2.90011280599091e-06,7.95009846601533e-04,6.80990343699988e-06,,SSA_3,World_8,,3.000835e+07
2020,Togo,TGO,4.70709890153773e-07,1.94137046848415e-03,4.61738083105445e-12,2.97742480459657e-06,7.24282904917578e-06,2.53391352818038e-06,9.02482813360479e-07,2.79096334383601e-04,2.8821989407823e-06,,SSA_2,World_7,,8669720
2013,United Kingdom,GBR,7.08920610433287e-07,1.42895493705144e-02,7.31483125749058e-12,2.94093336807751e-05,6.47971390592436e-06,1.65560341855276e-06,1.5686462401978e-05,3.3369238195054e-03,3.43901924343168e-05,,,World_5,,6.412827e+07
2014,Iceland,ISL,8.70184378267953e-07,1.65248512597343e-02,1.0846604617458e-11,3.43565916118664e-05,8.26605398708787e-06,1.38010103064488e-06,2.75577511258894e-05,2.96199029612424e-03,2.54550158607893e-05,,,World_5,,327386
2013,Moldova,MDA,5.83848567666807e-07,5.9536671713191e-03,2.84924949436036e-12,1.25477822670804e-05,7.84949869968932e-06,3.29132290670658e-06,8.13175008751017e-06,7.75924875245538e-04,1.23387805163111e-05,,,World_2,,2859558
2004,Iran,IRN,3.92316145312602e-07,8.60646401764043e-03,1.14518689481874e-11,1.74605940017902e-05,2.88263955808613e-06,6.66175935708622e-07,1.4265050574392e-05,2.39300761622556e-02,2.78251307765348e-04,,,World_6,,7.025632e+07
2003,Guatemala,GTM,8.18313258952636e-07,4.78827295904987e-03,4.40229116421093e-11,1.09171256385681e-05,1.01019402705389e-05,4.99622540573564e-06,7.19609483869725e-06,8.15636690842117e-04,7.64065243241271e-06,LACC_2,,World_9,,1.252584e+07
2018,Ethiopia/DR Ethiopia (1992/1993),ETH,7.32737335994448e-07,2.74740779815681e-03,7.21772270354355e-12,2.07022620809925e-06,1.05028978045926e-05,5.23860176020658e-06,1.41589237173409e-06,6.10580697387937e-04,4.24745353051796e-06,,SSA_1,World_4,,1.126642e+08
2019,Armenia,ARM,2.83958952897389e-07,5.62458534358383e-03,1.49632937752553e-11,9.5462337810802e-06,3.66846451401867e-06,1.76059716443967e-06,3.01092434059587e-06,8.06590381291656e-03,9.47884630449043e-05,,,World_2,,2962500
2017,Peru,PER,4.13159956656604e-07,4.15247777553559e-03,7.62356483803914e-11,9.95256444417126e-06,4.61783506941287e-06,1.66533725699923e-06,4.80653007479576e-06,1.44709685559817e-03,8.42913446411495e-06,LACC_2,,World_2,,3.132464e+07
2013,Bolivia,BOL,3.08333600626308e-07,4.87100235958841e-03,6.51740020336753e-11,5.32654532228937e-06,4.07097063044234e-06,1.68318964328213e-06,2.75042570977015e-06,3.89543215962957e-04,1.55151807583113e-06,LACC_2,,World_8,,1.068261e+07
2015,Uruguay,URY,1.3774291877944e-06,9.55092303778283e-03,1.43278982164128e-11,1.44029350218517e-05,1.13937442950416e-05,5.81977560529481e-06,1.44712411330881e-05,1.19390304679969e-03,9.5167449354427e-06,LACC_1,,World_5,,3368017
2006,Azerbaijan,AZE,1.46061938501285e-07,5.33125965776863e-03,1.34848714379232e-11,1.08153286886563e-05,1.39371354516607e-06,3.55125728093595e-07,6.86961624789344e-06,9.72987852794474e-03,1.18933084046022e-04,,,World_6,,8484550
2011,Bahrain,BHR,6.95984125049513e-07,1.7285069879237e-02,1.84029743720904e-11,3.02292697882161e-05,9.09547302992419e-06,1.92447236781998e-06,1.81395746243651e-05,2.64959543655443e-02,6.26632812483993e-04,,,World_6,,1195020
2018,India,IND,4.48097732997946e-07,3.2374519431187e-03,5.10512845851684e-12,6.54261271777423e-06,6.14100651666623e-06,2.00196138936159e-06,8.12071134999951e-06,4.9399599097557e-03,6.07357675134824e-05,,,World_7,,1.374659e+09
2015,Uzbekistan,UZB,4.75659390973893e-08,4.63032323890235e-03,2.81126146047067e-12,5.00072647351261e-06,9.27235538431647e-07,1.44745979282197e-07,2.62571299318574e-06,3.8454893686122e-03,1.24264967556424e-04,,,World_6,,3.074935e+07
2021,Rwanda,RWA,3.99188964147539e-07,1.40842892703535e-03,7.86515805481159e-12,1.40251626877644e-06,6.45952807494032e-06,2.14942586613081e-06,9.87507173277555e-07,,,,SSA_4,World_7,,1.335526e+07
2014,South Africa,ZAF,6.59806810070587e-07,8.22303093791068e-03,5.93601482806255e-11,2.39137194893163e-05,1.00488827550445e-05,2.04511380235389e-06,3.69815481950825e-05,1.33069487591502e-03,2.18981920184798e-05,,SSA_3,World_8,,5.559484e+07
2019,Ethiopia/DR Ethiopia (1992/1993),ETH,7.12397437747408e-07,2.92722973243516e-03,7.21421489346197e-12,2.11502574080327e-06,1.01628962738959e-05,5.13036334814178e-06,1.54666692891632e-06,6.462165754901e-04,4.56666191358316e-06,,SSA_1,World_4,,1.157374e+08
2004,Sri Lanka,LKA,5.8446306085678e-07,2.8987104157814e-03,2.25609871437554e-11,8.30731608581865e-06,6.35636839373979e-06,3.10894862778106e-06,6.85447618272214e-06,4.20149856396939e-03,1.01037076304356e-04,,,World_3,,2.00876e+07
2005,Mozambique,MOZ,6.55690058979482e-07,2.34836380237574e-03,2.16343822203913e-11,2.08986896483495e-06,9.64427835383087e-06,4.70976400452189e-06,1.685487873655e-06,2.65223101001839e-04,5.58153147453509e-06,,SSA_2,World_7,,2.030457e+07
2012,Estonia,EST,1.14517990645782e-06,1.91333250668082e-02,6.41573434520644e-12,4.38277666779833e-05,1.46059429131252e-05,6.21858078893337e-06,6.25847739378746e-05,1.62770222042583e-03,2.0911564530645e-05,,,World_5,,1322696
2007,DR Congo,COD,5.26352515069643e-07,1.55686015669694e-03,1.18966494270596e-11,1.17063846782174e-06,6.78546458666062e-06,3.51148119742541e-06,6.54450563817128e-07,1.97392138068473e-04,1.1451729077142e-06,,SSA_1,World_4,,6.247775e+07
2013,Israel,ISR,8.01773376989262e-07,1.51992828021341e-02,1.26494700731061e-11,3.74881845358236e-05,1.03617756444943e-05,2.1799580753379e-06,2.20316279556811e-05,6.29808922291298e-03,6.11944608384633e-05,,,World_5,,8059500
2012,Sierra Leone,SLE,6.69471905902569e-07,2.27662523920763e-03,1.99862543447476e-11,2.05781170196667e-06,1.06643585922103e-05,4.25338104874848e-06,1.34220451734417e-06,4.47852929534744e-04,1.0457428327259e-05,,SSA_2,World_7,,6551080
2017,Yugoslavia/Serbia (1991/1992),SRB,1.9822130383844e-07,2.41948324884084e-03,1.03008633747458e-11,8.2322383630156e-06,1.50866002777968e-06,4.53111096718656e-07,3.77020880100526e-06,1.18942023086707e-03,9.07905892241071e-06,,,World_2,,7020858
2008,Bolivia,BOL,2.61788230071486e-07,4.60467666187449e-03,7.07019572372358e-11,4.04911779882276e-06,3.44913580817223e-06,1.46837299362741e-06,2.16611751227602e-06,3.59063332240286e-04,1.53819237416914e-06,LACC_2,,World_8,,9850858
2002,Mozambique,MOZ,6.19726416652599e-07,2.33864317444581e-03,2.2762909257327e-11,2.42792284745175e-06,9.21910832869274e-06,4.34358650119811e-06,2.42518032315292e-06,2.71611600321632e-04,5.06253902591868e-06,,SSA_2,World_7,,1.895834e+07
2011,Yemen Arab Republic/Yemen (1990/1991),YEM,8.87635508970762e-08,2.08678956180571e-03,8.35653071821588e-12,4.16231731001679e-06,1.02444458394717e-06,2.83073482620288e-07,4.23221972215535e-06,5.70062566998168e-03,1.19670511236755e-04,,,World_1,,2.75829e+07
2018,Namibia,NAM,7.737053458329e-07,7.16731944914169e-03,2.65151672796128e-10,1.76895293465651e-05,9.11188219263986e-06,2.12218818876498e-06,1.74089195622694e-05,1.41574048321948e-03,2.0094279277841e-05,,SSA_3,World_8,,2577327
2017,Ethiopia/DR Ethiopia (1992/1993),ETH,7.62794800807377e-07,2.89522358761593e-03,7.31545243377539e-12,2.13798801967153e-06,1.10018722928933e-05,5.40989027544441e-06,1.52693377383765e-06,6.09835415247414e-04,4.47134821714429e-06,,SSA_1,World_4,,1.096665e+08
2006,Bahrain,BHR,7.34110276748999e-07,2.11402048043818e-02,2.04999817212949e-11,3.23375976973246e-05,1.0904148823972e-05,2.6373128386222e-06,1.71897229896182e-05,2.81790199845249e-02,6.58195624934505e-04,,,World_6,,960424
2007,Indonesia,IDN,5.65135729913591e-07,3.81976182968675e-03,2.44316154254514e-11,6.86388797870194e-06,7.73302685310032e-06,3.45447408795407e-06,7.79341518478735e-06,1.38304791415653e-03,8.59840226780757e-06,,,World_8,EAP_5,2.370623e+08
2021,Guinea,GIN,6.36781907023006e-07,3.41135077071529e-03,1.40372648216134e-11,2.62017316989883e-06,9.91739146318704e-06,4.54094708072932e-06,1.59190448011522e-06,,,,SSA_1,World_4,,1.371051e+07
2020,Romania,ROU,5.53442989213226e-07,7.61777941843335e-03,6.14307949664292e-12,1.25480159187568e-05,8.22519553077152e-06,3.39154238636362e-06,1.67637009840251e-05,1.42377317409693e-03,1.1163062229209e-05,,,World_2,,1.926525e+07
2012,Nepal,NPL,6.81580828707794e-07,3.27913660414534e-03,7.26432656216936e-12,2.65729787137688e-06,9.70332099478611e-06,4.8392367248037e-06,1.76221334619782e-06,9.28413177234432e-04,1.0015225697802e-05,,,World_7,,2.753492e+07
2014,Cuba,CUB,3.79672865916365e-07,4.46931498118486e-03,1.00333398226592e-10,9.46557968435309e-06,3.70223456521044e-06,1.75815770663932e-06,2.68408923042673e-05,1.27990110093525e-03,2.72860701250385e-05,LACC_2,,World_3,,1.128578e+07
2014,Gambia,GMB,3.14020896520222e-07,1.52478973475256e-03,2.30751996427576e-12,2.54270457115112e-06,4.42549889570542e-06,1.82924561080602e-06,1.59676054735582e-06,6.01132930826236e-04,1.15007979624902e-05,,SSA_2,World_7,,2164528
2012,Albania,ALB,3.49628219594215e-07,4.0383770438037e-03,1.8748320029871e-11,8.8256542369743e-06,4.01424891128358e-06,1.33715434792198e-06,4.71389675192658e-06,2.69532619790924e-03,1.46656244222379e-05,,,World_2,,2900401
2019,Burkina Faso,BFA,4.62759879209347e-07,2.24848975983875e-03,1.92343130110388e-12,2.14149995509619e-06,6.84457764365218e-06,3.24236069318644e-06,1.15418747870578e-06,2.85908124211644e-04,2.69911543960067e-06,,SSA_2,World_7,,2.096195e+07
2002,Ukraine,UKR,1.55754141190392e-07,5.7954282750235e-03,4.73639980888297e-12,1.0667615070764e-05,2.16361218952135e-06,4.30848576810485e-07,1.20889763616477e-05,1.03927088952368e-03,8.36601466556819e-06,,,World_2,,4.867728e+07
2017,Mongolia,MNG,4.12383358619897e-07,1.13157202146553e-02,4.27680779976471e-11,1.15384045014273e-05,6.46997928378617e-06,5.89217551342827e-07,9.80381424878741e-06,1.74834007091758e-03,1.66855700820049e-05,,,World_8,EAP_5,3148917
2009,Cuba,CUB,3.48486663887804e-07,4.21816365167015e-03,9.39520112969149e-11,8.34031182897539e-06,3.45160572038431e-06,1.38534779880882e-06,2.07399521081198e-05,1.76152584820977e-03,3.21432401625975e-05,LACC_2,,World_3,,1.129472e+07
2015,Romania,ROU,4.84933787667572e-07,6.97068750757059e-03,4.81279078474678e-12,1.00073872886179e-05,7.2700562535419e-06,2.91887631464192e-06,1.43538456906963e-05,9.88673193739554e-04,9.7958835461211e-06,,,World_2,,1.981562e+07
2015,Kazakhstan,KAZ,5.460747803961e-07,1.47019385014481e-02,2.07540947916015e-11,3.34040220608529e-05,8.16460405911419e-06,7.76361596144755e-07,6.56940559912997e-05,5.1593967549856e-03,8.02713042028652e-05,,,World_3,,1.808417e+07
2008,Guinea,GIN,8.30737077441145e-07,3.27004540802299e-03,1.85014033656518e-11,3.19033288365734e-06,1.33153311384271e-05,5.77692693847195e-06,2.0082041925873e-06,7.32108077047291e-04,5.06749712606989e-06,,SSA_1,World_4,,9898870
2015,United Arab Emirates,ARE,1.67176670844886e-06,2.12659216329131e-02,2.4428362418828e-11,6.54028979236537e-05,1.55049284216134e-05,3.60697762656501e-06,2.48251865251094e-05,3.09622832680168e-02,4.59063565770941e-04,,,World_6,,8505237
2018,Botswana,BWA,9.62136163465599e-07,8.46015276504368e-03,7.52978650429743e-11,2.8350124976813e-05,1.21189925529151e-05,4.58885900671981e-06,3.02931829614378e-05,1.15121948999071e-03,1.74062343431643e-05,,SSA_3,World_8,,2299141
2015,Greece,GRC,4.21019346961181e-07,1.06282164068305e-02,2.09113068048515e-11,1.60431765843504e-05,5.14635436915171e-06,1.777716673726e-06,2.13713115009003e-05,1.00805357115269e-02,4.52891897647186e-05,,,World_5,,1.082088e+07
2021,USSR/Russian Federation (1990/1991),RUS,3.01702421122155e-07,1.35933210289368e-02,3.54339601203174e-12,2.02553331958525e-05,4.46030382074222e-06,8.9853722084424e-07,1.36046630835299e-05,,,,,World_3,,1.447468e+08
2009,South Korea,KOR,7.21747800216615e-07,1.51295316039944e-02,1.00187038924444e-11,2.657693671266e-05,8.08085452834817e-06,1.56663223052049e-06,2.35971653021564e-05,2.90906757510127e-03,3.89979787449853e-05,,,World_5,EAP_1,4.930784e+07
2015,Central African Republic,CAF,2.95588463719726e-07,2.24488548573067e-03,5.99158698147555e-12,1.43376383844157e-06,4.25128438281728e-06,2.05837009286185e-06,7.63674233985369e-07,5.46368464285826e-04,1.00367294238177e-05,,SSA_1,World_4,,4629320
2021,Belarus,BLR,2.90674261470905e-07,8.45497774805982e-03,3.78610377913453e-12,1.05902254689251e-05,4.37999991352725e-06,1.60092568646196e-06,6.72666287981322e-06,,,,,World_3,,9302585
2013,Ireland,IRL,8.22544888935974e-07,1.80007195313034e-02,5.73681756092135e-12,3.38893070218183e-05,7.64994807023266e-06,1.29113110596575e-06,1.99718634514334e-05,2.11747991335092e-03,2.37332758746434e-05,,,World_5,,4623816
2012,New Zealand,NZL,1.45703509990081e-06,1.72183664500845e-02,6.34317746641093e-11,4.0506685803188e-05,1.12084517180649e-05,3.59940941702745e-06,2.18340485133549e-05,4.32339818352937e-03,3.8160747732735e-05,,,World_5,EAP_1,4408100
2002,Uzbekistan,UZB,3.85098821577486e-08,4.96802948849653e-03,3.29666826966687e-12,5.74451132723301e-06,5.73676478618302e-07,9.528806315526e-08,3.1371163798517e-06,6.44732499231003e-03,2.15143201834518e-04,,,World_6,,2.539998e+07
2004,"Cote d'Ivoire",CIV,4.53831882424038e-07,2.23669468540544e-03,1.66054864733908e-11,1.8970913032208e-06,8.01922657384343e-06,2.74689883094001e-06,1.29128985916063e-06,1.26530307291446e-03,1.38227896554558e-05,,SSA_2,World_7,,1.9595e+07
2010,Colombia,COL,3.90021844118053e-07,4.85356742546251e-03,1.02813908393937e-10,9.16705401881591e-06,4.25506824302345e-06,1.58264100279323e-06,4.77887383927298e-06,6.8311575408128e-04,5.92596456000683e-06,LACC_2,,World_9,,4.477732e+07
2006,Nepal,NPL,6.87552830062291e-07,3.01133405655329e-03,7.4158166272445e-12,1.962939313698e-06,9.77746779010638e-06,5.04399390730801e-06,1.22694212897898e-06,1.09768749921028e-03,1.12991784101336e-05,,,World_7,,2.656542e+07
2013,Spain,ESP,5.75252741319397e-07,9.51795892165659e-03,2.2007853879947e-11,1.87376788133042e-05,5.76586190075479e-06,1.86168109764434e-06,1.16607414540112e-05,1.41702470021083e-02,7.17082883617276e-05,,,World_5,,4.662004e+07
2018,Morocco,MAR,1.68035107355489e-07,3.26286706293482e-03,6.66012325667482e-12,5.18038558144332e-06,2.95415380747731e-06,8.45844535692979e-07,1.06378002526067e-05,7.77785041686571e-03,4.63981800187911e-05,,,World_3,,3.583976e+07
2009,Tajikistan,TJK,6.47069296407062e-08,2.14026367601128e-03,5.50940998494782e-12,2.7631934570956e-06,1.00675676074168e-06,9.97677950967288e-08,3.32977482065047e-06,7.51704927323441e-03,1.42130247121577e-04,,,World_6,,7490230
2006,Poland,POL,5.50842138173529e-07,1.14846079385475e-02,4.43380617272884e-12,1.80469557565507e-05,8.39702441461692e-06,1.90289860533586e-06,2.30396468034944e-05,1.00094404710703e-03,1.69291171475068e-05,,,World_5,,3.814127e+07
2006,Albania,ALB,3.82256052684753e-07,5.09337806116425e-03,1.47495364330622e-11,1.17310619609733e-05,4.54835850525178e-06,1.65421530183891e-06,1.54918856214473e-05,3.5067978656516e-03,2.40947602730492e-05,,,World_2,,2992547
2016,Azerbaijan,AZE,1.63888973475786e-07,6.83867458972354e-03,1.38393476813689e-11,1.03178620627894e-05,2.2084041952061e-06,5.44537486320175e-07,5.1327251986396e-06,7.84709580538212e-03,1.14717845260372e-04,,,World_6,,9757812
2016,Nigeria,NGA,1.16057389002077e-06,4.35396094435989e-03,4.55169214581196e-12,4.47487554428759e-06,1.76139140814504e-05,8.18664512070842e-06,1.38760035938289e-06,3.02432578732918e-04,2.93106632007801e-06,,SSA_2,World_7,,1.954437e+08
2009,Thailand,THA,5.19293064267134e-07,6.46069351486979e-03,7.46805197727351e-12,9.57820214616891e-06,6.41047554692389e-06,2.40436859420635e-06,7.5231469213053e-06,8.87328671992568e-04,2.82428290035744e-05,,,World_9,EAP_4,6.812108e+07
2011,Nigeria,NGA,1.13460223316533e-06,4.43550156888372e-03,5.64652196510584e-12,3.45389851318734e-06,1.70380872108152e-05,7.99317181048123e-06,1.9097442615694e-06,6.30521555810692e-04,7.64615339061242e-06,,SSA_2,World_7,,1.713796e+08
2012,Lithuania,LTU,8.3690814802235e-07,1.15692281417996e-02,6.84463335905753e-12,2.14504415086362e-05,1.1107379445912e-05,4.49383007486964e-06,1.62423069586727e-05,2.7104521465518e-03,3.32234197675299e-05,,,World_5,,2987773
2012,Netherlands,NLD,1.11794867251889e-06,1.92034939227592e-02,1.40634139814348e-11,3.84895195325421e-05,1.11131533537712e-05,2.88710094075979e-06,2.34085736934067e-05,4.83764149055379e-03,4.58675066307955e-05,,,World_5,,1.675496e+07
2005,Bolivia,BOL,2.80971434884394e-07,4.0454640939875e-03,6.54095886032285e-11,4.68231461689621e-06,3.20323100503418e-06,1.53898592895396e-06,1.59836999384253e-06,3.48633235958939e-04,1.19584739394163e-06,LACC_2,,World_8,,9360754
2015,Somalia,SOM,8.07717647362074e-07,3.51543770882576e-03,3.49445029799353e-11,1.66187382681335e-06,1.26365981274111e-05,5.17796113628466e-06,6.91152489936762e-07,6.02350333082078e-04,4.0027075421652e-06,,SSA_1,World_4,,1.380696e+07
2014,Pakistan,PAK,3.86768760375367e-07,2.7324967320517e-03,9.21571715427926e-13,4.31194621169085e-06,4.98048183531062e-06,2.42972398644393e-06,5.28877458276391e-06,6.02567209571785e-03,2.3835468430972e-04,,,World_1,,2.142646e+08
2011,Costa Rica,CRI,7.19607055443659e-07,5.32342336461774e-03,6.1921554483152e-11,1.4810193260812e-05,5.18243316645918e-06,2.19063540394212e-06,8.13352406968103e-06,4.19755859460223e-03,2.89781327233514e-05,LACC_1,,World_5,,4609833
2010,Viet Nam,VNM,5.2710255374361e-07,4.03347351732298e-03,4.88267085027814e-12,6.83121486455587e-06,6.99928397967666e-06,2.81379817857565e-06,6.06053505348643e-06,7.67990688518599e-04,9.63332810102934e-06,,,World_3,EAP_4,8.745515e+07
2021,Nepal,NPL,7.88774474642872e-07,4.14901622018537e-03,7.03054607107282e-12,4.40926678298301e-06,1.12699460303851e-05,5.39114896060558e-06,3.4043613157183e-06,,,,,World_7,,2.947501e+07
2008,Liberia,LBR,1.10946817450291e-06,3.00063389135497e-03,4.08801656425289e-11,2.71125737325069e-06,1.78395669483325e-05,7.93906850960905e-06,1.63849981554889e-06,1.06493558444926e-04,1.5192070749857e-06,,SSA_2,World_7,,3821003
2009,Jordan,JOR,2.45954715576825e-07,5.63849083910866e-03,5.01597248300542e-12,1.0327259943507e-05,2.49064555693402e-06,4.49168230340344e-07,1.77286698002465e-05,7.29174758102739e-03,9.53635360906254e-05,,,World_3,,7141753
2016,Gabon,GAB,1.85096685246793e-06,1.49965236099404e-02,5.66969002542177e-11,1.58742948027398e-05,2.93815449917343e-05,1.41762681711441e-05,8.87402163244922e-06,1.11551291194351e-03,1.43262456014335e-05,,SSA_3,World_8,,2100306
2003,Jamaica,JAM,5.0013690498071e-07,5.96755918950976e-03,2.91528851543393e-11,3.1690644071028e-05,4.20857391116353e-06,1.26768799885993e-06,4.07269198885126e-05,1.58885492778638e-03,1.30896275415839e-05,LACC_2,,World_2,,2656623
2013,United Arab Emirates,ARE,1.82989766850215e-06,2.39126753912054e-02,2.20332247878256e-11,7.28456186997948e-05,1.53634395239176e-05,3.79118180666906e-06,2.60413657776007e-05,2.64549152031631e-02,3.99377570423851e-04,,,World_6,,7693031
2005,Malaysia,MYS,4.79147138935137e-07,7.5500845285514e-03,3.17047543708211e-11,1.56224313232679e-05,4.92065103014351e-06,1.56362431928062e-06,1.21912634124896e-05,1.80981504534272e-03,2.78731247452268e-05,,,World_3,EAP_4,2.583607e+07
2002,Guinea,GIN,9.13288237442523e-07,3.4317959881358e-03,2.0220572969489e-11,3.43571582351117e-06,1.44594847627881e-05,6.4108205469758e-06,2.07204816108894e-06,7.00987986844264e-04,3.04858301331399e-06,,SSA_1,World_4,,8674066
2013,Yemen Arab Republic/Yemen (1990/1991),YEM,9.85623598778366e-08,2.34439594555175e-03,7.84480513681508e-12,4.76751883113997e-06,1.11411194236577e-06,2.69600259710431e-07,4.90394014359437e-06,4.53592852419282e-03,9.11698387331194e-05,,,World_1,,2.931295e+07
2017,United Kingdom,GBR,6.29735912510057e-07,1.22024544647189e-02,6.4218907896345e-12,2.6756080803952e-05,5.91105904936637e-06,1.66813845147979e-06,1.16100037570371e-05,2.92028414057955e-03,2.84852320862979e-05,,,World_5,,6.605886e+07
2005,Latvia,LVA,1.14421621868266e-06,1.14204593584032e-02,3.79429472073869e-12,2.53650390495576e-05,1.57143735793827e-05,6.99313658315025e-06,1.39539247779883e-05,0.00150469728058,1.60805913686458e-05,,,World_5,,2238799
2014,Slovakia,SVK,4.67783310440549e-07,1.00992898723438e-02,6.22785965592154e-12,1.82666895754199e-05,5.26109687197984e-06,1.44855805209652e-06,1.32931799179652e-05,1.28801934702794e-03,1.45810002820334e-05,,,World_5,,5418649
2013,Benin,BEN,5.57086201135358e-07,2.12531603543057e-03,2.13270692555418e-12,4.69118372614918e-06,7.76042653668513e-06,2.46997944739518e-06,1.445292894133e-06,2.93798370104762e-04,2.285541659396e-06,,SSA_2,World_7,,1.070883e+07
2008,Madagascar,MDG,4.91453440460609e-07,2.28707808426686e-03,3.14995604817909e-10,1.78782817926402e-06,7.5791854164748e-06,3.1115127356055e-06,1.36635748936333e-06,1.05905264923059e-03,1.68310027803082e-05,,SSA_2,World_7,,2.092384e+07
2003,Morocco,MAR,1.88827622762858e-07,2.56830785027071e-03,8.40668912745122e-12,4.59476336151431e-06,2.65746170393851e-06,8.44621549960546e-07,9.02793715081446e-06,0.01237341354112,8.75191042803997e-05,,,World_3,,2.957142e+07
2002,DR Congo,COD,5.28479260890794e-07,1.51478091002801e-03,1.40402808911551e-11,1.05749189357094e-06,6.65072742866931e-06,3.50692133719828e-06,4.97798966074165e-07,1.18015103674579e-04,5.94614253403154e-07,,SSA_1,World_4,,5.375052e+07
2015,Cuba,CUB,4.5293194314764e-07,5.26198613076645e-03,1.10634776181324e-10,1.07363577079802e-05,4.33139982534392e-06,2.12738132080769e-06,2.87684858843152e-05,1.42434142037794e-03,3.17159956615875e-05,LACC_2,,World_3,,1.127507e+07
2021,Togo,TGO,4.69894551792882e-07,1.89467820879777e-03,4.53770074274322e-12,2.87859065749222e-06,7.32101067079e-06,2.40193835756055e-06,9.34399772487736e-07,,,,SSA_2,World_7,,8878379
2015,Qatar,QAT,1.93004706984782e-06,5.1932452003622e-02,4.47071589689839e-11,7.15782997989134e-05,2.15818573347095e-05,4.73030527180994e-06,1.63837721296048e-04,4.13200555610562e-02,6.75336067408888e-04,,,World_6,,2344557
2019,Jamaica,JAM,4.4313571062905e-07,4.9695770048803e-03,5.00043673071165e-11,2.28949489162918e-05,4.48648391037194e-06,1.2901590304151e-06,2.63833199429125e-05,1.13542730529455e-03,1.10616757148991e-05,LACC_2,,World_2,,2823271
2006,Sudan/North Sudan (2010/2011),SDN,6.90921290995753e-07,4.51363930971224e-03,8.34720294530967e-12,5.71158327540116e-06,1.05121553687253e-05,3.47910990087919e-06,3.0367695431017e-06,7.08733084925874e-03,1.49321550185051e-04,,SSA_4,World_1,,3.199244e+07
2006,Somalia,SOM,7.93055828435975e-07,3.77590163209665e-03,4.34731957012316e-11,1.94986765194501e-06,1.19882707725867e-05,5.15475960645888e-06,7.55358122773099e-07,1.55068750306158e-03,1.18839412350656e-05,,SSA_1,World_4,,1.09755e+07
2015,Italy,ITA,5.47810516354626e-07,1.11420183933691e-02,1.38273099042959e-11,1.88430911002545e-05,6.27097347429753e-06,2.20794192992549e-06,1.10988381659747e-05,3.88629598825865e-03,3.41347437024847e-05,,,World_5,,6.073058e+07
2002,Belarus,BLR,3.14077080375285e-07,8.1154862149081e-03,4.82210596943518e-12,1.42590965553211e-05,4.57851129082307e-06,1.67026924462744e-06,1.21525656944726e-05,5.76360143191025e-04,6.81036511381705e-06,,,World_3,,9865548
2006,Uganda,UGA,8.85755216740253e-07,2.7704749838307e-03,7.86032824208544e-12,2.03729611461157e-06,1.47297436291539e-05,6.02383101555873e-06,1.28226216764473e-06,2.88419579318967e-03,3.49967532579193e-06,,SSA_2,World_7,,2.8794e+07
2012,Switzerland,CHE,1.27174803672867e-06,2.02251168480205e-02,1.28026155878489e-11,4.89390478659255e-05,1.15972871034126e-05,2.97173866953984e-06,3.14115089159436e-05,4.45330483346943e-03,3.1607914035973e-05,,,World_5,,7996861
2014,Dominican Republic,DOM,4.20233697950836e-07,4.16491852381443e-03,5.19725586079768e-11,1.28610058271221e-05,5.02077690165504e-06,1.68310958372256e-06,1.18100450044303e-05,2.13499993743503e-03,4.43263091073613e-05,LACC_2,,World_9,,1.031553e+07
2017,Cuba,CUB,4.63994171160155e-07,4.9214576986658e-03,1.09307853707947e-10,1.02695510851111e-05,4.03499328092507e-06,1.89919686940738e-06,2.5502933283481e-05,1.55396605037072e-03,3.24333961069178e-05,LACC_2,,World_3,,1.124783e+07
2014,Indonesia,IDN,6.30681244825643e-07,4.28521682202654e-03,2.56754445982254e-11,8.12306959170471e-06,8.48465871645505e-06,3.83974442123265e-06,8.49644469992084e-06,1.78546094006394e-03,1.12989266203128e-05,,,World_8,EAP_5,2.588774e+08
2016,Poland,POL,5.52623393946314e-07,1.13642005676337e-02,4.04866255959059e-12,1.39894865888459e-05,8.81007605693792e-06,2.27629039452603e-06,1.89134735543204e-05,1.12215205654216e-03,1.60036979837557e-05,,,World_5,,3.797009e+07
2007,Botswana,BWA,9.3456769062535e-07,7.62323218232865e-03,8.68955722697058e-11,2.15783090312819e-05,1.13896074399133e-05,4.34037140556174e-06,2.07112003455619e-05,1.08076834934316e-03,1.23016994927001e-05,,SSA_3,World_8,,1911201
2021,Luxembourg,LUX,1.85707965476919e-06,3.15396378955559e-02,1.85459847405673e-11,7.50199875543372e-05,1.59198070789663e-05,4.68311964298958e-06,2.74778846888517e-05,,,,,World_5,,640064
2016,Argentina,ARG,4.66886732503475e-07,9.32575591025431e-03,1.62720082854323e-11,1.49515895939363e-05,4.46118567491434e-06,1.75933755670001e-06,1.10226582819992e-05,1.00577018858635e-03,5.7562870464811e-06,LACC_1,,World_5,,4.390031e+07
2020,Iran,IRN,4.23211928613657e-07,1.16138433521785e-02,1.2922966370218e-11,2.09973827767917e-05,5.04117613922153e-06,1.80998920899581e-06,1.05261872269989e-05,2.40661444282095e-02,2.93750848539877e-04,,,World_6,,8.772344e+07
2015,Malaysia,MYS,5.28943095047562e-07,1.03971003082255e-02,3.61343178180008e-11,1.92376547104809e-05,6.37177778564738e-06,1.93101664534506e-06,1.4949653947687e-05,2.34550145786173e-03,3.05574138125181e-05,,,World_3,EAP_4,3.12328e+07
2016,Estonia,EST,1.16450264838898e-06,1.67635195076622e-02,9.13894885066014e-12,4.47699968733927e-05,1.52387258037845e-05,6.55681851791458e-06,6.34287525406549e-05,2.01756094919043e-03,2.24532038191137e-05,,,World_5,,1315790
2003,Georgia,GEO,4.19095669669889e-07,3.84140346179211e-03,1.48487003800517e-11,6.41677751371238e-06,6.03022386200584e-06,2.72029544161983e-06,3.09408897398262e-06,5.20289476199301e-03,6.14221645081574e-05,,,World_2,,3951736
2014,Bosnia and Herzegovina,BIH,5.17366320576073e-07,7.33533362681144e-03,7.21198153399016e-12,1.15345157775328e-05,7.07844464088712e-06,1.98307566301847e-06,3.11124314940279e-05,6.38309328464106e-04,9.25650316540375e-06,,,World_2,,3564829
2015,Liberia,LBR,1.18717440695272e-06,3.38914793705118e-03,3.51049983419791e-11,3.14178732807467e-06,1.94376110102464e-05,8.42368235116764e-06,2.01341858859803e-06,2.96939311889018e-04,3.2824498052289e-06,,SSA_2,World_7,,4659431
2018,Ukraine,UKR,2.06681805792887e-07,5.44307975963932e-03,4.64454760765761e-12,8.91238970566489e-06,3.00503097832051e-06,1.08174261642399e-06,1.12334763955818e-05,1.66046577317895e-03,1.51399417043993e-05,,,World_2,,4.520891e+07
2015,Equatorial Guinea,GNQ,4.7650740377353e-07,9.59000656437727e-03,2.72460962896153e-11,8.75335283187659e-06,6.81705763327173e-06,2.03243133554747e-06,6.10378477676604e-06,3.40820834033377e-03,3.06287661581106e-05,,SSA_4,World_1,,1453923
2018,Gambia,GMB,2.66359487817636e-07,1.49632952410477e-03,2.25545214480327e-12,2.78804713960539e-06,3.58985998611069e-06,1.68690474211134e-06,1.76032299551019e-06,8.11636161144467e-04,1.65672481205188e-05,,SSA_2,World_7,,2399632
2012,Luxembourg,LUX,1.89722358501914e-06,3.90188252268602e-02,2.61367568543797e-11,6.90601179139749e-05,1.757372317789e-05,4.46883824396289e-06,3.574736822824e-05,4.54446419905972e-03,4.7926867587297e-05,,,World_5,,530946
2018,Guatemala,GTM,9.32106177456469e-07,4.86231250370454e-03,1.96639485080281e-11,8.48413145071871e-06,1.36900326206626e-05,6.57269099696005e-06,5.55186351814705e-06,8.50173487638418e-04,6.75023258524177e-06,LACC_2,,World_9,,1.684568e+07
2012,Zimbabwe,ZWE,1.10292106287818e-06,4.60069970820404e-03,1.33253190805573e-11,6.60903758154034e-06,1.70765178417076e-05,7.56735992502761e-06,7.64256383815022e-06,1.3047356528863e-03,1.48678443763617e-05,,SSA_4,World_1,,1.381789e+07
2013,Chile,CHL,1.07185222023766e-06,1.04018322524177e-02,1.51294419174646e-11,2.40372692916357e-05,1.69747387242006e-05,4.80153457722159e-06,2.76649137899254e-05,2.75334116607325e-03,1.50317169871359e-05,LACC_1,,World_5,,1.768701e+07
2005,Iran,IRN,3.46331739463176e-07,8.37748752484812e-03,9.0104570340341e-12,1.67582384051925e-05,2.78569254668575e-06,6.52433172342414e-07,1.33288120176755e-05,2.29554334813517e-02,2.70943909999047e-04,,,World_6,,7.182846e+07
2004,Zimbabwe,ZWE,1.04764463296758e-06,4.3167335502564e-03,1.40576912390982e-11,4.58522265062407e-06,1.56936084179973e-05,7.40548199800689e-06,4.97016075679573e-06,1.14766750408828e-03,1.79215781803022e-05,,SSA_4,World_1,,1.23659e+07
2020,Sweden,SWE,8.77994048513808e-07,1.35574161261465e-02,6.07554054853415e-12,2.80461674763449e-05,7.90527493294003e-06,2.41581145512981e-06,1.85564119165254e-05,2.29527532820468e-03,2.11537591099814e-05,,,World_5,,1.035344e+07
2013,Philippines,PHL,2.75458325369594e-07,2.79886453488529e-03,2.50831500241005e-11,4.94056473080193e-06,3.49841158944706e-06,1.52001211063774e-06,4.09940866362169e-06,4.79375061570539e-04,8.87477243871329e-06,,,World_8,EAP_5,1.020763e+08
2012,Slovakia,SVK,4.31755719251266e-07,1.03009263774763e-02,6.04502986451824e-12,1.87136737105586e-05,4.89430393499015e-06,1.28697161104654e-06,1.45658011689062e-05,1.27558344765653e-03,2.00260303892174e-05,,,World_5,,5407579
2016,Ireland,IRL,1.10574092348537e-06,2.36784328800886e-02,9.19779189162848e-12,4.46325663256073e-05,1.0747470794896e-05,2.08430391066654e-06,2.44589453070881e-05,3.61533963994629e-03,3.61320099213187e-05,,,World_5,,4755335
2007,Libya,LBY,7.61886035389284e-07,1.19136129663611e-02,7.44082793000262e-12,2.40909412992106e-05,5.96855481952311e-06,1.2875331385587e-06,2.41677168279879e-05,2.33754742763912e-02,4.31571265460166e-04,,,World_6,,6104380
2015,Zimbabwe,ZWE,1.1234990267674e-06,4.58064721175379e-03,1.27738303097391e-11,6.956160572831e-06,1.76169233800805e-05,7.75228012837088e-06,8.3778909082726e-06,9.75048002083483e-04,1.35495040694107e-05,,SSA_4,World_1,,1.439901e+07
2015,Finland,FIN,1.45480463199683e-06,2.24083617334546e-02,6.30210667383749e-12,4.05219773619658e-05,1.36875666730394e-05,6.23597842174288e-06,3.19547133769702e-05,2.03406869823704e-03,1.91866268328532e-05,,,World_5,,5479531
2015,Slovakia,SVK,4.59097803341679e-07,1.02456045029937e-02,6.2425526252024e-12,1.85640987650869e-05,5.14757414060518e-06,1.46587572039953e-06,1.34614983335103e-05,1.17546792484879e-03,1.25621212687615e-05,,,World_5,,5423801
2020,Tanzania,TZA,5.70451230219734e-07,2.54397882831297e-03,1.16944361865506e-11,2.17286467928124e-06,8.48185117620905e-06,3.57008335683308e-06,1.05231784143301e-06,3.43809431768367e-04,3.30605148104675e-06,,SSA_2,World_7,,6.09728e+07
2019,Senegal,SEN,2.80434436415484e-07,2.34347976097203e-03,3.13706262481722e-12,4.89652381310066e-06,3.51796004549968e-06,1.19150536899044e-06,5.02832119290782e-06,4.8083256033082e-03,2.15250855333339e-05,,SSA_2,World_7,,1.635292e+07
2011,Bulgaria,BGR,4.83350424694203e-07,8.0493622151386e-03,7.80004025866897e-12,1.60239744065057e-05,6.43205786849626e-06,2.23579764993079e-06,5.4125883902518e-05,1.9254829793668e-03,1.76336508118081e-05,,,World_2,,7348328
2004,Malaysia,MYS,5.00251901625465e-07,7.68349497937171e-03,3.34226307996059e-11,1.66003784037491e-05,4.95848790713421e-06,1.56482252628982e-06,1.23304471385259e-05,2.70590462876874e-03,4.73892675495645e-05,,,World_3,EAP_4,2.525677e+07
2010,Iran,IRN,3.23799630634156e-07,9.52386157552149e-03,8.13414574682268e-12,1.76134348832708e-05,3.27938312228316e-06,5.73101236472278e-07,1.45864162917401e-05,2.61922882992061e-02,3.16246939523201e-04,,,World_6,,7.742084e+07
2007,Uruguay,URY,5.51255170625167e-07,7.20981581190543e-03,1.55140678653585e-11,1.00999840883387e-05,6.20999981392075e-06,2.86529641036264e-06,1.00562837605241e-05,9.5266129963287e-04,6.63847242069676e-06,LACC_1,,World_5,,3295153
2002,Armenia,ARM,6.78980411791409e-08,2.4108220915174e-03,1.11264946194786e-11,4.83699159632071e-06,8.60195071651378e-07,2.82929328554936e-07,2.52762248364129e-06,7.96733660585405e-03,6.00517692962532e-05,,,World_2,,3199800
2012,Viet Nam,VNM,5.14955393068841e-07,3.94270375808995e-03,4.41917151185848e-12,6.19237649526614e-06,6.94700196328982e-06,2.80639114709477e-06,5.47007027155826e-06,6.86143483059673e-04,8.61638117678924e-06,,,World_3,EAP_4,8.951035e+07
2009,Dominican Republic,DOM,5.29271753603425e-07,4.65742576584268e-03,6.5601484696254e-11,1.58774022534195e-05,5.66019146610322e-06,1.80554337508444e-06,1.37618995576903e-05,2.32470375558213e-03,5.52262142331644e-05,LACC_2,,World_9,,9695265
2008,Yugoslavia/Serbia (1991/1992),SRB,3.24817511735504e-07,4.01590323980261e-03,7.15628723044979e-12,9.84877505731996e-06,2.4662439780681e-06,7.08812306564411e-07,5.73279817726515e-06,7.44139673654872e-03,1.57254404983073e-04,,,World_2,,7350222
2012,Laos,LAO,7.52131034634325e-07,4.62890647567688e-03,2.52679102168173e-11,5.16536141558088e-06,1.05305152202768e-05,5.1773161104848e-06,3.3952996740795e-06,3.12422748139604e-04,4.9390933967024e-06,,,World_1,EAP_2,6518978
2020,Cambodia,KHM,6.23423104153855e-07,4.30929407433663e-03,1.46648382119119e-11,4.79371896129473e-06,7.90369264219597e-06,4.42264131379303e-06,3.63209648008943e-06,2.95294341584784e-04,3.45367225988883e-06,,,World_1,EAP_2,1.672547e+07
2014,Nicaragua,NIC,4.79032222288252e-07,3.85285081669246e-03,5.574360230765e-11,9.24807066076443e-06,6.61797607491646e-06,3.04305701882282e-06,8.16401434271889e-06,5.35897943219056e-04,4.19603546774165e-06,LACC_2,,World_9,,6066492
2014,Ukraine,UKR,1.74728094545514e-07,5.78207778720823e-03,4.72644908681643e-12,9.24160587101364e-06,2.68492218493141e-06,8.69836132044597e-07,1.34938933301362e-05,1.24118008578267e-03,1.10946555115866e-05,,,World_2,,4.597238e+07
2015,South Korea,KOR,7.56382612496794e-07,1.70701067299945e-02,1.32325696474313e-11,2.75525845391333e-05,9.38279090430425e-06,2.32313466972088e-06,2.19584945095079e-05,2.81368341717481e-03,3.60034447808137e-05,,,World_5,EAP_1,5.101495e+07
2007,Mongolia,MNG,4.61254687334477e-07,9.25439237505356e-03,3.49343528099154e-11,1.40180094008981e-05,8.48773564508434e-06,6.81974348603013e-07,1.71294837839496e-05,1.29440725542024e-03,7.39499756004774e-06,,,World_8,EAP_5,2601850
2018,Paraguay,PRY,8.71383479753519e-07,6.04671640192932e-03,2.89083518279877e-11,1.53602050611289e-05,1.00322156545307e-05,4.59417778955701e-06,3.23747418686431e-06,1.55423200709715e-03,6.28495945870404e-06,LACC_2,,World_9,,6427382
2020,Yemen Arab Republic/Yemen (1990/1991),YEM,3.97271697442578e-08,1.21404400738155e-03,5.80372857174619e-12,1.70415115782954e-06,5.90636908720105e-07,1.54181072209182e-07,1.71799995747834e-06,3.37275521233394e-03,7.12912489329236e-05,,,World_1,,3.613486e+07
2019,Kenya,KEN,6.59426811420156e-07,3.26712348262387e-03,8.67611538726548e-12,3.76696491717178e-06,9.88009861635309e-06,3.27268168896138e-06,2.15749994666722e-06,9.35315245616787e-04,1.5808971469761e-05,,SSA_2,World_7,,5.120283e+07
2017,Equatorial Guinea,GNQ,3.81446029440257e-07,7.52382495806057e-03,2.47374398039886e-11,7.17009674395166e-06,5.24882697083332e-06,1.82614788012264e-06,4.47095616648342e-06,2.77283600075297e-03,2.62113110937464e-05,,SSA_4,World_1,,1562396
2019,Viet Nam,VNM,5.28440052242386e-07,5.49408210268591e-03,8.8821642357895e-12,9.54045402795047e-06,7.1626508303193e-06,1.88768840374715e-06,1.21579053352084e-05,1.14549066090492e-03,1.06720319963536e-05,,,World_3,EAP_4,9.717378e+07
2008,Gambia,GMB,3.43033336788226e-07,1.57367127154782e-03,2.81713245711582e-12,2.39028606517092e-06,4.79127116888962e-06,1.995850271144e-06,1.7079981162628e-06,9.49363399394852e-04,1.9079977239433e-05,,SSA_2,World_7,,1817852
2003,Slovakia,SVK,3.3386913944177e-07,9.48904563818042e-03,6.52718907458165e-12,2.09891248057662e-05,3.87878526762863e-06,8.77095962600638e-07,1.67711763470803e-05,1.63756249813415e-03,3.04039498176501e-05,,,World_5,,5373374
2017,Portugal,PRT,4.78904446690997e-07,9.89420438408211e-03,2.00341064936814e-11,1.46041554667502e-05,5.68695302937907e-06,2.46715542814604e-06,9.07116229010963e-06,7.3917744432012e-03,3.36897784961363e-05,,,World_5,,1.03003e+07
2016,Thailand,THA,4.91234523452905e-07,7.18273287045345e-03,8.13015289769259e-12,1.03113018950159e-05,6.42258268674902e-06,2.33844649432895e-06,8.10847652679577e-06,1.04735743277122e-03,2.33097372677862e-05,,,World_9,EAP_4,7.085984e+07
2005,Saudi Arabia,SAU,1.2572501489856e-06,2.28315264753963e-02,2.78462092498369e-11,6.15383593527266e-05,9.10250886417432e-06,2.54006438428522e-06,7.10159487967217e-05,2.53965623577489e-02,6.50871765582141e-04,,,World_6,,2.055989e+07
2017,Nepal,NPL,8.17572327418304e-07,4.08663492215608e-03,7.62848030620353e-12,4.13807253338936e-06,1.16682841191345e-05,5.662277464391e-06,3.01764414713857e-06,1.98271913789732e-03,2.22383658858169e-05,,,World_7,,2.801126e+07
2012,Libya,LBY,7.54467963881551e-07,1.29695524288711e-02,7.72136447302762e-12,2.4273889931734e-05,6.1027166192024e-06,1.10046263860792e-06,2.27988852304749e-05,1.7334093717786e-02,3.29483158172248e-04,,,World_6,,6179328
2003,Botswana,BWA,9.63240876770697e-07,8.37946851009857e-03,9.3772766233604e-11,2.28609605621329e-05,1.29941885277082e-05,5.27739435030361e-06,2.38011369811201e-05,1.26466528988569e-03,1.3231501901948e-05,,SSA_3,World_8,,1775736
2006,Venezuela,VEN,3.83574652102452e-07,8.11241476399625e-03,5.267506949837e-11,1.97991235710882e-05,3.00908907505797e-06,1.08734452423851e-06,7.28823519754035e-06,1.22374187242054e-03,7.30773826093517e-06,LACC_2,,World_9,,2.722469e+07
2011,Gambia,GMB,3.29102086577183e-07,1.47027261225536e-03,2.47125214283572e-12,2.70666326507868e-06,4.60370029857486e-06,1.89829426807061e-06,1.69853640737818e-06,6.87764541901679e-04,1.24580606262624e-05,,SSA_2,World_7,,1983784
2018,Portugal,PRT,4.93710766248207e-07,9.84331943017654e-03,1.89956081470193e-11,1.51829087771941e-05,5.81325941009451e-06,2.47258660942438e-06,9.12380903634676e-06,7.67083225864915e-03,3.56684237529277e-05,,,World_5,,1.028382e+07
2003,Iceland,ISL,1.33323834544375e-06,2.07105496957606e-02,1.50461784495561e-11,5.4516728926662e-05,1.14724484159059e-05,2.0747249025489e-06,3.61030174724182e-05,3.31363832188365e-03,3.38672402034081e-05,,,World_5,,289521
2007,Mali,MLI,2.85259827945962e-07,1.55663441412459e-03,3.79963677905465e-12,1.42686189860896e-06,4.61082121725431e-06,1.83863807517205e-06,8.66912570459009e-07,1.32197968674545e-03,7.47445215603003e-06,,SSA_2,World_7,,1.445778e+07
2010,Philippines,PHL,2.66395997044543e-07,2.58676386846438e-03,2.64872235203656e-11,4.73752186663743e-06,3.24324127930321e-06,1.54695508482589e-06,4.09787880221709e-06,5.2209917491696e-04,1.18534826978889e-05,,,World_8,EAP_5,9.633713e+07
2021,Singapore,SGP,2.29407474668582e-06,2.95211352373456e-02,2.58188354641249e-11,6.35945435494047e-05,2.77833650894699e-05,4.67732904282904e-06,4.82026445050019e-05,,,,,World_5,EAP_1,5453566
2018,Armenia,ARM,2.54179914922641e-07,5.12548851273338e-03,1.3552669041958e-11,8.57621207766868e-06,3.3856451769035e-06,1.49345287553672e-06,3.09025653915604e-06,8.28988209386558e-03,9.25646334856207e-05,,,World_2,,2969000
2005,Myanmar,MMR,5.15819977191762e-07,3.10450303708815e-03,1.71685671961969e-11,2.19655434014303e-06,7.39279206202088e-06,3.97890535318598e-06,8.11692409075882e-07,1.33086703782648e-04,2.65415041251996e-06,,,World_1,EAP_2,4.743836e+07
2014,Uruguay,URY,1.21420070340864e-06,9.47450862581936e-03,1.64393644916756e-11,1.25751881110562e-05,1.07409371821514e-05,5.38116421597404e-06,1.42928020765531e-05,1.20674483474711e-03,9.35347158784102e-06,LACC_1,,World_5,,3356334
2015,Argentina,ARG,5.16651269245522e-07,9.57077527867219e-03,1.68144235526247e-11,1.67702978293408e-05,4.72396467154767e-06,1.93067734567487e-06,1.20333839050267e-05,1.144489081609e-03,6.77472984793138e-06,LACC_1,,World_5,,4.347701e+07
2009,Sudan/North Sudan (2010/2011),SDN,7.06294059146243e-07,4.72500377311477e-03,8.01243083121846e-12,6.81311726658044e-06,1.01853440895411e-05,3.38381249508874e-06,3.61202019900364e-06,1.2472074332255e-02,3.48160033418935e-04,,SSA_4,World_1,,3.456911e+07
2018,Haiti,HTI,8.39045720526915e-07,2.99073348942127e-03,5.26092680748978e-11,5.3182953044304e-06,1.1471301776606e-05,3.59756604843805e-06,2.83114486853842e-06,1.12311659816346e-03,2.61550329608187e-05,LACC_3,,World_1,,1.096236e+07
2018,Malaysia,MYS,4.91963246795731e-07,1.06246298958532e-02,3.70782339601819e-11,1.99864313955959e-05,6.34701902963541e-06,1.93375972974053e-06,1.62772058263638e-05,2.57418763643214e-03,3.20282532820524e-05,,,World_3,EAP_4,3.291097e+07
2011,Belgium,BEL,1.3316526723303e-06,2.05465830569903e-02,1.42557470357242e-11,4.2488582925018e-05,1.17836407836367e-05,3.36483912767326e-06,2.40682197810597e-05,5.2643321060987e-03,6.47971876370101e-05,,,World_5,,1.103826e+07
2010,Nicaragua,NIC,4.73241767659011e-07,3.63251601730779e-03,6.10278020147224e-11,9.47183280647239e-06,6.39733119906153e-06,2.88942620648614e-06,9.16748737085698e-06,8.19683548013292e-04,6.26364312782539e-06,LACC_2,,World_9,,5737450
2019,Japan,JPN,5.89140293399272e-07,1.29742047775542e-02,1.20304828729637e-11,2.22813537135609e-05,6.44214793887073e-06,1.79381922872019e-06,1.4927099074498e-05,2.22699623956014e-03,2.24171960878146e-05,,,World_5,EAP_1,1.26633e+08
2010,Uruguay,URY,9.65801735466251e-07,9.04144458167071e-03,1.54250816779211e-11,1.29680574483117e-05,9.13151289890739e-06,4.50043966208116e-06,1.32159230358183e-05,1.09099885998474e-03,8.68646428271993e-06,LACC_1,,World_5,,3318580
2009,Hungary,HUN,5.70759627540178e-07,8.94035068602212e-03,3.7134799216979e-12,1.52170326245145e-05,7.49582520677601e-06,2.8441954022474e-06,1.23169134500984e-05,1.01470862115044e-03,1.32367492567519e-05,,,World_5,,1.002265e+07
2009,Namibia,NAM,9.24650926647449e-07,8.9509285066517e-03,3.3238423681677e-10,2.12325362300802e-05,1.10744480206458e-05,2.54740615490694e-06,2.22738252210919e-05,1.7755307863159e-03,2.16242337904655e-05,,SSA_3,World_8,,2077394
2020,Paraguay,PRY,8.10802334373628e-07,5.98352151402007e-03,3.04117529378881e-11,1.35794531577853e-05,9.62560204651191e-06,4.51298344543723e-06,3.05702118184068e-06,3.23993836756036e-03,4.64094312683861e-06,LACC_2,,World_9,,6603739
2010,New Zealand,NZL,1.44833337832698e-06,1.68770655410523e-02,6.7382617726484e-11,4.14271192952651e-05,1.09046842664274e-05,3.4025167458016e-06,2.1006472881091e-05,3.24844478319726e-03,3.2762964868263e-05,,,World_5,EAP_1,4350700
2002,Algeria,DZA,3.40845192649494e-07,4.24482561164629e-03,6.63835251073471e-12,7.23875088282857e-06,1.71339007275716e-06,3.00699963989837e-07,3.04386138721675e-06,3.54337573538164e-03,3.62282041030756e-05,,,World_3,,3.175084e+07
2003,Malaysia,MYS,5.16516981058293e-07,7.39952795646372e-03,3.60269267893929e-11,1.66140664932154e-05,5.39950091103487e-06,1.44905804051542e-06,1.13276957522442e-05,3.43933938229527e-03,5.93529750500839e-05,,,World_3,EAP_4,2.46796e+07
2007,Uzbekistan,UZB,3.31375396433216e-08,4.45189062804476e-03,2.58176192020599e-12,4.8345106451211e-06,6.17629046156139e-07,7.6353425361947e-08,2.30483719767643e-06,6.23856449892429e-03,1.99380817094444e-04,,,World_6,,2.707601e+07
2010,Armenia,ARM,1.03618825234684e-07,4.29665885876113e-03,1.58445993613309e-11,6.93339764463935e-06,1.35588571500303e-06,3.71943362354125e-07,3.36773487453429e-06,1.09580782714464e-02,9.32986086871088e-05,,,World_2,,3044800
2008,Tajikistan,TJK,6.33998882698248e-08,2.320662224021e-03,5.47964981816249e-12,3.08829251312198e-06,9.95155880164492e-07,1.02427066209693e-07,3.53854766860221e-06,7.00244434011226e-03,1.26080772373953e-04,,,World_6,,7338403
2019,Sweden,SWE,8.81283855578875e-07,1.42529776993557e-02,7.17331077261705e-12,2.79060288132183e-05,8.09060421684343e-06,2.56991758064512e-06,1.84191294968816e-05,3.63312746498812e-03,3.56024091180701e-05,,,World_5,,1.027889e+07
2011,Gabon,GAB,1.82461258073909e-06,0.01409754595361,4.89623550380035e-11,1.47678205421135e-05,2.7950718759255e-05,1.3351953133548e-05,9.39150722603142e-06,1.869847050038e-03,2.30941248576351e-05,,SSA_3,World_8,,1781985
2021,Bahrain,BHR,3.70894979023101e-07,1.28746805855919e-02,7.37560797082982e-12,2.31167308222636e-05,5.50067681942703e-06,1.30315145720272e-06,1.13785809810477e-05,,,,,World_6,,1504365
2003,Israel,ISR,9.08379086552916e-07,1.65664214493206e-02,1.53937559959349e-11,5.07579450536384e-05,1.13383592613117e-05,2.32111429144391e-06,4.412085073862e-05,8.43738931707077e-03,1.00393264422383e-04,,,World_5,,6689700
2010,Yemen Arab Republic/Yemen (1990/1991),YEM,1.03515867603244e-07,2.33955234349968e-03,9.09536566668765e-12,4.93008866390186e-06,1.12238134736905e-06,3.2241812526935e-07,5.11412962521707e-06,6.55799049388923e-03,1.38173109186916e-04,,,World_1,,2.675439e+07
2020,Burkina Faso,BFA,4.58332316679899e-07,2.42411588353958e-03,1.93441561709027e-12,2.21755836409246e-06,6.80799558923477e-06,3.17625416490211e-06,1.20376903934614e-06,3.07708289252182e-04,2.56672723743775e-06,,SSA_2,World_7,,2.147869e+07
2009,New Zealand,NZL,1.31593041409042e-06,1.61825033863562e-02,6.70749634000825e-11,3.93563278311851e-05,9.90451412461684e-06,3.19392086438781e-06,1.96929385422456e-05,3.23482130478346e-03,2.99564844463854e-05,,,World_5,EAP_1,4302600
2003,Mexico,MEX,3.7375402263856e-07,7.67365609262985e-03,4.96100394097596e-11,1.67377261580476e-05,4.4349893455228e-06,1.79418826788869e-06,1.81843473806734e-05,5.03166398912486e-03,3.67591488038487e-05,LACC_2,,World_9,,1.029785e+08
2013,Somalia,SOM,8.46600758730998e-07,3.608132127478e-03,3.72082417503643e-11,1.76045745085312e-06,1.31120657683033e-05,5.43749747065494e-06,7.18884310881983e-07,6.91761246563305e-04,4.69560395461311e-06,,SSA_1,World_4,,1.286959e+07
2007,Egypt,EGY,1.25603112479165e-07,3.07404221680625e-03,1.66542953531811e-12,3.36161343197201e-06,1.59985093488636e-06,5.68006651150365e-07,4.76705619691322e-06,5.62110074366696e-02,6.27356889297169e-04,,,World_6,,8.427622e+07
2018,Honduras,HND,5.83922001180046e-07,3.30755735164459e-03,4.11476564796638e-11,5.98752054024984e-06,7.77099509756317e-06,3.58098095808933e-06,3.06370398756603e-06,8.72949819653603e-04,7.32698793477073e-06,LACC_2,,World_9,,9765210
2005,Central African Republic,CAF,2.99517188729636e-07,1.97963309809162e-03,8.0140833863806e-12,1.18692805031233e-06,4.92031916400864e-06,2.14010887932145e-06,7.03249272288131e-07,3.38837918366339e-04,2.25150235368721e-06,,SSA_1,World_4,,4288810
2020,Belarus,BLR,2.86283411661457e-07,8.5777102551413e-03,3.88072864202978e-12,1.09098369058725e-05,4.32018341320733e-06,1.58132207141039e-06,6.78521743449744e-06,1.05754229248908e-03,9.17499269180804e-06,,,World_3,,9379952
2017,South Africa,ZAF,5.96813387707962e-07,7.80090545367899e-03,5.78681025506814e-11,2.18587983200968e-05,9.55342205664381e-06,1.85992312068579e-06,3.24440090323865e-05,1.46171441362165e-03,2.51811231936929e-05,,SSA_3,World_8,,5.763516e+07
2003,Moldova,MDA,1.82610886244837e-07,5.09306686753284e-03,2.63573461378323e-12,1.0538087183909e-05,2.18912221230895e-06,6.43224924835254e-07,7.14549956029809e-06,5.78448418337871e-04,7.35548281250046e-06,,,World_2,,2903198
2018,Norway,NOR,1.27325291385925e-06,1.75002351477244e-02,7.95674595701826e-12,4.94709253934341e-05,1.18078378777588e-05,3.43000136074558e-06,2.59790928456888e-05,3.34389860013176e-03,3.23061211140137e-05,,,World_5,,5311916
2011,Iceland,ISL,8.24981746556483e-07,1.51659767476009e-02,8.87254546886409e-12,2.85711106642655e-05,8.25314317807908e-06,1.35028230466528e-06,2.56309179568559e-05,2.94329145291393e-03,2.94243010996097e-05,,,World_5,,319014
2012,Norway,NOR,1.55881905944481e-06,1.93296891262821e-02,9.50129650364791e-12,5.84216393383201e-05,1.44532136084825e-05,4.15564879032101e-06,3.33366615328383e-05,2.91336591069601e-03,2.94179461950417e-05,,,World_5,,5018573
2009,Ukraine,UKR,1.92862810612318e-07,5.97819261227034e-03,4.6969044032583e-12,1.14524251458051e-05,2.62674457965969e-06,7.47445345299212e-07,1.43934609207164e-05,1.28336103551975e-03,1.15928351367315e-05,,,World_2,,4.662373e+07
2002,Tunisia,TUN,4.54738304696029e-07,4.17599018323391e-03,1.12502353900895e-11,7.688541856679e-06,4.66287175699758e-06,1.66822153237223e-06,6.93029606344319e-06,8.79798331249526e-03,9.90756953104964e-05,,,World_3,,9971515
2006,Mongolia,MNG,4.05681039022799e-07,6.92926808897466e-03,2.68079258754193e-12,1.24222463433324e-05,7.91898475278708e-06,6.32489195411259e-07,1.76360370792232e-05,1.17301282633532e-03,7.31814210414835e-06,,,World_8,EAP_5,2567168
2003,Germany,DEU,9.00300926455351e-07,1.87611950948116e-02,1.27405155879536e-11,3.76932130511554e-05,7.73560539580676e-06,1.9261550194287e-06,2.15980468764443e-05,4.25574620639878e-03,4.59906333144942e-05,,,World_5,,8.253418e+07
2014,Switzerland,CHE,1.13633677747263e-06,1.87649458129782e-02,1.46864510481404e-11,4.16709122687023e-05,1.13614053588175e-05,3.24391100980261e-06,2.95700458645358e-05,4.8062619089787e-03,3.72265042028272e-05,,,World_5,,8188649
2006,Switzerland,CHE,1.32587010853992e-06,1.97296144684924e-02,1.38562086273845e-11,5.89976699276553e-05,1.10510199837931e-05,2.81465365801975e-06,4.01771902426439e-05,5.97626914017148e-03,4.35218476346156e-05,,,World_5,,7483934
2007,Nepal,NPL,6.93937210431953e-07,3.03687741153272e-03,7.43405913585651e-12,2.02484303217446e-06,9.87705262747646e-06,5.06906113803995e-06,1.30393280953896e-06,1.09492031272388e-03,1.15318915546957e-05,,,World_7,,2.678849e+07
2015,Papua New Guinea,PNG,3.30729392481139e-07,2.02974874859708e-03,1.92264320396419e-10,3.55661239925792e-06,4.76197720776842e-06,2.03950117680452e-06,2.7712795155601e-06,6.4223048815205e-04,3.16023038887341e-06,,,World_7,EAP_6,8743246
2018,Afghanistan,AFG,6.2328272588359e-08,1.10942457496827e-03,4.71322905157932e-12,1.46964478202906e-06,8.63495616299245e-07,3.18826292184463e-07,1.73090316184682e-06,4.71471979351088e-03,1.1486225617173e-04,,,World_1,,3.674304e+07
2004,Cambodia,KHM,4.30270353074405e-07,3.21575304758626e-03,1.8164373868799e-11,3.24312220035496e-06,5.40974179757479e-06,3.04512967667287e-06,2.0045352336094e-06,3.6057922026692e-04,3.5122100065521e-06,,,World_1,EAP_2,1.324473e+07
2011,Burkina Faso,BFA,5.51221489462085e-07,1.98356688583222e-03,2.70744892258059e-12,2.01035199708865e-06,8.92061363519376e-06,3.71103690067643e-06,1.0756513567643e-06,6.18281597058836e-04,9.52032011787449e-06,,SSA_2,World_7,,1.666191e+07
2012,CSSR/Czech Republic (1990/1991),CZE,8.75209832227486e-07,1.40814479001347e-02,6.20407949910293e-12,2.28952920727967e-05,1.03245813808743e-05,3.36568372471188e-06,2.02093731111024e-05,1.13131696254541e-03,1.19864925503011e-05,,,World_5,,1.051079e+07
2021,Peru,PER,3.92064761830736e-07,4.14289438021917e-03,7.42371771558271e-11,8.72428639818259e-06,4.569166363096e-06,1.67349408179649e-06,4.60842174865558e-06,,,LACC_2,,World_2,,3.315588e+07
2012,Spain,ESP,6.23667201072154e-07,1.01891097975741e-02,2.24977237543617e-11,2.19875634280818e-05,6.07789346639322e-06,1.92754619798957e-06,1.2839745877821e-05,1.32951191056156e-02,7.36558775671712e-05,,,World_5,,4.677306e+07
2007,Venezuela,VEN,4.42649360504965e-07,8.82500838665779e-03,5.52035341363686e-11,2.17332602636335e-05,3.45091623501028e-06,1.1724621393415e-06,7.80230275154843e-06,1.39750537956647e-03,8.97280412084025e-06,LACC_2,,World_9,,2.764936e+07
2008,Ireland,IRL,1.2486850362832e-06,2.57884357582518e-02,8.88327434103512e-12,5.22819869912907e-05,1.10290775675034e-05,1.76586704574768e-06,2.89232302937599e-05,2.69356284580817e-03,2.89592654792275e-05,,,World_5,,4489544
2021,Tajikistan,TJK,1.02355052938184e-07,2.48706477524737e-03,4.57336748620651e-12,3.67856364091362e-06,1.57314619099371e-06,1.36554794143709e-07,4.30479495054e-06,,,,,World_6,,9966908
2008,Egypt,EGY,1.26763633235678e-07,3.09660026249596e-03,1.79124669440902e-12,3.64119102915724e-06,1.65888790802391e-06,5.57869689495663e-07,5.84062331963566e-06,4.54714296438278e-02,5.0901110953874e-04,,,World_6,,8.586479e+07
2005,South Africa,ZAF,6.91097943538202e-07,9.36328696988719e-03,6.99632231599386e-11,2.58950169229438e-05,1.00215298102828e-05,2.3215651368204e-06,3.60866056608591e-05,2.02748264747172e-03,2.92851213791068e-05,,SSA_3,World_8,,4.949003e+07
2021,Libya,LBY,3.57176110148986e-07,1.15344784541995e-02,4.00920754167138e-12,2.23793248644542e-05,3.31777477787848e-06,6.20789179635074e-07,1.21668858555145e-05,,,,,World_6,,7135175
2019,Slovakia,SVK,4.72805224049355e-07,1.06391756672806e-02,6.17080475561636e-12,1.78305372121172e-05,5.79811930459263e-06,1.54438431003827e-06,1.17664462104079e-05,1.3918379355928e-03,1.34315319577671e-05,,,World_5,,5454147
2005,Thailand,THA,5.31635785532113e-07,6.48024917426528e-03,8.48917954176675e-12,1.0296014713811e-05,6.45370587106779e-06,2.45827071456364e-06,1.02309153994435e-05,1.01866242538729e-03,3.14644887481906e-05,,,World_9,EAP_4,6.601742e+07
2011,Myanmar,MMR,5.69353501361484e-07,3.68059832900098e-03,1.70177102956928e-11,2.45782604874623e-06,8.34787851433504e-06,4.5375885824346e-06,1.30310453549382e-06,2.51179213451083e-04,5.0785460434848e-06,,,World_1,EAP_2,4.941982e+07
2010,India,IND,4.79397937225589e-07,2.76951081468668e-03,5.17118509018691e-12,5.45094998919627e-06,6.21311853181133e-06,2.32755096962277e-06,6.30270903333058e-06,5.60132534048897e-03,6.91627979576812e-05,,,World_7,,1.243482e+09
2017,Benin,BEN,4.90462139264705e-07,2.07388213518831e-03,2.00562292317516e-12,5.75411778506297e-06,7.15712569551733e-06,2.34746847780736e-06,1.24066176046859e-06,3.34248106814234e-04,4.0306945610973e-06,,SSA_2,World_7,,1.203978e+07
2010,Iceland,ISL,7.60502883488887e-07,1.4918677246912e-02,1.30080920279495e-11,2.6441226984768e-05,7.78353189394522e-06,1.30084863580122e-06,2.3456516439903e-05,2.86359150728615e-03,3.13451025190258e-05,,,World_5,,318041
2007,Sri Lanka,LKA,5.82200692460614e-07,3.02949439731533e-03,2.30978086231792e-11,8.2718980420023e-06,6.39914196006196e-06,3.09854342934873e-06,6.65123755850665e-06,4.09769646721918e-03,1.20040667914354e-04,,,World_3,,2.049254e+07
2002,Iraq,IRQ,3.99773743642227e-07,3.32183269035509e-03,8.22212895912877e-12,1.30931699722035e-05,1.85978217881385e-06,3.16000192187397e-07,1.45011337045852e-05,7.17464953784418e-03,9.15178106513357e-05,,,World_6,,2.600656e+07
2005,USSR/Russian Federation (1990/1991),RUS,2.79443713416324e-07,1.17455440160514e-02,2.88105078128946e-12,2.38892469473541e-05,3.48851805599529e-06,5.13710640345901e-07,1.67878127461382e-05,1.30403002611844e-03,1.66923390649085e-05,,,World_3,,1.435188e+08
2010,Myanmar,MMR,5.61734939346444e-07,3.56665799120018e-03,1.71219266927714e-11,2.31818476526587e-06,8.23740600640608e-06,4.50593540037225e-06,1.19533692339918e-06,2.41531492494094e-04,4.55649468787031e-06,,,World_1,EAP_2,4.902438e+07
2008,India,IND,4.30562753628633e-07,2.56630192506285e-03,5.10688127102001e-12,4.78123973919653e-06,5.65792771441096e-06,2.24496199145836e-06,5.30640787381642e-06,5.19382792602055e-03,6.43197714324034e-05,,,World_7,,1.207931e+09
2021,Netherlands,NLD,9.66495425611776e-07,0.01721347015819,1.05141272024411e-11,3.69488270373975e-05,9.6153586786197e-06,2.55165030787207e-06,2.18509288876603e-05,,,,,World_5,,1.753304e+07
2006,Rwanda,RWA,3.95500722049218e-07,1.30494736071619e-03,1.06355666140861e-11,1.10241548119816e-06,6.40401690919477e-06,2.57226744938938e-06,7.53899275048579e-07,2.33746041261531e-03,3.81777414258955e-06,,SSA_4,World_7,,9299246
2009,Nicaragua,NIC,4.79034523761496e-07,3.67938265294657e-03,6.46432748146762e-11,9.59226082962521e-06,6.52758096730892e-06,2.98722829573643e-06,9.43098593949448e-06,9.02572513788259e-04,6.58476845026541e-06,LACC_2,,World_9,,5656601
2008,Croatia,HRV,9.35811521389016e-07,1.13469289973686e-02,9.98037544747937e-12,2.20214603683725e-05,1.28670151342344e-05,4.73731555912702e-06,3.1020894851171e-05,2.73522711671537e-03,2.89707202788488e-05,,,World_5,,4309705
2016,Uruguay,URY,1.43859396983809e-06,8.26337262658747e-03,1.18361501142576e-11,1.54899959887906e-05,1.14134099690947e-05,5.91828952017239e-06,1.35749798612241e-05,1.13322932739819e-03,8.8247702887063e-06,LACC_1,,World_5,,3379283
2006,Benin,BEN,4.28558934625571e-07,1.97208157991766e-03,2.2415060184728e-12,3.5773902230704e-06,6.61081119062536e-06,2.52923023170581e-06,1.757829139322e-06,3.66941804180207e-04,3.30702804504184e-06,,SSA_2,World_7,,8693242
2010,Senegal,SEN,3.70317566812163e-07,2.3526094347102e-03,3.87669402287686e-12,4.48795213295868e-06,4.93722608072347e-06,1.57721013074807e-06,4.59105704412232e-06,4.72308938503965e-03,1.81708905122406e-05,,SSA_2,World_7,,1.263541e+07
2013,Finland,FIN,1.60184209597594e-06,2.37768418528698e-02,7.77084100171861e-12,4.68292805316203e-05,1.47260777185347e-05,6.27452052757882e-06,3.3948327943657e-05,2.38073533763134e-03,2.36323970080072e-05,,,World_5,,5438972
2006,Belarus,BLR,3.86640171528238e-07,8.93282131138141e-03,5.31206840204565e-12,1.50324257403657e-05,5.63892217501328e-06,2.12897390117173e-06,1.12608478341264e-05,1.1613371281931e-03,1.18376710593601e-05,,,World_3,,9604924
2003,Argentina,ARG,4.44591175402459e-07,7.01699448582519e-03,1.60622596776203e-11,1.0737331253871e-05,3.42116714680275e-06,1.48781481489901e-06,4.24014789746004e-06,9.17675147269086e-04,3.5059086674568e-06,LACC_1,,World_5,,3.842428e+07
2006,Spain,ESP,9.28874054197442e-07,1.44616782946603e-02,2.72414602923834e-11,3.67020461419007e-05,8.0154176684863e-06,1.96038317018521e-06,2.14019673545636e-05,1.7465617619997e-02,9.75879234334059e-05,,,World_5,,4.439732e+07
2021,South Korea,KOR,7.28772294898856e-07,1.71760308120141e-02,9.65724490934016e-12,2.737479596133e-05,9.63192750585891e-06,2.31064918442173e-06,2.07467832521784e-05,,,,,World_5,EAP_1,5.176954e+07
2021,Venezuela,VEN,3.10564138375201e-07,7.67450994631194e-03,4.76333531855898e-11,1.67321652498101e-05,2.82246010628361e-06,9.26762555017005e-07,8.15652063963054e-06,,,LACC_2,,World_9,,2.823783e+07
2014,Cyprus,CYP,5.08894193889114e-07,1.00947287506164e-02,1.33099070761891e-11,2.39426148135349e-05,4.64620632870832e-06,8.93843577070222e-07,2.48190023676854e-05,7.50944087906769e-03,4.7450781104045e-05,,,World_5,,1201801
2016,Bangladesh,BGD,2.28498429709357e-07,2.17083317402346e-03,2.71756205940532e-12,3.56080440388791e-06,3.2019391849534e-06,1.53941497333806e-06,1.79701982794614e-06,3.21877919630746e-04,5.07782844698165e-06,,,World_1,,1.608119e+08
2005,Gambia,GMB,3.43588049369348e-07,1.57658785698314e-03,3.14809191104398e-12,2.33768601168408e-06,4.81634235809699e-06,2.0367319208456e-06,1.69879159763871e-06,1.37506409086934e-03,2.85976740789206e-05,,SSA_2,World_7,,1667037
2020,China,CHN,7.66965426923461e-07,1.06349857438148e-02,6.10759415730185e-12,1.63338520972528e-05,1.01079560453159e-05,1.39909845224884e-06,1.92526967234076e-05,6.06951852388677e-03,3.23715922130536e-05,,,World_6,EAP_3,1.4111e+09
2002,Equatorial Guinea,GNQ,6.92173160161827e-07,1.09856989460663e-02,4.45748829553475e-11,1.09425751689604e-05,9.34358208946182e-06,3.19974563013538e-06,9.5910254000406e-06,2.37991728293479e-03,2.10085367001068e-05,,SSA_4,World_1,,797957
2019,Haiti,HTI,6.21368311664158e-07,2.76619898926044e-03,5.31057436728311e-11,4.92777189835214e-06,8.58812726551704e-06,3.03532093981098e-06,2.47708566017214e-06,1.00780047870536e-03,2.56951865584182e-05,LACC_3,,World_1,,1.110516e+07
2016,Jamaica,JAM,3.85471211264284e-07,4.2255763567962e-03,3.47644326289869e-11,1.75754819103022e-05,3.89892784853923e-06,1.21924599515886e-06,1.99471003877298e-05,1.56086931284137e-03,1.20752986668027e-05,LACC_2,,World_2,,2809915
2017,Oman,OMN,6.76393442762571e-07,2.34179802954305e-02,7.7787684088183e-12,3.30737101278443e-05,7.1863193021848e-06,1.45535237241013e-06,2.07633128509957e-05,1.03448581358413e-02,2.51989430252414e-04,,,World_6,,4537396
2010,Saudi Arabia,SAU,1.45156810226013e-06,2.82467982090935e-02,2.76424747771402e-11,8.0035390962137e-05,1.16425271525239e-05,2.45236287230671e-06,1.07232715255484e-04,3.05473189944708e-02,6.65161896162189e-04,,,World_6,,2.397849e+07
2018,Mongolia,MNG,4.59985000973786e-07,1.23177557294993e-02,3.97626838896474e-11,1.35033920645563e-05,7.78289555565922e-06,6.2486222362713e-07,1.3370651124199e-05,1.83050248163269e-03,1.37689031666852e-05,,,World_8,EAP_5,3208189
2003,Luxembourg,LUX,2.41147920503126e-06,4.26586988435985e-02,3.6414579839527e-11,8.84815577339096e-05,2.17331704274846e-05,7.92922539567934e-06,4.77986476267197e-05,5.61072834980703e-03,5.6179660674511e-05,,,World_5,,451630
2018,Estonia,EST,1.19914331197995e-06,2.28731019330795e-02,1.03681688593525e-11,4.85971493181429e-05,1.55876533482736e-05,6.84645911214666e-06,7.06316067494748e-05,2.14542633475834e-03,2.01850485296128e-05,,,World_5,,1321977
2017,Bosnia and Herzegovina,BIH,5.84157494560592e-07,7.91580802678114e-03,6.9862368710606e-12,1.2614134735839e-05,7.19295764768287e-06,2.09805198437391e-06,2.90593777987071e-05,6.83694144239075e-04,1.06765653142052e-05,,,World_2,,3428682
2015,Angola,AGO,5.47139706370725e-07,4.3974954691461e-03,1.94080502181901e-11,6.87371631622327e-06,7.08513406579279e-06,2.83120347849141e-06,4.98905154097178e-06,8.11462028389482e-04,9.58600990529959e-06,,SSA_1,World_4,,2.81578e+07
2009,Botswana,BWA,1.15933551638301e-06,9.89904940868224e-03,8.83729038938339e-11,2.61323582224226e-05,1.35142786098168e-05,5.51032075352215e-06,2.52022018547832e-05,1.42443968280089e-03,1.69629149728654e-05,,SSA_3,World_8,,1990673
2011,Philippines,PHL,2.69234895718174e-07,2.60254359351237e-03,2.60088147424715e-11,4.4710560340826e-06,3.28210943040175e-06,1.51751594995453e-06,3.65508655064922e-06,4.34655682609147e-04,1.04797409955069e-05,,,World_8,EAP_5,9.824862e+07
2011,Mexico,MEX,3.22603253073072e-07,7.46085569976418e-03,4.30921049500552e-11,1.41639350172268e-05,4.10892484919625e-06,1.4679666767778e-06,1.36658529491411e-05,4.42195846528457e-03,3.35127385131998e-05,LACC_2,,World_9,,1.152435e+08
2002,Colombia,COL,4.15514313137582e-07,4.68828386714211e-03,1.16925648355951e-10,9.12638674951615e-06,4.28894540783766e-06,1.85016365568083e-06,4.46149258699801e-06,5.42694121158888e-04,5.40036172523217e-06,LACC_2,,World_9,,4.032468e+07
2012,Burkina Faso,BFA,5.65481241396018e-07,2.07519002386129e-03,2.75068297891275e-12,2.15934823865929e-06,9.13399957706993e-06,3.75940043296696e-06,1.17081087264265e-06,5.30941515617349e-04,4.52978648348978e-06,,SSA_2,World_7,,1.717229e+07
2014,Luxembourg,LUX,1.88560793748091e-06,3.72976417403236e-02,2.1185200873053e-11,7.16393264273726e-05,1.70299393264657e-05,4.36298349645419e-06,3.50532837818538e-05,4.50243046192715e-03,4.75525205935045e-05,,,World_5,,556319
2010,Japan,JPN,7.04584363337611e-07,1.48297988917101e-02,1.18030809128238e-11,2.83495758760977e-05,6.77876652515239e-06,1.4648308110768e-06,1.93118628817431e-05,2.97418680335123e-03,3.02051611044966e-05,,,World_5,EAP_1,1.2807e+08
2016,Germany,DEU,6.80171868995782e-07,1.65107188196769e-02,9.23737389479022e-12,2.46534790034171e-05,7.38605790887624e-06,1.97629859488271e-06,1.57242745963686e-05,3.3934159129828e-03,3.29458711750556e-05,,,World_5,,8.234867e+07
2014,Venezuela,VEN,5.82501093808723e-07,1.10064543089988e-02,5.94981077369869e-11,2.52970600609609e-05,4.63447359541619e-06,1.5445496851797e-06,1.31365875312172e-05,2.39601672168535e-03,1.77474639962452e-05,LACC_2,,World_9,,3.025408e+07
2007,Guatemala,GTM,7.12918250475777e-07,4.53937411833911e-03,4.06700696829603e-11,9.85175125044865e-06,1.00556319994412e-05,4.80983499509029e-06,7.34204786024448e-06,8.92481776027121e-04,8.54760161516316e-06,LACC_2,,World_9,,1.365204e+07
2007,Costa Rica,CRI,7.85347435350083e-07,5.43237048588434e-03,6.61427343175457e-11,1.39097682278355e-05,6.05600068709644e-06,2.67696154166408e-06,8.4918160891155e-06,4.22504259688737e-03,3.02311267062397e-05,LACC_1,,World_5,,4380248
2008,CSSR/Czech Republic (1990/1991),CZE,9.50691523002953e-07,1.54383967738124e-02,7.34473696115364e-12,3.19109867262153e-05,1.06135922980207e-05,3.19227732489867e-06,2.28753220483659e-05,1.6569398236849e-03,1.67396417791136e-05,,,World_5,,1.03846e+07
2007,Ireland,IRL,1.26127813792228e-06,2.83193615252486e-02,9.74012167724425e-12,5.40275176258409e-05,1.1864526914323e-05,1.85822167955782e-06,3.29504706438666e-05,2.71231234754832e-03,2.71027737191345e-05,,,World_5,,4398942
2019,Iraq,IRQ,2.08432146624508e-07,5.66541914592015e-03,3.76876408652935e-12,1.4239853149737e-05,1.72753421110217e-06,3.65181549229994e-07,1.71968634487912e-05,9.16952877086345e-03,1.04078391032407e-04,,,World_6,,4.119217e+07
2020,Netherlands,NLD,9.30057309849996e-07,1.63062042084974e-02,1.07731849679597e-11,3.57048161527497e-05,9.10241882964866e-06,2.41507970741843e-06,2.02746948458734e-05,4.22159215352412e-03,3.622356952582e-05,,,World_5,,1.74415e+07
2019,USSR/Russian Federation (1990/1991),RUS,2.9730955990707e-07,1.28834278261023e-02,3.50609085081543e-12,2.05813659953757e-05,4.28324102113004e-06,8.0719129093219e-07,1.32822939635842e-05,1.47014513815622e-03,1.41451732435231e-05,,,World_3,,1.454533e+08
2017,Viet Nam,VNM,5.0742293018017e-07,4.31056118481339e-03,5.45539914476311e-12,8.14833943872154e-06,6.24074966689668e-06,2.12801235229585e-06,8.32070759574036e-06,9.49236482158462e-04,1.12545776079389e-05,,,World_3,EAP_4,9.517698e+07
2014,Norway,NOR,1.41027355366956e-06,1.79867971046924e-02,9.29607206152284e-12,5.50360330145701e-05,1.2657321278654e-05,3.43443713599234e-06,2.96098045401563e-05,2.9678333254833e-03,2.87870411154754e-05,,,World_5,,5137232
2016,El Salvador,SLV,3.27661265563985e-07,3.98478653443869e-03,3.35964466984729e-11,1.90467595875371e-05,3.7187925681892e-06,1.72826633419765e-06,1.42626717647895e-05,5.58417220697465e-04,5.39051196009067e-06,LACC_2,,World_9,,6200800
2009,Mauritania,MRT,5.56056724103639e-07,4.59744763132472e-03,1.6171247588843e-11,6.54000097427808e-06,7.34454326818041e-06,2.95617993886221e-06,3.3107407010656e-06,6.75710964220371e-03,2.61202186414026e-05,,SSA_4,World_1,,3284448
2018,Tanzania,TZA,5.50164357726847e-07,2.49862352788622e-03,1.21486155134711e-11,2.52550932340139e-06,8.11188779285008e-06,3.58495502034253e-06,1.21923082435968e-06,4.72582484726446e-04,7.19426809199265e-06,,SSA_2,World_7,,5.743714e+07
2003,Bangladesh,BGD,1.95818309090041e-07,1.67458928794233e-03,2.97322482101982e-12,1.56773889975769e-06,2.68713949508863e-06,1.3771643146484e-06,1.25108986538013e-06,1.58850242223876e-03,1.90291404352939e-05,,,World_1,,1.409704e+08
2005,Madagascar,MDG,4.43061320675612e-07,2.09899685058141e-03,3.49835443868476e-10,1.45065718011159e-06,6.79775427252049e-06,2.82511336582567e-06,1.06472637206231e-06,6.19460486338607e-04,9.49550217426649e-06,,SSA_2,World_7,,1.915971e+07
2016,Indonesia,IDN,6.09564125881239e-07,4.12801787240331e-03,2.52830589271755e-11,7.87345625717628e-06,8.41504701855326e-06,3.83410424657344e-06,8.40982037072858e-06,1.68802279763864e-03,1.0460240650009e-05,,,World_8,EAP_5,2.646274e+08
2018,Madagascar,MDG,4.72547145206945e-07,2.07662804445497e-03,2.44689819035554e-10,1.65478541517865e-06,7.13843245469175e-06,2.81028244151072e-06,1.37840918967932e-06,6.47684350777278e-04,6.57612551373282e-06,,SSA_2,World_7,,2.749493e+07
2014,Niger,NER,2.90902446068968e-07,1.96028483239309e-03,3.57562005249986e-12,1.85209021019733e-06,4.08927241996372e-06,2.0319167574722e-06,6.60433140032701e-07,7.50936689460581e-04,8.98761552768258e-06,,SSA_2,World_7,,1.921591e+07
2008,Mali,MLI,2.90826435704723e-07,1.63756681882079e-03,3.75052431927188e-12,1.57061669340178e-06,4.65450200159951e-06,1.85283309679449e-06,9.72002273367505e-07,1.32909463162508e-03,7.76347773683064e-06,,SSA_2,World_7,,1.494078e+07
2020,Rep Congo,COG,4.7978798126665e-07,4.23837012213366e-03,4.14329610059088e-11,3.27168904287614e-06,7.00163357547851e-06,3.13166367117959e-06,1.38541890730311e-06,3.50403850583986e-04,3.65508714040175e-06,,SSA_4,World_1,,5752791
2002,Denmark,DNK,1.22673951656631e-06,2.00510164728308e-02,1.36993872363576e-11,5.16811471784026e-05,1.06449934726878e-05,3.12278691956534e-06,2.97372557586987e-05,3.25741436234954e-03,3.46532873830523e-05,,,World_5,,5375931
2011,Slovakia,SVK,5.2526251900694e-07,1.10785749128485e-02,6.70767564823358e-12,2.20358446025926e-05,5.74546272358372e-06,1.45191767454617e-06,1.71661266185501e-05,1.75166726000612e-03,2.99633146737116e-05,,,World_5,,5398384
2007,Namibia,NAM,7.97715973670866e-07,7.24732161223794e-03,3.36952814815702e-10,1.89125147695263e-05,1.07638431404791e-05,2.34130296557999e-06,2.16398504350234e-05,1.25871899401535e-03,1.22589555725554e-05,,SSA_3,World_8,,2018600
2011,Macedonia,MKD,3.95255091223818e-07,6.86247945508373e-03,9.077980622346e-12,1.15179688407494e-05,6.67656687179366e-06,1.93651768279147e-06,2.97970974114254e-05,1.44987931417627e-02,1.05341419804134e-04,,,World_2,,1937398
2002,Norway,NOR,1.33867271165549e-06,1.80343121126249e-02,1.2071197412772e-11,5.91923972007887e-05,1.21285617231822e-05,4.03479572262874e-06,2.78854879914307e-05,3.14774886952187e-03,3.11355927882143e-05,,,World_5,,4538159
2015,Iceland,ISL,1.25529615444786e-06,1.7685838990376e-02,9.4624410369336e-12,3.45638611683866e-05,1.40372900733018e-05,2.63075803760052e-06,2.6117180067453e-05,2.14776996757601e-03,1.98762526845477e-05,,,World_5,,330815
2002,Israel,ISR,9.21092181970729e-07,1.71556793390285e-02,1.83899205514145e-11,5.45007652616933e-05,1.1600649580394e-05,2.31128085991556e-06,4.65105793973002e-05,9.24763135874773e-03,9.95017485453586e-05,,,World_5,,6570000
2005,Jamaica,JAM,5.30171732951409e-07,5.40616055263592e-03,3.18578945639343e-11,2.63845185776694e-05,4.19412503111304e-06,1.3005050759958e-06,3.21638369646199e-05,1.59216185418266e-03,1.34425210797075e-05,LACC_2,,World_2,,2687066
2004,Thailand,THA,4.99086421528307e-07,6.06882158800108e-03,7.64613386811279e-12,9.41368484623823e-06,6.25008480293436e-06,2.3426172865796e-06,9.51345225376422e-06,8.86466747812953e-04,2.63267391494815e-05,,,World_9,EAP_4,6.545205e+07
2013,China,CHN,9.46379557249605e-07,9.60274313452375e-03,5.11789405081727e-12,1.66228064262002e-05,1.11484632226676e-05,1.50685061507987e-06,2.10738849622891e-05,5.57458801409583e-03,3.11019676470502e-05,,,World_6,EAP_3,1.36324e+09
2012,United Arab Emirates,ARE,2.10416417756782e-06,2.66922818671174e-02,2.78742060641636e-11,7.81621966729411e-05,1.80259594473762e-05,4.94260324195143e-06,2.95879164722436e-05,3.45242268454136e-02,5.16943854459559e-04,,,World_6,,7391448
2008,Costa Rica,CRI,7.67015060030653e-07,5.52383083746536e-03,6.76260421224737e-11,1.41557023412569e-05,5.86002579681229e-06,2.49732505630789e-06,8.5265179716797e-06,4.47077333532557e-03,3.4086442001559e-05,LACC_1,,World_5,,4440056
2012,Afghanistan,AFG,9.55008902413364e-08,1.44468177893536e-03,5.60356706449541e-12,2.04574019398251e-06,1.13146280364667e-06,4.66898884141202e-07,2.54861976018614e-06,7.2518672624856e-03,1.79814669568343e-04,,,World_1,,3.056003e+07
2002,Spain,ESP,7.17330529646091e-07,1.33742654798592e-02,2.63608644214273e-11,3.32422530494995e-05,6.71632866296782e-06,1.88980354909386e-06,2.17045651225805e-05,1.93908084689604e-02,1.02603943709074e-04,,,World_5,,4.143156e+07
2006,Croatia,HRV,9.28038067657307e-07,1.10237950048462e-02,9.58775512575194e-12,2.18308990275683e-05,1.25344716749417e-05,4.72507379547439e-06,2.92737206680071e-05,2.86402250543912e-03,2.78387262221199e-05,,,World_5,,4311159
2003,Latvia,LVA,1.05830724710413e-06,1.07366269048427e-02,3.40679166119121e-12,2.42309870578691e-05,1.4646243742643e-05,6.5336948324415e-06,1.39443650997126e-05,1.27799617237749e-03,1.55238208339741e-05,,,World_5,,2287955
2006,Sweden,SWE,1.12665095831492e-06,1.83331844351561e-02,8.8445909333683e-12,4.34220778712753e-05,9.61685090977427e-06,2.57528809229214e-06,2.77017481509922e-05,3.02963543534395e-03,2.97095376590541e-05,,,World_5,,9080505
2014,United Arab Emirates,ARE,1.86001664099419e-06,2.43031187436709e-02,2.44255985512786e-11,7.42567957241122e-05,1.60612729892774e-05,3.50691278612725e-06,2.95099871362002e-05,2.42154439751707e-02,3.90933254784875e-04,,,World_6,,8059440
2013,New Zealand,NZL,1.41692618275695e-06,1.70728417194141e-02,5.20291171939054e-11,3.94524798633304e-05,1.09389070984951e-05,3.36014288698242e-06,2.16925429514218e-05,3.96615796546669e-03,3.53302311649375e-05,,,World_5,EAP_1,4442100
2021,Slovakia,SVK,4.95227426929348e-07,1.11211175566621e-02,5.19001201394682e-12,2.04153426238639e-05,5.83516899736412e-06,1.5424815241991e-06,1.38871937962706e-05,,,,,World_5,,5447247
2005,Dominican Republic,DOM,5.10895723118604e-07,4.21617147689096e-03,5.34379537098807e-11,1.63022744763049e-05,5.20843285326246e-06,1.84256778368417e-06,1.37267242088204e-05,1.64877256319363e-03,2.96229085877977e-05,LACC_2,,World_9,,9225034
2008,Romania,ROU,6.24502804534383e-07,9.04157700693582e-03,7.50863661942145e-12,1.57412789592894e-05,8.85832726880384e-06,3.44025995309824e-06,2.45266428058235e-05,1.42565283883352e-03,1.57190830235665e-05,,,World_2,,2.053788e+07
2002,Canada,CAN,1.47611169069173e-06,2.41258339284085e-02,9.54773178908199e-12,8.13441556674555e-05,1.30057243331552e-05,4.49583150168005e-06,3.77161752417303e-05,3.45044668589569e-03,3.22267216593121e-05,,,World_5,,3.13592e+07
2020,Poland,POL,5.63581183029292e-07,1.08710899568227e-02,3.7463820891097e-12,1.42640775548987e-05,9.04239473899738e-06,2.25768034756938e-06,1.88985142840928e-05,1.06118289410006e-03,1.4093035876715e-05,,,World_5,,3.789907e+07
2007,Panama,PAN,5.12530287122374e-07,4.59128054931316e-03,1.10310068321646e-10,1.34026000956058e-05,5.06262754122764e-06,1.48439520831648e-06,1.38963956755268e-05,1.28015670357714e-03,8.56544209408333e-06,LACC_2,,World_2,,3437490
2005,Liberia,LBR,1.14899638364742e-06,3.33125032049088e-03,4.60120534521118e-11,3.67675277957256e-06,1.84022234284195e-05,8.07017588697919e-06,2.35846455467282e-06,3.25039323573755e-04,4.0384828554195e-06,,SSA_2,World_7,,3301015
2010,Madagascar,MDG,4.92804463253964e-07,2.23611780819483e-03,2.98890536041144e-10,1.67479180389907e-06,7.49058974350837e-06,3.10208039758833e-06,1.25212158985417e-06,1.00017114769761e-03,1.65447877525989e-05,,SSA_2,World_7,,2.218334e+07
2020,Ireland,IRL,1.22835140481343e-06,2.46481750839709e-02,1.06748874749107e-11,4.64324399573176e-05,1.34576270058458e-05,2.79189107424041e-06,2.81031739963579e-05,3.5698916121959e-03,3.42184519242074e-05,,,World_5,,4985382
2005,Croatia,HRV,9.49367703429003e-07,1.07548132972881e-02,9.62370866982449e-12,2.09946372102107e-05,1.27714983169271e-05,5.01766341859691e-06,2.68739126784923e-05,2.87753168835271e-03,2.87685629015212e-05,,,World_5,,4310145
2011,Niger,NER,2.27838713083184e-07,1.63651387769043e-03,3.46433901772504e-12,1.61287070126225e-06,3.18843150394469e-06,1.53273904694646e-06,6.96453183442979e-07,6.06620098696144e-04,7.99954821859431e-06,,SSA_2,World_7,,1.717628e+07
2005,Italy,ITA,9.10849660360144e-07,1.56092182894681e-02,2.22878434481856e-11,3.48445662490912e-05,8.45453508238355e-06,2.25970094610797e-06,2.197032129377e-05,6.5448581890076e-03,6.0661446704561e-05,,,World_5,,5.796948e+07
2005,Chile,CHL,8.68774672107921e-07,7.5737816448986e-03,1.40678640121681e-11,1.85366174324061e-05,1.11886332541287e-05,3.69013983138476e-06,1.47329305795683e-05,2.25531672322195e-03,1.10445459510806e-05,LACC_1,,World_5,,1.634878e+07
2020,Bhutan,BTN,2.9738793862433e-06,1.12597445197579e-02,4.18686274264011e-11,1.10368397205285e-05,4.24625667913598e-05,2.02320509115399e-05,7.52265531566414e-06,2.39850715810272e-03,3.15196361945271e-05,,,World_7,,770006
2021,Jamaica,JAM,4.77200877967771e-07,5.61058642217024e-03,6.10824852032804e-11,2.38278659011666e-05,5.18284212274377e-06,1.4544888177426e-06,2.78045250913887e-05,,,LACC_2,,World_2,,2837682
2018,Greece,GRC,4.28701725439217e-07,1.09730104413688e-02,2.15116048459745e-11,1.661359599463e-05,5.31245181491131e-06,1.81522891534454e-06,1.99132882106058e-05,1.16219726808289e-02,6.03073934202252e-05,,,World_5,,1.073288e+07
2006,Japan,JPN,8.39250917570017e-07,1.57916275601349e-02,1.42491002727382e-11,3.59750672032343e-05,7.72049776087257e-06,1.56957765077788e-06,2.34573850104841e-05,3.11808003751269e-03,3.14813988390585e-05,,,World_5,EAP_1,1.27854e+08
2008,Ghana,GHA,3.80792557992859e-07,2.28981038965478e-03,1.18620391309224e-11,3.67808468109257e-06,4.97416457753654e-06,1.43578547984258e-06,3.518378577485e-06,7.25559984337668e-04,8.00418533226004e-06,,SSA_3,World_8,,2.424995e+07
2021,Benin,BEN,4.35747113828493e-07,2.08252025338711e-03,2.81698373780712e-12,5.84354148976549e-06,6.13680866752248e-06,2.08607470865225e-06,1.11159089060357e-06,,,,SSA_2,World_7,,1.341342e+07
2019,Bahrain,BHR,6.02397271516008e-07,1.6367099870258e-02,1.76479007517566e-11,2.76821653507099e-05,7.70004497414427e-06,2.57096923713516e-06,1.47942238537044e-05,3.13992829869739e-02,5.5653688846464e-04,,,World_6,,1483756
2011,Morocco,MAR,2.03449217627905e-07,3.1582572613682e-03,7.320672839152e-12,5.46968199570122e-06,3.05378217273209e-06,9.35517003154285e-07,1.08095067083926e-05,1.04541958173885e-02,5.7748588620255e-05,,,World_3,,3.291259e+07
2009,Afghanistan,AFG,6.8753256765121e-08,1.16923252043535e-03,6.01135758763778e-12,1.38965991371891e-06,9.31626989642355e-07,4.12003832282661e-07,1.89711337924957e-06,8.41399285636006e-03,2.02350222700237e-04,,,World_1,,2.74661e+07
2006,Austria,AUT,1.10634795475466e-06,1.98565313951105e-02,1.14918187649999e-11,4.7208524685741e-05,8.73751484141176e-06,1.93241747830703e-06,2.53200305370113e-05,2.36541661805638e-03,2.37777083707344e-05,,,World_5,,8268641
2002,Gambia,GMB,3.63486626290607e-07,1.67416161772129e-03,4.14225855182298e-12,2.47703010588722e-06,5.11023405695127e-06,2.10233150076237e-06,2.07662080596184e-06,2.37277940593813e-03,4.65096223947357e-05,,SSA_2,World_7,,1535691
2005,Equatorial Guinea,GNQ,5.99399421174572e-07,1.31894731151486e-02,3.64832799277704e-11,1.20329730490768e-05,8.34316761803104e-06,2.76119861970115e-06,7.99177526480518e-06,2.8158591277495e-03,2.9024934824842e-05,,SSA_4,World_1,,947367
2006,United Arab Emirates,ARE,2.82914631111054e-06,3.74159968302358e-02,3.37151978945072e-11,1.22362801469771e-04,1.98470379594269e-05,5.61390756809948e-06,3.37802561208554e-05,5.49027838787974e-02,9.51031166102374e-04,,,World_6,,5009100
2017,Slovenia,SVN,9.15961606438767e-07,1.39052098169323e-02,9.06857287262039e-12,1.81653230669195e-05,1.23398039402398e-05,5.08512639596688e-06,1.68975245203365e-05,3.18776456812522e-03,3.11686922608535e-05,,,World_5,,2066388
2019,Cuba,CUB,5.71035862170831e-07,5.17241214940161e-03,1.23107752824223e-10,1.08791823270808e-05,4.79358722837355e-06,2.58167971517798e-06,2.40608252770692e-05,1.74551260473784e-03,3.86890618578941e-05,LACC_2,,World_3,,1.120285e+07
2018,Jordan,JOR,2.05016339086893e-07,5.16208362442044e-03,4.64224983772266e-12,1.04725659399502e-05,2.49010190465251e-06,6.32231778970065e-07,1.40648851554598e-05,4.29394582894892e-03,5.15262305400387e-05,,,World_3,,1.046231e+07
2004,Colombia,COL,3.66961282972254e-07,4.33200352280416e-03,1.09188127686825e-10,8.79214828973878e-06,4.02700253630642e-06,1.69461061799115e-06,3.83383404395295e-06,4.96716354455582e-04,5.16328451394744e-06,LACC_2,,World_9,,4.154317e+07
2006,France,FRA,8.35828558384396e-07,1.33601904808193e-02,1.24554543662345e-11,2.92874534503087e-05,8.04347786381819e-06,2.36589117999885e-06,1.6371662126175e-05,3.99508779447687e-03,3.62784272418426e-05,,,World_5,,6.362234e+07
2021,Nigeria,NGA,1.05789095813559e-06,4.14087703518464e-03,4.07418237902145e-12,3.87623197937134e-06,1.61260761409694e-05,7.48256756268876e-06,1.20828701928487e-06,,,,SSA_2,World_7,,2.185293e+08
2016,Malaysia,MYS,5.00771039665682e-07,1.01438220456409e-02,3.61018231929877e-11,1.84054834499741e-05,6.13781282682473e-06,1.88196603562742e-06,1.44719483447183e-05,2.13776084066986e-03,2.69262862894051e-05,,,World_3,EAP_4,3.178968e+07
2009,Moldova,MDA,2.06016491964625e-07,5.02599267593596e-03,2.72551154688052e-12,1.13045806106919e-05,2.29800004274725e-06,5.86611508099712e-07,6.1740243771025e-06,5.94870577855332e-04,8.54988561420704e-06,,,World_2,,2865213
2021,Ethiopia/DR Ethiopia (1992/1993),ETH,6.95892226586589e-07,2.76376736005964e-03,6.60769120426604e-12,1.90110337265092e-06,1.0077712276404e-05,4.90294970941684e-06,1.05089800204045e-06,,,,SSA_1,World_4,,1.221386e+08
2009,Ethiopia/DR Ethiopia (1992/1993),ETH,7.55591251155291e-07,2.83182999859956e-03,8.8549976093974e-12,1.85579597834923e-06,1.08913646016381e-05,5.46323762771116e-06,1.16266073659448e-06,3.33077579453743e-04,1.999924635777e-06,,SSA_1,World_4,,8.800763e+07
2015,Egypt,EGY,1.44394320417433e-07,3.6071161060516e-03,1.7118983556204e-12,4.9973943937466e-06,1.90881554740727e-06,6.45250495837922e-07,9.12620150944039e-06,3.85824836892747e-02,4.3035861069798e-04,,,World_6,,9.959734e+07
2008,Finland,FIN,1.84626684107559e-06,2.60065558004069e-02,8.7913658861439e-12,5.86666594858581e-05,1.65629640385404e-05,6.44653060768578e-06,4.47038084583377e-05,2.90024779588721e-03,3.03542806357556e-05,,,World_5,,5313399
2007,Haiti,HTI,7.37740579245526e-07,2.76026662061257e-03,5.5616736417421e-11,3.75018648245533e-06,1.00787934720394e-05,3.36571353503223e-06,2.09224555362526e-06,6.58515929877989e-04,1.16380791327894e-05,LACC_3,,World_1,,9373296
2012,Australia,AUS,2.0046273700161e-06,3.32825248531537e-02,1.22320497599134e-10,7.20292028589585e-05,1.73004706819409e-05,5.35453154496706e-06,5.52351948029667e-05,8.47710887633649e-03,4.8724921302512e-05,,,World_5,EAP_1,2.273346e+07
2018,Iceland,ISL,9.24615554342234e-07,1.83684408667265e-02,1.11763738806481e-11,3.3777632700548e-05,9.74776680240068e-06,1.85730923732409e-06,2.64250285870731e-05,3.34488137943774e-03,3.068737704734e-05,,,World_5,,352721
2003,Ireland,IRL,1.07625415520134e-06,0.02910899030755,1.01783533087813e-11,5.18381457160523e-05,1.0614161279938e-05,1.58227341506653e-06,3.82177191541834e-05,2.31853752719338e-03,2.56811920711844e-05,,,World_5,,3996521
2021,Mongolia,MNG,4.63675618322717e-07,1.44488116073802e-02,3.85824324595937e-11,1.4408605099374e-05,7.96682365038769e-06,5.52479044962123e-07,1.44977946600675e-05,,,,,World_8,EAP_5,3383741
2018,Venezuela,VEN,2.6451588680815e-07,6.18012741886889e-03,4.57412507219047e-11,1.11455756505566e-05,2.33499487794552e-06,8.58934736458806e-07,3.88250611320354e-06,1.71075953664783e-03,1.0237485465687e-05,LACC_2,,World_9,,2.980759e+07
2004,Niger,NER,2.60906590560963e-07,1.66588930333996e-03,3.61192806834692e-12,1.36989780849505e-06,3.87134889937056e-06,1.85545858549267e-06,5.61822246026416e-07,6.05142154204043e-04,7.75151892113154e-06,,SSA_2,World_7,,1.326584e+07
2017,Philippines,PHL,2.92094206738903e-07,3.34827793300945e-03,2.44950912059142e-11,6.12479436780083e-06,3.81655695747561e-06,1.54329042355068e-06,5.11423045837376e-06,5.73161868364423e-04,1.03178940498351e-05,,,World_8,EAP_5,1.081197e+08
2019,Cyprus,CYP,6.4367230121482e-07,1.17204912493094e-02,1.395843604511e-11,3.00051188464147e-05,5.37092864031937e-06,1.07560231751028e-06,2.61073302819633e-05,5.8916899885251e-03,4.17718102719366e-05,,,World_5,,1286671
2006,Lebanon,LBN,3.06252025874711e-07,7.00932241739986e-03,1.90021044105677e-11,2.31826656185317e-05,3.91206528973294e-06,1.02694842621933e-06,3.48749104214678e-05,8.63578445871537e-03,7.3497816274085e-05,,,World_3,,4751136
2008,Chile,CHL,9.5443982275094e-07,8.45169800989846e-03,1.39012627346769e-11,2.19336529368969e-05,1.27325363819911e-05,3.79278633117206e-06,2.23060857068032e-05,2.48581065807306e-03,1.4697328944666e-05,LACC_1,,World_5,,1.683899e+07
2003,United Kingdom,GBR,9.75493179952808e-07,1.73842745136319e-02,1.16405136913506e-11,4.87160118798896e-05,7.55704449917311e-06,1.75668171266606e-06,2.3071111153663e-05,4.37648648016997e-03,5.20318815526698e-05,,,World_5,,5.964758e+07
2010,Slovenia,SVN,1.12199595568205e-06,1.5606137031866e-02,1.05722179186474e-11,2.33808878099874e-05,1.42861581109777e-05,5.70641272103166e-06,2.03820889068024e-05,2.93169097695306e-03,3.20837191370858e-05,,,World_5,,2048583
2017,El Salvador,SLV,3.25849426298986e-07,3.98710852985229e-03,3.43374480204146e-11,1.71020359032945e-05,3.89718618874167e-06,1.76681150800038e-06,1.21102768836729e-05,6.71949147497837e-04,6.16977736727989e-06,LACC_2,,World_9,,6213533
2016,Portugal,PRT,4.49997199340434e-07,9.48939930553403e-03,1.9020420625586e-11,1.37097826764892e-05,5.54030398012731e-06,2.32614209316044e-06,9.31532120974827e-06,7.35107633314513e-03,3.46950893913082e-05,,,World_5,,1.032545e+07
2011,China,CHN,9.266190671233e-07,9.09696961543978e-03,5.20933034542346e-12,1.64846196319821e-05,1.11581021563808e-05,1.60242658980464e-06,2.1146408398761e-05,5.16011981613656e-03,2.91790900865855e-05,,,World_6,EAP_3,1.345035e+09
2011,Estonia,EST,1.1921506717874e-06,1.94119723251461e-02,5.85719635341001e-12,5.07040035721513e-05,1.41271739141944e-05,6.01220579241162e-06,6.92893883179622e-05,1.77863959515491e-03,2.29975273136968e-05,,,World_5,,1327439
2004,Viet Nam,VNM,5.27959032583941e-07,3.57578527126074e-03,5.44156941215859e-12,5.33556620686838e-06,6.73592158836996e-06,3.06840687067466e-06,4.59718136680326e-06,6.78352240681256e-04,8.94936318011063e-06,,,World_3,EAP_4,8.033897e+07
2007,Kenya,KEN,6.98583186931332e-07,3.01699394567943e-03,1.13459026103356e-11,2.81261950129074e-06,1.06277685807396e-05,3.47211310618764e-06,2.11944967917943e-06,9.17940349687714e-04,1.03727750019791e-05,,SSA_2,World_7,,3.803635e+07
2004,Poland,POL,5.16778111808285e-07,1.0875609236205e-02,4.56653946223866e-12,1.85687491322741e-05,7.76974756578318e-06,1.9287715592145e-06,3.39094470768887e-05,9.12579160525207e-04,1.71377944514192e-05,,,World_5,,3.818222e+07
2011,Canada,CAN,1.28104464950937e-06,2.60868545921432e-02,8.90769137281426e-12,4.85181623778327e-05,1.33637233632616e-05,4.09382802621364e-06,3.54519618083189e-05,3.69902470768754e-03,3.38083677022603e-05,,,World_5,,3.433922e+07
2007,Zimbabwe,ZWE,1.03836999409812e-06,4.03789997901055e-03,1.25121539334994e-11,3.95597829462475e-06,1.59613339636061e-05,7.40784495095094e-06,5.28175418279757e-06,6.92468968408455e-04,1.40830827546153e-05,,SSA_4,World_1,,1.280406e+07
2006,Australia,AUS,1.76002546320914e-06,3.17400287003884e-02,1.23056905189393e-10,7.64722803822318e-05,1.5752331231016e-05,5.38773646771849e-06,5.47267685288983e-05,9.37329726611041e-03,4.82545227969749e-05,,,World_5,EAP_1,2.045097e+07
2018,CSSR/Czech Republic (1990/1991),CZE,8.55085066768518e-07,1.39156574479826e-02,6.86602235590495e-12,2.05705256188673e-05,1.07764524149591e-05,3.84562912903679e-06,1.73899746922196e-05,1.54835935323283e-03,1.5441382870479e-05,,,World_5,,1.062993e+07
2007,Argentina,ARG,4.17535778787275e-07,8.46969913211863e-03,1.72874121970257e-11,1.10213044698133e-05,4.21816464538065e-06,1.68407539434608e-06,8.68116423302219e-06,1.09093890310044e-03,4.93260639445553e-06,LACC_1,,World_5,,4.001676e+07
2020,Zimbabwe,ZWE,1.07907766518794e-06,4.21804235925026e-03,1.23655053749046e-11,6.44064733678107e-06,1.69647746823649e-05,7.61731602364196e-06,7.3159978199399e-06,6.57831597531997e-04,1.20620121127344e-05,,SSA_4,World_1,,1.552689e+07
2014,Egypt,EGY,1.33230161555242e-07,3.6278759356494e-03,1.4525102382801e-12,4.65400181790091e-06,1.78578920131565e-06,6.01773449430637e-07,9.03477703386694e-06,3.9975879395854e-02,4.45980756508026e-04,,,World_6,,9.752866e+07
2002,Slovakia,SVK,3.40135342715295e-07,9.32692548151091e-03,6.58797673009707e-12,1.9778665152885e-05,4.21871297592006e-06,8.87681539204103e-07,1.54533621202892e-05,1.05087886146453e-03,1.38278238249739e-05,,,World_5,,5376912
2020,Latvia,LVA,1.06235484537662e-06,1.23305474636809e-02,5.14254235456278e-12,2.02052962033908e-05,1.51708363149195e-05,7.4804916537071e-06,1.23747587091716e-05,1.48942447674542e-03,1.36855771742033e-05,,,World_5,,1900449
2015,Switzerland,CHE,1.14431804660136e-06,1.87139646123953e-02,1.51023791625204e-11,4.16200196776137e-05,1.14154535976095e-05,3.29699157175896e-06,2.74055151122192e-05,4.98345200717942e-03,3.98368097421401e-05,,,World_5,,8282396
2008,Kazakhstan,KAZ,5.41691646904823e-07,1.37344818508116e-02,2.72199966040138e-11,2.43457152235899e-05,8.08408366994261e-06,7.22702982370228e-07,3.72354157023691e-05,6.64404011653037e-03,9.96870347599836e-05,,,World_3,,1.642653e+07
2014,Rep Congo,COG,6.86584316873437e-07,5.22002136101401e-03,3.90765579229815e-11,6.31809142078997e-06,9.40418032962676e-06,3.69213500575217e-06,3.07636678041349e-06,6.4987928021976e-04,8.19746024734172e-06,,SSA_4,World_1,,4975880
2014,DR Congo,COD,5.34065680277855e-07,1.72520532294818e-03,1.11731167292581e-11,1.66089822808663e-06,7.3099533524326e-06,3.22103443055585e-06,9.85471217485131e-07,1.84630199952922e-04,1.00379170694707e-06,,SSA_1,World_4,,7.840324e+07
2004,Belarus,BLR,3.25284693921752e-07,8.44319153191501e-03,5.11787877600492e-12,1.47145138978847e-05,4.65056264746337e-06,1.73244466535621e-06,1.09623765121935e-05,1.04939443511737e-03,1.15934770929958e-05,,,World_3,,9730146
2005,Sudan/North Sudan (2010/2011),SDN,6.81671419940968e-07,4.39787412965279e-03,7.92219326871389e-12,5.19367628889546e-06,1.05046400464057e-05,3.46324554527861e-06,2.4637657648304e-06,6.19731599313678e-03,1.28176977656101e-04,,SSA_4,World_1,,3.126244e+07
2014,Zimbabwe,ZWE,1.11595211003174e-06,4.40926812444226e-03,1.24644406521871e-11,6.19195209149076e-06,1.72802537337505e-05,7.71432734761366e-06,7.02945181552873e-06,4.7073720881787e-04,1.0267718446375e-05,,SSA_4,World_1,,1.420736e+07
2006,Armenia,ARM,9.14618858547456e-08,3.63467631295411e-03,1.56644805996851e-11,5.54395735748166e-06,1.27572558797672e-06,4.52670207001519e-07,3.08924325896169e-06,1.12616733850826e-02,1.22145621695098e-04,,,World_2,,3127100
2006,Indonesia,IDN,5.62071614714101e-07,3.72287582976556e-03,2.50245721754249e-11,6.46086274568974e-06,7.58371130288345e-06,3.43644584948729e-06,6.84599713048262e-06,1.47977112021834e-03,8.3863345295542e-06,,,World_8,EAP_5,2.339516e+08
2004,South Korea,KOR,7.58427068349431e-07,1.51188566599559e-02,1.27420144386262e-11,3.1244196072699e-05,8.16101173235483e-06,1.4366218387868e-06,2.90255204916685e-05,4.82896442790428e-03,4.94440580423083e-05,,,World_5,EAP_1,4.808252e+07
2017,Zimbabwe,ZWE,1.11491898889048e-06,4.16175632228749e-03,1.24730363284086e-11,6.06055099132772e-06,1.74862365443078e-05,7.94731817105249e-06,7.17012130712004e-06,8.00905267033702e-04,1.17079438976178e-05,,SSA_4,World_1,,1.481248e+07
2013,Pakistan,PAK,3.83780845846121e-07,2.71671743597136e-03,9.3296856494592e-13,4.28127576572191e-06,4.88846039652073e-06,2.42055904138502e-06,5.28362646270556e-06,6.10607758181638e-03,2.28163419037168e-04,,,World_1,,2.11074e+08
2010,Australia,AUS,1.90973615096955e-06,3.20941808101301e-02,1.17462330518847e-10,7.31595163954861e-05,1.62648021226789e-05,4.98403217519357e-06,5.32499670387368e-05,8.03766000429975e-03,4.59877508419281e-05,,,World_5,EAP_1,2.203175e+07
2011,Qatar,QAT,2.35431256232135e-06,7.70349175610271e-02,5.74899970105529e-11,9.98718270306162e-05,2.48084293268784e-05,4.76027884005311e-06,5.3750176662403e-05,5.44734015536994e-02,1.1149987049867e-03,,,World_6,,1624761
2009,Yemen Arab Republic/Yemen (1990/1991),YEM,1.18412373925179e-07,2.48466514048729e-03,1.00130587266556e-11,5.62845534489915e-06,1.23510200439151e-06,3.49268721516739e-07,5.9240368226147e-06,7.16726153997416e-03,1.47589385742524e-04,,,World_1,,2.592772e+07
2015,El Salvador,SLV,3.33456767006442e-07,3.85537836195763e-03,3.26613785716685e-11,1.94695316953759e-05,3.55477327547263e-06,1.55289869418308e-06,1.49262946007907e-05,6.08869878872014e-04,5.72718870307485e-06,LACC_2,,World_9,,6183676
2016,Uzbekistan,UZB,5.10836882169813e-08,5.0082715304593e-03,2.79813379277971e-12,4.83206587453709e-06,1.00790378734397e-06,1.78861805459503e-07,2.96382144698637e-06,3.9604386388475e-03,1.27499348258764e-04,,,World_6,,3.128457e+07
2020,Bolivia,BOL,4.36321215377545e-07,6.36168846956895e-03,7.36070674594381e-11,1.00736598084667e-05,4.94484607201193e-06,2.33781162926057e-06,4.3472491327314e-06,4.48555917814284e-04,1.48343072520764e-06,LACC_2,,World_8,,1.18163e+07
2007,South Korea,KOR,8.59853246775161e-07,1.68795340345169e-02,1.40300586263273e-11,3.24150670158213e-05,9.51610809199489e-06,1.67067661790595e-06,3.05359028332785e-05,4.47921260635365e-03,4.78553898751338e-05,,,World_5,EAP_1,4.868364e+07
2020,Sri Lanka,LKA,5.60225249711355e-07,3.51563257858275e-03,3.04098750435027e-11,8.68741607404015e-06,6.67673682697819e-06,2.74519535203427e-06,8.31510802676929e-06,1.90775206632498e-03,6.24098409376112e-05,,,World_3,,2.1919e+07
2009,Kuwait,KWT,1.55098927107266e-06,3.4367212343518e-02,3.23247766857184e-11,5.2601480744484e-05,1.45377244386076e-05,3.3121061600518e-06,5.85061847070382e-05,3.65031611722399e-02,5.29075046826228e-04,,,World_3,,2795484
2011,Norway,NOR,1.64815642721972e-06,1.96489225116321e-02,9.73534524895132e-12,6.37040674533295e-05,1.4648563623853e-05,4.24744556818252e-06,3.55444294717096e-05,3.6040248038604e-03,3.48333676116411e-05,,,World_5,,4953088
2003,Ghana,GHA,4.76426107332233e-07,1.97338430795126e-03,1.23209223322939e-11,3.31595566087709e-06,5.80236019555604e-06,2.03087784448034e-06,3.02717078833906e-06,7.94107415863103e-04,5.98427606090421e-06,,SSA_3,World_8,,2.12967e+07
2006,Egypt,EGY,1.19010786296589e-07,2.98917753851874e-03,1.61595989245458e-12,3.72792671448465e-06,1.5301471870774e-06,5.39200866285105e-07,5.68789851490894e-06,5.72445820414934e-02,6.38708247742571e-04,,,World_6,,8.27004e+07
2009,Papua New Guinea,PNG,3.90663218826865e-07,2.1639363856613e-03,2.263056855624e-10,4.01691019932856e-06,5.66111776184325e-06,2.52383494864558e-06,3.11845218478825e-06,4.45016305830206e-04,4.25904278314333e-06,,,World_7,EAP_6,7406438
2011,South Korea,KOR,7.87317695671481e-07,1.71746251604986e-02,1.18780960447469e-11,2.82406032727482e-05,9.07897340456579e-06,1.85842368990659e-06,2.45967417123299e-05,3.80552764885577e-03,4.86028803459005e-05,,,World_5,EAP_1,4.993664e+07
2006,Panama,PAN,3.97376098914298e-07,3.50447608707357e-03,1.01699500729163e-10,9.80080366153983e-06,4.17044730325728e-06,1.38338909037811e-06,1.08700789393895e-05,8.61971783109756e-04,5.11927110244751e-06,LACC_2,,World_2,,3375024
2015,Djibouti,DJI,5.33263987254756e-07,5.21942567614667e-03,2.29657605148479e-11,8.07608601706192e-06,6.87826887336073e-06,2.45888310823388e-06,6.98013130563794e-06,7.4906843300596e-03,1.07295477187828e-04,,,World_1,,1020313
2010,Germany,DEU,8.26336426498237e-07,1.73365911532013e-02,9.92609722324341e-12,3.03556237398913e-05,7.83509776608372e-06,1.87081633651554e-06,1.91238392786008e-05,3.95672004390429e-03,4.30561315795362e-05,,,World_5,,8.177693e+07
2021,Armenia,ARM,2.53177410720284e-07,5.14491666467674e-03,1.43842040654234e-11,8.7337528943982e-06,3.24154563150344e-06,1.55555397239063e-06,2.46238448256646e-06,,,,,World_2,,2962300
2017,Malawi,MWI,2.80791167720379e-07,1.44389706599339e-03,4.10478137463431e-12,1.28620099536321e-06,3.99439380976285e-06,1.79778919196967e-06,1.04944649235691e-06,1.81877075249416e-04,3.09216413364044e-06,,SSA_2,World_7,,1.803972e+07
2013,Dominican Republic,DOM,4.53806255147389e-07,4.14632793272669e-03,5.98408068861501e-11,1.40741075373865e-05,5.03558729870019e-06,1.6936619634736e-06,1.06969955073862e-05,2.2800670219419e-03,5.06132835406604e-05,LACC_2,,World_9,,1.019383e+07
2016,Angola,AGO,4.75288103193739e-07,3.56577478349488e-03,1.83500020604757e-11,6.19173943813814e-06,6.04442726208384e-06,2.72566241775124e-06,3.95752629443386e-06,5.82661425993907e-04,7.45966943381056e-06,,SSA_1,World_4,,2.918307e+07
2005,Jordan,JOR,3.38590597056369e-07,6.74815129036634e-03,6.97989258061196e-12,1.50591532201849e-05,2.8213421952004e-06,6.5911337405609e-07,2.53350671994737e-05,8.6929158001392e-03,1.16246188056486e-04,,,World_3,,6029587
2019,South Korea,KOR,7.30412445573401e-07,1.82373612612469e-02,1.22331683673326e-11,2.80703068963826e-05,9.46742901455077e-06,2.21688044729471e-06,2.11016098245869e-05,3.18798436938603e-03,3.78789361870445e-05,,,World_5,EAP_1,5.176482e+07
2015,New Zealand,NZL,1.37872129502517e-06,1.69907549364552e-02,5.16901402954567e-11,3.66525867170645e-05,1.11499325988385e-05,3.42152293901456e-06,2.06914130770709e-05,3.15057075646965e-03,3.13101769333801e-05,,,World_5,EAP_1,4609400
2007,Turkey,TUR,4.97349175589082e-07,8.01328285269876e-03,1.81271569022867e-11,1.44943663340121e-05,6.62179203366543e-06,2.19577734019807e-06,2.29783308099434e-05,9.93882904048195e-03,8.02467195898858e-05,,,World_3,,7.015811e+07
2011,Rwanda,RWA,3.94998617145091e-07,1.36552563644252e-03,9.52465817947332e-12,1.35403640946669e-06,6.54604452579734e-06,2.40032327203531e-06,9.30155295513076e-07,2.26071468736535e-03,3.72534733811725e-06,,SSA_4,World_7,,1.057373e+07
2020,Venezuela,VEN,2.60118417098338e-07,5.92345573785687e-03,4.58073241348884e-11,1.24469472138222e-05,2.31808248094945e-06,8.03484185937722e-07,4.07954619747912e-06,1.4104604277227e-03,7.54883637391635e-06,LACC_2,,World_9,,2.844408e+07
2020,Sierra Leone,SLE,6.04615636291713e-07,2.13776120787115e-03,1.83024986433301e-11,2.00965573928705e-06,9.65974158336361e-06,3.80238253188353e-06,1.00715927187048e-06,4.33400551215803e-04,5.25335503280576e-06,,SSA_2,World_7,,7912558
2016,Slovenia,SVN,9.32409437569691e-07,1.38199961836129e-02,8.97536770782125e-12,1.80501655777225e-05,1.26948240514008e-05,5.26562044462369e-06,1.68719829595611e-05,2.5023898016915e-03,2.38024111295799e-05,,,World_5,,2065042
2011,Cameroon,CMR,4.80087867013417e-07,2.4612991275794e-03,1.74855055919585e-11,2.90159607377772e-06,7.07361105120746e-06,3.23503300499583e-06,1.64707520687001e-06,6.35798790923565e-04,7.78566911252559e-06,,SSA_2,World_7,,2.02323e+07
2006,Kuwait,KWT,1.385057431804e-06,3.9997446194543e-02,3.92377577875671e-11,5.24465825350359e-05,1.42144602909474e-05,3.43177916465249e-06,4.95268649463703e-05,4.29854563689787e-02,6.44066888596569e-04,,,World_3,,2364733
2007,El Salvador,SLV,4.73273827433888e-07,0.00462478241522,2.78358498327297e-11,2.15963743798437e-05,4.84310265511121e-06,2.05169063688517e-06,1.69454836381312e-05,8.79621139917593e-04,7.77721052831226e-06,LACC_2,,World_9,,6009824
2005,Venezuela,VEN,3.49175795515996e-07,7.78813428005181e-03,5.22376847554197e-11,2.11652765174783e-05,2.6918775785472e-06,9.98281960796794e-07,6.26990301012854e-06,9.64898394492818e-04,6.11918986373245e-06,LACC_2,,World_9,,2.67858e+07
2011,"Cote d'Ivoire",CIV,5.62836421161931e-07,2.1978996387157e-03,1.45901504166297e-11,1.96954225480252e-06,9.04206131529105e-06,3.21343135731861e-06,1.12636128453219e-06,8.0308886838092e-04,1.49442320425058e-05,,SSA_2,World_7,,2.2982e+07
2009,Pakistan,PAK,3.80114804069759e-07,2.7348338055584e-03,1.09693431963004e-12,4.74080773031723e-06,4.91633027826992e-06,2.40770810045227e-06,5.61000576914369e-06,8.36498909035128e-03,3.11358250503553e-04,,,World_1,,1.943765e+08
2004,Libya,LBY,1.04178936442553e-06,1.2972791500121e-02,8.65673051011032e-12,2.68996164260313e-05,6.13014560837828e-06,1.16254464229889e-06,2.92386433044899e-05,1.75783487796861e-02,3.69320178176929e-04,,,World_6,,5736693
2014,Morocco,MAR,1.83811464555541e-07,3.19367680453647e-03,7.13391418203342e-12,5.1586648575866e-06,3.03923448523505e-06,8.84553980950604e-07,1.00619790281369e-05,8.57843354993106e-03,4.83080992542712e-05,,,World_3,,3.420478e+07
2004,Mongolia,MNG,2.64395055067009e-07,5.5277679961425e-03,2.90295466719404e-12,8.38597660332425e-06,5.40693646553672e-06,6.32354002996481e-07,1.42627132688148e-05,1.24804735413795e-03,8.80984102366541e-06,,,World_8,EAP_5,2508412
2020,Cuba,CUB,6.04872415100637e-07,5.25003569650404e-03,1.25722315762891e-10,1.13525331078574e-05,4.95462017514145e-06,2.73424896194762e-06,2.63820997552165e-05,1.51783974991813e-03,4.09521075595216e-05,LACC_2,,World_3,,1.117635e+07
2018,Mali,MLI,2.79643736677719e-07,1.82601860027866e-03,2.91388741027537e-12,2.25466834693403e-06,4.16180015622715e-06,1.67197277125173e-06,1.22965118953663e-06,1.24609703974658e-03,7.73272642473428e-06,,SSA_2,World_7,,2.044203e+07
2019,Guatemala,GTM,9.2137984848902e-07,4.95183274720482e-03,2.07026671511581e-11,8.18174994158241e-06,1.35748620501058e-05,6.54506285755888e-06,5.52907117907479e-06,9.74506331918379e-04,7.92954449890217e-06,LACC_2,,World_9,,1.71038e+07
2015,Bosnia and Herzegovina,BIH,5.83902325483858e-07,7.42360984360711e-03,7.36224510467461e-12,1.14851919548482e-05,7.9298321689342e-06,2.4601082198114e-06,3.01126875949574e-05,6.1204237595415e-04,8.94972287608861e-06,,,World_2,,3518541
2015,Mauritania,MRT,5.28444824278811e-07,4.36671536855689e-03,1.26007194623788e-11,5.31161838090764e-06,7.41740855565791e-06,2.9208172946217e-06,3.38568356038169e-06,6.64600120881303e-03,2.06434080774135e-05,,SSA_4,World_1,,3965959
2008,Canada,CAN,1.47869097265932e-06,2.66697322138623e-02,9.40051543423583e-12,6.61834616757314e-05,1.42501603445003e-05,4.39442829581745e-06,3.95760016940628e-05,3.73653494531089e-03,3.53729145478156e-05,,,World_5,,3.32473e+07
2007,Austria,AUT,1.12116950407209e-06,1.9909346980733e-02,1.15261852439488e-11,4.68046547382112e-05,8.92854637373761e-06,1.93838169806533e-06,2.58342926181709e-05,2.42326605810592e-03,2.47360219049832e-05,,,World_5,,8295487
2002,Chile,CHL,8.97866266537078e-07,7.15059310721068e-03,1.51835377961902e-11,1.89179846797317e-05,1.1014247287668e-05,3.83197663231529e-06,1.37027077961244e-05,2.10354269517235e-03,1.08133666150803e-05,LACC_1,,World_5,,1.585793e+07
2013,Denmark,DNK,1.42358903118133e-06,1.99746618583457e-02,1.115861634407e-11,4.6274631239173e-05,1.28452902135997e-05,3.61720866850546e-06,2.63204412234609e-05,3.13983408969516e-03,3.35549750789799e-05,,,World_5,,5614932
2015,Tunisia,TUN,3.18625236080168e-07,4.14705548310994e-03,8.68956883477392e-12,5.94021827463427e-06,4.644551354702e-06,1.62365615499202e-06,5.16321383904483e-06,5.91081627349088e-03,7.54309242148733e-05,,,World_3,,1.140226e+07
2021,India,IND,4.29014899523017e-07,3.22539517259664e-03,5.03728528424601e-12,6.21589555771274e-06,5.95822543882471e-06,1.91459324429701e-06,7.73110021590366e-06,,,,,World_7,,1.414204e+09
2009,Rwanda,RWA,4.32014167277362e-07,1.42086818096276e-03,9.97663367802844e-12,1.27309697431686e-06,7.1496390148055e-06,2.56927694336584e-06,8.98874123729839e-07,2.28645175622904e-03,4.36399987466105e-06,,SSA_4,World_7,,1.006043e+07
2014,Bolivia,BOL,3.35009855755364e-07,5.0575775238164e-03,6.47835309965693e-11,6.64244060483159e-06,4.16199192487823e-06,1.64608944139015e-06,3.28690444272373e-06,4.17135261051989e-04,1.85234520308588e-06,LACC_2,,World_8,,1.084889e+07
2002,Brazil,BRA,7.20704174710928e-07,6.37223106005385e-03,4.32007876556428e-11,1.00793266004967e-05,7.34845381272964e-06,3.43325753781716e-06,6.0348708573889e-06,3.6101957372464e-04,2.77217443472568e-06,LACC_2,,World_9,,1.785035e+08
2008,Italy,ITA,8.91238236053421e-07,1.52375435691117e-02,1.90298255943536e-11,3.10486571555211e-05,8.84600938134639e-06,2.8066848013081e-06,2.03908172486223e-05,6.45696093795159e-03,6.56814046281402e-05,,,World_5,,5.882673e+07
2009,Zimbabwe,ZWE,1.05778074729051e-06,4.28822782716803e-03,1.31114056478762e-11,4.28030736593574e-06,1.62556207882347e-05,7.48729722966031e-06,5.57169362361804e-06,9.54629602332214e-04,1.39673543763809e-05,,SSA_4,World_1,,1.314279e+07
2018,Singapore,SGP,2.08126323420549e-06,2.7601240457323e-02,3.76346665796485e-11,5.7065700588547e-05,2.59240297449976e-05,5.68942167956382e-06,4.33288409184676e-05,1.24117646165271e-02,1.44260485091084e-04,,,World_5,EAP_1,5638676
2010,CSSR/Czech Republic (1990/1991),CZE,9.07109866719739e-07,1.48557782049455e-02,6.63958470865086e-12,2.5765402887459e-05,1.044977667794e-05,3.27326278474805e-06,2.1929267356676e-05,1.49013203913801e-03,1.56142009050575e-05,,,World_5,,1.047441e+07
2007,Germany,DEU,8.87352282425689e-07,1.80034966981563e-02,1.1256191892272e-11,3.56374110060432e-05,8.1180591634699e-06,2.0077654778365e-06,2.07748741195024e-05,4.23693327424269e-03,4.39851795764067e-05,,,World_5,,8.226637e+07
2019,Tunisia,TUN,3.15845976104872e-07,4.21474842490339e-03,8.98777977184981e-12,5.67260987807202e-06,4.55898519451717e-06,1.60716829637801e-06,4.0660653952513e-06,6.22550758772097e-03,8.39982034027445e-05,,,World_3,,1.187508e+07
2021,Austria,AUT,9.65621357414001e-07,1.59737633374275e-02,9.26049796191447e-12,3.57413672867599e-05,8.42411649580223e-06,2.16362777718882e-06,1.64293719396286e-05,,,,,World_5,,8955797
2010,Jamaica,JAM,3.80728222817984e-07,4.32208956236997e-03,3.3656606745946e-11,1.62700209047172e-05,3.59309413616096e-06,1.072726969692e-06,1.86633204829287e-05,2.09031012716902e-03,1.47646695305048e-05,LACC_2,,World_2,,2748568
2014,Oman,OMN,7.162347607868e-07,2.27525935887279e-02,1.11689855758784e-11,3.38254725953402e-05,6.67516807818887e-06,1.59845920300851e-06,2.10789993640375e-05,1.85831338396129e-02,4.16799778426474e-04,,,World_6,,4002439
2010,Indonesia,IDN,5.76556438104339e-07,4.12263621142735e-03,2.70273912722215e-11,7.02000029941313e-06,7.73034670011178e-06,3.53852511338986e-06,7.47410041289208e-06,1.8402057003334e-03,1.13233497294838e-05,,,World_8,EAP_5,2.463053e+08
2021,Zimbabwe,ZWE,1.05284201947517e-06,4.13210544374695e-03,1.17891186379779e-11,6.06331303587187e-06,1.65948051056802e-05,7.43714732897607e-06,6.9844586387747e-06,,,,SSA_4,World_1,,1.579721e+07
2005,Namibia,NAM,7.01286260939518e-07,7.43134951339639e-03,3.43699402904515e-10,1.61078603985984e-05,8.93272823795438e-06,2.21035294467249e-06,1.49100518819998e-05,9.0675223576066e-04,8.19961970310142e-06,,SSA_3,World_8,,1966582
2012,Togo,TGO,4.47305601019379e-07,1.92709071299019e-03,5.40338481008083e-12,2.5504703853882e-06,6.86230479277673e-06,2.45017995465612e-06,9.98083614956269e-07,3.29008136149667e-04,4.25993191379739e-06,,SSA_2,World_7,,7100736
2013,El Salvador,SLV,3.60481656796782e-07,3.88413842522291e-03,3.23956209702082e-11,2.07473411991186e-05,4.16307290399027e-06,1.75697753029234e-06,1.61412562715593e-05,5.89562198817056e-04,4.80098532693825e-06,LACC_2,,World_9,,6138839
2019,Kazakhstan,KAZ,5.09773966339179e-07,1.37869091338163e-02,1.47737851921034e-11,2.4816241449744e-05,7.65861806487938e-06,7.37238146634638e-07,4.3810179693382e-05,4.3731713922231e-03,6.44579185370896e-05,,,World_3,,1.920956e+07
2013,Morocco,MAR,1.97875739527414e-07,3.20258351590283e-03,7.11438195563813e-12,5.3017721468434e-06,3.01481013134818e-06,8.91345509733224e-07,9.90542461703729e-06,9.21828432297961e-03,5.16880307420897e-05,,,World_3,,3.378757e+07
2021,Mali,MLI,2.50751757818958e-07,1.86970036430627e-03,2.63460690619671e-12,2.09216559697798e-06,3.76660261329456e-06,1.52432000190469e-06,1.15864953758619e-06,,,,SSA_2,World_7,,2.238863e+07
2014,Ghana,GHA,3.77516301987458e-07,2.18657910686406e-03,9.91315878248992e-12,4.62773702490722e-06,4.8864879447776e-06,1.22065722071114e-06,3.30180325085756e-06,5.94105221817698e-04,4.84205296571532e-06,,SSA_3,World_8,,2.804159e+07
2008,Luxembourg,LUX,2.15935182310707e-06,4.25507546758215e-02,2.07991523548456e-11,7.94776852567046e-05,1.93716863918383e-05,4.70670614785085e-06,4.52463878993701e-05,5.94343474584075e-03,5.79568562007848e-05,,,World_5,,488650
2016,Liberia,LBR,1.21190229699103e-06,3.49885458519068e-03,3.44381296937243e-11,3.34926862581739e-06,1.98624351447163e-05,8.64881730612675e-06,2.1596341427575e-06,3.18217780464521e-04,3.52852995273027e-06,,SSA_2,World_7,,4755608
2002,Turkmenistan,TKM,2.05302907237752e-07,9.94696339253103e-03,2.87428158127234e-11,1.35105724093316e-05,1.98967853407022e-06,2.08961736286935e-07,7.85487258301877e-06,2.0524011456082e-02,7.22437675411645e-04,,,World_6,,4769465
2005,Burkina Faso,BFA,5.32962159695573e-07,2.0362122605046e-03,2.84516807944668e-12,1.72060617370297e-06,8.64923328120897e-06,3.61039315827809e-06,8.85685573802169e-07,5.12563953616077e-04,4.55418304370483e-06,,SSA_2,World_7,,1.393212e+07
2004,Pakistan,PAK,4.0858339429193e-07,2.57005055533215e-03,1.08329113934615e-12,4.08578128222937e-06,4.91884765057082e-06,2.47698243793064e-06,3.14158005988762e-06,8.01766936052532e-03,2.8965182220214e-04,,,World_1,,1.71286e+08
2004,Senegal,SEN,3.05909174416806e-07,2.13637372624917e-03,4.28802665191339e-12,3.89956453241044e-06,3.75203358171705e-06,1.27782217985563e-06,3.88450067568291e-06,4.45700799131011e-03,1.26288572933988e-05,,SSA_2,World_7,,1.09757e+07
2005,Haiti,HTI,6.3963019904988e-07,2.61205753165011e-03,5.22460648926249e-11,3.34801847186338e-06,8.78831009787824e-06,3.10530667231103e-06,1.49202333241232e-06,6.59019965093483e-04,1.23802535671901e-05,LACC_3,,World_1,,9061273
2021,Morocco,MAR,1.5571576637122e-07,3.4495682821314e-03,6.38361276294196e-12,4.94742009193989e-06,2.92631623144431e-06,8.42392026239759e-07,1.06032398390685e-05,,,,,World_3,,3.695444e+07
2005,Panama,PAN,3.96292039536819e-07,3.6893792136723e-03,1.08121552419251e-10,1.17269315410039e-05,4.23890955894472e-06,1.38554334401267e-06,1.21760309922129e-05,1.00710444263819e-03,5.99142311788646e-06,LACC_2,,World_2,,3313026
2004,Switzerland,CHE,1.27489465719113e-06,1.86452772699885e-02,1.35668144306206e-11,5.9133868797833e-05,1.00862299429406e-05,2.71391618698577e-06,3.77262614741138e-05,5.2641937663744e-03,3.73838743924777e-05,,,World_5,,7389625
2006,Papua New Guinea,PNG,4.06252776151119e-07,2.18285360838949e-03,2.15123797938765e-10,3.14960945515504e-06,6.11877407428234e-06,2.78483454621296e-06,2.7424997303414e-06,3.98550528115435e-04,4.3443509598038e-06,,,World_7,EAP_6,6747720
2012,Rwanda,RWA,4.07953501076987e-07,1.4310693982678e-03,9.29965524547759e-12,1.45704225660714e-06,6.71331575256684e-06,2.4363052775995e-06,9.89823008169751e-07,1.87867495910243e-03,3.24085988850679e-06,,SSA_4,World_7,,1.08299e+07
2007,Canada,CAN,1.5062322537386e-06,2.72969144368263e-02,9.38948579943221e-12,6.91778362295309e-05,1.43603941754647e-05,4.39887279931446e-06,4.1643297936776e-05,3.66137135170595e-03,3.52383487232492e-05,,,World_5,,3.288889e+07
2011,Benin,BEN,4.32827895288318e-07,1.9238927347891e-03,1.96380308638978e-12,4.2884282869176e-06,6.2146734871805e-06,2.11545452515964e-06,1.37584335519641e-06,2.71530556809222e-04,2.1915577823614e-06,,SSA_2,World_7,,1.009362e+07
2005,Poland,POL,5.07835793461137e-07,1.10391636181319e-02,4.11649622032507e-12,1.76677808305774e-05,7.84218684130267e-06,1.8820456221456e-06,2.24313571291547e-05,8.82235057572827e-04,1.63436134481402e-05,,,World_5,,3.816544e+07
2016,Senegal,SEN,2.98192328524175e-07,2.19192745008149e-03,3.59682314523355e-12,4.96387354289505e-06,3.75993837386836e-06,1.28739836876136e-06,5.07028299549027e-06,6.1388511577728e-03,2.48128593905048e-05,,SSA_2,World_7,,1.503452e+07
2002,Uruguay,URY,5.24881110027744e-07,6.27555142238715e-03,1.76110481960767e-11,1.01844482928814e-05,5.36161358779368e-06,2.31715626456129e-06,6.48048112709219e-06,8.75071815808888e-04,7.42548944589189e-06,LACC_1,,World_5,,3278867
2004,Somalia,SOM,7.71443612398603e-07,4.06858664244483e-03,4.72383740157354e-11,2.06907407813011e-06,1.16284256204872e-05,5.0672019129486e-06,7.80472749896814e-07,1.43157984793585e-03,1.11214992130781e-05,,SSA_1,World_4,,1.0281e+07
2019,Zimbabwe,ZWE,1.096069270087e-06,4.04755455185207e-03,1.18314397207527e-11,6.52783841425623e-06,1.7208901741165e-05,7.71135254526995e-06,7.38163221679427e-06,6.61959919799562e-04,1.22842642309042e-05,,SSA_4,World_1,,1.527137e+07
2011,Laos,LAO,6.98176890418251e-07,4.14535739554664e-03,2.54726254081745e-11,4.28974937593624e-06,9.91496883964032e-06,4.96214542055147e-06,2.64712645922413e-06,3.24359575166784e-04,4.14404409283065e-06,,,World_1,EAP_2,6426590
2019,Belgium,BEL,1.09811228417684e-06,1.97442333669596e-02,1.17232877934739e-11,3.48086561030636e-05,1.0705358729368e-05,3.61700056497049e-06,1.73610640446775e-05,4.86463886131237e-03,5.38696067679614e-05,,,World_5,,1.148898e+07
2021,Uruguay,URY,1.38196797989976e-06,1.01446948158181e-02,8.99602858569766e-12,1.65242495165029e-05,1.07574349372395e-05,5.58871341870925e-06,1.18561395058378e-05,,,LACC_1,,World_5,,3396695
2011,North Korea,PRK,2.1771558268539e-07,2.63790543484347e-03,1.12604119031084e-12,4.25396124674572e-06,4.50968682390716e-06,6.32615181735823e-07,1.03674896438699e-05,1.7356273042406e-04,8.29189728662217e-06,,,World_6,EAP_3,2.509787e+07
2019,Bhutan,BTN,3.03085721987877e-06,1.19620452234279e-02,4.35289318381003e-11,1.01776145798576e-05,4.3117685728e-05,2.05066610429356e-05,7.96245705931563e-06,4.00361231206931e-03,5.20396815512673e-05,,,World_7,,764824
2009,North Korea,PRK,2.83128106624531e-07,3.30020001741162e-03,1.13688074656545e-12,6.26815232296876e-06,6.1525209059043e-06,6.30128630060142e-07,1.61306100673058e-05,1.70824345486439e-04,8.49044172689315e-06,,,World_6,EAP_3,2.487833e+07
2008,Pakistan,PAK,4.02349223983174e-07,2.84021058345553e-03,1.22261259496945e-12,4.8325705253438e-06,5.0502574169937e-06,2.5108849026837e-06,5.15644545550648e-06,8.61005407524278e-03,3.14828103088411e-04,,,World_1,,1.894991e+08
2007,Iran,IRN,3.30803783388364e-07,8.98138900275659e-03,8.94015769058047e-12,1.71335479579945e-05,2.95366637549197e-06,6.47142048517689e-07,1.58866877309508e-05,2.39573919599741e-02,2.96876753977504e-04,,,World_6,,7.460265e+07
2009,Rep Congo,COG,5.37796675029318e-07,4.80089421079587e-03,4.58752716905986e-11,5.15441683904734e-06,7.02994626318817e-06,2.33664437058417e-06,3.28978437941257e-06,7.94409336853172e-04,1.02021349870689e-05,,SSA_4,World_1,,4281219
2014,Hungary,HUN,6.06275155518676e-07,8.59477326731428e-03,6.02463828816386e-12,1.32637690975877e-05,8.322146415655e-06,3.40379897706369e-06,1.2599018347067e-05,9.29156691846976e-04,9.91076675997583e-06,,,World_5,,9866468
2013,Eritrea,ERI,4.47186855509111e-07,2.74195727009571e-03,2.599185055077e-11,3.20407014445676e-06,6.4987666217914e-06,2.37400348805481e-06,2.09322983095588e-06,2.33637802364886e-03,2.02516861437743e-05,,SSA_4,World_1,,3074360
2021,Ukraine,UKR,2.06619823983762e-07,5.12356420708374e-03,4.73809964523891e-12,9.70317163455145e-06,3.07102701443313e-06,1.07796103607305e-06,1.35510699506917e-05,,,,,World_2,,4.429864e+07
2002,Somalia,SOM,7.54136911235626e-07,4.0906870615458e-03,5.06986749983508e-11,2.08871964862709e-06,1.13571203509567e-05,4.97097781330702e-06,7.90192592903327e-07,1.28725916993274e-03,9.54318741407946e-06,,SSA_1,World_4,,9550063
