"","iso3","Country","Year","GHG","Biodiversity_Impact","Scarce_Water_Consumption","GDP_PPPcap","Population","TFP","HDI","Helper","Cluster","country","year","lnTFP","lnGHG","lnGDP","nGHG","nBiodiversity_Impact","nScarce_Water_Consumption","EF","lnEF"
"1","AGO","Angola",2000,4.058552234,2.54e-11,4.080665194,6002.98914,16394062,0.139858246,0.391,"AGO2000","11","AGO",2000,-1.9671258978976,1.40082631740854,8.70001281415475,0.514810692468679,1.9079439972443,0.105966148201398,0.470392198079116,-0.75418846825143
"2","AGO","Angola",2001,3.934028233,2.52e-11,4.626198596,6049.163212,16941587,0.146253809,0.401,"AGO2001","11","AGO",2001,-1.92241174876488,1.36966389660609,8.70767522939278,0.499015334053247,1.89292081616363,0.120132483976787,0.484137732459187,-0.725385841551541
"3","AGO","Angola",2002,3.666066111,2.43e-11,3.956615726,6645.477766,17516139,0.167584434,0.417,"AGO2002","11","AGO",2002,-1.78626797114238,1.29911918280647,8.80169186713312,0.465025438733793,1.82531650130065,0.102744848808907,0.443463945066412,-0.81313877689256
"4","AGO","Angola",2003,3.611863844,2.38e-11,3.829593892,6609.214889,18124342,0.175889045,0.435,"AGO2003","11","AGO",2003,-1.73790190888246,1.28422393938467,8.79622014954317,0.458150103639204,1.78775854859899,0.0994463634280803,0.433479455973563,-0.835910874948979
"5","AGO","Angola",2004,3.532850696,2.34e-11,3.5807883,7074.025947,18771125,0.209705845,0.448,"AGO2004","11","AGO",2004,-1.56204946831059,1.2621051076482,8.86418503769763,0.448127610126556,1.75771218643766,0.0929854142980281,0.418396553981236,-0.871325602447855
"6","AGO","Angola",2005,3.719971553,2.25e-11,5.391455775,7845.890153,19450959,0.277228028,0.463,"AGO2005","11","AGO",2005,-1.28291490566666,1.31371602121281,8.96774512628913,0.471863122795457,1.69010787157467,0.140004576340878,0.481530977685128,-0.730784714018756
"7","AGO","Angola",2006,3.411611994,2.25e-11,5.884701828,8435.455047,20162340,0.342992753,0.475,"AGO2006","11","AGO",2006,-1.07004596031929,1.22718490510912,9.04019894100569,0.432748978404695,1.69010787157467,0.152813121484156,0.481693043384859,-0.730448207250413
"8","AGO","Angola",2007,3.75678431,2.22e-11,5.236265939,9263.980703,20909684,0.353546321,0.492,"AGO2007","11","AGO",2007,-1.03974076686921,1.32356335477612,9.13388911680111,0.47653266992216,1.66757309995368,0.135974628188036,0.476297695565806,-0.741712209386049
"9","AGO","Angola",2008,4.290533333,2.2e-11,11.1388244,9916.909351,21691522,0.380193233,0.504,"AGO2008","11","AGO",2008,-0.967075647613295,1.45641104525945,9.20199659437597,0.54423654270546,1.65254991887301,0.28925144824311,0.638370206015175,-0.448836903711334
"10","AGO","Angola",2009,4.354101447,2.16e-11,8.776990112,9629.091948,22507674,0.249806419,0.517,"AGO2009","11","AGO",2009,-1.38706898506356,1.47111826226531,9.17254420626521,0.55229989704968,1.62250355671169,0.227919662788782,0.588908023232081,-0.529485265025113
"11","AGO","Angola",2010,3.784157033,2.06e-11,10.30108073,9672.839224,23364185,0.305679142,0.528,"AGO2010","11","AGO",2010,-1.18521928270428,1.33082314953575,9.17707715693411,0.480004787482785,1.54738765130837,0.267497036726936,0.58351840252114,-0.538679289584651
"12","AGO","Angola",2011,4.161142822,2.01e-11,9.811000792,9627.020598,24259111,0.367835522,0.545,"AGO2011","11","AGO",2011,-1.00011939181257,1.42578975337234,9.17232906938303,0.527823887471222,1.50982969860671,0.254770708819173,0.587744851326855,-0.531462351571649
"13","AGO","Angola",2012,4.185806523,1.95e-11,8.29750436,10051.33991,25188292,0.397338152,0.557,"AGO2012","11","AGO",2012,-0.922967592581711,1.43169940293652,9.21546122897843,0.530952376710385,1.46476015536472,0.215468443234774,0.551317680415287,-0.59544408349391
"14","AGO","Angola",2013,4.32828185,1.91e-11,8.274923787,10150.9161,26147002,0.406076342,0.567,"AGO2013","11","AGO",2013,-0.901214102573913,1.46517066188222,9.22531923655473,0.549024787147316,1.43471379320339,0.214882074044646,0.553162169170129,-0.592104066977993
"15","AGO","Angola",2014,4.148700986,1.88e-11,9.742937879,10250.5924,27128337,0.414355665,0.577,"AGO2014","11","AGO",2014,-0.881030579764136,1.42279526982137,9.23509077801843,0.526245691642403,1.41217902158239,0.253003260527512,0.572885911752804,-0.557068688980454
"16","AGO","Angola",2015,4.015661807,1.83e-11,8.502475152,9980.929882,28127721,0.375301838,0.603,"AGO2015","11","AGO",2015,-0.980024675437753,1.39020216743907,9.20843153951413,0.509370217848402,1.37462106888073,0.220791096353674,0.536701365560749,-0.622313455437492
"17","AGO","Angola",2016,3.385375992,1.72e-11,4.702763385,9381.809726,29154746,0.360747039,0.609,"AGO2016","11","AGO",2016,-1.01957828926205,1.21946497611896,9.14652795793237,0.429421049237224,1.29199357293708,0.122120707806106,0.407672107281286,-0.89729208630899
"18","AGO","Angola",2017,3.378786498,1.71e-11,6.146012093,9042.117129,30208628,0.342038721,0.61,"AGO2017","11","AGO",2017,-1.07283132903011,1.21751662076993,9.10964862165253,0.428585198970043,1.28448198239675,0.159598790229597,0.444561238335201,-0.810667464484387
"19","AGO","Angola",2018,3.084951757,1.63e-11,7.030572379,8620.214664,31273533,0.373760253,0.611,"AGO2018","11","AGO",2018,-0.984140721877593,1.12653601930963,9.0618652663639,0.391313468125156,1.2243892580741,0.182568929141549,0.443905362564211,-0.812143886646946
"20","AGO","Angola",2019,2.595756893,1.55e-11,7.565716578,8274.542562,32353588,0.37838009,0.611,"AGO2019","11","AGO",2019,-0.971856059467769,0.953878147692459,9.02093891920068,0.32926110753751,1.16429653375144,0.196465479533317,0.42230876693228,-0.862018557294948
"21","AGO","Angola",2020,2.158047575,1.45e-11,1.276519439,7556.967928,33428486,0.430286348,0.61,"AGO2020","11","AGO",2020,-0.843304366343186,0.769203912468747,8.93022532099954,0.273739477136443,1.08918062834812,0.0331484798738036,0.214601944652124,-1.53897038707392
"22","ALB","Albania",2000,3.489536539,1.59e-11,10.06827933,6581.638952,3089027,0.337635398,0.682,"ALB2000","2","ALB",2000,-1.08578866986118,1.24976893054792,8.79203907415494,0.442633387094987,1.19434289591277,0.261451682236652,0.517036909148257,-0.659641016019493
"23","ALB","Albania",2001,3.471194699,1.41e-11,11.58072062,7232.575784,3060173,0.363166362,0.691,"ALB2001","2","ALB",2001,-1.01289425218286,1.24449882836325,8.88635051505326,0.440306799975461,1.05913426618679,0.300726548039832,0.519548458091078,-0.65479519446562
"24","ALB","Albania",2002,4.001614555,1.75e-11,12.94250313,7590.054736,3051010,0.384209186,0.697,"ALB2002","2","ALB",2002,-0.956568119511331,1.38669791842968,8.93459408195788,0.507588381589447,1.31452834455808,0.336089127524399,0.607545344122251,-0.498328466022445
"25","ALB","Albania",2003,4.116711403,1.61e-11,11.66198136,8024.821115,3039616,0.409953713,0.705,"ALB2003","2","ALB",2003,-0.891711020778869,1.41505464147234,8.99029465678404,0.522187944340779,1.20936607699343,0.302836715673887,0.576144009111073,-0.551397633717156
"26","ALB","Albania",2004,4.422129485,1.68e-11,16.01710563,8482.807533,3026939,0.419429928,0.71,"ALB2004","2","ALB",2004,-0.868858803975849,1.48662136400564,9.04579675099677,0.560928974447446,1.26194721077576,0.415929979122426,0.665257473407469,-0.407581135204021
"27","ALB","Albania",2005,4.565172377,1.61e-11,16.02498401,8963.803951,3011487,0.449575484,0.723,"ALB2005","2","ALB",2005,-0.799451510359138,1.51845627390357,9.10094996397661,0.579073378175045,1.20936607699343,0.416134563802369,0.662992156361659,-0.410992119391657
"28","ALB","Albania",2006,4.614848714,1.57e-11,15.41286521,9563.480768,2992547,0.458577752,0.732,"ALB2006","2","ALB",2006,-0.779625422600362,1.52927908605238,9.16570703684932,0.58537461762591,1.1793197148321,0.400239147640064,0.651320883954079,-0.428752848913791
"29","ALB","Albania",2007,4.937235749,1.69e-11,14.4406552,10262.37828,2970017,0.472023159,0.742,"ALB2007","2","ALB",2007,-0.750727228922296,1.59680560960516,9.23623989303261,0.626268089771198,1.26945880131609,0.374992932843021,0.668037218703108,-0.403411390376186
"30","ALB","Albania",2008,4.935074341,1.81e-11,16.35495447,11055.71776,2947314,0.527487874,0.749,"ALB2008","2","ALB",2008,-0.639629401573861,1.5963677368044,9.31070301746163,0.625993924037943,1.35959788780007,0.424703190975668,0.712342256584337,-0.339196785618257
"31","ALB","Albania",2009,4.718824161,1.79e-11,15.33473569,11429.96656,2927519,0.544203877,0.756,"ALB2009","2","ALB",2009,-0.608431328439331,1.55155965013011,9.34399383115028,0.59856347630842,1.34457470671941,0.398210291093,0.684335721089165,-0.379306661466677
"32","ALB","Albania",2010,4.910755996,1.9e-11,18.4160861,11828.37497,2913021,0.521304607,0.769,"ALB2010","2","ALB",2010,-0.651420749725547,1.59142790062626,9.37825658236368,0.622909241789859,1.42720220266306,0.478226371482686,0.751936675012114,-0.28510316733854
"33","ALB","Albania",2011,4.921725703,1.86e-11,15.91327284,12152.41716,2905195,0.553908646,0.781,"ALB2011","2","ALB",2011,-0.590755504749142,1.59365922164717,9.405283372192,0.624300704097412,1.39715584050173,0.413233663622325,0.711669121940015,-0.340142191960665
"34","ALB","Albania",2012,4.451354893,1.79e-11,12.7204222,12292.29683,2900401,0.518776536,0.79,"ALB2012","2","ALB",2012,-0.656282055010597,1.49320852017354,9.4167280711853,0.564636097495936,1.34457470671941,0.33032216071328,0.630614224133676,-0.461060975617997
"35","ALB","Albania",2013,4.524999095,1.8e-11,12.08668844,12525.08076,2895092,0.494323522,0.793,"ALB2013","2","ALB",2013,-0.704565073315485,1.50961737715187,9.43548837383647,0.573977562245438,1.35208629725974,0.313865450265403,0.624521814650887,-0.470769018640062
"36","ALB","Albania",2014,4.70363295,1.8e-11,9.820958972,12832.21222,2889104,0.511781991,0.797,"ALB2014","2","ALB",2014,-0.669856543448817,1.54833517821514,9.45971386831119,0.596636533545719,1.35208629725974,0.255029301457267,0.590338959087751,-0.527058400119907
"37","ALB","Albania",2015,4.439943153,1.81e-11,9.497609975,13156.33221,2880703,0.570814192,0.797,"ALB2015","2","ALB",2015,-0.560691530338859,1.49064157298379,9.48465845858636,0.563188565116666,1.35959788780007,0.246632619517456,0.573726541829923,-0.555602404142706
"38","ALB","Albania",2016,4.393188886,1.82e-11,10.08549793,13692.47885,2876101,0.566006184,0.797,"ALB2016","2","ALB",2016,-0.569150275043587,1.48005536111004,9.52460197201546,0.557257978251602,1.3671094783404,0.261898812455055,0.584338327035126,-0.537275136784138
"39","ALB","Albania",2017,4.434627731,1.8e-11,11.34824276,14155.03975,2873457,0.575157583,0.798,"ALB2017","2","ALB",2017,-0.553111218340349,1.48944367334332,9.55782600573704,0.562514325653229,1.35208629725974,0.294689595191427,0.607436568671296,-0.498507522928724
"40","ALB","Albania",2018,4.539490985,1.84e-11,13.1495822,14710.98258,2866376,0.458097011,0.801,"ALB2018","2","ALB",2018,-0.780674302886977,1.51281488792617,9.59634960810159,0.575815799009666,1.38213265942107,0.341466528114208,0.647729705955771,-0.434281790087417
"41","ALB","Albania",2019,4.570858207,1.87e-11,12.99809157,15078.50697,2854191,0.466369271,0.805,"ALB2019","2","ALB",2019,-0.762777531622403,1.51970097874159,9.62102562936597,0.579794602372934,1.40466743104206,0.337532640430085,0.65021125966663,-0.430457954026608
"42","ALB","Albania",2020,4.74085119,2.01e-11,12.27465268,14662.79552,2837849,0.472896218,0.794,"ALB2020","2","ALB",2020,-0.748879326826753,1.55621669553452,9.59306864757533,0.601357514526659,1.50982969860671,0.318746479598976,0.661457635852295,-0.413309340029268
"43","ARG","Argentina",2000,9.149692961,2.6e-11,5.016067189,22281.38143,37070774,0.720259726,0.789,"ARG2000","1","ARG",2000,-0.328143401464105,2.21372032254955,10.0115066952609,1.16060099699291,1.95301354048629,0.130256537566298,0.665879903282677,-0.406645950103714
"44","ARG","Argentina",2001,8.724389791,2.54e-11,4.362263373,21066.45813,37480493,0.6978212,0.795,"ARG2001","1","ARG",2001,-0.359792369492911,2.16612252764845,9.95543739252544,1.10665303554435,1.9079439972443,0.113278650685805,0.620738081984757,-0.476846054158345
"45","ARG","Argentina",2002,7.403655438,2.09e-11,2.815639557,18571.70205,37885028,0.622472107,0.795,"ARG2002","1","ARG",2002,-0.474056459679313,2.00197385635121,9.82939430604321,0.939123303848621,1.56992242292936,0.0731161377849568,0.47592445089589,-0.742496153952804
"46","ARG","Argentina",2003,7.868624726,2.04e-11,2.972150341,20005.13851,38278164,0.660173118,0.804,"ARG2003","1","ARG",2003,-0.415253178356296,2.06288329823899,9.90374444503642,0.99810274955506,1.5323644702277,0.0771803881323871,0.490547908058072,-0.712232332864406
"47","ARG","Argentina",2004,8.357388739,2e-11,3.539682925,21591.4494,38668796,0.68591398,0.808,"ARG2004","1","ARG",2004,-0.377003052704691,2.12314602651037,9.98005265418745,1.06010045846179,1.50231810806638,0.0919179956169933,0.527031398937032,-0.640495151689946
"48","ARG","Argentina",2005,8.42302835,2.04e-11,3.706685898,23262.40758,39070501,0.714885831,0.812,"ARG2005","1","ARG",2005,-0.335632425960923,2.13096942511172,10.0545939280248,1.06842657369796,1.5323644702277,0.0962547056742194,0.540144023455212,-0.615919464882389
"49","ARG","Argentina",2006,8.825987535,2.11e-11,4.03988212,24877.24939,39476851,0.757045925,0.822,"ARG2006","1","ARG",2006,-0.278331360277861,2.1777004985418,10.1217089856771,1.11954029236064,1.58494560401003,0.104907098988063,0.57097836926858,-0.560403952235304
"50","ARG","Argentina",2007,9.172268195,2.14e-11,7.538961397,26850.66459,39876111,0.789416373,0.825,"ARG2007","1","ARG",2007,-0.236461374899317,2.2161846051918,10.198045851586,1.16346457276528,1.60748037563102,0.195770704701221,0.715399857255789,-0.334913651687867
"51","ARG","Argentina",2008,9.29859354,2.13e-11,5.034088333,27658.48534,40273769,0.803120792,0.833,"ARG2008","1","ARG",2008,-0.219250150445353,2.22986315646439,10.2276878437772,1.17948842427346,1.59996878509069,0.130724508136065,0.627173071494379,-0.466532745347276
"52","ARG","Argentina",2009,8.266230121,2.07e-11,4.57979127,25747.19768,40684338,0.74325037,0.835,"ARG2009","1","ARG",2009,-0.296722319290398,2.11217855516489,10.1560810722085,1.04853736193098,1.5548992418487,0.118927384967004,0.578792209771598,-0.54681174359044
"53","ARG","Argentina",2010,9.130161101,2.2e-11,5.205875586,28056.25702,40788453,0.787421167,0.844,"ARG2010","1","ARG",2010,-0.238992018690054,2.21158333968669,10.2419669527418,1.15812346072085,1.65254991887301,0.135185455713257,0.637205924907889,-0.45066240264062
"54","ARG","Argentina",2011,9.52197296,2.25e-11,5.615505505,29425.75939,41261490,0.83832854,0.852,"ARG2011","1","ARG",2011,-0.17634520282659,2.25360207102874,10.289625739442,1.20782318683486,1.69010787157467,0.145822668677532,0.667699333920078,-0.403917305692456
"55","ARG","Argentina",2012,9.574800906,2.27e-11,5.741764274,28825.96669,41733271,0.832011402,0.85,"ARG2012","1","ARG",2012,-0.183909133927909,2.25913474174348,10.2690318810884,1.21452419495153,1.70513105265534,0.149101338892195,0.675899034300002,-0.391711571638497
"56","ARG","Argentina",2013,9.974912759,2.24e-11,5.995339989,29227.66018,42202935,0.821349442,0.852,"ARG2013","1","ARG",2013,-0.19680663036449,2.30007321677277,10.282870806321,1.26527674123695,1.68259628103434,0.1556861579152,0.692051610277096,-0.368094744820233
"57","ARG","Argentina",2014,9.801850154,2.22e-11,5.731924635,28200.81526,42669500,0.794062674,0.855,"ARG2014","1","ARG",2014,-0.23059288634135,2.2825711590822,10.2471061664374,1.24332446013185,1.66757309995368,0.14884582451036,0.675774818983146,-0.391895366445068
"58","ARG","Argentina",2015,10.25390412,2.29e-11,6.556106606,28669.20613,43131966,0.802109778,0.859,"ARG2015","1","ARG",2015,-0.220509800183624,2.32765852282043,10.2635788685743,1.3006656502538,1.720154233736,0.170248067706474,0.724889402021689,-0.321736184699837
"59","ARG","Argentina",2016,10.05966718,2.25e-11,6.522519208,27802.10572,43590368,0.823163986,0.857,"ARG2016","1","ARG",2016,-0.194599844204532,2.30853408062532,10.2328670421339,1.27602749166447,1.69010787157467,0.169375874810227,0.714839708427436,-0.335696945438695
"60","ARG","Argentina",2017,10.31686884,2.26e-11,11.6176859,28334.90418,44044811,0.884693742,0.861,"ARG2017","1","ARG",2017,-0.122513748102081,2.33378030703946,10.2518496869146,1.30865246654577,1.697619462115,0.301686457307699,0.875131862431394,-0.133380704057022
"61","ARG","Argentina",2018,9.597535711,2.13e-11,6.045201819,27367.11509,44494502,0.886977911,0.861,"ARG2018","1","ARG",2018,-0.119935200026612,2.2615063687507,10.2170973923873,1.21740801165029,1.59996878509069,0.156980963006081,0.673697420871825,-0.39497419932651
"62","ARG","Argentina",2019,8.833225687,2e-11,4.993164458,26629.55294,44938712,0.820132554,0.861,"ARG2019","1","ARG",2019,-0.198289300568477,2.17852025787245,10.1897768908338,1.12045842223269,1.50231810806638,0.129661802621875,0.602083280836588,-0.507359502981334
"63","ARG","Argentina",2020,8.567040171,2e-11,4.465497052,23877.09314,45376763,0.804938912,0.851,"ARG2020","1","ARG",2020,-0.216988890157326,2.14792230201025,10.0806748322914,1.08669388209222,1.50231810806638,0.115959408554492,0.574193632226143,-0.554788601175296
"64","ARM","Armenia",2000,2.549270197,1.11e-11,50.52919788,4589.00825,3168523,0.264570713,0.667,"ARM2000","2","ARM",2000,-1.32964671747861,0.935807120953183,8.43141921217051,0.323364460955546,0.833786549976838,1.31213520749575,0.707253741753086,-0.346365778248055
"65","ARM","Armenia",2001,2.427179507,1.06e-11,57.21333976,5044.116478,3133133,0.28763026,0.672,"ARM2001","2","ARM",2001,-1.24607944309283,0.886729886514523,8.52597778920518,0.307877758052887,0.796228597275179,1.48570807745251,0.714139722593021,-0.336676645881133
"66","ARM","Armenia",2002,2.265122476,1.15e-11,52.88232668,5731.353466,3105037,0.353809178,0.682,"ARM2002","2","ARM",2002,-1.0389975563832,0.817628830762273,8.65370698879711,0.287321488837078,0.863832912138166,1.37324093004422,0.698524320271718,-0.358785283036247
"67","ARM","Armenia",2003,2.400118934,1.01e-11,61.87279965,6569.260234,3084102,0.406143129,0.692,"ARM2003","2","ARM",2003,-0.901049647023326,0.875518291959383,8.79015650757439,0.304445235438536,0.758670644573519,1.60670428610207,0.718620283657511,-0.330422178069422
"68","ARM","Armenia",2004,2.506353722,1.12e-11,92.17872776,7299.400019,3065745,0.437706947,0.7,"ARM2004","2","ARM",2004,-0.826205663309686,0.918828996553051,8.89554743458068,0.317920682253383,0.84129814051717,2.39368442703769,0.861876822179002,-0.148642916233468
"69","ARM","Armenia",2005,2.799473203,1.19e-11,98.85934092,8362.90084,3047246,0.486897349,0.711,"ARM2005","2","ARM",2005,-0.71970196045813,1.02943125769456,9.03156063632211,0.35510168530307,0.893879274299493,2.56716566368255,0.934032165044246,-0.0682444033973958
"70","ARM","Armenia",2006,3.010257567,1.39e-11,113.0393599,9525.231468,3026486,0.548930168,0.725,"ARM2006","2","ARM",2006,-0.599784044105832,1.10202564553174,9.161699500802,0.381838816707552,1.04411108510613,2.93539043128727,1.05381461841249,0.0524165507906768
"71","ARM","Armenia",2007,3.790163042,1.45e-11,133.3273869,10898.84838,3004393,0.606576622,0.739,"ARM2007","2","ARM",2007,-0.499924223870252,1.33240903716641,9.29641240942453,0.480766625072643,1.08918062834812,3.46222710462107,1.21935432751876,0.198321478909665
"72","ARM","Armenia",2008,4.583912563,1.56e-11,137.6865551,11727.48213,2983421,0.594290793,0.743,"ARM2008","2","ARM",2008,-0.520386528905196,1.52255290484134,9.36969026643253,0.581450493849652,1.17180812429177,3.57542538028338,1.34554736170709,0.296800890644904
"73","ARM","Armenia",2009,4.049343272,1.37e-11,96.46160686,10143.23508,2964296,0.583509028,0.741,"ARM2009","2","ARM",2009,-0.538695355224405,1.39855471290817,9.2245622676824,0.51364257343736,1.02908790402547,2.50490163792442,1.09808187001516,0.0935649031630005
"74","ARM","Armenia",2010,4.061043929,1.39e-11,91.91082282,10438.56419,2946293,0.612655163,0.747,"ARM2010","2","ARM",2010,-0.489953041298271,1.40144006593204,9.25326232228507,0.515126753752214,1.04411108510613,2.38672750868583,1.08681231390597,0.0832489289309445
"75","ARM","Armenia",2011,4.202685785,1.38e-11,101.4343048,10990.1771,2928976,0.654771328,0.752,"ARM2011","2","ARM",2011,-0.423469221859859,1.43572379353288,9.30475716191751,0.533093441813794,1.0365994945658,2.63403196884341,1.13330061573949,0.125134274072147
"76","ARM","Armenia",2012,4.586515033,1.36e-11,91.00098729,11796.27412,2914421,0.698170662,0.761,"ARM2012","2","ARM",2012,-0.359291704672704,1.52312048362491,9.37553900805105,0.581780606487258,1.02157631348514,2.36310102574068,1.1198781757085,0.113219907702096
"77","ARM","Armenia",2013,4.635152075,1.31e-11,86.58574672,12194.01895,2901385,0.591112733,0.766,"ARM2013","2","ARM",2013,-0.525748530189438,1.53366900861981,9.40870086050953,0.587950015633182,0.984018360783476,2.24844667054551,1.09162984282525,0.0876718480870489
"78","ARM","Armenia",2014,4.633952112,1.33e-11,76.35576347,12667.37573,2889930,0.61605835,0.772,"ARM2014","2","ARM",2014,-0.484413595908681,1.53341009190413,9.44678512715788,0.587797805251905,0.99904154186414,1.98279588332552,1.05203415248368,0.0507255781266595
"79","ARM","Armenia",2015,4.462018877,1.19e-11,76.95434661,13112.76009,2878595,0.637780607,0.777,"ARM2015","2","ARM",2015,-0.449760930951866,1.49560132661547,9.48134108777952,0.565988780095786,0.893879274299493,1.99833980734491,1.00365705828669,0.00365038750770586
"80","ARM","Armenia",2016,4.465397806,1.18e-11,73.23475409,13192.99407,2865835,0.70407033,0.783,"ARM2016","2","ARM",2016,-0.350877027245642,1.49635830464872,9.48744121540289,0.56641738337055,0.886367683759161,1.90174994429938,0.984694018356303,-0.0154243273316759
"81","ARM","Armenia",2017,4.823773153,1.27e-11,84.46688366,14243.8749,2851923,0.796290636,0.785,"ARM2017","2","ARM",2017,-0.227791039175046,1.57355643365086,9.56408226171378,0.611875825178243,0.953971998622148,2.19342432826549,1.08586006043898,0.0823723554178682
"82","ARM","Armenia",2018,4.688138177,1.21e-11,93.41039341,15037.04524,2836557,0.685115874,0.789,"ARM2018","2","ARM",2018,-0.378167295901616,1.54503552645638,9.61827211809663,0.594671085189296,0.908902455380157,2.42566814993521,1.0944816758815,0.0902808958410873
"83","ARM","Armenia",2019,4.852317483,1.33e-11,97.65538944,16215.3608,2820602,0.708727419,0.796,"ARM2019","2","ARM",2019,-0.344284284765186,1.57945642237064,9.69371426949603,0.615496556277932,0.99904154186414,2.53590161851056,1.15961509095499,0.148088131912206
"84","ARM","Armenia",2020,4.831413345,1.44e-11,102.7752016,15052.93598,2805608,0.643082738,0.761,"ARM2020","2","ARM",2020,-0.441481888061311,1.5751390428726,9.61932833287863,0.612844952174112,1.08166903780779,2.66885219110534,1.20945536283124,0.190170144914608
"85","AUS","Australia",2000,28.17402623,1.3e-10,43.06534494,45013.00995,19028802,0.864831746,0.897,"AUS2000","1","AUS",2000,-0.14522030426522,3.33840049783789,10.7147068369682,3.57375958638383,9.76506770243144,1.11831490879631,3.3919926477428,1.22141755039865
"86","AUS","Australia",2001,28.39585441,1.38e-10,43.31438965,45338.68343,19274701,0.887340367,0.9,"AUS2001","1","AUS",2001,-0.119526641979799,3.34624316303341,10.7219158859249,3.60189758051834,10.365994945658,1.12478206730944,3.47592378513629,1.24586028113753
"87","AUS","Australia",2002,29.87305544,1.32e-10,32.2063649,46609.74418,19495210,0.900502145,0.902,"AUS2002","1","AUS",2002,-0.104802732358969,3.39695691825876,10.7495649008299,3.7892744679707,9.91529951323808,0.836330420108882,3.15558535361952,1.1491740108348
"88","AUS","Australia",2003,30.56178935,1.42e-10,117.5902614,47500.83512,19720737,0.897340119,0.906,"AUS2003","1","AUS",2003,-0.108320314878559,3.41975051461301,10.7685025713419,3.87663753753117,10.6664585672713,3.05356761071087,5.01681010589552,1.61279429465533
"89","AUS","Australia",2004,31.85119298,1.21e-10,71.109548,48980.89318,19932722,0.888430297,0.91,"AUS2004","1","AUS",2004,-0.11829908466177,3.46107483751765,10.7991855659463,4.04019309561197,9.08902455380157,1.84656288709542,4.07781795551561,1.405562030527
"90","AUS","Australia",2005,32.58251018,1.26e-10,47.19197983,49914.51464,20176844,0.895052254,0.914,"AUS2005","1","AUS",2005,-0.11087317805404,3.48377564686035,10.8180671139929,4.13295768072492,9.46460408081816,1.2254747916923,3.63264197862949,1.28996020135009
"91","AUS","Australia",2006,32.02715629,1.25e-10,39.61125675,50602.35025,20450966,0.879733086,0.917,"AUS2006","1","AUS",2006,-0.128136728881716,3.46658417697593,10.8317533018254,4.06251331924031,9.38948817541485,1.02861962539486,3.39805581226764,1.22320344814947
"92","AUS","Australia",2007,32.4986794,1.04e-10,41.66625669,51562.09401,20827622,0.867502868,0.919,"AUS2007","1","AUS",2007,-0.142136461114715,3.48119945466396,10.8505420693006,4.12232409036714,7.81205416194515,1.08198357902578,3.26619930855677,1.18362701796395
"93","AUS","Australia",2008,30.08132786,5.19e-11,44.98107094,52351.58705,21249199,0.874323547,0.924,"AUS2008","1","AUS",2008,-0.134304780754897,3.40390464238922,10.8657375319805,3.81569296958911,3.89851549043224,1.16806221605586,2.59007826395815,0.951688092999358
"94","AUS","Australia",2009,30.03844554,5.74e-11,49.87726931,52254.32273,21691653,0.876460731,0.927,"AUS2009","1","AUS",2009,-0.131863377678112,3.40247807921883,10.8638778980796,3.8102535233085,4.3116529701505,1.29520601674348,2.77105731407924,1.01922894920329
"95","AUS","Australia",2010,30.48532193,5.55e-11,46.07516477,52589.81821,22031750,0.922896981,0.929,"AUS2010","1","AUS",2010,-0.0802376639262718,3.41724531957957,10.8702778098366,3.86693795916633,4.16893274988419,1.19647349299828,2.68183296699597,0.986500503649349
"96","AUS","Australia",2011,30.76891141,5.17e-11,49.74335085,53112.53287,22340024,0.9484272,0.933,"AUS2011","1","AUS",2011,-0.0529502453202402,3.42650481041758,10.8801682032979,3.90291012070526,3.88349230935158,1.29172844073452,2.6952190883349,0.991479495429626
"97","AUS","Australia",2012,30.65637484,5.13e-11,43.63661341,54237.59191,22733465,0.90878135,0.938,"AUS2012","1","AUS",2012,-0.0956507527927217,3.42284062901015,10.9011295246892,3.88863531870951,3.85344594719025,1.13314952925079,2.57026500676703,0.944009009064647
"98","AUS","Australia",2013,29.25887076,4.62e-11,42.39456695,54699.35162,23128129,0.842362225,0.935,"AUS2013","1","AUS",2013,-0.171545161285568,3.3761828015458,10.9096071349577,3.71136766224682,3.47035482963333,1.10089623891791,2.42038665502582,0.883927302210019
"99","AUS","Australia",2014,27.81299266,3.99e-11,40.03742293,55288.11534,23475686,0.837970674,0.937,"AUS2014","1","AUS",2014,-0.176772174339132,3.32550327338755,10.920313251936,3.52796395989932,2.99712462559242,1.03968624969296,2.22353386068401,0.799097759404049
"100","AUS","Australia",2015,26.79881174,3.82e-11,32.21717054,55691.69885,23815995,0.816249192,0.938,"AUS2015","1","AUS",2015,-0.203035588284789,3.28835754847415,10.9275863815952,3.39931927292454,2.86942758640678,0.836611019470804,2.01327732465573,0.699763904012058
"101","AUS","Australia",2016,27.01712972,4.62e-11,32.17617102,56341.51816,24190907,0.846972525,0.939,"AUS2016","1","AUS",2016,-0.166087022872735,3.29647109891019,10.9391869874642,3.42701201259674,3.47035482963333,0.835546349617738,2.14990870554076,0.76542537869883
"102","AUS","Australia",2017,26.42229127,4.05e-11,37.66030144,56684.64733,24594202,0.866683841,0.94,"AUS2017","1","AUS",2017,-0.143081027298557,3.27420802016347,10.945258682857,3.35155919674134,3.04219416883441,0.97795748829581,2.1523749725856,0.766571870887399
"103","AUS","Australia",2018,25.55702573,3.85e-11,40.91898189,57450.38104,24966643,0.874863684,0.945,"AUS2018","1","AUS",2018,-0.133687194475286,3.24091225849749,10.958676915805,3.24180381449321,2.89196235802777,1.06257845058731,2.15169208812436,0.766254550335771
"104","AUS","Australia",2019,24.22578528,3.96e-11,35.4232619,57837.06069,25340217,0.848566651,0.947,"AUS2019","1","AUS",2019,-0.164206645831289,3.18741757335051,10.9653850375953,3.07294142751554,2.97458985397142,0.919866355561722,2.03345876348449,0.709738167568179
"105","AUS","Australia",2020,22.9983688,3.99e-11,28.422007,57059.74364,25655289,0.856350362,0.95,"AUS2020","1","AUS",2020,-0.155075685179495,3.13542329167495,10.9518541319428,2.91724868498466,2.99712462559242,0.738058738651614,1.86175727892511,0.621520815323072
"106","AUT","Austria",2000,17.73828022,1.26e-11,24.26000705,53599.60933,8011566,1.005458355,0.879,"AUT2000","1","AUT",2000,0.00544351216748312,2.87572502855188,10.8892970584129,2.25002803875745,0.946460408081816,0.62998050077893,1.1029076852464,0.0979500425225694
"107","AUT","Austria",2001,18.11351148,1.2e-11,22.47987724,54098.0257,8042293,1.008372307,0.883,"AUT2001","1","AUT",2001,0.00833745363799025,2.89665815039398,10.8985529706382,2.29762458394374,0.901390864839825,0.583754336588458,1.06530536428696,0.0632614850930632
"108","AUT","Austria",2002,18.07513329,1.14e-11,23.06618456,54631.60085,8081957,1.034461021,0.887,"AUT2002","1","AUT",2002,0.0338805384215712,2.8945371422915,10.9083677644567,2.29275646806633,0.856321321597834,0.598979483815444,1.05552585896658,0.0540390872639083
"109","AUT","Austria",2003,19.48442242,1.16e-11,23.9608687,54986.74357,8121423,1.000635386,0.889,"AUT2003","1","AUT",2003,0.000635184227779712,2.96961529606239,10.9148474091632,2.47151900974954,0.871344502678498,0.62221251756496,1.10246344499489,0.0975471713219563
"110","AUT","Austria",2004,19.54172833,1.23e-11,26.33813952,56048.48089,8171966,0.991814137,0.895,"AUT2004","1","AUT",2004,-0.00821955114685817,2.9725520935731,10.9339723253676,2.47878802921971,0.923925636460821,0.683945156742851,1.16135741053482,0.149589502485092
"111","AUT","Austria",2005,18.90532739,1.17e-11,27.75242964,56959.63812,8227829,0.993765891,0.898,"AUT2005","1","AUT",2005,-0.00625362219805293,2.93944375483378,10.9500981928353,2.39806318210194,0.87885609321883,0.72067124656665,1.14948999282964,0.139318359510857
"112","AUT","Austria",2006,19.5977238,1.2e-11,27.5868004,58531.50979,8268641,0.989729822,0.902,"AUT2006","1","AUT",2006,-0.0103232801701197,2.97541342683949,10.9773205171004,2.48589082475461,0.901390864839825,0.716370209417577,1.17087600768542,0.157752193172743
"113","AUT","Austria",2007,19.56370029,1.2e-11,27.1092871,60544.63404,8295487,0.983575106,0.905,"AUT2007","1","AUT",2007,-0.0165612780291066,2.97367582309544,11.0111361247404,2.48157508216133,0.901390864839825,0.703970210223735,1.16340685358472,0.151352643473148
"114","AUT","Austria",2008,19.07967547,1.18e-11,30.12576533,61232.54902,8321496,0.953885376,0.907,"AUT2008","1","AUT",2008,-0.0472117656959496,2.94862365696563,11.0224341738521,2.42017852043453,0.886367683759161,0.782301698834087,1.18835225983807,0.172567692003771
"115","AUT","Austria",2009,17.66224098,1.18e-11,26.39617406,58882.14187,8343323,0.919621766,0.907,"AUT2009","1","AUT",2009,-0.0837928173867007,2.87142908293496,10.9832931296093,2.24038277326813,0.886367683759161,0.685452189634322,1.10825007355034,0.102782261009223
"116","AUT","Austria",2010,18.92640154,1.19e-11,28.66859884,59803.37263,8363404,0.881296217,0.912,"AUT2010","1","AUT",2010,-0.126361481408145,2.94055785417716,10.9988173368434,2.40073635153014,0.893879274299493,0.744462201376543,1.16902014768402,0.156165917314911
"117","AUT","Austria",2011,18.5354132,1.26e-11,28.21673442,61346.95947,8391643,0.86871022,0.915,"AUT2011","1","AUT",2011,-0.140745673079583,2.91968312931348,11.0243008885197,2.35114108542113,0.946460408081816,0.732728248743756,1.17699520195621,0.162964751767038
"118","AUT","Austria",2012,18.27548978,1.27e-11,24.98438452,61451.5491,8429991,0.868394971,0.916,"AUT2012","1","AUT",2012,-0.141108632104856,2.90556080582391,11.0260043237895,2.31817086645535,0.953971998622148,0.648791034525398,1.12787759665093,0.120337633580511
"119","AUT","Austria",2013,17.87815959,1.13e-11,24.60034544,60937.25691,8479823,0.837715745,0.915,"AUT2013","1","AUT",2013,-0.177076442487487,2.88357983323953,11.017600038563,2.26777116270409,0.848809731057502,0.638818360921534,1.07134411781215,0.0689140450048985
"120","AUT","Austria",2014,17.12982587,1.09e-11,24.15303065,60919.84071,8546356,0.859169781,0.919,"AUT2014","1","AUT",2014,-0.15178872693544,2.84082114707712,11.017314192265,2.17284810187381,0.818763368896174,0.627202552450035,1.03720641966018,0.0365309640771962
"121","AUT","Austria",2015,16.62716485,1.03e-11,22.53587272,61025.99945,8642699,0.867447853,0.919,"AUT2015","1","AUT",2015,-0.142199880783472,2.81103779460583,11.0190552728411,2.10908761466968,0.773693825654183,0.585208419452451,0.984747241023653,-0.0153702788373537
"122","AUT","Austria",2016,16.74465473,1.01e-11,23.19964487,61647.77947,8736668,0.867824137,0.921,"AUT2016","1","AUT",2016,-0.141766191992244,2.81807908674425,11.0291924896145,2.12399072370797,0.758670644573519,0.602445162648703,0.990165535343493,-0.00988314241343353
"123","AUT","Austria",2017,16.86741517,1.03e-11,23.53494892,62612.13993,8797566,0.867948532,0.922,"AUT2017","1","AUT",2017,-0.141622861010676,2.82538366430863,11.0447144668807,2.13956238164912,0.773693825654183,0.611152291747918,1.00387855384817,0.00387105165038663
"124","AUT","Austria",2018,16.79741831,1.08e-11,26.0699084,63855.78168,8840521,0.870059967,0.925,"AUT2018","1","AUT",2018,-0.139193142122698,2.82122520257665,11.06438240834,2.13068356726173,0.811251778355843,0.67697976819396,1.05378036633997,0.0523840473231981
"125","AUT","Austria",2019,16.4142075,1.04e-11,24.97615094,64688.14382,8879920,0.899388075,0.928,"AUT2019","1","AUT",2019,-0.106040663572655,2.79814727077499,11.0773332151652,2.08207484891017,0.781205416194515,0.648577226061084,1.01798432992259,0.0178245250065051
"126","AUT","Austria",2020,15.47307147,1.02e-11,25.14881688,60349.90228,8916864,0.888662934,0.925,"AUT2020","1","AUT",2020,-0.118037267220489,2.73910118851063,11.0079146073032,1.96269560641758,0.766182235113851,0.653060991260512,0.993984450519981,-0.00603371578798028
"127","BDI","Burundi",2000,1.568414349,8.72e-12,1.995296077,988.0368635,6307659,0.160236791,0.308,"BDI2000","11","BDI",2000,-1.83110261403579,0.450065140208267,6.89572000828664,0.198946922580497,0.65501069511694,0.0518135719911382,0.189006344817054,-1.66597469402536
"128","BDI","Burundi",2001,2.020457851,8.49e-12,1.971504858,983.3968467,6465729,0.152268261,0.311,"BDI2001","11","BDI",2001,-1.88211143869776,0.703324144640754,6.89101274844433,0.256286785387,0.637734036874176,0.0511957649134703,0.20301740963213,-1.59446354188305
"129","BDI","Burundi",2002,2.006458117,8.03e-12,2.164629535,998.561289,6648938,0.16789721,0.324,"BDI2002","11","BDI",2002,-1.78440333207066,0.696371036846374,6.90631553204374,0.254510976591307,0.60318072038865,0.0562107997598526,0.205112082714595,-1.58419870430505
"130","BDI","Burundi",2003,1.975115636,7.97e-12,2.148700443,955.6692044,6860846,0.148670763,0.332,"BDI2003","11","BDI",2003,-1.90602106219812,0.680626946512526,6.8624118326704,0.250535311522339,0.59867376606445,0.0557971553064758,0.203028533272725,-1.59440875182398
"131","BDI","Burundi",2004,1.958961132,7.45e-12,2.187357444,965.2041181,7120496,0.143196255,0.344,"BDI2004","11","BDI",2004,-1.9435391770322,0.672414298030505,6.87233960031865,0.248486178996445,0.559613495254725,0.056800994950809,0.19915082966694,-1.61369280332279
"132","BDI","Burundi",2005,1.966995427,7.45e-12,2.705695339,938.3815973,7388874,0.169794679,0.352,"BDI2005","11","BDI",2005,-1.7731653424628,0.676507214544026,6.8441566864266,0.24950529634026,0.559613495254725,0.0702611215695602,0.214072563004226,-1.54144024197574
"133","BDI","Burundi",2006,1.96992649,6.78e-12,3.119172428,954.1908539,7658190,0.153501868,0.376,"BDI2006","11","BDI",2006,-1.87404254264782,0.677996227332873,6.86086370793861,0.2498770896512,0.509285838634501,0.0809982373111994,0.217631222866083,-1.52495328685764
"134","BDI","Burundi",2007,1.960052526,6.56e-12,2.408689244,951.2900826,7944609,0.148118749,0.389,"BDI2007","11","BDI",2007,-1.9097409688271,0.672971271862931,6.85781904505558,0.248624617845695,0.492760339445771,0.0625485084579125,0.197150981751777,-1.62378543895101
"135","BDI","Burundi",2008,1.893852454,6.31e-12,2.414572415,957.2226644,8278109,0.158933833,0.401,"BDI2008","11","BDI",2008,-1.83926730802821,0.638613089934241,6.86403603356418,0.240227410432103,0.473981363094941,0.0627012818270673,0.192554385773503,-1.64737664165783
"136","BDI","Burundi",2009,1.849720014,6.36e-12,2.344039199,944.6299256,8709366,0.159186959,0.409,"BDI2009","11","BDI",2009,-1.83767592475629,0.615034283852824,6.85079323767161,0.234629391560645,0.477737158365107,0.0608696850494716,0.189666587475484,-1.66248755105221
"137","BDI","Burundi",2010,1.842072782,5.94e-12,2.469431943,947.6214173,9126605,0.163709864,0.416,"BDI2010","11","BDI",2010,-1.80965953985351,0.610891449538945,6.85395507365438,0.233659371569671,0.446188478095713,0.0641258664469607,0.188384398989057,-1.66927072818235
"138","BDI","Burundi",2011,1.842586396,6.09e-12,2.343764768,951.1884604,9455733,0.178278923,0.42,"BDI2011","11","BDI",2011,-1.72440597198104,0.611170234619744,6.85771221367977,0.233724521397432,0.457455863906211,0.0608625586632982,0.186695805789027,-1.67827469366256
"139","BDI","Burundi",2012,1.305918395,6.13e-12,1.886506982,958.6574029,9795479,0.188886657,0.425,"BDI2012","11","BDI",2012,-1.66660814222621,0.266906544215926,6.86553376694811,0.16565038823584,0.460460500122344,0.0489885518497122,0.155176688654628,-1.86319088448207
"140","BDI","Burundi",2013,1.415466425,6.27e-12,1.737589595,970.3753918,10149577,0.213120773,0.428,"BDI2013","11","BDI",2013,-1.54589626457213,0.347459105754771,6.8776829984872,0.179546106199114,0.470976726878809,0.0451214857831774,0.156261843419256,-1.8562221953549
"141","BDI","Burundi",2014,1.371920787,6.1e-12,1.591084282,977.7658403,10494913,0.217298374,0.431,"BDI2014","11","BDI",2014,-1.5264838744905,0.316211792214199,6.88527021427146,0.174022520752814,0.458207022960244,0.0413170561199752,0.148798603581357,-1.90516154116107
"142","BDI","Burundi",2015,1.355318922,5.95e-12,1.72291807,918.5571929,10727148,0.213979259,0.432,"BDI2015","11","BDI",2015,-1.54187618921813,0.304036793426915,6.82280417043573,0.171916642320273,0.446939637149747,0.0447404976553652,0.150923152309775,-1.89098449681438
"143","BDI","Burundi",2016,1.382220504,5.85e-12,1.76967859,897.4590464,10903327,0.215656549,0.436,"BDI2016","11","BDI",2016,-1.53406818769649,0.323691266887225,6.79956748856923,0.175328997578856,0.439428046609415,0.0459547683579898,0.152413709950997,-1.8811566794674
"144","BDI","Burundi",2017,1.428947477,5.78e-12,3.55556867,880.9934401,11155593,0.212073699,0.434,"BDI2017","11","BDI",2017,-1.55082142792934,0.356938143198768,6.78105017993797,0.181256122312049,0.434169933231182,0.0923305144414817,0.193686445117508,-1.64151468976067
"145","BDI","Burundi",2018,1.405609605,5.6e-12,3.002027486,868.5555076,11493472,0.209404171,0.434,"BDI2018","11","BDI",2018,-1.56348906192841,0.340471091248166,6.76683149567111,0.178295809039642,0.420649070258585,0.0779562336929491,0.1801512607157,-1.7139584436682
"146","BDI","Burundi",2019,1.357676885,5.54e-12,3.198761963,855.7327201,11874838,0.228578925,0.435,"BDI2019","11","BDI",2019,-1.47587372347238,0.305775066363165,6.75195808450995,0.172215740248514,0.416142115934386,0.0830650073254341,0.181235890973055,-1.70795583118455
"147","BDI","Burundi",2020,1.315971424,5.42e-12,3.010556715,833.9202575,12220227,0.228753015,0.435,"BDI2020","11","BDI",2020,-1.4751123945855,0.274575118381653,6.726137783279,0.166925573701618,0.407128207285988,0.0781777195295197,0.174493407142343,-1.74586831947263
"148","BEL","Belgium",2000,19.01860004,1.56e-11,43.83983929,50477.99413,10251250,1.200713158,0.894,"BEL2000","1","BEL",2000,0.182915678601969,2.94541744978158,10.8292927604906,2.41243135282443,1.17180812429177,1.13842687073671,1.47640509617713,0.389610143926847
"149","BEL","Belgium",2001,18.42656536,1.43e-11,44.11567864,50857.82474,10286570,1.21113503,0.899,"BEL2001","1","BEL",2001,0.191557961245143,2.91379339294696,10.836789268498,2.33733418368541,1.07415744726746,1.14558982874778,1.42213001039494,0.352155755046319
"150","BEL","Belgium",2002,18.37269342,1.34e-11,46.71930177,51494.56179,10332785,1.247918129,0.901,"BEL2002","1","BEL",2002,0.221476666032526,2.91086550905632,10.8492314847655,2.33050074921493,1.00655313240447,1.21320035334065,1.41711847477032,0.348625566790252
"151","BEL","Belgium",2003,19.67384434,1.46e-11,47.13557598,51811.69235,10376133,1.174063921,0.903,"BEL2003","1","BEL",2003,0.160471167112807,2.97929005509424,10.8553711238189,2.49554640281523,1.09669221888845,1.22401010433275,1.49627632707294,0.402979573105635
"152","BEL","Belgium",2004,20.33152307,1.48e-11,51.62345206,53430.25402,10421137,1.131185174,0.909,"BEL2004","1","BEL",2004,0.123265909638638,3.01217254219759,10.8861324191984,2.57897025025935,1.11171539996912,1.34055064838474,1.56641822362856,0.448791626810037
"153","BEL","Belgium",2005,20.46500687,1.43e-11,51.42819632,54370.87038,10478617,1.10927701,0.911,"BEL2005","1","BEL",2005,0.103708460766322,3.0187164456394,10.9035838184724,2.59590212240224,1.07415744726746,1.33548027438973,1.54999838264972,0.438253887478815
"154","BEL","Belgium",2006,20.11563046,1.39e-11,50.89286441,55392.05003,10547958,1.04128027,0.913,"BEL2006","1","BEL",2006,0.0404509849046983,3.0014971476896,10.9221913611745,2.55158515881667,1.04411108510613,1.32157884954473,1.52130613928276,0.41956926802916
"155","BEL","Belgium",2007,19.96386753,1.38e-11,52.7034985,57008.60139,10625700,1.021463513,0.916,"BEL2007","1","BEL",2007,0.0212364155969731,2.99392401614155,10.9509574370111,2.53233465406036,1.0365994945658,1.36859714465052,1.53156667066652,0.426291179262862
"156","BEL","Belgium",2008,20.71788431,1.4e-11,60.96400999,56812.79044,10709973,1.00614965,0.917,"BEL2008","1","BEL",2008,0.00613081806952276,3.03099730358711,10.947516763162,2.6279785877254,1.05162267564646,1.58310496216413,1.63554999802373,0.491979138011293
"157","BEL","Belgium",2009,18.5964292,1.21e-11,53.66252026,55283.08634,10796493,1.009400725,0.919,"BEL2009","1","BEL",2009,0.00935681317223156,2.9229695837943,10.920222287925,2.35888071457965,0.908902455380157,1.39350088879938,1.44026863193485,0.364829646144388
"158","BEL","Belgium",2010,20.06017834,1.13e-11,52.16625716,56265.01535,10895586,0.954986453,0.921,"BEL2010","1","BEL",2010,-0.0460581239423339,2.99873667282328,10.9378282240002,2.54455128499908,0.848809731057502,1.35464613599192,1.43026268079385,0.357858120265178
"159","BEL","Belgium",2011,18.94073168,1.13e-11,46.38483014,56610.26701,11038264,0.932741523,0.923,"BEL2011","1","BEL",2011,-0.0696271551022801,2.94131471847955,10.9439456436774,2.40255407097078,0.848809731057502,1.20451484040862,1.3492690500727,0.299563001425802
"160","BEL","Belgium",2012,18.26267289,1.06e-11,40.67313194,56381.68884,11106932,0.925726235,0.923,"BEL2012","1","BEL",2012,-0.0771767305954275,2.90485924397246,10.9398997188133,2.31654509656605,0.796228597275179,1.05619425315908,1.2489377048312,0.222293353863724
"161","BEL","Belgium",2013,18.25227298,1.01e-11,37.09953439,56287.99766,11159407,0.906607449,0.925,"BEL2013","1","BEL",2013,-0.0980457240961712,2.9042896191225,10.9382366059654,2.3152259106692,0.758670644573519,0.963395567260453,1.19165470671382,0.175342851103433
"162","BEL","Belgium",2014,17.4314239,1.03e-11,35.8898889,57028.05797,11209057,0.911891699,0.93,"BEL2014","1","BEL",2014,-0.0922340470557666,2.8582745486795,10.9512986707915,2.21110457406376,0.773693825654183,0.931983660825942,1.16823147818388,0.155491048146913
"163","BEL","Belgium",2015,17.00688944,9.75e-12,35.58348726,57534.39661,11274196,0.915801406,0.933,"BEL2015","1","BEL",2015,-0.0879557434906109,2.83361852313656,10.960138249847,2.1572541203235,0.732380077682358,0.924027065503902,1.13442078161905,0.126122196108753
"164","BEL","Belgium",2016,17.40021156,1.03e-11,37.79908061,57927.04288,11331422,0.926135778,0.936,"BEL2016","1","BEL",2016,-0.0767344265751476,2.85648236476726,10.9669396163524,2.20714541684647,0.773693825654183,0.981561286548387,1.1878798073947,0.172170043595513
"165","BEL","Belgium",2017,17.59182847,1.05e-11,35.85651137,58555.15248,11375158,0.899227262,0.94,"BEL2017","1","BEL",2017,-0.106219482241795,2.86743450275017,10.9777243665203,2.23145123538428,0.788717006734847,0.931116917752833,1.17897412709542,0.164644676526847
"166","BEL","Belgium",2018,17.93042867,1.05e-11,37.50388736,59383.87733,11427054,0.869722307,0.942,"BEL2018","1","BEL",2018,-0.139581305640956,2.88649919530671,10.9917780430873,2.27440128096253,0.788717006734847,0.97389574914445,1.2043893937276,0.185972711315992
"167","BEL","Belgium",2019,17.26300798,1.02e-11,38.09570289,60506.65977,11488980,0.90010041,0.945,"BEL2019","1","BEL",2019,-0.105248955214257,2.84856594509463,11.0105087168037,2.18974170587849,0.766182235113851,0.989263932805309,1.1839836757807,0.168884749019383
"168","BEL","Belgium",2020,15.96074161,9.58e-12,33.21947083,57358.83703,11538604,0.908985913,0.939,"BEL2020","1","BEL",2020,-0.0954256821744668,2.77013205773409,10.9570822001377,2.02455456202409,0.719610373763794,0.86263861448855,1.07915857308506,0.0761816384854591
"169","BEN","Benin",2000,1.760592956,2.75e-12,3.185576211,2536.168859,6998023,0.439571142,0.415,"BEN2000","10","BEN",2000,-0.821955704649323,0.565650659127884,7.83840989811963,0.223323990077255,0.206568739859127,0.0827226015449664,0.156269679336934,-1.85617205054
"170","BEN","Benin",2001,1.95607302,2.9e-12,16.14352619,2591.064852,7212041,0.457353413,0.426,"BEN2001","10","BEN",2001,-0.782298854351579,0.670938902204174,7.85982420996713,0.248119833843563,0.217836125669624,0.419212850703354,0.28297104004959,-1.26241071855542
"171","BEN","Benin",2002,1.98518207,2.89e-12,8.304995811,2630.18061,7431783,0.480532378,0.435,"BEN2002","10","BEN",2002,-0.732860668866962,0.685710632854778,7.87480779581773,0.251812197357346,0.217084966615591,0.215662980196071,0.227593945524499,-1.48019217846999
"172","BEN","Benin",2003,2.142405214,2.98e-12,4.679749183,2639.043701,7659208,0.489198416,0.442,"BEN2003","10","BEN",2003,-0.714987113113855,0.761929129671003,7.87817189604791,0.271755307847998,0.22384539810189,0.121523078198204,0.194802707710732,-1.63576798791788
"173","BEN","Benin",2004,1.974767484,2.6e-12,2.441131282,2672.844044,7894554,0.507248282,0.449,"BEN2004","10","BEN",2004,-0.678754687172042,0.680450661802156,7.890898369506,0.250491149870136,0.195301354048629,0.0633909588044193,0.145828246529304,-1.92532574340284
"174","BEN","Benin",2005,2.186641615,2.87e-12,3.595024998,2632.472515,8149419,0.512521803,0.456,"BEN2005","10","BEN",2005,-0.668412026435453,0.782366857667383,7.87567880330785,0.277366513745596,0.215582648507525,0.0933551108985688,0.177392522770943,-1.72939035897498
"175","BEN","Benin",2006,2.245510527,2.38e-12,2.109466995,2652.21842,8402631,0.511563659,0.462,"BEN2006","10","BEN",2006,-0.67028324581143,0.808932901577419,7.88315170839697,0.284833793604091,0.178775854859899,0.0547783465663389,0.140767727296105,-1.96064407107542
"176","BEN","Benin",2007,2.687963023,3.22e-12,3.134302225,2729.137414,8647761,0.520548642,0.469,"BEN2007","10","BEN",2007,-0.652871942843954,0.988783666241879,7.9117408726836,0.340957076665983,0.241873215398686,0.0813911257827938,0.18863466891223,-1.66794310323581
"177","BEN","Benin",2008,2.738215021,2.49e-12,2.367936214,2777.61974,8906469,0.513566911,0.475,"BEN2008","10","BEN",2008,-0.666374954304858,1.00730625592302,7.92934963129562,0.347331336351885,0.187038604454264,0.0614902394230048,0.158669627287375,-1.8409310542187
"178","BEN","Benin",2009,2.803101589,2.52e-12,2.650302575,2758.072432,9172514,0.495010853,0.48,"BEN2009","10","BEN",2009,-0.703175591401276,1.03072651447987,7.92228732051746,0.355561931174383,0.189292081616363,0.0688226899511221,0.166696487520507,-1.79158056011021
"179","BEN","Benin",2010,2.404617535,2.34e-12,2.301052125,2733.573996,9445710,0.479668915,0.485,"BEN2010","10","BEN",2010,-0.734659173491029,0.877390861805226,7.91336518802537,0.305015864510783,0.175771218643766,0.0597534026695974,0.147415882900402,-1.91449755129784
"180","BEN","Benin",2011,2.290098065,2.14e-12,1.820137833,2732.012496,9726380,0.468197674,0.49,"BEN2011","10","BEN",2011,-0.758864691900076,0.828594639793368,7.91279379461873,0.29048953978889,0.160748037563102,0.0472650869868571,0.130198369820689,-2.03869606986447
"181","BEN","Benin",2012,2.271029753,2.14e-12,1.967884682,2779.726481,10014078,0.488771796,0.497,"BEN2012","10","BEN",2012,-0.715859573280487,0.820233364314571,7.93010781371476,0.288070802677983,0.160748037563102,0.0511017566848376,0.133258089962608,-2.01546750511415
"182","BEN","Benin",2013,2.661962602,2.34e-12,2.595964336,2893.046702,10308730,0.493314326,0.506,"BEN2013","10","BEN",2013,-0.706608730012701,0.979063671038772,7.97006544794988,0.337659029981415,0.175771218643766,0.0674116420917331,0.158752417022394,-1.84040941598732
"183","BEN","Benin",2014,3.071956932,2.7e-12,7.426407317,2987.382363,10614844,0.498994917,0.509,"BEN2014","10","BEN",2014,-0.695159369655245,1.1223147956559,8.00215281906282,0.389665127911442,0.202812944588961,0.19284791595112,0.247932839323073,-1.39459737867374
"184","BEN","Benin",2015,2.536832366,2.41e-12,6.1518658,2952.002183,10932783,0.496671528,0.511,"BEN2015","10","BEN",2015,-0.69982638083918,0.930916202754114,7.99023892521874,0.321786773144538,0.181029332021998,0.159750798481684,0.210339122799147,-1.5590341802938
"185","BEN","Benin",2016,2.351852414,2.21e-12,5.886428059,2962.663816,11260085,0.505462229,0.51,"BEN2016","10","BEN",2016,-0.682281963392425,0.85520327891791,7.99384408045467,0.298322825487497,0.166006150941334,0.152857948011518,0.196350900029238,-1.62785191416807
"186","BEN","Benin",2017,2.329060466,2.21e-12,7.092855253,3041.7793,11596779,0.481363922,0.507,"BEN2017","10","BEN",2017,-0.731131700355186,0.845464952780735,8.02019791923397,0.295431760433734,0.166006150941334,0.184186282181538,0.208263365084144,-1.56895182191939
"187","BEN","Benin",2018,2.41877015,2.1e-12,5.858544388,3155.451065,11940683,0.462201089,0.507,"BEN2018","10","BEN",2018,-0.771755225021742,0.883259208510608,8.0568867330606,0.306811065633822,0.157743401346969,0.152133868707504,0.194543194605444,-1.63710106034616
"188","BEN","Benin",2019,2.353894495,1.99e-12,5.787868509,3281.104701,12290444,0.473179936,0.507,"BEN2019","10","BEN",2019,-0.748279548453086,0.856071188377418,8.09593544375947,0.298581855080582,0.149480651752604,0.150298567276897,0.188596840036585,-1.66814366376628
"189","BEN","Benin",2020,2.391238956,1.96e-12,3.531788574,3317.859722,12643123,0.45381248,0.504,"BEN2020","10","BEN",2020,-0.790071205912737,0.871811623256694,8.10707519197842,0.303318846677295,0.147227174590505,0.0917129962043363,0.159994880055194,-1.83261346391535
"190","BFA","Burkina Faso",2000,1.591411222,2.39e-12,1.738692859,1428.574006,11882888,0.378762305,NA,"BFA2000","10","BFA",2000,-0.970846434237451,0.464621183589068,7.26443202711924,0.201863981529392,0.179527013913932,0.0451501351898234,0.11783724106041,-2.13845091969171
"191","BFA","Burkina Faso",2001,1.606181796,2.57e-12,1.748920873,1477.284918,12249764,0.389474839,NA,"BFA2001","10","BFA",2001,-0.942956013960712,0.473859807125631,7.29796116711008,0.203737568215155,0.193047876886529,0.0454157348398323,0.121333529519232,-2.10921208309807
"192","BFA","Burkina Faso",2002,1.471936354,2.58e-12,1.414274951,1494.678013,12632269,0.394481868,NA,"BFA2002","10","BFA",2002,-0.930182101729678,0.386578781600166,7.30966608670833,0.186709084910736,0.193799035940562,0.0367256959173092,0.109941679118216,-2.20780524362445
"193","BFA","Burkina Faso",2003,1.518536659,2.56e-12,1.62373406,1561.833102,13030591,0.4182899,NA,"BFA2003","10","BFA",2003,-0.871580546175715,0.417747146799356,7.35361547577923,0.19262014232804,0.192296717832496,0.0421649010300104,0.116022321785946,-2.1539726771987
"194","BFA","Burkina Faso",2004,1.655277146,2.38e-12,6.218794358,1581.256209,13445977,0.435764313,NA,"BFA2004","10","BFA",2004,-0.830653748305617,0.503968454627927,7.36597487910844,0.209965111849744,0.178775854859899,0.16148878999992,0.182333356658684,-1.70191863730131
"195","BFA","Burkina Faso",2005,1.937462442,2.48e-12,2.959405898,1664.995432,13876127,0.440394163,0.333,"BFA2005","10","BFA",2005,-0.820085128081573,0.661379097283284,7.41757765886724,0.245759158411777,0.186287445400231,0.0768494422028686,0.152093739977123,-1.88325823784775
"196","BFA","Burkina Faso",2006,1.895969444,2.34e-12,3.165278888,1714.760349,14316242,0.456747085,0.34,"BFA2006","10","BFA",2006,-0.783625465791458,0.63973028766921,7.44702861164333,0.240495941924372,0.175771218643766,0.082195523474393,0.151461142106347,-1.8874261746782
"197","BFA","Burkina Faso",2007,1.875914747,2.26e-12,2.448336672,1731.930463,14757074,0.448942214,0.344,"BFA2007","10","BFA",2007,-0.800861098854201,0.629096405521571,7.45699193993304,0.237952085924854,0.1697619462115,0.0635780673733142,0.136944857357973,-1.98817693521599
"198","BFA","Burkina Faso",2008,1.977475617,2.51e-12,3.891253552,1779.327109,15197915,0.404554039,0.357,"BFA2008","10","BFA",2008,-0.904969956845363,0.681821090368736,7.4839905431636,0.250834665425597,0.18854092256233,0.101047532933291,0.168437828098608,-1.78118856998546
"199","BFA","Burkina Faso",2009,1.877786297,2.38e-12,2.862310347,1779.323056,15650022,0.391916513,0.366,"BFA2009","10","BFA",2009,-0.936706438915321,0.630093581446422,7.48398826533363,0.238189484360537,0.178775854859899,0.0743280783913776,0.146823233468681,-1.91852590918906
"200","BFA","Burkina Faso",2010,1.832229871,2.4e-12,7.260018047,1873.971462,16116845,0.391703457,0.377,"BFA2010","10","BFA",2010,-0.937250212717436,0.605533733817236,7.53581523429394,0.23241083870976,0.180278172967965,0.188527142448342,0.199154964527618,-1.61367204108062
"201","BFA","Burkina Faso",2011,1.81929972,2.28e-12,5.395430198,1939.8666,16602651,0.397331446,0.389,"BFA2011","10","BFA",2011,-0.922984470036233,0.598451657815261,7.5703744868065,0.23077070212749,0.171264264319567,0.14010778360651,0.176917134233487,-1.73207382420563
"202","BFA","Burkina Faso",2012,1.89910849,2.38e-12,2.248015594,2003.664612,17113732,0.417691857,0.398,"BFA2012","10","BFA",2012,-0.8730113025218,0.641384560266746,7.60273308891719,0.240894117025191,0.178775854859899,0.0583761573831432,0.135974306925874,-1.99528933075634
"203","BFA","Burkina Faso",2013,1.909635201,2.29e-12,2.807705971,2057.063932,17636408,0.407782078,0.405,"BFA2013","10","BFA",2013,-0.897022369821257,0.646912229575978,7.62903496938388,0.242229387108431,0.1720154233736,0.0729101195232576,0.144830715562846,-1.93218969747284
"204","BFA","Burkina Faso",2014,1.83842904,2.1e-12,2.059045504,2083.198447,18169842,0.39416039,0.409,"BFA2014","10","BFA",2014,-0.930997371301009,0.608911424332241,7.64165970652626,0.233197177852788,0.157743401346969,0.0534690082761754,0.12529263420928,-2.07710320404922
"205","BFA","Burkina Faso",2015,1.898562137,1.96e-12,1.625988427,2101.702662,18718019,0.408248812,0.419,"BFA2015","10","BFA",2015,-0.895878457117425,0.641096829677429,7.65050308662627,0.240824814389659,0.147227174590505,0.0422234421198243,0.11439690695578,-2.16808123750177
"206","BFA","Burkina Faso",2016,1.904069849,1.88e-12,1.366528279,2162.72579,19275498,0.431644797,0.427,"BFA2016","10","BFA",2016,-0.840152258120501,0.64399362109544,7.67912464491622,0.241523445050337,0.141217902158239,0.0354858169562234,0.106569915020144,-2.2389540301584
"207","BFA","Burkina Faso",2017,1.9616075,1.83e-12,1.46000864,2232.287815,19835858,0.426296294,0.438,"BFA2017","10","BFA",2017,-0.852620648657158,0.673764290161908,7.71078226456071,0.248821859915171,0.137462106888073,0.0379133020148386,0.10904883900428,-2.21595943284436
"208","BFA","Burkina Faso",2018,1.948638745,1.86e-12,1.486706981,2316.394321,20392723,0.413562506,0.449,"BFA2018","10","BFA",2018,-0.882946612701774,0.667131049317537,7.74776708369952,0.247176826573953,0.139715584050173,0.0386066008336923,0.110062166159712,-2.20670992591862
"209","BFA","Burkina Faso",2019,1.987180443,1.78e-12,1.540013028,2391.536268,20951639,0.43702504,0.453,"BFA2019","10","BFA",2019,-0.827764785756949,0.686716771223088,7.77969122838274,0.252065682770031,0.133706311617907,0.0399908448742811,0.110460940612331,-2.20309329913406
"210","BFA","Burkina Faso",2020,1.919017529,1.73e-12,1.796035137,2380.931718,21522626,0.465940535,0.453,"BFA2020","10","BFA",2020,-0.763697260295132,0.651813351428868,7.7752471682092,0.243419496905266,0.129950516347741,0.0466391915176222,0.113839975721752,-2.17296153846697
"211","BGR","Bulgaria",2000,6.725456923,6.27e-12,10.23456588,12558.97407,8170172,1.07927978,0.733,"BGR2000","2","BGR",2000,0.0762939483088071,1.90589986712034,9.43819075436117,0.853096605901143,0.470976726878809,0.265769788320707,0.474425208636988,-0.745651294774077
"212","BGR","Bulgaria",2001,7.236670686,6.68e-12,11.12593931,13301.35517,8009142,1.059523344,0.742,"BGR2001","2","BGR",2001,0.0578191315179432,1.97916125063419,9.49562120150036,0.917941973449897,0.501774248094169,0.288916850011789,0.510542800430019,-0.672280804676298
"213","BGR","Bulgaria",2002,7.280344882,6.49e-12,12.66783448,14391.43001,7837161,1.052338243,0.753,"BGR2002","2","BGR",2002,0.0510145864020879,1.98517823498759,9.57438817020462,0.923481865950828,0.487502226067539,0.328956570088672,0.529071677410464,-0.636631360252573
"214","BGR","Bulgaria",2003,8.096253526,6.55e-12,13.12692122,15265.57436,7775327,1.076000214,0.762,"BGR2003","2","BGR",2003,0.0732506606243313,2.09140142702516,9.63335553040284,1.02697652852779,0.492009180391738,0.340878070926247,0.556387796583628,-0.586289751984972
"215","BGR","Bulgaria",2004,7.885492514,6.65e-12,14.66630874,16382.61815,7716860,1.025470495,0.769,"BGR2004","2","BGR",2004,0.0251515267853375,2.06502468060763,9.70397618285163,1.00024235922866,0.49952077093207,0.380852672695476,0.575181974435434,-0.553068810974143
"216","BGR","Bulgaria",2005,8.136363176,6.47e-12,14.28750623,17671.1933,7658972,0.966818213,0.775,"BGR2005","2","BGR",2005,-0.0337447918941724,2.09634329590143,9.77969109557455,1.03206427299938,0.485999907959472,0.371015981615615,0.570924284424888,-0.560498679826237
"217","BGR","Bulgaria",2006,8.388690749,6.92e-12,15.68786327,19017.18145,7601022,0.945654213,0.779,"BGR2006","2","BGR",2006,-0.0558783021209193,2.12688445931532,9.85309813636966,1.06407098995052,0.519802065390966,0.407380259149017,0.608512533774069,-0.496737768945703
"218","BGR","Bulgaria",2007,8.760745372,7.34e-12,16.00934453,20432.34284,7545338,0.953783035,0.785,"BGR2007","2","BGR",2007,-0.0473190600239451,2.17028098945636,9.92487435769302,1.11126459177194,0.55135074566036,0.41572843995327,0.633896556872336,-0.455869497364227
"219","BGR","Bulgaria",2008,8.839399969,6.62e-12,15.79629356,21837.50099,7492561,0.895824909,0.791,"BGR2008","2","BGR",2008,-0.110010299165522,2.17921899753586,9.99138399977717,1.12124160456192,0.49726729376997,0.410195961891931,0.611542757104654,-0.491770404623676
"220","BGR","Bulgaria",2009,7.744557482,6.21e-12,14.28117491,21242.99366,7444443,0.869774282,0.793,"BGR2009","2","BGR",2009,-0.139521546972449,2.04699033627783,9.96378240986859,0.982365328890309,0.466469772554609,0.370851570775339,0.553901088438704,-0.590769148899506
"221","BGR","Bulgaria",2010,7.645113849,5.79e-12,13.56050118,21715.87944,7395599,0.812749028,0.799,"BGR2010","2","BGR",2010,-0.207332915738548,2.03406673122567,9.98579904334296,0.969751312212772,0.434921092285216,0.352137215235874,0.529575140953885,-0.635680214747493
"222","BGR","Bulgaria",2011,7.793785311,5.72e-12,13.27732672,22312.39518,7348328,0.789341688,0.803,"BGR2011","2","BGR",2011,-0.236555987242906,2.05332666111758,10.0128976406958,0.988609676942285,0.429662978906983,0.344783780104922,0.527108322165176,-0.640349206656777
"223","BGR","Bulgaria",2012,7.647675577,5.83e-12,11.67368533,22610.05728,7305888,0.786332965,0.807,"BGR2012","2","BGR",2012,-0.240374956661503,2.03440175552406,10.0261500986611,0.970076256894905,0.437925728501348,0.303140642744745,0.504990840661478,-0.683214987175264
"224","BGR","Bulgaria",2013,7.075643506,5.99e-12,11.59922289,22945.5138,7265115,0.729219258,0.815,"BGR2013","2","BGR",2013,-0.315780826762236,1.95665839430481,10.0408777192564,0.897516336606393,0.449944273365879,0.301207012422885,0.495475353887353,-0.702237666333416
"225","BGR","Bulgaria",2014,7.340401552,5.51e-12,11.3617158,23446.40631,7223938,0.726806819,0.819,"BGR2014","2","BGR",2014,-0.319094560280688,1.99339354848698,10.0624725130901,0.931099808036445,0.413888638772286,0.295039461226862,0.484454821862409,-0.724731098929093
"226","BGR","Bulgaria",2015,7.548792502,5.33e-12,11.89358391,24553.14368,7177991,0.741718471,0.824,"BGR2015","2","BGR",2015,-0.298785526949876,2.02138761696027,10.1085951771632,0.957533344698846,0.400367775799689,0.308850938593525,0.491044271722616,-0.711220988811193
"227","BGR","Bulgaria",2016,7.216615381,5.75e-12,13.35838598,25626.82372,7127822,0.783457756,0.827,"BGR2016","2","BGR",2016,-0.244038135678565,1.97638605919625,10.1513948834693,0.915398040328075,0.431916456069083,0.346888715734262,0.515703367472183,-0.662223548041206
"228","BGR","Bulgaria",2017,7.518541492,6.57e-12,14.83780253,26681.42883,7075947,0.755591154,0.829,"BGR2017","2","BGR",2017,-0.280254850675828,2.017372168619,10.1917230529434,0.953696128246261,0.493511498499804,0.385305999666157,0.566027705184642,-0.569112252887449
"229","BGR","Bulgaria",2018,7.659880246,6.94e-12,15.42983696,27739.50195,7025037,0.761883497,0.832,"BGR2018","2","BGR",2018,-0.271961626060638,2.03599634994883,10.2306127394899,0.971624369063231,0.521304383499032,0.400679867691879,0.587664016502756,-0.531599894900509
"230","BGR","Bulgaria",2019,7.500658316,7.18e-12,16.02899601,29199.83359,6975761,0.794092536,0.835,"BGR2019","2","BGR",2019,-0.230555280445131,2.01499079215689,10.2819182892675,0.951427720772539,0.539332200795829,0.416238746862329,0.597757295943667,-0.51457046704079
"231","BGR","Bulgaria",2020,7.350791863,6.16e-12,14.95240612,28545.70853,6934015,0.771613955,0.826,"BGR2020","2","BGR",2020,-0.25927091231836,1.99480804388417,10.2592618896002,0.932417776339542,0.462713977284444,0.388282009807888,0.551260418797269,-0.595547952087184
"232","BHR","Bahrain",2000,22.20590418,1.89e-11,148.5045647,57968.99561,711442,0.838154554,0.775,"BHR2000","3","BHR",2000,-0.176552763524634,3.10035820757278,10.967663588153,2.8167278006256,1.41969061212272,3.85634595426315,2.48907620348915,0.91191163902332
"233","BHR","Bahrain",2001,21.94825291,1.87e-11,133.1620669,57280.69867,730257,0.731015623,0.785,"BHR2001","3","BHR",2001,-0.313320447367715,3.08868754227595,10.9557189990113,2.78404579456123,1.40466743104206,3.45793409777345,2.38244124982572,0.868125697197361
"234","BHR","Bahrain",2002,25.76214246,2.33e-11,214.6401699,55096.65716,748324,0.600636303,0.791,"BHR2002","3","BHR",2002,-0.509765680704161,3.24890606780877,10.9168443246981,3.26782202978772,1.75020059589733,5.57374618408763,3.1707680290414,1.15397383899872
"235","BHR","Bahrain",2003,24.66017223,2.14e-11,195.6434755,54431.87636,778256,0.611898541,0.799,"BHR2003","3","BHR",2003,-0.491188792893017,3.20518948189672,10.904705223735,3.12804162917253,1.60748037563102,5.08044265673947,2.9451443515739,1.08015783171688
"236","BHR","Bahrain",2004,22.57669455,2.59e-11,342.8214317,54045.09289,833451,0.572367728,0.795,"BHR2004","3","BHR",2004,-0.557973613043,3.11691815960888,10.8975740306017,2.86376103714312,1.94550194994596,8.90233942533482,3.67415549087763,1.30132330785646
"237","BHR","Bahrain",2005,21.53844131,1.96e-11,258.119493,53478.26624,901921,0.649819076,0.791,"BHR2005","3","BHR",2005,-0.431061299452891,3.0698393065287,10.8870306118422,2.73206287518169,1.47227174590505,6.70281122036786,2.99855407512637,1.09813019752297
"238","BHR","Bahrain",2006,21.72951221,1.97e-11,387.4720084,52691.93234,970981,0.687838018,0.795,"BHR2006","3","BHR",2006,-0.374201907722383,3.07867134624832,10.872217636283,2.7562994345921,1.47978333644538,10.0618194127709,3.4493215547575,1.23817756091004
"239","BHR","Bahrain",2007,20.63618579,1.77e-11,348.2612195,52731.79217,1040532,0.716112912,0.8,"BHR2007","3","BHR",2007,-0.333917426130543,3.02704612654017,10.87297381962,2.61761546579672,1.32955152563874,9.04359908100236,3.15731156630959,1.1497208953333
"240","BHR","Bahrain",2008,23.27914541,2.15e-11,297.2668623,52765.38995,1110343,0.890808403,0.804,"BHR2008","3","BHR",2008,-0.115625910549568,3.147557912997,10.8736107613934,2.95286404550958,1.61499196617135,7.71938468075322,3.32658660112609,1.20194673356786
"241","BHR","Bahrain",2009,19.52725892,2.02e-11,235.8238378,50665.75075,1179453,0.745667934,0.804,"BHR2009","3","BHR",2009,-0.293474906563886,2.97181138275974,10.8330054336943,2.47695264395121,1.51734128914704,6.12384073618203,2.84451539710685,1.04539271813357
"242","BHR","Bahrain",2010,18.38006197,2.37e-11,251.7266649,50704.84797,1213645,0.776147068,0.81,"BHR2010","3","BHR",2010,-0.253413256137125,2.91126648852142,10.833776805718,2.33143541953806,1.78024695805865,6.53680314627575,3.00485151598607,1.10022815444889
"243","BHR","Bahrain",2011,18.35452219,1.64e-11,319.9188128,53132.32842,1212077,0.803647518,0.817,"BHR2011","3","BHR",2011,-0.21859451638089,2.90987598501095,10.8805408434424,2.32819580327363,1.23190084861443,8.30760739190901,2.87755570850193,1.05694122146192
"244","BHR","Bahrain",2012,17.81544907,1.35e-11,280.5702381,54516.84066,1224939,0.845307708,0.833,"BHR2012","3","BHR",2012,-0.168054566432731,2.88006600614958,10.9062649358555,2.25981659063876,1.0140647229448,7.28580905758235,2.55587072915101,0.938392959786781
"245","BHR","Bahrain",2013,21.81072539,1.56e-11,342.6734816,55376.40051,1261673,0.867712319,0.846,"BHR2013","3","BHR",2013,-0.141895048980258,3.08240183917444,10.9219087984046,2.76660099313387,1.17180812429177,8.89849747764304,3.06694912304398,1.12068329648588
"246","BHR","Bahrain",2014,21.60680442,1.42e-11,347.9040425,55065.81895,1311134,0.821164012,0.847,"BHR2014","3","BHR",2014,-0.197032418470318,3.07300828452636,10.916284456912,2.74073445508734,1.06664585672713,9.03432395816901,2.97802009074526,1.09125868062766
"247","BHR","Bahrain",2015,22.38002707,1.76e-11,301.6835222,54149.91315,1362142,0.744066656,0.868,"BHR2015","3","BHR",2015,-0.295624656764265,3.10816891244516,10.8995116485497,2.83881457453098,1.32203993509841,7.83407589291312,3.08643018934642,1.12701514453233
"248","BHR","Bahrain",2016,21.02687319,1.44e-11,224.2437561,54107.07522,1409661,0.699643433,0.871,"BHR2016","3","BHR",2016,-0.357184455146097,3.04580129535059,10.8987202366902,2.66717255890195,1.08166903780779,5.8231307795282,2.56114412714249,0.940454083315424
"249","BHR","Bahrain",2017,20.44967523,1.41e-11,270.4462805,53859.77496,1456834,0.690708876,0.874,"BHR2017","3","BHR",2017,-0.370036852238637,3.01796700118911,10.894139188117,2.59395736679729,1.05913426618679,7.02291152974702,2.68211266438408,0.98660479157752
"250","BHR","Bahrain",2018,21.26446778,1.21e-11,224.5959185,54893.07244,1487340,0.737199068,0.886,"BHR2018","3","BHR",2018,-0.30489731743035,3.05703750041214,10.9131424344719,2.69731045743139,0.908902455380157,5.83227568392375,2.4271433052767,0.886714971262819
"251","BHR","Bahrain",2019,20.21844171,1.32e-11,228.3076083,56749.96284,1494188,0.752346814,0.894,"BHR2019","3","BHR",2019,-0.284557872517392,3.00659514385695,10.9464102805417,2.5646263438882,0.991529951323808,5.92866033023159,2.47037093238438,0.904368314419147
"252","BHR","Bahrain",2020,20.70109751,9.91e-12,111.6504661,53814.24526,1477469,0.725928187,0.885,"BHR2020","3","BHR",2020,-0.32030418502781,3.03018671867259,10.8932934928858,2.62584925104718,0.744398622546889,2.89932382958145,1.78288784940545,0.578234436961863
"253","BOL","Bolivia",2000,4.475113122,8.27e-11,1.952526803,6146.029294,8592656,0.321061939,0.63,"BOL2000","6","BOL",2000,-1.13612121807952,1.49853163006654,8.72356150903117,0.567649731328428,6.21208537685446,0.0507029454114781,0.563356981136373,-0.573841782265603
"254","BOL","Bolivia",2001,4.148923043,7.96e-11,1.673027064,6144.978295,8746084,0.326119035,0.639,"BOL2001","6","BOL",2001,-1.12049282622529,1.42284879285381,8.72339048985395,0.526273858661416,5.97922607010417,0.0434449349261596,0.515147948199339,-0.663301141517872
"255","BOL","Bolivia",2002,4.232157301,7.65e-11,1.384739811,6193.263475,8900583,0.331129014,0.642,"BOL2002","6","BOL",2002,-1.10524720915307,1.44271186328867,8.73121744403438,0.536831782651928,5.74636676335388,0.0359587314951873,0.480483680362828,-0.732962015013658
"256","BOL","Bolivia",2003,4.12256427,6.9e-11,1.401910085,6255.515583,9057378,0.333040923,0.645,"BOL2003","6","BOL",2003,-1.09948990466039,1.41647536538467,8.74121884684219,0.522930356496512,5.18299747282899,0.0364046067907195,0.462090526648973,-0.77199446196749
"257","BOL","Bolivia",2004,3.806317882,6.52e-11,1.33290214,6407.838118,9216279,0.333002448,0.648,"BOL2004","6","BOL",2004,-1.09960543767736,1.33666228666844,8.7652772259447,0.482815800218757,4.89755703229638,0.0346126180390581,0.434175328921984,-0.834306842769966
"258","BOL","Bolivia",2005,3.9557653,6.88e-11,1.240502633,6579.312289,9377388,0.344786674,0.658,"BOL2005","6","BOL",2005,-1.06482938943135,1.37517408439687,8.79168550350771,0.501772591781942,5.16797429174833,0.0322132004473148,0.437139835946617,-0.827502144348135
"259","BOL","Bolivia",2006,3.824064827,6.64e-11,1.225200801,6778.384925,9542663,0.362755716,0.656,"BOL2006","6","BOL",2006,-1.0140256299333,1.34131394771282,8.82149414090562,0.485066927349293,4.98769611878036,0.0318158445946835,0.425384540327618,-0.854761718372329
"260","BOL","Bolivia",2007,4.022227118,6.72e-11,1.268643694,6967.56988,9711152,0.371653318,0.664,"BOL2007","6","BOL",2007,-0.989793800096079,1.39183575867709,8.84902178872813,0.510203000601293,5.04778884310302,0.0329439636191759,0.439413449735854,-0.822314510178612
"261","BOL","Bolivia",2008,4.086359614,6.74e-11,1.365606441,7272.166242,9880593,0.404269338,0.668,"BOL2008","6","BOL",2008,-0.905673944934367,1.40765450378062,8.89180949615707,0.518337944485695,5.06281202418368,0.0354618787948008,0.453164118739385,-0.791500926088448
"262","BOL","Bolivia",2009,4.473619153,7.21e-11,1.370419338,7392.162593,10051317,0.38875562,0.671,"BOL2009","6","BOL",2009,-0.944804359001549,1.49819773494755,8.90817560888589,0.567460227492806,5.41585677957928,0.0355868594370573,0.478223324166409,-0.737677450228071
"263","BOL","Bolivia",2010,4.437815349,7.03e-11,1.674608408,7571.678092,10223270,0.411255509,0.677,"BOL2010","6","BOL",2010,-0.888540581247597,1.49016221683995,8.93216999848309,0.562918661912883,5.28064814985331,0.0434859990479865,0.505623724441455,-0.68196251390887
"264","BOL","Bolivia",2011,4.527233133,6.85e-11,1.38620434,7837.493188,10396246,0.432312757,0.683,"BOL2011","6","BOL",2011,-0.838605978144136,1.5101109654711,8.96667431578609,0.574260940796081,5.14543952012733,0.0359967621812841,0.473803645875107,-0.746962292320602
"265","BOL","Bolivia",2012,4.418765348,6.59e-11,1.738220304,8108.205188,10569697,0.458393455,0.685,"BOL2012","6","BOL",2012,-0.780027391606749,1.48586032403719,9.0006318141091,0.560502247477169,4.95013816607871,0.0451378639470768,0.500316962784397,-0.692513455837088
"266","BOL","Bolivia",2013,4.704891168,6.78e-11,1.777066158,8524.032134,10743349,0.481467515,0.699,"BOL2013","6","BOL",2013,-0.730916516271205,1.54860264163273,9.05064476303778,0.596796133334637,5.09285838634501,0.04614660769994,0.519568078266827,-0.654757431279174
"267","BOL","Bolivia",2014,4.953465102,6.84e-11,1.935492532,8851.711628,10916987,0.465862155,0.701,"BOL2014","6","BOL",2014,-0.763865493336367,1.60008735228652,9.08836612359556,0.628326716585522,5.137927929587,0.0502606018230007,0.545423366556656,-0.606192966516883
"268","BOL","Bolivia",2015,5.503103779,7.13e-11,2.196888432,9141.928409,11090085,0.442169935,0.704,"BOL2015","6","BOL",2015,-0.816061002467656,1.70531225652237,9.12062662786125,0.698046126759298,5.35576405525663,0.0570484943262536,0.597470657605118,-0.515050104993019
"269","BOL","Bolivia",2016,5.674178785,7.29e-11,1.820817443,9390.790638,11263015,0.443442672,0.714,"BOL2016","6","BOL",2016,-0.813186748270845,1.73592584540734,9.14748476865769,0.719746289089386,5.47594950390194,0.0472827350051471,0.571189856338138,-0.56003362662611
"270","BOL","Bolivia",2017,5.726469126,7.23e-11,1.933811698,9642.813957,11435533,0.462261707,0.715,"BOL2017","6","BOL",2017,-0.771624082913375,1.74509913241527,9.17396824926195,0.726379104218416,5.43087996065995,0.0502169541586425,0.582945522884968,-0.539661539733593
"271","BOL","Bolivia",2018,5.682050855,7.18e-11,1.956450052,9907.062567,11606905,0.44609952,0.722,"BOL2018","6","BOL",2018,-0.807213212840427,1.73731223358554,9.20100317238662,0.720744828857807,5.39332200795829,0.0508048237977706,0.58234579660547,-0.540690855446183
"272","BOL","Bolivia",2019,5.642883545,7.32e-11,2.150631605,9985.230485,11777315,0.433475137,0.728,"BOL2019","6","BOL",2019,-0.835920838500928,1.73039520170158,9.20886232870819,0.715776616347366,5.49848427552293,0.055847303453644,0.603495775053783,-0.505016239208438
"273","BOL","Bolivia",2020,5.511618768,7.21e-11,1.288296332,9000.975652,11936162,0.393513501,0.697,"BOL2020","6","BOL",2020,-0.932639901675136,1.70685836731361,9.10508825622065,0.699126218163994,5.41585677957928,0.0334543005990189,0.502217187581815,-0.688722608268802
"274","BRA","Brazil",2000,6.715910071,4.53e-11,1.731427215,14005.34719,175873720,0.618458927,0.69,"BRA2000","5","BRA",2000,-0.480524496792014,1.90447934886358,9.54719447781892,0.851885626910201,3.40275051477034,0.0449614619534073,0.507010874698085,-0.679222826512334
"275","BRA","Brazil",2001,6.716695745,4.38e-11,1.774511623,14016.13138,178211881,0.60456413,0.694,"BRA2001","5","BRA",2001,-0.503247526878424,1.90459632899561,9.5479641867053,0.851985286432285,3.29007665666536,0.0460802718891037,0.505495990049638,-0.68221517319474
"276","BRA","Brazil",2002,6.803720284,4.35e-11,1.662145344,14265.90488,180476685,0.594580114,0.7,"BRA2002","5","BRA",2002,-0.519899813309738,1.91746956316533,9.56562769521446,0.863023992010358,3.26754188504437,0.0431623599293425,0.495583005135771,-0.702020421308718
"277","BRA","Brazil",2003,6.944966628,4.28e-11,1.479503143,14259.36641,182629278,0.568347514,0.705,"BRA2003","5","BRA",2003,-0.56502222692426,1.93801717101118,9.56516926170489,0.880940510998126,3.21496075126204,0.0384195325669182,0.477409926362187,-0.739379772746048
"278","BRA","Brazil",2004,7.120195195,4.21e-11,1.703348353,14911.26096,184722043,0.562590182,0.712,"BRA2004","5","BRA",2004,-0.575203834198454,1.96293514007619,9.60987197561139,0.903167535492685,3.16237961747972,0.0442323139565578,0.501773044056734,-0.689607364992637
"279","BRA","Brazil",2005,7.263167919,4.14e-11,2.062585715,15221.01383,186797334,0.563745081,0.718,"BRA2005","5","BRA",2005,-0.573153113702208,1.98281608614199,9.63043224089235,0.921303038697489,3.1097984836974,0.0535609399847708,0.535378566359763,-0.624781181644997
"280","BRA","Brazil",2006,7.549437334,4.19e-11,2.463320142,15657.47957,188820682,0.577697098,0.725,"BRA2006","5","BRA",2006,-0.548705599576065,2.02147303518577,9.65870400959271,0.957615138991319,3.14735643639906,0.0639671560456527,0.577694179286375,-0.54871065191406
"281","BRA","Brazil",2007,7.939154513,4.27e-11,2.77163012,16440.58374,190779453,0.592442036,0.732,"BRA2007","5","BRA",2007,-0.523502240294337,2.07180678508035,9.70750817527907,1.00704916354499,3.20744916072171,0.0719733068243921,0.614885101646404,-0.486319855221094
"282","BRA","Brazil",2008,8.285922353,4.12e-11,3.388133966,17113.36798,192672317,0.595718741,0.739,"BRA2008","5","BRA",2008,-0.517986634375688,2.11455797274478,9.74761519029724,1.051035240733,3.09477530261673,0.0879825932534831,0.658993381654554,-0.417041787542878
"283","BRA","Brazil",2009,8.168923601,4.08e-11,3.265004218,16939.44078,194517549,0.581303477,0.742,"BRA2009","5","BRA",2009,-0.542482322871768,2.1003371500085,9.73739995585477,1.03619442926567,3.06472894045541,0.0847851770224839,0.645730179651331,-0.437373541009832
"284","BRA","Brazil",2010,8.870607531,4.06e-11,4.314706091,18062.15811,196353492,0.582437515,0.748,"BRA2010","5","BRA",2010,-0.540533369682427,2.18274328676063,9.80157431650956,1.12520015570951,3.04970575937474,0.112043689777991,0.727151730443151,-0.318620115600333
"285","BRA","Brazil",2011,8.836716359,4.14e-11,4.463405085,18627.81045,198185302,0.603327751,0.753,"BRA2011","5","BRA",2011,-0.505294695919368,2.17891535504214,9.8324109285083,1.12090119964835,3.1097984836974,0.11590508464537,0.739265927133276,-0.302097575492427
"286","BRA","Brazil",2012,8.925049674,4.08e-11,5.698322546,18832.21955,199977707,0.590600133,0.758,"BRA2012","5","BRA",2012,-0.526616084477623,2.1888618933645,9.84332448777959,1.13210591809012,3.06472894045541,0.147973250120261,0.800732484732109,-0.222228364310484
"287","BRA","Brazil",2013,9.138206226,3.82e-11,5.924472914,19241.50598,201721767,0.573736012,0.762,"BRA2013","5","BRA",2013,-0.555585897861005,2.2124641108444,9.86482499454527,1.15914395180571,2.86942758640678,0.153845891533363,0.799845640158269,-0.223336519733582
"288","BRA","Brazil",2014,9.146304818,3.74e-11,5.107943748,19183.17274,203459650,0.559527755,0.765,"BRA2014","5","BRA",2014,-0.580662145668755,2.21334995269274,9.86178875394384,1.16017122496007,2.80933486208412,0.132642375316855,0.75614072537061,-0.279527775455254
"289","BRA","Brazil",2015,8.530125201,3.55e-11,4.098266315,18357.06906,205188205,0.520325482,0.764,"BRA2015","5","BRA",2015,-0.653300736294139,2.14360403912154,9.8177700141762,1.082011369666,2.66661464181782,0.106423211672114,0.674646308357604,-0.393566713057459
"290","BRA","Brazil",2016,8.402098918,3.7e-11,3.667136795,17620.92724,206859578,0.501447201,0.765,"BRA2016","5","BRA",2016,-0.690256959276241,2.12848154582714,9.77684252239614,1.06577176115406,2.77928849992279,0.0952277000487904,0.655823606133021,-0.421863419286184
"291","BRA","Brazil",2017,8.259501383,3.5e-11,4.101234351,17724.47996,208504960,0.501046538,0.77,"BRA2017","5","BRA",2017,-0.691056291991741,2.11136422045659,9.78270201161872,1.04768384913393,2.62905668911616,0.106500285219609,0.664446967262332,-0.408800212497778
"292","BRA","Brazil",2018,7.909539946,3.41e-11,4.280706074,17917.74921,210166592,0.502371609,0.774,"BRA2018","5","BRA",2018,-0.688415176173348,2.0680696190262,9.79354707651978,1.00329267727467,2.56145237425317,0.111160782048739,0.658600172975673,-0.417638646398436
"293","BRA","Brazil",2019,7.998368295,3.37e-11,4.449792831,18018.62092,211782878,0.498758376,0.776,"BRA2019","5","BRA",2019,-0.695633516934119,2.07923755775153,9.79916099771208,1.01456018874746,2.53140601209184,0.115551603520077,0.667019504590916,-0.404935991228819
"294","BRA","Brazil",2020,7.671586963,3.31e-11,3.491372272,17327.51572,213196304,0.518980503,0.77,"BRA2020","5","BRA",2020,-0.655888962995875,2.03752349919236,9.76005102102012,0.973109318064211,2.48633646884985,0.090663471275464,0.603093468094247,-0.505683089135584
"295","BWA","Botswana",2000,8.182658277,9.61e-11,15.68408276,13185.81715,1726985,0.656934142,0.594,"BWA2000","6","BWA",2000,-0.420171506009002,2.10201707056084,9.48689707259697,1.037936616542,7.21863850925893,0.407282087389294,1.45046463959621,0.37188394620303
"296","BWA","Botswana",2001,7.590694266,9.22e-11,10.94800432,12949.64031,1761930,0.613841176,0.595,"BWA2001","6","BWA",2001,-0.488019055305883,2.02692305837055,9.46882329145237,0.962848411475561,6.92568647818599,0.28429625885222,1.23764843434726,0.213213155214931
"297","BWA","Botswana",2002,7.166909495,9.02e-11,13.45225862,13479.69607,1795130,0.687133014,0.594,"BWA2002","6","BWA",2002,-0.375227389780368,1.96947452891475,9.50893983747621,0.909093052707844,6.77545466737935,0.349326387439581,1.29099945365655,0.255416688670418
"298","BWA","Botswana",2003,6.933785766,8.88e-11,13.32836965,13857.25883,1826863,0.644099474,0.602,"BWA2003","6","BWA",2003,-0.439902102073004,1.9364059506217,9.53656447757044,0.879522264545513,6.67029239981471,0.34610925583691,1.26629524041825,0.23609550381479
"299","BWA","Botswana",2004,7.216607232,8.77e-11,13.45371033,13984.84151,1859085,0.646459758,0.608,"BWA2004","6","BWA",2004,-0.436244328647259,1.9763849299959,9.54572927271521,0.915397006660873,6.58766490387106,0.349364085243663,1.28195588875896,0.248386949762168
"300","BWA","Botswana",2005,6.773936082,8.59e-11,18.02983446,14361.95763,1892807,0.724692404,0.616,"BWA2005","6","BWA",2005,-0.322007984500418,1.91308231856718,9.57233815851969,0.859245988236551,6.45245627414508,0.468196242427391,1.37432728588455,0.317964364768932
"301","BWA","Botswana",2006,6.189027019,8.3e-11,10.65128447,15275.58288,1928704,0.717411697,0.627,"BWA2006","6","BWA",2006,-0.332105409305417,1.82277788839643,9.63401094239523,0.785052674366727,6.23462014847546,0.276591078911061,1.10623905832284,0.100966026509471
"302","BWA","Botswana",2007,6.485178708,8.25e-11,11.90047646,15850.23435,1966977,0.70103538,0.64,"BWA2007","6","BWA",2007,-0.35519692246509,1.86951937452056,9.67093956468508,0.822618300555452,6.1970621957738,0.309029923376657,1.16357643883439,0.151498398924445
"303","BWA","Botswana",2008,7.367029362,8.33e-11,20.01761489,16040.31532,2007320,0.815824509,0.645,"BWA2008","6","BWA",2008,-0.203556009647286,1.99701455330424,9.6828605395814,0.934477436440531,6.25715492009645,0.519814649138858,1.44854307379752,0.370558274614633
"304","BWA","Botswana",2009,7.695906146,8.17e-11,14.26623632,13489.95092,2048997,0.613069773,0.644,"BWA2009","6","BWA",2009,-0.489276527337209,2.04068851812272,9.50970031094463,0.976194106609156,6.13696947145114,0.37046364754062,1.30440337627377,0.265745753302701
"305","BWA","Botswana",2010,7.321365873,8.17e-11,22.24700822,14545.01981,2091664,0.605619133,0.652,"BWA2010","6","BWA",2010,-0.501503983896931,1.99079690523873,9.58500393290844,0.928685210287646,6.13696947145114,0.577707226151386,1.48768196226813,0.397219178531452
"306","BWA","Botswana",2011,8.237104324,8.03e-11,17.72898405,15236.71888,2134037,0.601955116,0.661,"BWA2011","6","BWA",2011,-0.507572394592447,2.10864886516967,9.63146350947307,1.04484287412899,6.0318072038865,0.460383800676623,1.42628448131347,0.35507279810767
"307","BWA","Botswana",2012,7.875474837,7.77e-11,13.10192297,14957.61891,2175425,0.554629624,0.667,"BWA2012","6","BWA",2012,-0.589454732153066,2.06375347965583,9.61297607509052,0.998971658018983,5.83650584983787,0.340228919834859,1.25649020143361,0.228322279669157
"308","BWA","Botswana",2013,9.006447639,7.68e-11,11.35990727,16369.42529,2217278,0.556499839,0.676,"BWA2013","6","BWA",2013,-0.586088397574756,2.19794072517446,9.70317056223515,1.14243091585069,5.76890153497488,0.294992497570474,1.24808648807996,0.221611568892128
"309","BWA","Botswana",2014,9.295506365,7.48e-11,11.63954348,17052.1924,2260376,0.610989451,0.685,"BWA2014","6","BWA",2014,-0.492675585098702,2.22953109682783,9.74403406095539,1.17909682879608,5.61866972416824,0.302254051915806,1.26042894821187,0.231452098117292
"310","BWA","Botswana",2015,8.67533906,7.35e-11,9.80145967,15994.9643,2305171,0.587983012,0.69,"BWA2015","6","BWA",2015,-0.53105722265733,2.16048440979536,9.68002922043364,1.10043115164677,5.52101904714393,0.254522946285421,1.1563865218427,0.145300075819474
"311","BWA","Botswana",2016,8.288583007,7.07e-11,11.02183287,16905.58874,2352416,0.635381401,0.696,"BWA2016","6","BWA",2016,-0.453529828900284,2.11487902655183,9.73539954091829,1.05137273377219,5.31069451201464,0.286213428406414,1.16913863406984,0.156267267477136
"312","BWA","Botswana",2017,6.966848131,6.84e-11,7.321841092,17352.89584,2401840,0.644556224,0.704,"BWA2017","6","BWA",2017,-0.439193223790254,1.94116291747539,9.76151467865216,0.88371608984058,5.137927929587,0.190132554712588,0.952180064745988,-0.0490011184354313
"313","BWA","Botswana",2018,7.120240684,6.75e-11,8.79858769,17825.01857,2451409,0.606096983,0.71,"BWA2018","6","BWA",2018,-0.500715267763734,1.96294152878513,9.78835828707719,0.903173305585624,5.07032361472402,0.228480505700988,1.01520085418347,0.0150864788119676
"314","BWA","Botswana",2019,7.774440721,6.81e-11,11.1638607,18106.01054,2499702,0.607827723,0.718,"BWA2019","6","BWA",2019,-0.497863787496207,2.05084152248764,9.80399923616269,0.986155895101067,5.11539315796601,0.289901587411625,1.13507631685323,0.126699888191155
"315","BWA","Botswana",2020,7.405015371,6.57e-11,10.73041242,16289.39136,2546402,0.552450359,0.718,"BWA2020","6","BWA",2020,-0.5933916975906,2.00215752347723,9.69826933809882,0.939295805767797,4.93511498499804,0.278645862549988,1.08905735555402,0.0853125106575893
"316","CAF","Central African Republic",2000,2.150887275,8.45e-12,0.561151425,1245.813996,3759170,0.376165837,0.333,"CAF2000","11","CAF",2000,-0.97772517697772,0.765880443054618,7.12754440730502,0.272831222471047,0.634729400658044,0.0145719024320857,0.136144357373663,-1.99403950491024
"317","CAF","Central African Republic",2001,2.14337583,9.84e-12,0.400305837,1272.857108,3844773,0.381046027,0.335,"CAF2001","11","CAF",2001,-0.964835105377588,0.762382076756554,7.14901934402458,0.271878426503684,0.739140509168657,0.0103950864951619,0.127833089928849,-2.05702985092155
"318","CAF","Central African Republic",2002,2.162758638,9.82e-12,0.221538579,1290.383149,3930648,0.378691018,0.337,"CAF2002","11","CAF",2002,-0.971034662338236,0.771384554059505,7.16269446798426,0.274337056141335,0.73763819106059,0.00575288311551717,0.10519727080714,-2.25191792191296
"319","CAF","Central African Republic",2003,2.127133575,9.16e-12,0.38909088,1191.873152,4026841,0.363993138,0.338,"CAF2003","11","CAF",2003,-1.01062026317144,0.754775333964193,7.08328142585532,0.269818163123616,0.6880616934944,0.0101038580461136,0.123328069235974,-2.09290724479336
"320","CAF","Central African Republic",2004,2.328179312,1.18e-11,0.247356527,1236.285347,4115138,0.374741524,0.342,"CAF2004","11","CAF",2004,-0.981518760000379,0.845086550957974,7.11986647464142,0.295319989665549,0.886367683759161,0.00642332001096417,0.118911020371937,-2.12937979352551
"321","CAF","Central African Republic",2005,2.215792732,9.36e-12,0.36888566,1219.593945,4208834,0.382093102,0.346,"CAF2005","11","CAF",2005,-0.96209097755798,0.795610232019627,7.10627325035924,0.281064213285664,0.703084874575064,0.00957917169347921,0.123703053973925,-2.08987131133611
"322","CAF","Central African Republic",2006,2.22982287,8.84e-12,0.481013863,1251.870822,4294352,0.426493853,0.35,"CAF2006","11","CAF",2006,-0.852157324815462,0.801922151823985,7.1323943690206,0.282843878703964,0.664024603765338,0.0124909013286683,0.132874479941044,-2.01835035622387
"323","CAF","Central African Republic",2007,2.313111688,8.8e-12,0.434261101,1284.552836,4375569,0.424768686,0.356,"CAF2007","11","CAF",2007,-0.856210526460735,0.838593669156584,7.15816594921897,0.293408723406534,0.661019967549205,0.0112768320847124,0.129805044781335,-2.04172160966359
"324","CAF","Central African Republic",2008,2.384890121,9.42e-12,0.385703374,1283.272826,4467233,0.401214778,0.362,"CAF2008","11","CAF",2008,-0.91325838907622,0.869153052419471,7.15716898893076,0.302513523016474,0.707591828899263,0.0100158917597941,0.128945366730843,-2.04836647804212
"325","CAF","Central African Republic",2009,2.437601811,9.7e-12,0.366380047,1402.681648,4564540,0.390625894,NA,"CAF2009","11","CAF",2009,-0.94000496985409,0.891014691632965,7.24614114630076,0.309199784536718,0.728624282412192,0.00951410628235856,0.128934836522263,-2.04844814548657
"326","CAF","Central African Republic",2010,2.406425034,9.4e-12,0.408815318,1479.413678,4660067,0.357473254,0.358,"CAF2010","11","CAF",2010,-1.02869473363279,0.878142257811027,7.29940112475115,0.305245138340014,0.706089510791196,0.0106160595184055,0.131772247538965,-2.02668024404038
"327","CAF","Central African Republic",2011,2.437617388,8.21e-12,0.311778631,1517.148391,4732022,0.331563711,0.377,"CAF2011","11","CAF",2011,-1.10393529777711,0.891021081909736,7.32458779328575,0.309201760415232,0.616701583361247,0.00809622427910833,0.115575695941366,-2.15782958756971
"328","CAF","Central African Republic",2012,2.523813772,8.76e-12,0.240121023,1577.980533,4773306,0.353479564,0.385,"CAF2012","11","CAF",2012,-1.03992960578336,0.925771159072565,7.36390116482782,0.320135417930735,0.658015331333072,0.00623542944589082,0.109516284733176,-2.21168202175872
"329","CAF","Central African Republic",2013,2.363114754,7.12e-12,0.198124418,996.8963559,4802428,0.238056242,0.359,"CAF2013","11","CAF",2013,-1.43524832230332,0.859980559869477,6.90464680859014,0.299751407089983,0.53482524647163,0.00514486742773531,0.0937811972750779,-2.36679089855342
"330","CAF","Central African Republic",2014,2.390650493,6.57e-12,0.54057602,1001.855981,4798734,0.20615001,0.319,"CAF2014","11","CAF",2014,-1.57915117132086,0.871565501714468,6.90960953977752,0.303244202561104,0.493511498499804,0.0140376031666768,0.128073982592382,-2.05514719303085
"331","CAF","Central African Republic",2015,2.447837199,6.64e-12,0.53688859,1043.921717,4819333,0.22106339,0.377,"CAF2015","11","CAF",2015,-1.5093057860138,0.895204858762142,6.95073978191469,0.31049810149315,0.498769611878037,0.0139418484954931,0.129248773706066,-2.04601625340599
"332","CAF","Central African Republic",2016,2.592114349,6.39e-12,0.620190604,1073.944777,4904177,0.225501344,0.376,"CAF2016","11","CAF",2016,-1.48942915996847,0.952473893643484,6.97909385568354,0.32879906578201,0.479990635527207,0.0161050236498718,0.136471375478409,-1.99164038980284
"333","CAF","Central African Republic",2017,2.510414719,6.18e-12,0.690770999,1103.866093,4996741,0.209781408,0.356,"CAF2017","11","CAF",2017,-1.5616892046779,0.920447966188493,7.00657392690804,0.318435803054384,0.46421629539251,0.0179378455652008,0.138411078009018,-1.97752719558411
"334","CAF","Central African Republic",2018,2.543072976,6.25e-12,0.901946558,1125.700917,5094780,0.209201694,0.391,"CAF2018","11","CAF",2018,-1.56445644930981,0.933373182843023,7.02616115796467,0.322578368908321,0.469474408770742,0.0234216232136121,0.152506393814682,-1.88054875715991
"335","CAF","Central African Republic",2019,2.511892008,6.46e-12,0.570619845,1145.095637,5209324,0.217061296,0.279,"CAF2019","11","CAF",2019,-1.52757549528275,0.921036257235977,7.04324343826445,0.31862319110047,0.485248748905439,0.0148177770503779,0.131828189546232,-2.02625579855217
"336","CAF","Central African Republic",2020,2.492658952,6.61e-12,0.41601828,1136.57053,5343020,0.22619386,0.386,"CAF2020","11","CAF",2020,-1.48636285978877,0.91334999293685,7.03577070031995,0.316183556889358,0.496516134715937,0.010803105037333,0.119254217867735,-2.12649777987915
"337","CAN","Canada",2000,23.96497519,1.14e-11,23.19816556,48399.30554,30685730,0.953668952,0.894,"CAN2000","1","CAN",2000,-0.0474386782381004,3.1765933973513,10.7872407442547,3.03985873809961,0.856321321597834,0.602406748131647,1.16178740182664,0.14995968284961
"338","CAN","Canada",2001,23.11727664,1.07e-11,24.6714761,48774.16755,31020902,0.952276349,0.897,"CAN2001","1","CAN",2001,-0.048900003751578,3.14058024447857,10.7949560982006,2.9323316564289,0.803740187815511,0.64066547204212,1.1472375778608,0.13735694648156
"339","CAN","Canada",2002,23.83331028,1.05e-11,28.2337798,49695.00669,31360079,0.95580709,0.899,"CAN2002","1","CAN",2002,-0.0451991749957443,3.17108419375866,10.8136597380233,3.02315758468755,0.788717006734847,0.733170880809206,1.20465420151559,0.18619255606233
"340","CAN","Canada",2003,24.96585053,1.08e-11,31.38807827,50139.78623,31644028,0.94899404,0.902,"CAN2003","1","CAN",2003,-0.0523527606869778,3.2175089122687,10.8225701082409,3.16681566686443,0.811251778355843,0.815081266310796,1.27936103481515,0.246360761743282
"341","CAN","Canada",2004,24.91544049,1.03e-11,29.90056715,51210.67961,31940655,0.944937348,0.906,"CAN2004","1","CAN",2004,-0.0566366520989297,3.2154877112881,10.8437033754093,3.16042136019952,0.773693825654183,0.776453783707001,1.23825448596084,0.21370271530286
"342","CAN","Canada",2005,26.08792436,1.08e-11,34.60562081,52356.5578,32243753,0.967140317,0.909,"CAN2005","1","CAN",2005,-0.033411688574756,3.26147253906546,10.8658324768391,3.30914612662396,0.811251778355843,0.898633965056888,1.34117303201726,0.293544628054113
"343","CAN","Canada",2006,26.20188112,1.08e-11,39.74132177,53195.78184,32571174,0.946260929,0.913,"CAN2006","1","CAN",2006,-0.0552369244953275,3.26583120666295,10.8817343834644,3.32360107389201,0.811251778355843,1.03199713580797,1.40652573070133,0.341122642915757
"344","CAN","Canada",2007,27.20719521,1.09e-11,35.88660627,53761.86203,32889025,0.930817544,0.914,"CAN2007","1","CAN",2007,-0.0716919994290919,3.30348146809953,10.8923196105719,3.45112103987538,0.818763368896174,0.931898417945055,1.38090051011729,0.322735829918388
"345","CAN","Canada",2008,26.03092537,1.03e-11,36.33130093,53711.67921,33247118,0.938175619,0.916,"CAN2008","1","CAN",2008,-0.0638181204218233,3.25928526850904,10.8913857467936,3.30191603869603,0.773693825654183,0.943446187243849,1.34075913158112,0.293235969658464
"346","CAN","Canada",2009,24.38445799,9.72e-12,31.22622946,51552.42238,33628895,0.86201036,0.915,"CAN2009","1","CAN",2009,-0.148487989829181,3.19394596172614,10.8503544792237,3.09306840950351,0.730126600520258,0.810878398844017,1.22343568184429,0.201663033531694
"347","CAN","Canada",2010,25.64806707,9.97e-12,40.375427,52558.44081,34004889,0.858002424,0.918,"CAN2010","1","CAN",2010,-0.15314835432334,3.24446821088249,10.8696809877641,3.25335203479109,0.748905576871088,1.04846349253733,1.36700618336956,0.312623081045083
"348","CAN","Canada",2011,25.82736334,9.76e-12,36.14303755,53681.12967,34339328,0.879574478,0.921,"CAN2011","1","CAN",2011,-0.128317036184061,3.25143452446815,10.8908168159472,3.27609503071522,0.733131236736391,0.938557389884216,1.31119217725254,0.270936782331865
"349","CAN","Canada",2012,25.47590319,9.79e-12,34.79942156,54034.80348,34714222,0.85639441,0.927,"CAN2012","1","CAN",2012,-0.155024249611593,3.2377330324548,10.8973836268286,3.23151375326341,0.735384713898491,0.903666556073235,1.29015811622619,0.254764781580379
"350","CAN","Canada",2013,25.53632219,9.63e-12,35.0990601,54712.17842,35082954,0.824137032,0.93,"CAN2013","1","CAN",2013,-0.193418461928265,3.2401018382774,10.9098416038488,3.23917765542233,0.72336616903396,0.911447528151801,1.28777960956456,0.252919502454555
"351","CAN","Canada",2014,25.01711328,9.29e-12,30.84794836,55723.48354,35437435,0.85698247,0.932,"CAN2014","1","CAN",2014,-0.154337815669411,3.21956012188358,10.9281569446043,3.17331813629288,0.697826761196831,0.801055247666771,1.21052724376887,0.191056003354087
"352","CAN","Canada",2015,23.94437468,8.81e-12,28.45338667,55660.86753,35702908,0.832989812,0.932,"CAN2015","1","CAN",2015,-0.182733867382284,3.17573341860705,10.9270326211963,3.03724564796135,0.661771126603238,0.738873601573134,1.14091326056393,0.131829047450295
"353","CAN","Canada",2016,23.04602537,8.45e-12,31.30564317,55606.15492,36109487,0.837567687,0.933,"CAN2016","1","CAN",2016,-0.177253198250193,3.13749331943301,10.9260491741119,2.92329372528175,0.634729400658044,0.81294060305902,1.14685002486183,0.137019075336447
"354","CAN","Canada",2017,23.42977504,9.07e-12,34.73004827,56612.32854,36545236,0.857621849,0.935,"CAN2017","1","CAN",2017,-0.153592012077817,3.15400765110784,10.9439820592001,2.97197079581255,0.681301262008101,0.901865080093248,1.22229237017951,0.20072808759843
"355","CAN","Canada",2018,23.50483558,9.31e-12,35.72984633,57337.49091,37065084,0.851869881,0.935,"CAN2018","1","CAN",2018,-0.160321485646973,3.1572061693442,10.9567099803704,2.98149191722396,0.699329079304898,0.927827697549149,1.24602718869636,0.219960240910783
"356","CAN","Canada",2019,22.84797672,8.68e-12,34.03749055,57583.8458,37601230,0.823982775,0.937,"CAN2019","1","CAN",2019,-0.193605653417373,3.12886256724909,10.9609973524881,2.89817206692416,0.652006058900807,0.883880837204748,1.18646930032108,0.170981922408982
"357","CAN","Canada",2020,21.5212714,8.19e-12,28.80385131,54092.87903,38007166,0.844265521,0.931,"CAN2020","1","CAN",2020,-0.16928823552063,3.06904181347408,10.8984578301083,2.72988494257245,0.615199265253181,0.747974418772299,1.07898555865088,0.0760213021742724
"358","CHE","Switzerland",2000,19.23634863,2e-11,59.9818736,67378.39015,7184250,0.914893985,0.892,"CHE2000","1","CHE",2000,-0.0889470838072748,2.9568016470815,11.1180796245706,2.4400518677122,1.50231810806638,1.55760098050699,1.78733402923245,0.580725140496077
"359","CHE","Switzerland",2001,20.2828919,2.52e-11,78.65722318,68008.34419,7229854,0.93340987,0.895,"CHE2001","1","CHE",2001,-0.068910871277632,3.0097777671761,11.1273856853066,2.57280158595252,1.89292081616363,2.04255987010591,2.15065713398626,0.765773439154587
"360","CHE","Switzerland",2002,19.1176648,1.7e-11,34.97669216,67446.40443,7284753,0.960230768,0.896,"CHE2002","1","CHE",2002,-0.040581640074366,2.95061276627309,11.1190885530245,2.42499731101701,1.27697039185642,0.908269894445363,1.41156972817742,0.344702367546111
"361","CHE","Switzerland",2003,19.77868054,1.89e-11,36.70757909,66926.16798,7339001,0.929820955,0.901,"CHE2003","1","CHE",2003,-0.0727632328748558,2.98460461719505,11.1113453203095,2.50884444448281,1.41969061212272,0.953217326352771,1.50297973285401,0.407449626218186
"362","CHE","Switzerland",2004,19.4974845,1.74e-11,39.66760374,68263.44114,7389625,0.933693111,0.906,"CHE2004","1","CHE",2004,-0.0686074696923364,2.97028545724849,11.1311296334373,2.47317588098395,1.30701675401775,1.03008283622182,1.49326230661121,0.400963194090517
"363","CHE","Switzerland",2005,20.13332642,1.87e-11,41.99461726,69692.59548,7437115,0.910152435,0.909,"CHE2005","1","CHE",2005,-0.0941431825106295,3.00237647289512,11.151849356959,2.55382981870923,1.40466743104206,1.09051040079868,1.57566937044015,0.454680179096766
"364","CHE","Switzerland",2006,19.90386306,1.72e-11,42.98273967,72077.85985,7483934,0.895134449,0.918,"CHE2006","1","CHE",2006,-0.11078134964316,2.99091383650899,11.1855022005262,2.52472333333048,1.29199357293708,1.11616982659356,1.53839599887211,0.430740314451886
"365","CHE","Switzerland",2007,19.77278419,1.65e-11,38.89110719,74234.3011,7551117,0.925918758,0.926,"CHE2007","1","CHE",2007,-0.0769687825260928,2.98430645630094,11.2149816013132,2.508096516687,1.23941243915476,1.00991888142931,1.46425099946513,0.381343848565723
"366","CHE","Switzerland",2008,20.581404,1.75e-11,53.23407608,75355.20249,7647675,0.927132726,0.934,"CHE2008","1","CHE",2008,-0.0756585456717451,3.02438794965326,11.2299682459977,2.61066662058824,1.31452834455808,1.38237510971301,1.68028296964926,0.518962213546736
"367","CHE","Switzerland",2009,19.95832842,1.64e-11,43.75946199,72709.81383,7743831,0.880794466,0.942,"CHE2009","1","CHE",2009,-0.126930976518018,2.9936465208834,11.1942316451952,2.53163204069225,1.23190084861443,1.13633964415013,1.52461960059453,0.421744936710391
"368","CHE","Switzerland",2010,21.32789325,1.74e-11,51.67415453,74290.26196,7824909,0.904603839,0.945,"CHE2010","1","CHE",2010,-0.100258178082708,3.06001575826629,11.2157351583208,2.70535571796969,1.30701675401775,1.34186728309863,1.68037043565292,0.519014266521636
"369","CHE","Switzerland",2011,23.28242122,1.98e-11,52.93467262,74800.88864,7912398,0.94054687,0.946,"CHE2011","1","CHE",2011,-0.0612937962887382,3.1476986217507,11.2225850441059,2.95327956856244,1.48729492698571,1.3746002421593,1.8209276527222,0.599346070534049
"370","CHE","Switzerland",2012,21.93447203,1.93e-11,46.80699746,74883.61589,7996861,0.980982721,0.949,"CHE2012","1","CHE",2012,-0.0192004332314274,3.08805946457696,11.2236903991149,2.78229774649715,1.44973697428405,1.21547762286445,1.69881698988596,0.529932120517142
"371","CHE","Switzerland",2013,22.01863441,1.87e-11,47.58872344,75354.15505,8089346,0.991228342,0.952,"CHE2013","1","CHE",2013,-0.00881035545210401,3.09188911347683,11.2299543458654,2.79297339895387,1.40466743104206,1.23577737477043,1.69249288108677,0.526202519642873
"372","CHE","Switzerland",2014,20.91794733,2.04e-11,52.65276756,76189.60184,8188649,0.962835193,0.956,"CHE2014","1","CHE",2014,-0.0378730209784809,3.04060751440176,11.2409802735707,2.65335576064947,1.5323644702277,1.36727977063162,1.77148841009549,0.571820102877766
"373","CHE","Switzerland",2015,21.26320458,2.14e-11,55.97795644,76566.07725,8282396,0.955652714,0.957,"CHE2015","1","CHE",2015,-0.0453607018036976,3.05697809438636,11.245909401895,2.69715022569622,1.60748037563102,1.45362781461567,1.84714652336184,0.613642028531813
"374","CHE","Switzerland",2016,21.64179966,2.05e-11,51.58362933,77301.21243,8373338,0.963037789,0.959,"CHE2016","1","CHE",2016,-0.037662627040105,3.07462661410633,11.2554649191873,2.74517345764264,1.53987606076803,1.3395165372513,1.78238374461108,0.577951650764829
"375","CHE","Switzerland",2017,20.88215037,2.02e-11,52.65626222,77626.90274,8451840,0.932458818,0.96,"CHE2017","1","CHE",2017,-0.0699302914420616,3.0388947447806,11.2596693308838,2.64881506320285,1.51734128914704,1.36737051947816,1.76471147022566,0.567987204062134
"376","CHE","Switzerland",2018,20.04508773,1.94e-11,50.04663493,79261.35636,8514329,0.940102458,0.962,"CHE2018","1","CHE",2018,-0.0617664117855835,2.99798412273742,11.2805059793913,2.54263710306031,1.45724856482438,1.29960407969056,1.68866315443975,0.523937183027501
"377","CHE","Switzerland",2019,20.53402796,1.97e-11,51.06564091,79596.70295,8575280,0.970151365,0.965,"CHE2019","1","CHE",2019,-0.0303031732669277,3.02208341051995,11.2847279507485,2.60465716437021,1.47978333644538,1.32606548575091,1.72254756881802,0.543804339674151
"378","CHE","Switzerland",2020,19.80440844,1.82e-11,50.85991238,77324.88709,8638167,0.919532001,0.963,"CHE2020","1","CHE",2020,-0.0838904329332439,2.98590456140284,11.2557711373518,2.51210792299709,1.3671094783404,1.32072315579665,1.65532951966868,0.504000094550139
"379","CHL","Chile",2000,7.52381553,1.5e-11,8.773848906,17525.27173,15351799,0.650134265,0.771,"CHL2000","1","CHL",2000,-0.43057637588489,2.01807339359436,9.77139921706076,0.95436511831916,1.12673858104978,0.227838092386727,0.625731501766796,-0.468833910806296
"380","CHL","Chile",2001,7.265473156,1.46e-11,8.176011145,17870.30083,15523978,0.652697146,0.778,"CHL2001","1","CHL",2001,-0.426642045956623,1.98313342305016,9.79089544237104,0.921595448549045,1.09669221888845,0.212313524265905,0.598688497577583,-0.513013853566135
"381","CHL","Chile",2002,7.238492327,1.46e-11,8.578529585,18240.20156,15693790,0.648774147,0.784,"CHL2002","1","CHL",2002,-0.432670624385467,1.97941294258515,9.81138331400586,0.918173041133783,1.09669221888845,0.222766067329118,0.607602351172545,-0.498234638662106
"382","CHL","Chile",2003,7.363974528,1.44e-11,9.45364148,18902.87087,15859112,0.656895816,0.789,"CHL2003","1","CHL",2003,-0.420229848414391,1.99659980437517,9.84706908739602,0.934089943286262,1.08166903780779,0.245490851733073,0.628308308211818,-0.464724296340882
"383","CHL","Chile",2004,7.768111576,1.44e-11,9.891432162,19961.98358,16017966,0.698108256,0.797,"CHL2004","1","CHL",2004,-0.359381093689808,2.05002709442861,9.90158492268332,0.985353069035928,1.08166903780779,0.256859339488014,0.649322638153702,-0.431825554599274
"384","CHL","Chile",2005,8.262131233,1.53e-11,11.39298041,20918.52758,16175311,0.745528936,0.804,"CHL2005","1","CHL",2005,-0.293661331311951,2.11168257277483,9.94839053233663,1.04801743481216,1.14927335267078,0.29585133628625,0.708960099004958,-0.343956031882809
"385","CHL","Chile",2006,8.391485941,1.53e-11,11.8703538,21968.53754,16334575,0.844380021,0.804,"CHL2006","1","CHL",2006,-0.169152623875287,2.12721761337889,9.99736659693635,1.0644255485828,1.14927335267078,0.308247702316602,0.722458366924229,-0.325095484290141
"386","CHL","Chile",2007,8.900744485,1.5e-11,12.21013944,22878.88344,16495538,0.863990903,0.812,"CHL2007","1","CHL",2007,-0.146193039168696,2.18613492323963,10.0379696436036,1.12902290462664,1.12673858104978,0.317071208723815,0.738857878740626,-0.302649692170873
"387","CHL","Chile",2008,9.441701098,1.57e-11,14.02802542,23509.78169,16661462,0.792180061,0.82,"CHL2008","1","CHL",2008,-0.232966563260274,2.24513616498247,10.0651718556552,1.19764103061773,1.1793197148321,0.364277819904061,0.801303398384125,-0.221515629118718
"388","CHL","Chile",2009,8.620682484,1.55e-11,12.57520725,23013.58179,16833447,0.778646648,0.819,"CHL2009","1","CHL",2009,-0.250197932936718,2.15416425601943,10.043839833236,1.09349818932025,1.16429653375144,0.326551239017626,0.74635309177554,-0.292556477383781
"389","CHL","Chile",2010,9.124645873,1.53e-11,13.56345146,24116.76947,17004162,0.824370444,0.823,"CHL2010","1","CHL",2010,-0.193135282136899,2.21097909027713,10.090662706133,1.15742387668642,1.14927335267078,0.352213827698022,0.776677502655915,-0.25273006927034
"390","CHL","Chile",2011,10.03961371,1.56e-11,13.91349387,25366.26902,17173573,0.865363061,0.823,"CHL2011","1","CHL",2011,-0.144606136410188,2.3065386384238,10.1411755791061,1.27348379130486,1.17180812429177,0.361303680487066,0.813905726298875,-0.20591073504436
"391","CHL","Chile",2012,10.97033718,1.59e-11,14.78860411,26670.49713,17341771,0.883480012,0.832,"CHL2012","1","CHL",2012,-0.123886611134219,2.39519501036902,10.1913132570473,1.39154224330003,1.19434289591277,0.384028421914211,0.860986346314326,-0.149676632619371
"392","CHL","Chile",2013,11.0948103,1.54e-11,14.93545216,27291.35765,17509925,0.856800973,0.845,"CHL2013","1","CHL",2013,-0.154549624228328,2.40647745844659,10.2143253614572,1.40733114766945,1.15678494321111,0.387841751724328,0.857895708914704,-0.153272738263606
"393","CHL","Chile",2014,9.969596685,1.54e-11,14.28422875,27505.04955,17687108,0.870841563,0.849,"CHL2014","1","CHL",2014,-0.138295221086906,2.29954013029693,10.2221248867986,1.26460241906999,1.15678494321111,0.370930872469214,0.815642547027394,-0.203779075105688
"394","CHL","Chile",2015,9.791202834,1.55e-11,13.43313927,27811.37452,17870124,0.83895725,0.855,"CHL2015","1","CHL",2015,-0.175595527329196,2.28148431252953,10.2332003713932,1.241973891292,1.16429653375144,0.348829898808612,0.79603089616865,-0.228117279608786
"395","CHL","Chile",2016,10.01199424,1.54e-11,13.42077558,27958.7285,18083879,0.829077661,0.859,"CHL2016","1","CHL",2016,-0.187441447896815,2.30378379825973,10.2384847196342,1.26998037490007,1.15678494321111,0.348508840220227,0.799995993418768,-0.223148559553291
"396","CHL","Chile",2017,10.03713289,1.5e-11,12.72671664,27892.99469,18368577,0.826909304,0.862,"CHL2017","1","CHL",2017,-0.190060258654478,2.30629150475597,10.2361308499021,1.27316910947044,1.12673858104978,0.330485613858828,0.779747406962979,-0.248785248972048
"397","CHL","Chile",2018,10.31411817,1.5e-11,14.04476294,28492.66115,18701450,0.85790813,0.866,"CHL2018","1","CHL",2018,-0.153258259819143,2.33351365280572,10.2574018295882,1.30830355534645,1.12673858104978,0.364712457503699,0.813131455100838,-0.206862491114026
"398","CHL","Chile",2019,10.23602452,1.5e-11,13.38431599,28218.53439,19039485,0.871779382,0.867,"CHL2019","1","CHL",2019,-0.137218889377215,2.32591331376165,10.2477342889058,1.298397696381,1.12673858104978,0.347562062640194,0.798155950645237,-0.225451273751942
"399","CHL","Chile",2020,9.705635258,1.5e-11,13.44563968,26248.56164,19300315,0.949677646,0.856,"CHL2020","1","CHL",2020,-0.0516326719696079,2.27270667125363,10.1753664718518,1.23111999549034,1.12673858104978,0.349154507723008,0.785320741415333,-0.241663056858757
"400","CHN","China",2000,4.522415406,3.36e-12,19.91222275,4066.03627,1262645000,0.326036543,0.598,"CHN2000","3","CHN",2000,-1.12074580880559,1.50904623297141,8.31042391446331,0.573649831900594,0.252389442155151,0.517077840654074,0.421461582620498,-0.864026650129488
"401","CHN","China",2001,4.617036621,3.53e-12,19.58227934,4372.157056,1271850000,0.338364512,0.608,"CHN2001","3","CHN",2001,-1.08363152672567,1.52975307526727,8.38301177179851,0.585652144648549,0.265159146073715,0.508509915911426,0.42902433346815,-0.846241640291737
"402","CHN","China",2002,4.722251788,3.62e-12,19.38889254,4744.398551,1280400000,0.342091322,0.619,"CHN2002","3","CHN",2002,-1.07267755417212,1.55228575956279,8.46471994874238,0.598998256724602,0.271919577560014,0.503488074291308,0.434461944070483,-0.833646923681038
"403","CHN","China",2003,5.218538587,4.65e-12,18.65103634,5192.006046,1288400000,0.35055849,0.63,"CHN2003","3","CHN",2003,-1.04822771053814,1.65221739852102,8.55487542286707,0.661950200157998,0.349288960125432,0.484327526752274,0.482003039217205,-0.729804859521531
"404","CHN","China",2004,5.731545218,4.72e-12,20.42369398,5684.168731,1296075000,0.368637204,0.642,"CHN2004","3","CHN",2004,-0.997942305578845,1.74598516592504,8.64544017403325,0.727022985653688,0.354547073503665,0.530359654667784,0.515146604951244,-0.663303749020922
"405","CHN","China",2005,6.054310658,4.77e-12,21.83971959,6298.323185,1303720000,0.387925118,0.654,"CHN2005","3","CHN",2005,-0.946942952830126,1.80077052378579,8.74803871584136,0.767964456920054,0.35830286877383,0.567130811455375,0.53838326195877,-0.619184589621558
"406","CHN","China",2006,6.422721286,4.2e-12,23.47708676,7057.099933,1311020000,0.394405246,0.666,"CHN2006","3","CHN",2006,-0.930376355125079,1.85984190421567,8.86178947173378,0.814695832932573,0.315486802693939,0.609649735196395,0.539120310800357,-0.617816521848651
"407","CHN","China",2007,6.549851464,4.21e-12,24.11707178,8013.715683,1317885000,0.411604494,0.68,"CHN2007","3","CHN",2007,-0.887692356714501,1.87944237213812,8.98890981302744,0.830821774203345,0.316237961747972,0.626268777497565,0.547975166884817,-0.601525308964538
"408","CHN","China",2008,6.913597243,5.53e-12,25.058928,8743.744912,1324655000,0.413073838,0.689,"CHN2008","3","CHN",2008,-0.884128917497517,1.93349008741623,9.07609385651226,0.876961433267186,0.415390956880353,0.650726769282746,0.61888800909787,-0.479830944963418
"409","CHN","China",2009,7.687652172,5.75e-12,27.44051544,9518.432147,1331260000,0.403140187,0.7,"CHN2009","3","CHN",2009,-0.908470918963422,2.03961542766843,9.16098542378128,0.975147123885868,0.431916456069083,0.712571501850539,0.6695239466376,-0.401188346547923
"410","CHN","China",2010,8.22754354,5.87e-12,28.47232185,10476.31236,1337705000,0.395049453,0.71,"CHN2010","3","CHN",2010,-0.92874432444921,2.10748749382986,9.25687202190703,1.04363012792103,0.440930364717481,0.739365307703069,0.698112200767775,-0.359375443052395
"411","CHN","China",2011,8.944485041,5.82e-12,29.19658019,11405.01728,1345035000,0.404167712,0.717,"CHN2011","3","CHN",2011,-0.905925358450201,2.19103714582334,9.34180864984229,1.1345712146212,0.437174569447315,0.758172747898207,0.721802320461398,-0.326003971952629
"412","CHN","China",2012,9.190984986,5.7e-12,30.16371119,12217.85432,1354190000,0.414909303,0.725,"CHN2012","3","CHN",2012,-0.879695329624264,2.21822311082007,9.41065362974691,1.16583872088016,0.428160660798917,0.783287071667492,0.731232353577149,-0.313024012587558
"413","CHN","China",2013,9.39696315,6.23e-12,31.53842483,13080.82882,1363240000,0.401730418,0.733,"CHN2013","3","CHN",2013,-0.911974017307256,2.24038656792894,9.47890298844711,1.1919662055418,0.467972090662676,0.81898544494372,0.7701701688787,-0.261143790007223
"414","CHN","China",2014,9.523327113,6.48e-12,29.69515703,13968.58149,1371860000,0.408635199,0.742,"CHN2014","3","CHN",2014,-0.894932454934466,2.2537442744067,9.54456590736751,1.20799495558476,0.486751067013506,0.771119722179486,0.768241825652402,-0.263650718246306
"415","CHN","China",2015,9.454870966,6.51e-12,30.62249561,14856.78076,1379860000,0.41483435,0.75,"CHN2015","3","CHN",2015,-0.879875995062156,2.24653005484649,9.60621165684812,1.19931157431753,0.489004544175605,0.795200721901207,0.775485881020186,-0.254265502823755
"416","CHN","China",2016,9.481415212,6.03e-12,31.71934394,15772.76476,1387790000,0.420263559,0.758,"CHN2016","3","CHN",2016,-0.866873243085393,2.24933358909143,9.66603998228255,1.20267860297121,0.452948909582012,0.823683527317867,0.765572622889783,-0.267131198508646
"417","CHN","China",2017,9.64822781,6.35e-12,31.83402667,16757.97363,1396215000,0.432371765,0.765,"CHN2017","3","CHN",2017,-0.838469493683988,2.26677425185366,9.72662946159519,1.22383809634164,0.476985999311074,0.826661592556149,0.784366650235501,-0.242878701836735
"418","CHN","China",2018,10.02779558,6.49e-12,32.32090355,17806.79023,1402760000,0.439275444,0.774,"CHN2018","3","CHN",2018,-0.822628627582332,2.30536079516605,9.78733513713313,1.27198471002213,0.487502226067539,0.839304743897694,0.804376530553844,-0.217687797847115
"419","CHN","China",2019,10.17258355,6.43e-12,32.94583156,18820.5131,1407745000,0.448498338,0.781,"CHN2019","3","CHN",2019,-0.801850303175771,2.31969621418021,9.84270267631714,1.29035046973132,0.48299527174334,0.855532787849997,0.810890863740785,-0.209621803908779
"420","CHN","China",2020,10.29286223,6.58e-12,32.13933768,19215.15417,1411100000,0.452948004,0.786,"CHN2020","3","CHN",2020,-0.791977941543952,2.33145066763021,9.86345452638596,1.30560732660291,0.494262657553837,0.834589866549504,0.813606660538081,-0.206278247779231
"421","CMR","Cameroon",2000,3.231982,2.23e-11,1.834628966,3822.944254,15091594,0.402576476,0.439,"CMR2000","10","CMR",2000,-0.909870197687233,1.17309557133641,8.24877615184801,0.409963650960937,1.67508469049401,0.0476413907202146,0.319832198998159,-1.13995879885341
"422","CMR","Cameroon",2001,3.087395356,2.11e-11,2.195372227,3884.873048,15493253,0.398946106,0.458,"CMR2001","10","CMR",2001,-0.918928943897114,1.1273278085862,8.26484558479035,0.391623428628501,1.58494560401003,0.0570091217249508,0.328303711461423,-1.11381614944735
"423","CMR","Cameroon",2002,3.264509245,2.15e-11,2.727181566,3951.419362,15914033,0.389396548,0.458,"CMR2002","10","CMR",2002,-0.943157051003722,1.18310944362094,8.28183012550273,0.414089598480416,1.61499196617135,0.0708190729344304,0.361802565202839,-1.0166566159332
"424","CMR","Cameroon",2003,3.266864983,2.07e-11,2.427951493,4054.781332,16354326,0.391968369,0.465,"CMR2003","10","CMR",2003,-0.936574133773925,1.18383080424733,8.30765203957144,0.414388414176539,1.5548992418487,0.0630487078703092,0.343765283497955,-1.06779616990476
"425","CMR","Cameroon",2004,3.253681431,2e-11,2.340268114,4222.966387,16809407,0.397024065,0.47,"CMR2004","10","CMR",2004,-0.923758383003627,1.1797871032667,8.34829309539481,0.412716134717509,1.50231810806638,0.060771758036842,0.335252261789737,-1.09287201026671
"426","CMR","Cameroon",2005,3.144548466,1.96e-11,2.624945207,4199.72271,17275171,0.40258038,0.472,"CMR2005","10","CMR",2005,-0.909860500197928,1.14567030782588,8.34277378066338,0.398873066045842,1.47227174590505,0.0681642133332814,0.342078967004494,-1.07271367089834
"427","CMR","Cameroon",2006,2.855285471,1.92e-11,4.195920826,4241.517447,17751333,0.398455113,0.473,"CMR2006","10","CMR",2006,-0.920160426995841,1.0491718279517,8.35267637264261,0.362181242416226,1.44222538374372,0.108959090479416,0.38465748364254,-0.955401993546865
"428","CMR","Cameroon",2007,2.680538805,1.89e-11,5.877020366,4302.619263,18251866,0.388891101,0.485,"CMR2007","10","CMR",2007,-0.944455920571315,0.986017820957389,8.36697924716694,0.340015345085544,1.41969061212272,0.152613650343546,0.41920700976557,-0.869390424346099
"429","CMR","Cameroon",2008,2.641538516,1.82e-11,3.198259397,4300.266404,18777081,0.385317236,0.501,"CMR2008","10","CMR",2008,-0.953688294377032,0.971361518625148,8.36643225418116,0.335068318503412,1.3671094783404,0.0830519567611988,0.336327343168766,-1.08967035765713
"430","CMR","Cameroon",2009,2.651001578,1.78e-11,3.231192031,4286.577182,19319274,0.374253064,0.516,"CMR2009","10","CMR",2009,-0.982823068675165,0.974937522553788,8.36324383378897,0.336268669076772,1.33706311617907,0.0839071468366398,0.335386637770223,-1.09247127006994
"431","CMR","Cameroon",2010,2.549193972,1.76e-11,2.47236282,4286.583029,19878036,0.36820057,0.529,"CMR2010","10","CMR",2010,-0.999127462112658,0.935777219791782,8.36324519781341,0.323354792127163,1.32203993509841,0.0642019750546943,0.301641265924388,-1.19851682885107
"432","CMR","Cameroon",2011,2.536160979,1.71e-11,3.036621804,4307.851956,20448873,0.365643084,0.538,"CMR2011","10","CMR",2011,-1.00609760170633,0.930651512084026,8.36819467278329,0.321701610459311,1.28448198239675,0.0788545741482024,0.319400835229573,-1.14130842820911
"433","CMR","Cameroon",2012,2.488621682,1.66e-11,2.6945547,4382.111208,21032684,0.377076596,0.549,"CMR2012","10","CMR",2012,-0.975306939757053,0.911729015850573,8.38528589819943,0.315671445760919,1.24692402969509,0.0699718230000357,0.301994820318933,-1.19734541301616
"434","CMR","Cameroon",2013,2.674135646,1.6e-11,2.189484245,4473.572319,21632850,0.384013444,0.558,"CMR2013","10","CMR",2013,-0.957077716590594,0.983626205141834,8.40594254494617,0.339203130648297,1.2018544864531,0.0568562234244148,0.285121466846196,-1.25483999005034
"435","CMR","Cameroon",2014,2.636049884,1.54e-11,3.067877099,4588.486495,22299585,0.391283214,0.566,"CMR2014","10","CMR",2014,-0.938323648718118,0.969281540588668,8.4313055090271,0.334372108062419,1.15678494321111,0.0796662073169608,0.313510630064739,-1.1599220117815
"436","CMR","Cameroon",2015,2.584657566,1.47e-11,1.183599892,4698.666778,23012646,0.408255994,0.575,"CMR2015","10","CMR",2015,-0.895860865059308,0.949593029553021,8.45503408320252,0.327853203464985,1.10420380942879,0.0307355579554148,0.22324920688732,-1.49946661180823
"437","CMR","Cameroon",2016,2.646456154,1.45e-11,1.668589465,4767.131861,23711630,0.420189649,0.579,"CMR2016","10","CMR",2016,-0.8670491243825,0.973221444636625,8.46950011603476,0.335692100699162,1.08918062834812,0.0433296999703529,0.251155236461088,-1.38168405906879
"438","CMR","Cameroon",2017,2.558938036,1.42e-11,1.554959405,4797.975442,24393181,0.421083272,0.581,"CMR2017","10","CMR",2017,-0.864924669134285,0.939592342738334,8.47594932500388,0.324590786650844,1.06664585672713,0.0403789703207364,0.240900236527886,-1.42337238751088
"439","CMR","Cameroon",2018,2.588996866,1.38e-11,1.526745655,4851.480039,25076747,0.448122919,0.582,"CMR2018","10","CMR",2018,-0.802687711432619,0.951270490262681,8.48703910005928,0.328403625859235,1.0365994945658,0.0396463195709976,0.238089698194376,-1.43510779314364
"440","CMR","Cameroon",2019,2.591667124,1.34e-11,1.492108649,4882.3556,25782341,0.469943225,0.582,"CMR2019","10","CMR",2019,-0.755143389447024,0.952301345860195,8.49338308730068,0.328742337126404,1.00655313240447,0.0387468705996766,0.234050545933322,-1.4522181786888
"441","CMR","Cameroon",2020,2.463857956,1.33e-11,1.90964167,4763.481944,26491087,0.475479782,0.579,"CMR2020","10","CMR",2020,-0.743430917353877,0.901728396282306,8.46873418064946,0.312530268761061,0.99904154186414,0.0495893102213634,0.249242003357409,-1.38933095347368
"442","COL","Colombia",2000,4.729170093,1.26e-10,3.691052532,10813.49423,39215135,0.503958762,0.679,"COL2000","5","COL",2000,-0.685260835686896,1.55374973108426,9.28855009892033,0.599875815317521,9.46460408081816,0.0958487405926247,0.816425833895362,-0.20281920487321
"443","COL","Colombia",2001,4.715002514,1.17e-10,3.68869996,10823.45049,39837875,0.498717546,0.681,"COL2001","5","COL",2001,-0.695715383571944,1.55074944927722,9.28947040082354,0.598078716072501,8.78856093218829,0.0957876493289815,0.795539736281202,-0.2287344811241
"444","COL","Colombia",2002,4.782203773,1.15e-10,3.482180218,10925.14856,40454050,0.480880857,0.684,"COL2002","5","COL",2002,-0.732135738103426,1.56490148063347,9.29882261804067,0.60660291994765,8.63832912138166,0.0904247732911571,0.779603698178184,-0.248969567673241
"445","COL","Colombia",2003,4.722974434,1.12e-10,3.85636119,11183.29118,41057687,0.477440596,0.691,"COL2003","5","COL",2003,-0.739315533083178,1.55243877781443,9.32217608442506,0.599089921403586,8.4129814051717,0.100141452912753,0.796193467807029,-0.227913072660792
"446","COL","Colombia",2004,4.473924351,1.11e-10,3.721675189,11607.93849,41648268,0.478063494,0.699,"COL2004","5","COL",2004,-0.738011722676171,1.49826595434206,9.35944449561821,0.567498940606414,8.33786549976838,0.0966439455054791,0.770427064276853,-0.260810288953209
"447","COL","Colombia",2005,4.623883182,1.1e-10,4.048957415,11999.25496,42220940,0.484558195,0.711,"COL2005","5","COL",2005,-0.724517741345275,1.53123486764265,9.39259984017601,0.586520602809543,8.26274959436506,0.10514276499084,0.798722194353718,-0.22474208534707
"448","COL","Colombia",2006,4.66049688,1.06e-10,4.281418094,12636.62466,42772910,0.499276549,0.712,"COL2006","5","COL",2006,-0.69459513033345,1.53912206906278,9.44435459564788,0.591164900119139,7.96228597275179,0.111179271685417,0.805854704363373,-0.215851820264893
"449","COL","Colombia",2007,4.871453733,1.06e-10,5.002520636,13318.30331,43306582,0.5108127,0.724,"COL2007","5","COL",2007,-0.671752292172768,1.58339240035278,9.49689455685184,0.617923911045286,7.96228597275179,0.129904762555467,0.861388921633583,-0.149209167329919
"450","COL","Colombia",2008,4.721453368,1.04e-10,4.323853717,13591.0609,43815313,0.534460962,0.731,"COL2008","5","COL",2008,-0.626496587667025,1.55211666914992,9.51716756885179,0.598896980424733,7.81205416194515,0.112281234062152,0.806878571801298,-0.214582090681442
"451","COL","Colombia",2009,4.852414811,1.04e-10,4.888080995,13586.75184,44313917,0.526802182,0.736,"COL2009","5","COL",2009,-0.640930167132219,1.57947648021398,9.51685046753997,0.615508901935247,7.81205416194515,0.126933009818646,0.848251664876987,-0.164577912600022
"452","COL","Colombia",2010,4.96841747,1.02e-10,4.235422166,14037.06427,44816108,0.545758367,0.741,"COL2010","5","COL",2010,-0.605578952474003,1.60310137290425,9.54945655813751,0.630223363094009,7.66182235113851,0.109984855801881,0.809816253233264,-0.210947904909688
"453","COL","Colombia",2011,5.044486114,9.82e-11,4.308508441,14852.36995,45308899,0.590604722,0.747,"COL2011","5","COL",2011,-0.526608314445218,1.61829578816155,9.6059147240899,0.639872358360037,7.3763819106059,0.111882750061749,0.808288919909238,-0.212835710230344
"454","COL","Colombia",2012,5.036382493,9.85e-11,4.371285039,15279.479,45782417,0.601872444,0.748,"COL2012","5","COL",2012,-0.507709743167736,1.61668806504533,9.63426596528056,0.638844447297672,7.3989166822269,0.113512924058143,0.812586352659555,-0.207533090229209
"455","COL","Colombia",2013,5.572741594,1.02e-10,5.127964232,15912.24713,46237930,0.602393925,0.76,"COL2013","5","COL",2013,-0.506843687208658,1.7178871400263,9.67484435145895,0.70687939776215,7.66182235113851,0.133162264470645,0.896780572676253,-0.108944070397889
"456","COL","Colombia",2014,5.376880812,9.99e-11,5.020711016,16480.36315,46677947,0.60694778,0.763,"COL2014","5","COL",2014,-0.499312521277438,1.68210843131815,9.70992483902165,0.682035261480208,7.50407894979154,0.130377127822227,0.873846620114994,-0.134850410586374
"457","COL","Colombia",2015,5.267208794,9.82e-11,5.018767518,16821.38014,47119728,0.591379941,0.767,"COL2015","5","COL",2015,-0.5252965899611,1.66150058163693,9.73040598366846,0.668123816148046,7.3763819106059,0.13032665933552,0.86280211977477,-0.147569907614834
"458","COL","Colombia",2016,5.202819893,9.72e-11,4.722744062,17003.24437,47625955,0.596156001,0.772,"COL2016","5","COL",2016,-0.517252899522169,1.64920076571824,9.74115945012382,0.659956348341813,7.30126600520258,0.122639563257236,0.839166218281485,-0.175346477379636
"459","COL","Colombia",2017,4.870086391,1.04e-10,5.025576543,16986.03342,48351671,0.586375296,0.774,"COL2017","5","COL",2017,-0.533795257537224,1.58311167636221,9.74014672184067,0.61775046932487,7.81205416194515,0.130503475153029,0.85716968276692,-0.154119383755579
"460","COL","Colombia",2018,5.022526283,1.01e-10,5.383948493,17104.13135,49276961,0.58496958,0.775,"COL2018","5","COL",2018,-0.536195433102327,1.61393305074453,9.74707531272552,0.637086843932282,7.58670644573519,0.139809628282367,0.877532074694302,-0.130641771951959
"461","COL","Colombia",2019,5.052382898,9.84e-11,6.784923904,17336.7716,50187406,0.588321686,0.777,"COL2019","5","COL",2019,-0.530481395645955,1.61985999298598,9.76058505076287,0.640874032997918,7.39140509168657,0.176189963588195,0.941514360663309,-0.0602656780396948
"462","COL","Colombia",2020,4.738232583,9.94e-11,4.579366315,15861.49993,50930662,0.601228297,0.764,"COL2020","5","COL",2020,-0.508780554679356,1.55566419338783,9.67165006385706,0.601025354976838,7.46652099708988,0.11891634979446,0.81111833406608,-0.209341324208549
"463","CRI","Costa Rica",2000,4.132031708,6.4e-11,21.34732696,14018.7425,3979193,0.664872706,0.72,"CRI2000","1","CRI",2000,-0.408159676198215,1.41876922499368,9.5481504632706,0.524131262147511,4.8074179458124,0.554344427882281,1.11783373073247,0.111392643397881
"464","CRI","Costa Rica",2001,4.083467448,6.28e-11,24.61054785,14250.46275,4053222,0.669792414,0.726,"CRI2001","1","CRI",2001,-0.400787444455056,1.40694649219142,9.56454465885375,0.517971085099552,4.71727885932842,0.63908329569042,1.16016077425776,0.148558594012462
"465","CRI","Costa Rica",2002,4.196126338,6.42e-11,26.30094339,14495.99251,4122623,0.647791922,0.73,"CRI2002","1","CRI",2002,-0.434185742220775,1.43416179923235,9.58162751158837,0.532261402885234,4.82244112689306,0.682979252794178,1.20577555005322,0.187122969917195
"466","CRI","Costa Rica",2003,4.315341869,6.26e-11,17.85012011,14891.33982,4188610,0.642691195,0.736,"CRI2003","1","CRI",2003,-0.442090926714302,1.46217654943873,9.60853510282542,0.547383403669894,4.70225567824775,0.463529445093951,1.06061654491539,0.0588503851800173
"467","CRI","Costa Rica",2004,5.061356492,6.41e-11,34.83790864,15323.28922,4252800,0.637202263,0.741,"CRI2004","1","CRI",2004,-0.450668149477346,1.6216345287949,9.637129121294,0.64201229656451,4.81492953635273,0.90466598323259,1.40887949222856,0.34279470209676
"468","CRI","Costa Rica",2005,5.356201002,6.31e-11,32.74387693,15703.96247,4315887,0.642628729,0.748,"CRI2005","1","CRI",2005,-0.442188125861196,1.67825495550414,9.66166834611646,0.679412112462429,4.73981363094941,0.85028845800789,1.39900825858898,0.335763598874627
"469","CRI","Costa Rica",2006,5.204007405,6.33e-11,32.51090085,16620.13564,4378172,0.636960387,0.755,"CRI2006","1","CRI",2006,-0.451047812156841,1.64942898359314,9.71837022962764,0.660106979364845,4.75483681203008,0.844238567451576,1.38379484918475,0.32482961585043
"470","CRI","Costa Rica",2007,5.625318974,6.39e-11,33.12024868,17743.62274,4440019,0.639267623,0.76,"CRI2007","1","CRI",2007,-0.447432096946802,1.72727765297162,9.78378144809271,0.713548622610173,4.79990635527207,0.860062027448961,1.43349231847462,0.360113647746268
"471","CRI","Costa Rica",2008,5.713620586,6.5e-11,35.29977231,18334.0136,4501921,0.638737738,0.769,"CRI2008","1","CRI",2008,-0.44826133451737,1.74285290083391,9.81651328031265,0.724749319656523,4.88253385121572,0.916659595003539,1.48029085455482,0.392238591815692
"472","CRI","Costa Rica",2009,5.302459605,6.51e-11,35.05880371,17932.61478,4563127,0.668192685,0.773,"CRI2009","1","CRI",2009,-0.403178696440565,1.66817078932301,9.79437638864928,0.67259523683569,4.89004544175605,0.910402155795581,1.44134071002024,0.365573729056146
"473","CRI","Costa Rica",2010,5.317666514,6.4e-11,24.35745905,18660.91982,4622252,0.656307518,0.776,"CRI2010","1","CRI",2010,-0.421125822440841,1.67103458194142,9.83418676686275,0.674524170825257,4.8074179458124,0.632511120808651,1.27055222455931,0.239451628450244
"474","CRI","Costa Rica",2011,5.46407345,6.1e-11,30.57069775,19254.91422,4679926,0.652741432,0.783,"CRI2011","1","CRI",2011,-0.426574197494408,1.69819456471108,9.86552159129232,0.693095289726466,4.58207022960244,0.793855642251609,1.361022823764,0.30823649337736
"475","CRI","Costa Rica",2012,5.542441537,5.92e-11,28.42227724,19960.79333,4736593,0.686037064,0.789,"CRI2012","1","CRI",2012,-0.376823623561255,1.7124351143246,9.90152529506759,0.703035959898931,4.44686159987647,0.73806575620648,1.32142363250421,0.278709664897655
"476","CRI","Costa Rica",2013,5.610115308,5.67e-11,25.78600432,20232.26708,4791535,0.672533751,0.795,"CRI2013","1","CRI",2013,-0.396702981404892,1.72457127333407,9.91503398913258,0.711620099981844,4.25907183636817,0.669607386391969,1.2660799632388,0.235925483843299
"477","CRI","Costa Rica",2014,5.532342846,5.27e-11,27.22379004,20724.92177,4844288,0.703993857,0.802,"CRI2014","1","CRI",2014,-0.350985648714438,1.71061138693637,9.9390922053281,0.701754982395873,3.9586082147549,0.706943606700215,1.25228813514698,0.224972386093534
"478","CRI","Costa Rica",2015,5.412504239,5.06e-11,32.27401592,21254.78409,4895242,0.746133268,0.803,"CRI2015","1","CRI",2015,-0.292851051301579,1.68871187651537,9.96433728266084,0.686553946978042,3.80086481340793,0.838087172420206,1.2980221244684,0.260841663181622
"479","CRI","Costa Rica",2016,5.540065228,4.93e-11,37.66991976,21925.60008,4945205,0.793759465,0.805,"CRI2016","1","CRI",2016,-0.230974804436882,1.7120062746971,9.99541018653517,0.702734534855892,3.70321413638361,0.978207255496527,1.36542232916274,0.311463779437053
"480","CRI","Costa Rica",2017,5.247860376,4.77e-11,27.16493583,22622.55345,4993842,0.833687544,0.809,"CRI2017","1","CRI",2017,-0.181896594303306,1.65782044610494,10.0267026279145,0.66566954874074,3.5830286877383,0.705415288731785,1.18937265118691,0.173425984236612
"481","CRI","Costa Rica",2018,5.289484575,4.59e-11,24.12967636,23005.31215,5040734,0.798825085,0.813,"CRI2018","1","CRI",2018,-0.224613274578519,1.66572080728579,10.0434804312869,0.670949407536477,3.44782005801233,0.626596091484083,1.13172440783363,0.123742494163411
"482","CRI","Costa Rica",2019,5.238737531,4.56e-11,32.0145798,23364.78313,5084532,0.794795454,0.821,"CRI2019","1","CRI",2019,-0.229670487998739,1.65608054010638,10.0589851732597,0.664512353297402,3.42528528639134,0.831350171212379,1.23688104141953,0.212592921784818
"483","CRI","Costa Rica",2020,4.857013522,4.53e-11,21.30938225,22211.86139,5123105,0.771586478,0.819,"CRI2020","1","CRI",2020,-0.259306522728279,1.58042374738279,10.0083817220215,0.61609222955009,3.40275051477034,0.553359084911916,1.05073765132789,0.0494924425883869
"484","CYP","Cyprus",2000,12.80851301,2.25e-11,63.03692436,36122.70313,948237,0.906363487,0.808,"CYP2000","1","CYP",2000,-0.0983148536190203,2.55011002876486,10.4946768422169,1.62470730250362,1.69010787157467,1.63693411523045,1.65034060660835,0.500981694856594
"485","CYP","Cyprus",2001,10.65491163,2.05e-11,53.59137706,37147.91016,964830,0.919617593,0.815,"CYP2001","1","CYP",2001,-0.0837973551321329,2.36602097175739,10.5226627944586,1.35153180695343,1.53987606076803,1.39165345204181,1.42543596803485,0.354477709410355
"486","CYP","Cyprus",2002,13.00232121,2.32e-11,71.10221581,38091.87109,982194,0.902287662,0.827,"CYP2002","1","CYP",2002,-0.102821894019536,2.56512789613794,10.5477561811331,1.64929107718373,1.742689005357,1.8463724858017,1.74426382338748,0.55633258892404
"487","CYP","Cyprus",2003,12.8544521,2.32e-11,70.79532996,38618.92188,1000350,0.876771688,0.835,"CYP2003","1","CYP",2003,-0.131508653455709,2.55369021826149,10.5614976394872,1.63053448751215,1.742689005357,1.83840331658149,1.73512283378007,0.551078208460559
"488","CYP","Cyprus",2004,12.71604863,2.35e-11,65.51373924,40021.07422,1018684,0.845759809,0.84,"CYP2004","1","CYP",2004,-0.167519873398626,2.54286486735707,10.5971614498564,1.61297857542264,1.76522377697799,1.7012517007622,1.69199462843299,0.525908086493997
"489","CYP","Cyprus",2005,12.37941177,2.31e-11,67.06489014,41363.28125,1037062,0.856761277,0.844,"CYP2005","1","CYP",2005,-0.154595955781217,2.51603475158802,10.630148839933,1.57027757146481,1.73517741481666,1.74153177235293,1.68041766633839,0.519042373432306
"490","CYP","Cyprus",2006,13.02613213,2.24e-11,72.67211696,42596.42578,1055438,0.848528564,0.85,"CYP2006","1","CYP",2006,-0.164251530761339,2.5669575036318,10.6595256268596,1.6523113946533,1.68259628103434,1.88713946128576,1.7376352021089,0.552525109592842
"491","CYP","Cyprus",2007,11.72909481,1.99e-11,53.14402694,43825.01953,1073873,0.832464099,0.855,"CYP2007","1","CYP",2007,-0.183365182381743,2.46207249088977,10.6879601554254,1.48778753432865,1.49480651752604,1.38003672612577,1.45324503379321,0.373799010282775
"492","CYP","Cyprus",2008,14.08728357,1.95e-11,56.56284279,44296.90234,1092390,0.870597839,0.862,"CYP2008","1","CYP",2008,-0.138575132063207,2.64527251598257,10.6986700289834,1.78691409929858,1.46476015536472,1.46881606229064,1.56655579976563,0.448879451436821
"493","CYP","Cyprus",2009,12.71958383,2.02e-11,50.89963991,42254.60156,1110974,0.908962488,0.867,"CYP2009","1","CYP",2009,-0.0954514529829104,2.54314283960944,10.6514685395175,1.61342700103234,1.51734128914704,1.32175479478968,1.47908964630837,0.391426794676349
"494","CYP","Cyprus",2010,13.55131621,1.83e-11,53.74426775,42103.49219,1129686,0.850377977,0.869,"CYP2010","1","CYP",2010,-0.162074349514573,2.60648367987756,10.6478859661116,1.71892883957204,1.37462106888073,1.39562369628998,1.48845740026235,0.397740281824886
"495","CYP","Cyprus",2011,13.30456764,3.13e-11,49.46519323,41213.87109,1145086,0.777090132,0.872,"CYP2011","1","CYP",2011,-0.252198935341969,2.58810740784753,10.6265301556164,1.68762979625231,2.35112783912388,1.28450528220939,1.72092961243168,0.542864617166791
"496","CYP","Cyprus",2012,10.22706298,1.74e-11,38.43627275,39191.34766,1156556,0.774550319,0.872,"CYP2012","1","CYP",2012,-0.255472651577807,2.32503744001358,10.5762112784565,1.29726096181484,1.30701675401775,0.998107803728793,1.1916864053358,0.175369451258836
"497","CYP","Cyprus",2013,9.170527065,1.9e-11,37.19030031,36694.82813,1166968,0.698581576,0.873,"CYP2013","1","CYP",2013,-0.358703319702663,2.21599476171586,10.5103911012238,1.16324371757129,1.42720220266306,0.965752564091386,1.17041720601155,0.157360271582522
"498","CYP","Cyprus",2014,9.238600874,1.68e-11,43.60247361,36442.01172,1176995,0.691256583,0.875,"CYP2014","1","CYP",2014,-0.369244202863633,2.22339045362557,10.5034775562167,1.17187860083254,1.26194721077576,1.13226299165597,1.18747290279239,0.17182743796516
"499","CYP","Cyprus",2015,8.636148722,1.66e-11,30.03764967,37903.125,1187280,0.703733325,0.882,"CYP2015","1","CYP",2015,-0.351355794302739,2.15595673367149,10.5427888414972,1.09546001812905,1.24692402969509,0.780013523587523,1.02136166352666,0.02113670126547
"500","CYP","Cyprus",2016,8.787567541,1.49e-11,35.16047143,40209.86328,1197881,0.746277869,0.888,"CYP2016","1","CYP",2016,-0.292657269579012,2.17333794313854,10.6018675997363,1.11466687381742,1.11922699050945,0.913042249057989,1.04436276932269,0.0434069092973347
"501","CYP","Cyprus",2017,11.44981494,2.16e-11,48.57038385,42128.56641,1208523,0.719539344,0.897,"CYP2017","1","CYP",2017,-0.329144071731397,2.43797356742422,10.6484813266229,1.45236202912933,1.62250355671169,1.26126899624491,1.43777001245607,0.363093310802681
"502","CYP","Cyprus",2018,9.72825826,1.86e-11,37.81216618,44227.91016,1218831,0.667322218,0.902,"CYP2018","1","CYP",2018,-0.404482264257456,2.27503487297997,10.6971113203678,1.23398963043745,1.39715584050173,0.981901090816563,1.19181276984874,0.175475484031471
"503","CYP","Cyprus",2019,10.31236301,1.94e-11,36.65611682,46195.59375,1228836,0.742012739,0.907,"CYP2019","1","CYP",2019,-0.298388867498521,2.33334346769378,10.7406396991449,1.30808092050454,1.45724856482438,0.951880961257782,1.21969233898094,0.198598645778983
"504","CYP","Cyprus",2020,10.33847724,1.87e-11,37.13125253,44203.89063,1237537,0.722451866,0.905,"CYP2020","1","CYP",2020,-0.325104482668145,2.33587258937636,10.6965680874951,1.31139340339363,1.40466743104206,0.964219219524023,1.2110463465525,0.191484735145403
"505","CZE","Czechia",2000,13.3993797,7.71e-12,12.77329816,29427.407,10255063,0.531890631,0.817,"CZE2000","1","CZE",2000,-0.631317391602195,2.59520841484063,10.2896817299724,1.69965631690519,0.579143630659588,0.331695236314261,0.688592376865377,-0.373105798622034
"506","CZE","Czechia",2001,13.50938455,7.77e-12,16.13554352,30399.87308,10216605,0.580572665,0.828,"CZE2001","1","CZE",2001,-0.543740309106203,2.6033845957901,10.3221937123856,1.71360998061043,0.583650584983787,0.419005557835146,0.748333000136716,-0.289907212725596
"507","CZE","Czechia",2002,13.6826032,7.39e-12,12.98121874,30919.54966,10196916,0.581778049,0.835,"CZE2002","1","CZE",2002,-0.541666263093106,2.61612518648876,10.3391439379122,1.73558205538329,0.555106540930526,0.337094489119121,0.68737075327355,-0.374881462353204
"508","CZE","Czechia",2003,14.23209585,7.44e-12,15.33350496,31949.29631,10193998,0.578673661,0.842,"CZE2003","1","CZE",2003,-0.547016585521432,2.65549968516379,10.371905434837,1.80528294263149,0.558862336200692,0.398178331666932,0.737863307729122,-0.303996691416223
"509","CZE","Czechia",2004,14.6574044,7.84e-12,15.19707897,33452.3408,10197101,0.578008771,0.848,"CZE2004","1","CZE",2004,-0.54816623568441,2.68494562757673,10.4178770421812,1.85923158651097,0.588908698362019,0.394635640466458,0.756007181440874,-0.279704403587306
"510","CZE","Czechia",2005,14.43103183,8.39e-12,18.02994768,35535.748,10211216,0.585444212,0.856,"CZE2005","1","CZE",2005,-0.535384383148436,2.66938087611986,10.4782944547088,1.83051715515751,0.630222446333844,0.468199182508659,0.814390640555827,-0.205315125693191
"511","CZE","Czechia",2006,14.13277683,8.26e-12,14.82139694,37786.87817,10238905,0.586567938,0.864,"CZE2006","1","CZE",2006,-0.53346678127998,2.64849669755873,10.5397171829814,1.79268473260152,0.620457378631413,0.384879981578756,0.753668560390625,-0.282802582694375
"512","CZE","Czechia",2007,14.46161366,8.85e-12,15.54837218,39629.00613,10298828,0.614847422,0.87,"CZE2007","1","CZE",2007,-0.486381136265046,2.67149780524851,10.5873166071418,1.83439633476924,0.664775762819371,0.403757973856548,0.789641238722526,-0.236176564867844
"513","CZE","Czechia",2008,14.64646975,9.89e-12,16.60542114,40328.34266,10384603,0.577614129,0.873,"CZE2008","1","CZE",2008,-0.548849230137603,2.68419933372825,10.6048097925524,1.85784457103997,0.742896304438822,0.431207274749008,0.841152134982125,-0.172982737649678
"514","CZE","Czechia",2009,13.53896719,9.01e-12,13.5016702,38175.14228,10443936,0.576258898,0.875,"CZE2009","1","CZE",2009,-0.551198243575743,2.60557198614051,10.5499398571264,1.71736241707186,0.676794307683902,0.350609500500865,0.741391229242526,-0.299226818329375
"515","CZE","Czechia",2010,13.92621069,9.26e-12,14.62663857,39097.38862,10474410,0.57299608,0.88,"CZE2010","1","CZE",2010,-0.556876403477535,2.63377272566054,10.5738109565308,1.76648266559765,0.695573284034732,0.37982252321897,0.775671192467236,-0.254026569641424
"516","CZE","Czechia",2011,13.91462444,8.48e-12,14.6887581,39708.16263,10496088,0.573340237,0.883,"CZE2011","1","CZE",2011,-0.556275956636174,2.63294040503404,10.5893120533495,1.76501299734116,0.636982877820143,0.381435634564606,0.754105850131276,-0.282222536037713
"517","CZE","Czechia",2012,13.48925395,7.94e-12,12.68707555,39347.0493,10510785,0.573081434,0.885,"CZE2012","1","CZE",2012,-0.556727453691652,2.60189336476151,10.5801762650111,1.71105649662691,0.596420288902351,0.329456219527732,0.695352183909811,-0.363336822327839
"518","CZE","Czechia",2013,12.93458401,7.71e-12,12.66314314,39317.55357,10514272,0.558613837,0.892,"CZE2013","1","CZE",2013,-0.582296854922143,2.55990465508992,10.5794263538616,1.64069889139251,0.579143630659588,0.328834746021744,0.678574637279839,-0.387760802397023
"519","CZE","Czechia",2014,12.59268983,8.62e-12,13.51226009,40158.01643,10525347,0.578462005,0.898,"CZE2014","1","CZE",2014,-0.547382412984156,2.53311647337018,10.6005773614625,1.59733101797147,0.647499104576608,0.350884497296688,0.713289929753292,-0.337867307625796
"520","CZE","Czechia",2015,12.78290079,8.01e-12,14.00069612,42066.57598,10546059,0.598225057,0.9,"CZE2015","1","CZE",2015,-0.513788246334887,2.54810840206682,10.6470087846343,1.62145849752252,0.601678402280583,0.363568136429343,0.70786758362506,-0.345498231558644
"521","CZE","Czechia",2016,12.8783487,7.59e-12,13.965698,43069.46597,10566332,0.60209161,0.902,"CZE2016","1","CZE",2016,-0.507345669171187,2.55554750593531,10.6705695788536,1.63356567313804,0.570129722011189,0.362659310099718,0.69641754527481,-0.361805877156751
"522","CZE","Czechia",2017,13.11102396,7.94e-12,14.61473892,45177.52261,10594438,0.610992014,0.904,"CZE2017","1","CZE",2017,-0.492671390272392,2.57345339998871,10.7183549547426,1.66307957484847,0.596420288902351,0.379513514756993,0.722044938924341,-0.3256678997488
"523","CZE","Czechia",2018,13.45822084,8.21e-12,16.79247665,46301.08204,10629928,0.608225405,0.901,"CZE2018","1","CZE",2018,-0.497209733812169,2.59959013420201,10.7429206099956,1.70712007399947,0.616701583361247,0.436064706307886,0.771430294986688,-0.259508961245578
"524","CZE","Czechia",2019,13.31473599,8.12e-12,15.16974067,47763.61655,10671870,0.635433555,0.903,"CZE2019","1","CZE",2019,-0.453447749287068,2.5888713910558,10.7740194686083,1.6889196097136,0.609941151874948,0.393925723280987,0.74035000724123,-0.300632221846589
"525","CZE","Czechia",2020,12.50167963,6.82e-12,13.11047293,45119.93873,10697858,0.625991285,0.898,"CZE2020","1","CZE",2020,-0.468418829704186,2.52586300568136,10.7170795282366,1.58578674765477,0.512290474850634,0.340450944011164,0.651536178113958,-0.428422353469423
"526","DEU","Germany",2000,17.70502253,1.18e-11,34.19920263,49979.13317,82211508,1.011709452,0.897,"DEU2000","1","DEU",2000,0.011641426876586,2.87384835808494,10.8193608607011,2.24580943728784,0.886367683759161,0.888080154085837,1.20914855270273,0.189916436460588
"527","DEU","Germany",2001,17.25311721,1.06e-11,31.17048232,50711.68047,82349925,1.036711812,0.904,"DEU2001","1","DEU",2001,0.0360539851278771,2.84799283497776,10.8339115470686,2.18848710230087,0.796228597275179,0.809430764838726,1.12146869922777,0.114639164849698
"528","DEU","Germany",2002,16.8062879,9.95e-12,34.86791485,50510.90595,82488495,1.045538664,0.909,"DEU2002","1","DEU",2002,0.044532220551395,2.82175309614592,10.8299445513535,2.1318086383478,0.747403258763022,0.905445180335184,1.12993932106749,0.122163933112088
"529","DEU","Germany",2003,17.6502596,1.03e-11,34.35857746,50215.42539,82534176,1.034885287,0.914,"DEU2003","1","DEU",2003,0.034290586758386,2.87075049148644,10.8240775371647,2.23886298439296,0.773693825654183,0.892218777582855,1.15617258908727,0.145115057624675
"530","DEU","Germany",2004,17.52948407,1.06e-11,36.30861072,50810.1431,82516260,1.023244023,0.923,"DEU2004","1","DEU",2004,0.0229779951810359,2.86388426723934,10.8358512809585,2.2235431041382,0.796228597275179,0.9428569710153,1.18625042291023,0.170797427452138
"531","DEU","Germany",2005,17.25503174,1.07e-11,41.58655459,51289.28004,82469422,1.039329767,0.923,"DEU2005","1","DEU",2005,0.0385760505953274,2.8481037960151,10.8452370432405,2.18872995257314,0.803740187815511,1.07991388593923,1.23850851539187,0.213907845492369
"532","DEU","Germany",2006,17.85235031,1.11e-11,42.72450351,53326.97694,82376451,1.022887826,0.927,"DEU2006","1","DEU",2006,0.0226298289533589,2.88213516958592,10.8841976160701,2.26449736147083,0.833786549976838,1.1094639857807,1.27951870102253,0.246483992394074
"533","DEU","Germany",2007,17.40687346,1.07e-11,39.43584822,54941.60175,82266372,1.028703332,0.931,"DEU2007","1","DEU",2007,0.0282991081891662,2.85686515465486,10.9140261137565,2.20799045151756,0.803740187815511,1.02406464099842,1.2203378512562,0.199127747667069
"534","DEU","Germany",2008,17.58753884,1.1e-11,40.17328422,55547.31075,82110097,1.009120584,0.933,"DEU2008","1","DEU",2008,0.00907924265509137,2.86719063082471,10.9249903825548,2.23090711342566,0.826274959436506,1.0432142768421,1.2435403086384,0.21796239920712
"535","DEU","Germany",2009,16.30516726,9.71e-12,36.68185912,52600.23252,81902307,0.967760742,0.933,"DEU2009","1","DEU",2009,-0.032770389611817,2.79148206739167,10.8704758192483,2.06824354202416,0.729375441466225,0.952549433736449,1.12844426090775,0.120839923860444
"536","DEU","Germany",2010,16.97887101,9.32e-12,37.87412869,54865.43053,81776930,0.95170635,0.936,"DEU2010","1","DEU",2010,-0.0494987476554253,2.83196968927339,10.9126387484733,2.15370009748025,0.700080238358931,0.983510124688601,1.14034770755745,0.131333222530679
"537","DEU","Germany",2011,17.24337641,1.01e-11,35.93152351,57992.36674,80274983,0.971384943,0.942,"DEU2011","1","DEU",2011,-0.0290324494994562,2.84742809350774,10.9680666729364,2.18725152180219,0.758670644573519,0.933064822608108,1.15687900960311,0.145725870231012
"538","DEU","Germany",2012,16.98683297,9.47e-12,31.44149983,58158.13797,80425823,0.967489243,0.944,"DEU2012","1","DEU",2012,-0.0330509724862626,2.8324385127755,10.9709210960484,2.15471003942621,0.711347624169429,0.81646850997696,1.07763094319372,0.0747650606179767
"539","DEU","Germany",2013,17.2973812,9.39e-12,31.45146044,58223.64953,80645605,0.970366657,0.945,"DEU2013","1","DEU",2013,-0.0300812820003251,2.85055511432273,10.9720469004947,2.19410180774988,0.705338351737163,0.816727165716957,1.0812109242028,0.0780816391452841
"540","DEU","Germany",2014,16.5919478,9.14e-12,29.98462774,59239.3401,80982500,0.986208797,0.949,"DEU2014","1","DEU",2014,-0.0138871851345518,2.80891750538772,10.9893411288869,2.10462047642632,0.686559375386333,0.778636657457814,1.0400692260919,0.0392872744879334
"541","DEU","Germany",2015,15.94091402,8.56e-12,28.68864325,59699.33812,81686611,0.98189646,0.948,"DEU2015","1","DEU",2015,-0.0182694140685091,2.76888901299792,10.9970762125521,2.02203951361536,0.642992150252409,0.744982711837385,0.989419581586084,-0.0106367890097197
"542","DEU","Germany",2016,16.13997659,8.58e-12,30.65456975,60578.28707,82348669,1.010681629,0.949,"DEU2016","1","DEU",2016,0.0106249834219563,2.78129921240705,11.011691808678,2.04728978356329,0.644494468360475,0.796033618723439,1.01650606529544,0.0163713209109992
"543","DEU","Germany",2017,16.07455844,8.81e-12,31.33239657,61991.49731,82657002,1.016176462,0.951,"DEU2017","1","DEU",2017,0.0160470171459979,2.77723780100613,11.0347525144614,2.03899175974598,0.661771126603238,0.813635331642355,1.03161511073735,0.0311256427825961
"544","DEU","Germany",2018,16.23087506,9.11e-12,36.87906935,62495.49895,82905782,1.015972495,0.952,"DEU2018","1","DEU",2018,0.0158462769394473,2.78691529627763,11.0428498163312,2.05881988138808,0.684305898224234,0.957670561656901,1.10499825314614,0.0998437541052488
"545","DEU","Germany",2019,15.70290886,9e-12,37.15127695,62970.71609,83092962,1.039979696,0.957,"DEU2019","1","DEU",2019,0.0392011898857805,2.75384597289947,11.0504250733413,1.99184953596661,0.676043148629869,0.964739210887316,1.0911395347337,0.087222594854123
"546","DEU","Germany",2020,14.85111843,8.54e-12,39.12871689,60342.6627,83160871,1.025759578,0.955,"DEU2020","1","DEU",2020,0.0254333898544481,2.69807517756418,11.0077946400125,1.8838034161131,0.641489832144342,1.01608909718759,1.07082635022961,0.0684306403456101
"547","DNK","Denmark",2000,17.92448391,1.83e-11,23.848133,57431.97086,5339616,1.077750325,0.896,"DNK2000","1","DNK",2000,0.0748758361992252,2.8861675944394,10.9583564108735,2.27364721255693,1.37462106888073,0.619285012531871,1.24623195098007,0.2201245595251
"548","DNK","Denmark",2001,17.70597465,1.89e-11,24.54049571,57770.22204,5358783,1.065660596,0.902,"DNK2001","1","DNK",2001,0.0635948848028155,2.87390213346977,10.9642287322853,2.24593020980185,1.41969061212272,0.637264191427718,1.26659128174176,0.236329261878777
"549","DNK","Denmark",2002,17.78842655,1.53e-11,25.55344631,57848.84528,5375931,1.079962015,0.902,"DNK2002","1","DNK",2002,0.0769258692213075,2.87854805201014,10.9655887718349,2.25638889489126,1.14927335267078,0.663568352219473,1.19832416864271,0.18092405461144
"550","DNK","Denmark",2003,18.84755902,1.64e-11,29.90312349,57946.17711,5390574,1.031495094,0.907,"DNK2003","1","DNK",2003,0.0310092973375389,2.93638341054861,10.9672698778257,2.39073550147895,1.23190084861443,0.776520166389827,1.31750824384658,0.275742258602859
"551","DNK","Denmark",2004,18.92326007,1.49e-11,35.79702048,59401.25629,5404523,1.025713444,0.912,"DNK2004","1","DNK",2004,0.0253884133916694,2.94039185691992,10.9920706547904,2.40033786895487,1.11922699050945,0.929572066566403,1.3567230561421,0.305072274646508
"552","DNK","Denmark",2005,19.69608843,1.96e-11,34.0448579,60635.62322,5419432,1.022138119,0.917,"DNK2005","1","DNK",2005,0.0218966284427064,2.98042005917613,11.0126378412602,2.49836797433038,1.47227174590505,0.884072151528476,1.48153084381653,0.393075907130679
"553","DNK","Denmark",2006,20.98929431,1.91e-11,40.25480397,62743.23252,5437272,1.011688948,0.917,"DNK2006","1","DNK",2006,0.0116211599830263,3.04401251297199,11.0468060028911,2.66240583221726,1.43471379320339,1.04533117041193,1.58646736755175,0.461509762999917
"554","DNK","Denmark",2007,20.84538971,1.75e-11,38.33977742,63082.24771,5461438,1.011214495,0.918,"DNK2007","1","DNK",2007,0.0111520787618325,3.03713280676846,11.0521946731308,2.64415212436676,1.31452834455808,0.995602026373043,1.51256502782916,0.413806903604716
"555","DNK","Denmark",2008,20.2449127,1.62e-11,38.8047698,62451.07235,5493621,0.98813653,0.922,"DNK2008","1","DNK",2008,-0.0119344025222779,3.00790353729898,11.0421386867434,2.56798408031896,1.21687766753376,1.00767688405165,1.46572843993113,0.382352347513772
"556","DNK","Denmark",2009,18.98517223,1.47e-11,34.48036559,59027.7651,5523095,0.969261587,0.915,"DNK2009","1","DNK",2009,-0.031220747898479,2.94365826554148,10.9857632071081,2.40819117233109,1.10420380942879,0.895381354863571,1.33531199186731,0.28916496632147
"557","DNK","Denmark",2010,18.71687907,1.19e-11,35.93456849,59696.35452,5547683,0.948888242,0.92,"DNK2010","1","DNK",2010,-0.0524642512689944,2.92942574080458,10.9970262341997,2.37415928620009,0.893879274299493,0.933143894226731,1.2557767744229,0.22775432488032
"558","DNK","Denmark",2011,18.21965387,1.34e-11,32.63544743,60230.35418,5570572,0.958298385,0.934,"DNK2011","1","DNK",2011,-0.0425960829098503,2.9025008943956,11.0059317264787,2.31108831045153,1.00655313240447,0.847472775779587,1.25389065921979,0.226251244804515
"559","DNK","Denmark",2012,17.58013786,1.29e-11,30.270783,60000.89031,5591572,0.944801629,0.938,"DNK2012","1","DNK",2012,-0.0567802899260425,2.86676973409204,11.0021146795941,2.22996832949014,0.968995179702812,0.786067497590044,1.19314543435004,0.176593042098235
"560","DNK","Denmark",2013,18.25925355,1.29e-11,32.04182311,60583.4065,5614932,0.921462417,0.941,"DNK2013","1","DNK",2013,-0.081793287294315,2.90467199536083,11.0117763144298,2.3161113673218,0.968995179702812,0.832057621710695,1.23143497998459,0.208180139770567
"561","DNK","Denmark",2014,17.0281536,1.14e-11,29.72970375,61047.33372,5643475,0.921800971,0.939,"DNK2014","1","DNK",2014,-0.0814259453224501,2.83486806836215,11.0194048048751,2.15995139174031,0.856321321597834,0.772016826616472,1.12607979787928,0.118742395660512
"562","DNK","Denmark",2015,16.55134732,1.13e-11,27.54529167,61893.24606,5683483,0.921317041,0.943,"DNK2015","1","DNK",2015,-0.0819510663488518,2.80646750757298,11.0331663422189,2.09947047218385,0.848809731057502,0.715292316469805,1.0842628060639,0.0809003146517372
"563","DNK","Denmark",2016,16.83257125,1.14e-11,26.97950855,63299.33777,5728010,0.923668563,0.951,"DNK2016","1","DNK",2016,-0.0794019697399352,2.82331577431116,11.0556301463082,2.13514257341473,0.856321321597834,0.700600138823885,1.08603699391184,0.0825352853071111
"564","DNK","Denmark",2017,16.71415986,1.13e-11,28.57139635,64815.73078,5764980,0.924466074,0.951,"DNK2017","1","DNK",2017,-0.0785389254210468,2.8162562559705,11.0793036118298,2.12012257461531,0.848809731057502,0.741938060587921,1.10114959538005,0.0963547207905351
"565","DNK","Denmark",2018,17.01830098,1.15e-11,32.17190773,65694.75913,5793636,0.915700674,0.95,"DNK2018","1","DNK",2018,-0.0880657428197972,2.83428929325052,11.0927744315801,2.1587016273336,0.863832912138166,0.835435641093885,1.15925360438743,0.147776353525424
"566","DNK","Denmark",2019,16.17658287,1.1e-11,30.13071544,66580.18814,5814422,0.944548488,0.953,"DNK2019","1","DNK",2019,-0.0570482561428246,2.78356469464081,11.1061623368985,2.05193313993003,0.826274959436506,0.782430242604511,1.09878100214218,0.0942013854482492
"567","DNK","Denmark",2020,14.97723168,8.1e-12,27.50383872,65204.54932,5831404,0.945582688,0.954,"DNK2020","1","DNK",2020,-0.0559539404505186,2.70653115994316,11.0852845203272,1.89980036424108,0.608438833766882,0.714215872009342,0.93810502662279,-0.063893367562924
"568","DOM","Dominican Republic",2000,4.527331129,5.84e-11,29.5622461,10896.31842,8540791,0.655288458,0.658,"DOM2000","5","DOM",2000,-0.422679746398684,1.51013261112895,9.29618025153058,0.574273371186455,4.38676887555382,0.767668309569925,1.24588803466957,0.219848556511871
"569","DOM","Dominican Republic",2001,4.388677224,5.34e-11,27.18445551,10991.13634,8669040,0.703845978,0.663,"DOM2001","5","DOM",2001,-0.351195728010203,1.47902786596484,9.30484443968671,0.556685692445115,4.01118934853722,0.705922173076711,1.16380445522407,0.151694341402954
"570","DOM","Dominican Republic",2002,4.747716372,6.28e-11,33.10713287,11313.06903,8795101,0.673844457,0.668,"DOM2002","5","DOM",2002,-0.394755970667092,1.55766373865311,9.3337138877376,0.602228334685073,4.71727885932842,0.859721437912656,1.3466978409614,0.297655552265772
"571","DOM","Dominican Republic",2003,3.681304767,4.59e-11,31.35627346,11000.86841,8919852,0.600353897,0.67,"DOM2003","5","DOM",2003,-0.510235969313019,1.30326724559063,9.30572949502804,0.466958399700005,3.44782005801233,0.814255363412678,1.09444633326779,0.0902486036747302
"572","DOM","Dominican Republic",2004,3.550676793,5.73e-11,33.99173488,11131.27092,9043127,0.590638995,0.673,"DOM2004","5","DOM",2004,-0.526550285776762,1.26713823123219,9.31751362642981,0.450388777363411,4.30414137961016,0.882692660307657,1.19608267939079,0.17905178306449
"573","DOM","Dominican Republic",2005,4.103093902,6.4e-11,44.90087709,12022.50805,9164768,0.632862866,0.683,"DOM2005","5","DOM",2005,-0.457501521698302,1.41174129937901,9.39453584272947,0.520460620232253,4.8074179458124,1.16597975327346,1.4288838297336,0.356893600845085
"574","DOM","Dominican Republic",2006,4.352522784,6.74e-11,49.75433317,12961.91836,9284168,0.666659176,0.691,"DOM2006","5","DOM",2006,-0.405476344171289,1.47075562733921,9.46977098055709,0.552099650127786,5.06281202418368,1.2920136280982,1.53423583793711,0.428032431634792
"575","DOM","Dominican Republic",2007,4.612483684,6.64e-11,53.81069402,13754.92127,9402206,0.692756116,0.698,"DOM2007","5","DOM",2007,-0.367077266696282,1.52876647201622,9.52915194960547,0.585074623277726,4.98769611878036,1.39734864446304,1.59761455478902,0.468511613486718
"576","DOM","Dominican Republic",2008,4.700391538,6.52e-11,59.58772348,14030.14111,9522948,0.6541695,0.704,"DOM2008","5","DOM",2008,-0.424388786792872,1.54764581120371,9.54896323077936,0.596225373737964,4.89755703229638,1.54736574481774,1.65320855868575,0.502717980683988
"577","DOM","Dominican Republic",2009,4.407268947,6.89e-11,67.51603963,13992.41033,9648061,0.665691435,0.707,"DOM2009","5","DOM",2009,-0.406929026614175,1.48325521122717,9.54627034231189,0.559043976197542,5.17548588228866,1.75324715978256,1.71822518918022,0.541291891328663
"578","DOM","Dominican Republic",2010,4.621992545,6.83e-11,73.86396303,14975.00101,9775755,0.68740344,0.715,"DOM2010","5","DOM",2010,-0.374833910214654,1.53082589891277,9.61413749042939,0.586280783266253,5.13041633904667,1.91808915484861,1.79353154579941,0.584186606795324
"579","DOM","Dominican Republic",2011,4.441770385,6.59e-11,71.60583802,15258.08581,9903737,0.665438414,0.721,"DOM2011","5","DOM",2011,-0.407309186375805,1.49105303233068,9.63286485856935,0.563420341995953,4.95013816607871,1.85945047755188,1.7309246128022,0.548655724004902
"580","DOM","Dominican Republic",2012,4.422530853,6.31e-11,70.1944244,15487.27764,10030882,0.644372463,0.727,"DOM2012","5","DOM",2012,-0.439478361367063,1.4867121233983,9.64777416844934,0.560979886330823,4.73981363094941,1.82279908428142,1.69231986544331,0.526100289087411
"581","DOM","Dominican Republic",2013,4.216812292,6.29e-11,73.35232986,16054.76773,10157051,0.632394671,0.731,"DOM2013","5","DOM",2013,-0.45824160031104,1.43907946156125,9.68376113927477,0.534885331244195,4.72479044986875,1.90480313559942,1.68848722449803,0.523832994630695
"582","DOM","Dominican Republic",2014,4.117894903,6.08e-11,70.560572,16993.58744,10282115,0.626010776,0.737,"DOM2014","5","DOM",2014,-0.468387693972691,1.41534208691033,9.74059134246522,0.522338066458078,4.56704704852178,1.8323071544123,1.63504036974773,0.491667495021602
"583","DOM","Dominican Republic",2015,4.282729624,5.93e-11,67.27117377,17973.18703,10405832,0.630106628,0.747,"DOM2015","5","DOM",2015,-0.461866223124208,1.45459056892638,9.79663631686269,0.5432466742493,4.4543731904168,1.74688851706706,1.61689923418513,0.480510262131958
"584","DOM","Dominican Republic",2016,4.36629117,5.8e-11,66.28946473,18968.97524,10527592,0.635036111,0.766,"DOM2016","5","DOM",2016,-0.454073413989817,1.47391394623845,9.8505600414383,0.553846113379252,4.35672251339249,1.72139563277549,1.60747133203927,0.474662343091465
"585","DOM","Dominican Republic",2017,4.306038407,5.74e-11,66.62222513,19501.87431,10647244,0.613313258,0.77,"DOM2017","5","DOM",2017,-0.488879449104642,1.46001831831716,9.87826585839429,0.546203297701453,4.3116529701505,1.73003670872404,1.59717000300261,0.468233315040463
"586","DOM","Dominican Republic",2018,4.408249644,5.65e-11,69.39192858,20662.84859,10765531,0.609548926,0.773,"DOM2018","5","DOM",2018,-0.495036060928075,1.48347770454822,9.93609261264638,0.5591683735867,4.24404865528751,1.8019599840489,1.62314019317248,0.484362663836182
"587","DOM","Dominican Republic",2019,4.657894353,5.64e-11,69.6782354,21451.28644,10881882,0.624925017,0.771,"DOM2019","5","DOM",2019,-0.470123609243048,1.53856349044066,9.97353989645057,0.590834780251316,4.23653706474718,1.8093947598702,1.65451279630023,0.503506582589711
"588","DOM","Dominican Republic",2020,4.681999772,6.15e-11,82.70980974,19545.40996,10999664,0.633448899,0.767,"DOM2020","5","DOM",2020,-0.456575947036461,1.54372532037158,9.88049575319255,0.59389245371026,4.6196281823041,2.14779687623113,1.80621458632551,0.591233266499833
"589","ECU","Ecuador",2000,3.983305812,1.16e-10,2.877315171,9183.051553,12626507,0.425244749,0.683,"ECU2000","2","ECU",2000,-0.855090395812974,1.3821120805642,9.12511484155834,0.505265992688523,8.71344502678498,0.0747177215814285,0.690310577659961,-0.370613670110431
"590","ECU","Ecuador",2001,4.476984131,1.11e-10,3.057277667,9405.116807,12845521,0.39181143,0.691,"ECU2001","2","ECU",2001,-0.936974600849748,1.49894963469146,9.1490091613284,0.567887061140482,8.33786549976838,0.0793909627358043,0.721709866269063,-0.326132068124328
"591","ECU","Ecuador",2002,4.66516106,1.08e-10,3.959172466,9697.555177,13070609,0.389330387,0.698,"ECU2002","2","ECU",2002,-0.943326971927695,1.54012235889089,9.1796290891149,0.591756532207913,8.11251778355843,0.102811241878878,0.790277788526414,-0.235370764282684
"592","ECU","Ecuador",2003,4.566168846,1.02e-10,3.334498706,9802.814082,13301184,0.370219827,0.703,"ECU2003","2","ECU",2003,-0.993658322740427,1.51867452639893,9.19042477466313,0.579199776177667,7.66182235113851,0.0865898002553373,0.727013374498658,-0.318810404783369
"593","ECU","Ecuador",2004,4.669808363,1.01e-10,3.405095111,10290.66343,13534593,0.377868533,0.709,"ECU2004","2","ECU",2004,-0.973208940154005,1.54111803507864,9.23899230002481,0.592346023518508,7.58670644573519,0.0884230379161273,0.735187413150438,-0.307629828394017
"594","ECU","Ecuador",2005,4.831814862,1.01e-10,3.776158449,10660.20462,13770012,0.411780059,0.714,"ECU2005","2","ECU",2005,-0.887265909553157,1.57522214491503,9.27427289265756,0.612895882957527,7.58670644573519,0.098058759250097,0.769677502909804,-0.261783679256961
"595","ECU","Ecuador",2006,4.795787156,9.74e-11,3.790009497,10933.48975,14009061,0.425561398,0.718,"ECU2006","2","ECU",2006,-0.854346045256183,1.56773785669757,9.29958581200423,0.608325916327915,7.31628918628325,0.0984184413448866,0.759453559013064,-0.27515610560576
"596","ECU","Ecuador",2007,4.818046706,9.42e-11,3.86624388,10952.82269,14251835,0.435203016,0.722,"ECU2007","2","ECU",2007,-0.831942653317359,1.57236859820962,9.30135248193379,0.611149448880617,7.07591828899263,0.10039808523699,0.757213859855133,-0.278109555726884
"597","ECU","Ecuador",2008,4.874182084,9.22e-11,4.399556438,11474.5257,14496797,0.465587854,0.729,"ECU2008","2","ECU",2008,-0.764454469674934,1.58395231273254,9.34788470074117,0.618269991171061,6.92568647818599,0.114247071829124,0.787944008785887,-0.238328246489018
"598","ECU","Ecuador",2009,4.940492772,9.19e-11,3.943589324,11403.5278,14742766,0.432668805,0.731,"ECU2009","2","ECU",2009,-0.837782728179626,1.59746507764199,9.34167804265126,0.626681229770227,6.90315170656499,0.102406581007154,0.762325868441976,-0.271381165837225
"599","ECU","Ecuador",2010,5.313544306,8.89e-11,4.438659967,11665.69786,14989585,0.444478065,0.737,"ECU2010","2","ECU",2010,-0.810854572827362,1.67025909017921,9.36440800778395,0.674001285660148,6.67780399035504,0.115262506850675,0.803515300582793,-0.218759051567961
"600","ECU","Ecuador",2011,5.304672598,8.56e-11,3.861479012,12449.07855,15237728,0.485467017,0.743,"ECU2011","2","ECU",2011,-0.722643929706823,1.66858805442158,9.42940188710563,0.672875945914463,6.42992150252408,0.100274351805149,0.757024925635323,-0.278359099223723
"601","ECU","Ecuador",2012,5.254356935,8.52e-11,3.385987796,12961.02674,15483883,0.49812299,0.75,"ECU2012","2","ECU",2012,-0.696908264577543,1.65905762481421,9.46970219053366,0.666493610584625,6.39987514036276,0.0879268618083697,0.721156775452349,-0.326898723652721
"602","ECU","Ecuador",2013,5.506319588,8.38e-11,3.637852734,13689.15205,15722989,0.521466017,0.755,"ECU2013","2","ECU",2013,-0.651111170614716,1.70589644862476,9.52435897699237,0.698454038931591,6.29471287279811,0.0944672556113424,0.746102254446546,-0.292892617867971
"603","ECU","Ecuador",2014,5.542512918,6.46e-11,3.898375807,14064.79922,15957994,0.517188966,0.76,"ECU2014","2","ECU",2014,-0.659346966418738,1.7124479932228,9.55143044567098,0.703045014285796,4.85248748905439,0.101232482664028,0.70159930199561,-0.354392832799786
"604","ECU","Ecuador",2015,5.241322676,6.53e-11,3.391148471,13881.57007,16195902,0.470411867,0.764,"ECU2015","2","ECU",2015,-0.754146655249941,1.65657388556458,9.53831734509866,0.664840268329869,4.90506862283671,0.0880608735015303,0.659753643943108,-0.415888780395907
"605","ECU","Ecuador",2016,4.966679703,6.28e-11,3.274989018,13586.51608,16439585,0.456869215,0.761,"ECU2016","2","ECU",2016,-0.783358110664962,1.60275154904496,9.51683311519202,0.63000293448276,4.71727885932842,0.0850444609250489,0.632256619598405,-0.458459923580339
"606","ECU","Ecuador",2017,4.866420608,6.25e-11,3.465337301,14179.15375,16696944,0.476584017,0.764,"ECU2017","2","ECU",2017,-0.741111250339326,1.58235867876798,9.55952811917972,0.617285479797605,4.69474408770742,0.0899873987568312,0.638890692070566,-0.448021900159622
"607","ECU","Ecuador",2018,4.742393878,6e-11,3.506054627,14083.507,17015672,0.484011233,0.767,"ECU2018","2","ECU",2018,-0.725647163857137,1.55654204577119,9.55275967540213,0.601553198167464,4.50695432419913,0.0910447406352153,0.627293354409378,-0.466340977894781
"608","ECU","Ecuador",2019,4.578192201,5.82e-11,3.472443172,13870.48951,17343740,0.490883321,0.765,"ECU2019","2","ECU",2019,-0.711548814865273,1.52130420426639,9.5375188054042,0.5807248894093,4.37174569447315,0.0901719230301269,0.611738134261388,-0.491450973232613
"609","ECU","Ecuador",2020,3.931083293,5.53e-11,2.884677524,12440.32637,17588595,0.478398472,0.74,"ECU2020","2","ECU",2020,-0.737311270330749,1.36891503497129,9.42869860147957,0.498641780501816,4.15390956880353,0.0749089061437533,0.5373530511646,-0.621099949541187
"610","ESP","Spain",2000,12.02658609,3.04e-11,101.5187105,39945.89713,40567864,1.063325167,0.833,"ESP2000","1","ESP",2000,0.0614009481618485,2.48711970667017,10.5952812457952,1.52552308213734,2.28352352426089,2.63622380436288,2.09412298428224,0.739134842472623
"611","ESP","Spain",2001,11.94883726,2.59e-11,102.1183608,41224.29241,40850412,1.096909285,0.839,"ESP2001","1","ESP",2001,0.0924964841636613,2.48063397322512,10.626782983181,1.51566096217358,1.94550194994596,2.65179544024524,1.98483580163291,0.685536191137301
"612","ESP","Spain",2002,12.41445112,2.53e-11,98.83710018,41766.03782,41431558,1.116543651,0.844,"ESP2002","1","ESP",2002,0.110237887816863,2.51886120694776,10.6398387959175,1.57472216919255,1.90043240670396,2.56658811922867,1.97304738851954,0.679579245261687
"613","ESP","Spain",2003,12.96387532,2.78e-11,106.0278331,42223.13017,42187645,1.046271443,0.846,"ESP2003","1","ESP",2003,0.0452328377130794,2.56216666783102,10.6507234581615,1.64441437383921,2.08822217021226,2.75331607510159,2.11453403085155,0.748834471842778
"614","ESP","Spain",2004,13.41395284,2.79e-11,107.1220487,42793.39023,42921895,0.998103976,0.852,"ESP2004","1","ESP",2004,-0.00189782372875002,2.59629542194153,10.6641389357652,1.70150485989842,2.09573376075259,2.78173051415049,2.14862909685245,0.764830009396553
"615","ESP","Spain",2005,13.78656947,2.78e-11,93.3129898,43570.76526,43653155,0.986084998,0.857,"ESP2005","1","ESP",2005,-0.0140127232267736,2.62369489145886,10.6821416828774,1.74876975000102,2.08822217021226,2.4231387864903,2.06837465728476,0.726763109136867
"616","ESP","Spain",2006,13.75808071,2.79e-11,98.9933705,44572.68155,44397319,0.954038143,0.862,"ESP2006","1","ESP",2006,-0.0470516261528231,2.62162633949162,10.7048764290399,1.74515606772774,2.09573376075259,2.57064612524027,2.1105916988443,0.746968334168516
"617","ESP","Spain",2007,14.24324482,2.7e-11,100.4232337,45301.28434,45226803,0.927228093,0.864,"ESP2007","1","ESP",2007,-0.0755556886666715,2.65628274659922,10.7210906629456,1.8066971437148,2.02812944588961,2.60777661464717,2.1220248804612,0.752370765128333
"618","ESP","Spain",2008,13.23135187,2.68e-11,96.30430952,44926.34895,45954106,0.898075402,0.865,"ESP2008","1","ESP",2008,-0.107501247612507,2.58258915506838,10.7127797379122,1.6783426763435,2.01310626480894,2.5008169623998,2.03677512121851,0.711367734105064
"619","ESP","Spain",2009,11.2172085,2.53e-11,88.88832586,42852.22089,46362946,0.894534767,0.867,"ESP2009","1","ESP",2009,-0.11145150926493,2.41744907234805,10.6655127520877,1.42285685695343,1.90043240670396,2.308239726529,1.84118820185899,0.610411125086297
"620","ESP","Spain",2010,10.95106027,2.45e-11,87.97286384,42695.52742,46576897,0.845328331,0.875,"ESP2010","1","ESP",2010,-0.16803016969739,2.39343627988545,10.6618494494684,1.38909704638901,1.84033968238131,2.28446713567133,1.80082632669688,0.588245629948704
"621","ESP","Spain",2011,10.7274935,2.36e-11,84.83090605,42271.83468,46742697,0.814967513,0.879,"ESP2011","1","ESP",2011,-0.204607027885452,2.37280993196399,10.6518762964514,1.36073851924909,1.77273536751832,2.20287721123763,1.74503024838824,0.556771889824064
"622","ESP","Spain",2012,10.0047053,2.28e-11,74.54385528,41034.04816,46773055,0.813597798,0.881,"ESP2012","1","ESP",2012,-0.206289140741125,2.30305551232952,10.6221574439863,1.26905580277868,1.71264264319567,1.93574450256751,1.61435298992033,0.478934250966484
"623","ESP","Spain",2013,9.448019527,2.21e-11,71.05510151,40594.91401,46620045,0.796993554,0.886,"ESP2013","1","ESP",2013,-0.226908688053989,2.24580514567955,10.6113980670531,1.19844249740226,1.66006150941334,1.84514902818907,1.54261521280806,0.433479166266139
"624","ESP","Spain",2014,9.510413386,2.12e-11,66.21161315,41339.41112,46480882,0.796990097,0.89,"ESP2014","1","ESP",2014,-0.226913025614161,2.25238734417198,10.6295715883351,1.20635690231948,1.59245719455036,1.71937399373583,1.48926269690074,0.398281163191669
"625","ESP","Spain",2015,9.61471378,2.13e-11,65.75677269,43053.76143,46444832,0.838108003,0.895,"ESP2015","1","ESP",2015,-0.176608304943032,2.26329461052694,10.6702048795582,1.21958697919519,1.59996878509069,1.70756275970878,1.49359776303296,0.401187815542702
"626","ESP","Spain",2016,9.532934925,2.2e-11,65.1179083,44274.66761,46484062,0.846243799,0.9,"ESP2016","1","ESP",2016,-0.166947782404361,2.25475263720051,10.6981679552259,1.20921366710149,1.65254991887301,1.69097281777214,1.50059934853427,0.405864593992567
"627","ESP","Spain",2017,9.836081687,2.17e-11,62.83174779,45446.25086,46593236,0.852135539,0.902,"ESP2017","1","ESP",2017,-0.1600096814719,2.28605742921983,10.7242856068743,1.24766658958884,1.63001514725202,1.63160611849697,1.49154091219686,0.399809754832375
"628","ESP","Spain",2018,9.904344665,2.17e-11,63.08088439,46325.20994,46797754,0.838613987,0.905,"ESP2018","1","ESP",2018,-0.176004765395777,2.29297351592234,10.7434415830375,1.25632546816129,1.63001514725202,1.63807566319689,1.4969567539048,0.403434216513063
"629","ESP","Spain",2019,9.447463223,2.14e-11,61.37021059,46896.41711,47134837,0.87255609,0.91,"ESP2019","1","ESP",2019,-0.136328340438894,2.24574626345806,10.7556965572731,1.19837193252322,1.60748037563102,1.5936531230479,1.4533728249208,0.373886941434295
"630","ESP","Spain",2020,8.546316115,2.17e-11,61.14186663,41553.44779,47365655,0.821491599,0.901,"ESP2020","1","ESP",2020,-0.196633567972199,2.14550032635753,10.634735776143,1.08406512065095,1.63001514725202,1.58772351874176,1.41039457841341,0.343869508087762
"631","EST","Estonia",2000,13.78533244,3.31e-12,11.90404221,20739.3911,1396985,0.578176856,0.793,"EST2000","1","EST",2000,-0.547875477873106,2.62360516025316,9.93979012262544,1.74861283782293,0.248633646884985,0.309122518278465,0.512225743850417,-0.668989845155254
"632","EST","Estonia",2001,14.36944388,4.19e-12,15.46756701,22099.33928,1388115,0.600397825,0.802,"EST2001","1","EST",2001,-0.510162801814335,2.66510399927248,10.0033029902263,1.82270497648907,0.314735643639906,0.401659636401114,0.613065437974883,-0.489283598376485
"633","EST","Estonia",2002,15.25095654,4.36e-12,22.86847075,23781.65157,1379350,0.651285648,0.813,"EST2002","1","EST",2002,-0.42880694960072,2.72464222502078,10.0766696198936,1.93452123922255,0.32750534755847,0.593845278999344,0.72191888360075,-0.325842495984446
"634","EST","Estonia",2003,17.02499934,4.84e-12,28.01105701,25749.27977,1370720,0.621520221,0.824,"EST2003","1","EST",2003,-0.475586832760166,2.83468281326906,10.1561619356036,2.15955128680603,0.363560982152063,0.727387246266565,0.829663830933338,-0.186734683207334
"635","EST","Estonia",2004,16.99531733,5.06e-12,29.98757022,27665.30683,1362550,0.614297986,0.834,"EST2004","1","EST",2004,-0.487275149346036,2.8329378549361,10.2279344461798,2.15578624566798,0.380086481340793,0.778713067370643,0.860904928648329,-0.149771200339461
"636","EST","Estonia",2005,16.51957942,5.01e-12,29.49953693,30473.77876,1354775,0.626871645,0.847,"EST2005","1","EST",2005,-0.467013472224426,2.80454630893098,10.3246218800436,2.09544084446088,0.376330686070627,0.76603988653449,0.845341402693436,-0.168014706365698
"637","EST","Estonia",2006,17.13116692,4.43e-12,24.42826057,33646.61851,1346810,0.624322891,0.855,"EST2006","1","EST",2006,-0.471087590919978,2.84089943144027,10.4236678399788,2.17301820856194,0.332763460936702,0.634349684867333,0.771215782938429,-0.259787070466755
"638","EST","Estonia",2007,18.91214995,4.56e-12,21.70208942,36359.46663,1340680,0.653597295,0.859,"EST2007","1","EST",2007,-0.425263874061799,2.93980457002051,10.5012098790419,2.3989285958346,0.342528528639134,0.563556850275553,0.773660815489584,-0.256621724321792
"639","EST","Estonia",2008,17.56732998,5.08e-12,21.52031631,34588.55003,1337090,0.613976479,0.864,"EST2008","1","EST",2008,-0.487798659386347,2.86604092593862,10.4512779822899,2.22834370248235,0.381588799448859,0.558836591347766,0.780346602378087,-0.248017095974878
"640","EST","Estonia",2009,15.16468489,3.94e-12,15.63292536,29585.14397,1334515,0.595651031,0.863,"EST2009","1","EST",2009,-0.518100301856035,2.71896936215777,10.2950276214163,1.92357803452388,0.295956667289076,0.405953639116211,0.613674567824817,-0.488290511174444
"641","EST","Estonia",2010,16.7177652,3.61e-12,42.23659501,30379.10913,1331475,0.590946794,0.868,"EST2010","1","EST",2010,-0.526029292701477,2.81647193843614,10.3215104514933,2.12057989719611,0.271168418505981,1.09679404547398,0.857576643098538,-0.15364472422942
"642","EST","Estonia",2011,16.23654561,4.36e-12,35.89014768,32789.43238,1327439,0.604716659,0.877,"EST2011","1","EST",2011,-0.502995262884493,2.78726460336398,10.3978615589234,2.05953916738069,0.32750534755847,0.931990380789116,0.856643177444228,-0.154733809462702
"643","EST","Estonia",2012,16.46148099,4.4e-12,28.84013836,34115.36222,1322696,0.635786295,0.88,"EST2012","1","EST",2012,-0.452892786258362,2.80102316629254,10.43750306681,2.08807129708162,0.330509983774603,0.748916715857526,0.802517435839432,-0.220001697311273
"644","EST","Estonia",2013,17.61179556,4.38e-12,23.39228932,34838.36295,1317997,0.632705808,0.887,"EST2013","1","EST",2013,-0.45774972316541,2.86856887983159,10.4584744422046,2.23398397879543,0.329007665666536,0.607447727026906,0.764301996655467,-0.268792284339136
"645","EST","Estonia",2014,17.79073318,4.58e-12,16.96962206,36090.49409,1314545,0.650402427,0.885,"EST2014","1","EST",2014,-0.430163989205683,2.87867771386954,10.4937847880391,2.25668148143915,0.3440308467472,0.440664793763445,0.699399527654887,-0.3575331297107
"646","EST","Estonia",2015,17.04477884,4.29e-12,14.45990097,36729.80725,1315407,0.64932555,0.888,"EST2015","1","EST",2015,-0.431821070172584,2.83584393043969,10.5113438910461,2.16206023519565,0.322247234180237,0.375492704331029,0.63956717157029,-0.446963625840073
"647","EST","Estonia",2016,17.64043135,4.67e-12,21.31338262,37854.84525,1315790,0.677499592,0.89,"EST2016","1","EST",2016,-0.389346328442485,2.87019350322752,10.5415142625618,2.23761631122072,0.350791278233499,0.553462965965648,0.757369230955564,-0.277904388903197
"648","EST","Estonia",2017,18.51581955,5.29e-12,16.45250086,39939.45756,1317384,0.669826508,0.894,"EST2017","1","EST",2017,-0.400736543412308,2.91862547749613,10.5951200255055,2.34865571134118,0.397363139583556,0.427236262111827,0.736023500532974,-0.306493230691039
"649","EST","Estonia",2018,19.36357963,5.15e-12,17.22170466,41273.19955,1321977,0.684351265,0.897,"EST2018","1","EST",2018,-0.37928394785722,2.96339396300066,10.6279686470011,2.45619059783985,0.386846912827092,0.447210839783067,0.75180378389527,-0.285279914750507
"650","EST","Estonia",2019,16.72477017,5.14e-12,16.62334485,42652.53486,1326898,0.710589528,0.901,"EST2019","1","EST",2019,-0.341660332345904,2.81689086421584,10.6608419851514,2.12146844888857,0.386095753773058,0.431672715166167,0.707123711683312,-0.346549647228468
"651","EST","Estonia",2020,16.83990592,4.54e-12,15.44359965,41340.76465,1329522,0.719577551,0.901,"EST2020","1","EST",2020,-0.329090973890434,2.82375142210024,10.6296043296781,2.13607294619892,0.341026210531067,0.40103725531837,0.663533497886664,-0.41017593984274
"652","FIN","Finland",2000,22.09181642,9e-12,15.24091501,46968.84171,5176209,0.96294117,0.898,"FIN2000","1","FIN",2000,-0.0377629593927816,3.09520724220901,10.7572397185083,2.80225623654524,0.676043148629869,0.395773968677759,0.908468406676327,-0.0959951670105439
"653","FIN","Finland",2001,22.29048289,8.08e-12,15.18138498,48099.30143,5188008,0.987094104,0.908,"FIN2001","1","FIN",2001,-0.0129899006285092,3.10415981113799,10.7810229327036,2.82745626283398,0.606936515658815,0.394228101109234,0.877867383905675,-0.130259740142835
"654","FIN","Finland",2002,22.98265887,7.56e-12,16.14663895,48792.48648,5200598,0.997511387,0.912,"FIN2002","1","FIN",2002,-0.00249171474442821,3.13473996938281,10.7953316144136,2.9152559448459,0.56787624484909,0.419293682423624,0.885420494303528,-0.121692612008762
"655","FIN","Finland",2003,25.76521852,7.86e-12,16.2372167,49655.54516,5213014,0.963657796,0.915,"FIN2003","1","FIN",2003,-0.0370190307956039,3.24902546301727,10.812865348232,3.26821221537296,0.590411016470085,0.421645792882076,0.933549801368233,-0.0687609683411719
"656","FIN","Finland",2004,25.64111796,7.76e-12,18.9778351,51494.70586,5228172,0.961499214,0.911,"FIN2004","1","FIN",2004,-0.0392615314263356,3.24419723328601,10.8492342825327,3.25247056871036,0.582899425929754,0.492813791659552,0.97760471029076,-0.0226498723575511
"657","FIN","Finland",2005,24.41108657,8.11e-12,23.41794221,52744.04803,5246096,0.948042274,0.914,"FIN2005","1","FIN",2005,-0.0533561848943416,3.1950373967284,10.8732062114176,3.09644613557894,0.609189992820915,0.608113877719085,1.04680808496957,0.0457456151533604
"658","FIN","Finland",2006,26.36150534,8.21e-12,24.35739974,54653.9812,5266268,0.934389353,0.917,"FIN2006","1","FIN",2006,-0.0678620614508317,3.27190481498404,10.9087773399907,3.34384875101799,0.616701583361247,0.632509580654791,1.09260436770402,0.0885641745040006
"659","FIN","Finland",2007,25.76404775,7.97e-12,25.99112422,57313.29165,5288720,0.966182888,0.92,"FIN2007","1","FIN",2007,-0.0344021376375851,3.24898002204421,10.9562878417715,3.26806370800391,0.59867376606445,0.674933911526748,1.09710281766677,0.0926729031241934
"660","FIN","Finland",2008,24.6711008,8.25e-12,27.37463963,57494.58535,5313399,0.928461671,0.921,"FIN2008","1","FIN",2008,-0.0742261796014854,3.20563255054294,10.9594460545253,3.12942787342049,0.61970621957738,0.710860847946462,1.11295720552721,0.107020621893117
"661","FIN","Finland",2009,22.86231622,7.3e-12,22.07609601,52599.14871,5338871,0.867407501,0.916,"FIN2009","1","FIN",2009,-0.142246399935532,3.1294899751937,10.8704552143743,2.89999097364238,0.548346109444227,0.573269001569541,0.96962385242904,-0.030847063692194
"662","FIN","Finland",2010,24.79747535,6.91e-12,23.27944028,54017.94586,5363352,0.848714709,0.92,"FIN2010","1","FIN",2010,-0.164032180944247,3.2107418475857,10.8970716010775,3.14545796638095,0.519050906336933,0.604517278796405,0.995636599390317,-0.00437294802504373
"663","FIN","Finland",2011,24.27694791,7.46e-12,25.18547222,55053.39069,5388272,0.850684941,0.924,"FIN2011","1","FIN",2011,-0.161713441049538,3.1895272544184,10.9160587331696,3.07943119713293,0.560364654308758,0.654012852049416,1.04114010017913,0.0403163628820864
"664","FIN","Finland",2012,23.14587999,6.9e-12,19.49391442,53957.6681,5413971,0.838043988,0.924,"FIN2012","1","FIN",2012,-0.176684688230914,3.14181679449928,10.8959550940432,2.93595987397334,0.518299747282899,0.506215267915728,0.916689205897547,-0.0869867890400469
"665","FIN","Finland",2013,23.34563819,6.62e-12,20.38148706,53183.42867,5438972,0.795627713,0.934,"FIN2013","1","FIN",2013,-0.228623899778401,3.15041016538058,10.8815021356409,2.96129838173154,0.49726729376997,0.529263631218857,0.920268815686991,-0.0830894606543966
"666","FIN","Finland",2014,22.76455755,6.18e-12,18.531305,52710.73349,5461512,0.805471122,0.936,"FIN2014","1","FIN",2014,-0.21632792803198,3.12520483306086,10.8725743853282,2.88759068760542,0.46421629539251,0.481218359909219,0.864037783591795,-0.146138780125232
"667","FIN","Finland",2015,21.32624466,5.6e-12,17.49618883,52782.48739,5479531,0.828745008,0.938,"FIN2015","1","FIN",2015,-0.187842761029618,3.05993845791131,10.8739347364573,2.70514660109486,0.420649070258585,0.454338606667722,0.802595635502482,-0.219904259112671
"668","FIN","Finland",2016,21.86079708,6.55e-12,20.28301256,53984.63163,5495303,0.84352231,0.94,"FIN2016","1","FIN",2016,-0.170168928027575,3.08469494502966,10.8964546855959,2.77295238149005,0.492009180391738,0.526706459050849,0.895697621064188,-0.110152399456074
"669","FIN","Finland",2017,21.98605701,6.77e-12,18.16130126,55637.22628,5508214,0.842765868,0.942,"FIN2017","1","FIN",2017,-0.171066096211053,3.09040848016705,10.9266077936086,2.7888410894785,0.508534679580468,0.471610154069259,0.874532251424422,-0.13406610535856
"670","FIN","Finland",2018,22.79554003,7.29e-12,20.5648527,56226.33724,5515525,0.817999363,0.945,"FIN2018","1","FIN",2018,-0.2008937211083,3.12656490410643,10.9371405602708,2.89152068802518,0.547594950390194,0.534025244744969,0.945618243025403,-0.0559163399768473
"671","FIN","Finland",2019,21.31103748,6.44e-12,17.46865966,56922.48732,5521606,0.833235502,0.947,"FIN2019","1","FIN",2019,-0.182438961285592,3.0592251300498,10.9494457497733,2.70321763273006,0.483746430797373,0.453623732996545,0.840230001464261,-0.174079613357264
"672","FIN","Finland",2020,21.5332148,6.14e-12,16.97421115,55424.8575,5529543,0.818583608,0.947,"FIN2020","1","FIN",2020,-0.200179739556283,3.06959661746133,10.9227834634393,2.73139991384051,0.461211659176377,0.440783962616544,0.82193432576148,-0.196094782785086
"673","FRA","France",2000,12.90569869,1.36e-11,24.73270523,45922.47894,60950994,1.200464725,0.852,"FRA2000","1","FRA",2000,0.182708752657294,2.55766897273561,10.7347100134214,1.63703490711092,1.02157631348514,0.642255461603959,1.02410743782289,0.0238214408625422
"674","FRA","France",2001,12.66044419,1.21e-11,24.25718162,46454.87069,61397775,1.247512221,0.855,"FRA2001","1","FRA",2001,0.221151344988338,2.53848250219847,10.7462365975176,1.60592538043825,0.908902455380157,0.629907130404278,0.97238829178479,-0.0280000771466038
"675","FRA","France",2002,12.58822536,1.1e-11,26.54785367,46610.78207,61847394,1.277463198,0.858,"FRA2002","1","FRA",2002,0.24487623485298,2.53276188180645,10.7495871682434,1.59676471827648,0.826274959436506,0.689390984724893,0.968895725120764,-0.0315982836963153
"676","FRA","France",2003,13.16171611,1.1e-11,27.61085876,46730.97581,62288899,1.193215966,0.862,"FRA2003","1","FRA",2003,0.176652154393607,2.57731232089082,10.752162517351,1.66950966600896,0.826274959436506,0.716994953575708,0.996345299172797,-0.00366139556275271
"677","FRA","France",2004,13.43456252,1.19e-11,30.48947,47720.44134,62749003,1.120429993,0.869,"FRA2004","1","FRA",2004,0.113712533949115,2.59783067882794,10.7731151247022,1.70411911321355,0.893879274299493,0.791746331297301,1.06444107514502,0.0624498493289262
"678","FRA","France",2005,13.67640147,1.18e-11,31.97128734,48257.46509,63221847,1.103716254,0.877,"FRA2005","1","FRA",2005,0.0986828985162051,2.61567182715197,10.7843058116909,1.73479539138792,0.886367683759161,0.830225958611181,1.08480787001346,0.0814028929835971
"679","FRA","France",2006,13.50404835,1.25e-11,32.37999172,49223.2472,63662444,1.074957371,0.881,"FRA2006","1","FRA",2006,0.0722810059096295,2.60298951826781,10.8041212949505,1.71293310554298,0.938948817541485,0.840839137306978,1.10585557937937,0.100619315350945
"680","FRA","France",2007,13.60914857,1.2e-11,31.76298235,50157.78375,64056624,1.059003234,0.884,"FRA2007","1","FRA",2007,0.0573281204389691,2.61074225555878,10.8229289907182,1.72626463706389,0.901390864839825,0.824816723500718,1.08674085623459,0.0831831769885544
"681","FRA","France",2008,13.62098937,1.2e-11,31.62045714,50068.29691,64415237,1.024864197,0.884,"FRA2008","1","FRA",2008,0.024560113080992,2.6116119390523,10.8211432905653,1.72776659394307,0.901390864839825,0.8211156486006,1.08542757704366,0.0819739895877813
"682","FRA","France",2009,12.88740973,1.08e-11,29.71409328,48404.96578,64747011,1.011925101,0.883,"FRA2009","1","FRA",2009,0.0118545572567691,2.55625084485686,10.7873576862022,1.63471502760235,0.811251778355843,0.771611456095032,1.00770201724486,0.00767250813297991
"683","FRA","France",2010,12.21015965,9.99e-12,27.27802073,49130.42294,65067033,0.968885243,0.888,"FRA2010","1","FRA",2010,-0.0316091023811267,2.50226836338521,10.8022337337151,1.54880863474175,0.750407894979154,0.708351861742078,0.937234064867943,-0.064822225518714
"684","FRA","France",2011,12.64911407,1.05e-11,29.97049348,50085.68298,65381583,0.969671726,0.892,"FRA2011","1","FRA",2011,-0.0307976915681068,2.53758717872894,10.821490477371,1.60448820122097,0.788717006734847,0.77826962095306,0.994937814209811,-0.00507504205823982
"685","FRA","France",2012,12.42523376,9.97e-12,25.27627859,49935.62691,65698266,0.968189776,0.893,"FRA2012","1","FRA",2012,-0.032327161333992,2.51972938548781,10.8184899931193,1.57608990281898,0.748905576871088,0.656370899280342,0.918443524442413,-0.0850748629430773
"686","FRA","France",2013,12.42865212,9.73e-12,25.61691675,50066.53043,66037928,0.946403086,0.896,"FRA2013","1","FRA",2013,-0.0550867055455925,2.52000446199199,10.8211080085352,1.57652350775425,0.730877759574291,0.66521654380876,0.915172046556176,-0.0886432023587132
"687","FRA","France",2014,11.79292665,9.81e-12,23.9528788,50326.56786,66347328,0.951782525,0.9,"FRA2014","1","FRA",2014,-0.0494187104132421,2.46749991529709,10.8262884047172,1.4958843412335,0.736887032006557,0.622005036949114,0.881788188380144,-0.125803401044651
"688","FRA","France",2015,11.46212071,9.3e-12,22.28777189,50682.89536,66583292,0.962124169,0.901,"FRA2015","1","FRA",2015,-0.0386117628411636,2.43904774739498,10.8333437630321,1.45392296554454,0.698577920250864,0.578765771484339,0.837695849008999,-0.177100193058479
"689","FRA","France",2016,11.47921426,9.07e-12,22.34553505,50984.0753,66758915,0.969068825,0.905,"FRA2016","1","FRA",2016,-0.0314196427818714,2.44053794429813,10.839268613927,1.4560912122012,0.681301262008101,0.580265757217582,0.831862548565185,-0.184088057860411
"690","FRA","France",2017,11.58778035,9.61e-12,23.8556542,51895.5663,66952516,0.952686965,0.908,"FRA2017","1","FRA",2017,-0.0484689025294792,2.44995112477406,10.8569886377592,1.46986237510586,0.721863850925893,0.619480322011076,0.869467115225428,-0.139874766230288
"691","FRA","France",2018,11.48996255,9.18e-12,23.83100438,52560.95362,67192200,0.926388502,0.911,"FRA2018","1","FRA",2018,-0.0764615837257489,2.44147383249939,10.869728796449,1.45745458867111,0.689564011602466,0.618840218901638,0.853590127601667,-0.158304144664021
"692","FRA","France",2019,11.28556546,9.33e-12,23.90441062,53448.55488,67421122,0.942259669,0.914,"FRA2019","1","FRA",2019,-0.0594743852796886,2.42352451623615,10.8864748792308,1.43152765675683,0.700831397412964,0.620746421968281,0.853969787237906,-0.157859463760944
"693","FRA","France",2020,10.28134052,8.72e-12,21.35251322,49311.33341,67603660,0.918414056,0.909,"FRA2020","1","FRA",2020,-0.0851069486559047,2.33033065230379,10.8059092202235,1.30414584498052,0.65501069511694,0.554479103963175,0.779506807815722,-0.249093856955128
"694","GAB","Gabon",2000,13.1416078,4.12e-11,9.450486492,21717.22408,1272935,0.525910556,0.652,"GAB2000","6","GAB",2000,-0.6426241263312,2.57578336477971,9.98586096109193,1.66695900942045,3.09477530261673,0.245408923441952,1.08180287453603,0.0786289776304663
"695","GAB","Gabon",2001,13.35663565,4.06e-11,6.613996148,21604.78044,1306590,0.405418426,0.657,"GAB2001","6","GAB",2001,-0.902835594591103,2.59201331379107,9.980669885852,1.69423440960655,3.04970575937474,0.171751335309977,0.960971527123701,-0.0398104988340193
"696","GAB","Gabon",2002,14.31274156,4.56e-11,6.408258734,20981.47986,1341696,0.371105939,0.661,"GAB2002","6","GAB",2002,-0.991267707271076,2.66115015872662,9.95139541616431,1.81551251993295,3.42528528639134,0.16640877465723,1.011480248625,0.0114148506184076
"697","GAB","Gabon",2003,15.48607318,4.67e-11,6.077091334,20875.45493,1378398,0.348374695,0.664,"GAB2003","6","GAB",2003,-1.05447666867377,2.73994111551194,9.94632934253548,1.96434481996529,3.50791278233499,0.1578090655119,1.02833074452641,0.027936851207702
"698","GAB","Gabon",2004,14.99069596,4.2e-11,7.78710215,20438.93071,1417110,0.358941764,0.665,"GAB2004","6","GAB",2004,-1.0245951209227,2.70742973932227,9.92519672934845,1.90150825289465,3.15486802693939,0.202214389384264,1.06650727578898,0.0643890810241246
"699","GAB","Gabon",2005,15.12281885,4.28e-11,9.16864533,20385.28999,1458353,0.443352938,0.671,"GAB2005","6","GAB",2005,-0.813389126359538,2.71620478525343,9.92256884080829,1.91826749918993,3.21496075126204,0.238090111208677,1.13660283242297,0.128043841891657
"700","GAB","Gabon",2006,14.43788616,4.45e-11,10.51936148,19224.12687,1502534,0.4130885,0.67,"GAB2006","6","GAB",2006,-0.884093423262723,2.6698557349373,9.86392137695757,1.83138659878427,3.34265779044768,0.273165320990498,1.18695021740048,0.171387174900075
"701","GAB","Gabon",2007,14.25608425,4.85e-11,11.01595425,19751.87622,1549774,0.425121903,0.674,"GAB2007","6","GAB",2007,-0.855379320597514,2.65718378050336,9.89100376429821,1.80832577271059,3.64312141206096,0.286060773216996,1.23519694366196,0.211230425918379
"702","GAB","Gabon",2008,14.78380662,4.11e-11,9.929547469,18493.09211,1599978,0.502286851,0.675,"GAB2008","6","GAB",2008,-0.688583906151895,2.69353243445664,9.82515254187602,1.87526518929736,3.0872637120764,0.257849112497631,1.14288014268472,0.133551517271151
"703","GAB","Gabon",2009,15.8145319,5.41e-11,9.765097073,17911.14585,1653542,0.331213862,0.681,"GAB2009","6","GAB",2009,-1.10499100348215,2.76092925783712,9.79317847123269,2.00600846043146,4.06377048231954,0.253578687406169,1.27386936579954,0.24205901327364
"704","GAB","Gabon",2010,15.01548375,4.43e-11,9.643404175,18530.57609,1711105,0.371916026,0.684,"GAB2010","6","GAB",2010,-0.989087186750462,2.70908191869853,9.82717740838059,1.90465248231414,3.32763460936702,0.250418583096831,1.16646750398898,0.153979954387908
"705","GAB","Gabon",2011,12.85419456,4.25e-11,10.52322132,19153.08782,1772500,0.530141115,0.69,"GAB2011","6","GAB",2011,-0.634612053158485,2.55367018297893,9.86021922547463,1.63050181962022,3.19242597964105,0.273265552780666,1.12462829108761,0.117452573137539
"706","GAB","Gabon",2012,11.90220225,4.05e-11,8.116009901,19450.40271,1836705,0.499214232,0.699,"GAB2012","6","GAB",2012,-0.694719952717926,2.47672344602064,9.87562305371657,1.50974550256947,3.04219416883441,0.210755420277536,0.989212985965599,-0.0108456156757967
"707","GAB","Gabon",2013,14.00542751,3.99e-11,10.18056625,19836.45549,1902226,0.477025867,0.707,"GAB2013","6","GAB",2013,-0.740184561052578,2.63944493377278,9.8952767101403,1.77653099406752,2.99712462559242,0.2643675334129,1.12071513393386,0.113966993985615
"708","GAB","Gabon",2014,15.00159265,5.21e-11,9.590908571,20008.98998,1966855,0.460078835,0.716,"GAB2014","6","GAB",2014,-0.776357423748163,2.70815637213253,9.90393695054172,1.90289045329546,3.91353867151291,0.249055384527743,1.22864509392804,0.205912012580597
"709","GAB","Gabon",2015,15.13667676,5.82e-11,9.39526026,20147.71162,2028517,0.467424721,0.72,"GAB2015","6","GAB",2015,-0.760516967818178,2.717120723255,9.91084599367992,1.92002531819334,4.37174569447315,0.24397481630341,1.26989832023895,0.238936834461328
"710","GAB","Gabon",2016,13.43747529,5.06e-11,8.400358637,19988.1756,2086206,0.482789904,0.724,"GAB2016","6","GAB",2016,-0.728173701327862,2.59804746700247,9.90289615769667,1.70448858613253,3.80086481340793,0.218139348844908,1.12219977595325,0.115290844685143
"711","GAB","Gabon",2017,12.26427112,4.78e-11,9.494626719,19555.70788,2140215,0.574489951,0.726,"GAB2017","6","GAB",2017,-0.55427267357825,2.50669024830494,9.88102248597191,1.55567245260957,3.59054027827864,0.24655515073911,1.11257854661944,0.1066803362688
"712","GAB","Gabon",2018,11.12313159,4.22e-11,9.664492474,19225.59826,2192012,0.776450157,0.727,"GAB2018","6","GAB",2018,-0.253022827764628,2.40902686698134,9.86399791274532,1.41092358706061,3.16989120802005,0.250966201122547,1.03925238371324,0.0385015928340419
"713","GAB","Gabon",2019,11.09396409,4.36e-11,9.345479757,19491.40676,2242785,0.799632728,0.73,"GAB2019","6","GAB",2019,-0.223602746728288,2.406401184743,9.87772896844996,1.40722380940424,3.2750534755847,0.242682123100793,1.0380217462448,0.0373167346637423
"714","GAB","Gabon",2020,10.80852601,4.29e-11,7.011377217,18681.48407,2292573,0.808121681,0.732,"GAB2020","6","GAB",2020,-0.213042636502345,2.38033526805245,9.83528815562923,1.37101716054293,3.22247234180237,0.182070471835071,0.930016247180993,-0.0725532229003461
"715","GBR","United Kingdom",2000,17.32405052,1.26e-11,29.04667693,43247.63638,58920255,1.144949317,0.87,"GBR2000","1","GBR",2000,0.135360371397674,2.85209573953377,10.6746978606932,2.19748470152709,0.946460408081816,0.754280080818245,1.16194877803995,0.150098576597498
"716","GBR","United Kingdom",2001,17.2144947,1.19e-11,27.81177208,44189.85491,59147394,1.206990123,0.876,"GBR2001","1","GBR",2001,0.188129758983321,2.84575174405067,10.6962505147974,2.18358799543429,0.893879274299493,0.722212242824054,1.12125606191089,0.114449540762777
"717","GBR","United Kingdom",2002,17.35296455,1.14e-11,30.87356305,44793.32608,59398371,1.197378397,0.881,"GBR2002","1","GBR",2002,0.180134497756251,2.85376335923185,10.7098144358772,2.20115232755433,0.856321321597834,0.801720406386645,1.14754554506015,0.137625352849136
"718","GBR","United Kingdom",2003,17.43183474,1.1e-11,33.32702393,45990.71589,59675878,1.158789158,0.886,"GBR2003","1","GBR",2003,0.147375630638705,2.8582981173312,10.7361948266229,2.21115668743146,0.826274959436506,0.865431538483118,1.16499915239336,0.152720359458052
"719","GBR","United Kingdom",2004,17.76359858,1.15e-11,38.50776132,46853.79255,60016621,1.147309542,0.897,"GBR2004","1","GBR",2004,0.137419672706356,2.87715133978656,10.7547872352974,2.2532395688037,0.863832912138166,0.999964209006654,1.24855359825139,0.221985759933469
"720","GBR","United Kingdom",2005,17.79864788,1.14e-11,40.73532581,47804.78527,60430361,1.134759903,0.903,"GBR2005","1","GBR",2005,0.126421089348744,2.87912249261504,10.7748810237199,2.2576854286481,0.856321321597834,1.05780929495553,1.26931434686577,0.238476870322802
"721","GBR","United Kingdom",2006,17.90653706,1.16e-11,40.87241825,48584.43597,60876407,1.113818049,0.902,"GBR2006","1","GBR",2006,0.107793796926314,2.88516584506051,10.7910585110675,2.27137072829766,0.871344502678498,1.06136929243724,1.28070217245623,0.247408499752215
"722","GBR","United Kingdom",2007,17.56970877,1.1e-11,41.23632069,49472.98598,61352459,1.087524533,0.905,"GBR2007","1","GBR",2007,0.0839040428067097,2.866176326649,10.8091820618099,2.22864544223006,0.826274959436506,1.0708190605644,1.25398946723939,0.226330042844821
"723","GBR","United Kingdom",2008,16.21509166,9.61e-12,41.80985435,48963.02316,61837393,1.033004761,0.91,"GBR2008","1","GBR",2008,0.0324717990329792,2.78594239253393,10.7988206628289,2.05681782188138,0.721863850925893,1.08571250315886,1.17252466347954,0.159159256067632
"724","GBR","United Kingdom",2009,14.32475349,7.85e-12,34.14540553,46348.75343,62307089,0.964356065,0.915,"GBR2009","1","GBR",2009,-0.0362946905357597,2.66198905407577,10.7439496759182,1.81703618395023,0.589659857416052,0.886683158449001,0.983055112575043,-0.0170900947147887
"725","GBR","United Kingdom",2010,14.59904712,7.57e-12,32.57249876,47013.88241,62797627,0.88383311,0.921,"GBR2010","1","GBR",2010,-0.123487023760252,2.68095626083096,10.7581982075045,1.85182920507167,0.568627403903123,0.845838133441345,0.962140860001276,-0.0385944149176448
"726","GBR","United Kingdom",2011,13.90993553,7.62e-12,33.63502418,47178.91992,63290511,0.895824969,0.916,"GBR2011","1","GBR",2011,-0.11001023218815,2.6326033711295,10.7617024599485,1.76441822835339,0.572383199173289,0.87342964628808,0.959044548002754,-0.041817752619969
"727","GBR","United Kingdom",2012,14.23580139,7.6e-12,31.5572059,47550.94285,63732375,0.867291451,0.917,"GBR2012","1","GBR",2012,-0.142380198367865,2.65576001630028,10.7695568963784,1.80575297517102,0.570880881065223,0.819473149166533,0.945321470619312,-0.0562302287871419
"728","GBR","United Kingdom",2013,14.19772734,7.53e-12,30.62410162,48083.80343,64160684,0.840107262,0.931,"GBR2013","1","GBR",2013,-0.174225702439674,2.65308190531954,10.7807006723616,1.80092343820427,0.56562276768699,0.795242426546304,0.932195978118788,-0.0702122094501563
"729","GBR","United Kingdom",2014,13.81439059,7.66e-12,28.03926137,49250.55999,64634750,0.829143107,0.932,"GBR2014","1","GBR",2014,-0.187362512689516,2.62571084520552,10.8046760168909,1.75229874488064,0.575387835389422,0.728119653178085,0.902105214353153,-0.103024120097747
"730","GBR","United Kingdom",2015,13.49981873,7.26e-12,29.26762052,49983.34859,65148739,0.830129087,0.931,"GBR2015","1","GBR",2015,-0.186174063778463,2.60267625794683,10.8194452007441,1.71239659560655,0.545341473228094,0.760017513341872,0.892001314265454,-0.114287673011448
"731","GBR","United Kingdom",2016,12.86274758,6.67e-12,30.31521493,50540.87977,65644158,0.84781158,0.934,"GBR2016","1","GBR",2016,-0.16509686127507,2.55433534917706,10.8305377881908,1.63158673510117,0.501023089040136,0.787221299790277,0.863352691873223,-0.146931990188878
"732","GBR","United Kingdom",2017,12.36795902,6.73e-12,33.69669562,51601.14044,66091461,0.857352078,0.937,"GBR2017","1","GBR",2017,-0.15390661861262,2.51510917845019,10.8512990527758,1.56882483713537,0.505530043364335,0.875031121694698,0.885349967114887,-0.121772269073542
"733","GBR","United Kingdom",2018,12.42465338,6.59e-12,26.6731327,52071.26966,66492992,0.832993448,0.936,"GBR2018","1","GBR",2018,-0.182729502392446,2.51968267461167,10.8603686295739,1.57601628399816,0.495013816607871,0.69264421321299,0.814509355875879,-0.205169364356678
"734","GBR","United Kingdom",2019,12.18884022,6.53e-12,26.32104787,52645.5442,66869012,0.842049897,0.941,"GBR2019","1","GBR",2019,-0.171916006400609,2.50052079704729,10.8713368834015,1.54610435255231,0.490506862283671,0.683501323144454,0.803293803110123,-0.219034750123022
"735","GBR","United Kingdom",2020,10.65196494,5.26e-12,20.13627011,47144.72215,67113943,0.84792161,0.93,"GBR2020","1","GBR",2020,-0.164967088500906,2.36574437654559,10.7609773443624,1.35115803142168,0.395109662421457,0.522895871446896,0.653551280853288,-0.425334277912716
"736","GRC","Greece",2000,14.57789217,2.45e-11,59.65687178,31386.63978,10805808,0.724346101,0.828,"GRC2000","1","GRC",2000,-0.322485960765918,2.67950614617042,10.3541375966387,1.84914578649511,1.84033968238131,1.54916137828859,1.74042481982055,0.554129232748996
"737","GRC","Greece",2001,14.37356533,2.22e-11,60.21458762,32675.92923,10862132,0.788140297,0.837,"GRC2001","1","GRC",2001,-0.23807916309366,2.66539077857232,10.3943939766496,1.82322776550499,1.66757309995368,1.56364406592554,1.68146527403516,0.519665600206858
"738","GRC","Greece",2002,15.13103763,2.4e-11,67.93221525,34081.02898,10902022,0.832308531,0.836,"GRC2002","1","GRC",2002,-0.183552076372729,2.71674810641367,10.4364961735626,1.91931001769877,1.80278172967965,1.76405435060321,1.82753939110529,0.602970467049874
"739","GRC","Greece",2003,16.12465297,2.4e-11,67.84291954,35970.70168,10928070,0.784277797,0.842,"GRC2003","1","GRC",2003,-0.242991988484646,2.78034934120994,10.4904600438667,2.04534604526242,1.80278172967965,1.7617355319818,1.865879324366,0.623732429576138
"740","GRC","Greece",2004,16.02342761,2.34e-11,77.68522006,37811.49137,10955141,0.76684016,0.851,"GRC2004","1","GRC",2004,-0.265476895681831,2.77405187693171,10.540368339905,2.03250602382806,1.75771218643766,2.01731902779971,1.93160385447699,0.658350670499307
"741","GRC","Greece",2005,16.19638378,2.34e-11,77.01047614,38146.96297,10987314,0.730978787,0.863,"GRC2005","1","GRC",2005,-0.313370838805269,2.78478799386348,10.5492014259422,2.05444480409028,1.75771218643766,1.99979737120072,1.9329001134236,0.659021524511101
"742","GRC","Greece",2006,16.51084499,2.28e-11,73.68680104,40483.15692,11020362,0.727040946,0.871,"GRC2006","1","GRC",2006,-0.318772481163933,2.80401743711903,10.6086412880747,2.09433291786603,1.71264264319567,1.91348863684591,1.9004048053693,0.642066918936829
"743","GRC","Greece",2007,17.69229823,2.3e-11,72.86452387,41796.23369,11048473,0.707002163,0.866,"GRC2007","1","GRC",2007,-0.346721553684304,2.87312941663543,10.6405615113433,2.24419541206,1.72766582427633,1.89213585725817,1.94308101952409,0.664274867685551
"744","GRC","Greece",2008,17.47464691,2.38e-11,71.58791245,41709.38774,11077841,0.708741784,0.871,"GRC2008","1","GRC",2008,-0.344264016247225,2.8607510824794,10.6384815081094,2.21658723547249,1.78775854859899,1.8589849888345,1.94576262971586,0.665653997760545
"745","GRC","Greece",2009,15.57768549,2.21e-11,62.2750308,39886.21355,11107017,0.704884529,0.874,"GRC2009","1","GRC",2009,-0.349721278237177,2.74583947292432,10.5937860181078,1.97596546546411,1.66006150941334,1.61714936885838,1.74401903973387,0.556192242705787
"746","GRC","Greece",2010,14.19154061,2.17e-11,60.96822265,37566.74837,11121341,0.672491431,0.876,"GRC2010","1","GRC",2010,-0.396765909594758,2.65264605539845,10.5338745862465,1.80013867689733,1.63001514725202,1.58321435593516,1.66857516068277,0.511970065052828
"747","GRC","Greece",2011,13.28641993,2e-11,52.49835555,33906.49174,11104899,0.61048609,0.874,"GRC2011","1","GRC",2011,-0.493499770293735,2.58674245569825,10.4313617717905,1.68532783372647,1.50231810806638,1.36327002095654,1.51127231508187,0.412951888814274
"748","GRC","Greece",2012,12.06923676,1.88e-11,40.77228636,31250.22686,11045011,0.558152497,0.874,"GRC2012","1","GRC",2012,-0.583123061823618,2.49065979864444,10.3497819146582,1.53093314456626,1.41217902158239,1.05876908139541,1.31789985597414,0.276039451383343
"749","GRC","Greece",2013,11.15547077,1.89e-11,40.94393076,30762.44322,10965211,0.510920942,0.879,"GRC2013","1","GRC",2013,-0.671540413076387,2.41193002959372,10.3340498489438,1.41502567930676,1.41969061212272,1.0632263193857,1.28783804327281,0.252964876975257
"750","GRC","Greece",2014,10.90592287,1.66e-11,36.99906082,31213.37651,10892413,0.514782429,0.886,"GRC2014","1","GRC",2014,-0.664010935544297,2.38930602422506,10.3486020162122,1.38337155246644,1.24692402969509,0.960786483519743,1.18341001390442,0.168400113202364
"751","GRC","Greece",2015,10.45989247,1.76e-11,36.59035332,31347.97657,10820883,0.543733418,0.888,"GRC2015","1","GRC",2015,-0.609296192676428,2.34754817846921,10.3529050007564,1.32679442696773,1.32203993509841,0.950173223804219,1.18563314981955,0.170276935542916
"752","GRC","Greece",2016,10.412171,1.73e-11,34.78431235,31468.61985,10775971,0.549231291,0.884,"GRC2016","1","GRC",2016,-0.599235631110495,2.34297541035512,10.3567461330434,1.32074115437202,1.29950516347741,0.903274202202003,1.15736881347801,0.146149164467122
"753","GRC","Greece",2017,10.56107231,1.78e-11,39.155242,31995.41088,10754679,0.555604696,0.887,"GRC2017","1","GRC",2017,-0.587698216013837,2.3571748176304,10.3733477614977,1.33962867437692,1.33706311617907,1.01677789756785,1.2212019250123,0.199835558205793
"754","GRC","Greece",2018,10.69795197,1.88e-11,45.15479812,32722.33104,10732882,0.533345819,0.893,"GRC2018","1","GRC",2018,-0.628585249071399,2.37005231847475,10.3958130302329,1.35699129742243,1.41217902158239,1.17257353938853,1.3097919066468,0.26986827470714
"755","GRC","Greece",2019,10.097305,2.12e-11,43.25351049,33502.75065,10721582,0.56791383,0.896,"GRC2019","1","GRC",2019,-0.565785579516249,2.31226855655814,10.4193828233976,1.28080169464623,1.59245719455036,1.12320116572006,1.31826402993448,0.276315742219887
"756","GRC","Greece",2020,9.530198414,2.24e-11,43.99497628,30487.11293,10698599,0.547064424,0.896,"GRC2020","1","GRC",2020,-0.603188706530053,2.25446553738642,10.3250593464206,1.20886655191321,1.68259628103434,1.14245544659195,1.32454236257744,0.281067013044445
"757","GTM","Guatemala",2000,4.291575569,4.35e-11,7.720641185,8770.403838,11589761,0.697255254,0.563,"GTM2000","5","GTM",2000,-0.360603717185611,1.45665393101563,9.07913813196855,0.54436874606418,3.26754188504437,0.200488540256246,0.709144327629974,-0.343696208103133
"758","GTM","Guatemala",2001,4.33878075,4.45e-11,7.498603095,8771.154957,11871565,0.705283523,0.567,"GTM2001","5","GTM",2001,-0.349155396730953,1.46759337546347,9.07922377076602,0.550356529519357,3.34265779044768,0.19472268590831,0.710205771627256,-0.342200531742927
"759","GTM","Guatemala",2002,4.793325227,4.28e-11,11.74950539,8901.536085,12147518,0.69689256,0.572,"GTM2002","5","GTM",2002,-0.361124026444845,1.56722437245507,9.09397913464786,0.608013630739305,3.21496075126204,0.305109527554607,0.841747018538701,-0.172275762926791
"760","GTM","Guatemala",2003,4.822255206,4.26e-11,8.552159987,8926.153326,12415334,0.687675536,0.577,"GTM2003","5","GTM",2003,-0.374438156940405,1.57324170370066,9.09674082250079,0.611683279831739,3.19993757018138,0.222081305262926,0.757518724069468,-0.277707023660581
"761","GTM","Guatemala",2004,4.981147287,4.33e-11,8.655750818,9003.856934,12682108,0.680423975,0.58,"GTM2004","5","GTM",2004,-0.385039182455711,1.60566024341908,9.10540831274002,0.631838088130653,3.2525187039637,0.224771337605249,0.773016644168477,-0.257454698713875
"762","GTM","Guatemala",2005,4.915974269,3.99e-11,10.70922394,9099.72303,12948292,0.67882514,0.583,"GTM2005","5","GTM",2005,-0.387391710362093,1.59248995755665,9.11599925577801,0.623571158301396,2.99712462559242,0.278095643037948,0.8040104044667,-0.218143069007923
"763","GTM","Guatemala",2006,4.631871005,4.04e-11,12.63495396,9386.00088,13213330,0.679095984,0.59,"GTM2006","5","GTM",2006,-0.386992800589198,1.53296089122143,9.14697459011102,0.587533825370903,3.03468257829408,0.32810273330236,0.836344743219072,-0.178714378627896
"764","GTM","Guatemala",2007,4.673398937,3.93e-11,15.25708243,9772.805112,13477017,0.691518724,0.601,"GTM2007","5","GTM",2007,-0.368865050875869,1.54188663071427,9.1873588186686,0.592801473092821,2.95205508235043,0.396193801999609,0.88507580625037,-0.122081980862461
"765","GTM","Guatemala",2008,4.602849666,3.68e-11,12.07424866,9889.571818,13739299,0.686983764,0.609,"GTM2008","5","GTM",2008,-0.375444620226829,1.52667560429741,9.1992361292407,0.583852587637459,2.76426531884213,0.313542415782444,0.796880277228514,-0.227050828252865
"766","GTM","Guatemala",2009,4.76382238,3.25e-11,8.768334807,9740.709084,14000190,0.674897134,0.616,"GTM2009","5","GTM",2009,-0.393194993796838,1.56105036700287,9.18406919521873,0.60427131569242,2.44126692560786,0.227694903028117,0.695131312292895,-0.363654512713057
"767","GTM","Guatemala",2010,4.650187785,3.23e-11,9.828646476,9825.0174,14259687,0.67061609,0.623,"GTM2010","5","GTM",2010,-0.399558451799135,1.53690760265483,9.19268720772826,0.589857233732289,2.4262437445272,0.255228929495696,0.714831604963367,-0.335708281560492
"768","GTM","Guatemala",2011,5.204006484,3.24e-11,10.45241144,10032.08835,14521515,0.686151266,0.628,"GTM2011","5","GTM",2011,-0.37665717119059,1.64942880661413,9.2135440696521,0.660106862539775,2.43375533506753,0.271426771630663,0.758312034765754,-0.276660322682797
"769","GTM","Guatemala",2012,4.70296989,2.97e-11,8.673907935,10126.82807,14781942,0.66724205,0.631,"GTM2012","5","GTM",2012,-0.40460240534323,1.54819420064601,9.22294342580098,0.596552427106263,2.23094239047857,0.225242839103035,0.669261725048972,-0.401580077050464
"770","GTM","Guatemala",2013,4.77972957,2.77e-11,6.132659021,10297.83929,15043981,0.672883153,0.633,"GTM2013","5","GTM",2013,-0.396183585510851,1.56438396958911,9.23968937454141,0.606289077452519,2.08071057967193,0.159252039506559,0.585677860774295,-0.534985366200798
"771","GTM","Guatemala",2014,4.932814539,2.72e-11,6.743833565,10553.56393,15306316,0.669635713,0.65,"GTM2014","5","GTM",2014,-0.40102142640236,1.59590972555864,9.2642188951283,0.625707277429648,2.04315262697027,0.175122935359924,0.607209207230541,-0.498881889592523
"772","GTM","Guatemala",2015,5.027313275,2.61e-11,6.123828201,10785.95815,15567419,0.654888809,0.638,"GTM2015","5","GTM",2015,-0.423289815009187,1.61488570124893,9.28600039585998,0.637694054219171,1.96052513102662,0.159022721996699,0.583643950143886,-0.538464156492081
"773","GTM","Guatemala",2016,5.22258881,2.57e-11,5.673115956,10872.59368,15827690,0.648014247,0.642,"GTM2016","5","GTM",2016,-0.433842596760442,1.65299321956967,9.29400056066829,0.662463954321322,1.93047876886529,0.147318688884627,0.573273292052211,-0.55639272649135
"774","GTM","Guatemala",2017,5.153526382,2.49e-11,5.16680943,11005.45908,16087418,0.655335248,0.647,"GTM2017","5","GTM",2017,-0.422608345279041,1.63968121472096,9.30614670867432,0.653703668797731,1.87038604454264,0.134170991188591,0.547423707083962,-0.602532174793137
"775","GTM","Guatemala",2018,5.240749967,2.54e-11,5.461257261,11192.37173,16346950,0.644219995,0.649,"GTM2018","5","GTM",2018,-0.439715004069362,1.65646461156505,9.32298772969654,0.664767622543915,1.9079439972443,0.141817171655247,0.564488069143716,-0.571836030879341
"776","GTM","Guatemala",2019,5.348115053,2.62e-11,6.010212228,11466.37626,16604026,0.633579135,0.653,"GTM2019","5","GTM",2019,-0.456370369895366,1.67674417228428,9.34717422820988,0.67838644302073,1.96803672156695,0.156072358156346,0.59285085442178,-0.522812421868368
"777","GTM","Guatemala",2020,5.165739572,2.58e-11,6.4724164,11097.15007,16858333,0.630373001,0.645,"GTM2020","5","GTM",2020,-0.461443569718572,1.64204828147881,9.31444360388394,0.655252861819932,1.93799035940562,0.16807481203604,0.597614405563448,-0.514809539758873
"778","HND","Honduras",2000,3.087794111,5.65e-11,10.49388506,4579.689608,6656725,0.469986111,0.558,"HND2000","5","HND",2000,-0.755052135778504,1.12745695604076,8.42938650363262,0.391674009063553,4.24404865528751,0.272503752846821,0.767996424946901,-0.263970200862356
"779","HND","Honduras",2001,3.192032622,5.41e-11,9.889772121,4578.947879,6837861,0.464477301,0.561,"HND2001","5","HND",2001,-0.766842589521873,1.16065789946015,8.42922452997602,0.404896236334711,4.06377048231954,0.256816231773398,0.750409736287531,-0.287135906577478
"780","HND","Honduras",2002,3.248483643,5.45e-11,16.35729403,4627.022787,7019908,0.467315406,0.564,"HND2002","5","HND",2002,-0.760750861704491,1.17818831607873,8.43966891368415,0.412056816644141,4.09381684448087,0.424763944345498,0.894837932178961,-0.11111265846878
"781","HND","Honduras",2003,3.08014888,4.93e-11,9.45033598,4714.86701,7201881,0.466130465,0.568,"HND2003","5","HND",2003,-0.763289716229007,1.12497793347959,8.45847598894336,0.390704242891217,3.70321413638361,0.245405014967196,0.708114458783683,-0.345149533406082
"782","HND","Honduras",2004,3.232734007,4.99e-11,14.80627968,4885.342583,7383407,0.472749144,0.573,"HND2004","5","HND",2004,-0.749190382127388,1.17332822100039,8.49399469159827,0.410059039962258,3.74828367962561,0.38448741866624,0.839177166764157,-0.175333430606526
"783","HND","Honduras",2005,3.184977487,5.03e-11,12.33871774,5056.675444,7564613,0.488170266,0.578,"HND2005","5","HND",2005,-0.717091028244737,1.15844522055331,8.52846451946729,0.404001321417913,3.77833004178693,0.320410112198012,0.787885238309235,-0.238402836393715
"784","HND","Honduras",2006,3.213068068,5e-11,14.18407055,5263.150291,7745200,0.480420738,0.582,"HND2006","5","HND",2006,-0.733093021514856,1.1672262650945,8.56848504109274,0.407564496319374,3.75579527016594,0.368329978212957,0.826123749719065,-0.191010698620942
"785","HND","Honduras",2007,3.558271857,4.8e-11,19.29555515,5461.901519,7924462,0.478482068,0.587,"HND2007","5","HND",2007,-0.737136544235446,1.26927499357602,8.60555227166239,0.451352180057708,3.6055634593593,0.501064301883806,0.934244859631271,-0.0680167127657233
"786","HND","Honduras",2008,3.5292971,4.77e-11,12.52689359,5566.706395,8101777,0.418891907,0.592,"HND2008","5","HND",2008,-0.870142370862468,1.26109872930479,8.62455884653762,0.447676851059767,3.5830286877383,0.325296636590737,0.805066024300648,-0.216830987162066
"787","HND","Honduras",2009,3.472914039,4.85e-11,15.00591324,5313.75574,8277302,0.404526263,0.594,"HND2009","5","HND",2009,-0.905038617520804,1.24499402223189,8.57805415988884,0.440524891197393,3.64312141206096,0.389671475284273,0.855160379031322,-0.156466249821484
"788","HND","Honduras",2010,3.384231143,4.67e-11,15.69226359,5396.072279,8450933,0.394775301,0.596,"HND2010","5","HND",2010,-0.929438534170092,1.21912674408035,8.5934266121601,0.429275829840632,3.50791278233499,0.407494526048918,0.84977183796371,-0.162787391455509
"789","HND","Honduras",2011,3.455709463,4.57e-11,9.638303454,5488.433716,8622504,0.40568319,0.598,"HND2011","5","HND",2011,-0.902182744185725,1.24002777998896,8.61039819616641,0.438342561348342,3.43279687693167,0.250286128280833,0.722159024047624,-0.325509909428256
"790","HND","Honduras",2012,3.39382427,4.47e-11,8.630612674,5600.607761,8792367,0.411543131,0.597,"HND2012","5","HND",2012,-0.887841450262851,1.22195738880687,8.63063039958442,0.430492678625387,3.35768097152835,0.224118553765857,0.686795862575875,-0.375718174182153
"791","HND","Honduras",2013,3.365719104,4.53e-11,9.491693649,5644.133848,8960657,0.369184375,0.601,"HND2013","5","HND",2013,-0.996459098484112,1.213641641306,8.63837202778718,0.426927653676541,3.40275051477034,0.246478985183857,0.710103136167909,-0.342345057287986
"792","HND","Honduras",2014,3.41569619,4.48e-11,9.628689816,5705.162463,9127846,0.378209978,0.604,"HND2014","5","HND",2014,-0.972305740239593,1.22838133461753,8.64912673919132,0.433267041903625,3.36519256206868,0.250036482661643,0.71436963327702,-0.336354756934394
"793","HND","Honduras",2015,3.459685309,4.39e-11,10.34922855,5812.534888,9294505,0.390619308,0.61,"HND2015","5","HND",2015,-0.940021830117637,1.24117763377726,8.66777205211416,0.438846881094498,3.29758824720569,0.268747332643689,0.729935582780479,-0.31479899149979
"794","HND","Honduras",2016,3.457443314,4.32e-11,16.60416967,5926.490255,9460798,0.400272518,0.616,"HND2016","5","HND",2016,-0.915609668850237,1.24052938933922,8.68718745420875,0.438562493231064,3.24500711342337,0.431174776749495,0.849767588734768,-0.162792391903131
"795","HND","Honduras",2017,3.340289115,4.18e-11,7.464401814,6099.607349,9626842,0.385613889,0.618,"HND2017","5","HND",2017,-0.952918697703551,1.20605736461963,8.71597967907324,0.423701963949823,3.13984484585872,0.1938345517834,0.636502264616384,-0.451767303070528
"796","HND","Honduras",2018,3.335559862,4.22e-11,10.05522521,6219.279738,9792850,0.369629204,0.619,"HND2018","5","HND",2018,-0.995254927184625,1.20464053994088,8.73540938127895,0.423102077618093,3.16989120802005,0.261112694657717,0.704864817748575,-0.349749242430204
"797","HND","Honduras",2019,3.219088871,4.16e-11,6.132919845,6264.018843,9958829,0.391941398,0.632,"HND2019","5","HND",2019,-0.93664294526511,1.16909836019901,8.74257724580788,0.40832821046741,3.12482166477806,0.159258812548042,0.587912505986272,-0.531177141498305
"798","HND","Honduras",2020,2.985243935,4.16e-11,8.054124289,5603.263984,10121763,0.371162444,0.625,"HND2020","5","HND",2020,-0.991115457757549,1.09368146377365,8.63110456121537,0.378665940157338,3.12482166477806,0.209148383282105,0.627834722480056,-0.465478327916315
"799","HRV","Croatia",2000,7.922582683,6.33e-12,6.598350409,21302.53694,4468302,0.731424153,0.769,"HRV2000","1","HRV",2000,-0.312761750842455,2.06971724900686,9.96658144976938,1.00494709492892,0.475483681203008,0.171345048928033,0.434226967621547,-0.834187914711324
"800","HRV","Croatia",2001,8.666724295,6.87e-12,8.074221947,22826.93156,4299642,0.731933296,0.785,"HRV2001","1","HRV",2001,-0.312065894856083,2.15949089875434,10.0356963266363,1.099338404066,0.5160462701208,0.209670276479631,0.491796730308602,-0.709689797638978
"801","HRV","Croatia",2002,9.479698103,7.66e-12,11.16254625,24137.43919,4302174,0.766618431,0.792,"HRV2002","1","HRV",2002,-0.265766083799262,2.24915247008474,10.0915194074172,1.20246079474247,0.575387835389422,0.2898674539562,0.585342896719082,-0.535557455230314
"802","HRV","Croatia",2003,10.42452232,7.61e-12,10.13859137,25474.24822,4303399,0.778150678,0.798,"HRV2003","1","HRV",2003,-0.25083510003419,2.34416094601157,10.145423347155,1.32230786861776,0.571632040119256,0.263277535546534,0.583831670234113,-0.538142573602353
"803","HRV","Croatia",2004,10.47001322,8.2e-12,12.97552688,26529.24406,4304600,0.75408572,0.807,"HRV2004","1","HRV",2004,-0.282249230433406,2.34851528753685,10.1860029529452,1.32807820256439,0.615950424307214,0.3369466836875,0.650793986464148,-0.429562143900983
"804","HRV","Croatia",2005,10.71957461,8.75e-12,18.24517295,27641.57807,4310145,0.748299778,0.814,"HRV2005","1","HRV",2005,-0.289951608568326,2.37207147295232,10.2270763699566,1.35973404055584,0.657264172279039,0.473788122491052,0.750918319441262,-0.286458395528184
"805","HRV","Croatia",2006,10.8492869,9.31e-12,23.54510603,29039.34367,4311159,0.703747094,0.819,"HRV2006","1","HRV",2006,-0.351336228844045,2.38409935432428,10.276406867788,1.37618751213548,0.699329079304898,0.611416050172681,0.837976832142945,-0.176764825489693
"806","HRV","Croatia",2007,11.12727583,8.81e-12,22.76791362,30512.17408,4310217,0.706412733,0.825,"HRV2007","1","HRV",2007,-0.347555604656651,2.40939937611969,10.3258810331202,1.41144926689449,0.661771126603238,0.591234025384136,0.820434980627101,-0.197920615190834
"807","HRV","Croatia",2008,11.15785808,9.37e-12,27.85668366,31116.52997,4309705,0.71205169,0.827,"HRV2008","1","HRV",2008,-0.339604771890685,2.41214401021716,10.3454944672552,1.41532849978149,0.703836033629097,0.723378500509011,0.896529907915662,-0.109223625739741
"808","HRV","Croatia",2009,10.00913979,8.42e-12,18.06277697,29026.73331,4305181,0.672511697,0.826,"HRV2009","1","HRV",2009,-0.396735774348854,2.30349865456957,10.2759725226125,1.26961829963372,0.632475923495944,0.469051688961431,0.722180834008836,-0.325479708833719
"809","HRV","Croatia",2010,9.499060526,7.88e-12,14.42736509,28704.52721,4295427,0.646541119,0.831,"HRV2010","1","HRV",2010,-0.436118480317912,2.25119290171636,10.2648101318164,1.20491683862654,0.591913334578152,0.374647817108472,0.644089374473346,-0.439917782268754
"810","HRV","Croatia",2011,9.418373465,8.83e-12,15.65472433,28775.64882,4280622,0.652785957,0.836,"HRV2011","1","HRV",2011,-0.426505987512155,2.24266240542037,10.2672847813811,1.19468201612045,0.663273444711305,0.406519711747961,0.685502192796674,-0.377603581156767
"811","HRV","Croatia",2012,9.027328699,7.95e-12,13.2990211,28260.83662,4267558,0.65602237,0.839,"HRV2012","1","HRV",2012,-0.421560390009705,2.20025649852558,10.2492322601881,1.14507959260494,0.597171447956384,0.345347136758048,0.618106802454258,-0.481094016950746
"812","HRV","Croatia",2013,8.763235851,7.07e-12,9.36055034,28401.68535,4255689,0.623712838,0.846,"HRV2013","1","HRV",2013,-0.472065212047983,2.1705652261244,10.2542037656984,1.11158049881086,0.531069451201464,0.243073473911442,0.523532044198933,-0.64715703908561
"813","HRV","Croatia",2014,8.317651077,7.81e-12,11.37283096,28460.72957,4238389,0.620334744,0.848,"HRV2014","1","HRV",2014,-0.47749603696437,2.11837989249666,10.2562805062415,1.05505989914117,0.58665522119992,0.295328098161246,0.567529283374872,-0.56646293029728
"814","HRV","Croatia",2015,8.478414071,7.1e-12,13.33467791,29471.75209,4203604,0.658348382,0.852,"HRV2015","1","HRV",2015,-0.418021031842104,2.13752341238416,10.2911875273068,1.07545202507494,0.533322928363563,0.346273067858302,0.583445109381895,-0.538804903005455
"815","HRV","Croatia",2016,8.734551654,7.31e-12,16.88539184,30824.85989,4174349,0.678647876,0.856,"HRV2016","1","HRV",2016,-0.387652877985933,2.1672866147358,10.3360767826856,1.10794202615631,0.54909726849826,0.438477515084302,0.643731185697381,-0.440474053532438
"816","HRV","Croatia",2017,9.000592335,6.36e-12,13.60746324,32351.87222,4124531,0.69616127,0.862,"HRV2017","1","HRV",2017,-0.362173935718165,2.19729039017051,10.3844271721339,1.14168819457151,0.477737158365107,0.353356719501286,0.577630294479089,-0.548821243888527
"817","HRV","Croatia",2018,9.250748793,7.27e-12,16.86541606,33730.87456,4087843,0.651436329,0.867,"HRV2018","1","HRV",2018,-0.428575617047293,2.22470449884261,10.4261688559733,1.17341951449629,0.546092632282127,0.437958786797789,0.654712987231583,-0.423558326811751
"818","HRV","Croatia",2019,9.226148898,6.78e-12,14.76545981,35123.48766,4065253,0.638180256,0.872,"HRV2019","1","HRV",2019,-0.449134502626895,2.22204172396052,10.4666253497661,1.17029911878634,0.509285838634501,0.383427413939476,0.611383733314181,-0.492030475515287
"819","HRV","Croatia",2020,9.275507322,6.47e-12,12.80022578,32493.62543,4047680,0.586096168,0.867,"HRV2020","1","HRV",2020,-0.534271393654552,2.22737730478739,10.3887992084644,1.17656003227803,0.485999907959472,0.33239448901841,0.574956115495062,-0.553461561975527
"820","HUN","Hungary",2000,8.385468449,3.7e-12,8.431800957,22117.92043,10210971,0.72863549,0.781,"HUN2000","1","HUN",2000,-0.316581685739445,2.12650026121613,10.0041434381065,1.06366225442152,0.277928849992279,0.218955838652946,0.401511482320675,-0.912519147447154
"821","HUN","Hungary",2001,8.503932992,3.51e-12,8.205085469,23069.21147,10187576,0.748732865,0.791,"HUN2001","1","HUN",2001,-0.289373014622352,2.14052876142253,10.0462541706964,1.07868899546083,0.263656827965649,0.213068522282006,0.392781949753125,-0.934500656324682
"822","HUN","Hungary",2002,9.107985454,3.7e-12,9.6131981,24229.29536,10158608,0.792221487,0.8,"HUN2002","1","HUN",2002,-0.232914270960936,2.20915155114269,10.0953177320835,1.15531057091931,0.277928849992279,0.249634195927617,0.431166970810028,-0.841259860628136
"823","HUN","Hungary",2003,9.657159179,3.76e-12,8.972590233,25255.87113,10129552,0.755161941,0.807,"HUN2003","1","HUN",2003,-0.280823061342373,2.26769952412531,10.1368139276749,1.22497100384029,0.282435804316479,0.232998979621874,0.431982870861133,-0.839369342308555
"824","HUN","Hungary",2004,9.901973392,3.83e-12,11.2188739,26568.11886,10107146,0.729567051,0.811,"HUN2004","1","HUN",2004,-0.315304001603617,2.29273406980171,10.1874672368496,1.25602468191418,0.287693917694711,0.291330162564716,0.472176934626818,-0.750401502142103
"825","HUN","Hungary",2005,10.06411448,3.66e-12,10.30054502,27765.78861,10087065,0.748511553,0.816,"HUN2005","1","HUN",2005,-0.289668640371831,2.30897607509212,10.2315599162977,1.27659161341543,0.274924213776147,0.267483125483903,0.454485943735074,-0.788588292718373
"826","HUN","Hungary",2006,9.949057131,3.73e-12,11.48938135,28903.04754,10071370,0.729805887,0.823,"HUN2006","1","HUN",2006,-0.314976688418737,2.2974777859769,10.271702319752,1.26199706095012,0.280182327154379,0.298354662535562,0.472509600456129,-0.749697213829087
"827","HUN","Hungary",2007,9.718028991,3.91e-12,12.65481798,29044.0669,10055780,0.717253804,0.826,"HUN2007","1","HUN",2007,-0.332325520544626,2.27398281920626,10.2765695038992,1.23269208965105,0.293703190126976,0.328618559420683,0.491833893137029,-0.709614235069942
"828","HUN","Hungary",2008,9.514476946,3.78e-12,12.348506,29384.00704,10038188,0.704306185,0.833,"HUN2008","1","HUN",2008,-0.350542095500199,2.25281452771847,10.2882058270856,1.20687234822651,0.283938122424545,0.320664292377096,0.478973936259547,-0.73610909587097
"829","HUN","Hungary",2009,8.642485582,3.42e-12,10.45233344,27445.95946,10022650,0.690875411,0.834,"HUN2009","1","HUN",2009,-0.369795773931112,2.15669022454497,10.2199742397462,1.09626382281027,0.25689639647935,0.271424746137473,0.424398830420987,-0.857081628087324
"830","HUN","Hungary",2010,8.715875836,3.77e-12,10.48917418,27801.83382,10000023,0.678663731,0.838,"HUN2010","1","HUN",2010,-0.387629515627696,2.16514617145543,10.2328572622514,1.10557307529831,0.283186963370512,0.272381421367881,0.440162186732554,-0.82061201377806
"831","HUN","Hungary",2011,8.520405615,3.56e-12,8.197432981,28415.11734,9971727,0.671498537,0.841,"HUN2011","1","HUN",2011,-0.398243441725611,2.14246394710239,10.2546765832318,1.08077848007615,0.267412623235815,0.212869803534212,0.394770068890649,-0.929451787643675
"832","HUN","Hungary",2012,8.041602621,3.19e-12,6.931354617,28179.65646,9920362,0.642587662,0.841,"HUN2012","1","HUN",2012,-0.442252032609198,2.08462839429725,10.2463555944628,1.02004428554435,0.239619738236587,0.179992456048936,0.353019454802577,-1.04123211081232
"833","HUN","Hungary",2013,7.967878308,3.07e-12,6.68508431,28891.02175,9893082,0.621864617,0.85,"HUN2013","1","HUN",2013,-0.475032867490071,2.07541824757531,10.2712861597439,1.01069265904331,0.230605829588189,0.173597342848388,0.343302913251868,-1.069142092531
"834","HUN","Hungary",2014,8.050467555,4.6e-12,7.614810668,30264.94923,9866468,0.619990587,0.848,"HUN2014","1","HUN",2014,-0.478050983316316,2.08573017111027,10.3177455308091,1.02116876603594,0.345533164855266,0.197740348058282,0.411681026442571,-0.887506437149803
"835","HUN","Hungary",2015,8.116519648,3.56e-12,7.050314725,31485.56754,9843028,0.618526518,0.847,"HUN2015","1","HUN",2015,-0.480415213371841,2.09390144751369,10.3572845464869,1.02954720292076,0.267412623235815,0.183081595646303,0.369394948445345,-0.99588888633664
"836","HUN","Hungary",2016,8.256236873,3.31e-12,6.993119636,32378.9675,9814023,0.603542387,0.851,"HUN2016","1","HUN",2016,-0.504939005616816,2.11096889934022,10.385264339756,1.04726975943968,0.248633646884985,0.181596361502057,0.361611196225717,-1.01718568792986
"837","HUN","Hungary",2017,8.547226066,3.41e-12,8.206185159,33828.71494,9787966,0.616821885,0.853,"HUN2017","1","HUN",2017,-0.483174975844962,2.14560679358254,10.4290652752419,1.08418054420038,0.256145237425317,0.213097078879515,0.389692275359018,-0.942397888853388
"838","HUN","Hungary",2018,8.798587291,3.73e-12,9.482326775,35798.04128,9775564,0.617260873,0.857,"HUN2018","1","HUN",2018,-0.482463535683157,2.17459117348338,10.4856484580428,1.11606468387412,0.280182327154379,0.246235747498019,0.425428978282065,-0.854657258455989
"839","HUN","Hungary",2019,9.181813775,3.65e-12,9.856696104,37662.67681,9771141,0.640685499,0.861,"HUN2019","1","HUN",2019,-0.445216583650886,2.21722476409228,10.5364248780176,1.16467539040825,0.274173054722113,0.255957318348085,0.43397602780478,-0.834765981880125
"840","HUN","Hungary",2020,8.924143391,3.37e-12,8.213138073,36119.52117,9750149,0.619671404,0.857,"HUN2020","1","HUN",2020,-0.478565934987611,2.18876034446002,10.4945887507985,1.13199095981143,0.253140601209184,0.213277631186634,0.393897621234042,-0.931664248033307
"841","IDN","Indonesia",2000,3.437688321,2.62e-11,4.790676797,6056.381978,214072421,0.421244442,0.6,"IDN2000","6","IDN",2000,-0.86454199146789,1.23479924578299,8.70886786743466,0.436056653453804,1.96803672156695,0.124403631104636,0.474390944828628,-0.74572351911016
"842","IDN","Indonesia",2001,3.528996086,2.59e-11,4.873197281,6190.51954,217112437,0.414919347,0.608,"IDN2001","6","IDN",2001,-0.879671122217107,1.26101343559646,8.73077429430516,0.447638668669385,1.94550194994596,0.12654651159629,0.479442446954161,-0.735131419069658
"843","IDN","Indonesia",2002,3.603434193,2.55e-11,5.295305332,6381.949552,220115092,0.406043321,0.617,"IDN2002","6","IDN",2002,-0.901295423102211,1.28188733324808,8.76122890207489,0.457080837009537,1.91545558778463,0.137507754962944,0.493776894678747,-0.705671494014817
"844","IDN","Indonesia",2003,4.052941634,2.79e-11,29.22908451,6599.091936,223080121,0.385597348,0.625,"IDN2003","6","IDN",2003,-0.952961593862758,1.39944294685163,8.79468733309422,0.514099010887506,2.09573376075259,0.759016815575058,0.935143138920881,-0.0670556716555381
"845","IDN","Indonesia",2004,3.980629909,2.7e-11,16.29483822,6843.54655,225938595,0.395837635,0.624,"IDN2004","6","IDN",2004,-0.926751164432079,1.38144007536616,8.83106137770315,0.504926565376274,2.02812944588961,0.423142100527429,0.756722608565714,-0.278758527882463
"846","IDN","Indonesia",2005,3.968098473,2.58e-11,10.76807178,7140.854564,228805144,0.40614143,0.638,"IDN2005","6","IDN",2005,-0.901053830286398,1.37828700589897,8.87358773500647,0.503337004155221,1.93799035940562,0.279623795591101,0.648527205874542,-0.433051324101679
"847","IDN","Indonesia",2006,3.9358325,2.56e-11,6.685917998,7434.487854,231797427,0.413797528,0.646,"IDN2006","6","IDN",2006,-0.882378487588973,1.37012242239017,8.91388497340133,0.499244197916545,1.92296717832496,0.173618991942828,0.550335307051822,-0.597227537331059
"848","IDN","Indonesia",2007,4.052908413,2.58e-11,7.692146784,7802.464069,234858289,0.407045096,0.649,"IDN2007","6","IDN",2007,-0.898831298694717,1.39943475005554,8.96219486907185,0.514094796940013,1.93799035940562,0.199748601600236,0.583838669242082,-0.538130585616133
"849","IDN","Indonesia",2008,4.157153242,2.64e-11,7.622281974,8165.061551,237936543,0.423821539,0.653,"IDN2008","6","IDN",2008,-0.858442810937757,1.42483052319461,9.00761954377174,0.527317825623538,1.98305990264762,0.197934361897011,0.591529616653144,-0.525043526397661
"850","IDN","Indonesia",2009,4.141298987,2.69e-11,7.696282316,8435.455747,240981299,0.403382778,0.663,"IDN2009","6","IDN",2009,-0.907869346490365,1.42100950359913,9.04019902398876,0.525306778450916,2.02061785534927,0.199855992522051,0.596400669078638,-0.516842574229946
"851","IDN","Indonesia",2010,4.306536332,2.7e-11,9.570064189,8848.224737,244016173,0.401214957,0.67,"IDN2010","6","IDN",2010,-0.913257942931237,1.46013394576091,9.0879721231909,0.546266457443959,2.02812944588961,0.248514100504877,0.650554591936566,-0.429930061512384
"852","IDN","Indonesia",2011,4.486378594,2.65e-11,10.91829864,9274.969552,247099697,0.450961053,0.678,"IDN2011","6","IDN",2011,-0.796374300192917,1.50104582709785,9.13507460466701,0.569078710212258,1.99057149318795,0.283524865871014,0.68482628985681,-0.378590064329573
"853","IDN","Indonesia",2012,4.560305224,2.59e-11,10.69253659,9708.611825,250222695,0.469850689,0.686,"IDN2012","6","IDN",2012,-0.755340317728683,1.51738955637396,9.18076858762537,0.578455999794328,1.94550194994596,0.277662308245917,0.678588210344441,-0.387740800280658
"854","IDN","Indonesia",2013,4.392873493,2.58e-11,11.95462309,10121.81415,253275918,0.469226599,0.69,"IDN2013","6","IDN",2013,-0.756669473698813,1.47998356717403,9.22244819060961,0.55721797194409,1.93799035940562,0.31043599556009,0.694677021304427,-0.364308258979596
"855","IDN","Indonesia",2014,4.45231025,2.54e-11,11.46802128,10504.38694,256229761,0.46040979,0.693,"IDN2014","6","IDN",2014,-0.77563833824233,1.49342311876599,9.25954825269943,0.564757280610103,1.9079439972443,0.297799987198183,0.68462178112527,-0.378888737550404
"856","IDN","Indonesia",2015,4.358822562,2.48e-11,11.92543643,10893.66211,259091970,0.439107716,0.701,"IDN2015","6","IDN",2015,-0.823010529261865,1.47220196630248,9.29593644130693,0.552898751109512,1.86287445400231,0.309678080418311,0.683250388756674,-0.380893885192527
"857","IDN","Indonesia",2016,4.261930972,2.5e-11,9.026505166,11319.66343,261850182,0.435912907,0.705,"IDN2016","6","IDN",2016,-0.830312810173863,1.44972233739323,9.334296618983,0.54060845061161,1.87789763508297,0.234399035129723,0.619683864865014,-0.478545826362864
"858","IDN","Indonesia",2017,4.359015187,2.53e-11,9.824198386,11772.57433,264498852,0.435884595,0.712,"IDN2017","6","IDN",2017,-0.830377761036753,1.47224615730616,9.37352789596484,0.552923184800129,1.90043240670396,0.255113422111056,0.644787850484447,-0.438833930268032
"859","IDN","Indonesia",2018,4.569971473,2.48e-11,9.984825234,12262.23103,267066843,0.454311162,0.715,"IDN2018","6","IDN",2018,-0.788972936850988,1.51950696265468,9.41427916928036,0.579682123804653,1.86287445400231,0.259284557837975,0.654209303283028,-0.424327943124447
"860","IDN","Indonesia",2019,4.622833447,2.51e-11,9.639103036,12757.78509,269582878,0.455337793,0.714,"IDN2019","6","IDN",2019,-0.786715733277578,1.53100781731838,9.45389695954323,0.586387448233453,1.8854092256233,0.250306891715391,0.651659954170613,-0.428232395789285
"861","IDN","Indonesia",2020,4.391213394,2.56e-11,10.96472529,12388.54493,271857970,0.43305847,0.71,"IDN2020","6","IDN",2020,-0.836882525453972,1.47960558844018,9.42452752866292,0.557007395199852,1.92296717832496,0.284730466683751,0.673114466188939,-0.395839880309715
"862","IND","India",2000,2.3998651,5.59e-12,70.88937269,3099.502822,1059633675,0.303624302,0.501,"IND2000","7","IND",2000,-1.19196419055087,0.875412527440819,8.03899699761099,0.304413037637503,0.419897911204552,1.84084540516036,0.617364178885452,-0.482296187895203
"863","IND","India",2001,2.432191072,5.62e-12,69.2965917,3188.81024,1078970907,0.301857293,0.511,"IND2001","7","IND",2001,-1.19780091302445,0.888792526807264,8.06740316069271,0.308513454503062,0.422151388366651,1.79948428916219,0.616543130606402,-0.483626998392736
"864","IND","India",2002,2.363269866,5.4e-12,64.53613669,3250.695655,1098313039,0.303173929,0.516,"IND2002","7","IND",2002,-1.1934486150587,0.860046196508272,8.08662430011115,0.299771082410522,0.405625889177921,1.67586545323381,0.588461674899024,-0.530243477768569
"865","IND","India",2003,2.345511914,5.49e-12,68.01906708,3445.925924,1117415123,0.308027089,0.529,"IND2003","7","IND",2003,-1.17756754857735,0.852503678287438,8.14494792062932,0.297518559087215,0.41238632066422,1.76630970688749,0.600659554275372,-0.509726970381081
"866","IND","India",2004,2.382712205,5.37e-12,62.70710713,3656.126207,1136264583,0.31988734,0.538,"IND2004","7","IND",2004,-1.13978640767692,0.868239420785549,8.20415945249244,0.302237263311177,0.403372412015822,1.62836946711256,0.583358750695707,-0.538952929060734
"867","IND","India",2005,2.39329579,5.32e-12,63.06562265,3881.96618,1154638713,0.34455958,0.547,"IND2005","7","IND",2005,-1.06548825718293,0.87267140763946,8.26409705168688,0.303579747627876,0.399616616745656,1.63767934844776,0.583510133020124,-0.538693461476366
"868","IND","India",2006,2.472963152,5.3e-12,65.41287788,4129.77837,1172373788,0.364901245,0.557,"IND2006","7","IND",2006,-1.00812852365189,0.905417088306961,8.32597902107689,0.31368522550119,0.398114298637589,1.69863254694451,0.596394679467678,-0.516852617211699
"869","IND","India",2007,2.579113652,5.4e-12,70.00085145,4379.696044,1189691809,0.378738314,0.566,"IND2007","7","IND",2007,-0.970909776759969,0.947445794171736,8.38473460461542,0.327149980729198,0.405625889177921,1.8177724087439,0.622497135709648,-0.474016251923501
"870","IND","India",2008,2.590312901,5.27e-12,68.77159511,4450.390229,1206734806,0.368916035,0.574,"IND2008","7","IND",2008,-0.997186208259928,0.951778679611273,8.40074706322569,0.328570559497292,0.39586082147549,1.78585125047454,0.614712649883263,-0.486600356326528
"871","IND","India",2009,2.711265085,5.11e-12,67.93406449,4731.361605,1223640160,0.35907039,0.579,"IND2009","7","IND",2009,-1.02423683729015,0.99741534699778,8.46196830581111,0.343912847586872,0.383842276610959,1.76410237141124,0.615235891701044,-0.485749520975851
"872","IND","India",2010,2.783800224,5.31e-12,72.82096545,5059.282711,1240613620,0.37768051,0.59,"IND2010","7","IND",2010,-0.973706652395515,1.02381698127671,8.52897999551371,0.353113632246997,0.398865457691623,1.89100473824455,0.643395239006845,-0.440996063945272
"873","IND","India",2011,2.805789358,5.34e-12,70.12034748,5249.549257,1257621191,0.383681357,0.603,"IND2011","7","IND",2011,-0.957942870347741,1.03168491043769,8.56589749609032,0.355902863640027,0.401118934853722,1.82087546508949,0.638207097953106,-0.449092443367961
"874","IND","India",2012,2.882592834,5.15e-12,69.11653945,5460.437686,1274487215,0.399032503,0.609,"IND2012","7","IND",2012,-0.918712404257171,1.05869017871359,8.60528422779719,0.365645069329122,0.386846912827092,1.79480871728838,0.633197233907874,-0.456973319418376
"875","IND","India",2013,2.815568202,5.05e-12,66.10882479,5732.241891,1291132063,0.380413502,0.615,"IND2013","7","IND",2013,-0.966496454724192,1.03516408918047,8.65386198816234,0.357143269863954,0.37933532228676,1.71670479984921,0.614969804556651,-0.486182110662848
"876","IND","India",2014,2.93501978,5.21e-12,65.28700836,6079.843935,1307246509,0.386150748,0.625,"IND2014","7","IND",2014,-0.951527446897654,1.07671419260999,8.71273430604524,0.372295212241704,0.391353867151291,1.69536398469394,0.62744165077556,-0.466104599111596
"877","IND","India",2015,3.002559852,5.12e-12,68.94041468,6488.146029,1322866505,0.394175768,0.633,"IND2015","7","IND",2015,-0.930958357487305,1.09946520882828,8.77773210309436,0.380862393155237,0.384593435664992,1.79023513367089,0.640068829911485,-0.44617956167446
"878","IND","India",2016,3.024908913,5.17e-12,68.08779575,6940.625889,1338636340,0.40230158,0.644,"IND2016","7","IND",2016,-0.910553272616757,1.10688097962449,8.84514723516923,0.38369727981089,0.388349230935158,1.76809444346466,0.641070131724574,-0.444616418179559
"879","IND","India",2017,3.135973948,5.21e-12,66.45881177,7326.606937,1354195680,0.404823124,0.649,"IND2017","7","IND",2017,-0.904305038134495,1.1429397950557,8.89926778689049,0.397785423631834,0.391353867151291,1.7257932132397,0.645261495619169,-0.438099624782067
"880","IND","India",2018,3.195310015,5.05e-12,65.52060319,7714.339747,1369003306,0.422248274,0.648,"IND2018","7","IND",2018,-0.862161810928396,1.16168411442117,8.95083618070731,0.405311960184631,0.37933532228676,1.7014299428645,0.639551602961256,-0.446987968550608
"881","IND","India",2019,3.176884818,5.05e-12,66.36118362,7930.09113,1383112050,0.404496759,0.651,"IND2019","7","IND",2019,-0.905111554876629,1.15590109967265,8.97841980636614,0.402974799571796,0.37933532228676,1.72325801897119,0.641038076871768,-0.444666421529664
"882","IND","India",2020,3.013220964,5.17e-12,69.68057309,7399.530681,1396387127,0.375218123,0.652,"IND2020","7","IND",2020,-0.980247760777777,1.10300959433269,8.90917185569455,0.382214711453676,0.388349230935158,1.80945546468013,0.645197360942889,-0.438199023032553
"883","IRL","Ireland",2000,17.35689581,7.93e-12,18.4929784,53744.5427,3805174,1.25492084,0.869,"IRL2000","1","IRL",2000,0.227072494897181,2.85398988045527,10.8919974096725,2.20165099174939,0.595669129848318,0.480223100072262,0.857167189093085,-0.154122292954904
"884","IRL","Ireland",2001,17.227747,7.6e-12,19.07505216,55702.17167,3866243,1.307038069,0.876,"IRL2001","1","IRL",2001,0.267763561226318,2.84652128168817,10.9277744138447,2.18526899529494,0.570880881065223,0.495338310799914,0.851760391095492,-0.160450022814283
"885","IRL","Ireland",2002,17.30208828,7.77e-12,21.65499163,58002.53581,3931947,1.394809842,0.883,"IRL2002","1","IRL",2002,0.33275809200324,2.85082720404548,10.9682420094349,2.19469888152757,0.583650584983787,0.562333821392312,0.896411372006479,-0.10935585082785
"886","IRL","Ireland",2003,17.79785683,7.85e-12,20.9289166,58785.21412,3996521,1.428266406,0.891,"IRL2003","1","IRL",2003,0.356461405340989,2.87907804724005,10.981645641721,2.25758508720248,0.589659857416052,0.543479205643036,0.897724079249883,-0.107892519308782
"887","IRL","Ireland",2004,18.31780234,8.45e-12,25.61962641,61638.32896,4070262,1.395969033,0.899,"IRL2004","1","IRL",2004,0.333588821429385,2.90787339244327,11.0290391793975,2.32353804101854,0.634729400658044,0.665286907884097,0.993685897967623,-0.00633412028395788
"888","IRL","Ireland",2005,18.85403622,8.57e-12,27.30030162,63771.59551,4159914,1.419497609,0.905,"IRL2005","1","IRL",2005,0.350303012533556,2.93672701404987,11.0630631587548,2.39155710771314,0.643743309306442,0.708930448805596,1.02959329258367,0.0291638626939351
"889","IRL","Ireland",2006,19.65743092,9.42e-12,32.35970638,65171.50361,4273591,1.277559638,0.908,"IRL2006","1","IRL",2006,0.244951725372037,2.97845543069702,11.0847775911793,2.49346442785746,0.707591828899263,0.840312370409288,1.14027319254022,0.131267876275849
"890","IRL","Ireland",2007,19.61552025,8.91e-12,31.72893914,66676.46326,4398942,1.238426208,0.911,"IRL2007","1","IRL",2007,0.213841386420095,2.97632110237887,11.1076072949661,2.4881482313912,0.66928271714357,0.823932694141628,1.11120076616908,0.105441201954774
"891","IRL","Ireland",2008,18.79462455,8.86e-12,40.98126822,62401.4052,4489544,1.162572503,0.907,"IRL2008","1","IRL",2008,0.150635224706604,2.93357090075916,11.0413430733347,2.38402098123011,0.665526921873404,1.06419589337223,1.19078245387452,0.174610615313374
"892","IRL","Ireland",2009,16.61320106,7.93e-12,28.51083167,58623.11831,4535375,1.204187632,0.907,"IRL2009","1","IRL",2009,0.185805175276317,2.81019762390138,10.9788844081759,2.10731636522286,0.595669129848318,0.740365325371592,0.975873746906074,-0.0244220586146735
"893","IRL","Ireland",2010,16.02581255,6.67e-12,26.45036616,59285.80833,4560155,1.103082538,0.915,"IRL2010","1","IRL",2010,0.0981085679340814,2.77420070666948,10.9901252364454,2.03280854367803,0.501023089040136,0.686859442576414,0.887715964524986,-0.119103446925174
"894","IRL","Ireland",2011,14.9162169,6.8e-12,46.08836602,60001.07784,4580084,1.113561869,0.909,"IRL2011","1","IRL",2011,0.107563768812062,2.70244900364287,11.0021178050429,1.89206088983454,0.510788156742568,1.19681630122866,1.04970631002772,0.0485104203092588
"895","IRL","Ireland",2012,14.09458604,6.02e-12,45.63313687,59508.99655,4599533,1.090479493,0.911,"IRL2012","1","IRL",2012,0.0866175013474688,2.6457907548549,10.9938827826248,1.78784038764493,0.452197750527979,1.18499497375356,0.98580545398863,-0.0142962521753119
"896","IRL","Ireland",2013,13.82644842,5.55e-12,31.09396936,60494.16275,4623816,1.009852648,0.915,"IRL2013","1","IRL",2013,0.00980442714043218,2.6265833100942,11.010302155893,1.75382823112452,0.416893274988419,0.807443886897696,0.838895952404195,-0.175668594026264
"897","IRL","Ireland",2014,14.14588911,6.39e-12,51.54089307,65660.18276,4657740,1.031276107,0.921,"IRL2014","1","IRL",2014,0.0307969742251002,2.64942405961799,11.0922479744815,1.79434797149989,0.479990635527207,1.33840676797462,1.04851790771138,0.047377650576296
"898","IRL","Ireland",2015,14.82279141,6.41e-12,40.3757003,81053.35278,4701957,1.198117256,0.931,"IRL2015","1","IRL",2015,0.180751371364437,2.69616595638252,11.3028628931188,1.88021024989496,0.481492953635273,1.04847058955385,0.982767685918255,-0.0173825184867147
"899","IRL","Ireland",2016,17.15638921,7.64e-12,45.28309172,80997.58278,4755335,1.086259961,0.936,"IRL2016","1","IRL",2016,0.0827405676359723,2.84237065292096,11.3021745909871,2.17621755252301,0.573885517281355,1.17590504981258,1.13666706478706,0.1281003528798
"900","IRL","Ireland",2017,16.43181709,7.91e-12,46.55462268,87942.44526,4807388,1.032489538,0.941,"IRL2017","1","IRL",2017,0.0319729131140635,2.79921952179513,11.3844378483523,2.08430855312273,0.594166811740251,1.20892398955509,1.14399238103418,0.13452423300027
"901","IRL","Ireland",2018,16.29798739,8.11e-12,60.30573506,93214.33538,4867316,1.020460248,0.944,"IRL2018","1","IRL",2018,0.0202537490548678,2.79104162718316,11.4426568019358,2.06733280498459,0.609189992820915,1.56601097001496,1.25406289704205,0.226388598083725
"902","IRL","Ireland",2019,20.26495783,1.02e-11,67.65564607,96369.64458,4934340,0.944025517,0.947,"IRL2019","1","IRL",2019,-0.0576020824816207,3.0088931791504,11.4759465407613,2.5705267227838,0.766182235113851,1.75687244046785,1.5125096138646,0.413770267176776
"903","IRL","Ireland",2020,18.28462269,8.35e-12,39.62169386,101970.8126,4985382,0.970002532,0.948,"IRL2020","1","IRL",2020,-0.0304565971788371,2.90606041644176,11.532441900337,2.31932933860262,0.627217810117712,1.02889065482082,1.14388757334931,0.134432613083986
"904","IRQ","Iraq",2000,3.037690588,3.65e-12,107.723016,12702.1642,24628858,0.876129985,0.592,"IRQ2000","3","IRQ",2000,-0.13224081435047,1.11109755171886,9.44952766737746,0.385318582821982,0.274173054722113,2.79733634970632,0.666085231618574,-0.406337641226637
"905","IRQ","Iraq",2001,4.212220655,4.42e-12,124.5361911,12529.60841,25425663,0.799071312,0.598,"IRQ2001","3","IRQ",2001,-0.224305085634091,1.43798998012654,9.43584979520702,0.534302900937217,0.332012301882669,3.23393855049512,0.830917343091083,-0.185224955871573
"906","IRQ","Iraq",2002,3.427196261,3.61e-12,111.7878797,11144.05053,26255343,0.687169135,0.6,"IRQ2002","3","IRQ",2002,-0.375174823465116,1.23174251029264,9.3186610497279,0.434725778707688,0.271168418505981,2.90289216690153,0.699458257999516,-0.357449160710755
"907","IRQ","Iraq",2003,3.732535431,6.48e-12,110.0081607,6849.332008,27068823,0.385801435,0.582,"IRQ2003","3","IRQ",2003,-0.952432458973621,1.31708774295146,8.83190640942088,0.473456799151051,0.486751067013506,2.8566766705682,0.8699269513359,-0.139346034840404
"908","IRQ","Iraq",2004,4.772154738,5.96e-12,146.866352,10210.5631,27858948,0.528154969,0.604,"IRQ2004","3","IRQ",2004,-0.638365536445191,1.56279792994633,9.23117806144985,0.605328241104379,0.44769079620378,3.81380507391627,1.01105752248615,0.0109968350430782
"909","IRQ","Iraq",2005,5.455467913,7.03e-12,191.0163464,10078.44376,28698684,0.512084424,0.609,"IRQ2005","3","IRQ",2005,-0.669265776910594,1.69661839250833,9.21815414081728,0.692003712679626,0.528064814985331,4.96028600956377,1.21927253604422,0.19825439896743
"910","IRQ","Iraq",2006,4.592734956,3.94e-12,152.1769593,10568.91377,28905607,0.501589477,0.611,"IRQ2006","3","IRQ",2006,-0.689973268751109,1.52447569760414,9.26567230820986,0.582569578190001,0.295956667289076,3.95171018826348,0.879941240252103,-0.127900146180056
"911","IRQ","Iraq",2007,4.455358548,4.88e-12,189.2786157,10853.8161,28660887,0.546316445,0.618,"IRQ2007","3","IRQ",2007,-0.604556901525757,1.49410753983914,9.29227201141735,0.565143944699599,0.366565618368196,4.91516085958551,1.00604215976529,0.00602397911481439
"912","IRQ","Iraq",2008,5.058773291,4.21e-12,146.1148346,11511.93876,29218381,0.580406368,0.634,"IRQ2008","3","IRQ",2008,-0.544026786288668,1.62112402129914,9.35113992888662,0.641684628120464,0.316237961747972,3.794289774229,0.91654834541175,-0.0871404630535136
"913","IRQ","Iraq",2009,6.028419143,6.15e-12,170.9799412,11470.51781,30289040,0.561638474,0.644,"IRQ2009","3","IRQ",2009,-0.576896920782332,1.79648481102779,9.34753535382979,0.76468022451458,0.46196281823041,4.43998341625907,1.1618660892292,0.150027410161696
"914","IRQ","Iraq",2010,6.049055121,3.75e-12,149.2009061,11816.84102,31264875,0.626989841,0.65,"IRQ2010","3","IRQ",2010,-0.466824941032313,1.79990208149853,9.37728099804932,0.767297813623068,0.281684645262445,3.87442845122949,0.942565616686335,-0.0591497422569691
"915","IRQ","Iraq",2011,6.223265844,3.34e-12,158.1057165,12267.58489,32378061,0.734839439,0.656,"IRQ2011","3","IRQ",2011,-0.308103253973187,1.82829482426325,9.41471568785045,0.789395728783989,0.250887124047085,4.10566733354191,0.933366696772883,-0.0689571255834695
"916","IRQ","Iraq",2012,6.736446787,4.14e-12,158.6736801,13357.01439,33864447,0.843740106,0.664,"IRQ2012","3","IRQ",2012,-0.169910763086372,1.90753260297675,9.49979694831425,0.854490625041412,0.31097984836974,4.12041613359027,1.03068718486098,0.0302257495506769
"917","IRQ","Iraq",2013,6.468080897,3.52e-12,147.0207344,13712.93171,35481800,0.832722306,0.668,"IRQ2013","3","IRQ",2013,-0.183055058540599,1.86687944890319,9.52609458704142,0.820449513408432,0.264407987019682,3.81781405468297,0.939104095781149,-0.062828947791293
"918","IRQ","Iraq",2014,6.524636171,3.69e-12,142.1752897,13536.82277,36746488,0.695760012,0.671,"IRQ2014","3","IRQ",2014,-0.362750488453301,1.87558519242044,9.51316886383444,0.827623317783003,0.277177690938246,3.69198821826375,0.946129169989679,-0.05537617592198
"919","IRQ","Iraq",2015,6.250445967,3.49e-12,108.1737611,13516.0272,37757813,0.592396557,0.675,"IRQ2015","3","IRQ",2015,-0.523579008556767,1.83265281592268,9.51163146026187,0.792843415825145,0.262154509857582,2.80904123599248,0.835797287356843,-0.179369174538505
"920","IRQ","Iraq",2016,6.667998459,3.89e-12,144.6968929,15016.09206,38697943,0.615523815,0.676,"IRQ2016","3","IRQ",2016,-0.485281641985922,1.89731973378474,9.61687770904137,0.845808235582234,0.29220087201891,3.75746886068185,0.97562503453644,-0.0246769523131437
"921","IRQ","Iraq",2017,6.707236853,3.93e-12,160.531135,14417.63069,39621162,0.637754679,0.681,"IRQ2017","3","IRQ",2017,-0.449801585256436,1.90318707079256,9.57620709012683,0.850785464806309,0.295205508235043,4.16865026500106,1.01542221324061,0.0153044996367696
"922","IRQ","Iraq",2018,6.789792288,4.25e-12,143.4972705,14456.23571,40590700,0.739347279,0.689,"IRQ2018","3","IRQ",2018,-0.3019875374291,1.91542035023377,9.57888113747948,0.861257282885515,0.319242597964105,3.72631723245932,1.00811758309428,0.00808481274122211
"923","IRQ","Iraq",2019,7.1292953,4.7e-12,162.1972277,14910.22503,41563520,0.760426283,0.693,"IRQ2019","3","IRQ",2019,-0.27387610426242,1.96421239363699,9.60980250020022,0.90432184646036,0.353044755395598,4.21191512932393,1.10376715393845,0.0987290143223545
"924","IRQ","Iraq",2020,6.302774158,4.11e-12,151.8144176,12827.63454,42556984,0.614370346,0.68,"IRQ2020","3","IRQ",2020,-0.487157363287424,1.84098987901485,9.45935707116494,0.799481032071318,0.30872637120764,3.94229575564404,0.990931646637229,-0.00910972116091411
"925","ISL","Iceland",2000,20.61497381,1.36e-11,32.90446305,47771.21278,281205,0.92441678,0.902,"ISL2000","1","ISL",2000,-0.0785922484316475,3.02601769572391,10.7741784939621,2.61492481319874,1.02157631348514,0.854458536115751,1.3166600887297,0.275098294330948
"926","ISL","Iceland",2001,18.2251051,1.04e-11,23.47750896,49032.37289,284968,0.928387284,0.91,"ISL2001","1","ISL",2001,-0.0743063013581199,2.90280004468193,10.8002360301701,2.31177977660234,0.781205416194515,0.609660698827481,1.03260280823466,0.0320826130361788
"927","ISL","Iceland",2002,17.98509356,1.04e-11,24.75692429,48868.56677,287523,0.947263479,0.917,"ISL2002","1","ISL",2002,-0.054177999572632,2.88954327924693,10.7968896624349,2.28133529788583,0.781205416194515,0.642884378797419,1.04639521808573,0.0453511318381572
"928","ISL","Iceland",2003,20.56267973,1.11e-11,29.01051495,49571.19716,289521,0.903597176,0.925,"ISL2003","1","ISL",2003,-0.101371619669844,3.02347776915608,10.8111652416207,2.60829152379291,0.833786549976838,0.753341031533444,1.1788744245208,0.164560105722152
"929","ISL","Iceland",2004,21.43641522,1.25e-11,33.0382756,52971.83365,292074,0.910504997,0.928,"ISL2004","1","ISL",2004,-0.0937558916362341,3.06509112166333,10.8775156107036,2.71912128443345,0.938948817541485,0.857933361868512,1.29869754135459,0.261361870973258
"930","ISL","Iceland",2005,26.91874899,1.68e-11,48.82571621,55333.22738,296734,0.863004148,0.935,"ISL2005","1","ISL",2005,-0.147335781421268,3.29282303229997,10.9211288638495,3.41453282080204,1.26194721077576,1.26789943158181,1.76124225200378,0.566019385074888
"931","ISL","Iceland",2006,24.9877651,1.5e-11,49.63136091,57463.74954,303782,0.828464389,0.936,"ISL2006","1","ISL",2006,-0.188181425537785,3.21838630907489,10.9589095851902,3.16959544012011,1.12673858104978,1.28882030149375,1.66343737707345,0.508886170485826
"932","ISL","Iceland",2007,24.34207507,1.45e-11,58.15523943,60765.2036,311566,0.870930076,0.941,"ISL2007","1","ISL",2007,-0.13819358549003,3.1922063374177,11.0147725949123,3.08769231006311,1.08918062834812,1.51016719754127,1.71890939702991,0.541690018222776
"933","ISL","Iceland",2008,19.10500662,1.01e-11,38.68671181,60963.54128,317414,0.89504689,0.935,"ISL2008","1","ISL",2008,-0.110879171018193,2.94995042740495,11.0180312805368,2.42339167283978,0.758670644573519,1.00461117052948,1.22694463164592,0.204527039727663
"934","ISL","Iceland",2009,15.19720338,7.25e-12,25.47550165,56099.64905,318499,0.850931406,0.934,"ISL2009","1","ISL",2009,-0.161423757652739,2.72111142276644,10.934884835698,1.92770287150754,0.544590314174061,0.661544296091268,0.885570169393069,-0.121523582218865
"935","ISL","Iceland",2010,15.48062534,7.37e-12,27.97189757,54588.97093,318041,0.891110957,0.935,"ISL2010","1","ISL",2010,-0.115286328400455,2.73958926398649,10.9075871437097,1.96365378382206,0.553604222822459,0.726370359355915,0.924288342562032,-0.0787311969709324
"936","ISL","Iceland",2011,16.1261695,8.04e-12,31.0830009,55426.99198,319014,0.920654237,0.941,"ISL2011","1","ISL",2011,-0.0826707344962578,2.78044338718365,10.9228219739379,2.04553841086829,0.603931879442683,0.80715905944858,0.999044668689031,-0.000955787930764847
"937","ISL","Iceland",2012,15.92663613,7.56e-12,22.14332511,55719.26096,320716,0.910194814,0.946,"ISL2012","1","ISL",2012,-0.0940966210646955,2.76799293589829,10.9280811643456,2.02022842187276,0.56787624484909,0.57501479752078,0.870517955116065,-0.138666893776312
"938","ISL","Iceland",2013,16.063033,7.89e-12,25.18440707,57707.42212,323764,0.861064732,0.95,"ISL2013","1","ISL",2013,-0.149585595034348,2.77652054498428,10.9631410771526,2.0375298049884,0.592664493632185,0.653985192381839,0.924329750878382,-0.0786863977595608
"939","ISL","Iceland",2014,16.14247752,7.64e-12,21.95929687,58031.85868,327386,0.869399309,0.954,"ISL2014","1","ISL",2014,-0.139952755228773,2.78145415292033,10.9687474263116,2.04760701626867,0.573885517281355,0.570235977689701,0.875068725890534,-0.133452851834036
"940","ISL","Iceland",2015,16.27643674,7.02e-12,21.30103592,59978.33157,330815,0.896621823,0.956,"ISL2015","1","ISL",2015,-0.109121107829143,2.78971846315373,11.0017386354773,2.06459919348719,0.527313655931298,0.553142348571229,0.844462872826731,-0.169054507197767
"941","ISL","Iceland",2016,16.55733583,8.05e-12,24.72321615,62880.26272,335439,0.860910177,0.959,"ISL2016","1","ISL",2016,-0.149765104038349,2.80682925618365,11.0489876052114,2.10023009009739,0.604683038496716,0.642009050489651,0.934211633534052,-0.0680522780543379
"942","ISL","Iceland",2017,17.74525427,9.22e-12,29.28876994,63999.16047,343400,0.840205967,0.962,"ISL2017","1","ISL",2017,-0.174108218391569,2.87611811510259,11.0666252445995,2.25091266837481,0.692568647818599,0.760566718549246,1.05840755213809,0.0567654692221873
"943","ISL","Iceland",2018,17.68245547,9.48e-12,28.41689845,65354.26157,352721,0.823070705,0.966,"ISL2018","1","ISL",2018,-0.19471317069511,2.87257293161577,11.0875779284029,2.24294689835382,0.712098783223462,0.737926080533229,1.05630831499499,0.0547801076279717
"944","ISL","Iceland",2019,16.58350381,8.5e-12,26.46430488,65122.75495,360563,0.897191882,0.969,"ISL2019","1","ISL",2019,-0.108485524526818,2.80840845488365,11.0840293055248,2.10354939095335,0.638485195928209,0.687221401325548,0.973643735281952,-0.0267098171160701
"945","ISL","Iceland",2020,13.98712722,6.64e-12,18.59975085,59627.24234,366463,0.869810045,0.965,"ISL2020","1","ISL",2020,-0.139480430253415,2.63813742234456,10.995867834863,1.77420967739495,0.498769611878037,0.482995752255823,0.753267818378905,-0.283334445919409
"946","ISR","Israel",2000,16.75392109,8.82e-12,79.87350255,33275.06317,6289000,0.82774049,0.839,"ISR2000","1","ISR",2000,-0.18905559159692,2.81863232580051,10.4125635416837,2.12516612343999,0.662522285657271,2.07414404421684,1.42936813638611,0.357232483954683
"947","ISR","Israel",2001,16.29941795,9.14e-12,73.13784797,32590.22862,6439000,0.850016594,0.841,"ISR2001","1","ISR",2001,-0.162499407335392,2.79112939858619,10.3917677868423,2.06751426564883,0.686559375386333,1.89923349960584,1.39177274119633,0.330578287948939
"948","ISR","Israel",2002,15.71201579,9.02e-12,75.73199779,31897.58488,6570000,0.828745127,0.846,"ISR2002","1","ISR",2002,-0.18784261743902,2.75442575657596,10.3702855768159,1.99300471265752,0.677545466737935,1.96659802259757,1.38480127870639,0.325556648266488
"949","ISR","Israel",2003,15.31541731,7.92e-12,77.63990963,31780.77961,6689700,0.795268178,0.847,"ISR2003","1","ISR",2003,-0.229075890393443,2.72885998836274,10.3666169712561,1.94269782331644,0.594917970794285,2.01614241283323,1.32574861607802,0.281977293156016
"950","ISR","Israel",2004,14.91958367,8.31e-12,71.81139886,32675.20806,6809000,0.777739108,0.85,"ISR2004","1","ISR",2004,-0.251364147802615,2.70267469023079,10.3943719060314,1.89248795079006,0.624213173901579,1.86478845295547,1.30116350841708,0.26325887066269
"951","ISR","Israel",2005,14.5767395,7.94e-12,64.82414921,33512.89092,6930100,0.768133521,0.858,"ISR2005","1","ISR",2005,-0.263791705476826,2.6794270733141,10.4196854473773,1.84899957503677,0.596420288902351,1.68334452243631,1.22900620838656,0.206205882146861
"952","ISR","Israel",2006,14.78419224,8.39e-12,66.72294831,34770.02628,7053700,0.76498878,0.867,"ISR2006","1","ISR",2006,-0.267894111929824,2.69355851806154,10.4565109808256,1.87531410361158,0.630222446333844,1.73265227430264,1.26987147168489,0.238915691951369
"953","ISR","Israel",2007,15.11983513,8.19e-12,66.72754605,36317.85251,7180100,0.746957779,0.878,"ISR2007","1","ISR",2007,-0.291746616196343,2.71600746659141,10.5000647040399,1.91788902655467,0.615199265253181,1.73277166777773,1.26919067782002,0.238379435774009
"954","ISR","Israel",2008,15.22893568,1.01e-11,65.54374361,36827.92492,7308800,0.716218293,0.878,"ISR2008","1","ISR",2008,-0.333770279995875,2.72319728133972,10.5140116657394,1.93172798351664,0.758670644573519,1.70203085008393,1.35619527294298,0.304683185745364
"955","ISR","Israel",2009,13.93132192,8.62e-12,55.74579879,36403.16264,7485600,0.744183302,0.884,"ISR2009","1","ISR",2009,-0.295467900838136,2.63413968063311,10.5024109355648,1.767131004144,0.647499104576608,1.44759917693617,1.18318343866035,0.168208635241064
"956","ISR","Israel",2010,14.9672103,9.1e-12,57.11554942,37722.40999,7623600,0.740368068,0.889,"ISR2010","1","ISR",2010,-0.300607827251733,2.7058618283603,10.5380096262759,1.89852919332104,0.683554739170201,1.48316867145656,1.24392359941242,0.218270577167665
"957","ISR","Israel",2011,15.36287521,9.88e-12,53.71075825,39075.37538,7765800,0.746298373,0.892,"ISR2011","1","ISR",2011,-0.292629794935608,2.73195389835305,10.5732477618974,1.94871766313948,0.742145145384789,1.3947535262382,1.26350921466148,0.233892940784681
"958","ISR","Israel",2012,15.53468497,9.57e-12,48.11943014,39299.35155,7910500,0.753157854,0.893,"ISR2012","1","ISR",2012,-0.283480439686133,2.74307526391394,10.5789632977212,1.97051102599866,0.718859214709761,1.24955869280318,1.20965017103475,0.190331202959578
"959","ISR","Israel",2013,14.56070776,9.56e-12,46.09656181,40148.77745,8059500,0.695297539,0.899,"ISR2013","1","ISR",2013,-0.36341541136279,2.67832665147723,10.6003472693472,1.84696601462039,0.718108055655727,1.19702912836749,1.16658881218946,0.154083945191522
"960","ISR","Israel",2014,14.11944778,8.38e-12,42.19871874,40872.58084,8215700,0.696329474,0.902,"ISR2014","1","ISR",2014,-0.361932348473808,2.64755312223516,10.6182147221056,1.79099399731839,0.629471287279811,1.09581047974404,1.07300522040587,0.0704633288798464
"961","ISR","Israel",2015,14.02355203,7.88e-12,41.32552419,40967.37076,8380100,0.729307532,0.902,"ISR2015","1","ISR",2015,-0.315659781333776,2.64073820401119,10.6205311937196,1.77883001503704,0.591913334578152,1.07313548468932,1.04155540297773,0.0407151756739477
"962","ISR","Israel",2016,14.28727089,8.22e-12,39.52791865,41963.6758,8546000,0.747364879,0.905,"ISR2016","1","ISR",2016,-0.291201753936653,2.65936899329682,10.6445596611519,1.81228166998836,0.61745274241528,1.02645551316424,1.0472648271672,0.0461818389373817
"963","ISR","Israel",2017,14.29132074,8.36e-12,43.90885985,42947.05867,8713300,0.746933758,0.908,"ISR2017","1","ISR",2017,-0.291778775157562,2.65965241174371,10.6677234424131,1.81279537683816,0.627968969171745,1.14021918707294,1.0908334271467,0.0869420161353591
"964","ISR","Israel",2018,14.32264037,8.81e-12,47.04060529,43814.295,8882800,0.71060425,0.911,"ISR2018","1","ISR",2018,-0.341639614551852,2.66184152791586,10.6877154129805,1.81676814335157,0.661771126603238,1.22154391861721,1.13668152753996,0.128113076623926
"965","ISR","Israel",2019,14.11694404,9.51e-12,52.97594358,44580.80788,9054000,0.709877491,0.913,"ISR2019","1","ISR",2019,-0.342662871722199,2.64737578087919,10.7050587288035,1.79067640817605,0.714352260385561,1.37567196072866,1.20729890542302,0.188385554723653
"966","ISR","Israel",2020,12.65454078,7.29e-12,43.29589128,42915.94169,9215100,0.738076031,0.912,"ISR2020","1","ISR",2020,-0.303708436652943,2.53801610570533,10.666998637055,1.60517655711042,0.547594950390194,1.12430170420105,0.996066584081173,-0.00394117214487865
"967","ITA","Italy",2000,13.85306075,2.21e-11,46.48398511,50353.42004,56942108,1.007913232,0.849,"ITA2000","1","ITA",2000,0.00788208657905628,2.62850620099782,10.8268218211626,1.75720389595414,1.66006150941334,1.20708968292728,1.52134820063719,0.419596915832517
"968","ITA","Italy",2001,13.53545153,2.06e-11,44.94263927,51332.29044,56974100,1.040671587,0.856,"ITA2001","1","ITA",2001,0.03986626147289,2.60531228268714,10.8460752764174,1.71691647003096,1.54738765130837,1.1670642277757,1.45819078811063,0.37719648106852
"969","ITA","Italy",2002,14.16060742,1.94e-11,44.60211721,51369.11491,57059007,1.006676435,0.862,"ITA2002","1","ITA",2002,0.00665424631397258,2.65046398423818,10.8467923936068,1.79621492871177,1.45724856482438,1.158221598116,1.44730878766537,0.369705823407907
"970","ITA","Italy",2003,14.70140846,1.93e-11,45.67555154,51126.25855,57313203,0.970038354,0.866,"ITA2003","1","ITA",2003,-0.0304196680602163,2.6879433028003,10.842053510157,1.86481332090637,1.44973697428405,1.1860963920257,1.47462475748228,0.38840355571925
"971","ITA","Italy",2004,14.66753235,1.88e-11,50.23811278,51495.00288,57685327,0.933435559,0.874,"ITA2004","1","ITA",2004,-0.0688833499846502,2.68563636737195,10.8492400504877,1.86051627539808,1.41217902158239,1.30457634996164,1.50775546081087,0.410622095170203
"972","ITA","Italy",2005,14.75696548,1.81e-11,50.67588447,51585.64458,57969484,0.913413465,0.876,"ITA2005","1","ITA",2005,-0.0905666367151962,2.69171520724974,10.8509987069493,1.87186050085839,1.35959788780007,1.31594434453496,1.49614548996509,0.402892127474011
"973","ITA","Italy",2006,14.82629343,1.84e-11,54.49107164,52304.24029,58143979,0.893255651,0.881,"ITA2006","1","ITA",2006,-0.112882455762217,2.69640218762103,10.8648327230571,1.88065446675784,1.38213265942107,1.41501659620283,1.54361891243795,0.434129602768717
"974","ITA","Italy",2007,14.8390761,1.81e-11,51.10014724,52747.19055,58438310,0.897695303,0.885,"ITA2007","1","ITA",2007,-0.107924574493403,2.69726397838876,10.8732657902043,1.8822758959806,1.35959788780007,1.32696154134598,1.50308670250621,0.407520795405257
"975","ITA","Italy",2008,14.3763307,1.82e-11,55.16997881,51806.39062,58826731,0.8798033,0.885,"ITA2008","1","ITA",2008,-0.128056919222086,2.66558315283382,10.8552687916805,1.82357854133897,1.3671094783404,1.43264636350082,1.5285826400819,0.424340927018666
"976","ITA","Italy",2009,12.93176292,1.64e-11,41.36345705,48774.39168,59095365,0.844441473,0.884,"ITA2009","1","ITA",2009,-0.169079848865914,2.55968652687732,10.7949606934504,1.64034104770524,1.23190084861443,1.07412051994052,1.29475512927918,0.258321587912144
"977","ITA","Italy",2010,13.18458411,1.63e-11,42.34693751,49301.69591,59277417,0.83526212,0.887,"ITA2010","1","ITA",2010,-0.180009687224988,2.57904827664565,10.8057137592363,1.67241037794677,1.2243892580741,1.09965940422115,1.31071072294122,0.270569526689641
"978","ITA","Italy",2011,12.86675587,1.62e-11,43.54108358,49473.01492,59379449,0.816105008,0.89,"ITA2011","1","ITA",2011,-0.203212246022889,2.5546469206802,10.8091826467755,1.63209517023556,1.21687766753376,1.13066882386523,1.30951136714643,0.269654065452146
"979","ITA","Italy",2012,11.82311619,1.51e-11,34.77195134,47795.95794,59539717,0.795877695,0.887,"ITA2012","1","ITA",2012,-0.228309754440535,2.47005661428765,10.7746963529793,1.49971376046889,1.13425017159011,0.902953213207487,1.15379191817517,0.143053838287755
"980","ITA","Italy",2013,11.16596607,1.47e-11,36.32741182,46833.36153,60233948,0.759085476,0.887,"ITA2013","1","ITA",2013,-0.27564089132649,2.41287040819467,10.7543510811517,1.41635696503357,1.10420380942879,0.943345195374377,1.13840694137234,0.129629865255887
"981","ITA","Italy",2014,10.64393068,1.4e-11,32.00498781,46825.65112,60789140,0.760480762,0.89,"ITA2014","1","ITA",2014,-0.273804464118202,2.36498984050498,10.754186432608,1.35013891851747,1.05162267564646,0.831101087745453,1.05673011193466,0.0551793402589557
"982","ITA","Italy",2015,10.64600928,1.32e-11,30.84930874,47311.82553,60730582,0.753653765,0.889,"ITA2015","1","ITA",2015,-0.282822214050424,2.36518510643908,10.7645155544375,1.35040258039581,0.991529951323808,0.801090573826071,1.0236470505246,0.0233717899803999
"983","ITA","Italy",2016,10.647945,1.33e-11,28.93782857,47987.83796,60627498,0.760622561,0.894,"ITA2016","1","ITA",2016,-0.273618021819028,2.36536691579021,10.7787028819516,1.35064811853261,0.99904154186414,0.751453521691513,1.00463729519814,0.00462657607049153
"984","ITA","Italy",2017,10.75747788,1.33e-11,32.42271039,48849.21835,60536709,0.766626656,0.897,"ITA2017","1","ITA",2017,-0.265755354920925,2.37560112948867,10.7964936563194,1.36454191478056,0.99904154186414,0.84194844980898,1.0470127648264,0.0459411236253544
"985","ITA","Italy",2018,10.89141859,1.37e-11,37.57524147,49133.14353,60421760,0.760494709,0.902,"ITA2018","1","ITA",2018,-0.273786124571949,2.38797519384215,10.802289107036,1.38153174408156,1.02908790402547,0.975748662783666,1.11527962682535,0.109105159860882
"986","ITA","Italy",2019,10.65945277,1.34e-11,34.80602857,49690.62985,59729081,0.791165531,0.906,"ITA2019","1","ITA",2019,-0.234248065092809,2.36644708252321,10.8135716601047,1.35210783192322,1.00655313240447,0.903838125993222,1.07146888379659,0.069030495655975
"987","ITA","Italy",2020,9.849425677,1.29e-11,29.50125935,45505.06887,59438851,0.774290323,0.899,"ITA2020","1","ITA",2020,-0.255808381407451,2.28741314658053,10.7255790024704,1.24935921994965,0.968995179702812,0.766084614098333,0.975203446882738,-0.0251091662820088
"988","JAM","Jamaica",2000,6.361940165,5.04e-11,11.00593583,9518.231763,2612205,0.480812252,0.659,"JAM2000","2","JAM",2000,-0.732278413556695,1.85033338822142,9.16096437135308,0.806985997211131,3.78584163232727,0.285800616274931,0.955793048465804,-0.0452138658653603
"989","JAM","Jamaica",2001,6.226815213,4.96e-11,12.22746465,9585.31492,2625405,0.459537119,0.668,"JAM2001","2","JAM",2001,-0.777535559165023,1.82886500032554,9.1679875104434,0.789845951673179,3.72574890800461,0.317521107375922,0.977633766592044,-0.022620150866664
"990","JAM","Jamaica",2002,6.387484713,5.22e-11,12.6633811,9716.895557,2638244,0.417978704,0.672,"JAM2002","2","JAM",2002,-0.872324795123663,1.85434056225886,9.18162145929963,0.810226218276788,3.92105026205324,0.328840925334044,1.0146856562173,0.0145788662192514
"991","JAM","Jamaica",2003,6.104622017,4.32e-11,11.7647692,10012.28705,2651027,0.432168424,0.668,"JAM2003","2","JAM",2003,-0.838939896347362,1.80904619196862,9.21156832273596,0.774346246305158,3.24500711342337,0.305505896057212,0.915637313092468,-0.0881349391210853
"992","JAM","Jamaica",2004,5.743762412,4.9e-11,12.45629684,10085.59085,2664024,0.4164958,0.684,"JAM2004","2","JAM",2004,-0.875878901459697,1.74811446807709,9.21886303568257,0.728572686566855,3.68067936476262,0.323463389971035,0.953693161885333,-0.0474132925128017
"993","JAM","Jamaica",2005,5.736124176,4.89e-11,12.49489559,10119.53379,2676863,0.406516135,0.687,"JAM2005","2","JAM",2005,-0.900131658285073,1.74678375159856,9.22222287359847,0.727603807681557,3.67316777422229,0.324465716961473,0.953604257878898,-0.0475065176234505
"994","JAM","Jamaica",2006,5.674685862,5.16e-11,10.88996749,10359.31605,2689660,0.392024368,0.696,"JAM2006","2","JAM",2006,-0.936431277858424,1.73601520712168,9.2456414952944,0.719810609725528,3.87598071881125,0.282789166494346,0.924033124208569,-0.0790073592724305
"995","JAM","Jamaica",2007,5.615519461,4.72e-11,10.448843,10457.97203,2701221,0.387620538,0.704,"JAM2007","2","JAM",2007,-0.947728412753221,1.72553409700127,9.25511984023695,0.712305594608433,3.54547073503665,0.271334106875308,0.881620234968665,-0.125993888296229
"996","JAM","Jamaica",2008,5.360672686,4.91e-11,13.31691663,10328.0398,2711373,0.353635371,0.711,"JAM2008","2","JAM",2008,-1.03948892211283,1.67908946832751,9.24261778612091,0.679979327223707,3.68819095530295,0.345811845400872,0.953636776662908,-0.0474724172833005
"997","JAM","Jamaica",2009,4.709369179,5.08e-11,11.70041137,9838.251078,2722401,0.35530749,0.711,"JAM2009","2","JAM",2009,-1.03477169540054,1.54955396678684,9.19403323827378,0.597364150649895,3.81588799448859,0.303834660847392,0.884757046352936,-0.122442195557777
"998","JAM","Jamaica",2010,4.70135952,5.24e-11,18.26696008,9654.072384,2733896,0.344527364,0.708,"JAM2010","2","JAM",2010,-1.0655817606234,1.547851726463,9.17513511401707,0.596348158281561,3.9360734431339,0.474353887663323,1.03646628596048,0.035817125553763
"999","JAM","Jamaica",2011,4.905340312,5.17e-11,13.30772855,9778.694536,2746169,0.34355247,0.711,"JAM2011","2","JAM",2011,-1.06841542789329,1.59032447124261,9.18796127109263,0.622222284503249,3.88349230935158,0.345573250612846,0.941678618485634,-0.0600912319531167
"1000","JAM","Jamaica",2012,4.742720358,5.25e-11,13.27276443,9676.847571,2759817,0.360288709,0.711,"JAM2012","2","JAM",2012,-1.0208495994932,1.55661088627052,9.17749146307764,0.601594610815419,3.94358503367423,0.344665307190509,0.935113311510567,-0.0670875682548626
"1001","JAM","Jamaica",2013,4.559893285,5.07e-11,12.09734076,9687.608304,2773129,0.376293242,0.711,"JAM2013","2","JAM",2013,-0.977386540619217,1.51729922084017,9.17860285336685,0.578403747022991,3.80837640394826,0.314142068234814,0.884502410287427,-0.122730040357828
"1002","JAM","Jamaica",2014,4.652738511,5.29e-11,11.49448624,9719.303899,2784543,0.377762049,0.712,"JAM2014","2","JAM",2014,-0.973490781580864,1.53745597334653,9.18186927956077,0.59018078285588,3.97363139583556,0.298487225611574,0.887904241503851,-0.118891377949014
"1003","JAM","Jamaica",2015,4.428918667,5.27e-11,10.42403021,9778.118542,2794445,0.381352812,0.713,"JAM2015","2","JAM",2015,-0.964030316595483,1.48815546103345,9.18790236640321,0.561790154317804,3.9586082147549,0.270689771783496,0.844363588704347,-0.169172084846815
"1004","JAM","Jamaica",2016,4.471490474,5.23e-11,12.99013691,9886.551393,2802695,0.384424716,0.714,"JAM2016","2","JAM",2016,-0.956007306346342,1.49772179242053,9.19893066744809,0.567190213298864,3.92856185259357,0.337326074921675,0.909223695793172,-0.0951641250983436
"1005","JAM","Jamaica",2017,4.533035583,5.28e-11,10.97445407,9964.391023,2808376,0.382497042,0.715,"JAM2017","2","JAM",2017,-0.961034359078782,1.51139182169627,9.20677311918894,0.574996957762301,3.96611980529523,0.284983102294439,0.86619730572537,-0.143642560659727
"1006","JAM","Jamaica",2018,4.757953608,5.25e-11,13.31884485,10137.11105,2811835,0.375932693,0.715,"JAM2018","2","JAM",2018,-0.978345159594807,1.55981766151797,9.22395833024002,0.60352688605272,3.94358503367423,0.345861917150592,0.937195494415699,-0.0648633798550383
"1007","JAM","Jamaica",2019,4.88454531,5.3e-11,10.82477268,10216.06554,2813773,0.366215974,0.716,"JAM2019","2","JAM",2019,-1.00453202672095,1.58607620234995,9.23171681311858,0.619584523853079,3.98114298637589,0.281096196703887,0.885090682599768,-0.122065173009084
"1008","JAM","Jamaica",2020,4.726026557,6.01e-11,20.00062426,9178.320778,2820436,0.377011538,0.711,"JAM2020","2","JAM",2020,-0.975479487227907,1.55308479808875,9.12459954509581,0.599477070678632,4.51446591473946,0.51937343881382,1.12017591381441,0.113485738879169
"1009","JOR","Jordan",2000,5.708706276,4.82e-12,54.33501769,8086.922027,5056174,0.323191971,0.672,"JOR2000","4","JOR",2000,-1.12950879484674,1.74199242636797,8.9980034712786,0.724125959603913,0.362058664043996,1.4109642088574,0.717854377387056,-0.331488547513736
"1010","JOR","Jordan",2001,5.732405218,4.63e-12,50.16895253,8339.785814,5163310,0.332747221,0.679,"JOR2001","4","JOR",2001,-1.10037217335712,1.74613520146583,9.02879281324843,0.7271320731238,0.347786642017366,1.30278040617485,0.690662387581406,-0.370104159876834
"1011","JOR","Jordan",2002,5.760593212,4.63e-12,62.3332467,8638.080331,5275532,0.357862234,0.686,"JOR2002","4","JOR",2002,-1.02760718787318,1.75104045759932,9.06393565319956,0.730707604464477,0.347786642017366,1.61866111128119,0.743710909862229,-0.296102881671959
"1012","JOR","Jordan",2003,6.364786304,4.8e-12,63.27995795,8800.496746,5396117,0.362882644,0.693,"JOR2003","4","JOR",2003,-1.01367579175415,1.85078065784011,9.08256344728224,0.807347018261242,0.36055634593593,1.64324517781254,0.78206932501557,-0.245811891451035
"1013","JOR","Jordan",2004,6.635158975,5.78e-12,127.2805264,9326.668391,5532423,0.383698255,0.705,"JOR2004","4","JOR",2004,-0.957898829563392,1.89238262755742,9.1406331444334,0.841642681827197,0.434169933231182,3.30520306921666,1.06494835708858,0.0629263069890246
"1014","JOR","Jordan",2005,6.758244732,7.03e-12,110.8489959,9839.68835,5678534,0.417967081,0.713,"JOR2005","4","JOR",2005,-0.872352603147124,1.91076320130908,9.19417931779677,0.857255604894531,0.528064814985331,2.87851136250694,1.09224945728248,0.088239291968977
"1015","JOR","Jordan",2006,5.847450286,4.83e-12,86.62193386,9977.759033,6075548,0.441433161,0.719,"JOR2006","4","JOR",2006,-0.81772866111233,1.76600571768717,9.20811379829975,0.741725067794664,0.36280982309803,2.24938637318171,0.84591881489664,-0.167331887459852
"1016","JOR","Jordan",2007,5.861244187,5.45e-12,115.1567426,10161.40212,6473457,0.466380447,0.725,"JOR2007","4","JOR",2007,-0.762753568066511,1.7683618996532,9.22635171554781,0.743474767519153,0.409381684448087,2.99037433178398,0.969110724273296,-0.0313764070833845
"1017","JOR","Jordan",2008,5.460922254,4.56e-12,67.16930062,10641.58943,6632873,0.521854043,0.733,"JOR2008","4","JOR",2008,-0.650367341309084,1.69761768648197,9.27252513425798,0.692695573448017,0.342528528639134,1.74424308922689,0.745215805573689,-0.294081430638393
"1018","JOR","Jordan",2009,5.293808709,4.36e-12,76.52438095,10938.50272,6780493,0.564160347,0.735,"JOR2009","4","JOR",2009,-0.572416764699083,1.66653796960467,9.30004420372091,0.671497906185877,0.32750534755847,1.98717451867676,0.758868202986008,-0.275927162269383
"1019","JOR","Jordan",2010,5.328818209,4.93e-12,66.20255384,10953.53763,6931258,0.592482209,0.732,"JOR2010","4","JOR",2010,-0.52343443342789,1.67312948920302,9.30141775430125,0.675938717563637,0.370321413638361,1.71913874282931,0.754974631731612,-0.281071130653097
"1020","JOR","Jordan",2011,5.573121786,3.63e-12,63.93176657,10977.48205,7109980,0.675520778,0.734,"JOR2011","4","JOR",2011,-0.392271362617492,1.71795536121064,9.3036013672717,0.706927623556844,0.272670736614047,1.66017125371982,0.683998985807378,-0.379798844098438
"1021","JOR","Jordan",2012,6.022982538,3.96e-12,58.38407182,11086.02994,7211863,0.665941954,0.74,"JOR2012","4","JOR",2012,-0.406552768396223,1.79558257483772,9.31344103067969,0.763990613484991,0.297458985397142,1.51610948532996,0.701049299958623,-0.355177066376764
"1022","JOR","Jordan",2013,5.879648474,4.07e-12,65.06121254,10799.35381,7694814,0.659984291,0.742,"JOR2013","4","JOR",2013,-0.415539245760078,1.77149697679011,9.28724157891487,0.745809275784314,0.305721734991507,1.68950055013416,0.727619190055323,-0.317977458228407
"1023","JOR","Jordan",2014,5.40549682,3.81e-12,72.56438825,10148.9981,8658026,0.646594524,0.742,"JOR2014","4","JOR",2014,-0.436035882640987,1.68741636546081,9.22513027023824,0.685665084639993,0.286191599586644,1.88434197707505,0.717754978091308,-0.33162702431528
"1024","JOR","Jordan",2015,5.25428307,3.97e-12,74.85357446,9581.689226,9494246,0.586977899,0.743,"JOR2015","4","JOR",2015,-0.532768110629458,1.65904356685809,9.16760918381337,0.666484241112555,0.298210144451175,1.94378724730848,0.728316824039569,-0.317019127600022
"1025","JOR","Jordan",2016,4.987465222,3.65e-12,49.22867141,9321.904511,9964656,0.565777898,0.745,"JOR2016","4","JOR",2016,-0.569553684150901,1.60692780915909,9.14012223347752,0.632639492253304,0.274173054722113,1.27836331636817,0.605264389623828,-0.502089908768634
"1026","JOR","Jordan",2017,4.973250042,3.16e-12,46.96882898,9339.810397,10215381,0.568762422,0.747,"JOR2017","4","JOR",2017,-0.564292468076364,1.60407355838013,9.14204123090977,0.630836355016814,0.237366261074487,1.21968004134691,0.567362385508709,-0.566757051528305
"1027","JOR","Jordan",2018,4.559122697,2.97e-12,36.20918957,9311.531163,10459865,0.566925883,0.747,"JOR2018","4","JOR",2018,-0.567526701611754,1.517130214008,9.13900882108776,0.578306001098085,0.223094239047857,0.940275216371291,0.495032464673379,-0.703131933365316
"1028","JOR","Jordan",2019,4.262907149,2.65e-12,36.56817535,9288.527091,10698683,0.58741045,0.75,"JOR2019","4","JOR",2019,-0.53203147011369,1.44995135687498,9.13653527144453,0.540732274657321,0.199057149318795,0.949597309352996,0.46755551343041,-0.760237191997371
"1029","JOR","Jordan",2020,4.138633153,2.8e-12,29.90871058,9022.639304,10928721,0.550959468,0.743,"JOR2020","4","JOR",2020,-0.596094033333499,1.42036557704345,9.10749217602092,0.524968628349989,0.210324535129293,0.776665251168609,0.440980163896734,-0.818755384372913
"1030","JPN","Japan",2000,15.83760325,1.83e-11,34.82922583,39005.91363,126843000,0.746676862,0.889,"JPN2000","1","JPN",2000,-0.292122768430097,2.76238706496302,10.5714685451553,2.00893496648211,1.37462106888073,0.904440509225897,1.35678060450734,0.30511469092631
"1031","JPN","Japan",2001,15.31362917,1.7e-11,31.72024782,39062.28174,127149000,0.74979502,0.892,"JPN2001","1","JPN",2001,-0.287955416473521,2.72874322730044,10.5729126190071,1.9424710050969,1.27697039185642,0.823706999148434,1.2689252604585,0.238170290589984
"1032","JPN","Japan",2002,15.52567876,1.54e-11,33.02645622,38987.91027,127445000,0.749776602,0.894,"JPN2002","1","JPN",2002,-0.287979980822073,2.74249534731472,10.5710068839771,1.96936862522634,1.15678494321111,0.857626437846769,1.25014177372369,0.22325696386172
"1033","JPN","Japan",2003,15.05131983,1.25e-11,27.30005711,39501.80678,127718000,0.741451859,0.896,"JPN2003","1","JPN",2003,-0.299145043314893,2.7114656836953,10.5841016911089,1.90919814197218,0.938948817541485,0.708924099403804,1.08317232226357,0.0798940710247972
"1034","JPN","Japan",2004,15.44429388,1.35e-11,31.90810117,40351.77637,127761000,0.736057401,0.899,"JPN2004","1","JPN",2004,-0.306447172805231,2.73723960696997,10.6053906967687,1.95904528724431,1.0140647229448,0.828585148905856,1.18072592345213,0.166129438692378
"1035","JPN","Japan",2005,15.58659217,1.29e-11,30.62050951,41075.82436,127773000,0.746092379,0.9,"JPN2005","1","JPN",2005,-0.292905854005302,2.74641106841193,10.6231750123328,1.97709524126445,0.968995179702812,0.795149147131669,1.15062180954133,0.140302500196433
"1036","JPN","Japan",2006,15.27188673,1.26e-11,29.50641588,41613.14838,127854000,0.731837094,0.903,"JPN2006","1","JPN",2006,-0.312197338968897,2.72601366955466,10.6361714631377,1.93717614791564,0.946460408081816,0.766218518154708,1.11997433201774,0.113305767203082
"1037","JPN","Japan",2007,15.38116199,1.18e-11,28.12392827,42182.17586,128001000,0.724536002,0.905,"JPN2007","1","JPN",2007,-0.322223826254498,2.73314351323919,10.6497530378137,1.951037266124,0.886367683759161,0.730318271502947,1.08092911521707,0.0778209631648363
"1038","JPN","Japan",2008,14.94565288,1.29e-11,27.79241249,41645.57221,128063000,0.707285166,0.905,"JPN2008","1","JPN",2008,-0.346321347873258,2.70442048029527,10.6369503324599,1.89579472307694,0.968995179702812,0.72170951567406,1.09856338363282,0.0940033113443645
"1039","JPN","Japan",2009,13.8398751,1.15e-11,25.7872472,39279.49887,128047000,0.688595295,0.905,"JPN2009","1","JPN",2009,-0.373101560805094,2.62755392558233,10.578458004495,1.75553135037242,0.863832912138166,0.669639661327553,1.00513987307326,0.00512670901411485
"1040","JPN","Japan",2010,14.52736457,1.13e-11,25.17629446,40881.79724,128070000,0.694974124,0.907,"JPN2010","1","JPN",2010,-0.363880665765136,2.67603408260393,10.6184401877077,1.84273656782673,0.848809731057502,0.65377452524972,1.00747404394404,0.0074462516721308
"1041","JPN","Japan",2011,15.13030641,1.16e-11,23.86456746,40967.34314,127833000,0.689626694,0.906,"JPN2011","1","JPN",2011,-0.371604850985091,2.71669977941278,10.6205305195243,1.91921726544308,0.871344502678498,0.61971178031143,1.01197067998946,0.0118995981031321
"1042","JPN","Japan",2012,15.66965818,1.16e-11,23.26530814,41596.9238,127629000,0.685245693,0.909,"JPN2012","1","JPN",2012,-0.377977829116331,2.75172624247334,10.6357814963997,1.98763182368674,0.871344502678498,0.604150297343517,1.01521246986937,0.015097920507862
"1043","JPN","Japan",2013,15.41627808,1.1e-11,21.94727716,42492.24396,127445000,0.694311917,0.912,"JPN2013","1","JPN",2013,-0.364833971320088,2.73542396935104,10.6570768431994,1.95549159800576,0.826274959436506,0.569923851526283,0.97289459994607,-0.0274795274878725
"1044","JPN","Japan",2014,14.96938304,1.08e-11,20.65037951,42674.69763,127276000,0.676959634,0.914,"JPN2014","1","JPN",2014,-0.390143632662854,2.7060069844894,10.6613614622245,1.89880479647199,0.811251778355843,0.536246193093532,0.938282035500533,-0.0637046976644363
"1045","JPN","Japan",2015,14.17244081,1.01e-11,18.2955897,43386.71007,127141000,0.701235354,0.917,"JPN2015","1","JPN",2015,-0.354911707924835,2.65129929080965,10.6779084536085,1.79771594566287,0.758670644573519,0.475097337667585,0.865337748240241,-0.144635387866737
"1046","JPN","Japan",2016,14.08907667,9.59e-12,17.7234426,43736.13051,127076000,0.686388552,0.918,"JPN2016","1","JPN",2016,-0.376311409269148,2.64539979289039,10.685929824611,1.78714154667376,0.720361532817827,0.460239901071035,0.839907083813095,-0.174464007771234
"1047","JPN","Japan",2017,13.89860238,1.03e-11,19.19183798,44505.27926,126972000,0.680302203,0.92,"JPN2017","1","JPN",2017,-0.385218163359135,2.6317882868799,10.7033630961739,1.76298066479305,0.773693825654183,0.498370988787841,0.879271799627714,-0.128661214500409
"1048","JPN","Japan",2018,13.89387174,1.07e-11,20.38658973,44848.48994,126811000,0.668954372,0.921,"JPN2018","1","JPN",2018,-0.402039424468349,2.63144786090521,10.7110451978008,1.76238060252606,0.803740187815511,0.529396136646217,0.908514895059956,-0.0959439960574651
"1049","JPN","Japan",2019,13.68336601,1.06e-11,20.04921066,44730.91028,126633000,0.657060921,0.922,"JPN2019","1","JPN",2019,-0.419978538768922,2.61618093529081,10.7084200467676,1.73567881470082,0.796228597275179,0.520635123715228,0.896080168637664,-0.109725396083795
"1050","JPN","Japan",2020,13.09120024,9.93e-12,17.57338423,42992.47964,126261000,0.641312361,0.922,"JPN2020","1","JPN",2020,-0.44423863810274,2.57194026708587,10.6687804872873,1.66056501733335,0.745900940654955,0.45634320611609,0.826817276820642,-0.190171555383358
"1051","KAZ","Kazakhstan",2000,8.984543379,4.13e-11,56.57586168,12935.86437,14883626,0.25629282,0.692,"KAZ2000","4","KAZ",2000,-1.36143466005055,2.19550569857685,9.4677589165081,1.13965245037619,3.10228689315706,1.46915413502181,1.73183793927515,0.549183237214599
"1052","KAZ","Kazakhstan",2001,9.555718784,4e-11,65.82537587,14612.02901,14858335,0.279675305,0.707,"KAZ2001","4","KAZ",2001,-1.2741259736982,2.2571398008179,9.58960037326771,1.21210370609881,3.00463621613275,1.70934423757902,1.83958730148632,0.609541253793051
"1053","KAZ","Kazakhstan",2002,10.2795466,3.99e-11,74.32212856,15960.87385,14858948,0.272637218,0.72,"KAZ2002","4","KAZ",2002,-1.29961323932517,2.330156153996,9.6778956220112,1.3039182935917,2.99712462559242,1.92998673383258,1.96111548130328,0.673513434467204
"1054","KAZ","Kazakhstan",2003,10.26367585,4.01e-11,67.9163826,17344.75267,14909019,0.282224,0.732,"KAZ2003","4","KAZ",2003,-1.26505419711302,2.32861104555977,9.76104529986142,1.30190515409603,3.01214780667308,1.76364321054232,1.90526527444296,0.644621250560145
"1055","KAZ","Kazakhstan",2004,10.62830738,3.99e-11,68.18107795,18886.58119,15012984,0.301155806,0.743,"KAZ2004","4","KAZ",2004,-1.2001275202494,2.36352094919556,9.84620695893842,1.34815716703864,2.99712462559242,1.77051678270589,1.92685244413133,0.655887813657273
"1056","KAZ","Kazakhstan",2005,11.58514532,3.94e-11,75.0656363,20565.52945,15147029,0.337396145,0.754,"KAZ2005","4","KAZ",2005,-1.08649753454313,2.44972370161231,9.93137162553128,1.4695281323659,2.95956667289076,1.94929403977906,2.03904962684747,0.712483830112943
"1057","KAZ","Kazakhstan",2006,12.51468079,3.88e-11,88.77438457,22574.34296,15308085,0.398498505,0.765,"KAZ2006","4","KAZ",2006,-0.920051532327286,2.52690241836588,10.0245692730997,1.58743589143724,2.91449712964877,2.30528091490187,2.20120873413006,0.789006634090407
"1058","KAZ","Kazakhstan",2007,13.33285749,3.72e-11,85.00835729,24351.34641,15484192,0.433216512,0.772,"KAZ2007","4","KAZ",2007,-0.836517648238221,2.59023147655899,10.1003424210273,1.69121824760852,2.79431168100346,2.20748524044425,2.18503016475382,0.781629633831582
"1059","KAZ","Kazakhstan",2008,13.71760797,3.5e-11,74.48707906,24895.66457,15776938,0.503456712,0.771,"KAZ2008","4","KAZ",2008,-0.686257544700247,2.61868026088776,10.1224489536386,1.74002226677996,2.62905668911616,1.9342701455554,2.06834967203165,0.7267510294085
"1060","KAZ","Kazakhstan",2009,15.12184105,3.7e-11,100.1375269,24901.35273,16092822,0.483407021,0.774,"KAZ2009","4","KAZ",2009,-0.726896286614672,2.71614012590506,10.1226774074832,1.91814346927333,2.77928849992279,2.60035742006207,2.40223738432587,0.876400546553947
"1061","KAZ","Kazakhstan",2010,15.67931626,3.61e-11,134.3808177,26374.84077,16321872,0.550137043,0.781,"KAZ2010","4","KAZ",2010,-0.597587862702174,2.75234240810415,10.1801658336037,1.98885691149294,2.71168418505981,3.4895824496361,2.65994120441701,0.978304018946693
"1062","KAZ","Kazakhstan",2011,15.5144705,3.45e-11,97.97430842,27946.16034,16557202,0.684951127,0.79,"KAZ2011","4","KAZ",2011,-0.378407790710517,2.74177316905499,10.2380350931177,1.96794690344988,2.5914987364145,2.54418326238289,2.34983619886975,0.85434562311811
"1063","KAZ","Kazakhstan",2012,16.56519612,3.5e-11,96.17387585,28881.24176,16792090,0.689874649,0.799,"KAZ2012","4","KAZ",2012,-0.371245366010425,2.80730387510224,10.2709475893123,2.10122713562116,2.62905668911616,2.49742987893458,2.39840259220437,0.874802929171302
"1064","KAZ","Kazakhstan",2013,16.85648379,3.49e-11,96.67233002,30177.48872,17035551,0.665241838,0.808,"KAZ2013","4","KAZ",2013,-0.407604638271382,2.82473537744265,10.3148515187868,2.1381757809642,2.62154509857582,2.5103736677383,2.4142358984127,0.881382838867277
"1065","KAZ","Kazakhstan",2014,15.43973182,3.4e-11,76.44129468,30986.43792,17288285,0.705295861,0.813,"KAZ2014","4","KAZ",2014,-0.349137903210007,2.7369441752748,10.3413049012906,1.95846660865839,2.55394078371284,1.98501694593267,2.14930016053315,0.76514228242199
"1066","KAZ","Kazakhstan",2015,15.58027357,3.53e-11,87.53163782,30893.75949,17542806,0.660374641,0.819,"KAZ2015","4","KAZ",2015,-0.414947967128318,2.74600559933851,10.3383094842371,1.97629375278928,2.65159146073715,2.27300943953532,2.28377395756525,0.825829319105081
"1067","KAZ","Kazakhstan",2016,15.04580505,3.41e-11,78.7441447,30758.32273,17794055,0.669906437,0.82,"KAZ2016","4","KAZ",2016,-0.40061722261723,2.71109921812201,10.3339158944996,1.90849861476472,2.56145237425317,2.04481703609045,2.15415787896161,0.76739987175925
"1068","KAZ","Kazakhstan",2017,15.19855617,3.35e-11,84.7431384,31524.44163,18037776,0.715775967,0.824,"KAZ2017","4","KAZ",2017,-0.334388056234821,2.72120043452472,10.3585184487016,1.92787446736649,2.51638283101118,2.20059807306652,2.20190577810268,0.789323248149164
"1069","KAZ","Kazakhstan",2018,14.89662288,2.83e-11,78.34781719,32330.22745,18276452,0.635529339,0.828,"KAZ2018","4","KAZ",2018,-0.453297022620485,2.70113453491289,10.3837579059561,1.88957546882162,2.12578012291392,2.03452525823946,2.01425858485873,0.700251179728258
"1070","KAZ","Kazakhstan",2019,14.4751806,2.96e-11,70.65817328,33298.21237,18513673,0.657869458,0.834,"KAZ2019","4","KAZ",2019,-0.4187487594364,2.67243550006516,10.413258991945,1.83611724542244,2.22343079993824,1.83484165092437,1.95662473324926,0.671220913894169
"1071","KAZ","Kazakhstan",2020,14.02554722,3.07e-11,105.7497293,32011.54915,18755666,0.624021709,0.826,"KAZ2020","4","KAZ",2020,-0.471570121153767,2.6408804681164,10.3738520276067,1.77908309669924,2.30605829588189,2.74609431416675,2.24178515032708,0.807272490587503
"1072","KEN","Kenya",2000,2.508883797,1.23e-11,5.560580011,3756.636223,30851606,0.379853874,0.5,"KEN2000","10","KEN",2000,-0.967968642322244,0.919837951843822,8.2312792144287,0.318241611882386,0.923925636460821,0.144396371061693,0.348859125140016,-1.05308709116341
"1073","KEN","Kenya",2001,2.540212142,1.21e-11,5.49318079,3778.258548,31800343,0.396444976,0.505,"KEN2001","10","KEN",2001,-0.92521802181218,0.932247598015246,8.23701848087075,0.322215483857776,0.908902455380157,0.142646157431904,0.346982778271598,-1.05848013060812
"1074","KEN","Kenya",2002,2.464323651,1.13e-11,4.903558862,3681.256943,32779823,0.367444336,0.504,"KEN2002","10","KEN",2002,-1.00118343846815,0.901917388912255,8.21100953344226,0.312589340260356,0.848809731057502,0.12733493692376,0.323278903011951,-1.12923985152394
"1075","KEN","Kenya",2003,2.442232736,1.12e-11,5.932018426,3674.085928,33767122,0.371288538,0.515,"KEN2003","10","KEN",2003,-0.990775788192098,0.892912676634539,8.2090596536344,0.309787198365238,0.84129814051717,0.154041832343215,0.342413351634079,-1.0717366412164
"1076","KEN","Kenya",2004,2.656431127,1.14e-11,5.318767783,3743.567857,34791836,0.382110417,0.526,"KEN2004","10","KEN",2004,-0.962045662404169,0.976983540354062,8.22779440812593,0.336957385081723,0.856321321597834,0.138117024638753,0.341575188749467,-1.07418745217202
"1077","KEN","Kenya",2005,2.642319092,1.06e-11,5.593206636,3844.735571,35843010,0.386862993,0.532,"KEN2005","10","KEN",2005,-0.949684671889196,0.971656975491547,8.25446010740318,0.335167331365121,0.796228597275179,0.145243614737833,0.338427386909302,-1.08344572394173
"1078","KEN","Kenya",2006,2.588743128,9.99e-12,6.228923739,3970.733499,36925253,0.406632483,0.541,"KEN2006","10","KEN",2006,-0.899845491652754,0.95117247916112,8.28670611706853,0.328371440235408,0.750407894979154,0.161751828361855,0.341589089158986,-1.07414675797892
"1079","KEN","Kenya",2007,3.068677015,1.03e-11,7.529765863,4116.450947,38036793,0.41524899,0.548,"KEN2007","10","KEN",2007,-0.878876962761408,1.12124652897848,8.32274665047654,0.389249083902481,0.773693825654183,0.195531916348756,0.389049440980896,-0.944048845802646
"1080","KEN","Kenya",2008,3.119048368,9.92e-12,6.632600495,4002.883641,39186895,0.410829782,0.553,"KEN2008","10","KEN",2008,-0.88957630598983,1.13752794503989,8.29477029062105,0.395638483280238,0.745149781600922,0.172234450414419,0.370300282574011,-0.993441027968045
"1081","KEN","Kenya",2009,2.995888037,9.57e-12,5.711312491,4012.194284,40364444,0.400675982,0.553,"KEN2009","10","KEN",2009,-0.914602203241335,1.0972406941289,8.29709357363217,0.380016100807094,0.718859214709761,0.14831057121169,0.34345721951789,-1.06869271796408
"1082","KEN","Kenya",2010,3.015652122,9.37e-12,6.369968627,4211.52463,41517895,0.381547868,0.552,"KEN2010","10","KEN",2010,-0.963518962996348,1.1038160993286,8.3455800060109,0.382523093867236,0.703836033629097,0.16541446246544,0.354460254507013,-1.03715905634205
"1083","KEN","Kenya",2011,3.063881444,9.28e-12,8.024086642,4307.106116,42635144,0.384999752,0.56,"KEN2011","10","KEN",2011,-0.954512588850405,1.11968255791825,8.36802152278171,0.388640785404655,0.697075602142798,0.208368369827851,0.383607141679818,-0.958136318628383
"1084","KEN","Kenya",2012,3.005252629,9.27e-12,7.079135819,4387.937901,43725806,0.400718182,0.565,"KEN2012","10","KEN",2012,-0.914496886776767,1.10036163400427,8.38661466928951,0.381203960865127,0.696324443088765,0.18383001782086,0.36542239366854,-1.00670135156159
"1085","KEN","Kenya",2013,3.054697395,9.09e-12,8.092363319,4443.371216,44792368,0.401649535,0.57,"KEN2013","10","KEN",2013,-0.912175374087373,1.11668053534439,8.39916865019973,0.38747582648513,0.682803580116167,0.210141369113438,0.381666451190396,-0.963208216228715
"1086","KEN","Kenya",2014,3.07097163,8.57e-12,8.685121903,4558.551553,45831863,0.415834993,0.576,"KEN2014","10","KEN",2014,-0.877466748850173,1.1219940033828,8.4247602101636,0.389540146396935,0.643743309306442,0.225534041869868,0.383847766727738,-0.957509245811027
"1087","KEN","Kenya",2015,3.067641094,8.42e-12,7.872170728,4679.621828,46851488,0.429577619,0.583,"KEN2015","10","KEN",2015,-0.844952834444407,1.12090889295914,8.45097257966381,0.389117681575591,0.632475923495944,0.204423438427759,0.369163326568819,-0.996516113441
"1088","KEN","Kenya",2016,3.143586066,8.32e-12,8.666809731,4770.310464,47894670,0.435975641,0.594,"KEN2016","10","KEN",2016,-0.830168906459903,1.14536420750229,8.47016666855679,0.398750989556033,0.624964332955612,0.225058513925332,0.38278139230519,-0.960291230027892
"1089","KEN","Kenya",2017,3.098998302,8.24e-12,9.05758578,4846.862109,48948137,0.431719154,0.599,"KEN2017","10","KEN",2017,-0.839980008630358,1.13107893088678,8.48608678670953,0.393095214704062,0.618955060523347,0.235206132206483,0.385361660914956,-0.953573006634801
"1090","KEN","Kenya",2018,3.091425091,8e-12,7.071757795,5017.667847,49953304,0.454650432,0.605,"KEN2018","10","KEN",2018,-0.788226436629208,1.12863217909054,8.52072053242787,0.392134583973118,0.60092724322655,0.183638426316179,0.351080628643245,-1.04673937066154
"1091","KEN","Kenya",2019,3.353486493,8.05e-12,7.476103531,5171.712643,50951450,0.481820345,0.611,"KEN2019","10","KEN",2019,-0.730183962627731,1.21000054881732,8.55095917821675,0.425375997180203,0.604683038496716,0.194138420348666,0.36824547546924,-0.999005510288564
"1092","KEN","Kenya",2020,3.168662244,7.93e-12,6.706667027,5057.401155,51985780,0.488941938,0.6,"KEN2020","10","KEN",2020,-0.715511532753284,1.15330949377268,8.52860802460968,0.401931799809626,0.595669129848318,0.174157799852206,0.346763568594448,-1.05911208978293
"1093","KWT","Kuwait",2000,34.8010537,2.66e-11,321.8867517,60585.30271,1934901,0.817754507,0.778,"KWT2000","4","KWT",2000,-0.201193101114448,3.54964766505767,11.0118076131044,4.41437082017772,1.99808308372828,8.35871055651936,4.19315143727304,1.43345258422449
"1094","KWT","Kuwait",2001,33.46379526,2.77e-11,412.6128994,59099.66534,1991674,0.725286365,0.777,"KWT2001","4","KWT",2001,-0.321188715907082,3.51046411590459,10.9869805407724,4.24474507586951,2.08071057967193,10.7146745858781,4.55701814758301,1.5166684946269
"1095","KWT","Kuwait",2002,40.58599474,3.12e-11,380.6764514,59348.61731,2047364,0.73794502,0.783,"KWT2002","4","KWT",2002,-0.303885955801813,3.70342304995343,10.9911841025465,5.14816684668781,2.34361624858355,9.8853533304195,4.92240228366237,1.59379668037674
"1096","KWT","Kuwait",2003,40.86049499,3.14e-11,411.6107178,67984.31454,2101506,0.843866527,0.795,"KWT2003","4","KWT",2003,-0.169760940257089,3.71016370360881,11.1270322890208,5.18298607670818,2.35863942966421,10.6886500729858,5.07444035251752,1.62421624348107
"1097","KWT","Kuwait",2004,43.8387496,3.08e-11,826.9736847,73298.06222,2153481,0.952436149,0.798,"KWT2004","4","KWT",2004,-0.0487322093988422,3.78051812033519,11.2022894512361,5.5607654496771,2.31356988642222,21.4747380305606,6.51300919828729,1.8738015918598
"1098","KWT","Kuwait",2005,46.38222058,3.25e-11,969.9237963,78193.90125,2235403,1.111425042,0.798,"KWT2005","4","KWT",2005,0.105643013551539,3.83691620864591,11.2669469343617,5.88339430375921,2.44126692560786,25.1868467165377,7.12534133926705,1.96365763227275
"1099","KWT","Kuwait",2006,42.15544683,2.59e-11,608.1107991,79521.34848,2363409,1.209480405,0.799,"KWT2006","4","KWT",2006,0.190190850027242,3.74136390101008,11.2837807989332,5.34724540245473,1.94550194994596,15.7913369504191,5.47680017343218,1.70052102046048
"1100","KWT","Kuwait",2007,41.55202344,2.85e-11,968.5565997,79474.76118,2506769,1.185400128,0.801,"KWT2007","4","KWT",2007,0.170080378352023,3.72694621903267,11.2831947808044,5.27070362219741,2.14080330399458,25.1513435447144,6.57156564555147,1.88275210632189
"1101","KWT","Kuwait",2008,44.43199893,3.51e-11,1562.537993,77036.50842,2650930,1.369291067,0.805,"KWT2008","4","KWT",2008,0.314293136563501,3.7939599064827,11.2520347237939,5.63601669218307,2.63656827965649,40.5757700435723,8.44810600571418,2.13394227491006
"1102","KWT","Kuwait",2009,35.02933276,3.01e-11,1058.788521,67896.26808,2795550,0.982105911,0.809,"KWT2009","4","KWT",2009,-0.018056124101158,3.55618578935456,11.1257363500334,4.44332708196245,2.26098875263989,27.4944735714148,6.51254441450518,1.87373022694186
"1103","KWT","Kuwait",2010,35.83104174,3e-11,701.1196506,62956.21532,2943356,1.000157952,0.812,"KWT2010","4","KWT",2010,0.000157939526896171,3.57881460541277,11.0501947688321,4.54502057544383,2.25347716209956,18.2065779156868,5.71310816115881,1.7427632120257
"1104","KWT","Kuwait",2011,33.98811344,2.4e-11,613.8905387,64844.50189,3143825,1.221919656,0.817,"KWT2011","4","KWT",2011,0.200423110633739,3.52601085878431,11.079747404192,4.31125268492736,1.80278172967965,15.9414244273137,4.98529945188334,1.60649347219807
"1105","KWT","Kuwait",2012,32.92015376,2.57e-11,350.5463649,64908.26275,3394663,1.363455296,0.822,"KWT2012","4","KWT",2012,0.310022136554072,3.49408504651485,11.0807302096885,4.17578638298264,1.93047876886529,9.10293942004174,4.1866017628609,1.4318893697504
"1106","KWT","Kuwait",2013,33.23745968,2.55e-11,426.3780794,62458.80891,3646518,1.251291752,0.814,"KWT2013","4","KWT",2013,0.224176419322354,3.50367754348078,11.0422625610107,4.21603533654573,1.91545558778463,11.0721268723444,4.47166363182359,1.49776051652649
"1107","KWT","Kuwait",2014,31.37222004,2.32e-11,311.0030023,60065.65444,3761584,1.111589909,0.818,"KWT2014","4","KWT",2014,0.105791340939286,3.44592278922357,11.003193483626,3.97943734412762,1.742689005357,8.07608286052434,3.82602182307237,1.34182557488898
"1108","KWT","Kuwait",2015,33.01996899,2.32e-11,261.6114055,57763.51744,3908743,0.730358183,0.832,"KWT2015","4","KWT",2015,-0.314220203530928,3.49711249936374,10.9641126692195,4.1884475352144,1.742689005357,6.79348872020916,3.67385442214876,1.30124136220516
"1109","KWT","Kuwait",2016,33.97684839,1.87e-11,221.3187799,56936.62084,4048085,0.661191881,0.836,"KWT2016","4","KWT",2016,-0.41371119230001,3.52567936297235,10.9496940130928,4.30982375957249,1.40466743104206,5.74717540295124,3.26459385357234,1.18313536098541
"1110","KWT","Kuwait",2017,32.87694947,1.99e-11,234.6748473,52285.58712,4124904,0.664997041,0.838,"KWT2017","4","KWT",2017,-0.407972687960243,3.49277178820747,10.8644760311941,4.17030609612907,1.49480651752604,6.09400391012141,3.36164525314249,1.21243051280478
"1111","KWT","Kuwait",2018,31.48030091,1.86e-11,191.8658562,51623.80791,4317185,0.799157739,0.84,"KWT2018","4","KWT",2018,-0.224196932175073,3.44936198227099,10.851738238665,3.99314695886688,1.39715584050173,4.98234596231307,3.02922366963573,1.10830637205103
"1112","KWT","Kuwait",2019,31.69372708,1.59e-11,231.260452,51380.6455,4441100,0.812480628,0.843,"KWT2019","4","KWT",2019,-0.207663207524019,3.45611877738996,10.8470168338391,4.02021919251911,1.19434289591277,6.00533936618628,3.06647037010135,1.12052718358861
"1113","KWT","Kuwait",2020,25.46361347,1.04e-11,92.25447592,49372.57295,4360444,0.735179424,0.837,"KWT2020","4","KWT",2020,-0.30764069527463,3.23725051039553,10.8071503455522,3.22995485272483,0.781205416194515,2.39565144475831,1.82163673681019,0.599735402895058
"1114","LKA","Sri Lanka",2000,2.781573579,2.73e-11,93.53447618,6428.613419,18776371,0.619193316,0.702,"LKA2000","4","LKA",2000,-0.479337751338525,1.02301680317633,8.76851415152026,0.352831191468059,2.0506642175106,2.42889031410942,1.2067662136645,0.187944231278852
"1115","LKA","Sri Lanka",2001,2.60643879,2.69e-11,92.14529432,6230.030519,18920275,0.627419055,0.704,"LKA2001","4","LKA",2001,-0.466140612312836,0.957984841351584,8.73713651048539,0.330616062327886,2.02061785534927,2.39281623210145,1.16924582321404,0.156358945425086
"1116","LKA","Sri Lanka",2002,2.620078483,2.68e-11,106.0757494,6409.862789,19110707,0.666618288,0.709,"LKA2002","4","LKA",2002,-0.405537678741349,0.963204272667865,8.76559314391338,0.332346201400525,2.01310626480894,2.75456035893907,1.22603604266553,0.203786235667153
"1117","LKA","Sri Lanka",2003,2.698720914,2.58e-11,101.528394,6741.012488,19303180,0.651834309,0.713,"LKA2003","4","LKA",2003,-0.427964876651912,0.992777925206587,8.81596541339586,0.34232167098334,1.93799035940562,2.6364752641488,1.20485995116992,0.18636333709269
"1118","LKA","Sri Lanka",2004,2.719860891,2.53e-11,112.1074257,7059.910981,19490431,0.615960896,0.695,"LKA2004","4","LKA",2004,-0.484571797983071,1.00058073598535,8.86218772148428,0.345003190296303,1.90043240670396,2.91119009314231,1.24045791461902,0.215480597430737
"1119","LKA","Sri Lanka",2005,2.82809272,2.68e-11,100.9293677,7452.742341,19673866,0.597744405,0.721,"LKA2005","4","LKA",2005,-0.514592032787885,1.03960253391836,8.91633734310471,0.358731953565102,2.01310626480894,2.62091983221195,1.23698234180179,0.2126748182897
"1120","LKA","Sri Lanka",2006,2.882521133,2.75e-11,107.5979509,7970.66491,19870706,0.647475541,0.724,"LKA2006","4","LKA",2006,-0.434674260639294,1.05866530461729,8.9835231949042,0.36563597435157,2.06568739859127,2.79408867652282,1.28267875444198,0.248950668032196
"1121","LKA","Sri Lanka",2007,2.92321886,2.67e-11,127.3564449,8454.206753,20078655,0.66939348,0.729,"LKA2007","4","LKA",2007,-0.401383230318076,1.0726853584544,9.04241943706142,0.370798313976831,2.00559467426861,3.3071745103028,1.34983083101629,0.299979274240036
"1122","LKA","Sri Lanka",2008,3.058882282,2.95e-11,133.5859292,8897.82686,20285643,0.647077739,0.73,"LKA2008","4","LKA",2008,-0.435288838685121,1.11804958191767,9.09356235287143,0.388006662224122,2.2159192093979,3.46894089523501,1.43945027966046,0.36426129046695
"1123","LKA","Sri Lanka",2009,2.841203068,2.84e-11,101.8502784,9156.319065,20482477,0.676132798,0.723,"LKA2009","4","LKA",2009,-0.391365775486746,1.04422757796636,9.12219952810618,0.360394947397199,2.13329171345425,2.6448339136367,1.26690032740806,0.236573230058278
"1124","LKA","Sri Lanka",2010,3.031235938,2.96e-11,109.5752783,9832.186223,20668557,0.680428207,0.748,"LKA2010","4","LKA",2010,-0.385032962823548,1.10897043668259,9.19341659156691,0.384499836962731,2.22343079993824,2.84543564039997,1.34489851726013,0.29631855835596
"1125","LKA","Sri Lanka",2011,3.419914164,3.08e-11,112.7840058,10618.4926,20859743,0.727969944,0.753,"LKA2011","4","LKA",2011,-0.317495517352015,1.22961545251393,9.27035234498519,0.433802074592761,2.31356988642222,2.92875943140906,1.43247147494549,0.359401256630478
"1126","LKA","Sri Lanka",2012,3.567865864,2.98e-11,80.735658,11447.69377,21017147,0.753077745,0.759,"LKA2012","4","LKA",2012,-0.283586809499897,1.27196761984068,9.34554357122791,0.452569140466852,2.2384539810189,2.09653237745273,1.28541952916575,0.251085146904632
"1127","LKA","Sri Lanka",2013,3.264962676,3.02e-11,78.79281822,12249.72234,21131756,0.724399984,0.764,"LKA2013","4","LKA",2013,-0.322411575060124,1.18324833111635,9.41325854959354,0.414147114341649,2.26850034318023,2.04608098331195,1.24338446225937,0.217837066602726
"1128","LKA","Sri Lanka",2014,3.293723773,2.9e-11,65.5612195,12909.96631,21239457,0.699659705,0.767,"LKA2014","4","LKA",2014,-0.357161197855294,1.19201877061929,9.46575487423233,0.417795341445562,2.17836125669624,1.70248466157339,1.1571568619969,0.145966015510125
"1129","LKA","Sri Lanka",2015,3.57623103,3.01e-11,70.08232056,13329.77934,21336697,0.704810739,0.769,"LKA2015","4","LKA",2015,-0.349825967529597,1.27430946092911,9.49775585939733,0.45363022743895,2.26098875263989,1.81988798730124,1.23125596837809,0.208034760906089
"1130","LKA","Sri Lanka",2016,3.600693168,2.96e-11,69.57831553,13845.61468,21425494,0.699505627,0.772,"LKA2016","4","LKA",2016,-0.357381440591587,1.281126373594,9.53572383187486,0.456733149238882,2.22343079993824,1.80680005453435,1.22423675833174,0.202317595394557
"1131","LKA","Sri Lanka",2017,3.514349277,2.95e-11,54.87962424,14572.48582,21506813,0.678645492,0.777,"LKA2017","4","LKA",2017,-0.387656390859503,1.25685438067066,9.58689049685353,0.445780781065875,2.2159192093979,1.42510647626851,1.12074684668178,0.113995290470854
"1132","LKA","Sri Lanka",2018,3.51396842,3.01e-11,72.61975172,14759.82489,21670000,0.693668127,0.782,"LKA2018","4","LKA",2018,-0.365761636020962,1.25674600281502,9.59966423426295,0.445732470918661,2.26098875263989,1.88577964799096,1.23866692090203,0.214035737532681
"1133","LKA","Sri Lanka",2019,3.47440225,3.02e-11,65.97532269,14637.44429,21803000,0.675115824,0.781,"LKA2019","4","LKA",2019,-0.392871011718567,1.24542244983209,9.59133820192093,0.440713664654349,2.26850034318023,1.71323803581902,1.19647700888603,0.179381412875392
"1134","LKA","Sri Lanka",2020,3.302989361,3.02e-11,61.34470235,13886.65137,21919000,0.635330439,0.78,"LKA2020","4","LKA",2020,-0.453610039060327,1.19482792539226,9.53868332461,0.418970643252559,2.26850034318023,1.59299072860687,1.14827320414995,0.138259252292999
"1135","LTU","Lithuania",2000,9.679319195,4.88e-12,10.06338175,15771.42696,3499536,0.712622523,0.778,"LTU2000","1","LTU",2000,-0.338803419517856,2.2699915677201,9.6659551615959,1.22778191091364,0.366565618368196,0.261324502557989,0.489949174673653,-0.713453618413102
"1136","LTU","Lithuania",2001,9.572234951,6e-12,57.35354887,16933.02255,3470818,0.743004441,0.787,"LTU2001","1","LTU",2001,-0.297053257162456,2.25886671539888,9.73702099138358,1.2141987140918,0.450695432419913,1.48934900818883,0.934092321245449,-0.0681800006216
"1137","LTU","Lithuania",2002,9.6308235,2.99e-12,13.37030431,18216.54526,3443067,0.768033385,0.799,"LTU2002","1","LTU",2002,-0.263922076727177,2.26496873617261,9.8100855403215,1.2216304310545,0.224596557155923,0.347198209275891,0.456709597255912,-0.783707544657018
"1138","LTU","Lithuania",2003,10.17531978,5e-12,22.39144642,20302.98488,3415213,0.78770417,0.812,"LTU2003","1","LTU",2003,-0.238632678393257,2.31996515884464,9.91852319264443,1.2906975492759,0.375579527016594,0.581457977310694,0.655664358655949,-0.422106269365071
"1139","LTU","Lithuania",2004,10.75083549,5.18e-12,16.90627254,21867.28615,3377075,0.757447004,0.821,"LTU2004","1","LTU",2004,-0.27780170576222,2.37498347155363,9.99274701589327,1.3636993548729,0.389100389989191,0.439019742207959,0.615301703102186,-0.485642557317881
"1140","LTU","Lithuania",2005,11.00507388,3.74e-12,19.68319352,23944.70199,3322528,0.769691467,0.828,"LTU2005","1","LTU",2005,-0.261765536640773,2.39835642826802,10.0835023670948,1.3959484511175,0.280933486208412,0.511130441351549,0.5852411821604,-0.535731239515908
"1141","LTU","Lithuania",2006,11.8703876,5.34e-12,20.09598511,26129.33926,3269909,0.770930171,0.834,"LTU2006","1","LTU",2006,-0.260157478910864,2.4740468618374,10.1708140715512,1.50570994480088,0.401118934853722,0.521849756150162,0.680539475989122,-0.384869448302578
"1142","LTU","Lithuania",2007,13.38068766,5.65e-12,21.06796243,29370.77397,3231294,0.767309129,0.839,"LTU2007","1","LTU",2007,-0.26486552230641,2.59381244799826,10.2877553762459,1.69728530835306,0.424404865528751,0.547089928485535,0.733158671045852,-0.310393132518777
"1143","LTU","Lithuania",2008,13.54029022,5.87e-12,24.74604801,30445.78095,3198231,0.753641129,0.849,"LTU2008","1","LTU",2008,-0.282838980510724,2.60566970152325,10.3237027068879,1.71753023799695,0.440930364717481,0.642601945065768,0.786572596161573,-0.24007025793153
"1144","LTU","Lithuania",2009,11.53943691,5.09e-12,19.87730987,26217.54493,3162916,0.718833625,0.851,"LTU2009","1","LTU",2009,-0.330125345812373,2.44577046526207,10.1741841194479,1.46373020816854,0.382339958502892,0.516171227824955,0.661050805931701,-0.413924579857724
"1145","LTU","Lithuania",2010,12.41264472,3.92e-12,20.23200573,26887.49131,3097282,0.679784775,0.854,"LTU2010","1","LTU",2010,-0.385979038263949,2.51871568851782,10.1994164503774,1.57449303476696,0.29445434918101,0.525381920758658,0.624517501668882,-0.470775924718917
"1146","LTU","Lithuania",2011,12.72340781,4.12e-12,18.96449994,29240.74879,3028115,0.748445153,0.86,"LTU2011","1","LTU",2011,-0.289757353692366,2.5434434316218,10.283318521949,1.61391205719973,0.309477530261673,0.492467506072847,0.626559312964433,-0.467511835600641
"1147","LTU","Lithuania",2012,12.52642832,4.26e-12,15.3987527,30920.3304,2987773,0.775237143,0.862,"LTU2012","1","LTU",2012,-0.254586305466736,2.52784067799409,10.3391691882846,1.58892601739975,0.319993757018138,0.399872675936296,0.588015765490863,-0.531001519383656
"1148","LTU","Lithuania",2013,12.51832685,4.74e-12,17.38566617,32474.64135,2957689,0.746126056,0.865,"LTU2013","1","LTU",2013,-0.292860717181877,2.52719371856266,10.3882147975979,1.5878983791829,0.356049391611731,0.451468569550638,0.634337166761619,-0.455174657132812
"1149","LTU","Lithuania",2014,12.2733034,5.24e-12,18.28846137,33975.08438,2932367,0.756359398,0.866,"LTU2014","1","LTU",2014,-0.279238621586723,2.50742644824194,10.4333827226071,1.55681816025438,0.39360734431339,0.47491223018209,0.6626814472955,-0.411460875910594
"1150","LTU","Lithuania",2015,12.37762667,5.22e-12,16.11769772,35251.29869,2904910,0.752126098,0.869,"LTU2015","1","LTU",2015,-0.284851285578967,2.51589054209322,10.4702576498313,1.57005113885679,0.392105026205324,0.418542140574069,0.636334006201162,-0.452031686510974
"1151","LTU","Lithuania",2016,12.80061642,6.15e-12,16.54741752,36618.14684,2868231,0.747375667,0.875,"LTU2016","1","LTU",2016,-0.291187319324534,2.54949332757852,10.5082992118142,1.62370565247384,0.46196281823041,0.429701044783812,0.685635945577503,-0.377408483700851
"1152","LTU","Lithuania",2017,13.03072118,6.91e-12,18.21372421,38774.4892,2828403,0.761875689,0.885,"LTU2017","1","LTU",2017,-0.271971874399184,2.56730973726438,10.5655178145215,1.65289349680995,0.519050906336933,0.472971465969344,0.740337796232536,-0.300648715544539
"1153","LTU","Lithuania",2018,14.10173406,5.95e-12,23.29502186,41019.79016,2801543,0.760398388,0.889,"LTU2018","1","LTU",2018,-0.273912788306985,2.64629777280106,10.6218099160599,1.78874708464273,0.446939637149747,0.604921899106329,0.784932610790721,-0.242157411011189
"1154","LTU","Lithuania",2019,14.67061029,6.51e-12,34.70355901,43062.32284,2794137,0.78914988,0.894,"LTU2019","1","LTU",2019,-0.236799014199568,2.68584619251658,10.6704037137272,1.86090669945361,0.489004544175605,0.901177210660825,0.936014475044438,-0.0661243378330576
"1155","LTU","Lithuania",2020,13.4726786,4.71e-12,15.64827521,43091.79737,2794885,0.793417871,0.888,"LTU2020","1","LTU",2020,-0.231405246577815,2.60066382737153,10.6710879417381,1.70895398151329,0.353795914449631,0.406352241893611,0.626318558667505,-0.467896157656833
"1156","LUX","Luxembourg",2000,35.10740176,4.06e-11,78.8716684,114141.5853,436300,1.267989397,0.861,"LUX2000","1","LUX",2000,0.237432493992691,3.5584119845938,11.6451949330778,4.45322981417657,3.04970575937474,2.04812855385801,3.02991249947099,1.10853374104192
"1157","LUX","Luxembourg",2001,34.0320721,3.75e-11,69.35427779,116258.4268,441525,1.243984103,0.863,"LUX2001","1","LUX",2001,0.21831921529643,3.5273033770499,11.6635708094246,4.3168286605191,2.81684645262445,1.80098227355236,2.79777299922575,1.02882374329726
"1158","LUX","Luxembourg",2002,35.57696542,4.01e-11,72.25779873,118757.5305,446175,1.252523661,0.868,"LUX2002","1","LUX",2002,0.225160444816414,3.57169838967402,11.6848391346231,4.51279203711351,3.01214780667308,1.87638050291121,2.94361384553317,1.07963802566475
"1159","LUX","Luxembourg",2003,38.9703221,5.15e-11,122.9245901,120396.2578,451630,1.120311975,0.87,"LUX2003","1","LUX",2003,0.113607195626546,3.66280038464877,11.6985437299785,4.94322540386663,3.86846912827092,3.19208871908562,3.93738758537963,1.37051745399934
"1160","LUX","Luxembourg",2004,46.21082332,7.44e-11,212.4021386,123720.2615,458095,1.04467833,0.878,"LUX2004","1","LUX",2004,0.0437090198492152,3.8332140416462,11.7257783404405,5.86165326483192,5.58862336200692,5.51562929746732,5.65336048333276,1.73225014416043
"1161","LUX","Luxembourg",2005,39.05280235,4.3e-11,113.682203,124866.8588,465158,0.950338721,0.879,"LUX2005","1","LUX",2005,-0.0509368095147812,3.66491463683504,11.7350033190308,4.95368768503718,3.22998393234271,2.95208369181376,3.6148133975483,1.28504023534296
"1162","LUX","Luxembourg",2006,36.80217595,2.39e-11,67.96766515,130284.9675,472637,0.978981733,0.88,"LUX2006","1","LUX",2006,-0.0212422954612514,3.60555697250292,11.7774793880768,4.66820496394125,1.79527013913932,1.76497490869326,2.45474331716783,0.898022200655095
"1163","LUX","Luxembourg",2007,38.79457441,3.82e-11,109.5578054,138677.9655,479993,1.006786227,0.883,"LUX2007","1","LUX",2007,0.00676330420929001,3.65828040205762,11.839909729227,4.92093253075027,2.86942758640678,2.84498190655442,3.42484348864462,1.23105577392396
"1164","LUX","Luxembourg",2008,37.73680662,3.28e-11,100.2043526,135812.2223,488650,0.915201008,0.896,"LUX2008","1","LUX",2008,-0.0886115569586087,3.63063592109801,11.8190284922659,4.78675902821923,2.46380169722886,2.60209274057802,3.13080987811982,1.14129171808597
"1165","LUX","Luxembourg",2009,44.12980788,1.06e-10,425.5874273,129002.2402,497783,0.939378202,0.905,"LUX2009","1","LUX",2009,-0.0625371098313396,3.78713546977096,11.7675850490845,5.59768499784018,7.96228597275179,11.0515953281914,7.8975139265009,2.0665480170988
"1166","LUX","Luxembourg",2010,41.24956914,5.31e-11,185.8637379,131432.0596,506953,0.940670431,0.909,"LUX2010","1","LUX",2010,-0.0611624334737014,3.71964066763523,11.7862453400525,5.23233853567253,3.98865457691623,4.82648378615726,4.65283556827003,1.53747683337499
"1167","LUX","Luxembourg",2011,35.54961032,2.86e-11,57.93401236,129885.3698,518347,0.76941067,0.911,"LUX2011","1","LUX",2011,-0.26213042081105,3.57092919472644,11.77440756968,4.5093221549581,2.14831489453492,1.50442240364829,2.44264112652573,0.893079882805334
"1168","LUX","Luxembourg",2012,32.96917009,2.72e-11,48.23206781,128895.4051,530946,0.819947422,0.914,"LUX2012","1","LUX",2012,-0.198515060291777,3.49557288509561,11.7667565412787,4.18200390325457,2.04315262697027,1.25248365220682,2.20369982283484,0.790137685479161
"1169","LUX","Luxembourg",2013,35.36485621,5.41e-11,167.9898732,129945.4538,543360,0.799787998,0.919,"LUX2013","1","LUX",2013,-0.223408588933577,3.56571856459534,11.774870055233,4.48588685443179,4.06377048231954,4.36233774484105,4.30030168755311,1.4586851801345
"1170","LUX","Luxembourg",2014,34.08671912,5.1e-11,129.2327261,130247.6617,556319,0.866558731,0.924,"LUX2014","1","LUX",2014,-0.143225392550413,3.52890783980517,11.7771930070552,4.32376041070624,3.83091117556926,3.35589752046277,3.81643143587371,1.3393158069106
"1171","LUX","Luxembourg",2015,34.02937683,5.4e-11,110.9324139,130097.2562,569604,0.953681409,0.913,"LUX2015","1","LUX",2015,-0.0474256161387034,3.5272241759737,11.7760375743474,4.31648677658239,4.05625889177921,2.8806775495697,3.69473739627428,1.30690948185408
"1172","LUX","Luxembourg",2016,32.48723405,4.42e-11,146.1586532,133661.6497,582014,0.979903221,0.916,"LUX2016","1","LUX",2016,-0.0203014662756574,3.48084721370863,11.8030668834997,4.12087229469733,3.32012301882669,3.7954276495608,3.73079468683371,1.31662126373364
"1173","LUX","Luxembourg",2017,32.50797063,3.02e-11,165.9813149,132169.834,596336,1.028514862,0.913,"LUX2017","1","LUX",2017,0.0281158801766228,3.48148530942064,11.7918429957928,4.12350264475659,2.26850034318023,4.31017978128111,3.42899488562465,1.2322671819733
"1174","LUX","Luxembourg",2018,32.13911995,3.1e-11,59.41304301,131733.8846,607950,0.964015782,0.915,"LUX2018","1","LUX",2018,-0.0366476131363062,3.47007397816721,11.7885391408956,4.07671544995408,2.32859306750288,1.54282966658247,2.44666209407575,0.8947246850502
"1175","LUX","Luxembourg",2019,31.53424899,4.67e-11,76.16436808,132724.7527,620001,1.008606315,0.916,"LUX2019","1","LUX",2019,0.00856949179496186,3.45107422470598,11.7960327341991,3.99999005138384,3.50791278233499,1.97782575436429,3.0276005487959,1.10777040771719
"1176","LUX","Luxembourg",2020,27.57536615,3.3e-11,49.12071971,129865.63,630419,0.990028739,0.916,"LUX2020","1","LUX",2020,-0.0100213069819139,3.31692284338323,11.7742555795043,3.4978220124489,2.47882487830952,1.27556004158405,2.2279981176404,0.801103477199508
"1177","LVA","Latvia",2000,8.800158317,2.78e-12,7.988734993,14554.21317,2367550,0.561133325,0.764,"LVA2000","1","LVA",2000,-0.577796745723668,2.17476971189051,9.58563579563225,1.11626396207391,0.208822217021226,0.207450363106152,0.364322451152942,-1.00971594866743
"1178","LVA","Latvia",2001,9.170584126,2.75e-12,9.732391962,15695.90672,2337170,0.633184135,0.775,"LVA2001","1","LVA",2001,-0.456994006563963,2.21600098391248,9.66115523887209,1.16325095552493,0.206568739859127,0.252729405616458,0.393065202479439,-0.933779771257462
"1179","LVA","Latvia",2002,9.555898558,2.58e-12,9.50950453,17096.55944,2310173,0.637887955,0.786,"LVA2002","1","LVA",2002,-0.449592630182448,2.25715861387771,9.74663251990766,1.21212650969282,0.193799035940562,0.24694149567318,0.387107166997394,-0.949053706980948
"1180","LVA","Latvia",2003,11.25303087,3.77e-12,15.70009695,18717.66755,2287955,0.598752618,0.798,"LVA2003","1","LVA",2003,-0.512906757823982,2.42063750303256,9.83722314558074,1.42740077755425,0.283186963370512,0.40769794165574,0.548259166447482,-0.601007172357457
"1181","LVA","Latvia",2004,10.85058981,2.93e-12,10.56573505,20574.1182,2263122,0.614945948,0.809,"LVA2004","1","LVA",2004,-0.486220904469016,2.38421943887766,9.93178916678967,1.37635278092116,0.220089602831724,0.274369543429151,0.436403673140463,-0.829187608146493
"1182","LVA","Latvia",2005,13.3971596,3.74e-12,14.17682576,23213.35394,2238799,0.650930703,0.818,"LVA2005","1","LVA",2005,-0.429352089444061,2.59504271433876,10.0524829929218,1.69937470633264,0.280933486208412,0.368141846510322,0.560147774597313,-0.579554646854505
"1183","LVA","Latvia",2006,12.9507466,3.66e-12,12.33301018,26431.81402,2218357,0.587104797,0.823,"LVA2006","1","LVA",2006,-0.532551945275985,2.56115343899336,10.1823236401277,1.64274904959432,0.274924213776147,0.320261899070967,0.524924081482463,-0.644501633547142
"1184","LVA","Latvia",2007,13.92002259,4.79e-12,21.44996141,29423.73712,2200325,0.600548387,0.829,"LVA2007","1","LVA",2007,-0.509912062856529,2.63332827774978,10.2895570126008,1.76569773051184,0.359805186881897,0.557009625055345,0.707319274479665,-0.346273124527288
"1185","LVA","Latvia",2008,12.6396564,4.15e-12,15.59436456,28726.97229,2177322,0.556331933,0.837,"LVA2008","1","LVA",2008,-0.586390161067673,2.53683920480493,10.2655917614565,1.60328853460068,0.311731007423773,0.404952297606113,0.587126729424193,-0.532514589058404
"1186","LVA","Latvia",2009,10.2394555,3.58e-12,11.09483724,24520.67915,2141669,0.519259274,0.836,"LVA2009","1","LVA",2009,-0.655351956009868,2.32624844436946,10.1072720874643,1.29883290211147,0.268914941343881,0.288109195768594,0.465130813986396,-0.765436592557093
"1187","LVA","Latvia",2010,10.8822693,4.02e-12,13.36344533,24119.73078,2097555,0.514868796,0.833,"LVA2010","1","LVA",2010,-0.663843175825072,2.38713479504663,10.0907854890873,1.38037119419852,0.301965939721341,0.347020096233865,0.524931729350268,-0.644487064179183
"1188","LVA","Latvia",2011,11.614688,3.82e-12,12.00578299,25308.73221,2059709,0.50257051,0.84,"LVA2011","1","LVA",2011,-0.688019330484653,2.45227050404497,10.1389047618065,1.47327550006534,0.286942758640678,0.311764508752827,0.508903342348012,-0.675497177619545
"1189","LVA","Latvia",2012,11.84266366,3.57e-12,11.0417211,27496.54546,2034319,0.529641747,0.843,"LVA2012","1","LVA",2012,-0.635554450049138,2.4717085754374,10.2218156561275,1.50219327680538,0.268163782289848,0.286729883206661,0.48700448939866,-0.719481937464296
"1190","LVA","Latvia",2013,11.72052807,3.51e-12,13.83640597,28375.18429,2012647,0.538461804,0.852,"LVA2013","1","LVA",2013,-0.619038715263488,2.46134184030106,10.2532702495644,1.48670087852202,0.263656827965649,0.359301872583799,0.520284275556605,-0.653379933021091
"1191","LVA","Latvia",2014,11.77123179,3.33e-12,10.86993764,29243.74125,1993782,0.552632093,0.854,"LVA2014","1","LVA",2014,-0.593062791812919,2.46565857085145,10.2834208554052,1.49313243728952,0.250135964993051,0.282269034125567,0.472402915344886,-0.74992302332978
"1192","LVA","Latvia",2015,11.3794298,3.44e-12,9.824841189,30599.61331,1977527,0.570120573,0.859,"LVA2015","1","LVA",2015,-0.561907408944244,2.43180732199471,10.3287426509325,1.44343396301764,0.258398714587417,0.255130114330271,0.456544376211457,-0.784069374008014
"1193","LVA","Latvia",2016,11.38488456,3.52e-12,9.600614207,31668.51484,1959537,0.583220422,0.864,"LVA2016","1","LVA",2016,-0.539190081753998,2.43228655980685,10.3630782435799,1.44412587693446,0.264407987019682,0.249307419138247,0.456602488680715,-0.783942094439809
"1194","LVA","Latvia",2017,11.92624105,3.71e-12,11.23913448,33036.39159,1942248,0.601383686,0.87,"LVA2017","1","LVA",2017,-0.5085221355,2.47874110263819,10.405365008293,1.5127947256817,0.278680009046313,0.291856286498158,0.497376150404055,-0.698408697286615
"1195","LVA","Latvia",2018,12.71379313,3.95e-12,15.00586081,34729.70628,1927174,0.597360671,0.875,"LVA2018","1","LVA",2018,-0.515234208979575,2.54268747734204,10.4553506884608,1.61269247450539,0.296707826343109,0.3896701137893,0.571293417216229,-0.559852335782258
"1196","LVA","Latvia",2019,12.80719742,3.7e-12,11.86704815,35208.19346,1913822,0.615586102,0.88,"LVA2019","1","LVA",2019,-0.485180453620541,2.55000731133254,10.4690341032497,1.62454042531199,0.277928849992279,0.308161861655546,0.5181804384282,-0.657431760643831
"1197","LVA","Latvia",2020,11.98617817,3.63e-12,10.15293525,34225.8976,1900449,0.618404925,0.879,"LVA2020","1","LVA",2020,-0.480611817639733,2.48375416676783,10.4407378762554,1.52039750334051,0.272670736614047,0.263650015434396,0.478124678072597,-0.737883747713778
"1198","MAR","Morocco",2000,2.744398966,9.53e-12,62.35829662,5100.115723,28554415,0.507043362,0.528,"MAR2000","4","MAR",2000,-0.679158752420928,1.00956209506729,8.5370185092393,0.348115744393001,0.715854578493628,1.61931160413198,0.738969136636199,-0.302499122591856
"1199","MAR","Morocco",2001,2.731037064,8.59e-12,69.92377685,5417.578613,28930097,0.535610497,0.539,"MAR2001","4","MAR",2001,-0.624348066776139,1.00468141398497,8.59740424424201,0.346420841968513,0.645245627414508,1.81577094621319,0.740394837552363,-0.300571670818768
"1200","MAR","Morocco",2002,2.783018068,7.91e-12,87.15839428,5544.071777,29301817,0.532968879,0.55,"MAR2002","4","MAR",2002,-0.629292244888689,1.0235359747972,8.62048448757525,0.353014418968773,0.594166811740251,2.26331710301798,0.780097249350631,-0.248336688415582
"1201","MAR","Morocco",2003,2.848431963,8.29e-12,92.95078749,5810.053223,29661270,0.539794385,0.56,"MAR2003","4","MAR",2003,-0.616566980453075,1.04676865445032,8.6673450103892,0.361311903056795,0.622710855793512,2.41373316710335,0.815866913886471,-0.203504033046949
"1202","MAR","Morocco",2004,3.149829573,8.67e-12,89.00298593,5996.390137,30033125,0.526129603,0.567,"MAR2004","4","MAR",2004,-0.642207703058208,1.14734834756435,8.69891292331658,0.399542952792376,0.651254899846774,2.31121720333554,0.844082857127588,-0.169504617252612
"1203","MAR","Morocco",2005,3.190570954,7.58e-12,79.47324859,6103.422363,30431902,0.503783166,0.573,"MAR2005","4","MAR",2005,-0.685609329675085,1.16019988322645,8.71660493595031,0.404710829748358,0.569378562957156,2.06375030485643,0.780550541667923,-0.247755785622976
"1204","MAR","Morocco",2006,3.224422762,7.65e-12,84.66171818,6488.673828,30833022,0.524457991,0.579,"MAR2006","4","MAR",2006,-0.645389947775742,1.17075394570025,8.77781344798565,0.40900479264769,0.574636676335389,2.19848376407793,0.802444492021834,-0.220092595190384
"1205","MAR","Morocco",2007,3.309617319,7.32e-12,73.36413196,6620.590332,31232633,0.512688398,0.586,"MAR2007","4","MAR",2007,-0.668087029666393,1.19683256911004,8.79793981897341,0.419811372520264,0.549848427552293,1.90510961089652,0.760453012859384,-0.273840953728831
"1206","MAR","Morocco",2008,3.500232793,7.59e-12,69.24574081,6901.950684,31634992,0.523282826,0.593,"MAR2008","4","MAR",2008,-0.647633184793388,1.25282947856924,8.83955935845711,0.443990163011885,0.570129722011189,1.79816380029831,0.769234511021203,-0.262359400151759
"1207","MAR","Morocco",2009,3.324390866,7.12e-12,78.15348081,7063.727051,32042877,0.51609832,0.598,"MAR2009","4","MAR",2009,-0.661457989015858,1.20128645912949,8.86272810209786,0.421685336318875,0.53482524647163,2.0294787580575,0.770657902967155,-0.260510709505047
"1208","MAR","Morocco",2010,3.434705581,7e-12,65.9229905,7210.636719,32464865,0.484855264,0.607,"MAR2010","4","MAR",2010,-0.723904857324446,1.2339312105016,8.88331253692076,0.435678305127524,0.525811337823231,1.71187908076204,0.731963887848187,-0.312024099778493
"1209","MAR","Morocco",2011,3.554005936,7.08e-12,62.95554929,7503.792969,32903699,0.504430413,0.619,"MAR2011","4","MAR",2011,-0.684325381308591,1.26807539996179,8.92316390088649,0.450811065488422,0.531820610255497,1.6348209786908,0.731829611260488,-0.312207563618381
"1210","MAR","Morocco",2012,3.538667427,6.88e-12,54.44409476,7628.644043,33352169,0.509952605,0.629,"MAR2012","4","MAR",2012,-0.673437488954702,1.26375022322613,8.93966539459299,0.448865438579009,0.516797429174833,1.41379670709372,0.689616788742179,-0.371619214305194
"1211","MAR","Morocco",2013,3.547624548,6.65e-12,54.80531794,7839.032227,33803527,0.515423238,0.639,"MAR2013","4","MAR",2013,-0.662766894469448,1.26627823810384,8.96687066529138,0.450001612613165,0.49952077093207,1.42317690056853,0.683925561990883,-0.379906194780438
"1212","MAR","Morocco",2014,3.51793824,6.38e-12,52.78067457,7951.79834,34248603,0.496582747,0.648,"MAR2014","4","MAR",2014,-0.700005148758878,1.25787509073205,8.9811533883569,0.44623602629145,0.479239476473174,1.37060124214013,0.664267154220416,-0.409070869729618
"1213","MAR","Morocco",2015,3.429245418,6.35e-12,49.81747937,8198.808594,34680458,0.516459644,0.659,"MAR2015","4","MAR",2015,-0.660758127066513,1.23234024222327,9.0117441292816,0.43498570586233,0.476985999311074,1.2936533998681,0.645059116193671,-0.438413313372802
"1214","MAR","Morocco",2016,3.479354318,6.5e-12,42.89926417,8141.94043,35107264,0.507610738,0.665,"MAR2016","4","MAR",2016,-0.678040388913332,1.24684673576696,9.00478381265198,0.441341814154281,0.488253385121572,1.11400214637877,0.621491875240744,-0.475632440939437
"1215","MAR","Morocco",2017,3.478320006,6.37e-12,48.70930556,8450.008789,35528115,0.513713717,0.674,"MAR2017","4","MAR",2017,-0.666089139509956,1.2465494203252,9.04192276046902,0.441210615922436,0.47848831741914,1.26487649595645,0.643954434443082,-0.440127309351333
"1216","MAR","Morocco",2018,3.557815918,6.19e-12,47.0366049,8611.75,35927511,0.493305922,0.68,"MAR2018","4","MAR",2018,-0.706625765949309,1.26914685041224,9.0608828288014,0.45129434606697,0.464967454446543,1.22144003704412,0.635211277321881,-0.453797615236595
"1217","MAR","Morocco",2019,3.63239726,5.77e-12,45.86913047,8768.175781,36304408,0.505634785,0.687,"MAR2019","4","MAR",2019,-0.68194063906986,1.28989283251104,9.07888405700235,0.46075468317896,0.433418774177149,1.19112322285103,0.619599972597349,-0.478681214665781
"1218","MAR","Morocco",2020,3.456891379,6.14e-12,47.85521,8054.562988,36688772,0.47566092,0.683,"MAR2020","4","MAR",2020,-0.743050031535808,1.24036973984996,8.99399404063216,0.438492482541743,0.461211659176377,1.24269746082703,0.631067692297792,-0.46034214438528
"1219","MDA","Moldova",2000,4.822395458,3.25e-12,24.38531225,5727.079225,2924668,0.256275594,NA,"MDA2000","2","MDA",2000,-1.36150187449271,1.57327078759492,8.65296094589342,0.611701070222272,0.244126692560786,0.63323440884596,0.455588763704269,-0.786164710346537
"1220","MDA","Moldova",2001,4.812165386,2.8e-12,7.871551877,6090.034744,2918135,0.265917897,NA,"MDA2001","2","MDA",2001,-1.32456767573983,1.57114716701475,8.71440906577798,0.610403427578621,0.210324535129293,0.20440736819076,0.297167389586211,-1.21345969764263
"1221","MDA","Moldova",2002,4.645076055,2.46e-12,6.134178929,6580.278414,2911385,0.282133132,NA,"MDA2002","2","MDA",2002,-1.26537622015705,1.53580774565167,8.79183233558228,0.589208831762994,0.184785127292164,0.159291508266853,0.258846896298548,-1.35151852605362
"1222","MDA","Moldova",2003,5.920715916,2.65e-12,4.711202391,7034.357849,2903198,0.317214698,NA,"MDA2003","2","MDA",2003,-1.14817645359886,1.77845737334102,8.85856168592242,0.751018512239823,0.199057149318795,0.122339850744317,0.263470577251656,-1.33381357851934
"1223","MDA","Moldova",2004,5.428401969,2.47e-12,4.130014162,7573.617845,2896023,0.34002018,NA,"MDA2004","2","MDA",2004,-1.07875031019207,1.69164479394699,8.93242615102295,0.68857050877597,0.185536286346197,0.107247635362943,0.23928841207867,-1.43008570948322
"1224","MDA","Moldova",2005,5.701462685,2.46e-12,5.286435186,8161.473447,2888985,0.370906651,0.702,"MDA2005","2","MDA",2005,-0.991804862590211,1.74072275332494,9.00718000114274,0.723207139817037,0.184785127292164,0.137277416240967,0.263740163857083,-1.33279088832014
"1225","MDA","Moldova",2006,5.551837118,2.81e-12,5.233515183,8577.02858,2880967,0.406579524,0.711,"MDA2006","2","MDA",2006,-0.89997573813121,1.71412888523813,9.05684281315229,0.704227750784418,0.211075694183326,0.135903196937466,0.27234976908436,-1.30066812301637
"1226","MDA","Moldova",2007,5.846004547,2.99e-12,6.093630179,8854.833976,2874299,0.418462187,0.718,"MDA2007","2","MDA",2007,-0.87116874677871,1.76575844448554,9.08871880085991,0.741541681736581,0.224596557155923,0.158238543946673,0.297589072679374,-1.21204169484459
"1227","MDA","Moldova",2008,6.321519837,2.88e-12,7.510178712,9563.698143,2868833,0.41528523,0.728,"MDA2008","2","MDA",2008,-0.878789693629925,1.84395965978593,9.1657297662859,0.801858844510429,0.216333807561558,0.195023279926253,0.323422024551109,-1.12879723103155
"1228","MDA","Moldova",2009,5.503497231,2.93e-12,6.539864015,9001.234321,2865213,0.401220709,0.729,"MDA2009","2","MDA",2009,-0.913243606579443,1.70538375034681,9.10511699369238,0.698096034530565,0.220089602831724,0.169826282354514,0.296601402386536,-1.21536612108134
"1229","MDA","Moldova",2010,6.413830065,3.03e-12,6.231231576,9649.950993,2862354,0.455776244,0.739,"MDA2010","2","MDA",2010,-0.785753282879406,1.8584566065327,9.17470811587454,0.813568018042929,0.227601193372056,0.161811757953218,0.310593831525671,-1.1692692283306
"1230","MDA","Moldova",2011,6.788440098,2.9e-12,9.115171321,10217.30878,2860699,0.523414612,0.748,"MDA2011","2","MDA",2011,-0.647381371813033,1.91522117997861,9.23183850031347,0.861085763134108,0.217836125669624,0.236701505554151,0.354099878539059,-1.03817626287744
"1231","MDA","Moldova",2012,6.958349638,2.82e-12,8.267453486,10158.38547,2860324,0.533188522,0.754,"MDA2012","2","MDA",2012,-0.628880217540943,1.93994232525169,9.2260547980718,0.882638090885776,0.211826853237359,0.214688086303618,0.342392209919969,-1.07179838637533
"1232","MDA","Moldova",2013,6.70008366,2.8e-12,9.509423598,11080.06346,2859558,0.520306349,0.758,"MDA2013","2","MDA",2013,-0.653337508184893,1.90212001288613,9.3129026877217,0.849878111634692,0.210324535129293,0.246939394042221,0.353410124221396,-1.0401260714554
"1233","MDA","Moldova",2014,6.767352141,2.32e-12,12.40723761,11641.12084,2857815,0.54737854,0.762,"MDA2014","2","MDA",2014,-0.602614686651526,1.91210989387458,9.36229900874586,0.858410842344627,0.174268900535699,0.322189426685718,0.363922401663708,-1.01081461631452
"1234","MDA","Moldova",2015,6.2159059,2.15e-12,10.41914554,11691.07975,2835978,0.56275177,0.759,"MDA2015","2","MDA",2015,-0.574916653931472,1.82711147459812,9.36658141547017,0.788462150096636,0.161499196617135,0.270562927349922,0.325391723156404,-1.12272552042603
"1235","MDA","Moldova",2016,6.213824617,2.14e-12,9.284812191,12377.36668,2803186,0.630331993,0.763,"MDA2016","2","MDA",2016,-0.461508625382204,1.82677658672318,9.42362481602023,0.788198147890757,0.160748037563102,0.241106716155076,0.312605632804892,-1.1628128419476
"1236","MDA","Moldova",2017,6.492342954,2.24e-12,10.86097275,13118.82194,2755189,0.728481412,0.769,"MDA2017","2","MDA",2017,-0.316793169115092,1.87062347542894,9.48180326730808,0.823527055754751,0.168259628103434,0.282036235104528,0.339354986451349,-1.08070856181524
"1237","MDA","Moldova",2018,7.142218573,2.38e-12,12.72223144,13895.50437,2707203,0.63067764,0.772,"MDA2018","2","MDA",2018,-0.460960418612627,1.96602345259643,9.53932064018641,0.90596111059656,0.178775854859899,0.33036914280685,0.376824644814527,-0.975975332860055
"1238","MDA","Moldova",2019,7.17719713,2.87e-12,13.29100832,14621.24014,2664224,0.63961041,0.775,"MDA2019","2","MDA",2019,-0.446896022357414,1.97090893497891,9.59023055460374,0.910397996981777,0.215582648507525,0.345139061997532,0.407642763425738,-0.897364067960779
"1239","MDA","Moldova",2020,6.956078634,2.86e-12,13.89822403,13559.26002,2635130,0.596016467,0.77,"MDA2020","2","MDA",2020,-0.517486983103836,1.93961590091348,9.51482498920889,0.882350023349761,0.214831489453492,0.360907155398257,0.408988827615717,-0.894067439655425
"1240","MEX","Mexico",2000,7.637443493,5.16e-11,32.57970241,20470.49376,97873442,0.847648323,0.712,"MEX2000","5","MEX",2000,-0.165289442651033,2.03306292584514,9.92673979951733,0.968778359037312,3.87598071881125,0.846025196826161,1.4700421189955,0.385291052758063
"1241","MEX","Mexico",2001,7.632450037,5.15e-11,31.63724351,20078.21839,99394288,0.853321195,0.715,"MEX2001","5","MEX",2001,-0.158619254887184,2.03240889951965,9.90739084427171,0.968144959639459,3.86846912827092,0.821551554730268,1.4544700472846,0.374641605605706
"1242","MEX","Mexico",2002,7.547268127,5.11e-11,32.50358098,19744.79337,100917081,0.840437889,0.722,"MEX2002","5","MEX",2002,-0.173832226543987,2.02118566029851,9.89064510873816,0.957339983986925,3.83842276610959,0.844048486081908,1.45835123316767,0.377306505238257
"1243","MEX","Mexico",2003,7.451556654,5.03e-11,36.65593765,19701.46339,102429341,0.814957738,0.728,"MEX2003","5","MEX",2003,-0.204619022300526,2.00842295741075,9.88844819572352,0.945199376486658,3.77833004178693,0.951876308596053,1.50360794509042,0.407867516739164
"1244","MEX","Mexico",2004,7.423182526,4.94e-11,34.44997924,20127.22429,103945813,0.795977235,0.732,"MEX2004","5","MEX",2004,-0.228184692792952,2.00460787708273,9.90982861990618,0.941600234812072,3.71072572692395,0.894592286338142,1.46212169369956,0.379888595688109
"1245","MEX","Mexico",2005,7.688799693,4.89e-11,33.97932163,20277.25528,105442402,0.796370864,0.736,"MEX2005","5","MEX",2005,-0.227690292092169,2.03976468459873,9.91725510732279,0.975292682214694,3.67316777422229,0.882370314752061,1.46760395458345,0.383631108087515
"1246","MEX","Mexico",2006,7.837956754,4.8e-11,34.72611922,20965.82561,106886790,0.815515935,0.745,"MEX2006","5","MEX",2006,-0.203934316952564,2.05897818228327,9.95064903922537,0.994212643184205,3.6055634593593,0.901763051067391,1.47859177939514,0.391090134403468
"1247","MEX","Mexico",2007,7.860961561,4.76e-11,35.08436806,21102.26883,108302973,0.816848218,0.747,"MEX2007","5","MEX",2007,-0.202301981063079,2.06190893496377,9.95713584117164,0.997130708528434,3.57551709719797,0.911066007293312,1.48097228489494,0.392698821332664
"1248","MEX","Mexico",2008,7.807013456,4.63e-11,36.31952783,20992.56026,109684489,0.809071541,0.75,"MEX2008","5","MEX",2008,-0.211867934436685,2.05502249071807,9.9519233806026,0.990287612840332,3.47786642017366,0.943140465014732,1.48098345745432,0.392706365374745
"1249","MEX","Mexico",2009,7.195865165,4.53e-11,31.00240159,19385.54372,111049428,0.740341663,0.749,"MEX2009","5","MEX",2009,-0.300643492580933,1.97350657841969,9.87228289820278,0.912765960598179,3.40275051477034,0.805066067737095,1.35729324836034,0.305492457993002
"1250","MEX","Mexico",2010,7.402358043,4.4e-11,34.54088977,20058.38548,112532401,0.719415665,0.751,"MEX2010","5","MEX",2010,-0.329315972867334,2.00179860391003,9.90640257373051,0.938958734618056,3.30509983774603,0.896953038381513,1.40669603985373,0.341243720574402
"1251","MEX","Mexico",2011,7.416986085,4.38e-11,33.97764716,20457.60017,114150481,0.723633647,0.757,"MEX2011","5","MEX",2011,-0.323470027094854,2.0037727866572,9.92610973888228,0.940814241704646,3.29007665666536,0.882326832347173,1.39780458979431,0.334902855639925
"1252","MEX","Mexico",2012,7.35903733,4.18e-11,31.97223194,20898.93572,115755909,0.735269308,0.764,"MEX2012","5","MEX",2012,-0.307518441437205,1.99592912663169,9.94745351416827,0.933463679984797,3.13984484585872,0.830250487853065,1.34504944855703,0.296430777104414
"1253","MEX","Mexico",2013,7.268318576,4.2e-11,32.62371439,20805.34804,117290686,0.69195646,0.765,"MEX2013","5","MEX",2013,-0.3682322444191,1.98352498226455,9.94296534994811,0.921956378396958,3.15486802693939,0.847168093822998,1.35068389116648,0.300611050228191
"1254","MEX","Mexico",2014,7.042425523,4.14e-11,29.76378585,21069.76616,118755887,0.697380424,0.769,"MEX2014","5","MEX",2014,-0.360424215108745,1.95195264534861,9.9555944084927,0.893302771806763,3.1097984836974,0.772901865865691,1.29008530474785,0.25470834389875
"1255","MEX","Mexico",2015,6.937416469,4.13e-11,29.89409625,21408.92832,120149897,0.696178138,0.773,"MEX2015","5","MEX",2015,-0.362149705993855,1.93692943849556,9.9715633252165,0.879982804318765,3.10228689315706,0.77628574827263,1.28447577788436,0.250350680157116
"1256","MEX","Mexico",2016,6.808041335,4.21e-11,29.8577962,21578.26336,121519221,0.70431906,0.778,"MEX2016","5","MEX",2016,-0.350523815265558,1.91810446278613,9.97944176106044,0.863572099593862,3.16237961747972,0.775343113605205,1.28410985671095,0.250065759793973
"1257","MEX","Mexico",2017,6.890808845,4.31e-11,29.51617798,21777.52251,122839258,0.688627481,0.781,"MEX2017","5","MEX",2017,-0.373054820364017,1.93018847218477,9.98863363932815,0.874070818516352,3.23749552288304,0.766472019014538,1.29444628744837,0.25808302645433
"1258","MEX","Mexico",2018,6.835460297,4.28e-11,29.48794004,21997.77301,124013861,0.689531386,0.785,"MEX2018","5","MEX",2018,-0.371743062842795,1.92212381201959,9.99869650039849,0.867050082381848,3.21496075126204,0.765738740102232,1.28755807289707,0.252747457701319
"1259","MEX","Mexico",2019,6.695011151,4.29e-11,29.60283788,21704.18595,125085311,0.678450227,0.788,"MEX2019","5","MEX",2019,-0.387944159804042,1.90136264471307,9.98526042184722,0.849234684688264,3.22247234180237,0.768722391287181,1.2813334124884,0.247901264215483
"1260","MEX","Mexico",2020,5.823192166,4.21e-11,26.54185932,19728.48178,125998302,0.676690698,0.763,"MEX2020","5","MEX",2020,-0.390540981959317,1.76184859351258,9.88981864623327,0.738648024840635,3.16237961747972,0.689235324274875,1.17203259588263,0.158739502954616
"1261","MLT","Malta",2000,9.510034363,1.01e-11,32.82244862,31038.12502,390087,0.991154492,0.79,"MLT2000","1","MLT",2000,-0.0088848617470209,2.25234748990513,10.3429715671892,1.20630882480764,0.758670644573519,0.852328796764233,0.920533608085507,-0.0828017682905418
"1262","MLT","Malta",2001,9.350600509,9.68e-12,27.20731053,30572.7694,393028,0.928632736,0.801,"MLT2001","1","MLT",2001,-0.0740419509485543,2.23544056679972,10.3278650028654,1.18608529482739,0.727121964304126,0.706515669068499,0.847777060508255,-0.165137578098626
"1263","MLT","Malta",2002,8.840896734,9.17e-12,30.94668908,31177.50672,395969,0.944600999,0.806,"MLT2002","1","MLT",2002,-0.056992663930165,2.17938831200255,10.3474521753349,1.12143146305866,0.688812852548433,0.803619332998843,0.853050584592507,-0.158936431264569
"1264","MLT","Malta",2003,10.08420268,9.59e-12,38.31893123,32117.3429,398582,0.923423171,0.818,"MLT2003","1","MLT",2003,-0.0796676760900061,2.31097010829069,10.3771514404795,1.27913971913298,0.720361532817827,0.995060695400283,0.971492286539781,-0.0289219499390539
"1265","MLT","Malta",2004,10.18897926,9.32e-12,42.87674783,32032.25,401268,0.885523736,0.832,"MLT2004","1","MLT",2004,-0.121576016923696,2.32130667146157,10.3744984867798,1.29243019824828,0.700080238358931,1.11341744518229,1.00246906361925,0.002466020489758
"1266","MLT","Malta",2005,10.3474343,9.03e-12,49.9720098,32745.59463,403834,0.892417848,0.84,"MLT2005","1","MLT",2005,-0.113820816623757,2.33673859526084,10.3965237169009,1.31252956969019,0.678296625791968,1.29766622465733,1.04929414938696,0.0481176994366139
"1267","MLT","Malta",2006,10.24995844,8.81e-12,48.54364586,33388.70266,405308,0.864952624,0.838,"MLT2006","1","MLT",2006,-0.145080543492382,2.32727365094205,10.4159728780349,1.30016515694093,0.661771126603238,1.26057466782632,1.0274443409997,0.0270744965776862
"1268","MLT","Malta",2007,10.51027153,8.71e-12,40.79967739,34948.28271,406724,0.859423697,0.845,"MLT2007","1","MLT",2007,-0.151493234132635,2.35235301994999,10.4616246108324,1.3331848039468,0.654259536062906,1.05948036786622,0.974042208245111,-0.0263006413246217
"1269","MLT","Malta",2008,10.36738872,8.98e-12,48.53506791,36252.89559,409379,0.843810797,0.848,"MLT2008","1","MLT",2008,-0.169826983687581,2.33866517953847,10.4982745354375,1.31506070596384,0.674540830521802,1.26035191680957,1.03788353771692,0.0371835797176559
"1270","MLT","Malta",2009,9.46737887,8.73e-12,49.33261954,35478.55741,412477,0.870274544,0.854,"MLT2009","1","MLT",2009,-0.138946549298466,2.24785208641569,10.4766837763523,1.20089815060097,0.655761854170973,1.28106262700141,1.00293832959118,0.00293402113848839
"1271","MLT","Malta",2010,10.04075002,8.32e-12,60.36916599,37492.67548,414508,0.802125931,0.867,"MLT2010","1","MLT",2010,-0.220489662245153,2.30665181466069,10.5319008723476,1.27362792756435,0.624964332955612,1.56765813561404,1.07658846491685,0.0737972127243692
"1272","MLT","Malta",2011,9.535194309,8.24e-12,52.77166533,37704.496,416268,0.757951498,0.862,"MLT2011","1","MLT",2011,-0.277135882194396,2.25498961734501,10.5375346236199,1.20950026068821,0.618955060523347,1.37036729144444,1.00855756082609,0.00852115246615822
"1273","MLT","Malta",2012,9.326016039,7.85e-12,35.09706031,38899.98733,420028,0.753177226,0.87,"MLT2012","1","MLT",2012,-0.28345471898128,2.23280791820022,10.5687492038995,1.18296685571538,0.589659857416052,0.91139559788224,0.85985856607004,-0.150987361317386
"1274","MLT","Malta",2013,9.049210348,7.85e-12,30.48953555,40882.02394,425967,0.694255114,0.88,"MLT2013","1","MLT",2013,-0.364915786599816,2.20267749954031,10.6184457329475,1.14785518996689,0.589659857416052,0.791748033490616,0.81225405140346,-0.207942116567915
"1275","MLT","Malta",2014,8.804136428,7.94e-12,26.65680304,43121.60831,434558,0.726931751,0.886,"MLT2014","1","MLT",2014,-0.318922683434486,2.17522165968227,10.6717795033567,1.11676856912602,0.596420288902351,0.692220166865306,0.772538169677119,-0.258073860845632
"1276","MLT","Malta",2015,8.423285032,7.16e-12,29.28933094,46127.62084,445053,0.844009101,0.892,"MLT2015","1","MLT",2015,-0.169592001268962,2.13099989848524,10.739167200108,1.0684591327561,0.537829882687762,0.760581286519494,0.758896983653133,-0.27588923721038
"1277","MLT","Malta",2016,8.079556485,6.93e-12,19.38946038,46922.18901,455356,0.798208654,0.891,"MLT2016","1","MLT",2016,-0.225385244532014,2.08933698055617,10.7562459557712,1.02485857741031,0.520553224444999,0.503502819881729,0.645223727010328,-0.438158158747725
"1278","MLT","Malta",2017,8.009763658,6.91e-12,21.2409513,51578.98126,467999,0.844134212,0.901,"MLT2017","1","MLT",2017,-0.169443778071008,2.0806612547773,10.8508695285617,1.0160056437715,0.519050906336933,0.551582079486447,0.662580637863664,-0.411613010998678
"1279","MLT","Malta",2018,8.439739923,7.5e-12,24.23096975,53367.94767,484630,0.852323711,0.908,"MLT2018","1","MLT",2018,-0.159788881824428,2.13295149332265,10.8849656138387,1.07054636814,0.563369290524891,0.62922646419693,0.723994406233884,-0.322971612822561
"1280","MLT","Malta",2019,8.559929847,7.64e-12,23.82909694,53342.21379,504062,0.840054333,0.91,"MLT2019","1","MLT",2019,-0.17428870709372,2.14709199467614,10.8844833002493,1.08579196667729,0.573885517281355,0.618790686764078,0.727844412844145,-0.31766797224721
"1281","MLT","Malta",2020,8.481833742,7.33e-12,20.59436023,50392.95912,515332,0.782322288,0.903,"MLT2020","1","MLT",2020,-0.245488490347973,2.13792666958701,10.8276067443005,1.07588579630517,0.550599586606326,0.534791492194438,0.681703486071833,-0.383160486834727
"1282","MNG","Mongolia",2000,7.697471916,5.51e-11,5.793428177,5818.243078,2450979,0.281312376,0.611,"MNG2000","6","MNG",2000,-1.26828956872002,2.04089195235257,8.66875361851926,0.976392718106919,4.13888638772286,0.150442939964983,0.847149286924528,-0.165878346112983
"1283","MNG","Mongolia",2001,7.62143847,5.08e-11,3.670545512,5917.070884,2472601,0.28341791,0.622,"MNG2001","6","MNG",2001,-1.26083275682755,2.03096512747324,8.68559682232439,0.96674818756272,3.81588799448859,0.0953162171394181,0.705816696629048,-0.348399711703052
"1284","MNG","Mongolia",2002,6.715806886,4.66e-11,13.13432342,6117.982422,2494617,0.265677869,0.631,"MNG2002","6","MNG",2002,-1.32547072287325,1.90446398448383,8.71898765154556,0.851872538316476,3.50040119179465,0.341070290229946,1.00564672588006,0.00563084288669862
"1285","MNG","Mongolia",2003,6.615373571,4.19e-11,4.502126425,6463.789667,2516454,0.241875455,0.643,"MNG2003","6","MNG",2003,-1.41933233406291,1.88939626929058,8.77397106053167,0.839132984539409,3.14735643639906,0.116910595035938,0.675891312451941,-0.391722996262264
"1286","MNG","Mongolia",2004,6.532064576,4.11e-11,3.496835124,7070.667158,2537949,0.24072063,0.658,"MNG2004","6","MNG",2004,-1.42411822951522,1.87672306115856,8.86371011907788,0.828565580467207,3.0872637120764,0.0908053298590806,0.61471052947862,-0.4866038057566
"1287","MNG","Mongolia",2005,7.730016138,4.82e-11,5.020580685,7499.848039,2559255,0.255736828,0.671,"MNG2005","6","MNG",2005,-1.36360637889806,2.04511095030737,8.92263803785247,0.980520819089166,3.62058664043996,0.130373743404882,0.773526683768147,-0.256795112126228
"1288","MNG","Mongolia",2006,8.474985951,5.12e-11,4.211934212,8043.996781,2581242,0.282847345,0.683,"MNG2006","6","MNG",2006,-1.2628479438377,2.13711899556602,8.99268135071842,1.07501718212373,3.84593435664992,0.109374923867702,0.767558841896228,-0.264540135493777
"1289","MNG","Mongolia",2007,9.617698975,4.95e-11,10.07222539,8750.134074,2605643,0.306239933,0.696,"MNG2007","6","MNG",2007,-1.18338638950023,2.26360504427875,9.07682430197712,1.21996563892814,3.71823731746428,0.261554152975832,1.05864115840584,0.0569861597216841
"1290","MNG","Mongolia",2008,9.481288071,4.95e-11,14.50531144,9379.854897,2633887,0.309105605,0.707,"MNG2008","6","MNG",2008,-1.17407229671828,2.24932017950546,9.14631957247763,1.20266247565721,3.71823731746428,0.376671917122363,1.18982028676485,0.173802276193502
"1291","MNG","Mongolia",2009,9.517859698,4.93e-11,4.603541429,9095.976989,2666713,0.277682066,0.711,"MNG2009","6","MNG",2009,-1.28127846723733,2.25317000188845,9.11558750563386,1.20730143643314,3.70321413638361,0.119544125804282,0.811535634592003,-0.208826980986663
"1292","MNG","Mongolia",2010,8.596484744,4.7e-11,6.605122548,9507.118824,2702520,0.30501163,0.714,"MNG2010","6","MNG",2010,-1.18740537195416,2.15135336900045,9.15979614686092,1.09042880532139,3.53044755395598,0.171520906895006,0.870792569826636,-0.138351482241248
"1293","MNG","Mongolia",2011,9.80603245,4.38e-11,7.757251826,10960.09593,2743938,0.36089462,0.725,"MNG2011","6","MNG",2011,-1.01916927462101,2.28299775242202,9.30201631320093,1.24385496721313,3.29007665666536,0.201439240307712,0.937648245936756,-0.0643804046394367
"1294","MNG","Mongolia",2012,10.88743531,4.41e-11,6.897349637,12078.91853,2792349,0.402584165,0.735,"MNG2012","6","MNG",2012,-0.909851098392984,2.38760940048474,9.39921694181889,1.38102648136302,3.31261142828636,0.179109419441188,0.935758202728496,-0.0663981662958692
"1295","MNG","Mongolia",2013,13.35497413,4.56e-11,20.0784275,13210.09457,2845153,0.382942408,0.744,"MNG2013","6","MNG",2013,-0.959870671865487,2.59188890945784,9.48873655646122,1.6940236526143,3.42528528639134,0.521393822567065,1.44630770572868,0.369013898974304
"1296","MNG","Mongolia",2014,11.92417865,4.07e-11,19.3082284,13943.42771,2902823,0.378156036,0.748,"MNG2014","6","MNG",2014,-0.972448374887616,2.47856815809205,9.54276354433237,1.51253311870687,3.05721734991507,0.501393399083367,1.3235385851968,0.280308896167719
"1297","MNG","Mongolia",2015,11.721548,4.23e-11,11.10185836,13974.59673,2964749,0.370556176,0.753,"MNG2015","6","MNG",2015,-0.992750223607215,2.46142885733808,9.54499644107742,1.48683025245619,3.17740279856038,0.288291519239668,1.10846463876124,0.102975849485336
"1298","MNG","Mongolia",2016,12.06027291,4.18e-11,14.13705657,13898.1457,3029555,0.385932386,0.759,"MNG2016","6","MNG",2016,-0.952093090663736,2.48991682039623,9.53951070734213,1.52979611698607,3.13984484585872,0.36710912569618,1.20812621350554,0.189070575433584
"1299","MNG","Mongolia",2017,12.28825656,3.97e-11,10.42691679,14401.53751,3096030,0.390579462,0.759,"MNG2017","6","MNG",2017,-0.94012384256713,2.50864405509361,9.5750902513922,1.55871490722482,2.98210144451175,0.270764730092872,1.07967670570457,0.0766616497531612
"1300","MNG","Mongolia",2018,13.22098799,4e-11,15.5676958,15230.24088,3163991,0.415057003,0.767,"MNG2018","6","MNG",2018,-0.879339411557491,2.58180556612425,9.63103826191646,1.67702806070427,3.00463621613275,0.404259766942567,1.26764481038675,0.237160698783141
"1301","MNG","Mongolia",2019,14.97001128,3.96e-11,11.87867884,15790.69611,3232430,0.440326214,0.758,"MNG2019","6","MNG",2019,-0.82023943131313,2.70604895193827,9.6671761917751,1.89888448613736,2.97458985397142,0.30846388580152,1.20330758592778,0.185074086711853
"1302","MNG","Mongolia",2020,13.27256269,3.87e-11,5.156700338,14801.34208,3294335,0.440444261,0.741,"MNG2020","6","MNG",2020,-0.819971377367051,2.58569894876459,9.60247313672201,1.68357009970981,2.90698553910844,0.133908479688596,0.868615120127195,-0.140855151564359
"1303","MOZ","Mozambique",2000,2.340455121,2.51e-11,5.286710194,711.9763935,17768505,0.36840117,0.311,"MOZ2000","10","MOZ",2000,-0.998582798710263,0.850345406611532,6.5680447556657,0.29687712565088,1.8854092256233,0.137284557610596,0.425142658865556,-0.855330498462637
"1304","MOZ","Mozambique",2001,2.020174003,2.44e-11,2.815625639,785.7901736,18220716,0.35510692,0.326,"MOZ2001","10","MOZ",2001,-1.03533635175465,0.703183647802278,6.66668980208308,0.256250780433261,1.83282809184098,0.0731157763642618,0.325036905819474,-1.12381654673182
"1305","MOZ","Mozambique",2002,2.349452468,2.45e-11,6.611752651,842.6452662,18694946,0.390377432,0.335,"MOZ2002","10","MOZ",2002,-0.94064123349116,0.85418230866871,6.73654607015273,0.298018402188027,1.84033968238131,0.171693076490816,0.454950994196164,-0.78756557089517
"1306","MOZ","Mozambique",2003,2.351997117,2.4e-11,8.076527738,883.2391215,19186754,0.408908069,0.35,"MOZ2003","10","MOZ",2003,-0.894264918375085,0.855264804270323,6.78359596971846,0.298341180469111,1.80278172967965,0.209730152940749,0.483176431273582,-0.727373409888922
"1307","MOZ","Mozambique",2004,2.312490253,2.28e-11,6.492375703,934.1339648,19694411,0.3966254,0.36,"MOZ2004","10","MOZ",2004,-0.924763020569989,0.838324975476642,6.83961985920695,0.293329896927477,1.71264264319567,0.168593112450101,0.439158173814122,-0.82289562598539
"1308","MOZ","Mozambique",2005,2.346034896,2.27e-11,6.137611804,970.3899561,20211114,0.406780005,0.371,"MOZ2005","10","MOZ",2005,-0.899482767933131,0.852726624800964,6.87769800730835,0.297584897207324,1.70513105265534,0.159380652689076,0.432448853779862,-0.838291216759521
"1309","MOZ","Mozambique",2006,2.219793299,2.25e-11,4.754803078,1041.804717,20735982,0.402623326,0.379,"MOZ2006","10","MOZ",2006,-0.909753829054413,0.797414082990759,6.94870979304129,0.281571668789202,1.69010787157467,0.123472067341532,0.388768169443433,-0.944772078462729
"1310","MOZ","Mozambique",2007,1.690901581,2.11e-11,5.458639858,1095.125687,21280513,0.402925849,0.392,"MOZ2007","10","MOZ",2007,-0.909002731483685,0.525261866566836,6.99862441831198,0.214483925208241,1.58494560401003,0.1417492032969,0.363895411195219,-1.01088878451438
"1311","MOZ","Mozambique",2008,1.662759709,2.11e-11,2.733029959,1141.942562,21845571,0.394686818,0.403,"MOZ2008","10","MOZ",2008,-0.929662694388147,0.508478697287282,7.04048609297909,0.210914244253955,1.58494560401003,0.0709709431933013,0.287342776076137,-1.24707943415252
"1312","MOZ","Mozambique",2009,1.519241847,2.07e-11,2.580264156,1178.709099,22436660,0.379524618,0.411,"MOZ2009","10","MOZ",2009,-0.968835814685174,0.418211425555212,7.07217513472423,0.192709592531381,1.5548992418487,0.0670039419934465,0.271791151088163,-1.30272133449793
"1313","MOZ","Mozambique",2010,1.495595953,2.04e-11,1.610002137,1224.230205,23073723,0.357801527,0.419,"MOZ2010","10","MOZ",2010,-1.02777684016928,0.402524758179744,7.11006752136859,0.189710207932557,1.5323644702277,0.0418083123567108,0.229917380938685,-1.47003524790156
"1314","MOZ","Mozambique",2011,1.93859383,2.02e-11,1.782506331,1275.529598,23760421,0.327428997,0.424,"MOZ2011","10","MOZ",2011,-1.11648405046544,0.661962880362134,7.15111674233027,0.245902670335771,1.51734128914704,0.0462878773584278,0.258486537314207,-1.35291166641228
"1315","MOZ","Mozambique",2012,2.245107373,2e-11,5.863185171,1338.515949,24487611,0.300807357,0.431,"MOZ2012","10","MOZ",2012,-1.20128522909384,0.80875334766744,7.19931677846656,0.284782655173945,1.50231810806638,0.152254379917263,0.402360257345715,-0.910407429125502
"1316","MOZ","Mozambique",2013,2.401856925,1.94e-11,4.699018043,1385.832549,25251731,0.280708134,0.443,"MOZ2013","10","MOZ",2013,-1.27043981847803,0.876242156937852,7.23405635643369,0.304665692463265,1.45724856482438,0.122023449284132,0.378384637174436,-0.971844042061901
"1317","MOZ","Mozambique",2014,2.454381973,1.88e-11,5.955066471,1449.929266,26038704,0.280189902,0.45,"MOZ2014","10","MOZ",2014,-1.27228768427253,0.897874987395248,7.27927005215577,0.311328279211885,1.41217902158239,0.154640340781451,0.408141141661288,-0.896142228955513
"1318","MOZ","Mozambique",2015,2.167814935,1.81e-11,5.852467537,1512.599746,26843246,0.288078159,0.457,"MOZ2015","10","MOZ",2015,-1.24452345024789,0.773719717848979,7.32158513549913,0.274978426662106,1.35959788780007,0.151976065882952,0.384439585785328,-0.955968626477098
"1319","MOZ","Mozambique",2016,2.133886462,1.77e-11,2.809560929,1537.908533,27696493,0.289874554,0.46,"MOZ2016","10","MOZ",2016,-1.23830702200185,0.757944947153009,7.33817867690568,0.270674739122197,1.32955152563874,0.0729582888155152,0.297218505654972,-1.21328770140484
"1320","MOZ","Mozambique",2017,1.997019379,1.71e-11,3.745064179,1532.007358,28569441,0.259321779,0.461,"MOZ2017","10","MOZ",2017,-1.34968559844899,0.691655758442678,7.33433415316107,0.253313711417509,1.28448198239675,0.0972513075562215,0.316296258506859,-1.15107597767866
"1321","MOZ","Mozambique",2018,2.068611614,1.67e-11,1.895569384,1538.835121,29423878,0.261176884,0.469,"MOZ2018","10","MOZ",2018,-1.34255738473045,0.72687766437102,7.33878099424649,0.262394892575403,1.25443562023542,0.0492238830488521,0.25304234776517,-1.37419842179047
"1322","MOZ","Mozambique",2019,2.159475103,1.64e-11,3.249390569,1528.889884,30285595,0.267635673,0.475,"MOZ2019","10","MOZ",2019,-1.31812865243779,0.769865184294506,7.332297185023,0.273920553203924,1.23190084861443,0.0843797239492126,0.305360476690559,-1.1862623094691
"1323","MOZ","Mozambique",2020,1.965062467,1.59e-11,1.899303715,1466.124765,31178239,0.259722978,0.477,"MOZ2020","10","MOZ",2020,-1.34813968521322,0.675524034637822,7.29037798455519,0.249260108298136,1.19434289591277,0.0493208556387036,0.244871065394391,-1.40702347065912
"1324","MRT","Mauritania",2000,6.689592236,2.84e-11,222.6879979,5008.608071,2695003,0.475733817,0.468,"MRT2000","7","MRT",2000,-0.74289678914901,1.90055292101198,8.51891332533725,0.848547317562566,2.13329171345425,5.78273106620962,2.18752538871214,0.782770945450688
"1325","MRT","Mauritania",2001,7.444656735,5.56e-11,123.3455019,4847.410865,2761823,0.449559689,0.47,"MRT2001","7","MRT",2001,-0.799486644119836,2.00749655828995,8.48619999911897,0.944324150082373,4.17644434042452,3.2030188983721,2.32896215711451,0.845422742214813
"1326","MRT","Mauritania",2002,5.506149825,2.01e-11,31.15839392,4806.898539,2821703,0.446837872,0.475,"MRT2002","7","MRT",2002,-0.805559452621865,1.70586561757432,8.47780736074381,0.698432505191837,1.50982969860671,0.809116854942908,0.948464801524582,-0.0529105999165417
"1327","MRT","Mauritania",2003,9.346597296,9.77e-11,83.90075423,5023.652139,2883326,0.436507732,0.482,"MRT2003","7","MRT",2003,-0.828949190228208,2.23501235150212,8.52191246590212,1.18557750368962,7.33882395790424,2.17872315768949,2.66636432426943,0.980715868184947
"1328","MRT","Mauritania",2004,5.28174265,1.89e-11,84.40024887,5139.225525,2946575,0.459846973,0.494,"MRT2004","7","MRT",2004,-0.776861512236372,1.66425609061301,8.54465767102639,0.669967376127124,1.41969061212272,2.19169396527397,1.27744563272698,0.244862484637857
"1329","MRT","Mauritania",2005,4.87973263,1.65e-11,16.01962139,5445.829517,3012360,0.434485286,0.5,"MRT2005","7","MRT",2005,-0.833593199061833,1.58509042942966,8.60260536848371,0.618974055148826,1.23941243915476,0.415995308029437,0.683374720808511,-0.380711930315057
"1330","MRT","Mauritania",2006,5.388101784,1.66e-11,33.89295732,6284.702096,3081229,0.439076155,0.512,"MRT2006","7","MRT",2006,-0.823082407147706,1.68419314923828,8.74587372069652,0.683458595721689,1.24692402969509,0.880127618319571,0.908585812819402,-0.0958659401091355
"1331","MRT","Mauritania",2007,5.051800729,1.63e-11,18.89926195,6002.778327,3153508,0.424200952,0.512,"MRT2007","7","MRT",2007,-0.857547992629651,1.61974475972773,8.69997769553354,0.640800187249793,1.2243892580741,0.490773414990132,0.727513499937586,-0.318122723493424
"1332","MRT","Mauritania",2008,4.958047086,1.56e-11,21.74413041,5813.356089,3233336,0.406932116,0.512,"MRT2008","7","MRT",2008,-0.899108898605525,1.60101193054249,8.6679133231794,0.628907922449071,1.17180812429177,0.564648564877237,0.746575842443356,-0.292258069784647
"1333","MRT","Mauritania",2009,5.326693491,1.53e-11,21.9287161,5639.787455,3322616,0.404351562,0.522,"MRT2009","7","MRT",2009,-0.905470576457783,1.67273068751466,8.63760165849831,0.675669205806288,1.14927335267078,0.569441860492657,0.761849086135672,-0.272006792600639
"1334","MRT","Mauritania",2010,4.916231037,1.41e-11,20.42912807,5605.763893,3419461,0.454373389,0.525,"MRT2010","7","MRT",2010,-0.788835976230212,1.59254218754821,8.63155061399869,0.623603728268286,1.05913426618679,0.530500766363771,0.704988304945496,-0.349574065037255
"1335","MRT","Mauritania",2011,4.258242004,1.36e-11,17.56209935,5653.217205,3524249,0.456722766,0.53,"MRT2011","7","MRT",2011,-0.783678711117462,1.4488563999901,8.63998007889841,0.540140520162258,1.02157631348514,0.456050161916269,0.631340130600866,-0.459910527434939
"1336","MRT","Mauritania",2012,4.446991315,1.32e-11,16.15952167,5716.251958,3636113,0.443778187,0.538,"MRT2012","7","MRT",2012,-0.812430420209821,1.49222775852463,8.65106861750446,0.564082595537035,0.991529951323808,0.419628219111114,0.616837934835859,-0.483148955972056
"1337","MRT","Mauritania",2013,4.371839333,1.33e-11,17.37634195,5769.728714,3742959,0.49318248,0.544,"MRT2013","7","MRT",2013,-0.706876031437264,1.47518382055394,8.66038034175905,0.554549875083248,0.99904154186414,0.451226439497961,0.629950221154414,-0.462114476758945
"1338","MRT","Mauritania",2014,4.29149229,1.25e-11,15.07552319,5837.852037,3843174,0.460152894,0.547,"MRT2014","7","MRT",2014,-0.776196466463544,1.4566345255999,8.67211820628301,0.54435818246485,0.938948817541485,0.39147909681834,0.584895685065057,-0.536321763778599
"1339","MRT","Mauritania",2015,4.215310989,1.21e-11,13.83891273,5969.542399,3946220,0.496329069,0.551,"MRT2015","7","MRT",2015,-0.70051612667541,1.43872337022676,8.69442555336513,0.534694897120775,0.908902455380157,0.359366967780057,0.558968271759297,-0.581662566365799
"1340","MRT","Mauritania",2016,4.053912835,1.19e-11,12.33476199,5866.281453,4051890,0.523535073,0.548,"MRT2016","7","MRT",2016,-0.647151253781083,1.39968254681198,8.67697622878187,0.514222203748041,0.893879274299493,0.320307389830256,0.528038453526847,-0.638586169278422
"1341","MRT","Mauritania",2017,4.346815033,1.17e-11,16.44266195,6050.621808,4160015,0.588062108,0.551,"MRT2017","7","MRT",2017,-0.530922710811187,1.46944340060676,8.70791632392539,0.551375645341021,0.87885609321883,0.426980766660563,0.591458875551143,-0.525163123676167
"1342","MRT","Mauritania",2018,4.289876381,1.14e-11,17.12496808,6153.637909,4270712,0.574687421,0.561,"MRT2018","7","MRT",2018,-0.55392900164952,1.45625791690703,8.7247987158344,0.544153211040733,0.856321321597834,0.444698797680753,0.591754137376072,-0.524664038848951
"1343","MRT","Mauritania",2019,4.428432104,1.13e-11,20.16867857,6162.210451,4383849,0.597362995,0.566,"MRT2019","7","MRT",2019,-0.515230318540194,1.48804559454785,8.72619083160814,0.561728435798362,0.848809731057502,0.523737449844553,0.629723831838599,-0.462473917866292
"1344","MRT","Mauritania",2020,4.559709853,1.12e-11,15.51592245,5963.235503,4498604,0.620056272,0.554,"MRT2020","7","MRT",2020,-0.477945043771234,1.51725899277383,8.69336848238986,0.578380479426691,0.84129814051717,0.402915323765252,0.580932642746377,-0.543120462161894
"1345","MYS","Malaysia",2000,6.323810889,2.9e-11,10.29915325,18532.90967,22945150,0.532987177,0.733,"MYS2000","4","MYS",2000,-0.629257913267046,1.84432201519991,9.82730333177691,0.802149455052957,2.17836125669624,0.267446984193434,0.77602247733166,-0.253573793584831
"1346","MYS","Malaysia",2001,6.484057353,2.87e-11,12.11116402,18186.44113,23542517,0.511641741,0.731,"MYS2001","4","MYS",2001,-0.670130623473527,1.86934644914585,9.80843160256266,0.822476061276327,2.15582648507525,0.31450102873467,0.823100843230712,-0.194676554546875
"1347","MYS","Malaysia",2002,6.524547199,2.81e-11,14.00308436,18708.86949,24142445,0.521291673,0.732,"MYS2002","4","MYS",2002,-0.651445560863374,1.87557155601156,9.83675299467403,0.827612032049991,2.11075694183326,0.363630153914667,0.859623548408999,-0.151260719976398
"1348","MYS","Malaysia",2003,6.936055556,2.88e-11,22.63392847,19329.00628,24739411,0.525731504,0.737,"MYS2003","4","MYS",2003,-0.642964645236901,1.93673324925008,9.86936216270711,0.879810178090611,2.16333807561558,0.587754717578496,1.03809356723619,0.0373859225272097
"1349","MYS","Malaysia",2004,7.184775402,2.73e-11,19.09143681,20168.50621,25333247,0.555666447,0.739,"MYS2004","4","MYS",2004,-0.587587080220467,1.97196425975222,9.9118775682156,0.911359269679798,2.0506642175106,0.495763785120297,0.974884104349412,-0.0254366823835081
"1350","MYS","Malaysia",2005,7.361422482,2.68e-11,17.34860336,20767.58572,25923536,0.585238814,0.736,"MYS2005","4","MYS",2005,-0.535735285993264,1.99625318607703,9.94114867130793,0.93376622672609,2.01310626480894,0.450506127637248,0.946095960640915,-0.0554112767651407
"1351","MYS","Malaysia",2006,7.507280141,2.72e-11,20.32638946,21444.48577,26509413,0.588612199,0.742,"MYS2006","4","MYS",2006,-0.529987717947313,2.01587323519844,9.97322281764739,0.952267672094367,2.04315262697027,0.527832864378263,1.00890922453508,0.00886977155134142
"1352","MYS","Malaysia",2007,8.128167828,2.75e-11,21.3294121,22305.11826,27092604,0.619795799,0.754,"MYS2007","4","MYS",2007,-0.478365211644361,2.09533553875288,10.0125714494985,1.03102472674356,2.06568739859127,0.553879217280696,1.05661373134804,0.0550692014501524
"1353","MYS","Malaysia",2008,8.483224384,2.81e-11,24.92361129,22898.00276,27664296,0.660222411,0.765,"MYS2008","4","MYS",2008,-0.415178514365181,2.13809061149546,10.0388049700183,1.07606219353495,2.11075694183326,0.647212883711573,1.13703609396318,0.128424959174991
"1354","MYS","Malaysia",2009,7.848606035,2.77e-11,18.28897014,22106.64173,28217204,0.605433583,0.773,"MYS2009","4","MYS",2009,-0.501810411518124,2.06033594086675,10.0036333731247,0.995563460768854,2.08071057967193,0.474925441850937,0.994569995575608,-0.00544480048450522
"1355","MYS","Malaysia",2010,8.703238791,2.79e-11,21.82112768,23307.96985,28717731,0.600829124,0.779,"MYS2010","4","MYS",2010,-0.509444704340926,2.16369523121104,10.0565506347148,1.10397011800908,2.09573376075259,0.566648019313225,1.09446598242261,0.0902665570250565
"1356","MYS","Malaysia",2011,8.86105609,2.88e-11,24.22300085,24115.81812,29184133,0.630963087,0.782,"MYS2011","4","MYS",2011,-0.460507917359676,2.18166595503046,10.0906232576999,1.12398859462276,2.16333807561558,0.629019528906173,1.15217065318082,0.141647687744263
"1357","MYS","Malaysia",2012,9.203897962,3.06e-11,22.5697371,25006.35878,29660212,0.656697094,0.787,"MYS2012","4","MYS",2012,-0.420532410951085,2.21962708584483,10.1268854227086,1.16747667888418,2.29854670534155,0.586087804978886,1.16293313240366,0.150945376099967
"1358","MYS","Malaysia",2013,10.27732651,3.13e-11,22.50105445,25736.35256,30134807,0.646600783,0.791,"MYS2013","4","MYS",2013,-0.436026202741955,2.32994015908308,10.1556597679236,1.30363668428761,2.35112783912388,0.5843042634427,1.21438750678215,0.194239840042207
"1359","MYS","Malaysia",2014,10.69415532,3.24e-11,24.03346576,26818.43173,30606459,0.627719641,0.795,"MYS2014","4","MYS",2014,-0.465661643722824,2.36969736045323,10.1968446812259,1.35650970795336,2.43375533506753,0.624097707957511,1.27247952631712,0.240967379974892
"1360","MYS","Malaysia",2015,10.23912577,3.38e-11,21.0937864,27699.62789,31068833,0.604525566,0.8,"MYS2015","4","MYS",2015,-0.503311317017635,2.32621624194335,10.2291742585112,1.29879107721436,2.53891760263217,0.547760521759444,1.21784741089047,0.197084883024663
"1361","MYS","Malaysia",2016,9.663523221,3.35e-11,18.17815395,28425.37076,31526418,0.607936263,0.805,"MYS2016","4","MYS",2016,-0.497685233103186,2.26835830440009,10.2550373619813,1.22577825644665,2.51638283101118,0.472047782387495,1.13342171637906,0.12524112495368
"1362","MYS","Malaysia",2017,9.485835931,3.35e-11,20.40213354,29551.54576,31975806,0.604016602,0.807,"MYS2017","4","MYS",2017,-0.504153594670109,2.24979973139605,10.2938913314492,1.20323935303142,2.51638283101118,0.529799776150016,1.17061343396793,0.157527913947806
"1363","MYS","Malaysia",2018,10.16429868,3.41e-11,22.33185168,30459.96553,32399271,0.637235045,0.809,"MYS2018","4","MYS",2018,-0.450616704027968,2.31888145109463,10.3241684948004,1.28929956797724,2.56145237425317,0.579910429361857,1.24184391592185,0.216597304053446
"1364","MYS","Malaysia",2019,10.23552936,3.37e-11,22.2653827,31300.50866,32804020,0.614003778,0.812,"MYS2019","4","MYS",2019,-0.487754197759462,2.32586493834247,10.3513896275144,1.2983348873674,2.53140601209184,0.57818437210143,1.23862058781462,0.213998331226587
"1365","MYS","Malaysia",2020,9.630541751,3.39e-11,17.33850722,29200.45263,33199993,0.610326767,0.81,"MYS2020","4","MYS",2020,-0.493760781635467,2.26493948082167,10.2819394891636,1.2215946923503,2.54642919317251,0.450243952472994,1.11884229813234,0.112294488327779
"1366","NAM","Namibia",2000,7.066243599,3.7e-10,6.661749869,7858.387895,1819141,0.712057889,0.561,"NAM2000","6","NAM",2000,-0.339596066099934,1.95532902315166,8.96933676196957,0.896323996985562,27.7928849992279,0.172991397318518,1.62732533932594,0.486937770955038
"1367","NAM","Namibia",2001,7.012837818,3.64e-10,9.545932419,7786.541695,1856402,0.714112461,0.555,"NAM2001","6","NAM",2001,-0.336714820642337,1.94774244337834,8.96015209870177,0.889549692870879,27.342189566808,0.24788745004604,1.82006129726029,0.5988701803349
"1368","NAM","Namibia",2002,5.304580568,3.56e-10,5.229749243,8017.281341,1888525,0.714112937,0.555,"NAM2002","6","NAM",2002,-0.336714154080882,1.66857070541528,8.98935465847947,0.672864272286702,26.7412623235815,0.135805403529484,1.3469210528304,0.297821286082108
"1369","NAM","Namibia",2003,6.365810871,3.51e-10,7.040273728,8237.365972,1915425,0.680882156,0.558,"NAM2003","6","NAM",2003,-0.384366033328021,1.850941619182,9.01643590820799,0.807476980379835,26.3656827965649,0.182820852427831,1.57301054573798,0.452991328273614
"1370","NAM","Namibia",2004,5.233763835,3.47e-10,6.415787385,9130.824423,1939406,0.713390827,0.563,"NAM2004","6","NAM",2004,-0.337725864284111,1.65513068176783,9.11941126775991,0.663881460374443,26.0652191749516,0.166604277622971,1.42324398340137,0.352938761474137
"1371","NAM","Namibia",2005,5.334658531,3.44e-10,7.046358404,9245.136533,1962865,0.728946745,0.564,"NAM2005","6","NAM",2005,-0.316154601768116,1.67422487726948,9.13185291201937,0.676679538437611,25.8398714587417,0.182978858450898,1.47352701487074,0.387658856838707
"1372","NAM","Namibia",2006,5.282861126,3.39e-10,12.30220913,9773.298332,1986558,0.767791688,0.569,"NAM2006","6","NAM",2006,-0.264236822209907,1.6644678308785,9.18740928601638,0.670109250216915,25.4642919317251,0.319462061673413,1.75994394628071,0.565281959838735
"1373","NAM","Namibia",2007,5.789053538,3.35e-10,9.236072172,10162.24007,2011492,0.739908338,0.576,"NAM2007","6","NAM",2007,-0.30122896802371,1.7559688132835,9.22643417616119,0.734317680001562,25.1638283101118,0.239841042096766,1.64258581059502,0.49627171390543
"1374","NAM","Namibia",2008,6.831825632,3.34e-10,12.2087074,10286.51241,2038552,0.737517774,0.581,"NAM2008","6","NAM",2008,-0.304465090719588,1.92159193391233,9.23858884134918,0.866589040045158,25.0887124047085,0.317034021707567,1.90311841555041,0.643493812100834
"1375","NAM","Namibia",2009,7.272746297,3.3e-10,18.98574767,10166.28995,2067919,0.650978386,0.585,"NAM2009","6","NAM",2009,-0.429278838553619,1.98413397770959,9.22683261914251,0.922518016632133,24.7882487830952,0.493019264180676,2.24230592249832,0.807504766054314
"1376","NAM","Namibia",2010,6.546258408,3.22e-10,11.35602307,10614.62016,2099271,0.615252078,0.591,"NAM2010","6","NAM",2010,-0.48572321222785,1.8788936510102,9.26998759017163,0.83036600979752,24.1873215398686,0.294891633203201,1.80928339504478,0.592930852543058
"1377","NAM","Namibia",2011,6.613818842,3.19e-10,38.41698705,10965.27298,2132340,0.634512484,0.598,"NAM2011","6","NAM",2011,-0.454898316686342,1.88916122410284,9.30248855611893,0.838935773547178,23.9619738236587,0.997606995344079,2.71687878770298,0.99948371689953
"1378","NAM","Namibia",2012,7.362947525,3.16e-10,46.26401846,11266.60895,2167470,0.672590077,0.607,"NAM2012","6","NAM",2012,-0.396619232981348,1.99646033151072,9.32959867000881,0.933959672171068,23.7366261074487,1.20137761944618,2.98636039069759,1.09405538530284
"1379","NAM","Namibia",2013,7.621219429,3.1e-10,23.94909888,11593.57538,2204510,0.599672973,0.616,"NAM2013","6","NAM",2013,-0.511370817357012,2.03093638694761,9.35820637711308,0.966720403110929,23.2859306750288,0.621906880510429,2.41012711555414,0.879679491154803
"1380","NAM","Namibia",2014,7.981754068,3.05e-10,18.6056894,11982.69636,2243001,0.610685587,0.624,"NAM2014","6","NAM",2014,-0.493173039817534,2.07715819532752,9.3912189181309,1.01245274224596,22.9103511480122,0.483149963699175,2.23784233761358,0.805512159514321
"1381","NAM","Namibia",2015,7.574413028,3.02e-10,15.89705705,12166.56584,2282704,0.637124717,0.63,"NAM2015","6","NAM",2015,-0.450789854504883,2.02477586034027,9.40644696374485,0.96078320326195,22.6850034318023,0.412812574235019,2.07988372321855,0.732311989851863
"1382","NAM","Namibia",2016,7.595602681,2.97e-10,15.3900399,11846.78808,2323352,0.646321118,0.634,"NAM2016","6","NAM",2016,-0.436458812018889,2.02756948523657,9.37981206172184,0.963471023771617,22.3094239047857,0.399646423153439,2.04802057150434,0.716873751806669
"1383","NAM","Namibia",2017,6.829026149,2.92e-10,13.9152751,11408.72531,2364534,0.635585427,0.638,"NAM2017","6","NAM",2017,-0.453208772524527,1.92118207908276,9.34213371970034,0.866233937117145,21.9338443777691,0.361349935220838,1.900608400494,0.642174045702178
"1384","NAM","Namibia",2018,6.325397909,2.85e-10,11.347319,11214.38604,2405680,0.583930969,0.642,"NAM2018","6","NAM",2018,-0.537972506907649,1.84457294314863,9.32495270091721,0.802350762026,21.4080330399458,0.294665607119775,1.71694675847741,0.54054757297645
"1385","NAM","Namibia",2019,6.050120151,2.79e-10,11.25629874,10813.30447,2446644,0.558640063,0.647,"NAM2019","6","NAM",2019,-0.582249907670484,1.80007813151497,9.28853255032216,0.76743290830713,20.9573376075259,0.292302005622972,1.6752107106188,0.515938954749559
"1386","NAM","Namibia",2020,5.461473675,2.72e-10,8.191831675,9652.248272,2489098,0.559310198,0.647,"NAM2020","6","NAM",2020,-0.581051043814655,1.69771865718548,9.17494614875145,0.692765518938547,20.4315262697027,0.212724349596312,1.44400299082119,0.367419111674297
"1387","NER","Niger",2000,1.649107913,3.76e-12,2.591132581,1190.566745,11622665,0.242517367,0.266,"NER2000","10","NER",2000,-1.41668195467409,0.500234482915946,7.08218472903406,0.209182569965443,0.282435804316479,0.0672861717475462,0.158412830927743,-1.8425507995507
"1388","NER","Niger",2001,1.582334568,3.64e-12,2.107182178,1233.065118,12031430,0.260573626,0.272,"NER2001","10","NER",2001,-1.3448698243247,0.45890133118305,7.11725831442187,0.200712645224811,0.27342189566808,0.0547190147551452,0.144272015136459,-1.93605476730847
"1389","NER","Niger",2002,1.278215473,3.42e-12,2.135513921,1248.823137,12456517,0.2658135,0.278,"NER2002","10","NER",2002,-1.32496034392504,0.24546494346511,7.12995689641588,0.162136386287374,0.25689639647935,0.0554547295307549,0.13218810122674,-2.02352936146449
"1390","NER","Niger",2003,1.302306966,3.38e-12,2.962644226,1231.278092,12900790,0.269629955,0.284,"NER2003","10","NER",2003,-1.31070479706569,0.264137280975141,7.11580800806358,0.165192293290377,0.253891760263217,0.0769335346555592,0.147769461860501,-1.91210190981038
"1391","NER","Niger",2004,1.471509316,3.33e-12,2.878523233,1192.082351,13366885,0.246495917,0.292,"NER2004","10","NER",2004,-1.4004098495311,0.386288619626158,7.08345693164834,0.186654916893222,0.250135964993051,0.0747490923680142,0.151684253788952,-1.88595419637399
"1392","NER","Niger",2005,1.306627251,3.53e-12,3.510178136,1233.875511,13855221,0.250314772,0.302,"NER2005","10","NER",2005,-1.38503606510647,0.267449199628267,7.1179153168804,0.165740303709925,0.265159146073715,0.091151819345433,0.158818111601539,-1.83999568376622
"1393","NER","Niger",2006,1.272163151,3.38e-12,3.447047698,1260.120467,14365168,0.252912253,0.309,"NER2006","10","NER",2006,-1.37471267649965,0.240718720057668,7.13896260410546,0.161368674083559,0.253891760263217,0.0895124568809595,0.154211621928135,-1.86942945150927
"1394","NER","Niger",2007,1.26192855,3.34e-12,2.742505062,1252.748273,14897873,0.253055453,0.313,"NER2007","10","NER",2007,-1.37414663245326,0.232641146034473,7.13309503527173,0.160070456954847,0.250887124047085,0.0712169913548113,0.141946403556828,-1.95230573236983
"1395","NER","Niger",2008,1.342111079,3.27e-12,2.765209414,1300.554185,15455175,0.260754973,0.323,"NER2008","10","NER",2008,-1.34417411337516,0.2942438063611,7.17054574876508,0.170241281647596,0.245629010668852,0.0718065748208565,0.144267857934516,-1.93608358275016
"1396","NER","Niger",2009,1.315574749,3.15e-12,3.181321652,1277.69231,16037915,0.252868235,0.329,"NER2009","10","NER",2009,-1.37488673620008,0.274273641624699,7.15281084695194,0.166875257106029,0.236615102020454,0.0826121197465115,0.148306228691391,-1.90847603010399
"1397","NER","Niger",2010,1.40829263,3.1e-12,3.199136379,1336.564102,16647543,0.269399792,0.339,"NER2010","10","NER",2010,-1.31155878709229,0.342378069948215,7.19785749701766,0.178636139748359,0.232859306750288,0.0830747301082302,0.151185667418752,-1.88924661193379
"1398","NER","Niger",2011,1.255592881,3.05e-12,3.125534403,1318.10131,17283112,0.242271349,0.346,"NER2011","10","NER",2011,-1.41769690412733,0.227607876170289,7.18394757857272,0.159266803347086,0.229103511480122,0.0811634441962668,0.143605969210474,-1.94068205491389
"1399","NER","Niger",2012,1.353798495,2.92e-12,2.638120743,1403.189711,17954407,0.258614957,0.356,"NER2012","10","NER",2012,-1.35241497595655,0.302914341406127,7.24650328906538,0.171723782395948,0.219338443777691,0.068506353826077,0.137159329138207,-1.98661204248857
"1400","NER","Niger",2013,1.553592875,2.93e-12,2.930552899,1423.26169,18653199,0.264800966,0.362,"NER2013","10","NER",2013,-1.32877680688968,0.440570232421853,7.2607064813931,0.197066879438654,0.220089602831724,0.0761001915236939,0.148890265842976,-1.90454571521707
"1401","NER","Niger",2014,1.740421302,2.89e-12,2.868729566,1462.82123,19372014,0.263918608,0.369,"NER2014","10","NER",2014,-1.33211452640127,0.554127211504491,7.28812219943215,0.220765298562339,0.217084966615591,0.0744947717807033,0.152837098391641,-1.87838264119735
"1402","NER","Niger",2015,1.954565052,2.83e-12,2.909014191,1471.661353,20128124,0.262456834,0.374,"NER2015","10","NER",2015,-1.33766865237727,0.670167688889632,7.29414721371791,0.24792855429225,0.212578012291392,0.0755408773394892,0.15849259327204,-1.84204741690155
"1403","NER","Niger",2016,2.070644294,2.81e-12,3.266557886,1500.008587,20921743,0.255794078,0.38,"NER2016","10","NER",2016,-1.36338254100452,0.727859811988165,7.31322611174058,0.262652729690225,0.211075694183326,0.0848255224577786,0.16753886259121,-1.78653993915853
"1404","NER","Niger",2017,1.92229044,2.75e-12,3.857420617,1520.001537,21737922,0.242637366,0.384,"NER2017","10","NER",2017,-1.41618727124926,0.653517412555135,7.32646662502402,0.243834652231883,0.206568739859127,0.100168963966259,0.171513273383048,-1.76309461955152
"1405","NER","Niger",2018,1.993483318,2.67e-12,3.934147688,1574.338383,22577058,0.254896253,0.391,"NER2018","10","NER",2018,-1.36689866759042,0.68988351960762,7.3615903887181,0.252865176593496,0.200559467426861,0.102161401912062,0.173037279582735,-1.75424821878121
"1406","NER","Niger",2019,1.904871706,2.51e-12,3.543582428,1612.637347,23443393,0.273572266,0.4,"NER2019","10","NER",2019,-1.29618946533078,0.644414660379067,7.38562622147673,0.241625157319548,0.18854092256233,0.092019257370449,0.161241006538869,-1.82485509826401
"1407","NER","Niger",2020,2.071850572,2.48e-12,3.427861145,1615.692724,24333639,0.286561042,0.404,"NER2020","10","NER",2020,-1.24980370443961,0.728442204036008,7.38751907496139,0.262805741103331,0.186287445400231,0.0890142231317998,0.163340023526339,-1.81192121701909
"1408","NGA","Nigeria",2000,3.999013165,6.53e-12,1.690840719,3290.705661,122851984,0.202477947,0.435,"NGA2000","10","NGA",2000,-1.59712430206969,1.38604762193228,8.09885730738659,0.507258405945408,0.490506862283671,0.0439075174503309,0.221890005508496,-1.50557349057846
"1409","NGA","Nigeria",2001,4.242759089,6.41e-12,2.175028679,3392.035285,126152678,0.181311205,0.438,"NGA2001","10","NGA",2001,-1.70754035949072,1.44521378614959,8.12918539927514,0.538176575944463,0.481492953635273,0.0564808432899839,0.244608737709233,-1.40809533392542
"1410","NGA","Nigeria",2002,4.119800904,6.36e-12,2.45979688,3806.215896,129583026,0.189348936,0.451,"NGA2002","10","NGA",2002,-1.66416374387378,1.41580483792194,8.24439077141807,0.522579834861706,0.477737158365107,0.0638756644663403,0.251705303724477,-1.37949630545192
"1411","NGA","Nigeria",2003,4.246752268,6.3e-12,2.828366549,3974.767875,133119801,0.206880778,0.464,"NGA2003","10","NGA",2003,-1.57561260333148,1.4461545185726,8.28772162915689,0.538683094310525,0.473230204040908,0.073446630549326,0.265537518832746,-1.32599913441303
"1412","NGA","Nigeria",2004,4.18904176,6.08e-12,2.516123432,4223.797948,136756848,0.227842137,0.477,"NGA2004","10","NGA",2004,-1.47910227141347,1.43247201088155,8.3484899899617,0.531362753244736,0.456704704852178,0.0653383445621447,0.251226187074432,-1.38140160191376
"1413","NGA","Nigeria",2005,4.183997722,6.11e-12,3.195428333,4372.975611,140490722,0.329187959,0.484,"NGA2005","10","NGA",2005,-1.11112638739737,1.43126718230741,8.38319897421923,0.530722937727798,0.458958182014278,0.0829784400836158,0.272396849524493,-1.30049527039594
"1414","NGA","Nigeria",2006,3.994595714,6.04e-12,3.517604958,4511.639524,144329764,0.354365557,0.489,"NGA2006","10","NGA",2006,-1.03742625176874,1.38494237609988,8.4144158972558,0.50669807041758,0.453700068636045,0.0913446780298148,0.27588861665889,-1.28775805754849
"1415","NGA","Nigeria",2007,4.17151202,6.18e-12,4.257357904,4677.541847,148294028,0.371919841,0.492,"NGA2007","10","NGA",2007,-0.989076929111192,1.42827856481335,8.45052800455398,0.529139177676928,0.46421629539251,0.110554480006099,0.300576863683976,-1.20205177174456
"1416","NGA","Nigeria",2008,4.080145379,5.93e-12,3.827549878,4856.812801,152382506,0.367097676,0.497,"NGA2008","10","NGA",2008,-1.00212731919947,1.40613261988911,8.4881376994988,0.517549694282405,0.44543731904168,0.0993932847558168,0.284030666673902,-1.25867306540435
"1417","NGA","Nigeria",2009,4.076702695,5.63e-12,3.767878507,5102.916404,156595758,0.37634787,0.499,"NGA2009","10","NGA",2009,-0.977241377142961,1.40528849868611,8.53756749919356,0.517113003947575,0.422902547420685,0.0978437468637927,0.27762140338311,-1.28149695179749
"1418","NGA","Nigeria",2010,4.197694673,5.53e-12,4.138570101,5359.518484,160952853,0.414211214,0.502,"NGA2010","10","NGA",2010,-0.88137925650979,1.43453548721455,8.58662941495481,0.53246033974272,0.415390956880353,0.107469814801092,0.287525875385165,-1.2464424214549
"1419","NGA","Nigeria",2011,4.352575653,5.44e-12,4.238863327,5488.004815,165463745,0.437137276,0.508,"NGA2011","10","NGA",2011,-0.827508000492788,1.47076777401403,8.61032004677414,0.552106356343434,0.408630525394054,0.110074215393804,0.291751468412315,-1.23185297470966
"1420","NGA","Nigeria",2012,4.188787627,5.14e-12,3.030604753,5563.641676,170075932,0.483290046,0.512,"NGA2012","10","NGA",2012,-0.727138296246363,1.43241134289982,8.62400815053819,0.53133051751678,0.386095753773058,0.0786983242017626,0.252740645441279,-1.37539143287913
"1421","NGA","Nigeria",2013,4.448203852,5.11e-12,3.735602379,5775.866347,174726123,0.531099975,0.517,"NGA2013","10","NGA",2013,-0.632804998625899,1.49250038593409,8.66144354093514,0.564236400878601,0.383842276610959,0.0970056048451718,0.275932959094035,-1.28759734460362
"1422","NGA","Nigeria",2014,4.410589505,5.1e-12,7.07946807,5980.191816,179379016,0.564571559,0.524,"NGA2014","10","NGA",2014,-0.571688138147451,1.48400835512828,8.69620792268443,0.559465175350541,0.383091117556926,0.18383864566878,0.340280700064416,-1.07798441355784
"1423","NGA","Nigeria",2015,4.347110295,5.01e-12,5.856680121,5985.094352,183995785,0.577626824,0.53,"NGA2015","10","NGA",2015,-0.548827252038631,1.46951132435558,8.69702738261301,0.551413098113812,0.376330686070627,0.152085457680425,0.316017742568255,-1.15195691960353
"1424","NGA","Nigeria",2016,4.303755403,5.12e-12,5.471243653,5744.557879,188666931,0.560136735,0.532,"NGA2016","10","NGA",2016,-0.579574355414641,1.4594879910866,8.65600822979319,0.545913708014691,0.384593435664992,0.142076496898647,0.310133991837496,-1.17075084315431
"1425","NGA","Nigeria",2017,4.311178831,4.88e-12,5.597678796,5651.734132,193495907,0.544278085,0.534,"NGA2017","10","NGA",2017,-0.608294977075311,1.46121137739129,8.63971770306603,0.546855339386873,0.366565618368196,0.145359747168898,0.307720276996223,-1.1785641002351
"1426","NGA","Nigeria",2018,4.344259968,4.79e-12,6.22002256,5628.740794,198387623,0.498360932,0.537,"NGA2018","10","NGA",2018,-0.696430701419184,1.46885542614484,8.63564103608258,0.55105154583309,0.359805186881897,0.161520683779234,0.317562537170386,-1.14708051257915
"1427","NGA","Nigeria",2019,4.390206929,4.88e-12,7.213552866,5628.177652,203304492,0.454452693,0.544,"NGA2019","10","NGA",2019,-0.788661456590488,1.47937636242266,8.63554098347881,0.556879729245659,0.366565618368196,0.187320541067937,0.33689883860357,-1.08797257587872
"1428","NGA","Nigeria",2020,4.271856239,4.25e-12,2.806255624,5410.693555,208327405,0.401941866,0.547,"NGA2020","10","NGA",2020,-0.911447812760729,1.45204844917218,8.59613256232988,0.54186742999209,0.319242597964105,0.0728724571133712,0.232733606298008,-1.45786080011545
"1429","NIC","Nicaragua",2000,4.011852531,9.03e-11,5.051446371,4878.24777,5123222,0.493739724,0.593,"NIC2000","5","NIC",2000,-0.70574677513528,1.38925311244507,8.49254137084386,0.508887026823056,6.78296625791968,0.131175259261126,0.767887602130455,-0.264111907937511
"1430","NIC","Nicaragua",2001,4.062234851,8.61e-11,11.44069017,4958.327711,5192764,0.490431279,0.601,"NIC2001","5","NIC",2001,-0.712470113767733,1.40173327807969,8.50882380782911,0.515277817319749,6.46747945522575,0.297090256721635,0.99667822737868,-0.0033273019561847
"1431","NIC","Nicaragua",2002,3.912402531,9.12e-11,5.10195652,4935.48539,5259006,0.475423068,0.609,"NIC2002","5","NIC",2002,-0.743550201884504,1.36415164335148,8.50420630366716,0.496272202517703,6.85057057278267,0.132486899809946,0.766548922380842,-0.265856757030794
"1432","NIC","Nicaragua",2003,3.564180976,8e-11,6.902283529,5000.611766,5323062,0.469899565,0.615,"NIC2003","5","NIC",2003,-0.755236298602674,1.27093428721947,8.5173155371317,0.452101727548753,6.0092724322655,0.179237542064835,0.786735981559379,-0.239862561360486
"1433","NIC","Nicaragua",2004,3.781793949,8.11e-11,6.624294329,5204.382028,5386223,0.463514864,0.623,"NIC2004","5","NIC",2004,-0.768916825450514,1.33019848673197,8.55725624739148,0.479705039976714,6.09189992820915,0.172018757046917,0.795122938128313,-0.229258537128096
"1434","NIC","Nicaragua",2005,3.826702799,8.31e-11,9.429501326,5356.95851,5454678,0.46865952,0.63,"NIC2005","5","NIC",2005,-0.757878744329046,1.34200354442612,8.58615165084443,0.485401543269881,6.24213173901579,0.244863983559686,0.905287098457413,-0.0995031497263239
"1435","NIC","Nicaragua",2006,3.851957398,7.88e-11,6.302620832,5500.405776,5529811,0.458624512,0.636,"NIC2006","5","NIC",2006,-0.779523460357407,1.34858143416548,8.61257714595368,0.48860498549499,5.91913334578152,0.163665584258891,0.77933550268744,-0.249313642019747
"1436","NIC","Nicaragua",2007,4.134931237,7.75e-11,8.785146133,5697.211095,5607453,0.459942102,0.642,"NIC2007","5","NIC",2007,-0.776654662638079,1.41947069883315,8.6477320525064,0.524499055499982,5.8214826687572,0.228131457211733,0.886450517664466,-0.120529972663113
"1437","NIC","Nicaragua",2008,3.873029001,7.37e-11,7.404253261,5809.099645,5687744,0.459185421,0.646,"NIC2008","5","NIC",2008,-0.778301183174161,1.35403688849838,8.66718087140024,0.491277831846696,5.53604222822459,0.192272622495335,0.805652954221395,-0.216102207089874
"1438","NIC","Nicaragua",2009,3.787719367,7.12e-11,10.94119979,5538.365893,5770639,0.446934015,0.646,"NIC2009","5","NIC",2009,-0.805344312714761,1.33176408783813,8.61945477106809,0.480456654929009,5.3482524647163,0.284119559760248,0.900442010055688,-0.104869513934806
"1439","NIC","Nicaragua",2010,3.809188325,6.8e-11,6.600722748,5701.127902,5855734,0.434818268,0.651,"NIC2010","5","NIC",2010,-0.832827109898265,1.33741612838504,8.64841931179132,0.483179904131513,5.10788156742568,0.171406653498393,0.750687387850741,-0.286765975062838
"1440","NIC","Nicaragua",2011,3.993193662,6.57e-11,6.59774949,5976.252845,5942553,0.434821725,0.657,"NIC2011","5","NIC",2011,-0.832819159481937,1.38459132728064,8.69554903599123,0.506520225876132,4.93511498499804,0.171329444346725,0.753775512621533,-0.282660683922802
"1441","NIC","Nicaragua",2012,3.997321165,6.55e-11,4.928782737,6275.787691,6030607,0.424246281,0.664,"NIC2012","5","NIC",2012,-0.857441140963972,1.38562442801481,8.74445428456816,0.507043782690258,4.92009180391738,0.127989947013878,0.683488968008976,-0.380544763388807
"1442","NIC","Nicaragua",2013,3.852946523,6.11e-11,3.105775013,6494.149611,6119379,0.414983779,0.668,"NIC2013","5","NIC",2013,-0.879515846262333,1.34883818623288,8.7786569907405,0.488730451941356,4.58958182014278,0.080650335095283,0.565565484823157,-0.569929190266134
"1443","NIC","Nicaragua",2014,3.937611263,5.82e-11,5.372994069,6712.217498,6208676,0.422264636,0.674,"NIC2014","5","NIC",2014,-0.862123061964802,1.37057426102236,8.81168465197245,0.499469826702124,4.37174569447315,0.139525165318154,0.672881980194061,-0.396185328468682
"1444","NIC","Nicaragua",2015,3.975171916,5.64e-11,3.784417413,6939.032862,6298598,0.432542473,0.679,"NIC2015","5","NIC",2015,-0.83807475396364,1.38006799647925,8.84491768672923,0.504234241366673,4.23653706474718,0.0982732268826048,0.594327994338282,-0.520323932993553
"1445","NIC","Nicaragua",2016,4.377294039,6.11e-11,5.167877468,7158.757998,6389235,0.441619545,0.684,"NIC2016","5","NIC",2016,-0.817306525487805,1.47643073415665,8.8760917809416,0.555241782150391,4.58958182014278,0.134198725851351,0.69930701180874,-0.35766541742606
"1446","NIC","Nicaragua",2017,4.248257712,6e-11,3.615065073,7391.196839,6480532,0.436917692,0.688,"NIC2017","5","NIC",2017,-0.828010449452313,1.44650894876616,8.9080449546857,0.538874053702798,4.50695432419913,0.0938755087887313,0.610905794655657,-0.492812513930811
"1447","NIC","Nicaragua",2018,3.970477436,5.76e-11,3.497205631,7049.027534,6572233,0.399652302,0.69,"NIC2018","5","NIC",2018,-0.917160354886663,1.37888634842551,8.86064494785222,0.503638765847266,4.32667615123116,0.0908149511335065,0.58274286499554,-0.540009244821122
"1448","NIC","Nicaragua",2019,3.99389345,7.77e-11,3.750164265,6756.593758,6663924,0.378510296,0.69,"NIC2019","5","NIC",2019,-0.971512004360998,1.3847665571215,8.81827416009317,0.506608991111637,5.83650584983787,0.0973837458826273,0.660344803712151,-0.414993150513743
"1449","NIC","Nicaragua",2020,3.779518335,7.66e-11,4.441386908,6523.36985,6755895,0.369845927,0.676,"NIC2020","5","NIC",2020,-0.994668773581564,1.32959657690912,8.7831463695602,0.47941638768112,5.75387835389422,0.115333319676625,0.68266784617993,-0.38174685368971
"1450","NLD","Netherlands",2000,19.61285258,1.95e-11,42.55809031,56016.87272,15925513,1.227340698,0.9,"NLD2000","1","NLD",2000,0.204849794667956,2.97618509520795,10.9334082229074,2.48780984840121,1.46476015536472,1.105142590867,1.59098959337854,0.46435620840311
"1451","NLD","Netherlands",2001,19.27862385,1.86e-11,43.38210346,56887.43327,16046180,1.250304103,0.902,"NLD2001","1","NLD",2001,0.223386804125845,2.95899690956025,10.9488297393073,2.44541430584966,1.39715584050173,1.12654045014279,1.56716490120643,0.449268191536267
"1452","NLD","Netherlands",2002,19.57280249,1.84e-11,45.55323716,56664.41344,16148929,1.263632536,0.898,"NLD2002","1","NLD",2002,0.23399053826894,2.97414097452787,10.9449016637502,2.48272965887116,1.38213265942107,1.18292014915792,1.59518673802205,0.466990806513628
"1453","NLD","Netherlands",2003,20.23986704,1.91e-11,50.36707338,56452.86748,16225302,1.198135257,0.901,"NLD2003","1","NLD",2003,0.180766395657497,3.00765427522773,10.941161365099,2.56734405905798,1.43471379320339,1.30792518094926,1.68892649821761,0.524093118949549
"1454","NLD","Netherlands",2004,20.3912282,1.98e-11,57.92104807,57391.36452,16281779,1.160173059,0.904,"NLD2004","1","NLD",2004,0.148569182783835,3.0151048181818,10.9576491270874,2.58654360093887,1.48729492698571,1.50408574876235,1.79527024206239,0.585155563289323
"1455","NLD","Netherlands",2005,20.01459716,1.93e-11,58.9183841,58422.01352,16319868,1.191730142,0.907,"NLD2005","1","NLD",2005,0.175406152073263,2.99646186533717,10.9754480416265,2.53876949940501,1.44973697428405,1.52998443256443,1.7790978429664,0.576106406028201
"1456","NLD","Netherlands",2006,20.02397627,1.89e-11,60.59414107,60391.54427,16346101,1.164929509,0.914,"NLD2006","1","NLD",2006,0.152660577890886,2.99693036905086,11.0086043785928,2.53995920101175,1.41969061212272,1.57350025731125,1.78359298876047,0.57862986281508
"1457","NLD","Netherlands",2007,20.70273877,1.87e-11,65.15287269,62601.62057,16381696,1.157977939,0.92,"NLD2007","1","NLD",2007,0.146675328019418,3.0302659992489,11.0445464444528,2.62605743814159,1.40466743104206,1.6918807682058,1.84112169619179,0.610375003375171
"1458","NLD","Netherlands",2008,20.26885103,1.79e-11,59.76438301,63678.40328,16445593,1.127124071,0.92,"NLD2008","1","NLD",2008,0.119669318616678,3.00908527558157,11.0616007460833,2.57102055922407,1.34457470671941,1.5519532150088,1.75061120509911,0.559964987014963
"1459","NLD","Netherlands",2009,18.80851859,1.59e-11,49.13866118,61029.72989,16530388,1.077385902,0.92,"NLD2009","1","NLD",2009,0.0745376459735609,2.93430988369899,11.0191163996726,2.38578338317573,1.19434289591277,1.27602594319042,1.53770554852111,0.430291401857843
"1460","NLD","Netherlands",2010,19.09213612,1.56e-11,52.08947059,61518.55401,16615394,0.967717648,0.925,"NLD2010","1","NLD",2010,-0.0328149202045941,2.94927652880606,11.0270940995145,2.42175910274202,1.17180812429177,1.35265215298433,1.56575758611182,0.448369787445545
"1461","NLD","Netherlands",2011,18.2398165,1.62e-11,54.40302286,62318.14162,16693074,0.952150524,0.935,"NLD2011","1","NLD",2011,-0.0490321432440069,2.90360692428856,11.0400078601385,2.31364585730909,1.21687766753376,1.41273015768684,1.58441036030308,0.460212325688375
"1462","NLD","Netherlands",2012,17.40317709,1.43e-11,43.40014789,61480.8126,16754962,0.954221666,0.935,"NLD2012","1","NLD",2012,-0.0468592802262357,2.85665278093202,11.0264804148716,2.20752158215489,1.07415744726746,1.12700902540017,1.38771441210644,0.327658085947612
"1463","NLD","Netherlands",2013,17.64698897,1.44e-11,44.16205184,61281.28881,16804432,0.968288243,0.937,"NLD2013","1","NLD",2013,-0.0322254643365371,2.87056517222548,11.0232298356881,2.23844811840183,1.08166903780779,1.14679404157833,1.40553701213367,0.340419444801902
"1464","NLD","Netherlands",2014,16.54931487,1.35e-11,37.06652842,62045.85638,16865008,0.937275112,0.939,"NLD2014","1","NLD",2014,-0.0647784304468416,2.80634470338309,11.0356290096761,2.09921266424359,1.0140647229448,0.962538472805928,1.2701257962677,0.239115947744449
"1465","NLD","Netherlands",2015,16.85053615,1.33e-11,36.79195076,63081.39414,16939923,0.946681142,0.94,"NLD2015","1","NLD",2015,-0.0547929457668284,2.82438247528326,11.0521811419742,2.13742134724242,0.99904154186414,0.95540827818591,1.2682967996943,0.237674897784663
"1466","NLD","Netherlands",2016,16.29973858,1.3e-11,36.1031619,64267.73636,17030314,0.951147556,0.941,"NLD2016","1","NLD",2016,-0.050086069692394,2.7911490696473,11.0708130169578,2.06755493624829,0.976506770243144,0.937521904531548,1.23700440644076,0.212692655603488
"1467","NLD","Netherlands",2017,16.30477428,1.35e-11,43.22520159,65666.00366,17131296,0.958522797,0.945,"NLD2017","1","NLD",2017,-0.0423619327417149,2.7914579655392,11.0923366224528,2.06819369412416,1.0140647229448,1.12246604412831,1.3302809303287,0.285390145739683
"1468","NLD","Netherlands",2018,16.6047323,1.36e-11,55.77707964,66758.26401,17231624,0.958754659,0.947,"NLD2018","1","NLD",2018,-0.0421200668600662,2.80968773304865,11.1088333739925,2.10624213777706,1.02157631348514,1.44841147371363,1.46068652460331,0.378906547531403
"1469","NLD","Netherlands",2019,16.17411337,1.31e-11,45.52858681,67847.85429,17344874,0.979265511,0.95,"NLD2019","1","NLD",2019,-0.0209524668884233,2.78341202404686,11.1250230404446,2.05161989399115,0.984018360783476,1.18228003228551,1.33641134203147,0.289987918467946
"1470","NLD","Netherlands",2020,15.72187208,1.33e-11,41.53279973,64862.19225,17441500,0.968112528,0.945,"NLD2020","1","NLD",2020,-0.0324069505279432,2.75505286896905,11.0800201790126,1.99425494258867,0.99904154186414,1.07851798718486,1.29041837614142,0.25496648838263
"1471","NOR","Norway",2000,17.15746985,1.37e-11,24.05554718,77587.20732,4490967,1.282405376,0.924,"NOR2000","1","NOR",2000,0.248737514444157,2.84243363855009,11.2591578384577,2.1763546272715,1.02908790402547,0.624671115211715,1.11843612742489,0.111931394751878
"1472","NOR","Norway",2001,16.84801951,1.32e-11,25.32011188,78791.30457,4513751,1.266950727,0.923,"NOR2001","1","NOR",2001,0.236613011080023,2.8242331133919,11.2745579216607,2.13710212178802,0.991529951323808,0.657509156080024,1.11689146622361,0.110549349944182
"1473","NOR","Norway",2002,17.96414371,1.39e-11,31.21406657,79447.09148,4538159,1.288284659,0.923,"NOR2002","1","NOR",2002,0.253311611803745,2.88837775508216,11.2828465631135,2.27867789540243,1.04411108510613,0.810562554602203,1.24472112684584,0.218911510324826
"1474","NOR","Norway",2003,18.34376317,1.4e-11,33.64172798,79728.785,4564855,1.332323194,0.93,"NOR2003","1","NOR",2003,0.286924180824463,2.90928963498382,11.286385966449,2.32683106574726,1.05162267564646,0.873603729637372,1.28818951012644,0.253237752050174
"1475","NOR","Norway",2004,18.83416595,1.42e-11,39.35270499,82440.95588,4591910,1.321839333,0.937,"NOR2004","1","NOR",2004,0.279024200760822,2.93567255824158,11.319837629794,2.38903664552159,1.06664585672713,1.02190558912495,1.37578724536829,0.319026109364878
"1476","NOR","Norway",2005,19.30520714,1.36e-11,36.90234263,84079.99624,4623291,1.458839774,0.939,"NOR2005","1","NOR",2005,0.377641444455948,2.96037485952137,11.3395239608315,2.44878628707448,1.02157631348514,0.9582749189664,1.33835278478969,0.291439592714428
"1477","NOR","Norway",2006,19.80628052,1.43e-11,41.10816129,85458.54669,4660677,1.460870028,0.942,"NOR2006","1","NOR",2006,0.379032167825673,2.98599908538364,11.3557867033197,2.5123453886611,1.07415744726746,1.06749103502735,1.42288731689699,0.352688128970847
"1478","NOR","Norway",2007,20.93568926,1.43e-11,46.00929334,87043.49794,4709153,1.406729102,0.943,"NOR2007","1","NOR",2007,0.341267223702869,3.04145532274093,11.374163249012,2.65560625164783,1.07415744726746,1.19476295283343,1.50488896597836,0.408719118720634
"1479","NOR","Norway",2008,20.18009514,1.26e-11,43.56233847,86379.66248,4768212,1.475534201,0.943,"NOR2008","1","NOR",2008,0.38902009439349,3.00469672948323,11.3665075391211,2.55976223887802,0.946460408081816,1.13122076790294,1.39942560687555,0.336061871629836
"1480","NOR","Norway",2009,18.4704536,1.17e-11,42.00462043,83642.06957,4828726,1.269387245,0.944,"NOR2009","1","NOR",2009,0.238534299785552,2.9161723526535,11.3343018970193,2.34290122678919,0.87885609321883,1.09077016173086,1.3095889411925,0.269713302622902
"1481","NOR","Norway",2010,21.47352368,1.25e-11,42.89655944,83256.78807,4889252,1.254320025,0.947,"NOR2010","1","NOR",2010,0.226593613001176,3.0668207195235,11.329684942897,2.72382834027198,0.938948817541485,1.11393191032499,1.41762087447929,0.348980025985498
"1482","NOR","Norway",2011,20.10239217,1.26e-11,39.72859681,83092.43422,4953088,1.362246633,0.949,"NOR2011","1","NOR",2011,0.309135272831843,3.00083882141633,11.3277089324148,2.54990593606702,0.946460408081816,1.0316666958103,1.35536211086934,0.304068659123264
"1483","NOR","Norway",2012,19.52913501,1.18e-11,32.55617631,84237.14957,5018573,1.355771422,0.95,"NOR2012","1","NOR",2012,0.30437060746244,2.97190745358516,11.3413913092221,2.47719061826726,0.886367683759161,0.845414274321941,1.22898798997881,0.206191058346409
"1484","NOR","Norway",2013,19.92813499,1.19e-11,34.91659321,84070.45839,5079623,1.253803134,0.953,"NOR2013","1","NOR",2013,0.226181439455819,2.99213255182293,11.3394105165946,2.52780212802633,0.893879274299493,0.906709253241127,1.27007684063949,0.239077403080723
"1485","NOR","Norway",2014,18.84534821,1.13e-11,33.7516001,84830.2558,5137232,1.19825983,0.956,"NOR2014","1","NOR",2014,0.180870362654248,2.93626610412865,11.3484075482399,2.39045506930477,0.848809731057502,0.876456873621897,1.21154763854189,0.191898582450912
"1486","NOR","Norway",2015,17.36008975,1.01e-11,27.90614618,85550.29426,5188607,1.05882597,0.959,"NOR2015","1","NOR",2015,0.0571607188372921,2.85417387914972,11.3568597189404,2.2020561299288,0.758670644573519,0.724662936373154,1.06579228329926,0.06371845056465
"1487","NOR","Norway",2016,17.61395635,1.02e-11,27.02167364,85787.61744,5234519,1.007627606,0.962,"NOR2016","1","NOR",2016,0.00759866289790144,2.86869156223781,11.35962995618,2.23425806613792,0.766182235113851,0.701695076037169,1.06301146160691,0.0611058816223865
"1488","NOR","Norway",2017,17.3470004,1.03e-11,28.21725528,87194.11154,5276968,1.040574193,0.965,"NOR2017","1","NOR",2017,0.0397726694512201,2.85341960383801,11.3758920794059,2.20039579960681,0.773693825654183,0.732741774364048,1.0764824735476,0.073698756730709
"1489","NOR","Norway",2018,17.7619799,1.08e-11,30.48202169,87338.4708,5311916,1.091374993,0.966,"NOR2018","1","NOR",2018,0.0874383627349073,2.87706021220635,11.3775463182991,2.2530342458896,0.811251778355843,0.791552914615513,1.13101353547662,0.123114164769377
"1490","NOR","Norway",2019,17.53114431,1.08e-11,30.00094277,87725.72833,5347896,1.096865773,0.967,"NOR2019","1","NOR",2019,0.0924568155569397,2.8639789740417,11.3819705028393,2.22375369876771,0.811251778355843,0.779060323895686,1.12013700305531,0.113451001982545
"1491","NOR","Norway",2020,16.0235919,9.32e-12,25.51462135,86096.05089,5379475,1.07818687,0.969,"NOR2020","1","NOR",2020,0.0752808062577024,2.77406212999127,11.3632188228134,2.03252686334023,0.700080238358931,0.662560151039106,0.98055014528848,-0.019641492084906
"1492","NZL","New Zealand",2000,16.56602675,1.33e-10,13.18351275,35879.79113,3857700,0.888034999,0.896,"NZL2000","1","NZL",2000,-0.118744123478362,2.80735401692788,10.4879294948068,2.10133249762732,9.99041541864139,0.342347631934031,1.92981295484627,0.657423083632848
"1493","NZL","New Zealand",2001,17.09692771,1.35e-10,13.5468407,36885.64468,3880500,0.896288395,0.902,"NZL2001","1","NZL",2001,-0.109493048376413,2.83889878128486,10.5155777212733,2.168675105309,10.140647229448,0.351782481784497,1.97778066022417,0.681975337377474
"1494","NZL","New Zealand",2002,17.71711392,1.1e-10,16.76115653,37959.06506,3948500,0.88487041,0.905,"NZL2002","1","NZL",2002,-0.122314074074567,2.87453106058013,10.5442636228104,2.24734318047998,8.26274959436506,0.435251389772512,2.00683369744671,0.69655820511879
"1495","NZL","New Zealand",2003,18.93870975,1.05e-10,19.82054929,38976.91263,4027200,0.87684232,0.91,"NZL2003","1","NZL",2003,-0.131428097529815,2.94120796241739,10.570724765974,2.40229759744933,7.88717006734847,0.5146972769502,2.13648555563734,0.759162215319593
"1496","NZL","New Zealand",2004,19.36625479,1.02e-10,24.88447256,39971.7705,4087500,0.84038955,0.912,"NZL2004","1","NZL",2004,-0.173889744643575,2.96353210766584,10.5959287464461,2.4565299309056,7.66182235113851,0.646196534595333,2.29970919110967,0.832782676293094
"1497","NZL","New Zealand",2005,20.43323213,1.06e-10,27.66795366,40848.29814,4133900,0.834811926,0.917,"NZL2005","1","NZL",2005,-0.180548817824596,3.01716260140698,10.6176204382208,2.59187162705334,7.96228597275179,0.718477586025888,2.45671528436672,0.898825207445885
"1498","NZL","New Zealand",2006,19.36787738,1.04e-10,21.98712683,41475.12174,4184600,0.834976196,0.918,"NZL2006","1","NZL",2006,-0.180352062322067,2.96361588855417,10.6328490503165,2.45673574978714,7.81205416194515,0.570958662233911,2.22114095054135,0.798021005546684
"1499","NZL","New Zealand",2007,19.79288536,1.03e-10,24.12254164,42346.08948,4223800,0.876548946,0.921,"NZL2007","1","NZL",2007,-0.131762733624366,2.98532254787518,10.6536313576822,2.51064626759582,7.73693825654183,0.626410818063954,2.30005366678706,0.832932456048562
"1500","NZL","New Zealand",2008,18.67992902,9.35e-11,23.59640024,41561.18207,4259800,0.874757469,0.92,"NZL2008","1","NZL",2008,-0.133808609331238,2.92744963300761,10.6349218873015,2.36947232401986,7.0233371552103,0.612748051108883,2.16849803068273,0.774034776145642
"1501","NZL","New Zealand",2009,17.7376806,1.04e-10,20.16714084,41132.33685,4302600,0.900281489,0.923,"NZL2009","1","NZL",2009,-0.105047799003221,2.87569122425251,10.6245498758031,2.2499519794216,7.81205416194515,0.523697518285033,2.09575094277101,0.739911934384713
"1502","NZL","New Zealand",2010,17.44198221,9.48e-11,21.10349677,41270.92851,4350700,0.894581139,0.926,"NZL2010","1","NZL",2010,-0.111399671371303,2.85888007085243,10.6279136209185,2.21244385235045,7.12098783223462,0.548012679301803,2.05148196247197,0.718562440500725
"1503","NZL","New Zealand",2011,17.94293407,9.84e-11,21.87304604,41814.88518,4384000,0.90952599,0.927,"NZL2011","1","NZL",2011,-0.0948317052915136,2.88719639231036,10.6410076599073,2.27598753962385,7.39140509168657,0.567996228090123,2.12201009445034,0.752363797225878
"1504","NZL","New Zealand",2012,18.25855391,9.31e-11,29.03391585,42570.33328,4408100,0.898932099,0.929,"NZL2012","1","NZL",2012,-0.106547776840208,2.90463367761676,10.6589128877791,2.31602262085949,6.99329079304898,0.753948702861416,2.30279561707793,0.834123870516478
"1505","NZL","New Zealand",2013,18.005107,9.01e-11,31.29922591,43338.43738,4442100,0.834184289,0.933,"NZL2013","1","NZL",2013,-0.181300931009689,2.89065543987685,10.6767952195257,2.28387392060424,6.76794307683902,0.812773960540735,2.32469617664237,0.843589353787413
"1506","NZL","New Zealand",2014,18.50562651,8.66e-11,25.69255606,44255.50466,4516500,0.826346338,0.932,"NZL2014","1","NZL",2014,-0.190741297941395,2.91807482152008,10.6977350417952,2.34736276605473,6.5050374079274,0.667180734927673,2.16782640779829,0.77372501016787
"1507","NZL","New Zealand",2015,17.90117377,8.74e-11,23.59399187,44963.83392,4609400,0.850055575,0.934,"NZL2015","1","NZL",2015,-0.162453549282167,2.88486628443986,10.7136137549533,2.2706904169749,6.56513013225006,0.612685510890509,2.0903208800035,0.737317585294177
"1508","NZL","New Zealand",2016,17.85311247,9.02e-11,24.38005652,45626.68184,4714100,0.878154993,0.938,"NZL2016","1","NZL",2016,-0.129932171313783,2.88217786109253,10.728247952452,2.26459403833853,6.77545466737935,0.633097928777734,2.13369938525256,0.757857273815316
"1509","NZL","New Zealand",2017,18.06690981,8.75e-11,33.17874253,46193.28848,4813600,0.891391456,0.936,"NZL2017","1","NZL",2017,-0.114971603438211,2.89408207780501,10.7405897955213,2.29171335338178,6.57264172279039,0.861580987638855,2.34998696791721,0.854409782573548
"1510","NZL","New Zealand",2018,17.61106602,8.33e-11,42.46680956,46947.93725,4900600,0.872705638,0.938,"NZL2018","1","NZL",2018,-0.136156964423519,2.86852745559929,10.756794548634,2.23389143964084,6.25715492009645,1.10277222500198,2.4887136527548,0.911765971670754
"1511","NZL","New Zealand",2019,17.61192552,8.25e-11,38.29803043,47277.66283,4979200,0.887366354,0.938,"NZL2019","1","NZL",2019,-0.119497356014187,2.86857625894975,10.7637932183285,2.23400046368801,6.1970621957738,0.994517946322612,2.39677488987173,0.874124037763741
"1512","NZL","New Zealand",2020,17.95082036,9.29e-11,31.06279832,46104.60579,5090200,0.905764997,0.94,"NZL2020","1","NZL",2020,-0.0989753917950326,2.88763581639692,10.738668132671,2.27698788314091,6.97826761196831,0.8066344416511,2.34024701776063,0.850256486943782
"1513","PAN","Panama",2000,3.806317662,1.3e-10,4.9421135,14572.97523,3001731,0.870910704,0.718,"PAN2000","2","PAN",2000,-0.13821582862525,1.33666222886979,9.58692408081359,0.48281577231266,9.76506770243144,0.128336118419896,0.84580166504645,-0.167470385340284
"1514","PAN","Panama",2001,3.89968077,1.29e-10,3.890625141,14427.82996,3061024,0.859527886,0.723,"PAN2001","2","PAN",2001,-0.151372010241098,1.36089469593924,9.57691425653674,0.494658499351592,9.68995179702812,0.101031214443537,0.785285458051739,-0.241707986470791
"1515","PAN","Panama",2002,4.012655795,1.31e-10,4.04069004,14507.14381,3120990,0.866992295,0.73,"PAN2002","2","PAN",2002,-0.142725189207636,1.3894533151167,9.58239648363515,0.508988917564442,9.84018360783476,0.10492807894265,0.80698925103694,-0.214444930457724
"1516","PAN","Panama",2003,3.921856954,1.27e-10,4.005644403,14957.55326,3181608,0.935842216,0.735,"PAN2003","2","PAN",2003,-0.0663083893640838,1.36656525439101,9.61297168601332,0.497471457269372,9.53971998622148,0.104018018698154,0.790322095860529,-0.235314700335616
"1517","PAN","Panama",2004,4.046857032,1.24e-10,3.940907014,15875.11268,3243311,0.897776961,0.741,"PAN2004","2","PAN",2004,-0.107833614580857,1.3979405383609,9.67250792168846,0.513327204098185,9.31437227001153,0.102336927152827,0.788000962856417,-0.238255967225998
"1518","PAN","Panama",2005,3.922640838,1.14e-10,4.798858107,16867.96093,3305868,1.037681818,0.746,"PAN2005","2","PAN",2005,0.0369892040339437,1.366765110143,9.73317129864371,0.497570889737303,8.56321321597834,0.124616082228834,0.809758045583116,-0.211019785094766
"1519","PAN","Panama",2006,3.968299493,1.1e-10,4.365820145,18190.27412,3368573,1.086147785,0.753,"PAN2006","2","PAN",2006,0.0826372942055527,1.37833766364091,9.8086423412172,0.50336250271713,8.26274959436506,0.113371012448153,0.778339657534737,-0.250592272267963
"1520","PAN","Panama",2007,5.223785834,1.15e-10,6.687449613,20208.82157,3431614,0.941570282,0.763,"PAN2007","2","PAN",2007,-0.0602062847066067,1.65322239457938,9.91387449944477,0.662615791902511,8.63832912138166,0.173658764708875,0.99799740506513,-0.00200460280919336
"1521","PAN","Panama",2008,5.190232392,1.14e-10,10.47770519,21867.81876,3495276,0.923610866,0.767,"PAN2008","2","PAN",2008,-0.0794644367377407,1.64677847305396,9.99277137207127,0.65835967550563,8.56321321597834,0.272083596225096,1.15327828054211,0.142608565628232
"1522","PAN","Panama",2009,4.864873921,1.08e-10,8.75075467,21822.98769,3559343,0.921547413,0.77,"PAN2009","2","PAN",2009,-0.0817010512154002,1.58204079978314,9.99071917439508,0.617089288900064,8.11251778355843,0.227238384467005,1.04390694689998,0.0429703541661528
"1523","PAN","Panama",2010,5.597370154,1.16e-10,11.52665061,22739.11062,3623617,0.917563379,0.775,"PAN2010","2","PAN",2010,-0.0860336235100267,1.72229687208013,10.0318416557217,0.710003429509701,8.71344502678498,0.29932246551394,1.22799486841841,0.205382650903849
"1524","PAN","Panama",2011,6.071008104,1.11e-10,10.08119779,24999.46059,3688674,0.949847937,0.781,"PAN2011","2","PAN",2011,-0.0514533735153199,1.8035246710181,10.1266095272176,0.770082459410131,8.33786549976838,0.261787147015509,1.18899532093827,0.173108682409287
"1525","PAN","Panama",2012,6.655675009,1.1e-10,9.761846765,26926.88528,3754862,0.977317929,0.798,"PAN2012","2","PAN",2012,-0.0229432663640999,1.89546987555401,10.2008805192576,0.844245056531598,8.26274959436506,0.253494283858499,1.20926206610796,0.190010310846045
"1526","PAN","Panama",2013,6.784661435,1.1e-10,10.0631075,28135.3279,3821556,0.943841994,0.799,"PAN2013","2","PAN",2013,-0.0577965060833923,1.91466439299983,10.2447812863223,0.860606455242161,8.26274959436506,0.261317380871998,1.2294168539002,0.206539954442032
"1527","PAN","Panama",2014,6.693332445,1.08e-10,9.341951861,28931.80445,3888793,0.950431645,0.798,"PAN2014","2","PAN",2014,-0.0508390344213389,1.90111187343629,10.2726967689943,0.849021747722448,8.11251778355843,0.242590511186411,1.18663210827815,0.171119133534254
"1528","PAN","Panama",2015,6.383838896,1.06e-10,8.965326317,29933.15557,3957099,0.901404798,0.803,"PAN2015","2","PAN",2015,-0.103800845908604,1.85376962424011,10.3067220269631,0.809763761354672,7.96228597275179,0.232810351257923,1.14498412417556,0.135390771561221
"1529","PAN","Panama",2016,6.401781703,1.07e-10,10.96795497,30765.23716,4026336,0.895907164,0.81,"PAN2016","2","PAN",2016,-0.109918482982403,1.85657634271577,10.3341406679048,0.812039732775988,8.03740187815511,0.284814334566377,1.22956531144995,0.206660701596702
"1530","PAN","Panama",2017,6.207743358,1.05e-10,9.397588285,31979.81227,4096063,0.919490635,0.815,"PAN2017","2","PAN",2017,-0.0839354198727162,1.82579744149802,10.3728601161393,0.787426765147264,7.88717006734847,0.244035270133959,1.14866836103367,0.138603324509384
"1531","PAN","Panama",2018,5.769753254,1.02e-10,9.328081628,32681.44636,4165255,0.838622987,0.82,"PAN2018","2","PAN",2018,-0.175994033459694,1.75262931600077,10.3945628062565,0.731869518194589,7.66182235113851,0.2422303308982,1.10746859611684,0.102076866884412
"1532","PAN","Panama",2019,6.259898035,1.01e-10,9.656736982,33163.72691,4232532,0.798736513,0.824,"PAN2019","2","PAN",2019,-0.224724158565968,1.83416389664069,10.4092119946708,0.79404237185473,7.58670644573519,0.250764807581157,1.14741674049116,0.137513103013977
"1533","PAN","Panama",2020,4.871641055,9.77e-11,4.992081789,26881.79871,4294396,0.677037895,0.808,"PAN2020","2","PAN",2020,-0.390028032747181,1.58343085261135,10.1992047086929,0.617947672072119,7.33882395790424,0.129633688023335,0.837719611070045,-0.177071827483953
"1534","PER","Peru",2000,3.115904387,9.77e-11,2.931009617,7669.095318,26654439,0.375795871,0.682,"PER2000","5","PER",2000,-0.978709179290381,1.13651944300627,8.94495393668749,0.395239682194925,7.33882395790424,0.0761120515134195,0.604384725313197,-0.503544321382727
"1535","PER","Peru",2001,3.069269541,9.65e-11,2.949572066,7611.666282,27014909,0.368434489,0.69,"PER2001","5","PER",2001,-0.99849236063329,1.12143959876051,8.93743738641453,0.389324243393546,7.24868487142026,0.0765940786164043,0.600143750577525,-0.51058606816585
"1536","PER","Peru",2002,3.19057702,9.44e-11,3.241956345,7931.57975,27334503,0.378284037,0.69,"PER2002","5","PER",2002,-0.972109944902768,1.16020178445175,8.97860750664257,0.40471159919556,7.09094147007329,0.0841866730507207,0.622822509100481,-0.473493697895558
"1537","PER","Peru",2003,3.087054909,9.29e-11,3.482822306,8174.379427,27623341,0.385096103,0.689,"PER2003","5","PER",2003,-0.954262357661969,1.12721753253384,9.00876008181373,0.391580244323923,6.97826761196831,0.0904414469433515,0.627545613752552,-0.465938919378952
"1538","PER","Peru",2004,3.1150382,9.05e-11,3.346573571,8495.986393,27893911,0.397814006,0.694,"PER2004","5","PER",2004,-0.921770704534513,1.1362414154066,9.04734914190322,0.395129809929258,6.79798943900035,0.0869033586761514,0.615723336709069,-0.484957545056173
"1539","PER","Peru",2005,3.158088261,8.92e-11,3.54762963,8949.954427,28147267,0.421943635,0.691,"PER2005","5","PER",2005,-0.862883540217616,1.14996686382796,9.09940371930063,0.400590533467215,6.70033876197603,0.0921243545510664,0.6276592983101,-0.4657577783449
"1540","PER","Peru",2006,3.293611265,8.78e-11,3.451993943,9547.913278,28381078,0.462181538,0.697,"PER2006","5","PER",2006,-0.771797525686925,1.19198461173732,9.16407790467763,0.417781070267554,6.59517649441139,0.0896409002855988,0.62742304097293,-0.466134259365413
"1541","PER","Peru",2007,3.485837684,8.71e-11,4.298868366,10286.35482,28600387,0.490233183,0.708,"PER2007","5","PER",2007,-0.71287411740072,1.24870838376478,9.23857352117059,0.442164202520267,6.54259536062906,0.111632417930207,0.686079838970122,-0.376761274689896
"1542","PER","Peru",2008,3.905926315,8.77e-11,4.922107742,11151.53052,28806185,0.51175034,0.714,"PER2008","5","PER",2008,-0.669918390054051,1.36249496770922,9.31933203383581,0.495450721099869,6.58766490387106,0.127816611668833,0.747204975332953,-0.291415733453494
"1543","PER","Peru",2009,3.700936506,8.8e-11,4.103369853,11204.37688,29009326,0.491153926,0.717,"PER2009","5","PER",2009,-0.710997705408527,1.30858589735304,9.32405977380069,0.469448605213263,6.61019967549205,0.106555739639577,0.691501553085986,-0.368889881913127
"1544","PER","Peru",2010,3.993126934,8.71e-11,4.63395629,12059.01802,29229572,0.532540262,0.731,"PER2010","5","PER",2010,-0.630096774867131,1.3845746167068,9.39756804242207,0.506511761703219,6.54259536062906,0.120333934699408,0.736053255396935,-0.306452804994696
"1545","PER","Peru",2011,4.147370312,8.6e-11,4.316417497,12726.59998,29477721,0.561726451,0.738,"PER2011","5","PER",2011,-0.576740289578666,1.42247447363638,9.45144956868171,0.526076901107283,6.45996786468541,0.112088131331808,0.724902737702435,-0.321717788020228
"1546","PER","Peru",2012,4.428283948,8.29e-11,4.76591015,13395.39938,29749589,0.548138976,0.748,"PER2012","5","PER",2012,-0.601226418347231,1.48801213835502,9.50266659713707,0.561709642817872,6.22710855793513,0.123760494247852,0.75647303249381,-0.279088394117066
"1547","PER","Peru",2013,4.362326691,8.6e-11,4.789605062,14052.13762,30038809,0.527143002,0.757,"PER2013","5","PER",2013,-0.640283416206167,1.473005559748,9.55052980696144,0.55334323549039,6.45996786468541,0.124375800438692,0.763226809394232,-0.270200031852033
"1548","PER","Peru",2014,4.38362091,8.4e-11,5.055859968,14244.56602,30353951,0.503826618,0.763,"PER2014","5","PER",2014,-0.6855230820012,1.47787507464774,9.56413078104146,0.556044319767964,6.30973605387878,0.131289870936323,0.7722962762129,-0.258387025103252
"1549","PER","Peru",2015,4.301451223,8.01e-11,4.899623772,14542.79309,30711863,0.480925143,0.768,"PER2015","5","PER",2015,-0.732043648846275,1.45895245948225,9.58485082961311,0.545621432239247,6.01678402280583,0.12723275105202,0.747512146124877,-0.291004724852818
"1550","PER","Peru",2016,4.303423132,7.83e-11,5.372179482,14917.44895,31132779,0.473226875,0.775,"PER2016","5","PER",2016,-0.748180354323262,1.45941078320743,9.6102868772352,0.545871560802155,5.88157539307986,0.139504012235835,0.765109530687816,-0.267736278034809
"1551","PER","Peru",2017,4.06044894,7.61e-11,5.799876843,15069.52211,31605486,0.463740021,0.775,"PER2017","5","PER",2017,-0.768431183351308,1.40129354385521,9.62042957977068,0.515051281839709,5.71632040119256,0.150610398029924,0.762559958882831,-0.271074138991674
"1552","PER","Peru",2018,4.113961886,7.46e-11,5.448979767,15386.26016,32203944,0.461141616,0.78,"PER2018","5","PER",2018,-0.774050090101047,1.41438652672504,9.64123019275413,0.52183917939478,5.60364654308758,0.141498351392644,0.74516583040131,-0.294148494229612
"1553","PER","Peru",2019,4.184208451,7.53e-11,5.391433951,15463.54324,32824861,0.454743862,0.784,"PER2019","5","PER",2019,-0.788020959201111,1.4313175465063,9.6462404834628,0.530749667836506,5.6562276768699,0.14000400961827,0.749064178900258,-0.288930613020599
"1554","PER","Peru",2020,3.804961486,7.5e-11,5.020808073,13609.59996,33304756,0.407559574,0.769,"PER2020","5","PER",2020,-0.897568163121471,1.33630586931761,9.51853070212021,0.482643746953514,5.63369290524891,0.130379648184951,0.707744581069503,-0.345672011579662
"1555","PHL","Philippines",2000,2.750588593,2.82e-11,10.6168133,4740.438917,77958223,0.488405854,0.632,"PHL2000","5","PHL",2000,-0.716608550740434,1.01181492259469,8.46388500892535,0.348900873172495,2.11826853237359,0.275695936346004,0.588443105235788,-0.530275034549628
"1556","PHL","Philippines",2001,2.671562949,2.79e-11,9.987524772,4778.400844,79626086,0.503768206,0.636,"PHL2001","5","PHL",2001,-0.685639025431384,0.982663675304842,8.47186121804624,0.338876794593536,2.09573376075259,0.259354659066619,0.568971698839206,-0.563924584512476
"1557","PHL","Philippines",2002,2.602796421,2.66e-11,10.33736626,4856.499484,81285572,0.496282846,0.643,"PHL2002","5","PHL",2002,-0.700609260757995,0.956586413580116,8.48807318659302,0.330154042770417,1.99808308372828,0.268439294341014,0.561554722267871,-0.577046052263119
"1558","PHL","Philippines",2003,2.580970951,2.62e-11,10.09789541,5003.383177,82942837,0.49053055,0.648,"PHL2003","5","PHL",2003,-0.712267718531947,0.948165665733194,8.51786959800171,0.327385571484025,1.96803672156695,0.262220748497477,0.55282362605533,-0.592716268557495
"1559","PHL","Philippines",2004,2.562881475,2.61e-11,9.663747149,5229.450807,84607501,0.475990206,0.655,"PHL2004","5","PHL",2004,-0.74235800059265,0.941132201677425,8.56206154332342,0.325090995702065,1.96052513102662,0.250946846626245,0.542816489907171,-0.610983972140251
"1560","PHL","Philippines",2005,2.585048576,2.54e-11,9.835818998,5386.816537,86261250,0.480487913,0.656,"PHL2005","5","PHL",2005,-0.73295320593501,0.949744299273196,8.59170986548281,0.327902801478576,1.9079439972443,0.255415184552923,0.542649183981757,-0.611292237856549
"1561","PHL","Philippines",2006,2.508888726,2.49e-11,8.856387393,5578.572251,87901835,0.492278963,0.654,"PHL2006","5","PHL",2006,-0.708709725204962,0.919839916460582,8.62668815363888,0.318242237105805,1.87038604454264,0.22998144037779,0.515379674944963,-0.662851417038246
"1562","PHL","Philippines",2007,2.698364147,2.56e-11,9.659013033,5840.068102,89561377,0.496463418,0.659,"PHL2007","5","PHL",2007,-0.700245477969705,0.992645717914508,8.67249773705565,0.342276416553747,1.92296717832496,0.250823911758078,0.54857910500741,-0.600423789050495
"1563","PHL","Philippines",2008,2.599626216,2.55e-11,9.037026201,5987.037579,91252326,0.492554456,0.662,"PHL2008","5","PHL",2008,-0.708150253924091,0.955367671615612,8.69735200767198,0.329751915278342,1.91545558778463,0.234672243908449,0.529225034426912,-0.636341541686936
"1564","PHL","Philippines",2009,2.601252926,2.6e-11,9.028175972,5965.307309,92946951,0.480851024,0.662,"PHL2009","5","PHL",2009,-0.73219777826368,0.9559932235689,8.69371585189735,0.329958256764976,1.95301354048629,0.234442422388367,0.532598760802197,-0.629986932300098
"1565","PHL","Philippines",2010,2.635464527,2.52e-11,9.792443982,6273.039277,94636700,0.475635976,0.669,"PHL2010","5","PHL",2010,-0.743102473628515,0.969059457537473,8.74401624935564,0.33429785792958,1.89292081616363,0.254288828148959,0.54391508920935,-0.608962130321109
"1566","PHL","Philippines",2011,2.656643996,2.58e-11,9.188395905,6388.31297,96337913,0.480580717,0.674,"PHL2011","5","PHL",2011,-0.732760079247921,0.977063670596976,8.76222550155994,0.336984386640647,1.93799035940562,0.238602991402963,0.538119948486468,-0.619673791093507
"1567","PHL","Philippines",2012,2.773945954,2.65e-11,8.093010907,6697.55621,98032317,0.51191628,0.681,"PHL2012","5","PHL",2012,-0.669594182937767,1.02027083864589,8.80949799406738,0.351863658544558,1.99057149318795,0.21015818558887,0.527998677648001,-0.638661499733556
"1568","PHL","Philippines",2013,2.823959047,2.59e-11,8.152822418,7016.538465,99700107,0.525276244,0.687,"PHL2013","5","PHL",2013,-0.643830975726548,1.03813981775531,8.85602527925412,0.358207614111801,1.94550194994596,0.211711362616992,0.52840901328843,-0.637884648779921
"1569","PHL","Philippines",2014,2.923719837,2.61e-11,8.387479241,7340.361586,101325201,0.547139585,0.689,"PHL2014","5","PHL",2014,-0.603051326298396,1.0728567223175,8.90114338279303,0.370861860853011,1.96052513102662,0.217804898474589,0.541025094920394,-0.614289615036981
"1570","PHL","Philippines",2015,3.009458056,2.51e-11,8.473663493,7691.763087,103031365,0.549069345,0.69,"PHL2015","5","PHL",2015,-0.599530533973819,1.10176001470969,8.94790530631235,0.381737402018812,1.8854092256233,0.22004291918589,0.541035687896657,-0.614270035774094
"1571","PHL","Philippines",2016,3.227162001,2.55e-11,9.473363236,8131.825379,104875266,0.537630677,0.69,"PHL2016","5","PHL",2016,-0.620583428529197,1.17160311354512,9.00354070120238,0.409352253871575,1.91545558778463,0.246002983559561,0.577789815402837,-0.548545117614807
"1572","PHL","Philippines",2017,3.313322895,2.5e-11,9.638035836,8584.136227,106738501,0.553759277,0.694,"PHL2017","5","PHL",2017,-0.591025204715718,1.197951581593,9.05767115405879,0.420281409626248,1.87789763508297,0.250279178813699,0.582387804693219,-0.540618722062686
"1573","PHL","Philippines",2018,3.413404501,2.45e-11,10.34691267,9016.286596,108568836,0.536406517,0.7,"PHL2018","5","PHL",2018,-0.622862978133131,1.22771018062824,9.10678784270331,0.432976350560261,1.84033968238131,0.268687194192817,0.598232098266798,-0.513776476140246
"1574","PHL","Philippines",2019,3.505128343,2.47e-11,9.857359109,9452.293972,110380804,0.534675956,0.708,"PHL2019","5","PHL",2019,-0.626094405309876,1.25422713693457,9.15401273938896,0.444611143435495,1.85536286346197,0.255974535170037,0.595482023310407,-0.518384078198428
"1575","PHL","Philippines",2020,3.357195711,2.48e-11,9.059486741,8455.184571,112190977,0.515137374,0.699,"PHL2020","5","PHL",2020,-0.663321668257623,1.211106015673,9.04253509089926,0.425846496258939,1.86287445400231,0.235255496098269,0.571468304416988,-0.559546257622982
"1576","POL","Poland",2000,10.80058661,4.49e-12,14.66885354,18566.35463,38258629,0.815411985,0.801,"POL2000","1","POL",2000,-0.204061790397424,2.37960044839587,9.82910633082238,1.37001008024036,0.337270415260901,0.380918755709182,0.560417199646735,-0.579073773258048
"1577","POL","Poland",2001,10.56611343,4.17e-12,14.1210124,18800.60186,38248076,0.821889281,0.809,"POL2001","1","POL",2001,-0.196149587645298,2.35765203406213,9.8416441621354,1.34026811975753,0.313233325531839,0.366692492913248,0.53594541006505,-0.623722969991645
"1578","POL","Poland",2002,10.47800184,3.89e-12,14.23965928,19166.91371,38230364,0.859933376,0.816,"POL2002","1","POL",2002,-0.150900362502963,2.34927799659204,9.86094082725166,1.32909152622193,0.29220087201891,0.369773498649323,0.523669636227861,-0.646894258701867
"1579","POL","Poland",2003,10.4909377,3.69e-12,13.25993545,19855.6318,38204570,0.839790285,0.822,"POL2003","1","POL",2003,-0.174603079029488,2.35051180830831,9.89624296375916,1.33073238696742,0.277177690938246,0.344332166015891,0.502661393933822,-0.687838508658935
"1580","POL","Poland",2004,10.59503037,3.92e-12,14.23737524,20878.6545,38182222,0.832389653,0.82,"POL2004","1","POL",2004,-0.183454614861875,2.36038505816259,9.94648260026508,1.34393611490633,0.29445434918101,0.369714187015157,0.526931592846629,-0.640684543711258
"1581","POL","Poland",2005,10.88867001,4e-12,16.58791665,21568.94766,38165445,0.820978701,0.826,"POL2005","1","POL",2005,-0.197258112618968,2.38772280000987,9.97900995098862,1.38118309799017,0.300463621613275,0.430752720578709,0.563322451514299,-0.573903076758223
"1582","POL","Poland",2006,11.27030173,4.43e-12,17.0159593,22921.19759,38141267,0.839933753,0.831,"POL2006","1","POL",2006,-0.174432255731013,2.42217110054157,10.0398174203362,1.42959151525663,0.332763460936702,0.441868072789694,0.594584256552615,-0.519892846144024
"1583","POL","Poland",2007,11.58426639,4.62e-12,18.85238213,24484.06567,38120560,0.893776655,0.836,"POL2007","1","POL",2007,-0.112299361642416,2.44964783175326,10.1057778041271,1.46941664370299,0.347035482963333,0.489556046321641,0.629661420953938,-0.462573031119483
"1584","POL","Poland",2008,11.93756839,4.94e-12,20.17769774,25553.90584,38125759,0.869003773,0.841,"POL2008","1","POL",2008,-0.140407811954019,2.47969043479567,10.1485454543985,1.51423155226739,0.371072572692395,0.523971658401108,0.665252192335517,-0.407589073623542
"1585","POL","Poland",2009,11.0530708,4.28e-12,19.49206354,26204.41037,38151603,0.90312469,0.846,"POL2009","1","POL",2009,-0.101894650933994,2.40270828980907,10.1736830103153,1.40203666341512,0.321496075126204,0.506167204520409,0.611049438936738,-0.492577408293888
"1586","POL","Poland",2010,11.79892351,4.17e-12,18.94783446,27112.13338,38042794,0.888048232,0.852,"POL2010","1","POL",2010,-0.118729222149675,2.46800829934399,10.2077366328676,1.49664501831026,0.313233325531839,0.492034739197945,0.613282883777377,-0.488928975141117
"1587","POL","Poland",2011,11.71778434,4.5e-12,19.93098954,28521.66126,38063255,0.943652868,0.858,"POL2011","1","POL",2011,-0.0579969050401688,2.4611077167887,10.2584191217799,1.48635284763321,0.338021574314934,0.517565174055826,0.63827886164891,-0.448980003908145
"1588","POL","Poland",2012,11.45016749,4.49e-12,16.72062867,28952.91573,38063164,0.929445267,0.863,"POL2012","1","POL",2012,-0.0731673579008124,2.43800435784086,10.2734261939918,1.45240674864978,0.337270415260901,0.434198967920957,0.596923161917975,-0.51596688087806
"1589","POL","Poland",2013,11.06005196,4.22e-12,16.05641012,29168.62421,38040196,0.897220612,0.873,"POL2013","1","POL",2013,-0.108453502904032,2.403339694094,10.2808488971969,1.4029221949068,0.316989120802005,0.416950632671373,0.570235424748818,-0.561705977550129
"1590","POL","Poland",2014,10.85756023,4.14e-12,15.71565231,30334.87866,38011735,0.890875936,0.873,"POL2014","1","POL",2014,-0.115550102508206,2.38486163272898,10.3200534403684,1.37723695008792,0.31097984836974,0.408101881088338,0.559117608664599,-0.581395436785138
"1591","POL","Poland",2015,10.72402082,3.88e-12,14.57681857,31700.36824,37986412,0.90212816,0.879,"POL2015","1","POL",2015,-0.102998684755319,2.37248616181159,10.3640835762017,1.36029802404478,0.291449712964877,0.378528804363732,0.531413044445047,-0.632215698639212
"1592","POL","Poland",2016,10.82786979,3.92e-12,14.9558095,32675.30523,37970087,0.903346717,0.884,"POL2016","1","POL",2016,-0.101648838019095,2.38212334637498,10.3943748798413,1.37347083963897,0.29445434918101,0.38837038830804,0.539545210850652,-0.617028696403703
"1593","POL","Poland",2017,11.26509195,4.14e-12,17.31708807,34354.59876,37974826,0.912999272,0.882,"POL2017","1","POL",2017,-0.0910201957587899,2.42170873630096,10.4444911681654,1.42893067604729,0.31097984836974,0.449687742954363,0.584635010346386,-0.536767540403377
"1594","POL","Poland",2018,11.30093982,4.33e-12,18.57531576,36500.41143,37974750,0.938317537,0.884,"POL2018","1","POL",2018,-0.0636668616764164,2.42488589217137,10.5050788115618,1.43347783121844,0.32525187039637,0.482361225225264,0.608127147273685,-0.497371295073903
"1595","POL","Poland",2019,10.7817937,4.49e-12,17.54912307,38181.62303,37965475,0.970129013,0.887,"POL2019","1","POL",2019,-0.0303262132360522,2.377858943105,10.5501096063291,1.36762627674276,0.337270415260901,0.455713195675665,0.594582919804649,-0.519895094352675
"1596","POL","Poland",2020,10.54649265,4.53e-12,17.68650711,37852.80213,37899070,0.942002833,0.88,"POL2020","1","POL",2020,-0.0597469969792984,2.35579335441128,10.541460288622,1.33777930434844,0.340275051477034,0.459280765385759,0.593513970827676,-0.521694525482972
"1597","PRT","Portugal",2000,12.4950135,2.47e-11,57.61987428,35069.82742,10289898,0.863511622,0.797,"PRT2000","1","PRT",2000,-0.146747922308213,2.5253296447185,10.465096422107,1.58494117642555,1.85536286346197,1.49626490952456,1.63863980256305,0.493866509021955
"1598","PRT","Portugal",2001,12.24330303,2.22e-11,53.24286458,35500.22653,10362722,0.892496467,0.801,"PRT2001","1","PRT",2001,-0.113732723879595,2.50497909607192,10.4772943565699,1.55301273645704,1.66757309995368,1.38260332826297,1.52986285021092,0.425178091001384
"1599","PRT","Portugal",2002,12.59656354,2.1e-11,52.53507219,35578.51988,10419631,0.882618248,0.804,"PRT2002","1","PRT",2002,-0.124862507082832,2.53342404183787,10.4794973605794,1.59782238218524,1.57743401346969,1.36422347357535,1.50934460410827,0.411675519591111
"1600","PRT","Portugal",2003,12.30065197,2.06e-11,51.87881562,35115.37936,10458821,0.838607907,0.808,"PRT2003","1","PRT",2003,-0.176012015480004,2.50965226666468,10.4663944718952,1.56028721410609,1.54738765130837,1.34718189391892,1.48164208230363,0.393150987789101
"1601","PRT","Portugal",2004,12.37861775,2.09e-11,52.01352489,35658.12967,10483861,0.804102182,0.809,"PRT2004","1","PRT",2004,-0.218028925838879,2.51597060916508,10.4817324410792,1.57017685328689,1.56992242292936,1.35068000557236,1.49322898513642,0.400940879292621
"1602","PRT","Portugal",2005,12.42868246,2.22e-11,47.43649568,35870.30912,10503330,0.845166504,0.81,"PRT2005","1","PRT",2005,-0.16822162488216,2.52000690312258,10.4876651882756,1.57652735625872,1.66757309995368,1.23182434539663,1.47948894712228,0.391696722145722
"1603","PRT","Portugal",2006,11.91754862,1.98e-11,46.48490732,36387.53657,10522288,0.832382619,0.815,"PRT2006","1","PRT",2006,-0.183463065266917,2.47801198780323,10.5019815930688,1.51169212661447,1.48729492698571,1.20711363074875,1.39487792273935,0.332806900862947
"1604","PRT","Portugal",2007,11.80415879,1.98e-11,48.27676181,37226.47009,10542964,0.818822503,0.821,"PRT2007","1","PRT",2007,-0.199887942670843,2.4684519092098,10.5247753487805,1.49730909208994,1.48729492698571,1.25364425980449,1.40808095649796,0.342227753595688
"1605","PRT","Portugal",2008,11.78388079,2.07e-11,49.75357723,37291.50472,10558177,0.776921928,0.826,"PRT2008","1","PRT",2008,-0.252415412427298,2.46673256284982,10.5265208241957,1.49473691102143,1.5548992418487,1.29199399795305,1.44269934852171,0.366515906400698
"1606","PRT","Portugal",2009,11.16819746,2.07e-11,42.37700954,36092.81077,10568247,0.777002156,0.831,"PRT2009","1","PRT",2009,-0.252312153843565,2.41307022673764,10.493848976843,1.41664000769629,1.5548992418487,1.10044031052838,1.34330948643522,0.295136335099577
"1607","PRT","Portugal",2010,10.7681984,1.95e-11,44.78499166,36703.11402,10573100,0.738620102,0.836,"PRT2010","1","PRT",2010,-0.302971560578766,2.37659719769549,10.5106168811242,1.36590176873996,1.46476015536472,1.16297045648826,1.32510885392579,0.281494609969994
"1608","PRT","Portugal",2011,9.979003478,1.76e-11,39.08775333,36127.29481,10557560,0.734908521,0.843,"PRT2011","1","PRT",2011,-0.308009248739731,2.30048323343403,10.4948039475494,1.26579563215165,1.32203993509841,1.01502536113882,1.19314993012542,0.17659681009397
"1609","PRT","Portugal",2012,9.014044696,1.67e-11,33.03863044,34804.63319,10514844,0.722943544,0.844,"PRT2012","1","PRT",2012,-0.324424145626027,2.19878388276515,10.4575057945442,1.14339457134886,1.25443562023542,0.857942576304453,1.07160379107154,0.0691563964494547
"1610","PRT","Portugal",2013,8.903786896,1.77e-11,32.60088605,34651.7718,10457295,0.686546147,0.849,"PRT2013","1","PRT",2013,-0.376081835348688,2.1864766801738,10.4531041375099,1.12940882197435,1.32955152563874,0.846575290653752,1.08327980178439,0.0799932927151557
"1611","PRT","Portugal",2014,8.995372619,1.8e-11,33.4153904,35097.40968,10401062,0.670670509,0.854,"PRT2014","1","PRT",2014,-0.39947730732178,2.19671029166957,10.4658826084401,1.14102609502135,1.35208629725974,0.867726226729,1.10211666851822,0.097232574925655
"1612","PRT","Portugal",2015,9.392678339,1.77e-11,32.46573983,35803.35741,10358076,0.691330075,0.857,"PRT2015","1","PRT",2015,-0.369137891986635,2.23993048566928,10.4857969503937,1.19142269485354,1.32955152563874,0.84306583234327,1.10122867105975,0.0964265301440275
"1613","PRT","Portugal",2016,9.454526714,1.8e-11,32.17952692,36636.29768,10325452,0.687259018,0.859,"PRT2016","1","PRT",2016,-0.375044030160377,2.24649364416796,10.5087947678311,1.19926790736432,1.35208629725974,0.83563349516383,1.10656981935686,0.101264977801488
"1614","PRT","Portugal",2017,9.933446158,1.84e-11,30.80871808,37943.11506,10300300,0.686787844,0.864,"PRT2017","1","PRT",2017,-0.375729849591284,2.29590746296666,10.5438433450211,1.26001687310065,1.38213265942107,0.800036521192819,1.11689402508534,0.110551640998309
"1615","PRT","Portugal",2018,9.776984726,1.86e-11,31.78967842,39123.61476,10283822,0.686461866,0.866,"PRT2018","1","PRT",2018,-0.376204603751069,2.28003112628441,10.5744815217205,1.24017038265073,1.39715584050173,0.825509963346558,1.12672044546856,0.119311152352052
"1616","PRT","Portugal",2019,9.475189899,1.87e-11,30.97898985,40188.28668,10286263,0.721282959,0.872,"PRT2019","1","PRT",2019,-0.32672376515018,2.24867679287847,10.6013308560294,1.20188894756909,1.40466743104206,0.804458114917505,1.10742357288272,0.10203621187217
"1617","PRT","Portugal",2020,9.281495241,1.89e-11,27.9921301,36852.22839,10297081,0.697086871,0.87,"PRT2020","1","PRT",2020,-0.36084524040692,2.22802265892661,10.5146713677023,1.17731957522564,1.41969061212272,0.726895754890844,1.06705483019433,0.0649023582480049
"1618","PRY","Paraguay",2000,5.818550338,3.26e-11,2.442684948,9998.592854,5123819,0.429461002,0.664,"PRY2000","5","PRY",2000,-0.845224340283297,1.7610511478992,9.21019964747495,0.738059228011317,2.44877851614819,0.0634313041877782,0.485789496680455,-0.7219798833138
"1619","PRY","Paraguay",2001,5.924841938,3.18e-11,4.329582685,9749.258658,5211541,0.440386742,0.671,"PRY2001","5","PRY",2001,-0.82010197903726,1.77915400953455,9.18494652602416,0.751541881195178,2.38868579182554,0.112430003109174,0.586585710079775,-0.533436483322324
"1620","PRY","Paraguay",2002,4.954522387,2.88e-11,1.368366009,9610.747778,5286512,0.562140882,0.679,"PRY2002","5","PRY",2002,-0.576002780788053,1.60030077302513,9.1706373114241,0.628460828848123,2.16333807561558,0.0355335388741647,0.364205938939743,-1.01003580501284
"1621","PRY","Paraguay",2003,4.769550583,2.3e-11,1.318836642,9903.45029,5353254,0.561398625,0.673,"PRY2003","5","PRY",2003,-0.577324064291412,1.56225208306109,9.20063848954715,0.604997914731439,1.72766582427633,0.0342473671363901,0.329569441887989,-1.10996819796339
"1622","PRY","Paraguay",2004,4.660348383,2.12e-11,3.181079289,10187.19439,5416324,0.543633461,0.681,"PRY2004","5","PRY",2004,-0.609480044147743,1.53909020564357,9.22888675857155,0.591146063884198,1.59245719455036,0.0826058260977176,0.426832764586849,-0.851362994490628
"1623","PRY","Paraguay",2005,4.407048761,1.96e-11,1.917564898,10290.10082,5476878,0.526922822,0.683,"PRY2005","5","PRY",2005,-0.64070118898314,1.48320525024157,9.2389376266421,0.5590160465072,1.47227174590505,0.0497950595079542,0.3447726730158,-1.06486999792796
"1624","PRY","Paraguay",2006,4.697630474,2.09e-11,2.14281252,10672.99333,5534675,0.549056172,0.684,"PRY2006","5","PRY",2006,-0.599554525766737,1.54705822711933,9.27547184197233,0.59587514410241,1.56992242292936,0.0556442585380436,0.373380191466794,-0.985158098379702
"1625","PRY","Paraguay",2007,5.23016186,2.32e-11,2.88102623,11141.87047,5590145,0.550801396,0.69,"PRY2007","5","PRY",2007,-0.59638097763557,1.6544422259727,9.31846540513175,0.663424564630076,1.742689005357,0.0748140898472094,0.442247050784772,-0.815886614625253
"1626","PRY","Paraguay",2008,5.646748983,2.41e-11,3.117531798,11751.13917,5645148,0.55038774,0.7,"PRY2008","5","PRY",2008,-0.59713226732039,1.73107997831259,9.37170546551119,0.716266931291894,1.81029332021998,0.0809556336587412,0.471726537674212,-0.751355830630144
"1627","PRY","Paraguay",2009,5.593281085,2.34e-11,3.692984411,11601.28546,5702574,0.574717879,0.7,"PRY2009","5","PRY",2009,-0.553876003807928,1.72156607114735,9.35887118647211,0.709484747890721,1.75771218643766,0.0958989073587496,0.492683663550971,-0.707887966972039
"1628","PRY","Paraguay",2010,6.406487641,2.52e-11,3.785981722,12738.57656,5768613,0.601707578,0.709,"PRY2010","5","PRY",2010,-0.507983702519034,1.85731117083116,9.45239019289959,0.812636661695665,1.89292081616363,0.0983138486419127,0.532779924571196,-0.629646839573949
"1629","PRY","Paraguay",2011,6.70632447,2.69e-11,3.806758151,13109.46657,5843939,0.618565619,0.715,"PRY2011","5","PRY",2011,-0.480351999001878,1.90305103190185,9.48108988714275,0.850669732767654,2.02061785534927,0.0988533680706928,0.553875573403228,-0.590815214205555
"1630","PRY","Paraguay",2012,6.543432498,2.57e-11,3.405974179,12834.80159,5923322,0.618141592,0.719,"PRY2012","5","PRY",2012,-0.481037734498275,1.8784618745742,9.45991563467387,0.830007554713028,1.93047876886529,0.0884458654321176,0.521364596585214,-0.651305680468541
"1631","PRY","Paraguay",2013,6.431881999,2.52e-11,3.6528477,13700.70305,6005652,0.631234109,0.73,"PRY2013","5","PRY",2013,-0.460078472570821,1.86126718578176,9.52520242801777,0.815857831776281,1.89292081616363,0.0948566428102156,0.527154876037263,-0.640260891192107
"1632","PRY","Paraguay",2014,7.021564467,2.66e-11,4.289503744,14219.35442,6090721,0.664031208,0.733,"PRY2014","5","PRY",2014,-0.409426130610169,1.94898605175545,9.56235930288923,0.890656632477812,1.99808308372828,0.111389238723993,0.583072235306009,-0.539444197552225
"1633","PRY","Paraguay",2015,6.461783633,2.42e-11,4.245909393,14427.60023,6177950,0.655999124,0.737,"PRY2015","5","PRY",2015,-0.421595825404793,1.86590538386433,9.57689833371053,0.819650731317286,1.81780491076031,0.110257186659148,0.547680993902016,-0.60206228945239
"1634","PRY","Paraguay",2016,6.644249599,2.39e-11,3.355999037,14826.66369,6266615,0.669043541,0.737,"PRY2016","5","PRY",2016,-0.401906137264736,1.89375175862518,9.60418243949194,0.842795790168937,1.79527013913932,0.0871481178709248,0.508983134980831,-0.67534039661349
"1635","PRY","Paraguay",2017,6.62982899,2.31e-11,3.668297404,15320.33665,6355404,0.676393151,0.74,"PRY2017","5","PRY",2017,-0.390980787674264,1.89157901050162,9.63693641759623,0.840966595106984,1.73517741481666,0.0952578385824488,0.518013547766709,-0.657753883074877
"1636","PRY","Paraguay",2018,6.534977126,2.21e-11,4.088802511,15592.98414,6443328,0.628889859,0.744,"PRY2018","5","PRY",2018,-0.463799142542812,1.87716884684053,9.6545763574613,0.828935025480083,1.66006150941334,0.10617745692147,0.526694758724068,-0.641134103702231
"1637","PRY","Paraguay",2019,6.449966696,2.1e-11,6.047635663,15321.32455,6530026,0.608898163,0.747,"PRY2019","5","PRY",2019,-0.496104245287909,1.8640749673835,9.63700089843451,0.818151801361706,1.57743401346969,0.157044164729757,0.587402285549863,-0.532045369265257
"1638","PRY","Paraguay",2020,6.12900395,1.96e-11,3.367427938,14991.66062,6618695,0.609554172,0.742,"PRY2020","5","PRY",2020,-0.495027454601,1.81303224898046,9.61524936681536,0.777438994430044,1.47227174590505,0.0874449019881138,0.464297413522255,-0.767229954675514
"1639","QAT","Qatar",2000,62.28604841,1.61e-11,230.5725707,93187.06286,645937,1.009353518,0.795,"QAT2000","3","QAT",2000,0.00931004472562895,4.13173745866007,11.4423641805236,7.90072958639412,1.20936607699343,5.98747655992422,3.85321227775221,1.34890715827439
"1640","QAT","Qatar",2001,65.29518465,2.1e-11,776.9524308,92115.82576,678831,0.865870297,0.795,"QAT2001","3","QAT",2001,-0.144020154154046,4.17891829160313,11.430802039838,8.28242616737423,1.57743401346969,20.1757930419394,6.41179747568419,1.85813964904639
"1641","QAT","Qatar",2002,64.69677957,2.05e-11,287.1342117,94111.68939,713186,0.736743212,0.798,"QAT2002","3","QAT",2002,-0.305515870844171,4.16971142546125,11.452237540919,8.20652093914265,1.53987606076803,7.45626141429869,4.55046025076369,1.51522838186113
"1642","QAT","Qatar",2003,69.17023423,2.72e-11,527.0014524,93224.45417,748525,0.838581383,0.804,"QAT2003","3","QAT",2003,-0.176043644587298,4.2365706289014,11.4427653500554,8.77396030137357,2.04315262697027,13.6851006765959,6.26010317049715,1.83419666588629
"1643","QAT","Qatar",2004,66.57243583,2.18e-11,363.9525496,107023.6826,777943,0.869647086,0.807,"QAT2004","3","QAT",2004,-0.139667797906888,4.19829061544943,11.5808054216639,8.44444023705252,1.63752673779235,9.45106936631234,5.0747354341192,1.62427439236093
"1644","QAT","Qatar",2005,73.91047965,2.86e-11,521.0817485,107784.5235,848710,0.986003399,0.815,"QAT2005","3","QAT",2005,-0.0140954771237801,4.30285462642531,11.58788936036,9.37524097646213,2.14831489453492,13.5313786261571,6.48346954388644,1.86925579051546
"1645","QAT","Qatar",2006,68.07855208,3.05e-11,493.1013492,115383.7441,1015060,1.003412247,0.822,"QAT2006","3","QAT",2006,0.0034064384948246,4.22066221611886,11.6560187574491,8.63548490147874,2.29103511480122,12.8047874950548,6.32747274909141,1.84490090668609
"1646","QAT","Qatar",2007,66.29011685,2.9e-11,472.8117963,109579.7865,1231893,0.910717428,0.831,"QAT2007","3","QAT",2007,-0.0935226076638347,4.19404081896105,11.6044082067423,8.4086292332238,2.17836125669624,12.2779111973613,6.08125477314551,1.80521105184733
"1647","QAT","Qatar",2008,63.35010007,2.9e-11,403.4335038,109206.4049,1444277,0.995389998,0.839,"QAT2008","3","QAT",2008,-0.00462066082998728,4.14867648640284,11.6009949935033,8.03570017204239,2.17836125669624,10.476305313148,5.68138113634429,1.73719436098209
"1648","QAT","Qatar",2009,60.82882628,3.49e-11,441.102222,108435.8536,1610274,0.762983024,0.838,"QAT2009","3","QAT",2009,-0.270519496962231,4.1080637930618,11.5939140660686,7.71588694040294,2.62154509857582,11.454481366701,6.14194900453632,1.81514211923853
"1649","QAT","Qatar",2010,51.52794318,3.25e-11,393.6908681,129045.0056,1713504,0.807993531,0.834,"QAT2010","3","QAT",2010,-0.21320122668121,3.94212424654254,11.7679165031193,6.53610809484103,2.44126692560786,10.2233098995629,5.46397461544742,1.69817647647575
"1650","QAT","Qatar",2011,62.35112639,3.67e-11,518.8633751,145591.0194,1804171,1.004145145,0.835,"QAT2011","3","QAT",2011,0.00413657755384212,4.1327817375603,11.8885567328974,7.90898446104316,2.7567537283018,13.4737722131595,6.6476676370657,1.89426606187885
"1651","QAT","Qatar",2012,57.69947305,3.26e-11,434.0675373,143830.7109,1905660,0.988179505,0.846,"QAT2012","3","QAT",2012,-0.0118909125143584,4.05524804089003,11.8763922682263,7.31894132767453,2.44877851614819,11.2718056493776,5.86764397430841,1.76945318603184
"1652","QAT","Qatar",2013,62.00473821,3.5e-11,556.3473689,136453.9974,2035501,0.84983027,0.859,"QAT2013","3","QAT",2013,-0.162718631789892,4.12721080486696,11.8237428214201,7.86504654216784,2.62905668911616,14.447151369095,6.68489346202774,1.89985027355747
"1653","QAT","Qatar",2014,59.43187904,2.97e-11,481.2885082,128013.9871,2214465,0.80378592,0.857,"QAT2014","3","QAT",2014,-0.21842231391568,4.08483076658024,11.7598948111505,7.53868991680869,2.23094239047857,12.4980332771577,5.9457772849317,1.78268126758979
"1654","QAT","Qatar",2015,47.86924112,2.53e-11,387.0417864,123070.8879,2414573,0.597983122,0.86,"QAT2015","3","QAT",2015,-0.51419274951008,3.86847315034373,11.7205157927337,6.07201675575068,1.90043240670396,10.0506474675012,4.87670490040473,1.58446976647087
"1655","QAT","Qatar",2016,48.79166591,2.53e-11,298.4196148,120054.4087,2595166,0.512732148,0.861,"QAT2016","3","QAT",2016,-0.66800169882297,3.88755951774166,11.6957003248402,6.18902255424995,1.90043240670396,7.74931919790845,4.5003471336388,1.5041545346097
"1656","QAT","Qatar",2017,45.59260958,2.77e-11,320.5555598,115064.9437,2711755,0.534861088,0.87,"QAT2017","3","QAT",2017,-0.625748214398795,3.81974563277144,11.6532519757727,5.7832353893844,2.08071057967193,8.32414234975559,4.64416186208059,1.53561091725078
"1657","QAT","Qatar",2018,43.99986428,2.11e-11,283.5154853,114909.9455,2766732,0.584254265,0.876,"QAT2018","3","QAT",2018,-0.537419005632604,3.78418654936805,11.6519040179673,5.58120218553646,1.58494560401003,7.36229082867787,4.02332419368809,1.39210847477879
"1658","QAT","Qatar",2019,38.01983182,2.25e-11,272.6102066,113160.9738,2807235,0.537912011,0.88,"QAT2019","3","QAT",2019,-0.620060280522976,3.63810791358916,11.6365666308928,4.82265961315626,1.69010787157467,7.07910406280428,3.8642016093612,1.35175509132485
"1659","QAT","Qatar",2020,43.3161731,2.02e-11,208.7355773,103061.9134,2760385,0.49522391,0.872,"QAT2020","3","QAT",2020,-0.702745275255553,3.76852607797202,11.5430851875938,5.4944787655785,1.51734128914704,5.42041654179293,3.56189253522996,1.27029201462851
"1660","ROU","Romania",2000,6.319538344,6.4e-12,5.016296162,14852.00452,22442971,0.500977874,0.73,"ROU2000","2","ROU",2000,-0.691193342545171,1.84364615865527,9.60589011963304,0.801607500256459,0.48074179458124,0.130262483505428,0.368890667950055,-0.997254971663278
"1661","ROU","Romania",2001,6.565812603,6.6e-12,5.548129903,15846.60207,22131970,0.563956022,0.737,"ROU2001","2","ROU",2001,-0.572779005701605,1.88187627816039,9.67071037588101,0.83284637917266,0.495764975661904,0.144073068382661,0.390368275826703,-0.940664688434827
"1662","ROU","Romania",2002,6.540182801,6.66e-12,5.516665461,17059.79723,21730496,0.636663735,0.745,"ROU2002","2","ROU",2002,-0.451513651332215,1.87796511630172,9.7444799352775,0.829595343987029,0.500271929986103,0.143256004113593,0.390296890724712,-0.940847571200058
"1663","ROU","Romania",2003,7.010701134,6.71e-12,5.098022266,17585.57401,21574326,0.630051494,0.749,"ROU2003","2","ROU",2003,-0.461953726428868,1.94743771516047,9.7748341863998,0.889278663275544,0.504027725256269,0.132384735647338,0.390040828662957,-0.941503856458567
"1664","ROU","Romania",2004,7.37953253,6.58e-12,7.94333017,19530.38255,21451748,0.668608844,0.757,"ROU2004","2","ROU",2004,-0.402556077443779,1.99871029378771,9.87972661149251,0.936063411981811,0.494262657553837,0.206271296955331,0.456983609004025,-0.783107755243132
"1665","ROU","Romania",2005,7.77067145,7.1e-12,15.38939948,20568.71653,21319685,0.641629875,0.765,"ROU2005","2","ROU",2005,-0.443743660234566,2.05035657634735,9.93152658546456,0.98567777854577,0.533322928363563,0.399629792815637,0.594466920331646,-0.520090207239376
"1666","ROU","Romania",2006,8.219190905,6.97e-12,9.710527358,22352.16327,21193760,0.667758226,0.781,"ROU2006","2","ROU",2006,-0.40382910808629,2.10647177417487,10.0146783859618,1.04257063045485,0.523557860661132,0.252161628610093,0.516316959497804,-0.661034439489976
"1667","ROU","Romania",2007,9.244213524,7.79e-12,33.39611393,24325.78066,20882982,0.704258442,0.792,"ROU2007","2","ROU",2007,-0.350609885077054,2.22399779080395,10.0992919994478,1.17259054244779,0.585152903091853,0.867225658027647,0.841103208937451,-0.173040904853443
"1668","ROU","Romania",2008,9.442407087,7.32e-12,19.43873417,27036.69648,20537875,0.722875416,0.815,"ROU2008","2","ROU",2008,-0.324518387024065,2.24521093568315,10.2049503510957,1.19773058242464,0.549848427552293,0.504782354831389,0.69273760508487,-0.367103987734203
"1669","ROU","Romania",2009,7.498896052,6.42e-12,7.967744115,25758.86417,20367487,0.691209376,0.826,"ROU2009","2","ROU",2009,-0.369312496769478,2.01475581664164,10.1565340864667,0.951204184817389,0.482244112689306,0.206905274895461,0.45614622302392,-0.784941856343491
"1670","ROU","Romania",2010,7.453464044,6.19e-12,9.353374406,24900.23033,20246871,0.670202553,0.822,"ROU2010","2","ROU",2010,-0.400175294375529,2.00867889667432,10.1226323326108,0.945441321079235,0.464967454446543,0.242887130251873,0.474410048758202,-0.745683249486275
"1671","ROU","Romania",2011,7.702338922,5.85e-12,9.279069165,26147.93946,20147528,0.671895325,0.823,"ROU2011","2","ROU",2011,-0.397652716960876,2.04152403883899,10.1715256694477,0.977010077841289,0.439428046609415,0.240957582051858,0.469435364987876,-0.756224657568347
"1672","ROU","Romania",2012,7.502734079,5.48e-12,8.422171571,26764.58126,20058035,0.697049856,0.817,"ROU2012","2","ROU",2012,-0.360898341367955,2.01526749797896,10.1948346976463,0.951691022789075,0.411635161610187,0.218705784091874,0.440848704420692,-0.819053536274579
"1673","ROU","Romania",2013,6.830829956,5.14e-12,7.863061011,26939.03876,19983693,0.668567419,0.821,"ROU2013","2","ROU",2013,-0.402618036365963,1.92144618245203,10.2013317685557,0.866462742631331,0.386095753773058,0.204186878559257,0.408781201814531,-0.89457522496957
"1674","ROU","Romania",2014,6.929514088,5.1e-12,8.951778421,28153.10728,19908979,0.693290353,0.82,"ROU2014","2","ROU",2014,-0.366306387741781,1.93578969357177,10.2454130104246,0.878980419724406,0.383091117556926,0.232458541372254,0.427768627731304,-0.849172818984319
"1675","ROU","Romania",2015,6.979980728,5.02e-12,8.786313394,29178.74452,19815616,0.719017208,0.823,"ROU2015","2","ROU",2015,-0.329869988306874,1.94304615573895,10.2811957957913,0.885381905867006,0.37708184512466,0.228161768483606,0.423906146152737,-0.858243201665818
"1676","ROU","Romania",2016,7.116769359,5.19e-12,10.06937274,30185.9059,19702267,0.761217833,0.823,"ROU2016","2","ROU",2016,-0.27283571635164,1.96245388073848,10.3151304023754,0.902732982257502,0.389851549043224,0.261480075755992,0.451473633478794,-0.795238305440947
"1677","ROU","Romania",2017,7.691587232,5.59e-12,13.56829893,32849.10773,19588715,0.765956938,0.828,"ROU2017","2","ROU",2017,-0.266629327531947,2.0401271643002,10.3996798615956,0.97564627009533,0.419897911204552,0.352339706127151,0.524564903309419,-0.6451861155994
"1678","ROU","Romania",2018,8.073798282,5.45e-12,13.41753892,35065.18026,19473970,0.780510247,0.833,"ROU2018","2","ROU",2018,-0.247807410349219,2.08862403846743,10.4649639016964,1.02412817299442,0.409381684448087,0.348424791081929,0.52666030961454,-0.641199512054222
"1679","ROU","Romania",2019,8.049463425,5.55e-12,12.18499833,36633.36233,19371648,0.833846152,0.838,"ROU2019","2","ROU",2019,-0.181706363664059,2.08560543392941,10.5087146432611,1.02104139626691,0.416893274988419,0.316418347863746,0.512597675844126,-0.668263999116042
"1680","ROU","Romania",2020,7.684495719,5.82e-12,12.67939857,35482.19631,19265250,0.824359655,0.832,"ROU2020","2","ROU",2020,-0.193148369785395,2.03920475596962,10.4767863372697,0.974746740778547,0.437174569447315,0.329256864775076,0.519629550095078,-0.65463912495005
"1681","RWA","Rwanda",2000,1.429274555,1.16e-11,1.384927106,1016.661991,8109989,0.28551352,0.34,"RWA2000","7","RWA",2000,-1.25346589549067,0.357167011353702,6.92427998190638,0.18129761081385,0.871344502678498,0.0359635951457893,0.178435676676025,-1.72352709746198
"1682","RWA","Rwanda",2001,1.373092706,1.21e-11,1.405818869,1093.184098,8223941,0.304722071,0.37,"RWA2001","7","RWA",2001,-1.18835516043163,0.317065645263876,6.99684990766198,0.174171173867798,0.908902455380157,0.0365061095518968,0.17945395577319,-1.71783661775748
"1683","RWA","Rwanda",2002,1.387421545,1.28e-11,1.572781179,1220.739492,8372306,0.342670918,0.385,"RWA2002","7","RWA",2002,-1.07098471509731,0.327447020895628,7.10721209508166,0.175988728281922,0.96148358916248,0.0408417636779745,0.190477524852624,-1.65822107115179
"1684","RWA","Rwanda",2003,1.38086725,1.23e-11,1.695140402,1220.499167,8567992,0.329154521,0.398,"RWA2003","7","RWA",2003,-1.11122796978357,0.3227117438111,7.10701520732561,0.175157342863416,0.923925636460821,0.0440191710225639,0.192413589680503,-1.64810811080984
"1685","RWA","Rwanda",2004,1.387056869,1.19e-11,1.799413711,1277.192804,8791853,0.344314635,0.417,"RWA2004","7","RWA",2004,-1.06619940300604,0.327184141934119,7.15241982662494,0.175942470628143,0.893879274299493,0.0467269258590035,0.194419096823596,-1.63773915709123
"1686","RWA","Rwanda",2005,1.413814182,1.17e-11,2.244380046,1360.295876,9026299,0.361901969,0.433,"RWA2005","7","RWA",2005,-1.01638190769776,0.346291145826205,7.2154575109506,0.179336525956231,0.87885609321883,0.0582817499765449,0.209430389948472,-1.5633638623821
"1687","RWA","Rwanda",2006,1.331952601,1.15e-11,2.250770742,1446.710947,9270066,0.378846407,0.452,"RWA2006","7","RWA",2006,-0.970624414614358,0.286645986650207,7.27704794648325,0.168952720408986,0.863832912138166,0.0584477026845598,0.204324664175707,-1.58804505916036
"1688","RWA","Rwanda",2007,1.343119216,1.11e-11,2.298988601,1516.267506,9523168,0.367669582,0.467,"RWA2007","7","RWA",2007,-1.00057061914441,0.294994682030307,7.32400700578106,0.170369159688127,0.833786549976838,0.0596998173643578,0.203926167011859,-1.58999727706155
"1689","RWA","Rwanda",2008,1.409462213,1.1e-11,2.420627709,1641.777674,9781996,0.348570764,0.479,"RWA2008","7","RWA",2008,-1.0539140163094,0.343208222415222,7.40353488133224,0.17878449655133,0.826274959436506,0.0628585248624309,0.210187173860574,-1.55975684114233
"1690","RWA","Rwanda",2009,1.422510953,1.07e-11,2.675566566,1699.94453,10043737,0.341613144,0.493,"RWA2009","7","RWA",2009,-1.07407634005622,0.352423586812958,7.43835090010019,0.180439675661499,0.803740187815511,0.0694787417679684,0.215989790022884,-1.53252414082773
"1691","RWA","Rwanda",2010,1.429715926,1.05e-11,2.828922088,1779.158511,10309031,0.344896704,0.504,"RWA2010","7","RWA",2010,-1.06451031547816,0.357475771390813,7.483895784877,0.181353596913583,0.788717006734847,0.0734610567090835,0.219028947760477,-1.51855137634616
"1692","RWA","Rwanda",2011,1.394695512,1.03e-11,2.680531701,1874.214982,10576932,0.35777998,0.512,"RWA2011","7","RWA",2011,-1.02783706251934,0.332676120481012,7.53594517446847,0.17691140113972,0.773693825654183,0.0696076757055096,0.211995851223783,-1.55118857420075
"1693","RWA","Rwanda",2012,1.581333986,1.01e-11,2.52624176,1988.012195,10840334,0.35139215,0.521,"RWA2012","7","RWA",2012,-1.04585244269323,0.458268785759101,7.59489052150354,0.200585725505022,0.758670644573519,0.0656010959013075,0.215321864994645,-1.53562132382473
"1694","RWA","Rwanda",2013,1.578115934,9.96e-12,2.663058929,2032.404802,11101350,0.341223747,0.499,"RWA2013","7","RWA",2013,-1.07521686731051,0.456231688673007,7.61697500244066,0.200177528817385,0.748154417817055,0.0691539451838379,0.217975580657406,-1.52337223780024
"1695","RWA","Rwanda",2014,1.57745567,9.66e-12,3.546117935,2106.214544,11368451,0.359209359,0.525,"RWA2014","7","RWA",2014,-1.02384988777103,0.455813213612071,7.65264756024978,0.200093777039052,0.725619646196059,0.0920850990648185,0.237343490404101,-1.43824686050753
"1696","RWA","Rwanda",2015,1.651028199,9.53e-12,3.675009513,2238.539415,11642959,0.371521741,0.525,"RWA2015","7","RWA",2015,-0.990147894329413,0.501398244743675,7.71357888529907,0.209426150362688,0.715854578493628,0.0954321376987016,0.242763536927849,-1.41566740847221
"1697","RWA","Rwanda",2016,1.65962069,9.3e-12,3.791941896,2316.637316,11930899,0.351225674,0.534,"RWA2016","7","RWA",2016,-1.04632631624847,0.506589076258349,7.74787198045795,0.210516072577975,0.698577920250864,0.0984686216142994,0.243743283655646,-1.41163972371705
"1698","RWA","Rwanda",2017,1.5389627,8.88e-12,2.722838001,2351.596869,12230339,0.340820819,0.539,"RWA2017","7","RWA",2017,-1.07639839727779,0.431108618045814,7.7628498950933,0.195211101789769,0.66702923998147,0.0707062798405032,0.209589308204976,-1.56260533830877
"1699","RWA","Rwanda",2018,1.634787427,8.71e-12,3.631178377,2493.440017,12531808,0.344781011,0.54,"RWA2018","7","RWA",2018,-1.06484581421495,0.491512781829377,7.8214185689519,0.207366075095083,0.654259536062906,0.0942939368337934,0.233878614500552,-1.45295303966796
"1700","RWA","Rwanda",2019,1.712593834,8.61e-12,3.227704232,2667.464584,12835028,0.358663052,0.55,"RWA2019","7","RWA",2019,-1.02537190504622,0.538009083229772,7.88888370623679,0.217235498464976,0.646747945522574,0.0838165761555964,0.227509004235282,-1.48056546231818
"1701","RWA","Rwanda",2020,1.615667353,8.47e-12,2.746015918,2520.317394,13146362,0.32934159,0.555,"RWA2020","7","RWA",2020,-1.11065979936644,0.479748092993884,7.83214012257443,0.204940772186934,0.63623171876611,0.0713081607768351,0.210278227053772,-1.55932373442571
"1702","SAU","Saudi Arabia",2000,15.88275237,2.05e-11,360.2570454,55962.26613,21547390,0.762252688,0.737,"SAU2000","3","SAU",2000,-0.271477166717892,2.76523376384814,10.932432923492,2.01466194703859,1.53987606076803,9.35510502542206,3.07311542727535,1.12269184419865
"1703","SAU","Saudi Arabia",2001,16.14343753,2.08e-11,388.3549833,53309.11139,22085929,0.675350904,0.744,"SAU2001","3","SAU",2001,-0.392522865411071,2.78151362219657,10.8838625409478,2.04772878959679,1.56241083238903,10.084748382599,3.18354442624829,1.15799517553645
"1704","SAU","Saudi Arabia",2002,16.16088973,1.99e-11,447.2338086,50371.97831,22623415,0.697888315,0.75,"SAU2002","3","SAU",2002,-0.3596961961856,2.78259410912684,10.8271903135293,2.04994252953386,1.49480651752604,11.6137055577276,3.28926724187267,1.19066481713581
"1705","SAU","Saudi Arabia",2003,16.60354502,1.97e-11,431.1910852,52234.64928,23150847,0.677636683,0.762,"SAU2003","3","SAU",2003,-0.389144000450833,2.80961622798447,10.863501332977,2.10609153618228,1.47978333644538,11.1971103399043,3.26783744137003,1.18412843321772
"1706","SAU","Saudi Arabia",2004,16.74293988,1.86e-11,429.6033423,54196.55142,23661808,0.717774093,0.773,"SAU2004","3","SAU",2004,-0.331600393146217,2.81797666971361,10.9003725584662,2.1237732020241,1.39715584050173,11.155880052329,3.21084204328241,1.16653322152194
"1707","SAU","Saudi Arabia",2005,17.62208604,1.93e-11,458.0727149,54931.79425,24397644,0.780452132,0.782,"SAU2005","3","SAU",2005,-0.247881870824127,2.86915300396582,10.9138475901032,2.23528928394594,1.44973697428405,11.8951687743168,3.37803791638229,1.21729504282892
"1708","SAU","Saudi Arabia",2006,18.392016,1.99e-11,452.1958183,54373.7377,25382870,0.796979308,0.785,"SAU2006","3","SAU",2006,-0.226926562887796,2.91191665740396,10.9036365534089,2.33295173917799,1.49480651752604,11.7425583379116,3.44681378638762,1.23745026413979
"1709","SAU","Saudi Arabia",2007,18.84504496,1.86e-11,451.5653871,53318.41916,26400068,0.7692644,0.786,"SAU2007","3","SAU",2007,-0.262320545423182,2.93625001249497,10.8840371256911,2.39041660328696,1.39715584050173,11.7261873878841,3.39592762420703,1.22257695615104
"1710","SAU","Saudi Arabia",2008,19.92311864,1.93e-11,413.2091745,54407.70817,27437353,0.862649858,0.792,"SAU2008","3","SAU",2008,-0.147746396763331,2.99188079813542,10.9042611171078,2.52716582461854,1.44973697428405,10.7301585750346,3.40024098994696,1.22384630850646
"1711","SAU","Saudi Arabia",2009,20.72509985,1.97e-11,412.4893914,51760.7644,28483797,0.701435924,0.794,"SAU2009","3","SAU",2009,-0.354625725022764,3.03134551886259,10.8543876972265,2.62889384935806,1.47978333644538,10.7114673472516,3.46688990492621,1.2432579110577
"1712","SAU","Saudi Arabia",2010,21.02974428,1.78e-11,391.0869631,54911.54752,29411929,0.747984946,0.801,"SAU2010","3","SAU",2010,-0.290372426878633,3.04593782986892,10.9134789427204,2.667536744884,1.33706311617907,10.1556920554089,3.30869915781398,1.19655510846121
"1713","SAU","Saudi Arabia",2011,21.47270622,1.65e-11,389.1583559,58645.46489,30150945,0.88528204,0.811,"SAU2011","3","SAU",2011,-0.121848995479308,3.06678265052411,10.9792655261132,2.72372464882627,1.23941243915476,10.105610250933,3.24325078629605,1.17657615590973
"1714","SAU","Saudi Arabia",2012,22.89826292,1.71e-11,316.7695575,59471.68202,30821543,0.922471702,0.819,"SAU2012","3","SAU",2012,-0.0806985788767061,3.13106105266122,10.993255545805,2.90455066499338,1.28448198239675,8.22582796674703,3.13084955035093,1.14130438956118
"1715","SAU","Saudi Arabia",2013,22.90002791,1.72e-11,297.1827561,57998.48168,31482498,0.87104702,0.827,"SAU2013","3","SAU",2013,-0.138059319660193,3.13113812933674,10.9681721112549,2.90477454673044,1.29199357293708,7.71720062260825,3.0709837950752,1.12199796468644
"1716","SAU","Saudi Arabia",2014,24.22109484,1.64e-11,261.8298924,58872.26714,32125564,0.898552358,0.841,"SAU2014","3","SAU",2014,-0.106970301779626,3.18722394106694,10.9831254122371,3.07234646445355,1.23190084861443,6.79916235774735,2.95234508325744,1.08259979802861
"1717","SAU","Saudi Arabia",2015,25.26562242,1.68e-11,258.671026,58498.5399,32749848,0.764029086,0.851,"SAU2015","3","SAU",2015,-0.269149419859658,3.2294446741024,10.9767570739341,3.20484050069081,1.26194721077576,6.71713335287261,3.00614916335048,1.10065991197274
"1718","SAU","Saudi Arabia",2016,23.67660362,1.54e-11,241.633258,57308.46378,33416270,0.692690074,0.86,"SAU2016","3","SAU",2016,-0.367172603491787,3.16448737151954,10.9562036017424,3.00327998807238,1.15678494321111,6.27469895478387,2.79348995831688,1.02729169525046
"1719","SAU","Saudi Arabia",2017,22.73143105,1.59e-11,256.4201346,57942.5485,34193122,0.717576981,0.869,"SAU2017","3","SAU",2017,-0.33187504651125,3.1237485945276,10.9672072555131,2.88338872704885,1.19434289591277,6.65868251695783,2.8410149021474,1.04416134824633
"1720","SAU","Saudi Arabia",2018,21.69147968,1.45e-11,185.0468725,61359.46537,35018133,0.854858756,0.875,"SAU2018","3","SAU",2018,-0.156819021352832,3.07691954196791,11.024504722998,2.75147516426693,1.08918062834812,4.80527153866284,2.4329199140809,0.889092146728964
"1721","SAU","Saudi Arabia",2019,21.50169576,1.45e-11,178.2115296,62647.71413,35827362,0.838401437,0.878,"SAU2019","3","SAU",2019,-0.176258251437821,3.06813180458148,11.0452824733058,2.72740185298708,1.08918062834812,4.62777230157429,2.39555974947066,0.87361691940972
"1722","SAU","Saudi Arabia",2020,21.54978851,1.27e-11,159.3718664,57420.73357,35997107,0.751004338,0.875,"SAU2020","3","SAU",2020,-0.286343850936416,3.07036600258049,10.9581607291072,2.73350222092686,0.953971998622148,4.13854653866412,2.20987461870015,0.792935780300408
"1723","SDN","Sudan",2000,4.449865531,7.19e-12,117.756727,3575.852051,26298773,0.51425308,NA,"SDN2000","9","SDN",2000,-0.665039761162193,1.49287387796877,8.18195876267466,0.564447178039354,0.540083359849862,3.05789036634051,0.97686677306627,-0.0234049995270586
"1724","SDN","Sudan",2001,4.855917492,7.31e-12,191.656037,3701.548828,26947253,0.49015981,NA,"SDN2001","9","SDN",2001,-0.713023798193343,1.58019806267381,8.21650661320504,0.615953202643268,0.54909726849826,4.97689740640719,1.18955692550094,0.173580906279034
"1725","SDN","Sudan",2002,4.954403335,7.32e-12,167.4763967,3814.313232,27570318,0.456839234,NA,"SDN2002","9","SDN",2002,-0.783423735536974,1.60027674378052,8.24651590968903,0.628445727590575,0.549848427552293,4.3490038582539,1.14542551440262,0.135776196268737
"1726","SDN","Sudan",2003,4.538947989,6.89e-12,155.2152029,3946.922607,28188977,0.442752749,NA,"SDN2003","9","SDN",2003,-0.814743793416956,1.51269526471734,8.28069146741385,0.575746922195805,0.517548588228866,4.03060687698544,1.06296198155857,0.0610593334883933
"1727","SDN","Sudan",2004,4.759303444,7.01e-12,144.9155296,4041.057129,28831550,0.457103103,NA,"SDN2004","9","SDN",2004,-0.782846305218563,1.56010132224116,8.30426160232078,0.603698107208889,0.526562496877265,3.76314638820568,1.06154958238352,0.0597297108051329
"1728","SDN","Sudan",2005,5.105591494,7.49e-12,132.7853582,4152.322754,29540577,0.525920033,NA,"SDN2005","9","SDN",2005,-0.642606106319044,1.63033631052667,8.33142315641029,0.647623325004701,0.562618131470857,3.44815177846148,1.07904823835386,0.076079391814099
"1729","SDN","Sudan",2006,5.471603516,7.74e-12,158.4936749,4299.974121,30332968,0.625475109,NA,"SDN2006","9","SDN",2006,-0.469243743631952,1.69957172082378,8.36636428329145,0.694050447691249,0.581397107821687,4.11574178350434,1.1842334985498,0.169095728631171
"1730","SDN","Sudan",2007,5.221332938,7.4e-12,142.0666218,4415.785156,31191163,0.560270727,NA,"SDN2007","9","SDN",2007,-0.579335171001499,1.65275272140503,8.3929409355053,0.662304652112875,0.555857699984559,3.68916634529728,1.10743069442234,0.102042642579352
"1731","SDN","Sudan",2008,5.328630696,7.75e-12,340.4553072,4446.409668,32065241,0.482420266,0.456,"SDN2008","9","SDN",2008,-0.728939623672153,1.67309430010633,8.39985223332916,0.675914932309239,0.58214826687572,8.84089623224988,1.51521402306427,0.41555669833311
"1732","SDN","Sudan",2009,5.276838579,7.28e-12,378.293731,4188.054688,32948155,0.484825313,0.469,"SDN2009","9","SDN",2009,-0.72396663230627,1.66332716441615,8.33999163016687,0.669345314849638,0.54684379133616,9.82347917730345,1.532002994352,0.426576025854347
"1733","SDN","Sudan",2010,4.981460002,6.88e-12,370.2327045,4219.836914,33739933,0.468890399,0.479,"SDN2010","9","SDN",2010,-0.757386228677371,1.6057230211621,8.34755176031172,0.631877754744858,0.516797429174833,9.6141515583627,1.46427099022783,0.381357501024384
"1734","SDN","Sudan",2011,4.944825975,3.77e-12,374.511058,4467.625977,34419624,0.516095698,0.476,"SDN2011","9","SDN",2011,-0.661463069456074,1.59834177234217,8.40461244518106,0.627230878785053,0.283186963370512,9.72525124909586,1.19986901684995,0.182212398211329
"1735","SDN","Sudan",2012,4.897843943,3.41e-12,393.4926184,4145.931641,35159792,0.600209177,0.482,"SDN2012","9","SDN",2012,-0.510477056189394,1.5887950966504,8.32988280491961,0.621271400864606,0.256145237425317,10.2181617788295,1.17592640011186,0.162056262579017
"1736","SDN","Sudan",2013,4.91468707,3.39e-12,376.0453855,4130.48584,35990704,0.519064367,0.488,"SDN2013","9","SDN",2013,-0.655727382311636,1.59222808321006,8.32615031584029,0.623407882391582,0.254642919317251,9.76509445296702,1.15733773636841,0.146122312588551
"1737","SDN","Sudan",2014,4.771167404,3.11e-12,381.6316797,4207.500488,37003245,0.747156262,0.496,"SDN2014","9","SDN",2014,-0.291480929648033,1.56259101374067,8.34462404204832,0.605203001839012,0.233610465804321,9.91015856652483,1.11898601150322,0.11242292836087
"1738","SDN","Sudan",2015,4.741969385,3.05e-12,395.0103589,4159.194336,38171178,0.796216547,0.498,"SDN2015","9","SDN",2015,-0.227884086165156,1.55645253148572,8.33307666526823,0.601499352972754,0.229103511480122,10.2575742537835,1.12228681288267,0.115368400888767
"1739","SDN","Sudan",2016,4.804993577,3.04e-12,320.7999755,4174.561035,39377169,1.115750313,0.502,"SDN2016","9","SDN",2016,0.109527105055995,1.56965570568879,8.33676449043985,0.609493713043814,0.228352352426089,8.3304893027786,1.05054600862133,0.0493100372228089
"1740","SDN","Sudan",2017,4.705753596,3.17e-12,367.6391671,4061.018311,40679828,1.163053632,0.506,"SDN2017","9","SDN",2017,0.151048987692514,1.54878592939335,8.30918903666407,0.596905528786583,0.23811742012852,9.54680293860866,1.10709505110034,0.101739513726367
"1741","SDN","Sudan",2018,4.333050464,2.59e-12,202.2807587,3816.659912,41999059,0.655137002,0.515,"SDN2018","9","SDN",2018,-0.422910901859712,1.46627178912429,8.24713095053105,0.549629666260338,0.194550194994596,5.25279870698833,0.825082795837267,-0.192271539092416
"1742","SDN","Sudan",2019,4.091138948,2.43e-12,195.6204223,3625.523193,43232093,0.626186311,0.517,"SDN2019","9","SDN",2019,-0.468107330756753,1.40882340268239,8.19575388597778,0.518944183386716,0.182531650130065,5.07984401443691,0.783615591274021,-0.243836696129065
"1743","SDN","Sudan",2020,3.922515759,2.24e-12,194.471727,3401.249756,44440486,0.547517121,0.513,"SDN2020","9","SDN",2020,-0.602361546547539,1.3667332232078,8.13189821835912,0.497555023979543,0.168259628103434,5.05001485408898,0.750535487922758,-0.286968343320014
"1744","SEN","Senegal",2000,2.31729561,4.05e-12,5.057683202,3093.287916,9704287,0.517464399,0.398,"SEN2000","10","SEN",2000,-0.658814550411941,0.840400820393781,8.03698985467676,0.293939436739236,0.304219416883441,0.131337216424145,0.227305981861103,-1.48145823143912
"1745","SEN","Senegal",2001,2.605947462,4.36e-12,14.13820231,3149.331137,9938027,0.556482732,0.404,"SEN2001","10","SEN",2001,-0.586119138397563,0.957796318100351,8.05494537181257,0.330553739387752,0.32750534755847,0.367138878113707,0.341269085640556,-1.0750840054299
"1746","SEN","Senegal",2002,2.329832188,3.86e-12,8.728240556,3075.231575,10180950,0.53916657,0.409,"SEN2002","10","SEN",2002,-0.617730720564233,0.845796242666281,8.03113548634813,0.295529650201885,0.28994739485681,0.226653741074978,0.26879904465475,-1.31379122445125
"1747","SEN","Senegal",2003,2.554632183,3.92e-12,13.29622514,3170.034947,10434504,0.550998509,0.416,"SEN2003","10","SEN",2003,-0.596023175821994,0.937908253605589,8.06149789110078,0.32404460687126,0.29445434918101,0.345274531656272,0.320574597266308,-1.13764027692315
"1748","SEN","Senegal",2004,2.771168048,4.09e-12,12.83037519,3240.302017,10698691,0.534442902,0.423,"SEN2004","10","SEN",2004,-0.6265303792934,1.01926890929641,8.08342181956557,0.351511292570433,0.307224053099574,0.333177404718757,0.330133816300222,-1.10825720277605
"1749","SEN","Senegal",2005,2.735630585,4.1e-12,12.99348591,3301.820762,10974057,0.558821142,0.43,"SEN2005","10","SEN",2005,-0.581925817669373,1.00636197054193,8.10222934135929,0.347003511253158,0.307975212153607,0.337413041289523,0.330372456276124,-1.10753460559206
"1750","SEN","Senegal",2006,2.52324126,3.6e-12,10.03720221,3301.031524,11263387,0.547917902,0.438,"SEN2006","10","SEN",2006,-0.601629817125953,0.92554428934405,8.10199028164098,0.320062797133423,0.270417259451948,0.2606446758916,0.28255705400084,-1.26387478772211
"1751","SEN","Senegal",2007,2.751421631,3.79e-12,14.70424732,3316.420378,11563869,0.545240939,0.45,"SEN2007","10","SEN",2007,-0.606527492103588,1.01211773482966,8.10664128083783,0.349006540623573,0.284689281478578,0.38183785648285,0.336016978207253,-1.09059358991682
"1752","SEN","Senegal",2008,2.773269099,3.71e-12,8.893961532,3359.705671,11872929,0.508939624,0.462,"SEN2008","10","SEN",2008,-0.675425886363029,1.02002680447851,8.11960865120366,0.351777802265974,0.278680009046313,0.230957160411786,0.28290148437817,-1.26265655368177
"1753","SEN","Senegal",2009,2.747713028,3.56e-12,9.090643848,3371.461667,12195029,0.513129115,0.47,"SEN2009","10","SEN",2009,-0.667227779319172,1.01076893950377,8.12310165839326,0.348536119555063,0.267412623235815,0.236064579534652,0.280212071891564,-1.2722085628825
"1754","SEN","Senegal",2010,2.706255956,3.38e-12,9.459023155,3403.567072,12530121,0.503365874,0.477,"SEN2010","10","SEN",2010,-0.686437989599894,0.99556611359765,8.13257929946627,0.343277460133299,0.253891760263217,0.245630602323605,0.277667759531935,-1.28132998960183
"1755","SEN","Senegal",2011,2.774311844,3.15e-12,9.85352445,3362.879405,12875880,0.482490867,0.491,"SEN2011","10","SEN",2011,-0.728793286879652,1.0204027323011,8.12055285174554,0.351910070189255,0.236615102020454,0.255874957276586,0.277226013155282,-1.2829221735178
"1756","SEN","Senegal",2012,2.604896808,2.99e-12,9.112457799,3405.108645,13231833,0.489777118,0.499,"SEN2012","10","SEN",2012,-0.713804852582702,0.957393061368889,8.13303212556357,0.330420468240284,0.224596557155923,0.236631041190933,0.259924519943181,-1.34736399802495
"1757","SEN","Senegal",2013,2.679777689,3.03e-12,10.41886217,3385.425907,13595566,0.482018322,0.504,"SEN2013","10","SEN",2013,-0.729773153205859,0.985733839216397,8.12723499929262,0.339918800644961,0.227601193372056,0.270555568837036,0.275593349193757,-1.28882887223194
"1758","SEN","Senegal",2014,2.638476933,3.1e-12,11.17806291,3484.012197,13970308,0.486866534,0.508,"SEN2014","10","SEN",2014,-0.719765250955032,0.970201831358059,8.15593983882735,0.334679969266195,0.232859306750288,0.290270388432562,0.282819066784948,-1.26294792578638
"1759","SEN","Senegal",2015,2.534807032,3.04e-12,13.55116427,3593.794771,14356181,0.484937668,0.509,"SEN2015","10","SEN",2015,-0.723734915891633,0.930117512646744,8.18696396248545,0.321529867839665,0.228352352426089,0.351894755651035,0.295628660434966,-1.21865113779157
"1760","SEN","Senegal",2016,2.600180214,3e-12,12.89750967,3710.055316,14751356,0.475359648,0.516,"SEN2016","10","SEN",2016,-0.743683607759531,0.955580755702319,8.21880206546337,0.329822187650745,0.225347716209956,0.33492074359095,0.291983532574116,-1.23105787359825
"1761","SEN","Senegal",2017,2.519429654,2.95e-12,14.02272083,3871.451468,15157793,0.434071928,0.517,"SEN2017","10","SEN",2017,-0.834545025894988,0.924032548129558,8.26138477203853,0.319579310557141,0.22159192093979,0.364140071046127,0.295438450448205,-1.21929475334664
"1762","SEN","Senegal",2018,2.684344111,2.87e-12,13.67810991,3998.286353,15574909,0.410850137,0.522,"SEN2018","10","SEN",2018,-0.889526761149964,0.987436419162694,8.2936211365575,0.340498032532684,0.215582648507525,0.35519126243663,0.296526533952549,-1.21561857398331
"1763","SEN","Senegal",2019,2.677324125,2.84e-12,13.54444506,4070.612271,16000781,0.382260799,0.52,"SEN2019","10","SEN",2019,-0.961652183427483,0.984817834907819,8.31154870225754,0.339607576122267,0.213329171345425,0.351720272136999,0.294267074954372,-1.22326750579342
"1764","SEN","Senegal",2020,2.727191464,2.66e-12,9.934952431,4018.041293,16436120,0.368997782,0.522,"SEN2020","10","SEN",2020,-0.996964645799783,1.00327231188653,8.29854982232556,0.34593304339286,0.199808308372828,0.257989467801751,0.261257754076062,-1.34224779546966
"1765","SGP","Singapore",2000,24.48613466,4.1e-11,65.73424289,68314.5444,4027887,0.911771715,0.882,"SGP2000","1","SGP",2000,-0.0923656327412084,3.19810702510569,11.131877971644,3.10596567775895,3.07975212153607,1.70697770898488,2.53695884289822,0.930966057741457
"1766","SGP","Singapore",2001,24.96045406,5.3e-11,122.2885065,65784.40188,4138012,0.807646453,0.885,"SGP2001","1","SGP",2001,-0.213630874385868,3.21729273484217,11.0941380357163,3.16613114679486,3.98114298637589,3.1755709883183,3.42073554605672,1.22985559989627
"1767","SGP","Singapore",2002,21.83130489,3.9e-11,74.62477785,67744.27027,4175950,0.821381867,0.891,"SGP2002","1","SGP",2002,-0.196767153427724,3.08334494385556,11.123495163505,2.76921141823988,2.92952031072943,1.93784588864987,2.50509358198434,0.918326091916612
"1768","SGP","Singapore",2003,23.06519506,4.05e-11,95.91887274,71877.53486,4114826,0.711570859,0.897,"SGP2003","1","SGP",2003,-0.340280275406166,3.13832477394346,11.1827190450952,2.92572532177585,3.04219416883441,2.49080799351605,2.80922749438699,1.0329095325206
"1769","SGP","Singapore",2004,23.26287743,3.8e-11,95.82699358,78039.02471,4166664,0.770045817,0.905,"SGP2004","1","SGP",2004,-0.261305263307214,3.14685884666211,11.2649642973499,2.95080051901885,2.85440440532611,2.48842208822308,2.75714623206776,1.01419617092081
"1770","SGP","Singapore",2005,24.15729677,3.38e-11,83.60399867,81841.15878,4265762,0.858863294,0.911,"SGP2005","1","SGP",2005,-0.152145515180918,3.18458647814767,11.3125355596162,3.06425394113459,2.53891760263217,2.171017050436,2.56573736018358,0.942245907168338
"1771","SGP","Singapore",2006,23.33432178,3.57e-11,75.48119215,86463.82838,4401365,0.957344115,0.911,"SGP2006","1","SGP",2006,-0.0435923753589203,3.14992531448401,11.3674814364456,2.95986294157149,2.68163782289848,1.96008513649824,2.49640792741635,0.914852869612024
"1772","SGP","Singapore",2007,26.13010806,3.35e-11,82.01199342,90417.80738,4588599,0.956672192,0.914,"SGP2007","1","SGP",2007,-0.0442944833035026,3.26308821500043,11.4121965112734,3.31449695582506,2.51638283101118,2.12967607874664,2.60917152486113,0.95903274752027
"1773","SGP","Singapore",2008,23.56208892,3.31e-11,77.7261533,87329.59378,4839396,0.769524157,0.924,"SGP2008","1","SGP",2008,-0.261982933083546,3.15963901868999,11.3774446738454,2.9887542684054,2.48633646884985,2.01838197650292,2.46614054285203,0.902654395353368
"1774","SGP","Singapore",2009,21.22018365,2.95e-11,58.76336785,84843.5194,4987573,0.773314476,0.928,"SGP2009","1","SGP",2009,-0.257069487769956,3.05495278771955,11.3485638906094,2.69169319730604,2.2159192093979,1.52595899206878,2.08788919762326,0.736153602339944
"1775","SGP","Singapore",2010,25.01047469,3.15e-11,79.47759416,95456.18931,5076732,0.849769294,0.932,"SGP2010","1","SGP",2010,-0.16279038516206,3.21929472471741,11.4664226705299,3.17247605839961,2.36615102020454,2.06386315001592,2.49291365672074,0.913452169653931
"1776","SGP","Singapore",2011,23.94518438,3.09e-11,76.55028006,99296.75611,5183688,0.828106225,0.933,"SGP2011","1","SGP",2011,-0.18861384176267,3.17576723391109,11.5058681819267,3.03734835508292,2.32108147696255,1.98784706317578,2.41095619395789,0.880023429792118
"1777","SGP","Singapore",2012,24.79348846,2.96e-11,78.95616331,101187.8253,5312437,0.821268022,0.933,"SGP2012","1","SGP",2012,-0.196905764827444,3.2105810565987,11.5247337252388,3.14495224574872,2.22343079993824,2.05032270597039,2.42933065997217,0.887615770838409
"1778","SGP","Singapore",2013,25.3238144,3.03e-11,87.33634506,104359.0307,5399162,0.770106792,0.934,"SGP2013","1","SGP",2013,-0.261226082842012,3.23174523363907,11.5555924511661,3.21222191450359,2.27601193372056,2.26793810421008,2.5499818606415,0.936086245671112
"1779","SGP","Singapore",2014,24.20795018,2.79e-11,104.029169,107066.8586,5469724,0.79748106,0.934,"SGP2014","1","SGP",2014,-0.226297193821455,3.18668109904653,11.5812087650376,3.07067911828508,2.09573376075259,2.70141504275597,2.59052200895298,0.951859403261701
"1780","SGP","Singapore",2015,23.0314832,2.91e-11,107.1325102,108953.7243,5535002,0.811254323,0.935,"SGP2015","1","SGP",2015,-0.209173682164476,3.13686211471148,11.598678523359,2.9214491107059,2.18587284723658,2.78200217693258,2.60931731083864,0.959088620391567
"1781","SGP","Singapore",2016,22.88703154,2.77e-11,94.56058879,111579.7427,5607283,0.834289312,0.934,"SGP2016","1","SGP",2016,-0.181175039895709,3.13057044185014,11.622494795428,2.90312601053982,2.08071057967193,2.45553626415268,2.45701592602588,0.898947575417051
"1782","SGP","Singapore",2017,23.4357112,2.92e-11,101.7014559,116471.8208,5612253,0.866075814,0.935,"SGP2017","1","SGP",2017,-0.143782829216903,3.15426097868461,11.6654046411848,2.97272377334345,2.19338443777691,2.64096931158263,2.58232493950765,0.948690132495278
"1783","SGP","Singapore",2018,24.33545745,2.97e-11,129.1037325,119927.7691,5638676,0.861917973,0.939,"SGP2018","1","SGP",2018,-0.148595171779057,3.19193444113627,11.6946449163684,3.08685289212828,2.23094239047857,3.35254783253573,2.84747393410341,1.04643226233889
"1784","SGP","Singapore",2019,23.76135536,2.79e-11,117.3992856,120114.1339,5703569,0.848321378,0.942,"SGP2019","1","SGP",2019,-0.164495731495772,3.16806053663855,11.6961976855734,3.01403039842605,2.09573376075259,3.0486083776046,2.68037232702544,0.985955712867733
"1785","SGP","Singapore",2020,22.19340825,2.39e-11,57.73881069,115893.0424,5685807,0.828376174,0.944,"SGP2020","1","SGP",2020,-0.188287911342217,3.0997953191114,11.6604229964646,2.81514274319491,1.79527013913932,1.49935343373555,1.96416551687845,0.675067481777662
"1786","SLE","Sierra Leone",2000,2.254256811,2.08e-11,1.883470171,1983.288724,4584067,0.264927387,0.318,"SLE2000","10","SLE",2000,-1.32829950186463,0.812820344797329,7.59251171751777,0.285943223830182,1.56241083238903,0.0489096923625485,0.279569631435068,-1.27450388884523
"1787","SLE","Sierra Leone",2001,2.211968971,2.15e-11,3.439917147,1750.924645,4857096,0.30286029,0.33,"SLE2001","10","SLE",2001,-1.19448366891595,0.793883055984848,7.46789929595146,0.280579184897523,1.61499196617135,0.0893272917208442,0.343349690953823,-1.06900584400666
"1788","SLE","Sierra Leone",2002,2.226121328,2.22e-11,3.74840656,2091.141105,5140113,0.352692723,0.345,"SLE2002","10","SLE",2002,-1.04215807421836,0.800260756309612,7.64546517921782,0.282374353294322,1.66757309995368,0.097338102042795,0.357874703580154,-1.0275723438418
"1789","SLE","Sierra Leone",2003,2.141200153,2.33e-11,4.059489633,2198.257205,5350907,0.357975781,0.354,"SLE2003","10","SLE",2003,-1.02728994570785,0.761366490992345,7.69542014586093,0.271602450806346,1.75020059589733,0.10541626416816,0.368674452836866,-0.997841265980319
"1790","SLE","Sierra Leone",2004,2.127197246,2.41e-11,3.415125624,2262.872129,5533329,0.346081614,0.363,"SLE2004","10","SLE",2004,-1.06108065312668,0.754805266286188,7.72439013895532,0.269826239528627,1.81029332021998,0.0886835088875407,0.351203363069557,-1.04638984132865
"1791","SLE","Sierra Leone",2005,2.111098593,2.36e-11,3.32420448,2298.723845,5683334,0.338140696,0.37,"SLE2005","10","SLE",2005,-1.0842932097564,0.747208472181062,7.74010939793102,0.267784191472841,1.77273536751832,0.086322481221289,0.34476056714317,-1.06490511116667
"1792","SLE","Sierra Leone",2006,2.156913941,2.47e-11,2.718543662,2344.862245,5809774,0.338698566,0.372,"SLE2006","10","SLE",2006,-1.08264475300263,0.768678469068208,7.75998193501841,0.273595680316568,1.85536286346197,0.0705947650405215,0.329688296835183,-1.10960762593973
"1793","SLE","Sierra Leone",2007,2.038891982,2.17e-11,2.319210394,2379.944468,5939163,0.350675493,0.391,"SLE2007","10","SLE",2007,-1.04789400451726,0.71240651422043,7.7748324336202,0.258625079241066,1.63001514725202,0.0602249340823592,0.293908989824552,-1.22448511798645
"1794","SLE","Sierra Leone",2008,2.037723119,2.19e-11,1.92036267,2406.815307,6090860,0.36551863,0.4,"SLE2008","10","SLE",2008,-1.00643802981907,0.711833066395177,7.78605970322293,0.25847681376714,1.64503832833268,0.0498677116634953,0.276782748396469,-1.28452238233818
"1795","SLE","Sierra Leone",2009,2.052982662,2.17e-11,2.076868637,2378.720612,6259842,0.3734065,0.406,"SLE2009","10","SLE",2009,-0.985087640420241,0.719293692798992,7.77431806414623,0.26041242416357,1.63001514725202,0.0539318369237372,0.283944101345175,-1.25897788644314
"1796","SLE","Sierra Leone",2010,2.012763531,2.19e-11,2.863464401,2461.981048,6436698,0.335935712,0.41,"SLE2010","10","SLE",2010,-1.09083547065882,0.699508668818506,7.80872160890811,0.255310792476501,1.64503832833268,0.0743580467057044,0.314913338396063,-1.15545779421088
"1797","SLE","Sierra Leone",2011,2.196184746,2.18e-11,3.115747402,2592.858935,6612385,0.347794592,0.416,"SLE2011","10","SLE",2011,-1.05614322634903,0.786721648523988,7.86051638182202,0.278577020742961,1.63752673779235,0.08090929671072,0.332948737060022,-1.09976674361479
"1798","SLE","Sierra Leone",2012,2.206812061,1.97e-11,1.986689104,2795.438891,6788587,0.371153444,0.418,"SLE2012","10","SLE",2012,-0.991139706194491,0.791548967780939,7.93574440045313,0.27992505203067,1.47978333644538,0.0515900673091504,0.277503627703294,-1.28192127307643
"1799","SLE","Sierra Leone",2013,2.405303733,2.03e-11,2.770850145,3127.539452,6964859,0.51438123,0.436,"SLE2013","10","SLE",2013,-0.664790595838002,0.877676187891215,8.04800185680987,0.305102905910568,1.52485287968737,0.0719530525416921,0.322285799777604,-1.13231655015215
"1800","SLE","Sierra Leone",2014,2.334437771,1.97e-11,2.103671756,2815.058582,7140688,0.510035872,0.438,"SLE2014","10","SLE",2014,-0.673274218482412,0.847771078830264,7.94273835101445,0.296113849501721,1.47978333644538,0.0546278566031732,0.288197585370998,-1.24410897376202
"1801","SLE","Sierra Leone",2015,2.288520242,1.94e-11,2.031760927,2630.534986,7314773,0.456747711,0.432,"SLE2015","10","SLE",2015,-0.783624095230831,0.827905426167483,7.87494252121547,0.290289399417548,1.45724856482438,0.0527604861621227,0.281551514159422,-1.2674398493545
"1802","SLE","Sierra Leone",2016,2.218180699,1.88e-11,1.16475891,2734.718989,7493913,0.505193293,0.441,"SLE2016","10","SLE",2016,-0.682814164524251,0.796687354951478,7.91378396332504,0.281367117098153,1.41217902158239,0.030246297946089,0.229057811736254,-1.47378085429205
"1803","SLE","Sierra Leone",2017,2.167247892,1.82e-11,1.06203817,2755.904289,7677565,0.535030663,0.445,"SLE2017","10","SLE",2017,-0.625431219709825,0.773458110104933,7.92150090330119,0.274906499584996,1.3671094783404,0.0275788600062644,0.218032652123485,-1.52311044702605
"1804","SLE","Sierra Leone",2018,2.280878386,1.78e-11,0.854497435,2769.869677,7861281,0.599668145,0.451,"SLE2018","10","SLE",2018,-0.511378868444275,0.824560625791463,7.92655555006015,0.289320061350109,1.33706311617907,0.0221894709637197,0.204750891660256,-1.5859612013854
"1805","SLE","Sierra Leone",2019,2.120658083,1.77e-11,0.823983647,2855.229066,8046828,0.553949058,0.455,"SLE2019","10","SLE",2019,-0.590682549531388,0.751726457024118,7.95690735214655,0.268996773542211,1.32955152563874,0.0213970931459688,0.19706175230897,-1.62423813586625
"1806","SLE","Sierra Leone",2020,2.088934369,1.76e-11,1.41559427,2755.102525,8233970,0.516091585,0.454,"SLE2020","10","SLE",2020,-0.661471038940038,0.736654064656286,7.92120993505067,0.264972750631972,1.32203993509841,0.0367599558102512,0.234390635376258,-1.45076617354384
"1807","SLV","El Salvador",2000,3.494227966,2.71e-11,8.197468176,7545.447962,5958482,0.659280956,0.607,"SLV2000","5","SLV",2000,-0.416605498461321,1.25111245457492,8.92869974147396,0.443228475353875,2.03564103642994,0.212870717473094,0.576963392125665,-0.549976459676258
"1808","SLV","El Salvador",2001,3.677387509,2.4e-11,8.639426054,7580.323384,5988095,0.641627431,0.612,"SLV2001","5","SLV",2001,-0.443747469291392,1.30220258403852,8.93331114052322,0.466461511601174,1.80278172967965,0.224347418396214,0.573535115378816,-0.555936114332846
"1809","SLV","El Salvador",2002,3.899381554,2.72e-11,8.227907363,7675.671062,6011275,0.652942955,0.621,"SLV2002","5","SLV",2002,-0.426265511867764,1.36081796466368,8.94581100342147,0.49462054503013,2.04315262697027,0.213661158062416,0.599928526893551,-0.510944752705643
"1810","SLV","El Salvador",2003,3.923297907,2.54e-11,10.80619239,7780.271777,6026849,0.644481719,0.628,"SLV2003","5","SLV",2003,-0.439308821628918,1.36693260291165,8.95934654933865,0.497654236242999,1.9079439972443,0.280613706308287,0.64347854241609,-0.440866597620658
"1811","SLV","El Salvador",2004,4.459307456,2.77e-11,11.46123192,7841.532379,6035655,0.63533783,0.636,"SLV2004","5","SLV",2004,-0.453598405811618,1.49499347505119,8.96718955075042,0.565644847471022,2.08071057967193,0.297623682038669,0.704921892814829,-0.349668272641147
"1812","SLV","El Salvador",2005,4.479044922,2.7e-11,14.32234874,8050.534513,6037817,0.658823907,0.642,"SLV2005","5","SLV",2005,-0.417298992630331,1.49940983664573,8.99349376733872,0.568148464020271,2.02812944588961,0.371920767086326,0.753938599945302,-0.282444346723268
"1813","SLV","El Salvador",2006,4.609589388,2.57e-11,11.56019938,8404.246749,6034436,0.665754974,0.647,"SLV2006","5","SLV",2006,-0.406833583043005,1.52813878319345,9.03649242243344,0.584707493709826,1.93047876886529,0.300193655323636,0.697164181699445,-0.360734341154773
"1814","SLV","El Salvador",2007,5.08387183,2.65e-11,11.76927893,8548.834761,6044131,0.657344818,0.653,"SLV2007","5","SLV",2007,-0.419546561037859,1.62607314254522,9.05355026737997,0.644868274775125,1.99057149318795,0.30562300410083,0.73205707810856,-0.311896792502619
"1815","SLV","El Salvador",2008,4.768903556,2.47e-11,7.362574721,8704.805846,6068099,0.637651861,0.653,"SLV2008","5","SLV",2008,-0.449962816984513,1.56211641600403,9.07163054822007,0.604915842012225,1.85536286346197,0.191190319945017,0.598682512531714,-0.513023850544213
"1816","SLV","El Salvador",2009,4.557133951,2.54e-11,7.696492276,8494.498474,6091188,0.6134004,0.653,"SLV2009","5","SLV",2009,-0.488737375199166,1.51669390640756,9.0471739945763,0.578053736830836,1.9079439972443,0.199861444734232,0.604070489102699,-0.504064384044266
"1817","SLV","El Salvador",2010,4.55718523,2.61e-11,9.957332738,8648.929827,6114034,0.604786575,0.66,"SLV2010","5","SLV",2010,-0.502879651783815,1.51670515881138,9.06519087285008,0.57806024136151,1.96052513102662,0.258570636512147,0.664214327511336,-0.409150399192143
"1818","SLV","El Salvador",2011,4.522569182,2.5e-11,6.746699176,8943.061915,6137349,0.607001007,0.662,"SLV2011","5","SLV",2011,-0.499224828945432,1.50908023546163,9.09863330561418,0.573669337755018,1.87789763508297,0.175197349149215,0.573614817173684,-0.555797158137609
"1819","SLV","El Salvador",2012,4.293060061,2.47e-11,6.605955656,9165.420348,6161289,0.577036023,0.666,"SLV2012","5","SLV",2012,-0.549850582880344,1.45699977959413,9.12319302370651,0.544557047781251,1.85536286346197,0.171542540928086,0.557546842257928,-0.584208757190198
"1820","SLV","El Salvador",2013,4.354717458,2.43e-11,6.418670337,9327.564245,6185642,0.541997731,0.668,"SLV2013","5","SLV",2013,-0.612493463898117,1.47125973058788,9.14072919276926,0.552378035516599,1.82531650130065,0.166679141720947,0.551846906300617,-0.59448461483021
"1821","SLV","El Salvador",2014,4.268552832,2.49e-11,6.031677909,9451.744608,6209526,0.526808739,0.668,"SLV2014","5","SLV",2014,-0.640917720412336,1.45127485457331,9.15395461805178,0.541448406373045,1.87038604454264,0.156629775985536,0.541320183063104,-0.613744339594801
"1822","SLV","El Salvador",2015,4.312345865,2.51e-11,6.607956593,9646.154323,6231066,0.510508001,0.667,"SLV2015","5","SLV",2015,-0.672348968630499,1.46148204026946,9.17431459915323,0.547003372859657,1.8854092256233,0.171594500982784,0.561435236413431,-0.577258851770304
"1823","SLV","El Salvador",2016,4.52213553,2.51e-11,5.775136251,9863.761212,6250510,0.49577269,0.666,"SLV2016","5","SLV",2016,-0.701637743592789,1.50898434465831,9.19662283652196,0.573614330778751,1.8854092256233,0.14996793776577,0.545349199596794,-0.606328956295647
"1824","SLV","El Salvador",2017,4.499860168,2.55e-11,5.383427371,10064.79349,6266654,0.479705602,0.665,"SLV2017","5","SLV",2017,-0.734582692410142,1.5040463225157,9.21679882022803,0.57078879253875,1.91545558778463,0.139796095858496,0.534663892188256,-0.626116968411335
"1825","SLV","El Salvador",2018,4.374691177,2.53e-11,6.114251388,10297.20361,6276342,0.465954304,0.67,"SLV2018","5","SLV",2018,-0.763667709750533,1.47583592920383,9.23962764318175,0.554911619789194,1.90043240670396,0.158774032644006,0.551169580686612,-0.595712748239148
"1826","SLV","El Salvador",2019,4.678305472,2.54e-11,6.295742325,10543.93833,6280217,0.462773114,0.67,"SLV2019","5","SLV",2019,-0.770518379559311,1.54293596573078,9.26330640790121,0.593423846918593,1.9079439972443,0.163486964142436,0.569907775506149,-0.562280728601779
"1827","SLV","El Salvador",2020,4.229510927,2.63e-11,5.986188186,9692.449316,6292731,0.440720856,0.66,"SLV2020","5","SLV",2020,-0.819343583543287,1.44208636627911,9.17910244033358,0.536496100972127,1.97554831210728,0.155448505163282,0.548209964241036,-0.601096918990722
"1828","SRB","Serbia",2000,0.892269163,8.32e-12,8.538437568,11105.3288,7516346,0.38299939,0.701,"SRB2000","2","SRB",2000,-0.959721882492054,-0.113987439678026,9.31518034417477,0.113180680988737,0.624964332955612,0.221724963388181,0.250311445998834,-1.38504935246956
"1829","SRB","Serbia",2001,1.027978867,6.14e-12,8.960997687,11878.51279,7503433,0.375458717,0.707,"SRB2001","2","SRB",2001,-0.979606755233399,0.0275946094286712,9.38248639905328,0.130394899917762,0.461211659176377,0.232697945994006,0.240981929596678,-1.42303332922934
"1830","SRB","Serbia",2002,1.258512093,5.14e-12,7.301338729,12661.23254,7496522,0.414682955,0.711,"SRB2002","2","SRB",2002,-0.880241014575959,0.22993014460547,9.4463000479893,0.159637093407318,0.386095753773058,0.189600152191712,0.22692856816625,-1.48311998870386
"1831","SRB","Serbia",2003,1.576909914,6.43e-12,9.913559509,13272.94877,7480591,0.435607582,0.72,"SRB2003","2","SRB",2003,-0.831013482197861,0.455467181428475,9.49348331590354,0.20002455013052,0.48299527174334,0.257433939368189,0.291897692188158,-1.23135190732613
"1832","SRB","Serbia",2004,1.921201669,5.55e-12,9.187536514,14193.57234,7463157,0.444016308,0.732,"SRB2004","2","SRB",2004,-0.811893987494703,0.652950859536033,9.56054448899878,0.243696546099417,0.416893274988419,0.238580674856581,0.289403097699515,-1.23993476097364
"1833","SRB","Serbia",2005,1.932100068,5.85e-12,9.693947105,15076.71677,7440769,0.498562664,0.743,"SRB2005","2","SRB",2005,-0.696025992365124,0.658607529480066,9.62090689703505,0.245078963279856,0.439428046609415,0.251731074898115,0.300407113544348,-1.20261667913169
"1834","SRB","Serbia",2006,2.231418783,5.19e-12,12.09728957,15726.52482,7411569,0.490889132,0.753,"SRB2006","2","SRB",2006,-0.711536977091699,0.802637608726887,9.66310404475309,0.283046313717555,0.389851549043224,0.314140738939988,0.326057110935165,-1.12068272604118
"1835","SRB","Serbia",2007,2.860982303,5.31e-12,12.66250337,17027.13572,7381579,0.485294908,0.763,"SRB2007","2","SRB",2007,-0.722998515104892,1.0511650284494,9.74256356925867,0.362903862172657,0.398865457691623,0.328818132563052,0.362402561548754,-1.01499963654703
"1836","SRB","Serbia",2008,3.022487069,6.3e-12,77.61572748,17982.27677,7350222,0.483510554,0.773,"SRB2008","2","SRB",2008,-0.726682135991966,1.10608002525117,9.79714192792888,0.38339007884,0.473230204040908,2.01551445411354,0.715099401160663,-0.33533372334855
"1837","SRB","Serbia",2009,2.291453879,5.76e-12,72.304085,17487.14602,7320807,0.508750379,0.774,"SRB2009","2","SRB",2009,-0.675797797262465,0.829186497773437,9.7692213768818,0.290661519229823,0.432667615123116,1.87758245835556,0.618083261796964,-0.481132102772622
"1838","SRB","Serbia",2010,2.370627814,6.06e-12,121.4424371,17840.4348,7291436,0.514420629,0.775,"SRB2010","2","SRB",2010,-0.664714003830173,0.863154820489059,9.78922277803431,0.300704407913467,0.455202386744112,3.15360037539938,0.755759580267951,-0.280031968898846
"1839","SRB","Serbia",2011,2.040734626,7.7e-12,12.3736078,17985.57946,7234099,0.563510716,0.785,"SRB2011","2","SRB",2011,-0.573568928824207,0.713309853816112,9.79732557468215,0.258858811069295,0.578392471605554,0.321316132440533,0.363696709220916,-1.0114349750892
"1840","SRB","Serbia",2012,2.01010515,7.11e-12,7.954503968,17992.80975,7199077,0.584345222,0.788,"SRB2012","2","SRB",2012,-0.537263337242885,0.69818703413552,9.79772749874023,0.254973587758032,0.534074087417596,0.206561456593172,0.304122577920323,-1.19032444200281
"1841","SRB","Serbia",2013,1.885182049,7.07e-12,8.435846011,18162.1903,7164132,0.539896846,0.792,"SRB2013","2","SRB",2013,-0.616377183597519,0.634024393955479,9.80709725611581,0.239127605145715,0.531069451201464,0.219060880054597,0.303004180810687,-1.19400867551289
"1842","SRB","Serbia",2014,1.846007268,6.64e-12,6.446367868,17921.43481,7130576,0.538436532,0.795,"SRB2014","2","SRB",2014,-0.619085650056049,0.61302507323434,9.79375275084601,0.23415844496959,0.498769611878037,0.167398387367239,0.269393446802225,-1.31158234046051
"1843","SRB","Serbia",2015,1.604390117,6.09e-12,6.377188971,18246.78995,7095383,0.533771634,0.802,"SRB2015","2","SRB",2015,-0.627787183176396,0.47274369495961,9.81174445038894,0.20351030108799,0.457455863906211,0.165601959357734,0.248885935602232,-1.39076057742356
"1844","SRB","Serbia",2016,1.707154318,5.73e-12,6.100136745,18888.3266,7058322,0.536577344,0.806,"SRB2016","2","SRB",2016,-0.622544563275923,0.534827842772474,9.8462993700178,0.216545518186985,0.430414137961016,0.158407505550789,0.245322375302285,-1.40518211580635
"1845","SRB","Serbia",2017,1.900913743,5.97e-12,6.583204842,19437.90421,7020858,0.533130884,0.808,"SRB2017","2","SRB",2017,-0.628988323985844,0.642334687937121,9.87498026407514,0.241123105958542,0.448441955257813,0.170951750943264,0.264406954174017,-1.33026586963333
"1846","SRB","Serbia",2018,2.221601228,5.74e-12,7.820609056,20453.08158,6982604,0.517145991,0.814,"SRB2018","2","SRB",2018,-0.659430063291244,0.798228209765071,9.92588883862713,0.281800997162169,0.43116529701505,0.20308449207541,0.291130492541588,-1.23398368434646
"1847","SRB","Serbia",2019,2.312336969,5.54e-12,7.980868061,21539.92129,6945235,0.532571197,0.817,"SRB2019","2","SRB",2019,-0.63003868704966,0.838258688027317,9.97766329657185,0.293310453481234,0.416142115934386,0.207246075706287,0.293552089522036,-1.2257001783844
"1848","SRB","Serbia",2020,2.424518781,6.03e-12,8.529417467,21477.87722,6899126,0.511376321,0.809,"SRB2020","2","SRB",2020,-0.670649519504427,0.885633063872719,9.97477871785466,0.307540255880794,0.452948909582012,0.221490730655547,0.313642987468656,-1.15949992251284
"1849","SVN","Slovenia",2000,14.34051678,8.91e-12,12.97480143,30063.11859,1988925,0.73140192,0.829,"SVN2000","1","SVN",2000,-0.312792148167759,2.66308887217904,10.3110544034348,1.81903569258597,0.66928271714357,0.336927845302443,0.743012143761628,-0.297042890169642
"1850","SVN","Slovenia",2001,14.68555495,8.89e-12,14.43195831,30864.85939,1992060,0.749733329,0.845,"SVN2001","1","SVN",2001,-0.288037697012033,2.68686435419872,10.3373735791721,1.86280236823394,0.667780399035504,0.374767093208839,0.775390780677463,-0.254388143579388
"1851","SVN","Slovenia",2002,14.36442746,8.77e-12,17.53297103,31838.5469,1994530,0.766539633,0.855,"SVN2002","1","SVN",2002,-0.265868875549075,2.66475483504107,10.3684330013541,1.82206866420207,0.658766490387106,0.455293761739524,0.817578218918623,-0.201408700153427
"1852","SVN","Slovenia",2003,14.89946696,9.47e-12,21.05694214,32835.99339,1995733,0.746324658,0.865,"SVN2003","1","SVN",2003,-0.292594575058309,2.70132543781485,10.3992805521647,1.88993622869603,0.711347624169429,0.546803755122163,0.902513086619131,-0.102572088471222
"1853","SVN","Slovenia",2004,15.54346358,1.01e-11,23.39427556,34306.73885,1997012,0.720123827,0.87,"SVN2004","1","SVN",2004,-0.328332099814791,2.74364020170097,10.4430970817868,1.97162455664516,0.758670644573519,0.607499305431945,0.968592484266481,-0.0319113084211001
"1854","SVN","Slovenia",2005,15.38215707,9.66e-12,25.21766609,35567.30525,2000474,0.715383887,0.876,"SVN2005","1","SVN",2005,-0.334935975474888,2.73320820586865,10.479182103006,1.95116348793768,0.725619646196059,0.654848858003693,0.975097229641261,-0.0252180902472827
"1855","SVN","Slovenia",2006,14.99638415,9.31e-12,23.96249966,37548.8842,2006868,0.712044477,0.883,"SVN2006","1","SVN",2006,-0.339614901824557,2.70780911537672,10.5333989417042,1.90222977644886,0.699329079304898,0.622254870108199,0.938939527565053,-0.0630042027368882
"1856","SVN","Slovenia",2007,15.94130434,1.02e-11,24.83880835,40005.24674,2018122,0.722652256,0.888,"SVN2007","1","SVN",2007,-0.324827146248943,2.76891349811973,10.5967658929942,2.02208902410528,0.766182235113851,0.645010732718846,0.999769224045479,-0.000230802587389411
"1857","SVN","Slovenia",2008,16.7550912,1.07e-11,29.45181092,41288.97276,2021316,0.728359699,0.894,"SVN2008","1","SVN",2008,-0.31696026077576,2.81870216432576,10.6283507399075,2.12531454709075,0.803740187815511,0.764800544121357,1.09319011426164,0.0891001320942245
"1858","SVN","Slovenia",2009,14.97394373,1.07e-11,28.0386988,37811.57885,2039669,0.691383064,0.894,"SVN2009","1","SVN",2009,-0.369061247021701,2.7063116059545,10.5403706534847,1.89938330127904,0.803740187815511,0.728105044438294,1.03587522573652,0.0352466981057312
"1859","SVN","Slovenia",2010,15.22598624,9.9e-12,30.89867773,38065.73615,2048583,0.655501664,0.896,"SVN2010","1","SVN",2010,-0.422354437261391,2.72300358916629,10.5470698428414,1.93135385915868,0.743647463492856,0.802372580916137,1.04841930853436,0.0472836094420881
"1860","SVN","Slovenia",2011,14.54335819,1.06e-11,28.84022728,38235.72284,2052843,0.668169618,0.897,"SVN2011","1","SVN",2011,-0.403213218515829,2.67713440761103,10.5515255104912,1.84476529287757,0.796228597275179,0.748919024919762,1.03229680858358,0.0317862309255625
"1861","SVN","Slovenia",2012,13.69360855,9.66e-12,20.08002437,37043.06469,2057159,0.644616425,0.897,"SVN2012","1","SVN",2012,-0.439099829007034,2.61692919477839,10.5198364253481,1.7369780388591,0.725619646196059,0.521435289865908,0.869429943722193,-0.139917519196083
"1862","SVN","Slovenia",2013,13.19621794,8.71e-12,19.29371118,36688.0835,2059953,0.604209065,0.907,"SVN2013","1","SVN",2013,-0.503835006831952,2.57993026884074,10.5102072810436,1.67388608153097,0.654259536062906,0.501016417926409,0.818670809952232,-0.200073217379451
"1863","SVN","Slovenia",2014,12.55593544,8.93e-12,20.97984471,37664.65194,2061980,0.613590896,0.907,"SVN2014","1","SVN",2014,-0.48842686606654,2.5301934972016,10.5364773192772,1.59266887445914,0.670785035251636,0.544801699745177,0.8349281503823,-0.180409605279923
"1864","SVN","Slovenia",2015,12.30516513,8.5e-12,20.64708557,38537.09519,2063531,0.612139404,0.909,"SVN2015","1","SVN",2015,-0.490795238094993,2.51001910350105,10.5593765678253,1.56085968992773,0.638485195928209,0.536160656516133,0.81146516273967,-0.20891382241335
"1865","SVN","Slovenia",2016,12.66182294,8.29e-12,20.4318797,39677.41715,2065042,0.62806195,0.914,"SVN2016","1","SVN",2016,-0.465116470882369,2.53859139845127,10.5885374672943,1.60610026921664,0.622710855793512,0.530572220310251,0.809595091500708,-0.211221043336994
"1866","SVN","Slovenia",2017,12.69471867,8.35e-12,24.75191058,41703.30395,2066388,0.624081433,0.918,"SVN2017","1","SVN",2017,-0.471474417524739,2.5411860542179,10.6383356360631,1.61027295754592,0.627217810117712,0.64275418347101,0.865873133500594,-0.144016878263931
"1867","SVN","Slovenia",2018,12.95256058,8.2e-12,33.03265692,43371.98096,2073894,0.645146251,0.922,"SVN2018","1","SVN",2018,-0.43827824215286,2.56129349678523,10.6775689115991,1.6429791455118,0.615950424307214,0.857787456764988,0.953935842593707,-0.0471588607452899
"1868","SVN","Slovenia",2019,12.92761234,8.82e-12,30.21577052,44580.77777,2088385,0.672536254,0.923,"SVN2019","1","SVN",2019,-0.396699259665516,2.55936551525242,10.7050580534005,1.63981456366838,0.662522285657271,0.784638941133813,0.948174699985873,-0.0532165110195634
"1869","SVN","Slovenia",2020,12.0408278,8.29e-12,24.71555499,42474.22471,2102419,0.669036984,0.918,"SVN2020","1","SVN",2020,-0.40191593787072,2.48830319167004,10.6566526935189,1.52732958459544,0.622710855793512,0.641810106548563,0.848285253949392,-0.16453831538049
"1870","SWE","Sweden",2000,17.19841766,1.1e-11,16.92660774,47875.08447,8872109,1.003761888,0.912,"SWE2000","1","SWE",2000,0.0037548297952502,2.84481738307584,10.7763504908678,2.18154868889884,0.826274959436506,0.439547803863219,0.925334040040312,-0.077600482291518
"1871","SWE","Sweden",2001,16.31442506,9.81e-12,15.74794855,48396.44801,8895960,1.018176794,0.915,"SWE2001","1","SWE",2001,0.018013571026218,2.79204968946112,10.7871817017885,2.06941785595532,0.736887032006557,0.408940545372588,0.854351184482281,-0.157412946675424
"1872","SWE","Sweden",2002,16.79783651,1.05e-11,18.84496145,49337.93397,8924958,1.041300297,0.918,"SWE2002","1","SWE",2002,0.0404702177740702,2.8212500989498,10.8064485158787,2.13073661421522,0.788717006734847,0.489363347131864,0.936901938201555,-0.0651766572881489
"1873","SWE","Sweden",2003,17.75490936,1.09e-11,19.53006851,50079.26441,8958229,1.016838789,0.923,"SWE2003","1","SWE",2003,0.0166985882772095,2.87666206134119,10.8213623173674,2.25213737691179,0.818763368896174,0.507154112314102,0.977907427285515,-0.0223402685546847
"1874","SWE","Sweden",2004,17.67172387,1.01e-11,20.74344414,51967.55218,8993531,1.042777061,0.908,"SWE2004","1","SWE",2004,0.0418874053285482,2.87196584071281,10.8583748062582,2.2415856389419,0.758670644573519,0.538662882507157,0.971199735583312,-0.0292231309346502
"1875","SWE","Sweden",2005,17.63379552,9.82e-12,23.26883462,53205.87867,9029572,1.038716435,0.911,"SWE2005","1","SWE",2005,0.0379857537893957,2.86981726081673,10.8819241705407,2.23677458342213,0.73763819106059,0.604241872487407,0.998984638959291,-0.00101587686892774
"1876","SWE","Sweden",2006,18.02186794,1.06e-11,23.75980071,55381.39568,9080505,1.017473698,0.915,"SWE2006","1","SWE",2006,0.017322788369056,2.89158590607542,10.9219989982853,2.2859999770476,0.796228597275179,0.616991211867491,1.03943576782129,0.0386780349890557
"1877","SWE","Sweden",2007,18.27915114,9.93e-12,25.66500864,56745.03826,9148092,1.014908791,0.917,"SWE2007","1","SWE",2007,0.0147987473722578,2.90576112840512,10.9463234999794,2.31863529494322,0.745900940654955,0.666465387343025,1.04848864689678,0.047349743353457
"1878","SWE","Sweden",2008,17.76566436,9.88e-12,27.37759201,55784.93135,9219637,0.982469082,0.913,"SWE2008","1","SWE",2008,-0.0176864044361608,2.87726762590292,10.929259064409,2.25350160451766,0.742145145384789,0.710937514941119,1.05939857587413,0.0577013658515052
"1879","SWE","Sweden",2009,16.0718829,8.21e-12,21.19541281,52957.88474,9298515,0.942094922,0.912,"SWE2009","1","SWE",2009,-0.0596492430280197,2.77707134152292,10.8772522491033,2.03865237847879,0.616701583361247,0.550399542289496,0.884501896798483,-0.122730620897901
"1880","SWE","Sweden",2010,17.67765942,8.19e-12,24.41523284,55527.93981,9378126,0.907614648,0.918,"SWE2010","1","SWE",2010,-0.0969353869382868,2.87230166269912,10.9246415930612,2.24233853909681,0.615199265253181,0.634011382580261,0.956323177363094,-0.0446593714222805
"1881","SWE","Sweden",2011,17.71305091,8.79e-12,23.9794263,56853.83716,9449213,0.941523552,0.92,"SWE2011","1","SWE",2011,-0.0602559157968539,2.87430170742655,10.948238993119,2.24682780433819,0.660268808495172,0.622694418749785,0.97391677892195,-0.0264294215752942
"1882","SWE","Sweden",2012,17.43496351,8.67e-12,20.55997721,56200.90226,9519374,0.927443862,0.92,"SWE2012","1","SWE",2012,-0.0753230124778805,2.85847758720888,10.9366880902013,2.21155355906385,0.651254899846774,0.533898638696364,0.916155288592899,-0.0875693996448797
"1883","SWE","Sweden",2013,17.15547487,8.01e-12,22.68103297,56360.70842,9600379,0.89163512,0.94,"SWE2013","1","SWE",2013,-0.114698288385259,2.84231735706982,10.9395275354865,2.17610157224694,0.601678402280583,0.588977920706087,0.917024347438817,-0.08662125589078
"1884","SWE","Sweden",2014,16.60565372,7.83e-12,20.88205959,57085.38536,9696110,0.895229518,0.943,"SWE2014","1","SWE",2014,-0.110675148890864,2.80974322291858,10.9523034147227,2.10635901612208,0.588157539307986,0.542262429301465,0.875813953130277,-0.132601592873427
"1885","SWE","Sweden",2015,16.19759991,7.81e-12,20.50591949,58975.97789,9799186,0.917837501,0.945,"SWE2015","1","SWE",2015,-0.0857349181917224,2.78486307755879,10.9848854855712,2.05459906518914,0.58665522119992,0.532494875315488,0.862598078338817,-0.147806422525552
"1886","SWE","Sweden",2016,16.24751486,8.22e-12,20.42840355,59608.08746,9923085,0.921299994,0.947,"SWE2016","1","SWE",2016,-0.0819695693797874,2.78793996538819,10.9955465394852,2.06093057171967,0.61745274241528,0.530481952128826,0.877228163265369,-0.130988157088113
"1887","SWE","Sweden",2017,16.30080928,8.09e-12,21.95853348,59883.66776,10057698,0.910719335,0.949,"SWE2017","1","SWE",2017,-0.0935205137124676,2.79121475566,11.0001590884948,2.06769075014858,0.607687674712849,0.570216154083982,0.894818957660359,-0.111133863112766
"1888","SWE","Sweden",2018,15.9688997,8.28e-12,26.28310895,60318.46072,10175214,0.87811631,0.95,"SWE2018","1","SWE",2018,-0.129976222594402,2.77064306191972,11.0073934837886,2.02558938225553,0.621959696739479,0.682516130528007,0.950916080544867,-0.0503294637112148
"1889","SWE","Sweden",2019,15.25310476,7.73e-12,24.25366869,61232.48485,10278887,0.914546013,0.955,"SWE2019","1","SWE",2019,-0.0893274974907809,2.72478307315129,11.0224331258795,1.93479373211214,0.580645948767654,0.62981590712491,0.891086571790974,-0.115313693727399
"1890","SWE","Sweden",2020,14.96489265,7.02e-12,20.48771722,59572.47476,10353442,0.898388922,0.951,"SWE2020","1","SWE",2020,-0.107152206444258,2.70570696787432,10.9949489134899,1.89823520893139,0.527313655931298,0.532022201290857,0.81055582831118,-0.210035058856987
"1891","TGO","Togo",2000,1.954040838,7.11e-12,1.748546527,2096.859098,5008035,0.281258643,0.448,"TGO2000","10","TGO",2000,-1.26848059526902,0.669899453095133,7.64819583646512,0.247862059897997,0.534074087417596,0.0454060138747865,0.181819997063544,-1.70473810843877
"1892","TGO","Togo",2001,1.900200986,6.66e-12,1.749348277,2059.10488,5145426,0.278016984,0.452,"TGO2001","10","TGO",2001,-1.28007307363245,0.641959662683126,7.63002664307875,0.241032695658618,0.500271929986103,0.0454268336076686,0.17627802923768,-1.7356928187981
"1893","TGO","Togo",2002,2.013075675,6.59e-12,1.527027981,2084.230352,5281538,0.284745902,0.455,"TGO2002","10","TGO",2002,-1.25615806832996,0.69966373909561,7.64215493035412,0.255350386661699,0.495013816607871,0.0396536509734369,0.171137693091765,-1.76528682373854
"1894","TGO","Togo",2003,2.127845418,6.41e-12,2.339994637,2168.651264,5421001,0.284577399,0.46,"TGO2003","10","TGO",2003,-1.25675000969131,0.755109926923553,7.68186071597292,0.269908457486391,0.481492953635273,0.0607646564240084,0.199137243811953,-1.61376102457217
"1895","TGO","Togo",2004,1.920350481,6.08e-12,2.36985921,2093.014824,5565218,0.27453199,0.461,"TGO2004","10","TGO",2004,-1.2926874856606,0.652507711568392,7.64636080507739,0.243588576395336,0.456704704852178,0.0615401755166167,0.189881962274583,-1.66135265106454
"1896","TGO","Togo",2005,1.980661555,5.56e-12,2.123763781,1944.779511,5711597,0.288168371,0.46,"TGO2005","10","TGO",2005,-1.244210348143,0.683430907588094,7.57290388767287,0.251238788584146,0.417644434042452,0.0551496035237357,0.179533402249372,-1.71739400341074
"1897","TGO","Togo",2006,1.900150801,5.39e-12,1.719699568,1941.17299,5874240,0.449774504,0.465,"TGO2006","10","TGO",2006,-0.799008924033671,0.641933251970215,7.57104770336049,0.241026329897353,0.404874730123888,0.0446569200414948,0.163339532673453,-1.81192422212226
"1898","TGO","Togo",2007,2.024194478,5.75e-12,3.029602436,1863.283022,6047537,0.336863428,0.458,"TGO2007","10","TGO",2007,-1.08807768892929,0.705171832777638,7.53009527640095,0.256760761184885,0.431916456069083,0.0786722961728218,0.205865423717365,-1.58053260660024
"1899","TGO","Togo",2008,2.013690729,5.66e-12,2.241804983,1883.549379,6222482,0.313203216,0.465,"TGO2008","10","TGO",2008,-1.16090304671897,0.69996922192877,7.54091324340644,0.255428403737097,0.425156024582784,0.0582148810974497,0.184905791418886,-1.68790881918187
"1900","TGO","Togo",2009,2.2613561,5.61e-12,2.776706473,1930.780179,6398624,0.299095601,0.473,"TGO2009","10","TGO",2009,-1.20699202091009,0.815964677577416,7.56567943804067,0.286843739500649,0.421400229312618,0.0721051288555432,0.205795291227871,-1.58087333617499
"1901","TGO","Togo",2010,2.272755041,5.58e-12,3.129136902,1988.952105,6571855,0.279595673,0.483,"TGO2010","10","TGO",2010,-1.27441074442177,0.820992770035191,7.59536319862438,0.288289648379302,0.419146752150519,0.0812569933910134,0.21413383788834,-1.54115404875487
"1902","TGO","Togo",2011,2.215756154,5.37e-12,2.029560127,2048.815489,6748672,0.271118104,0.495,"TGO2011","10","TGO",2011,-1.30520074492113,0.795593724021659,7.62501709489188,0.2810595735165,0.403372412015822,0.0527033360927407,0.181459994711776,-1.7067200643833
"1903","TGO","Togo",2012,2.169561813,5.46e-12,1.490729298,2121.429032,6926635,0.29179433,0.5,"TGO2012","10","TGO",2012,-1.23170607419944,0.774525217668776,7.65984521227989,0.275200010966308,0.41013284350212,0.0387110518040786,0.163481766747688,-1.81105381322623
"1904","TGO","Togo",2013,2.212904453,5.31e-12,2.097236534,2188.070108,7106229,0.293855548,0.507,"TGO2013","10","TGO",2013,-1.22466696572056,0.794305884809222,7.69077520507607,0.280697846949517,0.398865457691623,0.0544607476501614,0.18269067034195,-1.6999608823539
"1905","TGO","Togo",2014,2.077268259,5.19e-12,1.570650059,2253.485262,7288383,0.30169031,0.514,"TGO2014","10","TGO",2014,-1.19835425133093,0.731053693511083,7.7202333020605,0.263492952462269,0.389851549043224,0.0407864230491753,0.161210984130718,-1.8250413114623
"1906","TGO","Togo",2015,1.986345878,4.99e-12,1.387415538,2317.547811,7473229,0.309415549,0.523,"TGO2015","10","TGO",2015,-1.17307008677303,0.686296708565966,7.74826492764792,0.251959821625271,0.374828367962561,0.0360282144030831,0.15040726965648,-1.89440853315261
"1907","TGO","Togo",2016,2.134398968,4.94e-12,1.264776097,2355.268266,7661354,0.314518631,0.528,"TGO2016","10","TGO",2016,-1.15671196453267,0.758185093230805,7.76440991333868,0.270739748404705,0.371072572692395,0.0328435303963063,0.148874472853704,-1.90465179217807
"1908","TGO","Togo",2017,1.976595928,4.81e-12,1.037819533,2389.212448,7852795,0.311984241,0.534,"TGO2017","10","TGO",2017,-1.16480260206369,0.681376136854617,7.77871907095675,0.250723080486649,0.361307504989963,0.0269499537972103,0.13465105926908,-2.00506859292235
"1909","TGO","Togo",2018,2.013707,4.72e-12,1.255682397,2442.646939,8046679,0.31415838,0.542,"TGO2018","10","TGO",2018,-1.15785802533378,0.699977302084292,7.80083754137049,0.255430467646662,0.354547073503665,0.0326073864550401,0.143467720503467,-1.94164521331292
"1910","TGO","Togo",2019,2.0207801,4.62e-12,1.354384178,2501.030875,8243094,0.318211138,0.549,"TGO2019","10","TGO",2019,-1.14504016054837,0.703483624980487,7.82445827586339,0.256327661349973,0.347035482963333,0.035170460624557,0.146256711540576,-1.92239190304739
"1911","TGO","Togo",2020,2.056589359,4.59e-12,1.204856754,2490.052938,8442580,0.327495277,0.554,"TGO2020","10","TGO",2020,-1.11628164538487,0.721048959725854,7.82005924947372,0.260869918874255,0.344782005801233,0.0312875532017537,0.14118223910014,-1.95770374724442
"1912","THA","Thailand",2000,5.287673181,1.41e-11,42.23257251,11622.52503,63066603,0.342346877,0.657,"THA2000","5","THA",2000,-1.07193079569999,1.66537829674383,9.36070030714384,0.670719639642482,1.05913426618679,1.09668958975147,0.920149909536658,-0.0832186770646281
"1913","THA","Thailand",2001,5.438427767,1.42e-11,43.84390861,11901.31821,63649892,0.365678698,0.667,"THA2001","5","THA",2001,-1.00600020545503,1.69349000567631,9.38440444691422,0.689842240101168,1.06664585672713,1.13853254227449,0.942696354234182,-0.0590110479533939
"1914","THA","Thailand",2002,5.53559546,1.41e-11,44.27994383,12512.18313,64222580,0.39353016,0.678,"THA2002","5","THA",2002,-0.932597568572595,1.71119914122334,9.43445809902709,0.70216756313135,1.05913426618679,1.14985544443551,0.949172199013347,-0.0521650437102362
"1915","THA","Thailand",2003,5.864996499,1.38e-11,47.92848467,13287.3049,64776956,0.412712783,0.69,"THA2003","5","THA",2003,-0.885003368630111,1.76900188517431,9.49456433956969,0.743950732894908,1.0365994945658,1.24460024730215,0.986419579203541,-0.0136734781769859
"1916","THA","Thailand",2004,6.086223244,1.39e-11,51.39610928,13997.00139,65311166,0.428557754,0.699,"THA2004","5","THA",2004,-0.847329768229587,1.80602773236627,9.54659839922764,0.772012437468264,1.04411108510613,1.33464704258208,1.02465849284898,0.0243593793660386
"1917","THA","Thailand",2005,6.455224763,1.44e-11,54.32011812,14458.25518,65821360,0.456547409,0.707,"THA2005","5","THA",2005,-0.784062731108381,1.86488984367691,9.57902082314857,0.818818765578808,1.08166903780779,1.41057729888863,1.07702642432036,0.0742039329896724
"1918","THA","Thailand",2006,6.513150969,1.44e-11,54.33642601,15051.06067,66319525,0.469666898,0.71,"THA2006","5","THA",2006,-0.755731563203782,1.87382335893634,9.61920374410564,0.82616646705056,1.08166903780779,1.41100077991598,1.08034650661419,0.0772818291357356
"1919","THA","Thailand",2007,6.687831793,1.41e-11,55.24723306,15742.65529,66826754,0.47505936,0.721,"THA2007","5","THA",2007,-0.744315514334346,1.90028972489794,9.66412920469411,0.848324012593792,1.05913426618679,1.43465249115783,1.08831136729662,0.0846272906681957
"1920","THA","Thailand",2008,6.913263986,1.42e-11,56.74542653,15891.78234,67328239,0.472890943,0.723,"THA2008","5","THA",2008,-0.74889048155631,1.93344188312828,9.67355742064135,0.876919160984596,1.06664585672713,1.47355737154592,1.1128815775838,0.106952667336821
"1921","THA","Thailand",2009,6.585932463,1.43e-11,51.78334214,15665.90312,67813654,0.443327188,0.725,"THA2009","5","THA",2009,-0.813447208184656,1.88493592927056,9.65924185381512,0.835398500831265,1.07415744726746,1.34470265182235,1.06462329705501,0.0626210249052198
"1922","THA","Thailand",2010,7.157286026,1.46e-11,52.7628865,16730.36979,68270489,0.462393343,0.742,"THA2010","5","THA",2010,-0.771339358353899,1.96813086246817,9.72498089714365,0.907872355164928,1.09669221888845,1.37013932400369,1.10906779649119,0.103519839494446
"1923","THA","Thailand",2011,7.43090508,1.43e-11,54.00595515,16766.34771,68712846,0.470771581,0.747,"THA2011","5","THA",2011,-0.753382268629502,2.0056476655774,9.72712904397834,0.942579809089584,1.07415744726746,1.40241915842483,1.12396978743924,0.116866871607785
"1924","THA","Thailand",2012,7.814127756,1.48e-11,42.23846859,17869.63766,69157023,0.514386952,0.75,"THA2012","5","THA",2012,-0.664779471854776,2.0559333461281,9.79085833150694,0.991190032594536,1.11171539996912,1.09684269833975,1.06520116346006,0.0631636672026907
"1925","THA","Thailand",2013,7.809860983,1.46e-11,38.33175517,18242.42567,69578602,0.513806343,0.752,"THA2013","5","THA",2013,-0.665908849112023,2.05538716382122,9.81150524108029,0.990648809952546,1.09669221888845,0.99539370569688,1.02643895258072,0.0260954842818728
"1926","THA","Thailand",2014,7.481560959,1.45e-11,38.21961283,18324.61447,69960943,0.496758193,0.784,"THA2014","5","THA",2014,-0.699651904480384,2.01244145457312,9.81600048806151,0.949005299422598,1.08918062834812,0.992481608954034,1.00854900367712,0.00851266788818604
"1927","THA","Thailand",2015,7.076028197,1.43e-11,37.68941487,18811.99751,70294397,0.503654778,0.788,"THA2015","5","THA",2015,-0.685864209891697,1.95671276116806,9.84225011070261,0.89756513308077,1.07415744726746,0.978713501811099,0.980836229173801,-0.0193497760914888
"1928","THA","Thailand",2016,7.129633177,1.43e-11,37.66378816,19370.60878,70607037,0.520603597,0.792,"THA2016","5","THA",2016,-0.652766377110159,1.96425978527663,9.8715121849211,0.904364704770987,1.07415744726746,0.978048030957532,0.983083885125435,-0.0170608266412423
"1929","THA","Thailand",2017,7.101978881,1.43e-11,37.99849849,20094.67788,70898202,0.541359544,0.794,"THA2017","5","THA",2017,-0.61367162938156,1.96037346084709,9.90821027689665,0.900856870831034,1.07415744726746,0.986739742418072,0.984710993502762,-0.0154070884738922
"1930","THA","Thailand",2018,7.412932305,1.37e-11,36.47789129,20879.90278,71127802,0.553903818,0.796,"THA2018","5","THA",2018,-0.590764221025871,2.00322608370249,9.94654238585547,0.940300036350472,1.02908790402547,0.947252825395761,0.971392945613164,-0.0290242111792545
"1931","THA","Thailand",2019,7.803060162,1.42e-11,39.85153895,21277.83927,71307763,0.558708787,0.8,"THA2019","5","THA",2019,-0.582126895058825,2.0545159852164,9.96542140023633,0.989786153722811,1.06664585672713,1.03485924026275,1.02994563703897,0.0295060212748376
"1932","THA","Thailand",2020,7.936103056,1.43e-11,39.59275475,19957.25714,71475664,0.534685612,0.798,"THA2020","5","THA",2020,-0.626076345936341,2.07142235578535,9.90134812258709,1.00666209874931,1.07415744726746,1.02813916802313,1.03593980778056,0.0353090415514672
"1933","TJK","Tajikistan",2000,1.436892302,5.83e-12,115.0881976,1365.233274,6272998,0.249411523,0.554,"TJK2000","3","TJK",2000,-1.38865104391659,0.36248265787212,7.21908058972118,0.182263890753595,0.437925728501348,2.98859436472391,0.620187045437631,-0.477734160251401
"1934","TJK","Tajikistan",2001,1.514498211,5.58e-12,109.5268565,1467.398825,6408810,0.225997061,0.563,"TJK2001","3","TJK",2001,-1.48723328421919,0.415084170236521,7.29124660554358,0.192107881775136,0.419146752150519,2.84417822980855,0.611818632324526,-0.491319392801769
"1935","TJK","Tajikistan",2002,1.677373884,5.66e-12,133.5515445,1594.938905,6541755,0.231073841,0.575,"TJK2002","3","TJK",2002,-1.46501796153142,0.517229406113478,7.37459071041009,0.212767992368512,0.425156024582784,3.46804799811093,0.679485057933954,-0.386420035428223
"1936","TJK","Tajikistan",2003,1.640712276,5.53e-12,133.644706,1736.640397,6672492,0.237719163,0.587,"TJK2003","3","TJK",2003,-1.43666528943889,0.495130462182952,7.45970771947737,0.208117617872064,0.415390956880353,3.47046720303129,0.669449686976522,-0.401299266821916
"1937","TJK","Tajikistan",2004,1.744507121,5.4e-12,132.2259884,1878.286962,6801204,0.251294732,0.598,"TJK2004","3","TJK",2004,-1.38112879764476,0.556472063608272,7.53811545001212,0.221283567932158,0.405625889177921,3.43362614102047,0.675474999065182,-0.3923391332732
"1938","TJK","Tajikistan",2005,1.837128119,5.35e-12,127.6472374,1965.300205,6929145,0.257962435,0.611,"TJK2005","3","TJK",2005,-1.35494130543654,0.608203547404718,7.58340028871571,0.233032161363596,0.401870093907755,3.31472576964065,0.677095174593727,-0.389943433094388
"1939","TJK","Tajikistan",2006,1.965865045,5.63e-12,130.7033662,2063.288508,7057417,0.296549231,0.62,"TJK2006","3","TJK",2006,-1.21554203385537,0.675932374913089,7.63205635205726,0.249361912023237,0.422902547420685,3.39408689875743,0.71000998984335,-0.342476238843859
"1940","TJK","Tajikistan",2007,2.32986171,5.63e-12,125.4114379,2181.897981,7188391,0.357228428,0.625,"TJK2007","3","TJK",2007,-1.02937984748027,0.845808913884883,7.68795041048788,0.295533394946411,0.422902547420685,3.25666683809342,0.741094173103099,-0.299627572553238
"1941","TJK","Tajikistan",2008,2.505318747,5.78e-12,145.6134599,2308.0943,7324627,0.335463792,0.634,"TJK2008","3","TJK",2008,-1.09224125089818,0.918415970753335,7.74417748467894,0.31778939992271,0.434169933231182,3.78127014550701,0.805030409429782,-0.216875226587887
"1942","TJK","Tajikistan",2009,2.326269955,5.85e-12,167.2193048,2349.500303,7468596,0.333450019,0.634,"TJK2009","3","TJK",2009,-1.09826229292377,0.844266107121303,7.76195794750647,0.295077795567096,0.439428046609415,4.34232773142613,0.825750731272228,-0.191462329126128
"1943","TJK","Tajikistan",2010,2.156129313,5.73e-12,143.0630741,2449.273587,7621779,0.300142288,0.639,"TJK2010","3","TJK",2010,-1.20349862343413,0.768314629448501,7.80354676447337,0.27349615347529,0.430414137961016,3.71504208052121,0.759044369024212,-0.275695046082662
"1944","TJK","Tajikistan",2011,2.544642758,5.96e-12,165.6514345,2572.480749,7784819,0.336550951,0.644,"TJK2011","3","TJK",2011,-1.08900572679772,0.933990270012152,7.85262598429828,0.322777489311818,0.44769079620378,4.30161349277341,0.853435944613226,-0.158484789812177
"1945","TJK","Tajikistan",2012,2.57507971,5.89e-12,139.4814913,2700.09546,7956382,0.341657043,0.649,"TJK2012","3","TJK",2012,-1.0739478433037,0.945880488976399,7.90104240692298,0.326638291743899,0.442432682825547,3.62203603475729,0.805914595556414,-0.215777502937877
"1946","TJK","Tajikistan",2013,2.56202053,5.72e-12,137.8637157,2828.385421,8136610,0.264789015,0.655,"TJK2013","3","TJK",2013,-1.32882193991875,0.940796216713318,7.94746130521249,0.324981788362582,0.429662978906983,3.58002586219075,0.793641509508228,-0.231123419051442
"1947","TJK","Tajikistan",2014,2.694190294,5.71e-12,131.815991,2943.088679,8326348,0.28524062,0.657,"TJK2014","3","TJK",2014,-1.25442217421621,0.991097711722208,7.98721487995756,0.341746980432366,0.42891181985295,3.42297938536052,0.794619090656928,-0.229892410397006
"1948","TJK","Tajikistan",2015,2.313605055,5.06e-12,117.5508658,3041.444796,8524063,0.215210646,0.658,"TJK2015","3","TJK",2015,-1.5361379816579,0.838806937886561,8.02008794334123,0.293471304985448,0.380086481340793,3.05254459123007,0.698291401617935,-0.359118782512652
"1949","TJK","Tajikistan",2016,2.391202712,4.54e-12,97.39239774,3169.966782,8725318,0.22057806,0.661,"TJK2016","3","TJK",2016,-1.51150363313783,0.871796466145529,8.06147638795207,0.30331424927466,0.341026210531067,2.52907228649408,0.63955898565562,-0.446976425069646
"1950","TJK","Tajikistan",2017,2.447159418,5.01e-12,91.62235667,3312.712022,8925525,0.227129087,0.666,"TJK2017","3","TJK",2017,-1.48223675793128,0.894927930683385,8.10552247488765,0.310412127755266,0.376330686070627,2.37923665968235,0.652602377978588,-0.426787250976372
"1951","TJK","Tajikistan",2018,2.48378525,4.94e-12,105.5276966,3479.69236,9128132,0.209215268,0.67,"TJK2018","3","TJK",2018,-1.5643915666629,0.909783707032803,8.15469916656196,0.315057964212958,0.371072572692395,2.74032859978559,0.684253961324836,-0.379426141783498
"1952","TJK","Tajikistan",2019,2.613112479,5.07e-12,112.0460239,3649.883755,9337003,0.209875211,0.673,"TJK2019","3","TJK",2019,-1.5612421582246,0.960542031536251,8.20245059812417,0.331462592385237,0.380837640394826,2.90959561970984,0.716147270259795,-0.333869448451309
"1953","TJK","Tajikistan",2020,2.374456799,4.87e-12,113.5947551,3724.748959,9543207,0.200131997,0.664,"TJK2020","3","TJK",2020,-1.60877814512842,0.864768695116537,8.22275473498557,0.301190098944567,0.365814459314162,2.94981285686633,0.687541115288358,-0.374633647173808
"1954","TUN","Tunisia",2000,3.924862499,8.85e-12,70.60303121,9134.405031,9893316,0.635338902,0.654,"TUN2000","4","TUN",2000,-0.453596718521731,1.36733131851882,9.11980333598494,0.497852698316298,0.664775762819371,1.83340972929298,0.846600507883584,-0.166526350985756
"1955","TUN","Tunisia",2001,3.98648697,9.17e-12,73.00219893,9380.552874,9995123,0.641004086,0.661,"TUN2001","4","TUN",2001,-0.444719447666807,1.38291038442378,9.14639398205432,0.505669509523692,0.688812852548433,1.89571098413529,0.870789891092878,-0.13835455844788
"1956","TUN","Tunisia",2002,4.041758003,9.21e-12,82.88868923,9407.546435,10094561,0.623515606,0.667,"TUN2002","4","TUN",2002,-0.472381484504072,1.3966797465805,9.14926745841077,0.512680413198608,0.691817488764566,2.1524419940358,0.913951688602875,-0.0899775660334246
"1957","TUN","Tunisia",2003,4.012033617,8.73e-12,83.34619934,9752.013713,10193798,0.610067964,0.673,"TUN2003","4","TUN",2003,-0.494184911627683,1.38929824917725,9.18522907733321,0.508909996838885,0.655761854170973,2.16432255316404,0.897228456146534,-0.108444760224539
"1958","TUN","Tunisia",2004,4.086528149,9.43e-12,90.85127709,10263.79427,10292225,0.612113535,0.683,"TUN2004","4","TUN",2004,-0.490837498969654,1.40769574624104,9.23637786225204,0.518359322458689,0.708342987953296,2.35921337201604,0.953265578275749,-0.0478617381007889
"1959","TUN","Tunisia",2005,3.994486919,8.57e-12,81.61941949,10529.14833,10388344,0.62900275,0.69,"TUN2005","4","TUN",2005,-0.463619650272176,1.38491514018181,9.26190272151515,0.506684270218381,0.643743309306442,2.11948177334086,0.884219209189768,-0.123050272888443
"1960","TUN","Tunisia",2006,4.096987108,8.79e-12,94.71596876,10983.91013,10483558,0.627243102,0.697,"TUN2006","4","TUN",2006,-0.466421091006119,1.41025185186708,9.30418676551339,0.519685998478819,0.660268808495172,2.45957114967888,0.94501868587643,-0.0565505782696738
"1961","TUN","Tunisia",2007,4.180094729,8.79e-12,84.73139035,11613.912,10580395,0.628152072,0.703,"TUN2007","4","TUN",2007,-0.464972988961969,1.43033390872007,9.35995896884112,0.530227859085666,0.660268808495172,2.20029300133233,0.916687439052876,-0.0869887164614257
"1962","TUN","Tunisia",2008,4.267024759,9.13e-12,71.84405537,11990.18307,10680380,0.607057631,0.709,"TUN2008","4","TUN",2008,-0.499131548442713,1.45091680662634,9.39184351646213,0.541254576585003,0.6858082163323,1.86563647268115,0.884729339521533,-0.122473511799175
"1963","TUN","Tunisia",2009,4.231231908,8.69e-12,95.62611836,12229.76182,10784504,0.591328025,0.713,"TUN2009","4","TUN",2009,-0.525384381709402,1.44249318186428,9.41162775343025,0.536714400348173,0.65275721795484,2.48320578835026,0.954631764098748,-0.0464296001904706
"1964","TUN","Tunisia",2010,4.32640364,8.87e-12,81.54871786,12458.25735,10895063,0.564501047,0.717,"TUN2010","4","TUN",2010,-0.571813040655433,1.46473662877225,9.43013892300962,0.548786543917969,0.666278080927437,2.11764580321185,0.918270785035584,-0.0852629590519239
"1965","TUN","Tunisia",2011,4.218708214,8.61e-12,80.74270574,12068.70037,11032528,0.54892844,0.718,"TUN2011","4","TUN",2011,-0.599787192052184,1.43952897076002,9.39837063389494,0.535125821168043,0.646747945522574,2.09671539218827,0.89862152286839,-0.106893331076724
"1966","TUN","Tunisia",2012,4.268589656,8.55e-12,76.97376898,12436.38215,11174383,0.578386307,0.72,"TUN2012","4","TUN",2012,-0.547513282345891,1.45128348134744,9.4283815000407,0.5414530773463,0.642240991198375,1.99884416475724,0.885820910717256,-0.121240481181858
"1967","TUN","Tunisia",2013,4.29522024,8.84e-12,80.47106747,12587.98124,11300284,0.577770948,0.722,"TUN2013","4","TUN",2013,-0.548577772587934,1.45750283235204,9.44049776787496,0.5448310576209,0.664024603765338,2.08966152724039,0.910976816747759,-0.0932378301823669
"1968","TUN","Tunisia",2014,4.397618074,8.16e-12,67.23633029,12823.98881,11428948,0.613397539,0.725,"TUN2014","4","TUN",2014,-0.48874203937394,1.48106304752494,9.45907282170635,0.557819802569706,0.612945788091081,1.74598370640753,0.842012863730334,-0.171959987267041
"1969","TUN","Tunisia",2015,4.284343744,8.06e-12,69.7715832,12802.76104,11557779,0.63623476,0.728,"TUN2015","4","TUN",2015,-0.452187664253002,1.45496738839547,9.45741613289646,0.54345141874611,0.605434197550749,1.81181880260314,0.841616314923623,-0.172431051583426
"1970","TUN","Tunisia",2016,4.396862174,8.3e-12,71.25531051,12803.87361,11685667,0.687999368,0.733,"TUN2016","4","TUN",2016,-0.373967359653867,1.48089114424458,9.45750302990701,0.557723919757314,0.623462014847546,1.85034802775327,0.863298322625497,-0.146994966722396
"1971","TUN","Tunisia",2017,4.188801524,7.7e-12,63.094248,12953.52321,11811443,0.704524517,0.737,"TUN2017","4","TUN",2017,-0.350232147681149,1.43241466056073,9.46912309267364,0.53133228029419,0.578392471605554,1.63842268756925,0.795557538599685,-0.228712103713537
"1972","TUN","Tunisia",2018,4.039484309,7.79e-12,66.76904047,13163.59059,11933041,0.690593302,0.742,"TUN2018","4","TUN",2018,-0.370204192885906,1.39611703753845,9.48521000885033,0.512392004447134,0.585152903091853,1.73384918912541,0.804070895788694,-0.218067834849037
"1973","TUN","Tunisia",2019,3.910264985,8.38e-12,66.79204448,13249.22409,12049314,0.681391001,0.74,"TUN2019","4","TUN",2019,-0.383618980475881,1.36360514280066,9.49169427045443,0.496001063581206,0.629471287279811,1.73444655406887,0.815091726429226,-0.204454624308378
"1974","TUN","Tunisia",2020,3.799102708,8.76e-12,81.75261547,11955.56592,12161723,0.622158825,0.733,"TUN2020","4","TUN",2020,-0.474559873178948,1.3347649093757,9.38895221628772,0.481900585011693,0.658015331333072,2.12294058808931,0.876416278354996,-0.131914097317626
"1975","TZA","Tanzania",2000,2.710623879,1.92e-11,7.971761651,1839.936646,34463704,0.276330352,0.414,"TZA2000","10","TZA",2000,-1.28615820147544,0.997178822049649,7.51748641848851,0.343831513237616,1.44222538374372,0.207009601713502,0.468226979621622,-0.758802101447084
"1976","TZA","Tanzania",2001,2.739424647,1.99e-11,14.83793215,1899.745361,35414469,0.30101195,0.422,"TZA2001","10","TZA",2001,-1.20060531402465,1.00774791550378,7.54947513564666,0.347484772445049,1.49480651752604,0.385309365620353,0.584938367347355,-0.536248792262291
"1977","TZA","Tanzania",2002,2.662720785,1.75e-11,5.79403726,1982.644287,36353531,0.328119129,0.433,"TZA2002","10","TZA",2002,-1.11437853836775,0.979348451541205,7.59218673118851,0.337755202382987,1.31452834455808,0.150458756547912,0.405754324140103,-0.902007415490551
"1978","TZA","Tanzania",2003,2.877125034,1.95e-11,8.78922224,2059.837402,37333918,0.334641993,0.444,"TZA2003","10","TZA",2003,-1.09469399621209,1.05679154347907,7.63038232760044,0.364951501341823,1.46476015536472,0.228237304993385,0.495978404990064,-0.701222891531514
"1979","TZA","Tanzania",2004,2.829387786,1.79e-11,6.580453363,2155.241455,38360879,0.336610436,0.455,"TZA2004","10","TZA",2004,-1.08882899354681,1.04006035821709,7.67565804034491,0.358896227371576,1.34457470671941,0.170880300917931,0.435259852157998,-0.831812064959928
"1980","TZA","Tanzania",2005,2.822899165,1.67e-11,7.014079546,2253.093262,39439505,0.361814052,0.465,"TZA2005","10","TZA",2005,-1.01662486763752,1.03776442954025,7.72005933416051,0.358073172430409,1.25443562023542,0.182140645540016,0.434119216964359,-0.834436089136809
"1981","TZA","Tanzania",2006,2.748198556,1.6e-11,4.419114004,2334.104492,40562052,0.360668331,0.477,"TZA2006","10","TZA",2006,-1.01979649365188,1.01094562648057,7.75538358133881,0.348597706789003,1.2018544864531,0.114754939992447,0.363621260811737,-1.01164244530871
"1982","TZA","Tanzania",2007,2.800008376,1.58e-11,5.608874293,2423.615967,41716497,0.365809828,0.486,"TZA2007","10","TZA",2007,-1.00564167624577,1.02962240860526,7.79301590518249,0.355169569801491,1.18683130537244,0.145650470283363,0.394498671100419,-0.930139507268627
"1983","TZA","Tanzania",2008,2.744687109,1.58e-11,6.789915278,2493.259277,42870884,0.348924488,0.495,"TZA2008","10","TZA",2008,-1.05289974695255,1.00966708267227,7.82134608012134,0.348152294149862,1.18683130537244,0.176319578896452,0.417656839911795,-0.873095140776064
"1984","TZA","Tanzania",2009,2.737793075,1.56e-11,5.904134494,2560.811035,43957933,0.320496053,0.504,"TZA2009","10","TZA",2009,-1.13788531782985,1.00715214877291,7.84807929784662,0.347277814233671,1.17180812429177,0.15331774626159,0.396620651479324,-0.924774992947708
"1985","TZA","Tanzania",2010,2.764371997,1.51e-11,6.736411982,2654.803467,45110527,0.318409175,0.513,"TZA2010","10","TZA",2010,-1.14441800947231,1.01681348331836,7.88412590720733,0.350649241395619,1.13425017159011,0.174930212721168,0.411290672590932,-0.888455081875669
"1986","TZA","Tanzania",2011,2.890756828,1.5e-11,3.850442502,2779.707764,46416031,0.342336714,0.516,"TZA2011","10","TZA",2011,-1.07196048240531,1.06151834604092,7.93010108029579,0.366680638458734,1.12673858104978,0.0999877572430646,0.345689342409251,-1.06221476154554
"1987","TZA","Tanzania",2012,2.785233006,1.5e-11,4.234507832,2822.485352,47786137,0.337849736,0.519,"TZA2012","10","TZA",2012,-1.08515405039613,1.02433153451151,7.94537310628493,0.353295374762813,1.12673858104978,0.10996111250329,0.352425031656778,-1.04291735549958
"1988","TZA","Tanzania",2013,2.926134385,1.47e-11,4.782746692,2924.863281,49253643,0.345177501,0.521,"TZA2013","10","TZA",2013,-1.06369649860611,1.07368222943118,7.98100301703508,0.371168136356247,1.10420380942879,0.124197703237062,0.370604905884319,-0.992618727538196
"1989","TZA","Tanzania",2014,2.872446021,1.42e-11,4.461061083,3027.569092,50814552,0.350467175,0.521,"TZA2014","10","TZA",2014,-1.04848822881893,1.0551639389193,8.0155152966367,0.364357987747882,1.06664585672713,0.115844215926299,0.355746770898699,-1.03353611893686
"1990","TZA","Tanzania",2015,2.767545977,1.38e-11,4.421179054,3111.44458,52542823,0.36168021,0.52,"TZA2015","10","TZA",2015,-1.0169948553722,1.01796099865146,8.04284239250564,0.35105184773095,1.0365994945658,0.114808564924644,0.346991509439162,-1.05845496780967
"1991","TZA","Tanzania",2016,2.751621629,1.34e-11,3.727267296,3214.246826,54401802,0.362269402,0.52,"TZA2016","10","TZA",2016,-1.01536713951927,1.01219042115635,8.07534834048623,0.349031909548977,1.00655313240447,0.0967891605650217,0.323973524380395,-1.12709348140398
"1992","TZA","Tanzania",2017,2.513281773,1.28e-11,2.396261166,3319.376709,56267032,0.347625226,0.528,"TZA2017","10","TZA",2017,-1.05663031630237,0.92158937841984,8.10753230603249,0.3187994770864,0.96148358916248,0.0622257778508676,0.267183685924509,-1.31981889485537
"1993","TZA","Tanzania",2018,2.442937988,1.24e-11,2.96847064,3392.688721,58090443,0.381854206,0.537,"TZA2018","10","TZA",2018,-0.96271640291202,0.893201408408614,8.12937801904905,0.309876656686716,0.931437227001153,0.0770848341668042,0.28125729689279,-1.26848538129236
"1994","TZA","Tanzania",2019,2.477364719,1.22e-11,3.511967145,3484.632568,59872579,0.376358241,0.546,"TZA2019","10","TZA",2019,-0.977213820571148,0.907195381896652,8.15611788521156,0.314243546208814,0.916414045920489,0.0911982760831988,0.297245241607681,-1.21319775158755
"1995","TZA","Tanzania",2020,2.464368145,1.17e-11,2.803084813,3449.821533,61704518,0.35806331,0.554,"TZA2020","10","TZA",2020,-1.027045464641,0.901935444007539,8.14607777912217,0.312594984141629,0.87885609321883,0.0727901179327791,0.271429720031988,-1.30405203119507
"1996","UKR","Ukraine",2000,4.854877052,4.65e-12,5.609328107,10364.0625,49176500,0.241048962,0.716,"UKR2000","2","UKR",2000,-1.42275520430032,1.57998377742675,9.24609957215397,0.615821227099776,0.349288960125432,0.145662254862419,0.315255143421037,-1.15437298889816
"1997","UKR","Ukraine",2001,5.408404632,4.5e-12,4.819673195,11379.38574,48662400,0.251794904,0.728,"UKR2001","2","UKR",2001,-1.37914039586104,1.68795415694763,9.3395587290706,0.686033928657017,0.338021574314934,0.125156605549168,0.307313234476851,-1.17988774381291
"1998","UKR","Ukraine",2002,5.556408386,4.34e-12,5.387216404,12092.78906,48202470,0.255029023,0.736,"UKR2002","2","UKR",2002,-1.36637792461395,1.71495192579055,9.40036460848421,0.704807597367351,0.326003029450403,0.139894488942302,0.317953985323184,-1.14584860691361
"1999","UKR","Ukraine",2003,6.023886224,4.22e-12,4.913088569,13342.87988,47812949,0.27123937,0.745,"UKR2003","2","UKR",2003,-1.30475356383547,1.79573260320103,9.49873817922869,0.764105242344893,0.316989120802005,0.127582403034374,0.313807104380773,-1.15897679910273
"2000","UKR","Ukraine",2004,5.303038591,3.77e-12,5.616292155,15021.06641,47451626,0.292739362,0.751,"UKR2004","2","UKR",2004,-1.22847261533706,1.6682799753301,9.61720892213201,0.672668678833329,0.283186963370512,0.145843096295707,0.302868039461171,-1.19445808166571
"2001","UKR","Ukraine",2005,5.886636588,4.17e-12,7.182608173,15610.57324,47105171,0.328871757,0.757,"UKR2005","2","UKR",2005,-1.11208740055969,1.77268479686838,9.65570373544893,0.746695689362352,0.313233325531839,0.186516973568867,0.352027551668031,-1.04404583466294
"2002","UKR","Ukraine",2006,6.386680433,4.27e-12,7.052977407,16901.50781,46787786,0.359780461,0.762,"UKR2006","2","UKR",2006,-1.02226126410982,1.85421463935245,9.73515811645797,0.810124198659973,0.320744916072171,0.183150739803447,0.362387621458132,-1.01504086252104
"2003","UKR","Ukraine",2007,6.892460816,4.31e-12,7.877589546,18374.01367,46509355,0.399338633,0.77,"UKR2007","2","UKR",2007,-0.917945517777439,1.93042817887971,9.8186926448172,0.874280364257152,0.323749552288304,0.204564153542566,0.38686829970059,-0.949670954722423
"2004","UKR","Ukraine",2008,7.047798694,3.66e-12,10.33163576,18883.98633,46258189,0.421979517,0.776,"UKR2008","2","UKR",2008,-0.86279850403882,1.95271532608068,9.84606955777267,0.893984336493818,0.274924213776147,0.268290485511227,0.404001264323844,-0.90633727151142
"2005","UKR","Ukraine",2009,5.672293422,4.24e-12,13.12341512,16092.7959,46053331,0.366823912,0.773,"UKR2009","2","UKR",2009,-1.00287334988496,1.73559351955611,9.68612699120529,0.719507138531349,0.318491438910071,0.340787025007372,0.427436862910116,-0.849948690611576
"2006","UKR","Ukraine",2010,5.917684043,3.67e-12,11.40508261,16811.79492,45870741,0.367509454,0.782,"UKR2010","2","UKR",2010,-1.00100623549006,1.77794516340103,9.72983599762091,0.75063393159416,0.27567537283018,0.296165604538555,0.394263821970443,-0.930734994855774
"2007","UKR","Ukraine",2011,6.252249466,4.03e-12,13.6147516,17783.95703,45706086,0.41051656,0.786,"UKR2011","2","UKR",2011,-0.890339009855829,1.8329413135546,9.78605203942429,0.793072182270795,0.302717098775375,0.353545982623642,0.439472656244847,-0.822179779389993
"2008","UKR","Ukraine",2012,6.359276419,3.92e-12,9.34939035,17848.74023,45593342,0.382039636,0.789,"UKR2012","2","UKR",2012,-0.962230916595868,1.84991460028218,9.78968820936709,0.806648111964433,0.29445434918101,0.242783672837832,0.386343720163485,-0.951027839002837
"2009","UKR","Ukraine",2013,6.48477215,3.85e-12,9.380496523,17889.0918,45489648,0.372689575,0.789,"UKR2013","2","UKR",2013,-0.98700944444703,1.86945668222441,9.79194640942319,0.822566730341878,0.289196235802777,0.243591433627162,0.386968186703419,-0.949412794232089
"2010","UKR","Ukraine",2014,5.443221541,3.64e-12,6.443389239,16978.8125,45272155,0.382952392,0.788,"UKR2014","2","UKR",2014,-0.959844600399796,1.69437108062633,9.73972152220185,0.690450310656921,0.27342189566808,0.167321038742187,0.31611038021219,-1.15166382191887
"2011","UKR","Ukraine",2015,4.285513928,3.18e-12,5.108333676,15403.70996,45154036,0.348302305,0.778,"UKR2015","2","UKR",2015,-1.05468448377391,1.45524048138069,9.64236366588192,0.543599851783464,0.238868579182554,0.132652500913117,0.258256503014415,-1.35380199021747
"2012","UKR","Ukraine",2016,4.658051023,3.33e-12,5.788610579,15856.8125,45004673,0.357337415,0.78,"UKR2016","2","UKR",2016,-1.02907480351011,1.53859712524501,9.67135449768881,0.590854653197761,0.250135964993051,0.15031783724781,0.281118292436504,-1.26897972870628
"2013","UKR","Ukraine",2017,4.630139201,3.44e-12,6.563671703,16310.36035,44831135,0.346462876,0.785,"UKR2017","2","UKR",2017,-1.05997960606322,1.532586932657,9.69955578917848,0.58731415314173,0.258398714587417,0.170444517096891,0.295743097330113,-1.21826411593916
"2014","UKR","Ukraine",2018,5.119307143,3.47e-12,8.415399691,16978.98438,44622518,0.341909885,0.784,"UKR2018","2","UKR",2018,-1.07320807079226,1.63301910626154,9.73973164535564,0.649363098784177,0.260652191749516,0.218529932850577,0.333185919397604,-1.09905462829305
"2015","UKR","Ukraine",2019,5.093873737,3.58e-12,9.248168787,17636.55469,44386203,0.33665961,0.789,"UKR2019","2","UKR",2019,-1.08868291843065,1.62803858963837,9.77772899812656,0.646136975625035,0.268914941343881,0.240155165318566,0.346851693949831,-1.05885798535179
"2016","UKR","Ukraine",2020,4.690167635,3.43e-12,6.704644591,17092.53906,44132049,0.341806144,0.783,"UKR2020","2","UKR",2020,-1.07351153303798,1.54546832488978,9.74639733499815,0.594928513606642,0.257647555533383,0.174105281514455,0.298836920310132,-1.20785727140839
"2017","URY","Uruguay",2000,7.044271054,1.66e-11,5.450852231,18752.05781,3292224,0.720915616,0.764,"URY2000","1","URY",2000,-0.327233185994593,1.95221467001855,9.83905877524315,0.893536869839091,1.24692402969509,0.141546975278283,0.54027850366082,-0.615670524855821
"2018","URY","Uruguay",2001,6.81398279,1.7e-11,5.033392994,17986.90076,3300939,0.698741198,0.771,"URY2001","1","URY",2001,-0.358474851372132,1.91897679355317,9.79739903639469,0.864325748773783,1.27697039185642,0.130706451669282,0.524467322951539,-0.645372154418265
"2019","URY","Uruguay",2002,6.295884337,1.62e-11,4.013275116,16572.78818,3306441,0.662849545,0.775,"URY2002","1","URY",2002,-0.411207245167325,1.83989614007596,9.71551736301248,0.798607086556886,1.21687766753376,0.104216171995766,0.466127865097665,-0.763295293872565
"2020","URY","Uruguay",2003,5.483207633,1.35e-11,3.686629408,16694.43892,3310202,0.6524297,0.78,"URY2003","1","URY",2003,-0.427051885053203,1.70169026420756,9.72283094414604,0.695522382303353,1.0140647229448,0.0957338815216119,0.407205983559669,-0.898436119453813
"2021","URY","Uruguay",2004,5.989722434,1.43e-11,4.013926147,17519.37963,3313801,0.638572574,0.779,"URY2004","1","URY",2004,-0.448519946695427,1.79004507282333,9.77106295461689,0.759771705809398,1.07415744726746,0.104233077878545,0.439796944128516,-0.821442149206407
"2022","URY","Uruguay",2005,5.898498947,1.34e-11,4.181598374,18811.3196,3317665,0.660194039,0.778,"URY2005","1","URY",2005,-0.415221488685903,1.77469790277978,9.8422140740077,0.748200380912196,1.00655313240447,0.108587167030888,0.434054614363844,-0.834584913250837
"2023","URY","Uruguay",2006,6.380611972,1.35e-11,4.39996131,19560.08176,3322282,0.661045194,0.777,"URY2006","1","URY",2006,-0.413933069304332,1.85326401313281,9.88124612353917,0.80935443929025,1.0140647229448,0.114257585489107,0.454321361063061,-0.788950487592784
"2024","URY","Uruguay",2007,6.431625011,1.34e-11,5.205958641,20803.89318,3328651,0.680898607,0.78,"URY2007","1","URY",2007,-0.384341872317015,1.86122722964852,9.94289542029028,0.815825233903294,1.00655313240447,0.135187612473986,0.480607170067067,-0.732705036800071
"2025","URY","Uruguay",2008,8.009406623,1.35e-11,6.163012511,22249.38352,3336126,0.700057149,0.783,"URY2008","1","URY",2008,-0.356593305842641,2.08061667881065,10.0100695802442,1.01596035534721,1.0140647229448,0.160040254728062,0.548349211568205,-0.600842947602784
"2026","URY","Uruguay",2009,7.229770185,1.14e-11,4.798925298,23138.08207,3344156,0.704233885,0.787,"URY2009","1","URY",2009,-0.350644754986576,1.97820724935842,10.0492351135615,0.917066673221301,0.856321321597834,0.12461782703541,0.460828447766475,-0.77472943590169
"2027","URY","Uruguay",2010,7.473696582,1.17e-11,5.268792898,24879.83502,3352651,0.739666045,0.796,"URY2010","1","URY",2010,-0.301556485186686,2.01138973377148,10.1218129158022,0.948007735479651,0.87885609321883,0.136819283751301,0.484870379306461,-0.723873682926684
"2028","URY","Uruguay",2011,8.127672563,1.25e-11,6.439117602,26099.32153,3361637,0.765914977,0.801,"URY2011","1","URY",2011,-0.266684111485618,2.09527460496068,10.1696645979538,1.03096190441114,0.938948817541485,0.167210113464595,0.544982252467842,-0.60700204912831
"2029","URY","Uruguay",2012,8.156792303,1.07e-11,6.69142829,26953.28111,3371133,0.777166903,0.804,"URY2012","1","URY",2012,-0.252100147305842,2.09885099156936,10.2018603169784,1.03465562390754,0.803740187815511,0.17376208244179,0.524753696428677,-0.64482627613531
"2030","URY","Uruguay",2013,8.330431255,1.12e-11,7.528011142,28119.48333,3381180,0.779865324,0.812,"URY2013","1","URY",2013,-0.248634035744681,2.11991522614719,10.2442179720005,1.05668101226396,0.84129814051717,0.195486349997022,0.558046116429454,-0.583313674084891
"2031","URY","Uruguay",2014,8.511185902,1.03e-11,6.752070192,28935.09744,3391662,0.802226722,0.816,"URY2014","1","URY",2014,-0.220364015305941,2.14138128681297,10.2728105815502,1.07960899732461,0.773693825654183,0.175336822948312,0.527112020007103,-0.640342191345501
"2032","URY","Uruguay",2015,8.53466559,9.64e-12,7.140035607,28941.62941,3402818,0.802103758,0.818,"URY2015","1","URY",2015,-0.220517305418887,2.14413617445948,10.2730363016413,1.08258729937453,0.724117328087993,0.185411455075288,0.525778484247754,-0.642875287554501
"2033","URY","Uruguay",2016,8.271468193,8.93e-12,6.190296984,29332.56726,3413766,0.814921916,0.821,"URY2016","1","URY",2016,-0.204662978920167,2.11281202568488,10.2864536883148,1.04920178986441,0.670785035251636,0.160748774141458,0.483648693848419,-0.726396474970441
"2034","URY","Uruguay",2017,8.185292851,8.58e-12,6.428900862,29762.43332,3422200,0.817457318,0.827,"URY2017","1","URY",2017,-0.201556587971292,2.102338989169,10.3010022503894,1.03827080144024,0.644494468360475,0.166944806576256,0.481616010765027,-0.730608140596133
"2035","URY","Uruguay",2018,8.175075361,9.19e-12,5.933938977,29757.93885,3427042,0.806184173,0.826,"URY2018","1","URY",2018,-0.215443060096835,2.10108993521178,10.3008512274759,1.03697475477164,0.690315170656499,0.154091704945406,0.479584296267053,-0.734835599761325
"2036","URY","Uruguay",2019,8.519898493,1.02e-11,8.338160309,30010.57426,3428409,0.837328732,0.83,"URY2019","1","URY",2019,-0.177538535300186,2.14240442680312,10.3093050738728,1.08071415373194,0.766182235113851,0.216524191283729,0.563875355877007,-0.572922052126298
"2037","URY","Uruguay",2020,8.275710632,8.84e-12,4.759734108,27788.1855,3429086,0.84273994,0.837,"URY2020","1","URY",2020,-0.171096862049865,2.11332479455476,10.2323662273339,1.04973992583837,0.664024603765338,0.12360011564516,0.441666969481396,-0.817199143611904
"2038","USA","United States",2000,29.9690332,1.82e-11,45.81002319,55038.6225,286380414,1,0.895,"USA2000","1","USA",2000,0,3.40016462188265,10.9157904450411,3.80144885288393,1.3671094783404,1.18958833319591,1.83533936967449,0.607229407008663
"2039","USA","United States",2001,29.25972083,1.72e-11,46.21194761,55017.30498,289195605,1,0.897,"USA2001","1","USA",2001,0,3.37621185453484,10.9154030507271,3.71147549013719,1.29199357293708,1.20002545083009,1.79197715606929,0.583319566742293
"2040","USA","United States",2002,28.75447417,1.65e-11,48.20307961,55436.11698,291855305,1,0.898,"USA2002","1","USA",2002,0,3.35879337843966,10.9229865913676,3.64738702511188,1.23941243915476,1.25173089064681,1.78198026415055,0.577725253875363
"2041","USA","United States",2003,29.14186153,1.62e-11,48.47842812,56498.20783,294338482,1,0.9,"USA2003","1","USA",2003,0,3.37217568101905,10.9419641968084,3.6965255216882,1.21687766753376,1.25888110259279,1.7824134392954,0.577968310722066
"2042","USA","United States",2004,29.36246007,1.62e-11,51.9583973,58131.63368,297034170,1,0.905,"USA2004","1","USA",2004,0,3.37971699008628,10.9704652642055,3.72450754103579,1.21687766753376,1.3492484599556,1.82867237099973,0.603590223237114
"2043","USA","United States",2005,29.48716577,1.57e-11,52.61277696,59604.75364,299737123,1,0.907,"USA2005","1","USA",2005,0,3.38395511003624,10.9954906089333,3.74032594722358,1.1793197148321,1.36624130027328,1.81979641908658,0.598724637187435
"2044","USA","United States",2006,28.89133316,1.59e-11,48.85044565,60676.56557,302581067,1,0.911,"USA2006","1","USA",2006,0,3.36354165948475,11.0133128328165,3.66474702625274,1.19434289591277,1.26854160225237,1.77075814781146,0.571407786974603
"2045","USA","United States",2007,28.56519095,1.47e-11,47.07549814,61306.59694,305406735,1,0.914,"USA2007","1","USA",2007,0,3.35218887690815,11.023642733426,3.6233772255719,1.10420380942879,1.22245001131007,1.69745381539127,0.529129372652761
"2046","USA","United States",2008,27.29047783,1.36e-11,43.70812039,60798.43384,308243877,1,0.914,"USA2008","1","USA",2008,0,3.30653784391104,11.015319308412,3.46168509838709,1.02157631348514,1.13500641259698,1.58922563868524,0.463246877904713
"2047","USA","United States",2009,25.10142782,1.26e-11,41.82477081,58714.97369,310897345,1,0.915,"USA2009","1","USA",2009,0,3.2229247297788,10.9804500617023,3.18401308962105,0.946460408081816,1.08609985172481,1.4847352406964,0.395236467265941
"2048","USA","United States",2010,25.90114132,1.26e-11,46.12763326,59789.41291,313430866,1,0.919,"USA2010","1","USA",2010,0,3.25428703414386,10.9985838826262,3.28545346465493,0.946460408081816,1.19783598747477,1.55011901182622,0.43833170980695
"2049","USA","United States",2011,24.8930062,1.24e-11,45.30665949,60245.4844,315642982,1,0.92,"USA2011","1","USA",2011,0,3.21458688851574,11.0061829008263,3.15757566259504,0.931437227001153,1.17651705439759,1.51252256142112,0.413778827453668
"2050","USA","United States",2012,24.20821027,1.26e-11,44.02792531,61134.53061,317892780,1,0.923,"USA2012","1","USA",2012,0,3.18669184297986,11.0208321346229,3.07071210963404,0.946460408081816,1.14331106243644,1.4922284632162,0.400270615539085
"2051","USA","United States",2013,24.55309759,1.21e-11,43.76716979,61958.72344,320033255,1,0.925,"USA2013","1","USA",2013,0,3.20083802102658,11.0342236913489,3.11445965057868,0.908902455380157,1.13653979923228,1.47625555422338,0.389508850909067
"2052","USA","United States",2014,24.69017712,1.22e-11,46.02675936,63018.80339,322300701,1,0.926,"USA2014","1","USA",2014,0,3.20640547708591,11.0511884273493,3.13184762631332,0.916414045920489,1.1952165080201,1.50815616831129,0.410887824111935
"2053","USA","United States",2015,24.4812843,1.28e-11,46.86275064,64359.47259,324590798,1,0.928,"USA2015","1","USA",2015,0,3.19790891950327,11.0722394063866,3.10535042950136,0.96148358916248,1.21692541371563,1.53734787176565,0.430058770610067
"2054","USA","United States",2016,24.04356389,1.29e-11,46.98250549,65017.65496,326855870,1,0.929,"USA2016","1","USA",2016,0,3.17986734701541,11.0824141267664,3.04982739212562,0.968995179702812,1.22003519106311,1.53340336412812,0.427489686041464
"2055","USA","United States",2017,23.64982734,1.32e-11,47.25847254,66155.55557,328823493,1,0.931,"USA2017","1","USA",2017,0,3.16335581427704,11.0997641504459,2.99988352685819,0.991529951323808,1.22720146517008,1.53972099596958,0.431601228563685
"2056","USA","United States",2018,24.21456235,1.31e-11,49.55258124,67719.76564,330405960,1,0.934,"USA2018","1","USA",2018,0,3.18695420218371,11.1231333755205,3.07151784490979,0.984018360783476,1.2867745619416,1.57260470452782,0.452733292131163
"2057","USA","United States",2019,23.87453548,1.29e-11,49.47079743,69112.60269,331896119,1,0.936,"USA2019","1","USA",2019,0,3.17281242984244,11.1434923764834,3.02838683209783,0.968995179702812,1.28465081129828,1.55634552194291,0.442340458908942
"2058","USA","United States",2020,21.79362877,1.22e-11,49.44284835,67342.07093,335164366,1,0.925,"USA2020","1","USA",2020,0,3.0816176688224,11.1175404455834,2.76443235706031,0.916414045920489,1.28392503346242,1.48165056318901,0.39315671174984
"2059","ZAF","South Africa",2000,8.51875916,7.41e-11,23.46952594,11197.5149,46813266,0.759705186,0.618,"ZAF2000","6","ZAF",2000,-0.274824834117427,2.14227069173726,9.32344714873473,1.08056963401731,5.56608859038592,0.609453396870521,1.54187011801166,0.432996042029204
"2060","ZAF","South Africa",2001,8.544053056,7.3e-11,22.91467091,11401.43105,47229714,0.793716252,0.613,"ZAF2001","6","ZAF",2001,-0.23102924684447,2.14523549193639,9.34149415720602,1.08377806090557,5.48346109444227,0.595044998351152,1.5235205278876,0.421023793516029
"2061","ZAF","South Africa",2002,8.665994034,7.26e-11,23.2541551,11711.88395,47661514,0.839659572,0.614,"ZAF2002","6","ZAF",2002,-0.174758740718009,2.15940663487991,9.36835932751129,1.09924577345553,5.45341473228094,0.603860676746543,1.5354418030935,0.428818159231932
"2062","ZAF","South Africa",2003,9.349120844,7.25e-11,23.50616255,11937.71542,48104048,0.869929016,0.61,"ZAF2003","6","ZAF",2003,-0.139343661466816,2.23528231150007,9.38745803028062,1.18589760539546,5.44590314174061,0.61040477128138,1.57971354359763,0.457243529081281
"2063","ZAF","South Africa",2004,10.02633644,7.17e-11,25.12469244,12356.31634,48556071,0.870162725,0.613,"ZAF2004","6","ZAF",2004,-0.139075044593466,2.30521527503074,9.42192265584736,1.2717996241022,5.38581041741795,0.652434531146099,1.64715915460965,0.49905207956244
"2064","ZAF","South Africa",2005,10.10219752,7.02e-11,26.40265403,12877.30631,49017147,0.905608892,0.616,"ZAF2005","6","ZAF",2005,-0.09914775267683,2.31275297641856,9.4632218403637,1.28142229072678,5.27313655931298,0.685620460597196,1.66704895696583,0.511054971643254
"2065","ZAF","South Africa",2006,10.07348937,6.94e-11,26.55215389,13460.68942,49491756,0.88282311,0.622,"ZAF2006","6","ZAF",2006,-0.124630426872417,2.30990715812931,9.50752882179787,1.27778077973249,5.21304383499032,0.689502652241868,1.66224316699151,0.508167995593532
"2066","ZAF","South Africa",2007,10.19164931,6.77e-11,25.84557726,14033.40084,49996094,0.870117605,0.632,"ZAF2007","6","ZAF",2007,-0.139126898308332,2.32156868987833,9.5491955414421,1.2927688831315,5.08534679580468,0.671154368241427,1.64016659369613,0.494797818199084
"2067","ZAF","South Africa",2008,10.24892996,6.64e-11,26.23058431,14315.18965,50565812,0.809452474,0.643,"ZAF2008","6","ZAF",2008,-0.211397217902975,2.32717330598863,9.56907646578536,1.30003469847435,4.98769611878036,0.681152177956096,1.64071453848615,0.495131841147823
"2068","ZAF","South Africa",2009,10.08434943,6.65e-11,25.89767353,13927.72889,51170779,0.754676342,0.657,"ZAF2009","6","ZAF",2009,-0.281466307737979,2.31098466064915,9.54163701615232,1.27915833376815,4.9952077093207,0.672507196960548,1.62576685127046,0.485979612942042
"2069","ZAF","South Africa",2010,10.15799716,6.57e-11,26.25853683,14182.33428,51784921,0.726980269,0.669,"ZAF2010","6","ZAF",2010,-0.318855942119536,2.31826129279642,9.55975240430961,1.28850024602997,4.93511498499804,0.6818780451214,1.6306577906983,0.488983485988873
"2070","ZAF","South Africa",2011,9.811596945,6.4e-11,27.89167681,14451.92918,52443325,0.702800691,0.683,"ZAF2011","6","ZAF",2011,-0.352681939459661,2.2835650477906,9.57858319189571,1.24456080056429,4.8074179458124,0.724287197778364,1.63034532476269,0.488791848063055
"2071","ZAF","South Africa",2012,10.07373439,6.33e-11,26.97072404,14581.58896,53145033,0.689932048,0.696,"ZAF2012","6","ZAF",2012,-0.37116216739984,2.30993148108348,9.58751498179188,1.2778118595138,4.75483681203008,0.700372023885687,1.62048036683912,0.482722628030313
"2072","ZAF","South Africa",2013,9.922963767,6.18e-11,22.83662719,14699.06681,53873616,0.677748561,0.705,"ZAF2013","6","ZAF",2013,-0.388978913807387,2.29485164350954,9.59553928843881,1.25868722482749,4.6421629539251,0.593018369846596,1.51322015609753,0.414239933868784
"2073","ZAF","South Africa",2014,9.665289161,6.01e-11,22.62959151,14661.26243,54729551,0.670055509,0.713,"ZAF2014","6","ZAF",2014,-0.400394720775204,2.26854103057798,9.59296408564847,1.22600225868731,4.51446591473946,0.587642096002294,1.481620059516,0.393136123908298
"2074","ZAF","South Africa",2015,8.984670167,5.89e-11,24.6938321,14559.47438,55876504,0.656102955,0.722,"ZAF2015","6","ZAF",2015,-0.421437558754845,2.19551981026845,9.58599722082432,1.13966853291359,4.42432682825547,0.641246009551709,1.47871159382965,0.391171163922222
"2075","ZAF","South Africa",2016,8.794779906,5.83e-11,23.11522447,14519.03086,56422274,0.653566897,0.722,"ZAF2016","6","ZAF",2016,-0.425310383903778,2.17415835297588,9.58321554097217,1.11558173271437,4.37925728501348,0.600252945401678,1.43134849281324,0.358617001892084
"2076","ZAF","South Africa",2017,8.993435203,5.83e-11,26.56976997,14591.43668,56641209,0.655071497,0.726,"ZAF2017","6","ZAF",2017,-0.423010893578747,2.19649488928975,9.58819010685402,1.14078034175391,4.37925728501348,0.689960104165822,1.51057452501383,0.412490058604231
"2077","ZAF","South Africa",2018,8.952464078,5.72e-11,27.87645142,14571.37563,57339635,0.617754996,0.732,"ZAF2018","6","ZAF",2018,-0.481663346732118,2.19192881037193,9.5868143099692,1.13558332271452,4.29662978906983,0.723891826960995,1.52290754414829,0.420621365667356
"2078","ZAF","South Africa",2019,8.905782077,5.66e-11,27.38884126,14370.23804,58087055,0.597779512,0.742,"ZAF2019","6","ZAF",2019,-0.514533302051493,2.18670073736591,9.57291454400198,1.12966190249494,4.25156024582784,0.711229633906039,1.50603669792314,0.409481496891659
"2079","ZAF","South Africa",2020,8.100830707,5.51e-11,26.78299566,13266.78581,58801927,0.610596895,0.724,"ZAF2020","6","ZAF",2020,-0.493318283856425,2.0919666128396,9.49301888321736,1.02755712515051,4.13888638772286,0.695497119331905,1.43547270377072,0.361494205261111
"2080","ZMB","Zambia",2000,3.400238681,1.49e-11,1.613276292,2220.565371,9891136,0.202770069,0.429,"ZMB2000","10","ZMB",2000,-1.5956826069148,1.22384562945231,7.70551711406463,0.43130632033265,1.11922699050945,0.0418933351599721,0.272447594498764,-1.30030899713951
"2081","ZMB","Zambia",2001,3.461589156,1.48e-11,1.994688385,2268.969656,10191964,0.219036862,0.437,"ZMB2001","10","ZMB",2001,-1.51851524369509,1.24172777726821,7.72708111139822,0.439088376272067,1.11171539996912,0.0517977915295047,0.293507318833433,-1.22585270362478
"2082","ZMB","Zambia",2002,3.35495428,1.42e-11,2.019285336,2299.332892,10508294,0.235600233,0.445,"ZMB2002","10","ZMB",2002,-1.44561883824085,1.21043814290903,7.74037431288897,0.42556217993659,1.06664585672713,0.0524365217440788,0.287655302419189,-1.24599238226307
"2083","ZMB","Zambia",2003,3.254892268,1.39e-11,1.936442548,2383.876117,10837973,0.261208266,0.458,"ZMB2003","10","ZMB",2003,-1.34243723583251,1.18015917772417,7.77648306248941,0.412869724421053,1.04411108510613,0.050285271706822,0.278826158304754,-1.27716677987452
"2084","ZMB","Zambia",2004,3.083769493,1.34e-11,1.701010319,2471.720733,11188040,0.269452363,0.468,"ZMB2004","10","ZMB",2004,-1.311363664925,1.12615271004129,7.81266984010838,0.391163502789383,1.00655313240447,0.0441716002136837,0.259087257948743,-1.35059037074476
"2085","ZMB","Zambia",2005,3.094262504,1.29e-11,1.928284652,2564.47561,11564870,0.295285732,0.48,"ZMB2005","10","ZMB",2005,-1.21981180836536,1.1295495914737,7.84950929615824,0.392494498165946,0.968995179702812,0.0500734285941308,0.267046878803751,-1.32033105994954
"2086","ZMB","Zambia",2006,2.949580113,1.26e-11,1.804992791,2673.461519,11971567,0.304021001,0.492,"ZMB2006","10","ZMB",2006,-1.19065849772514,1.08166282564493,7.89112936079352,0.374142130719556,0.946460408081816,0.0468718026352156,0.255084208941395,-1.36616155719529
"2087","ZMB","Zambia",2007,2.922465876,1.21e-11,2.005997134,2796.352933,12402073,0.363614172,0.504,"ZMB2007","10","ZMB",2007,-1.0116619405407,1.07242773799138,7.9360713232131,0.37070280104707,0.908902455380157,0.0520914555562101,0.259878217339251,-1.34754215254678
"2088","ZMB","Zambia",2008,2.828331602,1.16e-11,1.624014909,2908.143625,12852966,0.339274645,0.514,"ZMB2008","10","ZMB",2008,-1.08094533736408,1.03968699787882,7.97527022704864,0.358762254766306,0.871344502678498,0.0421721940779184,0.236233206913102,-1.44293579698402
"2089","ZMB","Zambia",2009,2.675145369,1.08e-11,1.326024372,3065.844201,13318087,0.327678889,0.526,"ZMB2009","10","ZMB",2009,-1.11572114707973,0.984003722422814,8.02807824307214,0.339331209866417,0.811251778355843,0.0344340171128527,0.211635760330133,-1.55288859360701
"2090","ZMB","Zambia",2010,2.829746301,1.09e-11,1.99723667,3266.507493,13792086,0.313653588,0.533,"ZMB2010","10","ZMB",2010,-1.15946612500219,1.04018706134692,8.09147664817072,0.358941703527794,0.818763368896174,0.0518639650412073,0.24794156983046,-1.39456216609884
"2091","ZMB","Zambia",2011,2.941865797,1.09e-11,2.012238182,3335.643395,14265814,0.325551212,0.538,"ZMB2011","10","ZMB",2011,-1.12223549637577,1.07904400489134,8.11242086178164,0.373163601398531,0.818763368896174,0.0522535222257012,0.251801173653412,-1.3791154963287
"2092","ZMB","Zambia",2012,3.094831734,1.07e-11,2.228375432,3474.552528,14744658,0.318285882,0.551,"ZMB2012","10","ZMB",2012,-1.14480530006043,1.129733537615,8.1532209807866,0.392566702655029,0.803740187815511,0.0578661443783391,0.263320434770124,-1.33438360527444
"2093","ZMB","Zambia",2013,3.288127697,1.04e-11,2.781248697,3535.22449,15234976,0.319650352,0.557,"ZMB2013","10","ZMB",2013,-1.14052753056557,1.19031831372689,8.17053208126482,0.417085502174176,0.781205416194515,0.0722230806988494,0.286564320522723,-1.24979226358238
"2094","ZMB","Zambia",2014,3.168798075,1e-11,2.136546966,3585.577485,15737793,0.313084364,0.559,"ZMB2014","10","ZMB",2014,-1.1612825912133,1.1533523598399,8.18467482374315,0.401949029414455,0.751159054033188,0.0554815555001409,0.255868706176656,-1.36309083256102
"2095","ZMB","Zambia",2015,3.11902749,9.5e-12,1.910975382,3576.925448,16248230,0.299947083,0.565,"ZMB2015","10","ZMB",2015,-1.20414920988448,1.13752125130917,8.18225889699541,0.395635834991633,0.713601101331528,0.0496239438697346,0.241072388008956,-1.42265802540968
"2096","ZMB","Zambia",2016,3.031067146,9.43e-12,1.53369694,3598.17166,16767761,0.289706022,0.565,"ZMB2016","10","ZMB",2016,-1.23888858740182,1.10891475091508,8.1881811232112,0.384478426390341,0.708342987953296,0.0398268295764701,0.221358958910147,-1.5079696466671
"2097","ZMB","Zambia",2017,3.078388707,9.12e-12,1.864725855,3612.505977,17298054,0.288090587,0.57,"ZMB2017","10","ZMB",2017,-1.24448031010851,1.12440631301838,8.19215698695219,0.390480972170834,0.685057057278267,0.0484229425625133,0.234851100292494,-1.44880358143391
"2098","ZMB","Zambia",2018,2.908602046,8.73e-12,1.495054104,3646.959665,17835893,0.280607343,0.575,"ZMB2018","10","ZMB",2018,-1.27079894273244,1.06767256919243,8.20164913097236,0.368944231115956,0.655761854170973,0.0388233577668937,0.210992324146513,-1.55593352462033
"2099","ZMB","Zambia",2019,2.745098064,8.5e-12,1.584332437,3591.564189,18380477,0.264661044,0.578,"ZMB2019","10","ZMB",2019,-1.32930535096127,1.00981679891355,8.18634309383183,0.348204422104838,0.638485195928209,0.0411417251447815,0.209132985631833,-1.56478493447794
"2100","ZMB","Zambia",2020,2.27991983,7.79e-12,0.921985698,3391.595412,18927715,0.263913006,0.578,"ZMB2020","10","ZMB",2020,-1.33213575286764,0.82414028006744,8.12905571267507,0.289198472455923,0.585152903091853,0.0239419968238241,0.159419671242367,-1.83621511219521
"2101","ZWE","Zimbabwe",2000,4.159968028,1.27e-11,8.669007621,4071.018795,11834676,0.494176149,0.458,"ZWE2000","9","ZWE",2000,-0.70486324842958,1.42550738866671,8.31164856529409,0.527674869674289,0.953971998622148,0.225115588428238,0.483915132050279,-0.725845734644145
"2102","ZWE","Zimbabwe",2001,4.318057187,1.31e-11,8.741927923,4102.083474,11910978,0.604525745,0.456,"ZWE2001","9","ZWE",2001,-0.503311020917712,1.46280557586782,8.31925028801084,0.547727830613114,0.984018360783476,0.227009172724245,0.496444235424984,-0.700284117162286
"2103","ZWE","Zimbabwe",2002,4.172829394,1.33e-11,9.6038193,3701.455163,11984644,0.625441015,0.459,"ZWE2002","9","ZWE",2002,-0.469298254081301,1.42859431747628,8.21648130861244,0.529306281161638,0.99904154186414,0.249390648549063,0.509006802668342,-0.675293897750114
"2104","ZWE","Zimbabwe",2003,4.166107259,1.41e-11,13.52444325,3036.053357,12075828,0.471294552,0.45,"ZWE2003","9","ZWE",2003,-0.752272004635495,1.42698208878676,8.01831371313052,0.528453605928035,1.05913426618679,0.351200867907053,0.581439441393356,-0.542248454504435
"2105","ZWE","Zimbabwe",2004,4.419965865,1.33e-11,12.44917738,2828.843352,12160881,0.217603266,0.453,"ZWE2004","9","ZWE",2004,-1.52508175492181,1.48613197320911,7.94762319755214,0.560654528131071,0.99904154186414,0.32327851282047,0.56574219828872,-0.569616784596769
"2106","ZWE","Zimbabwe",2005,4.465147273,1.36e-11,11.31576554,2642.172286,12224753,0.065553546,0.455,"ZWE2005","9","ZWE",2005,-2.72488797412573,1.49630219765909,7.87935669340279,0.566385604287818,1.02157631348514,0.29384623124362,0.553988881689008,-0.590610661589657
"2107","ZWE","Zimbabwe",2006,4.303221294,1.31e-11,11.07796307,2519.827374,12330490,0.221184805,0.457,"ZWE2006","9","ZWE",2006,-1.50875670518352,1.45936388037514,7.83194567577812,0.545845958480303,0.984018360783476,0.287671009660696,0.536607163741157,-0.622488990835304
"2108","ZWE","Zimbabwe",2007,4.330747451,1.3e-11,11.32678991,2395.988843,12450568,0.251419246,0.459,"ZWE2007","9","ZWE",2007,-1.38063343046582,1.46574014859509,7.78155130271365,0.549337538514054,0.976506770243144,0.294132510555867,0.540363312411195,-0.615513564891312
"2109","ZWE","Zimbabwe",2008,4.098969563,1.31e-11,6.771116014,1949.034894,12550347,0.189713046,0.456,"ZWE2008","9","ZWE",2008,-1.66224263266098,1.410735616025,7.57508960288757,0.51993746475854,0.984018360783476,0.175831402214368,0.448074523110537,-0.802795714172274
"2110","ZWE","Zimbabwe",2009,4.457374489,1.3e-11,7.960289645,2176.864511,12679810,0.335900009,0.488,"ZWE2009","9","ZWE",2009,-1.0909417555702,1.4945599130957,7.68564082273369,0.565399658540976,0.976506770243144,0.206711698251647,0.485063524996092,-0.723475417248318
"2111","ZWE","Zimbabwe",2010,4.67708786,1.29e-11,7.039523047,2563.478351,12839771,0.314039439,0.512,"ZWE2010","9","ZWE",2010,-1.15823669905032,1.54267566411359,7.8491203460935,0.593269397834108,0.968995179702812,0.182801358847663,0.471901105197469,-0.750985838236287
"2112","ZWE","Zimbabwe",2011,4.58409548,1.25e-11,5.229807279,2875.902061,13025785,0.367378205,0.529,"ZWE2011","9","ZWE",2011,-1.00136343022531,1.52259280816585,7.96412166436679,0.581473696120315,0.938948817541485,0.135806910600288,0.420111549280983,-0.86723500944229
"2113","ZWE","Zimbabwe",2012,4.969817356,1.27e-11,7.025767155,3301.166232,13265331,0.443682253,0.545,"ZWE2012","9","ZWE",2012,-0.812646619143429,1.60338309013749,8.10203108865858,0.630400932887247,0.953971998622148,0.182444147750693,0.478733850889203,-0.73661047088033
"2114","ZWE","Zimbabwe",2013,4.786871055,1.24e-11,7.006679032,3319.772086,13555422,0.445935339,0.554,"ZWE2013","9","ZWE",2013,-0.807581317293291,1.56587697355291,8.10765141075892,0.607194945512392,0.931437227001153,0.181948470018132,0.468608378237482,-0.757987873773605
"2115","ZWE","Zimbabwe",2014,4.608054417,1.25e-11,7.669265379,3352.381349,13855753,0.457426757,0.56,"ZWE2014","9","ZWE",2014,-0.782138501072043,1.52780573256865,8.11742622273236,0.584512788938797,0.938948817541485,0.199154420446425,0.478125561530433,-0.737881899959291
"2116","ZWE","Zimbabwe",2015,5.055224428,1.22e-11,9.272775093,3366.633713,14154937,0.458447605,0.567,"ZWE2015","9","ZWE",2015,-0.779909268624641,1.62042224871737,8.12166862589551,0.641234469415298,0.916414045920489,0.240794138462484,0.521096515617275,-0.65182000368062
"2117","ZWE","Zimbabwe",2016,4.542186109,1.2e-11,6.887949345,3345.315023,14452704,0.465819716,0.57,"ZWE2016","9","ZWE",2016,-0.763956595248619,1.513408417965,8.11531614540745,0.576157664426872,0.901390864839825,0.178865313961358,0.452890845014615,-0.792104142767323
"2118","ZWE","Zimbabwe",2017,4.546425441,1.18e-11,6.766126728,3453.505739,14751101,0.457030416,0.575,"ZWE2017","9","ZWE",2017,-0.783005334503984,1.51434130684118,8.14714515032003,0.576695406290644,0.886367683759161,0.175701841127006,0.447829026442641,-0.803343756814059
"2119","ZWE","Zimbabwe",2018,4.488129368,1.13e-11,6.383400303,3572.98134,15052184,0.311593324,0.586,"ZWE2018","9","ZWE",2018,-1.16605639011878,1.5014359931169,8.18115563550767,0.569300788708069,0.848809731057502,0.165763254366256,0.431069007854705,-0.841487090662995
"2120","ZWE","Zimbabwe",2019,4.248398314,1.1e-11,5.571295122,3294.803892,15354608,0.383651674,0.584,"ZWE2019","9","ZWE",2019,-0.958020237015969,1.44654204460988,8.10010192832171,0.538891888489394,0.826274959436506,0.144674619579089,0.400872436490255,-0.914112015775033
"2121","ZWE","Zimbabwe",2020,4.263008538,1.12e-11,6.700295166,2987.268413,15669666,0.386659116,0.582,"ZWE2020","9","ZWE",2020,-0.950211811326709,1.44997514059599,8.00211467457395,0.540745135435818,0.84129814051717,0.17399233624886,0.429362610979282,-0.845453470036279
